# https://github.com/mikedh/trimesh
v -11.70320350 0.00000131 25.61544491
v -11.20287895 0.00000131 25.11205203
v -11.20287895 -0.50076383 25.61544491
v -11.20287895 0.00000131 26.11883778
v -11.70320350 0.50076646 25.61544491
v -11.20287895 0.50076646 25.11205203
v -11.20287895 0.50076646 26.11883778
v -11.70320350 1.00153160 25.61544491
v -11.20287895 1.00153160 25.11205203
v -11.20287895 1.00153160 26.11883778
v -11.20287895 1.50229675 25.61544491
v -10.70255440 -0.50076383 25.11205203
v -10.70255440 -1.00152898 25.61544491
v -10.70255440 -1.00152898 26.11883778
v -11.20287895 -0.50076383 26.11883778
v -10.70255440 -0.50076383 26.62223066
v -10.70255440 0.00000131 24.60865916
v -10.70255440 0.00000131 26.62223066
v -10.70255440 0.50076646 24.60865916
v -10.70255440 0.50076646 26.62223066
v -10.70255440 1.00153160 24.60865916
v -10.70255440 1.00153160 26.62223066
v -10.70255440 1.50229675 25.11205203
v -10.70255440 1.50229675 26.11883778
v -10.70255440 2.00306189 25.61544491
v -10.20222986 -1.00152898 25.61544491
v -10.20222986 -1.50229412 26.11883778
v -10.20222986 -1.00152898 26.62223066
v -10.20222986 -0.50076383 25.11205203
v -10.20222986 -1.00152898 27.12562353
v -10.70255440 -0.50076383 27.12562353
v -10.20222986 -0.50076383 27.62901641
v -10.20222986 0.00000131 24.60865916
v -10.70255440 0.00000131 27.12562353
v -10.20222986 0.00000131 27.62901641
v -10.20222986 0.50076646 24.60865916
v -10.70255440 0.50076646 27.12562353
v -10.20222986 0.50076646 27.62901641
v -10.20222986 1.00153160 24.60865916
v -10.20222986 1.00153160 27.12562353
v -10.20222986 1.50229675 25.11205203
v -10.20222986 1.50229675 26.62223066
v -10.20222986 2.00306189 25.61544491
v -10.20222986 2.00306189 26.11883778
v -9.70190531 -1.00152898 25.61544491
v -9.70190531 -1.50229412 26.11883778
v -9.70190531 -1.50229412 26.62223066
v -9.70190531 -1.50229412 27.12562353
v -9.70190531 -1.00152898 27.62901641
v -9.70190531 -0.50076383 25.11205203
v -9.70190531 -0.50076383 28.13240928
v -9.70190531 0.00000131 25.11205203
v -9.70190531 0.00000131 28.13240928
v -9.70190531 0.50076646 25.11205203
v -9.70190531 0.50076646 28.13240928
v -9.70190531 1.00153160 25.11205203
v -9.70190531 1.00153160 27.62901641
v -9.70190531 1.50229675 25.61544491
v -9.70190531 1.50229675 27.12562353
v -9.70190531 2.00306189 26.11883778
v -9.70190531 2.00306189 26.62223066
v -9.20158076 -1.50229412 26.11883778
v -9.20158076 -2.00305927 26.62223066
v -9.20158076 -2.00305927 27.12562353
v -9.20158076 -1.50229412 27.62901641
v -9.20158076 -1.00152898 25.61544491
v -9.20158076 -1.00152898 28.13240928
v -9.20158076 -0.50076383 25.11205203
v -9.20158076 -0.50076383 28.63580216
v -9.20158076 0.00000131 25.11205203
v -9.20158076 0.00000131 28.63580216
v -9.20158076 0.50076646 25.11205203
v -9.20158076 0.50076646 28.63580216
v -9.20158076 1.00153160 25.11205203
v -9.20158076 1.00153160 28.13240928
v -9.20158076 1.50229675 25.61544491
v -9.70190531 1.50229675 27.62901641
v -9.20158076 1.50229675 28.13240928
v -9.20158076 2.00306189 26.11883778
v -9.20158076 2.00306189 27.12562353
v -9.20158076 2.00306189 27.62901641
v -9.20158076 2.50382704 26.62223066
v -8.70125622 -1.50229412 26.11883778
v -8.70125622 -2.00305927 26.62223066
v -8.70125622 -2.00305927 27.12562353
v -8.70125622 -2.00305927 27.62901641
v -8.70125622 -1.50229412 28.13240928
v -8.70125622 -1.00152898 25.61544491
v -8.70125622 -1.00152898 28.63580216
v -8.70125622 -0.50076383 25.11205203
v -8.70125622 -0.50076383 28.63580216
v -8.70125622 0.00000131 25.11205203
v -8.70125622 0.00000131 29.13919503
v -8.70125622 0.50076646 25.11205203
v -8.70125622 0.50076646 29.13919503
v -8.70125622 1.00153160 25.11205203
v -8.70125622 1.00153160 28.63580216
v -8.70125622 1.50229675 25.11205203
v -8.70125622 1.50229675 28.63580216
v -8.70125622 2.00306189 25.61544491
v -8.70125622 2.00306189 28.13240928
v -8.70125622 2.50382704 26.11883778
v -8.70125622 2.50382704 26.62223066
v -8.70125622 2.50382704 27.12562353
v -8.70125622 2.50382704 27.62901641
v -8.20093167 -2.00305927 26.11883778
v -8.20093167 -2.50382441 26.62223066
v -8.20093167 -2.50382441 27.12562353
v -8.20093167 -2.50382441 27.62901641
v -8.20093167 -2.00305927 28.13240928
v -8.20093167 -1.50229412 25.61544491
v -8.20093167 -1.50229412 28.63580216
v -8.20093167 -1.00152898 25.61544491
v -8.20093167 -1.00152898 29.13919503
v -8.20093167 -0.50076383 25.11205203
v -8.20093167 -0.50076383 29.13919503
v -8.20093167 0.00000131 25.11205203
v -8.20093167 0.00000131 29.13919503
v -8.20093167 0.50076646 25.11205203
v -8.20093167 0.50076646 29.13919503
v -8.20093167 1.00153160 25.11205203
v -8.20093167 1.00153160 29.13919503
v -8.20093167 1.50229675 25.61544491
v -8.20093167 1.50229675 29.13919503
v -8.20093167 2.00306189 26.11883778
v -8.20093167 2.00306189 28.63580216
v -8.20093167 2.50382704 26.62223066
v -8.20093167 2.50382704 27.12562353
v -8.20093167 2.50382704 27.62901641
v -8.20093167 2.50382704 28.13240928
v -7.70060712 -2.50382441 27.12562353
v -7.70060712 -3.00458956 27.62901641
v -7.70060712 -2.50382441 28.13240928
v -7.70060712 -2.00305927 26.11883778
v -7.70060712 -2.50382441 26.62223066
v -7.70060712 -2.00305927 28.63580216
v -7.70060712 -1.50229412 25.61544491
v -7.70060712 -1.50229412 29.13919503
v -7.70060712 -1.00152898 25.61544491
v -7.70060712 -1.00152898 29.13919503
v -7.70060712 -0.50076383 25.61544491
v -7.70060712 -0.50076383 29.64258791
v -7.70060712 0.00000131 25.11205203
v -7.70060712 0.00000131 29.64258791
v -7.70060712 0.50076646 25.11205203
v -7.70060712 0.50076646 29.64258791
v -7.70060712 1.00153160 25.61544491
v -7.70060712 1.00153160 29.64258791
v -7.70060712 1.50229675 25.61544491
v -7.70060712 1.50229675 29.64258791
v -7.70060712 2.00306189 26.11883778
v -7.70060712 2.00306189 29.13919503
v -7.70060712 2.50382704 26.62223066
v -7.70060712 2.50382704 28.13240928
v -7.70060712 2.50382704 28.63580216
v -7.70060712 3.00459218 27.12562353
v -7.70060712 3.00459218 27.62901641
v -7.20028257 -2.50382441 26.62223066
v -7.20028257 -3.00458956 27.12562353
v -7.20028257 -3.00458956 27.62901641
v -7.20028257 -3.00458956 28.13240928
v -7.20028257 -2.50382441 28.63580216
v -7.20028257 -2.00305927 26.11883778
v -7.20028257 -2.00305927 29.13919503
v -7.20028257 -1.50229412 26.11883778
v -7.20028257 -1.50229412 29.13919503
v -7.20028257 -1.00152898 25.61544491
v -7.20028257 -1.00152898 29.64258791
v -7.20028257 -0.50076383 25.61544491
v -7.20028257 -0.50076383 29.64258791
v -7.20028257 0.00000131 25.61544491
v -7.20028257 0.00000131 29.64258791
v -7.20028257 0.50076646 25.61544491
v -7.20028257 0.50076646 29.64258791
v -7.20028257 1.00153160 25.61544491
v -7.20028257 1.00153160 29.64258791
v -7.20028257 1.50229675 25.61544491
v -7.20028257 1.50229675 29.64258791
v -7.20028257 2.00306189 26.11883778
v -7.20028257 2.00306189 29.13919503
v -7.20028257 2.50382704 26.62223066
v -7.20028257 2.50382704 28.63580216
v -7.20028257 3.00459218 27.12562353
v -7.20028257 3.00459218 27.62901641
v -7.20028257 3.00459218 28.13240928
v -6.69995803 -2.50382441 26.62223066
v -6.69995803 -3.00458956 27.12562353
v -6.69995803 -3.00458956 27.62901641
v -6.69995803 -3.00458956 28.13240928
v -6.69995803 -2.50382441 28.63580216
v -6.69995803 -2.00305927 26.11883778
v -6.69995803 -2.00305927 29.13919503
v -6.69995803 -1.50229412 26.11883778
v -6.69995803 -1.50229412 29.64258791
v -6.69995803 -1.00152898 25.61544491
v -6.69995803 -1.00152898 29.64258791
v -6.69995803 -0.50076383 25.61544491
v -6.69995803 -0.50076383 30.14598078
v -6.69995803 0.00000131 25.61544491
v -6.69995803 0.00000131 30.14598078
v -6.69995803 0.50076646 25.61544491
v -6.69995803 0.50076646 30.14598078
v -6.69995803 1.00153160 25.61544491
v -6.69995803 1.00153160 30.14598078
v -6.69995803 1.50229675 26.11883778
v -6.69995803 1.50229675 29.64258791
v -6.69995803 2.00306189 26.62223066
v -6.69995803 2.00306189 29.64258791
v -6.69995803 2.50382704 27.12562353
v -6.69995803 2.50382704 29.13919503
v -6.69995803 3.00459218 27.62901641
v -6.69995803 3.00459218 28.13240928
v -6.69995803 3.00459218 28.63580216
v -6.19963348 -2.50382441 26.62223066
v -6.19963348 -3.00458956 27.12562353
v -6.19963348 -3.00458956 27.62901641
v -6.19963348 -3.00458956 28.13240928
v -6.19963348 -3.00458956 28.63580216
v -6.19963348 -2.50382441 29.13919503
v -6.19963348 -2.00305927 26.11883778
v -6.19963348 -2.00305927 29.64258791
v -6.19963348 -1.50229412 26.11883778
v -6.19963348 -1.50229412 29.64258791
v -6.19963348 -1.00152898 26.11883778
v -6.19963348 -1.00152898 30.14598078
v -6.19963348 -0.50076383 25.61544491
v -6.19963348 -0.50076383 30.14598078
v -6.19963348 0.00000131 25.61544491
v -6.19963348 0.00000131 30.14598078
v -6.19963348 0.50076646 26.11883778
v -6.19963348 0.50076646 30.14598078
v -6.19963348 1.00153160 26.11883778
v -6.19963348 1.00153160 30.14598078
v -6.19963348 1.50229675 26.11883778
v -6.19963348 1.50229675 30.14598078
v -6.19963348 2.00306189 26.62223066
v -6.19963348 2.00306189 30.14598078
v -6.19963348 2.50382704 27.12562353
v -6.19963348 2.50382704 29.64258791
v -6.19963348 3.00459218 27.62901641
v -6.19963348 3.00459218 28.13240928
v -6.19963348 3.00459218 28.63580216
v -6.19963348 3.00459218 29.13919503
v -5.69930893 -3.00458956 27.62901641
v -5.69930893 -3.50535470 28.13240928
v -5.69930893 -3.00458956 28.63580216
v -5.69930893 -2.50382441 27.12562353
v -5.69930893 -2.50382441 29.13919503
v -5.69930893 -2.00305927 26.62223066
v -5.69930893 -2.00305927 29.64258791
v -5.69930893 -1.50229412 26.11883778
v -5.69930893 -1.50229412 30.14598078
v -5.69930893 -1.00152898 26.11883778
v -5.69930893 -1.00152898 30.14598078
v -5.69930893 -0.50076383 26.11883778
v -5.69930893 -0.50076383 30.14598078
v -5.69930893 0.00000131 26.11883778
v -5.69930893 0.00000131 30.64937366
v -5.69930893 0.50076646 26.11883778
v -5.69930893 0.50076646 30.64937366
v -5.69930893 1.00153160 26.11883778
v -5.69930893 1.00153160 30.64937366
v -5.69930893 1.50229675 26.62223066
v -5.69930893 1.50229675 30.64937366
v -5.69930893 2.00306189 26.62223066
v -5.69930893 2.00306189 30.14598078
v -5.69930893 2.50382704 27.12562353
v -5.69930893 2.50382704 29.64258791
v -5.69930893 3.00459218 27.62901641
v -5.69930893 3.00459218 28.13240928
v -5.69930893 3.00459218 28.63580216
v -5.69930893 3.00459218 29.13919503
v -5.19898438 -3.00458956 27.62901641
v -5.19898438 -3.50535470 28.13240928
v -5.19898438 -3.00458956 28.63580216
v -5.19898438 -2.50382441 27.12562353
v -5.19898438 -2.50382441 29.13919503
v -5.19898438 -2.00305927 26.62223066
v -5.19898438 -2.00305927 29.64258791
v -5.19898438 -1.50229412 26.11883778
v -5.19898438 -1.50229412 30.14598078
v -5.19898438 -1.00152898 26.11883778
v -5.19898438 -1.00152898 30.64937366
v -5.19898438 -0.50076383 26.11883778
v -5.19898438 -0.50076383 30.64937366
v -5.19898438 0.00000131 26.11883778
v -5.19898438 0.00000131 30.64937366
v -5.19898438 0.50076646 26.62223066
v -5.19898438 0.50076646 30.64937366
v -5.19898438 1.00153160 26.62223066
v -5.19898438 1.00153160 30.64937366
v -5.19898438 1.50229675 26.62223066
v -5.19898438 1.50229675 30.64937366
v -5.19898438 2.00306189 26.62223066
v -5.19898438 2.00306189 30.64937366
v -5.19898438 2.50382704 27.12562353
v -5.19898438 2.50382704 30.14598078
v -5.19898438 3.00459218 27.62901641
v -5.19898438 3.00459218 29.64258791
v -5.19898438 3.50535733 28.13240928
v -5.19898438 3.50535733 28.63580216
v -5.19898438 3.50535733 29.13919503
v -4.69865984 -3.00458956 27.62901641
v -4.69865984 -3.50535470 28.13240928
v -4.69865984 -3.00458956 28.63580216
v -4.69865984 -2.50382441 27.12562353
v -4.69865984 -3.00458956 29.13919503
v -4.69865984 -2.50382441 29.64258791
v -4.69865984 -2.00305927 26.62223066
v -4.69865984 -2.00305927 30.14598078
v -4.69865984 -1.50229412 26.11883778
v -4.69865984 -1.50229412 30.14598078
v -4.69865984 -1.00152898 26.11883778
v -4.69865984 -1.00152898 30.64937366
v -4.69865984 -0.50076383 26.11883778
v -4.69865984 -0.50076383 30.64937366
v -4.69865984 0.00000131 26.62223066
v -4.69865984 0.00000131 31.15276653
v -4.69865984 0.50076646 26.62223066
v -4.69865984 0.50076646 31.15276653
v -4.69865984 1.00153160 26.62223066
v -4.69865984 1.00153160 31.15276653
v -4.69865984 1.50229675 26.62223066
v -4.69865984 1.50229675 31.15276653
v -4.69865984 2.00306189 26.62223066
v -4.69865984 2.00306189 30.64937366
v -4.69865984 2.50382704 27.12562353
v -4.69865984 2.50382704 30.64937366
v -4.69865984 3.00459218 27.62901641
v -4.69865984 3.00459218 30.14598078
v -4.69865984 3.50535733 28.13240928
v -4.69865984 3.50535733 28.63580216
v -4.69865984 3.50535733 29.13919503
v -4.69865984 3.50535733 29.64258791
v -4.19833529 -3.00458956 28.13240928
v -4.19833529 -2.50382441 27.12562353
v -4.19833529 -3.00458956 27.62901641
v -4.19833529 -3.00458956 28.63580216
v -4.19833529 -3.00458956 29.13919503
v -4.19833529 -2.50382441 29.64258791
v -4.19833529 -2.00305927 26.62223066
v -4.19833529 -2.00305927 30.14598078
v -4.19833529 -1.50229412 26.62223066
v -4.19833529 -1.50229412 30.64937366
v -4.19833529 -1.00152898 26.62223066
v -4.19833529 -1.00152898 30.64937366
v -4.19833529 -0.50076383 26.62223066
v -4.19833529 -0.50076383 31.15276653
v -4.19833529 0.00000131 26.62223066
v -4.19833529 0.00000131 31.15276653
v -4.19833529 0.50076646 26.62223066
v -4.19833529 0.50076646 31.15276653
v -4.19833529 1.00153160 26.62223066
v -4.19833529 1.00153160 31.15276653
v -4.19833529 1.50229675 26.62223066
v -4.19833529 1.50229675 31.15276653
v -4.19833529 2.00306189 26.62223066
v -4.19833529 2.00306189 31.15276653
v -4.19833529 2.50382704 27.12562353
v -4.19833529 2.50382704 30.64937366
v -4.19833529 3.00459218 27.62901641
v -4.19833529 3.00459218 30.14598078
v -4.19833529 3.50535733 28.13240928
v -4.19833529 3.50535733 28.63580216
v -4.19833529 3.50535733 29.13919503
v -4.19833529 3.50535733 29.64258791
v -3.69801074 -2.50382441 27.12562353
v -3.69801074 -3.00458956 27.62901641
v -3.69801074 -3.00458956 28.13240928
v -3.69801074 -3.00458956 28.63580216
v -3.69801074 -3.00458956 29.13919503
v -3.69801074 -2.50382441 29.64258791
v -3.69801074 -2.00305927 26.62223066
v -3.69801074 -2.00305927 30.14598078
v -3.69801074 -1.50229412 26.62223066
v -3.69801074 -1.50229412 30.64937366
v -3.69801074 -1.00152898 26.62223066
v -3.69801074 -1.00152898 31.15276653
v -3.69801074 -0.50076383 26.62223066
v -3.69801074 -0.50076383 31.15276653
v -3.69801074 0.00000131 26.62223066
v -3.69801074 0.00000131 31.65615941
v -3.69801074 0.50076646 26.62223066
v -3.69801074 0.50076646 31.65615941
v -3.69801074 1.00153160 26.62223066
v -3.69801074 1.00153160 31.15276653
v -3.69801074 1.50229675 26.62223066
v -3.69801074 1.50229675 31.15276653
v -3.69801074 2.00306189 26.62223066
v -3.69801074 2.00306189 31.15276653
v -3.69801074 2.50382704 27.12562353
v -3.69801074 2.50382704 31.15276653
v -3.69801074 3.00459218 27.62901641
v -3.69801074 3.00459218 30.64937366
v -3.69801074 3.50535733 28.13240928
v -3.69801074 3.50535733 28.63580216
v -3.69801074 3.50535733 29.13919503
v -3.69801074 3.50535733 29.64258791
v -3.69801074 3.50535733 30.14598078
v -3.19768620 -2.50382441 27.62901641
v -3.19768620 -3.00458956 28.13240928
v -3.19768620 -3.00458956 28.63580216
v -3.19768620 -3.00458956 29.13919503
v -3.19768620 -3.00458956 29.64258791
v -3.19768620 -2.50382441 30.14598078
v -3.19768620 -2.00305927 27.12562353
v -3.19768620 -2.00305927 30.64937366
v -3.19768620 -1.50229412 26.62223066
v -3.19768620 -1.50229412 31.15276653
v -3.19768620 -1.00152898 26.62223066
v -3.19768620 -1.00152898 31.15276653
v -3.19768620 -0.50076383 26.62223066
v -3.19768620 -0.50076383 31.65615941
v -3.19768620 0.00000131 26.62223066
v -3.19768620 0.00000131 31.65615941
v -3.19768620 0.50076646 26.62223066
v -3.19768620 0.50076646 31.65615941
v -3.19768620 1.00153160 26.62223066
v -3.19768620 1.00153160 31.65615941
v -3.19768620 1.50229675 26.62223066
v -3.19768620 1.50229675 31.65615941
v -3.19768620 2.00306189 26.62223066
v -3.19768620 2.00306189 31.65615941
v -3.19768620 2.50382704 27.12562353
v -3.19768620 2.50382704 31.65615941
v -3.19768620 3.00459218 27.62901641
v -3.19768620 3.00459218 31.15276653
v -3.19768620 3.50535733 28.13240928
v -3.19768620 3.50535733 30.14598078
v -3.19768620 3.50535733 30.64937366
v -3.19768620 4.00612247 28.63580216
v -3.19768620 4.00612247 29.13919503
v -3.19768620 4.00612247 29.64258791
v -2.69736165 -2.50382441 27.62901641
v -2.69736165 -3.00458956 28.13240928
v -2.69736165 -3.00458956 28.63580216
v -2.69736165 -3.00458956 29.13919503
v -2.69736165 -3.00458956 29.64258791
v -2.69736165 -2.50382441 30.14598078
v -2.69736165 -2.00305927 27.12562353
v -2.69736165 -2.00305927 30.64937366
v -2.69736165 -1.50229412 27.12562353
v -2.69736165 -1.50229412 31.15276653
v -2.69736165 -1.00152898 26.62223066
v -2.69736165 -1.00152898 31.65615941
v -2.69736165 -0.50076383 26.62223066
v -2.69736165 -0.50076383 31.65615941
v -2.69736165 0.00000131 26.62223066
v -2.69736165 0.00000131 32.15955228
v -2.69736165 0.50076646 26.62223066
v -2.69736165 0.50076646 32.15955228
v -2.69736165 1.00153160 26.62223066
v -2.69736165 1.00153160 32.15955228
v -2.69736165 1.50229675 26.62223066
v -2.69736165 1.50229675 32.15955228
v -2.69736165 2.00306189 26.62223066
v -2.69736165 2.00306189 31.65615941
v -2.69736165 2.50382704 27.12562353
v -2.69736165 2.50382704 31.65615941
v -2.69736165 3.00459218 27.62901641
v -2.69736165 3.00459218 31.15276653
v -2.69736165 3.50535733 28.13240928
v -2.69736165 3.50535733 30.64937366
v -2.69736165 4.00612247 28.63580216
v -2.69736165 4.00612247 29.13919503
v -2.69736165 4.00612247 29.64258791
v -2.69736165 4.00612247 30.14598078
v -2.19703710 -2.50382441 27.62901641
v -2.19703710 -3.00458956 28.13240928
v -2.19703710 -3.00458956 28.63580216
v -2.19703710 -3.00458956 29.13919503
v -2.19703710 -3.00458956 29.64258791
v -2.19703710 -3.00458956 30.14598078
v -2.19703710 -2.50382441 30.64937366
v -2.19703710 -2.00305927 27.12562353
v -2.19703710 -2.00305927 31.15276653
v -2.19703710 -1.50229412 27.12562353
v -2.19703710 -1.50229412 31.65615941
v -2.19703710 -1.00152898 27.12562353
v -2.19703710 -1.00152898 31.65615941
v -2.19703710 -0.50076383 27.12562353
v -2.19703710 -0.50076383 32.15955228
v -2.19703710 0.00000131 26.62223066
v -2.19703710 0.00000131 32.15955228
v -2.19703710 0.50076646 26.62223066
v -2.19703710 0.50076646 32.15955228
v -2.19703710 1.00153160 26.62223066
v -2.19703710 1.00153160 32.15955228
v -2.19703710 1.50229675 26.62223066
v -2.19703710 1.50229675 32.15955228
v -2.19703710 2.00306189 27.12562353
v -2.19703710 2.00306189 32.15955228
v -2.19703710 2.50382704 27.12562353
v -2.19703710 2.50382704 32.15955228
v -2.19703710 3.00459218 27.62901641
v -2.19703710 3.00459218 31.65615941
v -2.19703710 3.50535733 28.13240928
v -2.19703710 3.50535733 31.15276653
v -2.19703710 4.00612247 28.63580216
v -2.19703710 4.00612247 29.13919503
v -2.19703710 4.00612247 29.64258791
v -2.19703710 4.00612247 30.14598078
v -2.19703710 4.00612247 30.64937366
v -1.69671255 -2.50382441 28.13240928
v -1.69671255 -3.00458956 28.63580216
v -1.69671255 -3.00458956 29.13919503
v -1.69671255 -3.00458956 29.64258791
v -1.69671255 -3.00458956 30.14598078
v -1.69671255 -2.50382441 30.64937366
v -1.69671255 -2.00305927 27.62901641
v -1.69671255 -2.00305927 31.15276653
v -1.69671255 -1.50229412 27.12562353
v -1.69671255 -1.50229412 31.65615941
v -1.69671255 -1.00152898 27.12562353
v -1.69671255 -1.00152898 32.15955228
v -1.69671255 -0.50076383 27.12562353
v -1.69671255 -0.50076383 32.15955228
v -1.69671255 0.00000131 27.12562353
v -1.69671255 0.00000131 32.66294516
v -1.69671255 0.50076646 26.62223066
v -1.69671255 0.50076646 32.66294516
v -1.69671255 1.00153160 26.62223066
v -1.69671255 1.00153160 32.66294516
v -1.69671255 1.50229675 27.12562353
v -1.69671255 1.50229675 32.66294516
v -1.69671255 2.00306189 27.12562353
v -1.69671255 2.00306189 32.15955228
v -1.69671255 2.50382704 27.12562353
v -1.69671255 2.50382704 32.15955228
v -1.69671255 3.00459218 27.62901641
v -1.69671255 3.00459218 31.65615941
v -1.69671255 3.50535733 28.13240928
v -1.69671255 3.50535733 31.15276653
v -1.69671255 4.00612247 28.63580216
v -1.69671255 4.00612247 29.13919503
v -1.69671255 4.00612247 29.64258791
v -1.69671255 4.00612247 30.14598078
v -1.69671255 4.00612247 30.64937366
v -1.19638801 -3.00458956 28.63580216
v -1.19638801 -3.50535470 29.13919503
v -1.19638801 -3.50535470 29.64258791
v -1.19638801 -3.00458956 30.14598078
v -1.19638801 -2.50382441 28.13240928
v -1.19638801 -3.00458956 30.64937366
v -1.19638801 -2.50382441 31.15276653
v -1.19638801 -2.00305927 27.62901641
v -1.19638801 -2.00305927 31.65615941
v -1.19638801 -1.50229412 27.12562353
v -1.19638801 -1.50229412 32.15955228
v -1.19638801 -1.00152898 27.12562353
v -1.19638801 -1.00152898 32.66294516
v -1.19638801 -0.50076383 27.12562353
v -1.19638801 -0.50076383 32.66294516
v -1.19638801 0.00000131 27.12562353
v -1.19638801 0.00000131 32.66294516
v -1.19638801 0.50076646 27.12562353
v -1.19638801 0.50076646 32.66294516
v -1.19638801 1.00153160 27.12562353
v -1.19638801 1.00153160 32.66294516
v -1.19638801 1.50229675 27.12562353
v -1.19638801 1.50229675 32.66294516
v -1.19638801 2.00306189 27.12562353
v -1.19638801 2.00306189 32.66294516
v -1.19638801 2.50382704 27.12562353
v -1.19638801 2.50382704 32.66294516
v -1.19638801 3.00459218 27.62901641
v -1.19638801 3.00459218 32.15955228
v -1.19638801 3.50535733 28.13240928
v -1.19638801 3.50535733 31.65615941
v -1.19638801 4.00612247 28.63580216
v -1.19638801 4.00612247 29.13919503
v -1.19638801 4.00612247 30.64937366
v -1.19638801 4.00612247 31.15276653
v -1.19638801 4.50688761 29.64258791
v -1.19638801 4.50688761 30.14598078
v -0.69606346 -3.00458956 28.63580216
v -0.69606346 -3.50535470 29.13919503
v -0.69606346 -3.50535470 29.64258791
v -0.69606346 -3.50535470 30.14598078
v -0.69606346 -3.00458956 30.64937366
v -0.69606346 -2.50382441 28.13240928
v -0.69606346 -3.00458956 31.15276653
v -0.69606346 -2.50382441 31.65615941
v -0.69606346 -2.00305927 27.62901641
v -0.69606346 -2.00305927 32.15955228
v -0.69606346 -1.50229412 27.12562353
v -0.69606346 -1.50229412 32.66294516
v -0.69606346 -1.00152898 27.12562353
v -0.69606346 -1.00152898 32.66294516
v -0.69606346 -0.50076383 27.12562353
v -0.69606346 -0.50076383 33.16633803
v -0.69606346 0.00000131 27.12562353
v -0.69606346 0.00000131 33.16633803
v -0.69606346 0.50076646 27.12562353
v -0.69606346 0.50076646 33.16633803
v -0.69606346 1.00153160 27.12562353
v -0.69606346 1.00153160 33.16633803
v -0.69606346 1.50229675 27.12562353
v -0.69606346 1.50229675 33.16633803
v -0.69606346 2.00306189 27.12562353
v -0.69606346 2.00306189 32.66294516
v -0.69606346 2.50382704 27.12562353
v -0.69606346 2.50382704 32.66294516
v -0.69606346 3.00459218 27.62901641
v -0.69606346 3.00459218 32.15955228
v -0.69606346 3.50535733 28.13240928
v -0.69606346 3.50535733 31.65615941
v -0.69606346 4.00612247 28.63580216
v -0.69606346 4.00612247 29.13919503
v -0.69606346 4.00612247 31.15276653
v -0.69606346 4.50688761 29.64258791
v -0.69606346 4.50688761 30.14598078
v -0.69606346 4.50688761 30.64937366
v -0.19573891 -3.00458956 28.63580216
v -0.19573891 -3.50535470 29.13919503
v -0.19573891 -3.50535470 29.64258791
v -0.19573891 -3.50535470 30.14598078
v -0.19573891 -3.50535470 30.64937366
v -0.19573891 -3.00458956 31.15276653
v -0.19573891 -2.50382441 28.13240928
v -0.19573891 -3.00458956 31.65615941
v -0.19573891 -2.50382441 32.15955228
v -0.19573891 -2.00305927 27.62901641
v -0.19573891 -2.00305927 32.66294516
v -0.19573891 -1.50229412 27.12562353
v -0.19573891 -1.50229412 33.16633803
v -0.19573891 -1.00152898 27.12562353
v -0.19573891 -1.00152898 33.16633803
v -0.19573891 -0.50076383 27.12562353
v -0.19573891 -0.50076383 33.16633803
v -0.19573891 0.00000131 27.12562353
v -0.19573891 0.00000131 33.16633803
v -0.19573891 0.50076646 27.12562353
v -0.19573891 0.50076646 33.16633803
v -0.19573891 1.00153160 27.12562353
v -0.19573891 1.00153160 33.16633803
v -0.19573891 1.50229675 27.12562353
v -0.19573891 1.50229675 33.16633803
v -0.19573891 2.00306189 27.12562353
v -0.19573891 2.00306189 33.16633803
v -0.19573891 2.50382704 27.62901641
v -0.19573891 2.50382704 32.66294516
v -0.19573891 3.00459218 27.62901641
v -0.19573891 3.00459218 32.66294516
v -0.19573891 3.50535733 28.13240928
v -0.19573891 3.50535733 32.15955228
v -0.19573891 4.00612247 28.63580216
v -0.19573891 4.00612247 29.13919503
v -0.19573891 4.00612247 31.15276653
v -0.19573891 4.00612247 31.65615941
v -0.19573891 4.50688761 29.64258791
v -0.19573891 4.50688761 30.14598078
v -0.19573891 4.50688761 30.64937366
v 0.30458564 -3.00458956 28.63580216
v 0.30458564 -3.50535470 29.13919503
v 0.30458564 -3.50535470 29.64258791
v 0.30458564 -3.50535470 30.14598078
v 0.30458564 -3.50535470 30.64937366
v 0.30458564 -3.50535470 31.15276653
v 0.30458564 -3.00458956 31.65615941
v 0.30458564 -2.50382441 28.13240928
v 0.30458564 -2.50382441 32.15955228
v 0.30458564 -2.00305927 27.62901641
v 0.30458564 -2.00305927 32.66294516
v 0.30458564 -1.50229412 27.12562353
v 0.30458564 -1.50229412 33.16633803
v 0.30458564 -1.00152898 27.12562353
v 0.30458564 -1.00152898 33.66973091
v 0.30458564 -0.50076383 27.12562353
v 0.30458564 -0.50076383 33.66973091
v 0.30458564 0.00000131 27.12562353
v 0.30458564 0.00000131 33.66973091
v 0.30458564 0.50076646 27.12562353
v 0.30458564 0.50076646 33.66973091
v 0.30458564 1.00153160 27.12562353
v 0.30458564 1.00153160 33.66973091
v 0.30458564 1.50229675 27.12562353
v 0.30458564 1.50229675 33.66973091
v 0.30458564 2.00306189 27.12562353
v 0.30458564 2.00306189 33.16633803
v 0.30458564 2.50382704 27.62901641
v 0.30458564 2.50382704 33.16633803
v 0.30458564 3.00459218 27.62901641
v 0.30458564 3.00459218 32.66294516
v 0.30458564 3.50535733 28.13240928
v 0.30458564 3.50535733 32.15955228
v 0.30458564 4.00612247 28.63580216
v 0.30458564 4.00612247 29.13919503
v 0.30458564 4.00612247 31.65615941
v 0.30458564 4.50688761 29.64258791
v 0.30458564 4.50688761 30.14598078
v 0.30458564 4.50688761 30.64937366
v 0.30458564 4.50688761 31.15276653
v 0.80491018 -3.50535470 29.13919503
v 0.80491018 -4.00611985 29.64258791
v 0.80491018 -4.00611985 30.14598078
v 0.80491018 -3.50535470 30.64937366
v 0.80491018 -3.00458956 28.13240928
v 0.80491018 -3.50535470 28.63580216
v 0.80491018 -3.50535470 31.15276653
v 0.80491018 -3.50535470 31.65615941
v 0.80491018 -3.00458956 32.15955228
v 0.80491018 -2.50382441 27.62901641
v 0.80491018 -2.50382441 32.66294516
v 0.80491018 -2.00305927 27.62901641
v 0.80491018 -2.00305927 33.16633803
v 0.80491018 -1.50229412 27.12562353
v 0.80491018 -1.50229412 33.66973091
v 0.80491018 -1.00152898 27.12562353
v 0.80491018 -1.00152898 33.66973091
v 0.80491018 -0.50076383 27.12562353
v 0.80491018 -0.50076383 33.66973091
v 0.80491018 0.00000131 27.12562353
v 0.80491018 0.00000131 33.66973091
v 0.80491018 0.50076646 27.12562353
v 0.80491018 0.50076646 33.66973091
v 0.80491018 1.00153160 27.12562353
v 0.80491018 1.00153160 33.66973091
v 0.80491018 1.50229675 27.12562353
v 0.80491018 1.50229675 33.66973091
v 0.80491018 2.00306189 27.12562353
v 0.80491018 2.00306189 33.66973091
v 0.80491018 2.50382704 27.62901641
v 0.80491018 2.50382704 33.16633803
v 0.80491018 3.00459218 28.13240928
v 0.80491018 3.00459218 33.16633803
v 0.80491018 3.50535733 28.63580216
v 0.80491018 3.50535733 32.66294516
v 0.80491018 4.00612247 29.13919503
v 0.80491018 4.00612247 32.15955228
v 0.80491018 4.50688761 29.64258791
v 0.80491018 4.50688761 30.14598078
v 0.80491018 4.50688761 30.64937366
v 0.80491018 4.50688761 31.15276653
v 0.80491018 4.50688761 31.65615941
v 1.30523473 -3.50535470 29.13919503
v 1.30523473 -4.00611985 29.64258791
v 1.30523473 -4.00611985 30.14598078
v 1.30523473 -4.00611985 30.64937366
v 1.30523473 -4.00611985 31.15276653
v 1.30523473 -3.50535470 31.65615941
v 1.30523473 -3.00458956 28.13240928
v 1.30523473 -3.50535470 28.63580216
v 1.30523473 -3.50535470 32.15955228
v 1.30523473 -3.00458956 32.66294516
v 1.30523473 -2.50382441 27.62901641
v 1.30523473 -2.50382441 33.16633803
v 1.30523473 -2.00305927 27.62901641
v 1.30523473 -2.00305927 33.66973091
v 1.30523473 -1.50229412 27.12562353
v 1.30523473 -1.50229412 33.66973091
v 1.30523473 -1.00152898 27.12562353
v 1.30523473 -1.00152898 34.17312378
v 1.30523473 -0.50076383 27.12562353
v 1.30523473 -0.50076383 34.17312378
v 1.30523473 0.00000131 27.12562353
v 1.30523473 0.00000131 34.17312378
v 1.30523473 0.50076646 27.12562353
v 1.30523473 0.50076646 34.17312378
v 1.30523473 1.00153160 27.12562353
v 1.30523473 1.00153160 34.17312378
v 1.30523473 1.50229675 27.12562353
v 1.30523473 1.50229675 33.66973091
v 1.30523473 2.00306189 27.12562353
v 1.30523473 2.00306189 33.66973091
v 1.30523473 2.50382704 27.62901641
v 1.30523473 2.50382704 33.66973091
v 1.30523473 3.00459218 28.13240928
v 1.30523473 3.00459218 33.16633803
v 1.30523473 3.50535733 28.63580216
v 1.30523473 3.50535733 32.66294516
v 1.30523473 4.00612247 29.13919503
v 1.30523473 4.00612247 32.15955228
v 1.30523473 4.50688761 29.64258791
v 1.30523473 4.50688761 30.14598078
v 1.30523473 4.50688761 30.64937366
v 1.30523473 4.50688761 31.15276653
v 1.30523473 4.50688761 31.65615941
v 1.80555928 -3.50535470 28.63580216
v 1.80555928 -4.00611985 29.13919503
v 1.80555928 -4.00611985 29.64258791
v 1.80555928 -4.00611985 30.14598078
v 1.80555928 -4.00611985 30.64937366
v 1.80555928 -4.00611985 31.15276653
v 1.80555928 -4.00611985 31.65615941
v 1.80555928 -3.50535470 32.15955228
v 1.80555928 -3.00458956 28.13240928
v 1.80555928 -3.50535470 32.66294516
v 1.80555928 -3.00458956 33.16633803
v 1.80555928 -2.50382441 27.62901641
v 1.80555928 -2.50382441 33.66973091
v 1.80555928 -2.00305927 27.12562353
v 1.80555928 -2.00305927 33.66973091
v 1.80555928 -1.50229412 27.12562353
v 1.80555928 -1.50229412 34.17312378
v 1.80555928 -1.00152898 27.12562353
v 1.80555928 -1.00152898 34.17312378
v 1.80555928 -0.50076383 27.12562353
v 1.80555928 -0.50076383 34.17312378
v 1.80555928 0.00000131 27.12562353
v 1.80555928 0.00000131 34.17312378
v 1.80555928 0.50076646 27.12562353
v 1.80555928 0.50076646 34.17312378
v 1.80555928 1.00153160 27.12562353
v 1.80555928 1.00153160 34.17312378
v 1.80555928 1.50229675 27.12562353
v 1.80555928 1.50229675 34.17312378
v 1.80555928 2.00306189 27.12562353
v 1.80555928 2.00306189 34.17312378
v 1.80555928 2.50382704 27.62901641
v 1.80555928 2.50382704 33.66973091
v 1.80555928 3.00459218 28.13240928
v 1.80555928 3.00459218 33.66973091
v 1.80555928 3.50535733 28.63580216
v 1.80555928 3.50535733 33.16633803
v 1.80555928 4.00612247 29.13919503
v 1.80555928 4.00612247 32.66294516
v 1.80555928 4.50688761 29.64258791
v 1.80555928 4.50688761 30.14598078
v 1.80555928 4.50688761 30.64937366
v 1.80555928 4.50688761 31.15276653
v 1.80555928 4.50688761 31.65615941
v 1.80555928 4.50688761 32.15955228
v 2.30588382 -3.50535470 28.63580216
v 2.30588382 -4.00611985 29.13919503
v 2.30588382 -4.00611985 29.64258791
v 2.30588382 -4.00611985 30.14598078
v 2.30588382 -4.00611985 30.64937366
v 2.30588382 -4.00611985 31.15276653
v 2.30588382 -4.00611985 31.65615941
v 2.30588382 -4.00611985 32.15955228
v 2.30588382 -3.50535470 32.66294516
v 2.30588382 -3.00458956 28.13240928
v 2.30588382 -3.00458956 33.16633803
v 2.30588382 -2.50382441 27.62901641
v 2.30588382 -2.50382441 33.66973091
v 2.30588382 -2.00305927 27.12562353
v 2.30588382 -2.00305927 34.17312378
v 2.30588382 -1.50229412 27.12562353
v 2.30588382 -1.50229412 34.17312378
v 2.30588382 -1.00152898 27.12562353
v 2.30588382 -1.00152898 34.17312378
v 2.30588382 -0.50076383 27.12562353
v 2.30588382 -0.50076383 34.17312378
v 2.30588382 0.00000131 27.12562353
v 2.30588382 0.00000131 34.17312378
v 2.30588382 0.50076646 27.12562353
v 2.30588382 0.50076646 34.17312378
v 2.30588382 1.00153160 27.12562353
v 2.30588382 1.00153160 34.17312378
v 2.30588382 1.50229675 27.12562353
v 2.30588382 1.50229675 34.17312378
v 2.30588382 2.00306189 27.12562353
v 2.30588382 2.00306189 34.17312378
v 2.30588382 2.50382704 27.62901641
v 2.30588382 2.50382704 34.17312378
v 2.30588382 3.00459218 28.13240928
v 2.30588382 3.00459218 33.66973091
v 2.30588382 3.50535733 28.63580216
v 2.30588382 3.50535733 33.16633803
v 2.30588382 4.00612247 29.13919503
v 2.30588382 4.00612247 32.66294516
v 2.30588382 4.50688761 29.64258791
v 2.30588382 4.50688761 30.14598078
v 2.30588382 4.50688761 30.64937366
v 2.30588382 4.50688761 31.15276653
v 2.30588382 4.50688761 31.65615941
v 2.30588382 4.50688761 32.15955228
v 2.80620837 -4.00611985 29.64258791
v 2.80620837 -4.50688499 30.14598078
v 2.80620837 -4.50688499 30.64937366
v 2.80620837 -4.50688499 31.15276653
v 2.80620837 -4.00611985 31.65615941
v 2.80620837 -3.50535470 28.63580216
v 2.80620837 -4.00611985 29.13919503
v 2.80620837 -4.00611985 32.15955228
v 2.80620837 -4.00611985 32.66294516
v 2.80620837 -3.50535470 33.16633803
v 2.80620837 -3.00458956 28.13240928
v 2.80620837 -3.00458956 33.66973091
v 2.80620837 -2.50382441 27.62901641
v 2.80620837 -2.50382441 34.17312378
v 2.80620837 -2.00305927 27.12562353
v 2.80620837 -2.00305927 34.17312378
v 2.80620837 -1.50229412 27.12562353
v 2.80620837 -1.50229412 34.17312378
v 2.80620837 -1.00152898 27.12562353
v 2.80620837 -1.00152898 34.67651666
v 2.80620837 -0.50076383 26.62223066
v 2.80620837 -0.50076383 34.67651666
v 2.80620837 0.00000131 26.62223066
v 2.80620837 0.00000131 34.67651666
v 2.80620837 0.50076646 26.62223066
v 2.80620837 0.50076646 34.67651666
v 2.80620837 1.00153160 27.12562353
v 2.80620837 1.00153160 34.67651666
v 2.80620837 1.50229675 27.12562353
v 2.80620837 1.50229675 34.17312378
v 2.80620837 2.00306189 27.12562353
v 2.80620837 2.00306189 34.17312378
v 2.80620837 2.50382704 27.62901641
v 2.80620837 2.50382704 34.17312378
v 2.80620837 3.00459218 28.13240928
v 2.80620837 3.00459218 33.66973091
v 2.80620837 3.50535733 28.63580216
v 2.80620837 3.50535733 33.66973091
v 2.80620837 4.00612247 29.13919503
v 2.80620837 4.00612247 33.16633803
v 2.80620837 4.50688761 29.64258791
v 2.80620837 4.50688761 30.14598078
v 2.80620837 4.50688761 31.65615941
v 2.80620837 4.50688761 32.15955228
v 2.80620837 4.50688761 32.66294516
v 2.80620837 5.00765276 30.64937366
v 2.80620837 5.00765276 31.15276653
v 3.30653292 -4.00611985 29.13919503
v 3.30653292 -4.50688499 29.64258791
v 3.30653292 -4.50688499 30.14598078
v 3.30653292 -4.50688499 30.64937366
v 3.30653292 -4.50688499 31.15276653
v 3.30653292 -4.50688499 31.65615941
v 3.30653292 -4.00611985 32.15955228
v 3.30653292 -3.50535470 28.63580216
v 3.30653292 -4.00611985 32.66294516
v 3.30653292 -3.50535470 33.16633803
v 3.30653292 -3.00458956 28.13240928
v 3.30653292 -3.00458956 33.66973091
v 3.30653292 -2.50382441 27.62901641
v 3.30653292 -2.50382441 34.17312378
v 3.30653292 -2.00305927 27.12562353
v 3.30653292 -2.00305927 34.17312378
v 3.30653292 -1.50229412 27.12562353
v 3.30653292 -1.50229412 34.67651666
v 3.30653292 -1.00152898 26.62223066
v 3.30653292 -1.00152898 34.67651666
v 3.30653292 -0.50076383 26.62223066
v 3.30653292 -0.50076383 34.67651666
v 3.30653292 0.00000131 26.62223066
v 3.30653292 0.00000131 34.67651666
v 3.30653292 0.50076646 26.62223066
v 3.30653292 0.50076646 34.67651666
v 3.30653292 1.00153160 27.12562353
v 3.30653292 1.00153160 34.67651666
v 3.30653292 1.50229675 27.12562353
v 3.30653292 1.50229675 34.67651666
v 3.30653292 2.00306189 27.12562353
v 3.30653292 2.00306189 34.17312378
v 3.30653292 2.50382704 27.62901641
v 3.30653292 2.50382704 34.17312378
v 3.30653292 3.00459218 28.13240928
v 3.30653292 3.00459218 34.17312378
v 3.30653292 3.50535733 28.63580216
v 3.30653292 3.50535733 33.66973091
v 3.30653292 4.00612247 29.13919503
v 3.30653292 4.00612247 33.16633803
v 3.30653292 4.50688761 29.64258791
v 3.30653292 4.50688761 30.14598078
v 3.30653292 4.50688761 32.66294516
v 3.30653292 5.00765276 30.64937366
v 3.30653292 5.00765276 31.15276653
v 3.30653292 5.00765276 31.65615941
v 3.30653292 5.00765276 32.15955228
v 3.80685747 -4.50688499 30.14598078
v 3.80685747 -5.00765014 30.64937366
v 3.80685747 -5.00765014 31.15276653
v 3.80685747 -4.50688499 31.65615941
v 3.80685747 -4.00611985 28.63580216
v 3.80685747 -4.50688499 29.13919503
v 3.80685747 -4.50688499 29.64258791
v 3.80685747 -4.50688499 32.15955228
v 3.80685747 -4.00611985 32.66294516
v 3.80685747 -3.50535470 28.13240928
v 3.80685747 -3.50535470 33.16633803
v 3.80685747 -3.00458956 27.62901641
v 3.80685747 -3.00458956 33.66973091
v 3.80685747 -2.50382441 27.12562353
v 3.80685747 -2.50382441 34.17312378
v 3.80685747 -2.00305927 27.12562353
v 3.80685747 -2.00305927 34.67651666
v 3.80685747 -1.50229412 27.12562353
v 3.80685747 -1.50229412 34.67651666
v 3.80685747 -1.00152898 26.62223066
v 3.80685747 -1.00152898 34.67651666
v 3.80685747 -0.50076383 26.62223066
v 3.80685747 -0.50076383 34.67651666
v 3.80685747 0.00000131 26.62223066
v 3.80685747 0.00000131 34.67651666
v 3.80685747 0.50076646 26.62223066
v 3.80685747 0.50076646 34.67651666
v 3.80685747 1.00153160 26.62223066
v 3.80685747 1.00153160 34.67651666
v 3.80685747 1.50229675 27.12562353
v 3.80685747 1.50229675 34.67651666
v 3.80685747 2.00306189 27.12562353
v 3.80685747 2.00306189 34.67651666
v 3.80685747 2.50382704 27.62901641
v 3.80685747 2.50382704 34.17312378
v 3.80685747 3.00459218 27.62901641
v 3.80685747 3.00459218 34.17312378
v 3.80685747 3.50535733 28.13240928
v 3.80685747 3.50535733 33.66973091
v 3.80685747 4.00612247 28.63580216
v 3.80685747 4.00612247 33.16633803
v 3.80685747 4.50688761 29.13919503
v 3.80685747 4.50688761 29.64258791
v 3.80685747 4.50688761 32.66294516
v 3.80685747 5.00765276 30.14598078
v 3.80685747 5.00765276 30.64937366
v 3.80685747 5.00765276 31.15276653
v 3.80685747 5.00765276 31.65615941
v 3.80685747 5.00765276 32.15955228
v 4.30718201 -4.50688499 29.64258791
v 4.30718201 -5.00765014 30.14598078
v 4.30718201 -5.00765014 30.64937366
v 4.30718201 -5.00765014 31.15276653
v 4.30718201 -5.00765014 31.65615941
v 4.30718201 -4.50688499 32.15955228
v 4.30718201 -4.00611985 28.63580216
v 4.30718201 -4.50688499 29.13919503
v 4.30718201 -4.50688499 32.66294516
v 4.30718201 -4.00611985 33.16633803
v 4.30718201 -3.50535470 28.13240928
v 4.30718201 -3.50535470 33.66973091
v 4.30718201 -3.00458956 27.62901641
v 4.30718201 -3.00458956 34.17312378
v 4.30718201 -2.50382441 27.12562353
v 4.30718201 -2.50382441 34.17312378
v 4.30718201 -2.00305927 27.12562353
v 4.30718201 -2.00305927 34.67651666
v 4.30718201 -1.50229412 26.62223066
v 4.30718201 -1.50229412 34.67651666
v 4.30718201 -1.00152898 26.62223066
v 4.30718201 -1.00152898 34.67651666
v 4.30718201 -0.50076383 26.62223066
v 4.30718201 -0.50076383 34.67651666
v 4.30718201 0.00000131 26.62223066
v 4.30718201 0.00000131 34.67651666
v 4.30718201 0.50076646 26.62223066
v 4.30718201 0.50076646 34.67651666
v 4.30718201 1.00153160 26.62223066
v 4.30718201 1.00153160 34.67651666
v 4.30718201 1.50229675 27.12562353
v 4.30718201 1.50229675 34.67651666
v 4.30718201 2.00306189 27.12562353
v 4.30718201 2.00306189 34.67651666
v 4.30718201 2.50382704 27.12562353
v 4.30718201 2.50382704 34.67651666
v 4.30718201 3.00459218 27.62901641
v 4.30718201 3.00459218 34.17312378
v 4.30718201 3.50535733 28.13240928
v 4.30718201 3.50535733 34.17312378
v 4.30718201 4.00612247 28.63580216
v 4.30718201 4.00612247 33.66973091
v 4.30718201 4.50688761 29.13919503
v 4.30718201 4.50688761 33.16633803
v 4.30718201 5.00765276 29.64258791
v 4.30718201 5.00765276 30.14598078
v 4.30718201 5.00765276 30.64937366
v 4.30718201 5.00765276 31.15276653
v 4.30718201 5.00765276 31.65615941
v 4.30718201 5.00765276 32.15955228
v 4.30718201 5.00765276 32.66294516
v 4.80750656 -4.50688499 29.13919503
v 4.80750656 -5.00765014 29.64258791
v 4.80750656 -5.00765014 30.14598078
v 4.80750656 -5.00765014 30.64937366
v 4.80750656 -5.00765014 31.15276653
v 4.80750656 -5.00765014 31.65615941
v 4.80750656 -5.00765014 32.15955228
v 4.80750656 -4.50688499 32.66294516
v 4.80750656 -4.00611985 28.63580216
v 4.80750656 -4.00611985 33.16633803
v 4.80750656 -3.50535470 28.13240928
v 4.80750656 -3.50535470 33.66973091
v 4.80750656 -3.00458956 27.62901641
v 4.80750656 -3.00458956 34.17312378
v 4.80750656 -2.50382441 27.12562353
v 4.80750656 -2.50382441 34.67651666
v 4.80750656 -2.00305927 27.12562353
v 4.80750656 -2.00305927 34.67651666
v 4.80750656 -1.50229412 26.62223066
v 4.80750656 -1.50229412 34.67651666
v 4.80750656 -1.00152898 26.62223066
v 4.80750656 -1.00152898 34.67651666
v 4.80750656 -0.50076383 26.62223066
v 4.80750656 -0.50076383 35.17990953
v 4.80750656 0.00000131 26.62223066
v 4.80750656 0.00000131 35.17990953
v 4.80750656 0.50076646 26.62223066
v 4.80750656 0.50076646 35.17990953
v 4.80750656 1.00153160 26.62223066
v 4.80750656 1.00153160 34.67651666
v 4.80750656 1.50229675 26.62223066
v 4.80750656 1.50229675 34.67651666
v 4.80750656 2.00306189 27.12562353
v 4.80750656 2.00306189 34.67651666
v 4.80750656 2.50382704 27.12562353
v 4.80750656 2.50382704 34.67651666
v 4.80750656 3.00459218 27.62901641
v 4.80750656 3.00459218 34.67651666
v 4.80750656 3.50535733 28.13240928
v 4.80750656 3.50535733 34.17312378
v 4.80750656 4.00612247 28.63580216
v 4.80750656 4.00612247 34.17312378
v 4.80750656 4.50688761 29.13919503
v 4.80750656 4.50688761 33.66973091
v 4.80750656 5.00765276 29.64258791
v 4.80750656 5.00765276 30.14598078
v 4.80750656 5.00765276 32.66294516
v 4.80750656 5.00765276 33.16633803
v 4.80750656 5.50841790 30.64937366
v 4.80750656 5.50841790 31.15276653
v 4.80750656 5.50841790 31.65615941
v 4.80750656 5.50841790 32.15955228
v 5.30783111 -5.00765014 30.14598078
v 5.30783111 -5.50841528 30.64937366
v 5.30783111 -5.50841528 31.15276653
v 5.30783111 -5.00765014 31.65615941
v 5.30783111 -4.50688499 29.13919503
v 5.30783111 -5.00765014 29.64258791
v 5.30783111 -5.00765014 32.15955228
v 5.30783111 -4.50688499 32.66294516
v 5.30783111 -4.00611985 28.13240928
v 5.30783111 -4.50688499 28.63580216
v 5.30783111 -4.50688499 33.16633803
v 5.30783111 -4.00611985 33.66973091
v 5.30783111 -3.50535470 27.62901641
v 5.30783111 -3.50535470 34.17312378
v 5.30783111 -3.00458956 27.62901641
v 5.30783111 -3.00458956 34.17312378
v 5.30783111 -2.50382441 27.12562353
v 5.30783111 -2.50382441 34.67651666
v 5.30783111 -2.00305927 26.62223066
v 5.30783111 -2.00305927 34.67651666
v 5.30783111 -1.50229412 26.62223066
v 5.30783111 -1.50229412 34.67651666
v 5.30783111 -1.00152898 26.62223066
v 5.30783111 -1.00152898 35.17990953
v 5.30783111 -0.50076383 26.62223066
v 5.30783111 -0.50076383 35.17990953
v 5.30783111 0.00000131 26.62223066
v 5.30783111 0.00000131 35.17990953
v 5.30783111 0.50076646 26.62223066
v 5.30783111 0.50076646 35.17990953
v 5.30783111 1.00153160 26.62223066
v 5.30783111 1.00153160 35.17990953
v 5.30783111 1.50229675 26.62223066
v 5.30783111 1.50229675 35.17990953
v 5.30783111 2.00306189 27.12562353
v 5.30783111 2.00306189 34.67651666
v 5.30783111 2.50382704 27.12562353
v 5.30783111 2.50382704 34.67651666
v 5.30783111 3.00459218 27.62901641
v 5.30783111 3.00459218 34.67651666
v 5.30783111 3.50535733 27.62901641
v 5.30783111 3.50535733 34.67651666
v 5.30783111 4.00612247 28.13240928
v 5.30783111 4.00612247 34.17312378
v 5.30783111 4.50688761 28.63580216
v 5.30783111 4.50688761 33.66973091
v 5.30783111 5.00765276 29.13919503
v 5.30783111 5.00765276 29.64258791
v 5.30783111 5.00765276 33.16633803
v 5.30783111 5.50841790 30.14598078
v 5.30783111 5.50841790 30.64937366
v 5.30783111 5.50841790 31.15276653
v 5.30783111 5.50841790 32.15955228
v 5.30783111 5.50841790 32.66294516
v 5.30783111 6.00918305 31.65615941
v 5.80815566 -5.00765014 29.64258791
v 5.80815566 -5.50841528 30.14598078
v 5.80815566 -5.50841528 30.64937366
v 5.80815566 -5.50841528 31.15276653
v 5.80815566 -5.50841528 31.65615941
v 5.80815566 -5.00765014 32.15955228
v 5.80815566 -4.50688499 28.63580216
v 5.80815566 -5.00765014 29.13919503
v 5.80815566 -5.00765014 32.66294516
v 5.80815566 -4.50688499 33.16633803
v 5.80815566 -4.00611985 28.13240928
v 5.80815566 -4.00611985 33.66973091
v 5.80815566 -3.50535470 27.62901641
v 5.80815566 -3.50535470 34.17312378
v 5.80815566 -3.00458956 27.12562353
v 5.80815566 -3.00458956 34.67651666
v 5.80815566 -2.50382441 27.12562353
v 5.80815566 -2.50382441 34.67651666
v 5.80815566 -2.00305927 26.62223066
v 5.80815566 -2.00305927 34.67651666
v 5.80815566 -1.50229412 26.62223066
v 5.80815566 -1.50229412 35.17990953
v 5.80815566 -1.00152898 26.62223066
v 5.80815566 -1.00152898 35.17990953
v 5.80815566 -0.50076383 26.62223066
v 5.80815566 -0.50076383 35.17990953
v 5.80815566 0.00000131 26.62223066
v 5.80815566 0.00000131 35.17990953
v 5.80815566 0.50076646 26.62223066
v 5.80815566 0.50076646 35.17990953
v 5.80815566 1.00153160 26.62223066
v 5.80815566 1.00153160 35.17990953
v 5.80815566 1.50229675 26.62223066
v 5.80815566 1.50229675 35.17990953
v 5.80815566 2.00306189 27.12562353
v 5.80815566 2.00306189 35.17990953
v 5.80815566 2.50382704 27.12562353
v 5.80815566 2.50382704 35.17990953
v 5.80815566 3.00459218 27.12562353
v 5.80815566 3.00459218 34.67651666
v 5.80815566 3.50535733 27.62901641
v 5.80815566 3.50535733 34.67651666
v 5.80815566 4.00612247 28.13240928
v 5.80815566 4.00612247 34.17312378
v 5.80815566 4.50688761 28.63580216
v 5.80815566 4.50688761 34.17312378
v 5.80815566 5.00765276 29.13919503
v 5.80815566 5.00765276 33.66973091
v 5.80815566 5.50841790 29.64258791
v 5.80815566 5.50841790 30.14598078
v 5.80815566 5.50841790 32.66294516
v 5.80815566 5.50841790 33.16633803
v 5.80815566 6.00918305 30.64937366
v 5.80815566 6.00918305 31.15276653
v 5.80815566 6.00918305 31.65615941
v 5.80815566 6.00918305 32.15955228
v 6.30848020 -5.00765014 29.13919503
v 6.30848020 -5.50841528 29.64258791
v 6.30848020 -5.50841528 30.14598078
v 6.30848020 -5.50841528 30.64937366
v 6.30848020 -5.50841528 31.15276653
v 6.30848020 -5.50841528 31.65615941
v 6.30848020 -5.50841528 32.15955228
v 6.30848020 -5.00765014 32.66294516
v 6.30848020 -4.50688499 28.63580216
v 6.30848020 -4.50688499 33.16633803
v 6.30848020 -4.00611985 28.13240928
v 6.30848020 -4.00611985 33.66973091
v 6.30848020 -3.50535470 27.62901641
v 6.30848020 -3.50535470 34.17312378
v 6.30848020 -3.00458956 27.12562353
v 6.30848020 -3.00458956 34.67651666
v 6.30848020 -2.50382441 27.12562353
v 6.30848020 -2.50382441 34.67651666
v 6.30848020 -2.00305927 26.62223066
v 6.30848020 -2.00305927 35.17990953
v 6.30848020 -1.50229412 26.62223066
v 6.30848020 -1.50229412 35.17990953
v 6.30848020 -1.00152898 26.62223066
v 6.30848020 -1.00152898 35.17990953
v 6.30848020 -0.50076383 26.62223066
v 6.30848020 -0.50076383 35.17990953
v 6.30848020 0.00000131 26.62223066
v 6.30848020 0.00000131 35.17990953
v 6.30848020 0.50076646 26.62223066
v 6.30848020 0.50076646 35.17990953
v 6.30848020 1.00153160 26.62223066
v 6.30848020 1.00153160 35.17990953
v 6.30848020 1.50229675 26.62223066
v 6.30848020 1.50229675 35.17990953
v 6.30848020 2.00306189 26.62223066
v 6.30848020 2.00306189 35.17990953
v 6.30848020 2.50382704 27.12562353
v 6.30848020 2.50382704 35.17990953
v 6.30848020 3.00459218 27.12562353
v 6.30848020 3.00459218 35.17990953
v 6.30848020 3.50535733 27.62901641
v 6.30848020 3.50535733 34.67651666
v 6.30848020 4.00612247 27.62901641
v 6.30848020 4.00612247 34.67651666
v 6.30848020 4.50688761 28.13240928
v 6.30848020 4.50688761 34.17312378
v 6.30848020 5.00765276 28.63580216
v 6.30848020 5.00765276 33.66973091
v 6.30848020 5.50841790 29.13919503
v 6.30848020 5.50841790 29.64258791
v 6.30848020 5.50841790 33.16633803
v 6.30848020 6.00918305 30.14598078
v 6.30848020 6.00918305 30.64937366
v 6.30848020 6.00918305 32.15955228
v 6.30848020 6.00918305 32.66294516
v 6.30848020 6.50994819 31.15276653
v 6.30848020 6.50994819 31.65615941
v 6.80880475 -5.50841528 30.14598078
v 6.80880475 -6.00918043 30.64937366
v 6.80880475 -5.50841528 31.15276653
v 6.80880475 -5.00765014 29.13919503
v 6.80880475 -5.50841528 29.64258791
v 6.80880475 -5.50841528 31.65615941
v 6.80880475 -5.50841528 32.15955228
v 6.80880475 -5.00765014 32.66294516
v 6.80880475 -4.50688499 28.13240928
v 6.80880475 -5.00765014 28.63580216
v 6.80880475 -5.00765014 33.16633803
v 6.80880475 -4.50688499 33.66973091
v 6.80880475 -4.00611985 27.62901641
v 6.80880475 -4.00611985 34.17312378
v 6.80880475 -3.50535470 27.12562353
v 6.80880475 -3.50535470 34.67651666
v 6.80880475 -3.00458956 27.12562353
v 6.80880475 -3.00458956 34.67651666
v 6.80880475 -2.50382441 26.62223066
v 6.80880475 -2.50382441 35.17990953
v 6.80880475 -2.00305927 26.62223066
v 6.80880475 -2.00305927 35.17990953
v 6.80880475 -1.50229412 26.62223066
v 6.80880475 -1.50229412 35.17990953
v 6.80880475 -1.00152898 26.62223066
v 6.80880475 -1.00152898 35.17990953
v 6.80880475 -0.50076383 26.62223066
v 6.80880475 -0.50076383 35.17990953
v 6.80880475 0.00000131 26.62223066
v 6.80880475 0.00000131 35.17990953
v 6.80880475 0.50076646 26.62223066
v 6.80880475 0.50076646 35.68330241
v 6.80880475 1.00153160 26.62223066
v 6.80880475 1.00153160 35.68330241
v 6.80880475 1.50229675 26.62223066
v 6.80880475 1.50229675 35.68330241
v 6.80880475 2.00306189 26.62223066
v 6.80880475 2.00306189 35.17990953
v 6.80880475 2.50382704 26.62223066
v 6.80880475 2.50382704 35.17990953
v 6.80880475 3.00459218 27.12562353
v 6.80880475 3.00459218 35.17990953
v 6.80880475 3.50535733 27.12562353
v 6.80880475 3.50535733 35.17990953
v 6.80880475 4.00612247 27.62901641
v 6.80880475 4.00612247 34.67651666
v 6.80880475 4.50688761 28.13240928
v 6.80880475 4.50688761 34.67651666
v 6.80880475 5.00765276 28.63580216
v 6.80880475 5.00765276 34.17312378
v 6.80880475 5.50841790 29.13919503
v 6.80880475 5.50841790 33.66973091
v 6.80880475 6.00918305 29.64258791
v 6.80880475 6.00918305 30.14598078
v 6.80880475 6.00918305 33.16633803
v 6.80880475 6.50994819 30.64937366
v 6.80880475 6.50994819 31.15276653
v 6.80880475 6.50994819 31.65615941
v 6.80880475 6.50994819 32.15955228
v 6.80880475 6.50994819 32.66294516
v 7.30912930 -5.50841528 29.64258791
v 7.30912930 -6.00918043 30.14598078
v 7.30912930 -6.00918043 30.64937366
v 7.30912930 -6.00918043 31.15276653
v 7.30912930 -6.00918043 31.65615941
v 7.30912930 -5.50841528 32.15955228
v 7.30912930 -5.00765014 28.63580216
v 7.30912930 -5.50841528 29.13919503
v 7.30912930 -5.50841528 32.66294516
v 7.30912930 -5.00765014 33.16633803
v 7.30912930 -4.50688499 28.13240928
v 7.30912930 -4.50688499 33.66973091
v 7.30912930 -4.00611985 27.62901641
v 7.30912930 -4.00611985 34.17312378
v 7.30912930 -3.50535470 27.12562353
v 7.30912930 -3.50535470 34.67651666
v 7.30912930 -3.00458956 26.62223066
v 7.30912930 -3.00458956 34.67651666
v 7.30912930 -2.50382441 26.62223066
v 7.30912930 -2.50382441 35.17990953
v 7.30912930 -2.00305927 26.62223066
v 7.30912930 -2.00305927 35.17990953
v 7.30912930 -1.50229412 26.62223066
v 7.30912930 -1.50229412 35.17990953
v 7.30912930 -1.00152898 26.62223066
v 7.30912930 -1.00152898 35.17990953
v 7.30912930 -0.50076383 26.11883778
v 7.30912930 -0.50076383 35.68330241
v 7.30912930 0.00000131 26.62223066
v 7.30912930 0.00000131 35.68330241
v 7.30912930 0.50076646 26.62223066
v 7.30912930 0.50076646 35.68330241
v 7.30912930 1.00153160 26.62223066
v 7.30912930 1.00153160 35.68330241
v 7.30912930 1.50229675 26.62223066
v 7.30912930 1.50229675 35.68330241
v 7.30912930 2.00306189 26.62223066
v 7.30912930 2.00306189 35.68330241
v 7.30912930 2.50382704 26.62223066
v 7.30912930 2.50382704 35.68330241
v 7.30912930 3.00459218 27.12562353
v 7.30912930 3.00459218 35.17990953
v 7.30912930 3.50535733 27.12562353
v 7.30912930 3.50535733 35.17990953
v 7.30912930 4.00612247 27.12562353
v 7.30912930 4.00612247 35.17990953
v 7.30912930 4.50688761 27.62901641
v 7.30912930 4.50688761 34.67651666
v 7.30912930 5.00765276 28.13240928
v 7.30912930 5.00765276 34.67651666
v 7.30912930 5.50841790 28.63580216
v 7.30912930 5.50841790 34.17312378
v 7.30912930 6.00918305 29.13919503
v 7.30912930 6.00918305 29.64258791
v 7.30912930 6.00918305 33.66973091
v 7.30912930 6.50994819 30.14598078
v 7.30912930 6.50994819 30.64937366
v 7.30912930 6.50994819 31.15276653
v 7.30912930 6.50994819 32.15955228
v 7.30912930 6.50994819 32.66294516
v 7.30912930 6.50994819 33.16633803
v 7.30912930 7.01071334 31.65615941
v 7.80945385 -5.50841528 29.13919503
v 7.80945385 -6.00918043 29.64258791
v 7.80945385 -6.00918043 30.14598078
v 7.80945385 -6.00918043 30.64937366
v 7.80945385 -6.00918043 31.15276653
v 7.80945385 -6.00918043 31.65615941
v 7.80945385 -6.00918043 32.15955228
v 7.80945385 -5.50841528 32.66294516
v 7.80945385 -5.00765014 28.13240928
v 7.80945385 -5.50841528 28.63580216
v 7.80945385 -5.00765014 33.16633803
v 7.80945385 -4.50688499 27.62901641
v 7.80945385 -4.50688499 33.66973091
v 7.80945385 -4.00611985 27.12562353
v 7.80945385 -4.00611985 34.17312378
v 7.80945385 -3.50535470 27.12562353
v 7.80945385 -3.50535470 34.67651666
v 7.80945385 -3.00458956 26.62223066
v 7.80945385 -3.00458956 35.17990953
v 7.80945385 -2.50382441 26.62223066
v 7.80945385 -2.50382441 35.17990953
v 7.80945385 -2.00305927 26.11883778
v 7.80945385 -2.00305927 35.17990953
v 7.80945385 -1.50229412 26.11883778
v 7.80945385 -1.50229412 35.68330241
v 7.80945385 -1.00152898 26.11883778
v 7.80945385 -1.00152898 35.68330241
v 7.80945385 -0.50076383 26.11883778
v 7.80945385 -0.50076383 35.68330241
v 7.80945385 0.00000131 26.11883778
v 7.80945385 0.00000131 35.68330241
v 7.80945385 0.50076646 26.11883778
v 7.80945385 0.50076646 35.68330241
v 7.80945385 1.00153160 26.62223066
v 7.80945385 1.00153160 35.68330241
v 7.80945385 1.50229675 26.62223066
v 7.80945385 1.50229675 35.68330241
v 7.80945385 2.00306189 26.62223066
v 7.80945385 2.00306189 35.68330241
v 7.80945385 2.50382704 26.62223066
v 7.80945385 2.50382704 35.68330241
v 7.80945385 3.00459218 26.62223066
v 7.80945385 3.00459218 35.68330241
v 7.80945385 3.50535733 27.12562353
v 7.80945385 3.50535733 35.68330241
v 7.80945385 4.00612247 27.12562353
v 7.80945385 4.00612247 35.17990953
v 7.80945385 4.50688761 27.62901641
v 7.80945385 4.50688761 35.17990953
v 7.80945385 5.00765276 28.13240928
v 7.80945385 5.00765276 34.67651666
v 7.80945385 5.50841790 28.63580216
v 7.80945385 5.50841790 34.17312378
v 7.80945385 6.00918305 29.13919503
v 7.80945385 6.00918305 33.66973091
v 7.80945385 6.50994819 29.64258791
v 7.80945385 6.50994819 30.14598078
v 7.80945385 6.50994819 33.16633803
v 7.80945385 7.01071334 30.64937366
v 7.80945385 7.01071334 31.15276653
v 7.80945385 7.01071334 31.65615941
v 7.80945385 7.01071334 32.15955228
v 7.80945385 7.01071334 32.66294516
v 8.30977839 -6.00918043 30.14598078
v 8.30977839 -6.50994557 30.64937366
v 8.30977839 -6.00918043 31.15276653
v 8.30977839 -5.50841528 28.63580216
v 8.30977839 -6.00918043 29.13919503
v 8.30977839 -6.00918043 29.64258791
v 8.30977839 -6.00918043 31.65615941
v 8.30977839 -6.00918043 32.15955228
v 8.30977839 -5.50841528 32.66294516
v 8.30977839 -5.00765014 28.13240928
v 8.30977839 -5.50841528 33.16633803
v 8.30977839 -5.00765014 33.66973091
v 8.30977839 -4.50688499 27.62901641
v 8.30977839 -4.50688499 34.17312378
v 8.30977839 -4.00611985 27.12562353
v 8.30977839 -4.00611985 34.67651666
v 8.30977839 -3.50535470 26.62223066
v 8.30977839 -3.50535470 34.67651666
v 8.30977839 -3.00458956 26.62223066
v 8.30977839 -3.00458956 35.17990953
v 8.30977839 -2.50382441 26.11883778
v 8.30977839 -2.50382441 35.17990953
v 8.30977839 -2.00305927 26.11883778
v 8.30977839 -2.00305927 35.68330241
v 8.30977839 -1.50229412 26.11883778
v 8.30977839 -1.50229412 35.68330241
v 8.30977839 -1.00152898 26.11883778
v 8.30977839 -1.00152898 35.68330241
v 8.30977839 -0.50076383 26.11883778
v 8.30977839 -0.50076383 35.68330241
v 8.30977839 0.00000131 26.11883778
v 8.30977839 0.00000131 35.68330241
v 8.30977839 0.50076646 26.11883778
v 8.30977839 0.50076646 35.68330241
v 8.30977839 1.00153160 26.11883778
v 8.30977839 1.00153160 35.68330241
v 8.30977839 1.50229675 26.11883778
v 8.30977839 1.50229675 35.68330241
v 8.30977839 2.00306189 26.62223066
v 8.30977839 2.00306189 35.68330241
v 8.30977839 2.50382704 26.62223066
v 8.30977839 2.50382704 35.68330241
v 8.30977839 3.00459218 26.62223066
v 8.30977839 3.00459218 35.68330241
v 8.30977839 3.50535733 26.62223066
v 8.30977839 3.50535733 35.68330241
v 8.30977839 4.00612247 27.12562353
v 8.30977839 4.00612247 35.68330241
v 8.30977839 4.50688761 27.12562353
v 8.30977839 4.50688761 35.17990953
v 8.30977839 5.00765276 27.62901641
v 8.30977839 5.00765276 35.17990953
v 8.30977839 5.50841790 28.13240928
v 8.30977839 5.50841790 34.67651666
v 8.30977839 6.00918305 28.63580216
v 8.30977839 6.00918305 34.17312378
v 8.30977839 6.50994819 29.13919503
v 8.30977839 6.50994819 29.64258791
v 8.30977839 6.50994819 33.66973091
v 8.30977839 7.01071334 30.14598078
v 8.30977839 7.01071334 30.64937366
v 8.30977839 7.01071334 31.15276653
v 8.30977839 7.01071334 31.65615941
v 8.30977839 7.01071334 32.15955228
v 8.30977839 7.01071334 32.66294516
v 8.30977839 7.01071334 33.16633803
v 8.81010294 -6.00918043 29.13919503
v 8.81010294 -6.50994557 29.64258791
v 8.81010294 -6.50994557 30.14598078
v 8.81010294 -6.50994557 30.64937366
v 8.81010294 -6.50994557 31.15276653
v 8.81010294 -6.50994557 31.65615941
v 8.81010294 -6.00918043 32.15955228
v 8.81010294 -5.50841528 28.63580216
v 8.81010294 -6.00918043 32.66294516
v 8.81010294 -5.50841528 33.16633803
v 8.81010294 -5.00765014 27.62901641
v 8.81010294 -5.50841528 28.13240928
v 8.81010294 -5.00765014 33.66973091
v 8.81010294 -4.50688499 27.12562353
v 8.81010294 -4.50688499 34.17312378
v 8.81010294 -4.00611985 27.12562353
v 8.81010294 -4.00611985 34.67651666
v 8.81010294 -3.50535470 26.62223066
v 8.81010294 -3.50535470 35.17990953
v 8.81010294 -3.00458956 26.11883778
v 8.81010294 -3.00458956 35.17990953
v 8.81010294 -2.50382441 26.11883778
v 8.81010294 -2.50382441 35.68330241
v 8.81010294 -2.00305927 26.11883778
v 8.81010294 -2.00305927 35.68330241
v 8.81010294 -1.50229412 26.11883778
v 8.81010294 -1.50229412 35.68330241
v 8.81010294 -1.00152898 26.11883778
v 8.81010294 -1.00152898 35.68330241
v 8.81010294 -0.50076383 26.11883778
v 8.81010294 -0.50076383 35.68330241
v 8.81010294 0.00000131 26.11883778
v 8.81010294 0.00000131 35.68330241
v 8.81010294 0.50076646 26.11883778
v 8.81010294 0.50076646 36.18669529
v 8.81010294 1.00153160 26.11883778
v 8.81010294 1.00153160 36.18669529
v 8.81010294 1.50229675 26.11883778
v 8.81010294 1.50229675 36.18669529
v 8.81010294 2.00306189 26.11883778
v 8.81010294 2.00306189 36.18669529
v 8.81010294 2.50382704 26.62223066
v 8.81010294 2.50382704 36.18669529
v 8.81010294 3.00459218 26.62223066
v 8.81010294 3.00459218 35.68330241
v 8.81010294 3.50535733 26.62223066
v 8.81010294 3.50535733 35.68330241
v 8.81010294 4.00612247 27.12562353
v 8.81010294 4.00612247 35.68330241
v 8.81010294 4.50688761 27.12562353
v 8.81010294 4.50688761 35.17990953
v 8.81010294 5.00765276 27.62901641
v 8.81010294 5.00765276 35.17990953
v 8.81010294 5.50841790 28.13240928
v 8.81010294 5.50841790 34.67651666
v 8.81010294 6.00918305 28.63580216
v 8.81010294 6.00918305 34.17312378
v 8.81010294 6.50994819 29.13919503
v 8.81010294 6.50994819 33.66973091
v 8.81010294 7.01071334 29.64258791
v 8.81010294 7.01071334 30.14598078
v 8.81010294 7.01071334 32.66294516
v 8.81010294 7.01071334 33.16633803
v 8.81010294 7.51147848 30.64937366
v 8.81010294 7.51147848 31.15276653
v 8.81010294 7.51147848 31.65615941
v 8.81010294 7.51147848 32.15955228
v 9.31042749 -6.00918043 28.63580216
v 9.31042749 -6.50994557 29.13919503
v 9.31042749 -6.50994557 29.64258791
v 9.31042749 -6.50994557 30.14598078
v 9.31042749 -6.50994557 30.64937366
v 9.31042749 -6.50994557 31.15276653
v 9.31042749 -6.50994557 31.65615941
v 9.31042749 -6.50994557 32.15955228
v 9.31042749 -6.00918043 32.66294516
v 9.31042749 -5.50841528 28.13240928
v 9.31042749 -5.50841528 33.16633803
v 9.31042749 -5.00765014 27.62901641
v 9.31042749 -5.00765014 33.66973091
v 9.31042749 -4.50688499 27.12562353
v 9.31042749 -4.50688499 34.17312378
v 9.31042749 -4.00611985 26.62223066
v 9.31042749 -4.00611985 34.67651666
v 9.31042749 -3.50535470 26.11883778
v 9.31042749 -3.50535470 35.17990953
v 9.31042749 -3.00458956 26.11883778
v 9.31042749 -3.00458956 35.17990953
v 9.31042749 -2.50382441 26.11883778
v 9.31042749 -2.50382441 35.68330241
v 9.31042749 -2.00305927 26.11883778
v 9.31042749 -2.00305927 35.68330241
v 9.31042749 -1.50229412 26.11883778
v 9.31042749 -1.50229412 35.68330241
v 9.31042749 -1.00152898 26.11883778
v 9.31042749 -1.00152898 35.68330241
v 9.31042749 -0.50076383 26.11883778
v 9.31042749 -0.50076383 35.68330241
v 9.31042749 0.00000131 26.11883778
v 9.31042749 0.00000131 36.18669529
v 9.31042749 0.50076646 26.11883778
v 9.31042749 0.50076646 36.18669529
v 9.31042749 1.00153160 26.11883778
v 9.31042749 1.00153160 36.18669529
v 9.31042749 1.50229675 26.11883778
v 9.31042749 1.50229675 36.18669529
v 9.31042749 2.00306189 26.11883778
v 9.31042749 2.00306189 36.18669529
v 9.31042749 2.50382704 26.11883778
v 9.31042749 2.50382704 36.18669529
v 9.31042749 3.00459218 26.62223066
v 9.31042749 3.00459218 36.18669529
v 9.31042749 3.50535733 26.62223066
v 9.31042749 3.50535733 35.68330241
v 9.31042749 4.00612247 26.62223066
v 9.31042749 4.00612247 35.68330241
v 9.31042749 4.50688761 27.12562353
v 9.31042749 4.50688761 35.68330241
v 9.31042749 5.00765276 27.12562353
v 9.31042749 5.00765276 35.17990953
v 9.31042749 5.50841790 27.62901641
v 9.31042749 5.50841790 34.67651666
v 9.31042749 6.00918305 28.13240928
v 9.31042749 6.00918305 34.67651666
v 9.31042749 6.50994819 28.63580216
v 9.31042749 6.50994819 29.13919503
v 9.31042749 6.50994819 34.17312378
v 9.31042749 7.01071334 29.64258791
v 9.31042749 7.01071334 33.16633803
v 9.31042749 7.01071334 33.66973091
v 9.31042749 7.51147848 30.14598078
v 9.31042749 7.51147848 30.64937366
v 9.31042749 7.51147848 31.15276653
v 9.31042749 7.51147848 31.65615941
v 9.31042749 7.51147848 32.15955228
v 9.31042749 7.51147848 32.66294516
v 9.81075203 -6.50994557 29.64258791
v 9.81075203 -7.01071072 30.14598078
v 9.81075203 -7.01071072 30.64937366
v 9.81075203 -7.01071072 31.15276653
v 9.81075203 -6.50994557 31.65615941
v 9.81075203 -6.00918043 28.63580216
v 9.81075203 -6.50994557 29.13919503
v 9.81075203 -6.50994557 32.15955228
v 9.81075203 -6.00918043 32.66294516
v 9.81075203 -5.50841528 27.62901641
v 9.81075203 -6.00918043 28.13240928
v 9.81075203 -6.00918043 33.16633803
v 9.81075203 -5.50841528 33.66973091
v 9.81075203 -5.00765014 27.12562353
v 9.81075203 -5.00765014 34.17312378
v 9.81075203 -4.50688499 26.62223066
v 9.81075203 -4.50688499 34.67651666
v 9.81075203 -4.00611985 26.62223066
v 9.81075203 -4.00611985 34.67651666
v 9.81075203 -3.50535470 26.11883778
v 9.81075203 -3.50535470 35.17990953
v 9.81075203 -3.00458956 26.11883778
v 9.81075203 -3.00458956 35.68330241
v 9.81075203 -2.50382441 25.61544491
v 9.81075203 -2.50382441 35.68330241
v 9.81075203 -2.00305927 25.61544491
v 9.81075203 -2.00305927 35.68330241
v 9.81075203 -1.50229412 25.61544491
v 9.81075203 -1.50229412 35.68330241
v 9.81075203 -1.00152898 25.61544491
v 9.81075203 -1.00152898 36.18669529
v 9.81075203 -0.50076383 26.11883778
v 9.81075203 -0.50076383 36.18669529
v 9.81075203 0.00000131 26.11883778
v 9.81075203 0.00000131 36.18669529
v 9.81075203 0.50076646 26.11883778
v 9.81075203 0.50076646 36.18669529
v 9.81075203 1.00153160 26.11883778
v 9.81075203 1.00153160 36.18669529
v 9.81075203 1.50229675 26.11883778
v 9.81075203 1.50229675 36.18669529
v 9.81075203 2.00306189 26.11883778
v 9.81075203 2.00306189 36.18669529
v 9.81075203 2.50382704 26.11883778
v 9.81075203 2.50382704 36.18669529
v 9.81075203 3.00459218 26.11883778
v 9.81075203 3.00459218 36.18669529
v 9.81075203 3.50535733 26.62223066
v 9.81075203 3.50535733 36.18669529
v 9.81075203 4.00612247 26.62223066
v 9.81075203 4.00612247 35.68330241
v 9.81075203 4.50688761 27.12562353
v 9.81075203 4.50688761 35.68330241
v 9.81075203 5.00765276 27.12562353
v 9.81075203 5.00765276 35.17990953
v 9.81075203 5.50841790 27.62901641
v 9.81075203 5.50841790 35.17990953
v 9.81075203 6.00918305 28.13240928
v 9.81075203 6.00918305 34.67651666
v 9.81075203 6.50994819 28.63580216
v 9.81075203 6.50994819 34.17312378
v 9.81075203 7.01071334 29.13919503
v 9.81075203 7.01071334 29.64258791
v 9.81075203 7.01071334 33.66973091
v 9.81075203 7.51147848 30.14598078
v 9.81075203 7.51147848 30.64937366
v 9.81075203 7.51147848 31.15276653
v 9.81075203 7.51147848 31.65615941
v 9.81075203 7.51147848 32.15955228
v 9.81075203 7.51147848 32.66294516
v 9.81075203 7.51147848 33.16633803
v 10.31107658 -6.50994557 29.13919503
v 10.31107658 -7.01071072 29.64258791
v 10.31107658 -7.01071072 30.14598078
v 10.31107658 -7.01071072 30.64937366
v 10.31107658 -7.01071072 31.15276653
v 10.31107658 -7.01071072 31.65615941
v 10.31107658 -6.50994557 32.15955228
v 10.31107658 -6.00918043 28.13240928
v 10.31107658 -6.50994557 28.63580216
v 10.31107658 -6.50994557 32.66294516
v 10.31107658 -6.00918043 33.16633803
v 10.31107658 -5.50841528 27.62901641
v 10.31107658 -5.50841528 33.66973091
v 10.31107658 -5.00765014 27.12562353
v 10.31107658 -5.00765014 34.17312378
v 10.31107658 -4.50688499 26.62223066
v 10.31107658 -4.50688499 34.67651666
v 10.31107658 -4.00611985 26.11883778
v 10.31107658 -4.00611985 35.17990953
v 10.31107658 -3.50535470 26.11883778
v 10.31107658 -3.50535470 35.17990953
v 10.31107658 -3.00458956 25.61544491
v 10.31107658 -3.00458956 35.68330241
v 10.31107658 -2.50382441 25.61544491
v 10.31107658 -2.50382441 35.68330241
v 10.31107658 -2.00305927 25.61544491
v 10.31107658 -2.00305927 35.68330241
v 10.31107658 -1.50229412 25.61544491
v 10.31107658 -1.50229412 36.18669529
v 10.31107658 -1.00152898 25.61544491
v 10.31107658 -1.00152898 36.18669529
v 10.31107658 -0.50076383 25.61544491
v 10.31107658 -0.50076383 36.18669529
v 10.31107658 0.00000131 25.61544491
v 10.31107658 0.00000131 36.18669529
v 10.31107658 0.50076646 25.61544491
v 10.31107658 0.50076646 36.18669529
v 10.31107658 1.00153160 25.61544491
v 10.31107658 1.00153160 36.18669529
v 10.31107658 1.50229675 26.11883778
v 10.31107658 1.50229675 36.18669529
v 10.31107658 2.00306189 26.11883778
v 10.31107658 2.00306189 36.18669529
v 10.31107658 2.50382704 26.11883778
v 10.31107658 2.50382704 36.18669529
v 10.31107658 3.00459218 26.11883778
v 10.31107658 3.00459218 36.18669529
v 10.31107658 3.50535733 26.11883778
v 10.31107658 3.50535733 36.18669529
v 10.31107658 4.00612247 26.62223066
v 10.31107658 4.00612247 35.68330241
v 10.31107658 4.50688761 26.62223066
v 10.31107658 4.50688761 35.68330241
v 10.31107658 5.00765276 27.12562353
v 10.31107658 5.00765276 35.68330241
v 10.31107658 5.50841790 27.62901641
v 10.31107658 5.50841790 35.17990953
v 10.31107658 6.00918305 28.13240928
v 10.31107658 6.00918305 34.67651666
v 10.31107658 6.50994819 28.63580216
v 10.31107658 6.50994819 34.17312378
v 10.31107658 7.01071334 29.13919503
v 10.31107658 7.01071334 33.66973091
v 10.31107658 7.51147848 29.64258791
v 10.31107658 7.51147848 30.14598078
v 10.31107658 7.51147848 32.66294516
v 10.31107658 7.51147848 33.16633803
v 10.31107658 8.01224363 30.64937366
v 10.31107658 8.01224363 31.15276653
v 10.31107658 8.01224363 31.65615941
v 10.31107658 8.01224363 32.15955228
v 10.81140113 -6.50994557 28.63580216
v 10.81140113 -7.01071072 29.13919503
v 10.81140113 -7.01071072 29.64258791
v 10.81140113 -7.01071072 30.14598078
v 10.81140113 -7.01071072 30.64937366
v 10.81140113 -7.01071072 31.15276653
v 10.81140113 -7.01071072 31.65615941
v 10.81140113 -6.50994557 32.15955228
v 10.81140113 -6.00918043 27.62901641
v 10.81140113 -6.50994557 28.13240928
v 10.81140113 -6.50994557 32.66294516
v 10.81140113 -6.00918043 33.16633803
v 10.81140113 -5.50841528 27.12562353
v 10.81140113 -5.50841528 33.66973091
v 10.81140113 -5.00765014 26.62223066
v 10.81140113 -5.00765014 34.17312378
v 10.81140113 -4.50688499 26.11883778
v 10.81140113 -4.50688499 34.67651666
v 10.81140113 -4.00611985 26.11883778
v 10.81140113 -4.00611985 35.17990953
v 10.81140113 -3.50535470 25.61544491
v 10.81140113 -3.50535470 35.17990953
v 10.81140113 -3.00458956 25.61544491
v 10.81140113 -3.00458956 35.68330241
v 10.81140113 -2.50382441 25.61544491
v 10.81140113 -2.50382441 35.68330241
v 10.81140113 -2.00305927 25.61544491
v 10.81140113 -2.00305927 36.18669529
v 10.81140113 -1.50229412 25.61544491
v 10.81140113 -1.50229412 36.18669529
v 10.81140113 -1.00152898 25.61544491
v 10.81140113 -1.00152898 36.18669529
v 10.81140113 -0.50076383 25.61544491
v 10.81140113 -0.50076383 36.18669529
v 10.81140113 0.00000131 25.61544491
v 10.81140113 0.00000131 36.18669529
v 10.81140113 0.50076646 25.61544491
v 10.81140113 0.50076646 36.18669529
v 10.81140113 1.00153160 25.61544491
v 10.81140113 1.00153160 36.18669529
v 10.81140113 1.50229675 25.61544491
v 10.81140113 1.50229675 36.18669529
v 10.81140113 2.00306189 25.61544491
v 10.81140113 2.00306189 36.18669529
v 10.81140113 2.50382704 26.11883778
v 10.81140113 2.50382704 36.18669529
v 10.81140113 3.00459218 26.11883778
v 10.81140113 3.00459218 36.18669529
v 10.81140113 3.50535733 26.11883778
v 10.81140113 3.50535733 36.18669529
v 10.81140113 4.00612247 26.11883778
v 10.81140113 4.00612247 36.18669529
v 10.81140113 4.50688761 26.62223066
v 10.81140113 4.50688761 35.68330241
v 10.81140113 5.00765276 26.62223066
v 10.81140113 5.00765276 35.68330241
v 10.81140113 5.50841790 27.12562353
v 10.81140113 5.50841790 35.17990953
v 10.81140113 6.00918305 27.62901641
v 10.81140113 6.00918305 34.67651666
v 10.81140113 6.50994819 28.13240928
v 10.81140113 6.50994819 34.17312378
v 10.81140113 7.01071334 28.63580216
v 10.81140113 7.01071334 33.66973091
v 10.81140113 7.51147848 29.13919503
v 10.81140113 7.51147848 29.64258791
v 10.81140113 7.51147848 33.16633803
v 10.81140113 8.01224363 30.14598078
v 10.81140113 8.01224363 30.64937366
v 10.81140113 8.01224363 31.15276653
v 10.81140113 8.01224363 31.65615941
v 10.81140113 8.01224363 32.15955228
v 10.81140113 8.01224363 32.66294516
v 11.31172568 -6.50994557 28.13240928
v 11.31172568 -7.01071072 28.63580216
v 11.31172568 -7.01071072 29.13919503
v 11.31172568 -7.01071072 29.64258791
v 11.31172568 -7.01071072 30.14598078
v 11.31172568 -7.01071072 30.64937366
v 11.31172568 -7.01071072 31.15276653
v 11.31172568 -7.01071072 31.65615941
v 11.31172568 -7.01071072 32.15955228
v 11.31172568 -6.50994557 32.66294516
v 11.31172568 -6.00918043 27.62901641
v 11.31172568 -6.50994557 33.16633803
v 11.31172568 -6.00918043 33.66973091
v 11.31172568 -5.50841528 26.62223066
v 11.31172568 -6.00918043 27.12562353
v 11.31172568 -5.50841528 34.17312378
v 11.31172568 -5.00765014 26.11883778
v 11.31172568 -5.00765014 34.67651666
v 11.31172568 -4.50688499 26.11883778
v 11.31172568 -4.50688499 34.67651666
v 11.31172568 -4.00611985 25.61544491
v 11.31172568 -4.00611985 35.17990953
v 11.31172568 -3.50535470 25.61544491
v 11.31172568 -3.50535470 35.68330241
v 11.31172568 -3.00458956 25.61544491
v 11.31172568 -3.00458956 35.68330241
v 11.31172568 -2.50382441 25.61544491
v 11.31172568 -2.50382441 35.68330241
v 11.31172568 -2.00305927 25.61544491
v 11.31172568 -2.00305927 36.18669529
v 11.31172568 -1.50229412 25.61544491
v 11.31172568 -1.50229412 36.18669529
v 11.31172568 -1.00152898 25.61544491
v 11.31172568 -1.00152898 36.18669529
v 11.31172568 -0.50076383 25.61544491
v 11.31172568 -0.50076383 36.18669529
v 11.31172568 0.00000131 25.61544491
v 11.31172568 0.00000131 36.18669529
v 11.31172568 0.50076646 25.61544491
v 11.31172568 0.50076646 36.18669529
v 11.31172568 1.00153160 25.61544491
v 11.31172568 1.00153160 36.18669529
v 11.31172568 1.50229675 25.61544491
v 11.31172568 1.50229675 36.18669529
v 11.31172568 2.00306189 25.61544491
v 11.31172568 2.00306189 36.18669529
v 11.31172568 2.50382704 25.61544491
v 11.31172568 2.50382704 36.18669529
v 11.31172568 3.00459218 26.11883778
v 11.31172568 3.00459218 36.18669529
v 11.31172568 3.50535733 26.11883778
v 11.31172568 3.50535733 36.18669529
v 11.31172568 4.00612247 26.11883778
v 11.31172568 4.00612247 36.18669529
v 11.31172568 4.50688761 26.62223066
v 11.31172568 4.50688761 35.68330241
v 11.31172568 5.00765276 26.62223066
v 11.31172568 5.00765276 35.68330241
v 11.31172568 5.50841790 27.12562353
v 11.31172568 5.50841790 35.17990953
v 11.31172568 6.00918305 27.62901641
v 11.31172568 6.00918305 34.67651666
v 11.31172568 6.50994819 28.13240928
v 11.31172568 6.50994819 34.17312378
v 11.31172568 7.01071334 28.63580216
v 11.31172568 7.01071334 33.66973091
v 11.31172568 7.51147848 29.13919503
v 11.31172568 7.51147848 33.16633803
v 11.31172568 8.01224363 29.64258791
v 11.31172568 8.01224363 30.14598078
v 11.31172568 8.01224363 30.64937366
v 11.31172568 8.01224363 31.15276653
v 11.31172568 8.01224363 31.65615941
v 11.31172568 8.01224363 32.15955228
v 11.31172568 8.01224363 32.66294516
v 11.81205022 -7.01071072 29.64258791
v 11.81205022 -7.51147586 30.14598078
v 11.81205022 -7.51147586 30.64937366
v 11.81205022 -7.51147586 31.15276653
v 11.81205022 -7.01071072 31.65615941
v 11.81205022 -6.50994557 28.13240928
v 11.81205022 -7.01071072 28.63580216
v 11.81205022 -7.01071072 29.13919503
v 11.81205022 -7.01071072 32.15955228
v 11.81205022 -7.01071072 32.66294516
v 11.81205022 -6.50994557 33.16633803
v 11.81205022 -6.00918043 27.12562353
v 11.81205022 -6.50994557 27.62901641
v 11.81205022 -6.00918043 33.66973091
v 11.81205022 -5.50841528 26.62223066
v 11.81205022 -5.50841528 34.17312378
v 11.81205022 -5.00765014 26.11883778
v 11.81205022 -5.00765014 34.67651666
v 11.81205022 -4.50688499 25.61544491
v 11.81205022 -4.50688499 35.17990953
v 11.81205022 -4.00611985 25.61544491
v 11.81205022 -4.00611985 35.17990953
v 11.81205022 -3.50535470 25.11205203
v 11.81205022 -3.50535470 35.68330241
v 11.81205022 -3.00458956 25.11205203
v 11.81205022 -3.00458956 35.68330241
v 11.81205022 -2.50382441 25.11205203
v 11.81205022 -2.50382441 36.18669529
v 11.81205022 -2.00305927 25.11205203
v 11.81205022 -2.00305927 36.18669529
v 11.81205022 -1.50229412 25.11205203
v 11.81205022 -1.50229412 36.18669529
v 11.81205022 -1.00152898 25.61544491
v 11.81205022 -1.00152898 36.18669529
v 11.81205022 -0.50076383 25.61544491
v 11.81205022 -0.50076383 36.18669529
v 11.81205022 0.00000131 25.61544491
v 11.81205022 0.00000131 36.18669529
v 11.81205022 0.50076646 25.61544491
v 11.81205022 0.50076646 36.18669529
v 11.81205022 1.00153160 25.61544491
v 11.81205022 1.00153160 36.18669529
v 11.81205022 1.50229675 25.61544491
v 11.81205022 1.50229675 36.18669529
v 11.81205022 2.00306189 25.61544491
v 11.81205022 2.00306189 36.18669529
v 11.81205022 2.50382704 25.61544491
v 11.81205022 2.50382704 36.18669529
v 11.81205022 3.00459218 25.61544491
v 11.81205022 3.00459218 36.18669529
v 11.81205022 3.50535733 25.61544491
v 11.81205022 3.50535733 36.18669529
v 11.81205022 4.00612247 26.11883778
v 11.81205022 4.00612247 36.18669529
v 11.81205022 4.50688761 26.11883778
v 11.81205022 4.50688761 35.68330241
v 11.81205022 5.00765276 26.62223066
v 11.81205022 5.00765276 35.68330241
v 11.81205022 5.50841790 26.62223066
v 11.81205022 5.50841790 35.17990953
v 11.81205022 6.00918305 27.12562353
v 11.81205022 6.00918305 34.67651666
v 11.81205022 6.50994819 27.62901641
v 11.81205022 6.50994819 34.67651666
v 11.81205022 7.01071334 28.13240928
v 11.81205022 7.01071334 34.17312378
v 11.81205022 7.51147848 28.63580216
v 11.81205022 7.51147848 29.13919503
v 11.81205022 7.51147848 33.16633803
v 11.81205022 7.51147848 33.66973091
v 11.81205022 8.01224363 29.64258791
v 11.81205022 8.01224363 30.14598078
v 11.81205022 8.01224363 32.15955228
v 11.81205022 8.01224363 32.66294516
v 11.81205022 8.51300877 30.64937366
v 11.81205022 8.51300877 31.15276653
v 11.81205022 8.51300877 31.65615941
v 12.31237477 -7.01071072 29.13919503
v 12.31237477 -7.51147586 29.64258791
v 12.31237477 -7.51147586 30.14598078
v 12.31237477 -7.51147586 30.64937366
v 12.31237477 -7.51147586 31.15276653
v 12.31237477 -7.51147586 31.65615941
v 12.31237477 -7.01071072 32.15955228
v 12.31237477 -6.50994557 27.62901641
v 12.31237477 -7.01071072 28.13240928
v 12.31237477 -7.01071072 28.63580216
v 12.31237477 -7.01071072 32.66294516
v 12.31237477 -6.50994557 33.16633803
v 12.31237477 -6.00918043 26.62223066
v 12.31237477 -6.50994557 27.12562353
v 12.31237477 -6.00918043 33.66973091
v 12.31237477 -5.50841528 26.11883778
v 12.31237477 -5.50841528 34.17312378
v 12.31237477 -5.00765014 25.61544491
v 12.31237477 -5.00765014 34.67651666
v 12.31237477 -4.50688499 25.61544491
v 12.31237477 -4.50688499 35.17990953
v 12.31237477 -4.00611985 25.11205203
v 12.31237477 -4.00611985 35.17990953
v 12.31237477 -3.50535470 25.11205203
v 12.31237477 -3.50535470 35.68330241
v 12.31237477 -3.00458956 25.11205203
v 12.31237477 -3.00458956 35.68330241
v 12.31237477 -2.50382441 25.11205203
v 12.31237477 -2.50382441 36.18669529
v 12.31237477 -2.00305927 25.11205203
v 12.31237477 -2.00305927 36.18669529
v 12.31237477 -1.50229412 25.11205203
v 12.31237477 -1.50229412 36.18669529
v 12.31237477 -1.00152898 25.11205203
v 12.31237477 -1.00152898 36.18669529
v 12.31237477 -0.50076383 25.11205203
v 12.31237477 -0.50076383 36.18669529
v 12.31237477 0.00000131 25.11205203
v 12.31237477 0.00000131 36.18669529
v 12.31237477 0.50076646 25.11205203
v 12.31237477 0.50076646 36.18669529
v 12.31237477 1.00153160 25.11205203
v 12.31237477 1.00153160 36.18669529
v 12.31237477 1.50229675 25.61544491
v 12.31237477 1.50229675 36.18669529
v 12.31237477 2.00306189 25.61544491
v 12.31237477 2.00306189 36.18669529
v 12.31237477 2.50382704 25.61544491
v 12.31237477 2.50382704 36.18669529
v 12.31237477 3.00459218 25.61544491
v 12.31237477 3.00459218 36.18669529
v 12.31237477 3.50535733 25.61544491
v 12.31237477 3.50535733 36.18669529
v 12.31237477 4.00612247 25.61544491
v 12.31237477 4.00612247 36.18669529
v 12.31237477 4.50688761 26.11883778
v 12.31237477 4.50688761 35.68330241
v 12.31237477 5.00765276 26.11883778
v 12.31237477 5.00765276 35.68330241
v 12.31237477 5.50841790 26.62223066
v 12.31237477 5.50841790 35.17990953
v 12.31237477 6.00918305 27.12562353
v 12.31237477 6.00918305 35.17990953
v 12.31237477 6.50994819 27.62901641
v 12.31237477 6.50994819 34.67651666
v 12.31237477 7.01071334 28.13240928
v 12.31237477 7.01071334 34.17312378
v 12.31237477 7.51147848 28.63580216
v 12.31237477 7.51147848 33.66973091
v 12.31237477 8.01224363 29.13919503
v 12.31237477 8.01224363 29.64258791
v 12.31237477 8.01224363 32.66294516
v 12.31237477 8.01224363 33.16633803
v 12.31237477 8.51300877 30.14598078
v 12.31237477 8.51300877 30.64937366
v 12.31237477 8.51300877 31.15276653
v 12.31237477 8.51300877 31.65615941
v 12.31237477 8.51300877 32.15955228
v 12.81269932 -7.01071072 28.63580216
v 12.81269932 -7.51147586 29.13919503
v 12.81269932 -7.51147586 29.64258791
v 12.81269932 -7.51147586 30.14598078
v 12.81269932 -7.51147586 30.64937366
v 12.81269932 -7.51147586 31.15276653
v 12.81269932 -7.51147586 31.65615941
v 12.81269932 -7.51147586 32.15955228
v 12.81269932 -7.01071072 32.66294516
v 12.81269932 -6.50994557 27.62901641
v 12.81269932 -7.01071072 28.13240928
v 12.81269932 -6.50994557 33.16633803
v 12.81269932 -6.00918043 26.62223066
v 12.81269932 -6.50994557 27.12562353
v 12.81269932 -6.00918043 33.66973091
v 12.81269932 -5.50841528 26.11883778
v 12.81269932 -5.50841528 34.17312378
v 12.81269932 -5.00765014 25.61544491
v 12.81269932 -5.00765014 34.67651666
v 12.81269932 -4.50688499 25.11205203
v 12.81269932 -4.50688499 35.17990953
v 12.81269932 -4.00611985 25.11205203
v 12.81269932 -4.00611985 35.17990953
v 12.81269932 -3.50535470 25.11205203
v 12.81269932 -3.50535470 35.68330241
v 12.81269932 -3.00458956 25.11205203
v 12.81269932 -3.00458956 35.68330241
v 12.81269932 -2.50382441 25.11205203
v 12.81269932 -2.50382441 36.18669529
v 12.81269932 -2.00305927 25.11205203
v 12.81269932 -2.00305927 36.18669529
v 12.81269932 -1.50229412 25.11205203
v 12.81269932 -1.50229412 36.18669529
v 12.81269932 -1.00152898 25.11205203
v 12.81269932 -1.00152898 36.18669529
v 12.81269932 -0.50076383 25.11205203
v 12.81269932 -0.50076383 36.18669529
v 12.81269932 0.00000131 25.11205203
v 12.81269932 0.00000131 36.18669529
v 12.81269932 0.50076646 25.11205203
v 12.81269932 0.50076646 36.18669529
v 12.81269932 1.00153160 25.11205203
v 12.81269932 1.00153160 36.18669529
v 12.81269932 1.50229675 25.11205203
v 12.81269932 1.50229675 36.18669529
v 12.81269932 2.00306189 25.11205203
v 12.81269932 2.00306189 36.18669529
v 12.81269932 2.50382704 25.11205203
v 12.81269932 2.50382704 36.18669529
v 12.81269932 3.00459218 25.61544491
v 12.81269932 3.00459218 36.18669529
v 12.81269932 3.50535733 25.61544491
v 12.81269932 3.50535733 36.18669529
v 12.81269932 4.00612247 25.61544491
v 12.81269932 4.00612247 36.18669529
v 12.81269932 4.50688761 25.61544491
v 12.81269932 4.50688761 35.68330241
v 12.81269932 5.00765276 26.11883778
v 12.81269932 5.00765276 35.68330241
v 12.81269932 5.50841790 26.11883778
v 12.81269932 5.50841790 35.17990953
v 12.81269932 6.00918305 26.62223066
v 12.81269932 6.00918305 35.17990953
v 12.81269932 6.50994819 27.12562353
v 12.81269932 6.50994819 34.67651666
v 12.81269932 7.01071334 27.62901641
v 12.81269932 7.01071334 34.17312378
v 12.81269932 7.51147848 28.13240928
v 12.81269932 7.51147848 33.66973091
v 12.81269932 8.01224363 28.63580216
v 12.81269932 8.01224363 29.13919503
v 12.81269932 8.01224363 32.66294516
v 12.81269932 8.01224363 33.16633803
v 12.81269932 8.51300877 29.64258791
v 12.81269932 8.51300877 30.14598078
v 12.81269932 8.51300877 30.64937366
v 12.81269932 8.51300877 31.15276653
v 12.81269932 8.51300877 31.65615941
v 12.81269932 8.51300877 32.15955228
v 13.31302387 -7.01071072 28.63580216
v 13.31302387 -7.51147586 29.13919503
v 13.31302387 -7.51147586 29.64258791
v 13.31302387 -7.51147586 30.14598078
v 13.31302387 -7.51147586 30.64937366
v 13.31302387 -7.51147586 31.15276653
v 13.31302387 -7.51147586 31.65615941
v 13.31302387 -7.51147586 32.15955228
v 13.31302387 -7.01071072 32.66294516
v 13.31302387 -6.50994557 27.12562353
v 13.31302387 -7.01071072 27.62901641
v 13.31302387 -7.01071072 28.13240928
v 13.31302387 -7.01071072 33.16633803
v 13.31302387 -6.50994557 33.66973091
v 13.31302387 -6.00918043 26.11883778
v 13.31302387 -6.50994557 26.62223066
v 13.31302387 -6.00918043 34.17312378
v 13.31302387 -5.50841528 25.61544491
v 13.31302387 -5.50841528 34.67651666
v 13.31302387 -5.00765014 25.61544491
v 13.31302387 -5.00765014 34.67651666
v 13.31302387 -4.50688499 25.11205203
v 13.31302387 -4.50688499 35.17990953
v 13.31302387 -4.00611985 25.11205203
v 13.31302387 -4.00611985 35.68330241
v 13.31302387 -3.50535470 25.11205203
v 13.31302387 -3.50535470 35.68330241
v 13.31302387 -3.00458956 24.60865916
v 13.31302387 -3.00458956 35.68330241
v 13.31302387 -2.50382441 24.60865916
v 13.31302387 -2.50382441 36.18669529
v 13.31302387 -2.00305927 25.11205203
v 13.31302387 -2.00305927 36.18669529
v 13.31302387 -1.50229412 25.11205203
v 13.31302387 -1.50229412 36.18669529
v 13.31302387 -1.00152898 25.11205203
v 13.31302387 -1.00152898 36.18669529
v 13.31302387 -0.50076383 25.11205203
v 13.31302387 -0.50076383 36.18669529
v 13.31302387 0.00000131 25.11205203
v 13.31302387 0.00000131 36.18669529
v 13.31302387 0.50076646 25.11205203
v 13.31302387 0.50076646 36.18669529
v 13.31302387 1.00153160 25.11205203
v 13.31302387 1.00153160 36.18669529
v 13.31302387 1.50229675 25.11205203
v 13.31302387 1.50229675 36.18669529
v 13.31302387 2.00306189 25.11205203
v 13.31302387 2.00306189 36.18669529
v 13.31302387 2.50382704 25.11205203
v 13.31302387 2.50382704 36.18669529
v 13.31302387 3.00459218 25.11205203
v 13.31302387 3.00459218 36.18669529
v 13.31302387 3.50535733 25.11205203
v 13.31302387 3.50535733 36.18669529
v 13.31302387 4.00612247 25.61544491
v 13.31302387 4.00612247 36.18669529
v 13.31302387 4.50688761 25.61544491
v 13.31302387 4.50688761 35.68330241
v 13.31302387 5.00765276 25.61544491
v 13.31302387 5.00765276 35.68330241
v 13.31302387 5.50841790 26.11883778
v 13.31302387 5.50841790 35.17990953
v 13.31302387 6.00918305 26.62223066
v 13.31302387 6.00918305 35.17990953
v 13.31302387 6.50994819 27.12562353
v 13.31302387 6.50994819 34.67651666
v 13.31302387 7.01071334 27.62901641
v 13.31302387 7.01071334 34.17312378
v 13.31302387 7.51147848 28.13240928
v 13.31302387 7.51147848 33.66973091
v 13.31302387 8.01224363 28.63580216
v 13.31302387 8.01224363 32.66294516
v 13.31302387 8.01224363 33.16633803
v 13.31302387 8.51300877 29.13919503
v 13.31302387 8.51300877 29.64258791
v 13.31302387 8.51300877 30.14598078
v 13.31302387 8.51300877 30.64937366
v 13.31302387 8.51300877 31.15276653
v 13.31302387 8.51300877 31.65615941
v 13.31302387 8.51300877 32.15955228
v 13.81334841 -7.51147586 30.14598078
v 13.81334841 -8.01224101 30.64937366
v 13.81334841 -7.51147586 31.15276653
v 13.81334841 -7.01071072 28.13240928
v 13.81334841 -7.51147586 28.63580216
v 13.81334841 -7.51147586 29.13919503
v 13.81334841 -7.51147586 29.64258791
v 13.81334841 -7.51147586 31.65615941
v 13.81334841 -7.51147586 32.15955228
v 13.81334841 -7.51147586 32.66294516
v 13.81334841 -7.01071072 33.16633803
v 13.81334841 -6.50994557 27.12562353
v 13.81334841 -7.01071072 27.62901641
v 13.81334841 -6.50994557 33.66973091
v 13.81334841 -6.00918043 26.11883778
v 13.81334841 -6.50994557 26.62223066
v 13.81334841 -6.00918043 34.17312378
v 13.81334841 -5.50841528 25.61544491
v 13.81334841 -5.50841528 34.67651666
v 13.81334841 -5.00765014 25.11205203
v 13.81334841 -5.00765014 35.17990953
v 13.81334841 -4.50688499 25.11205203
v 13.81334841 -4.50688499 35.17990953
v 13.81334841 -4.00611985 24.60865916
v 13.81334841 -4.00611985 35.68330241
v 13.81334841 -3.50535470 24.60865916
v 13.81334841 -3.50535470 35.68330241
v 13.81334841 -3.00458956 24.60865916
v 13.81334841 -3.00458956 35.68330241
v 13.81334841 -2.50382441 24.60865916
v 13.81334841 -2.50382441 36.18669529
v 13.81334841 -2.00305927 24.60865916
v 13.81334841 -2.00305927 36.18669529
v 13.81334841 -1.50229412 24.60865916
v 13.81334841 -1.50229412 36.18669529
v 13.81334841 -1.00152898 25.11205203
v 13.81334841 -1.00152898 36.18669529
v 13.81334841 -0.50076383 25.11205203
v 13.81334841 -0.50076383 36.18669529
v 13.81334841 0.00000131 25.11205203
v 13.81334841 0.00000131 36.18669529
v 13.81334841 0.50076646 25.11205203
v 13.81334841 0.50076646 36.18669529
v 13.81334841 1.00153160 25.11205203
v 13.81334841 1.00153160 36.18669529
v 13.81334841 1.50229675 25.11205203
v 13.81334841 1.50229675 36.18669529
v 13.81334841 2.00306189 25.11205203
v 13.81334841 2.00306189 36.18669529
v 13.81334841 2.50382704 25.11205203
v 13.81334841 2.50382704 36.18669529
v 13.81334841 3.00459218 25.11205203
v 13.81334841 3.00459218 36.18669529
v 13.81334841 3.50535733 25.11205203
v 13.81334841 3.50535733 36.18669529
v 13.81334841 4.00612247 25.11205203
v 13.81334841 4.00612247 36.18669529
v 13.81334841 4.50688761 25.61544491
v 13.81334841 4.50688761 35.68330241
v 13.81334841 5.00765276 25.61544491
v 13.81334841 5.00765276 35.68330241
v 13.81334841 5.50841790 25.61544491
v 13.81334841 5.50841790 35.17990953
v 13.81334841 6.00918305 26.11883778
v 13.81334841 6.00918305 35.17990953
v 13.81334841 6.50994819 26.62223066
v 13.81334841 6.50994819 34.67651666
v 13.81334841 7.01071334 27.12562353
v 13.81334841 7.01071334 34.17312378
v 13.81334841 7.51147848 27.62901641
v 13.81334841 7.51147848 33.66973091
v 13.81334841 8.01224363 28.13240928
v 13.81334841 8.01224363 28.63580216
v 13.81334841 8.01224363 33.16633803
v 13.81334841 8.51300877 29.13919503
v 13.81334841 8.51300877 29.64258791
v 13.81334841 8.51300877 30.14598078
v 13.81334841 8.51300877 31.65615941
v 13.81334841 8.51300877 32.15955228
v 13.81334841 8.51300877 32.66294516
v 13.81334841 9.01377392 30.64937366
v 13.81334841 9.01377392 31.15276653
v 14.31367296 -7.51147586 29.13919503
v 14.31367296 -8.01224101 29.64258791
v 14.31367296 -8.01224101 30.14598078
v 14.31367296 -8.01224101 30.64937366
v 14.31367296 -8.01224101 31.15276653
v 14.31367296 -8.01224101 31.65615941
v 14.31367296 -7.51147586 32.15955228
v 14.31367296 -7.01071072 27.62901641
v 14.31367296 -7.51147586 28.13240928
v 14.31367296 -7.51147586 28.63580216
v 14.31367296 -7.51147586 32.66294516
v 14.31367296 -7.01071072 33.16633803
v 14.31367296 -6.50994557 26.62223066
v 14.31367296 -7.01071072 27.12562353
v 14.31367296 -6.50994557 33.66973091
v 14.31367296 -6.00918043 26.11883778
v 14.31367296 -6.00918043 34.17312378
v 14.31367296 -5.50841528 25.61544491
v 14.31367296 -5.50841528 34.67651666
v 14.31367296 -5.00765014 25.11205203
v 14.31367296 -5.00765014 35.17990953
v 14.31367296 -4.50688499 25.11205203
v 14.31367296 -4.50688499 35.17990953
v 14.31367296 -4.00611985 24.60865916
v 14.31367296 -4.00611985 35.68330241
v 14.31367296 -3.50535470 24.60865916
v 14.31367296 -3.50535470 35.68330241
v 14.31367296 -3.00458956 24.60865916
v 14.31367296 -3.00458956 35.68330241
v 14.31367296 -2.50382441 24.60865916
v 14.31367296 -2.50382441 36.18669529
v 14.31367296 -2.00305927 24.60865916
v 14.31367296 -2.00305927 36.18669529
v 14.31367296 -1.50229412 24.60865916
v 14.31367296 -1.50229412 36.18669529
v 14.31367296 -1.00152898 24.60865916
v 14.31367296 -1.00152898 36.18669529
v 14.31367296 -0.50076383 24.60865916
v 14.31367296 -0.50076383 36.18669529
v 14.31367296 0.00000131 24.60865916
v 14.31367296 0.00000131 36.18669529
v 14.31367296 0.50076646 24.60865916
v 14.31367296 0.50076646 36.18669529
v 14.31367296 1.00153160 24.60865916
v 14.31367296 1.00153160 36.18669529
v 14.31367296 1.50229675 24.60865916
v 14.31367296 1.50229675 36.18669529
v 14.31367296 2.00306189 24.60865916
v 14.31367296 2.00306189 36.18669529
v 14.31367296 2.50382704 24.60865916
v 14.31367296 2.50382704 36.18669529
v 14.31367296 3.00459218 25.11205203
v 14.31367296 3.00459218 36.18669529
v 14.31367296 3.50535733 25.11205203
v 14.31367296 3.50535733 36.18669529
v 14.31367296 4.00612247 25.11205203
v 14.31367296 4.00612247 35.68330241
v 14.31367296 4.50688761 25.11205203
v 14.31367296 4.50688761 35.68330241
v 14.31367296 5.00765276 25.61544491
v 14.31367296 5.00765276 35.68330241
v 14.31367296 5.50841790 25.61544491
v 14.31367296 5.50841790 35.17990953
v 14.31367296 6.00918305 26.11883778
v 14.31367296 6.00918305 34.67651666
v 14.31367296 6.50994819 26.62223066
v 14.31367296 6.50994819 34.67651666
v 14.31367296 7.01071334 27.12562353
v 14.31367296 7.01071334 34.17312378
v 14.31367296 7.51147848 27.62901641
v 14.31367296 7.51147848 33.66973091
v 14.31367296 8.01224363 28.13240928
v 14.31367296 8.01224363 33.16633803
v 14.31367296 8.51300877 28.63580216
v 14.31367296 8.51300877 29.13919503
v 14.31367296 8.51300877 29.64258791
v 14.31367296 8.51300877 32.15955228
v 14.31367296 8.51300877 32.66294516
v 14.31367296 9.01377392 30.14598078
v 14.31367296 9.01377392 30.64937366
v 14.31367296 9.01377392 31.15276653
v 14.31367296 9.01377392 31.65615941
v 14.81399751 -7.51147586 28.63580216
v 14.81399751 -8.01224101 29.13919503
v 14.81399751 -8.01224101 29.64258791
v 14.81399751 -8.01224101 30.14598078
v 14.81399751 -8.01224101 30.64937366
v 14.81399751 -8.01224101 31.15276653
v 14.81399751 -8.01224101 31.65615941
v 14.81399751 -8.01224101 32.15955228
v 14.81399751 -7.51147586 32.66294516
v 14.81399751 -7.01071072 27.62901641
v 14.81399751 -7.51147586 28.13240928
v 14.81399751 -7.01071072 33.16633803
v 14.81399751 -6.50994557 26.62223066
v 14.81399751 -7.01071072 27.12562353
v 14.81399751 -7.01071072 33.66973091
v 14.81399751 -6.50994557 34.17312378
v 14.81399751 -6.00918043 26.11883778
v 14.81399751 -6.00918043 34.67651666
v 14.81399751 -5.50841528 25.61544491
v 14.81399751 -5.50841528 34.67651666
v 14.81399751 -5.00765014 25.11205203
v 14.81399751 -5.00765014 35.17990953
v 14.81399751 -4.50688499 24.60865916
v 14.81399751 -4.50688499 35.17990953
v 14.81399751 -4.00611985 24.60865916
v 14.81399751 -4.00611985 35.68330241
v 14.81399751 -3.50535470 24.60865916
v 14.81399751 -3.50535470 35.68330241
v 14.81399751 -3.00458956 24.60865916
v 14.81399751 -3.00458956 35.68330241
v 14.81399751 -2.50382441 24.60865916
v 14.81399751 -2.50382441 36.18669529
v 14.81399751 -2.00305927 24.60865916
v 14.81399751 -2.00305927 36.18669529
v 14.81399751 -1.50229412 24.60865916
v 14.81399751 -1.50229412 36.18669529
v 14.81399751 -1.00152898 24.60865916
v 14.81399751 -1.00152898 36.18669529
v 14.81399751 -0.50076383 24.60865916
v 14.81399751 -0.50076383 36.18669529
v 14.81399751 0.00000131 24.60865916
v 14.81399751 0.00000131 36.18669529
v 14.81399751 0.50076646 24.60865916
v 14.81399751 0.50076646 36.18669529
v 14.81399751 1.00153160 24.60865916
v 14.81399751 1.00153160 36.18669529
v 14.81399751 1.50229675 24.60865916
v 14.81399751 1.50229675 36.18669529
v 14.81399751 2.00306189 24.60865916
v 14.81399751 2.00306189 36.18669529
v 14.81399751 2.50382704 24.60865916
v 14.81399751 2.50382704 36.18669529
v 14.81399751 3.00459218 24.60865916
v 14.81399751 3.00459218 36.18669529
v 14.81399751 3.50535733 24.60865916
v 14.81399751 3.50535733 35.68330241
v 14.81399751 4.00612247 25.11205203
v 14.81399751 4.00612247 35.68330241
v 14.81399751 4.50688761 25.11205203
v 14.81399751 4.50688761 35.68330241
v 14.81399751 5.00765276 25.11205203
v 14.81399751 5.00765276 35.17990953
v 14.81399751 5.50841790 25.61544491
v 14.81399751 5.50841790 35.17990953
v 14.81399751 6.00918305 25.61544491
v 14.81399751 6.00918305 34.67651666
v 14.81399751 6.50994819 26.11883778
v 14.81399751 6.50994819 34.67651666
v 14.81399751 7.01071334 26.62223066
v 14.81399751 7.01071334 34.17312378
v 14.81399751 7.51147848 27.12562353
v 14.81399751 7.51147848 33.66973091
v 14.81399751 8.01224363 27.62901641
v 14.81399751 8.01224363 28.13240928
v 14.81399751 8.01224363 33.16633803
v 14.81399751 8.51300877 28.63580216
v 14.81399751 8.51300877 29.13919503
v 14.81399751 8.51300877 32.15955228
v 14.81399751 8.51300877 32.66294516
v 14.81399751 9.01377392 29.64258791
v 14.81399751 9.01377392 30.14598078
v 14.81399751 9.01377392 30.64937366
v 14.81399751 9.01377392 31.15276653
v 14.81399751 9.01377392 31.65615941
v 15.31432205 -7.51147586 28.13240928
v 15.31432205 -8.01224101 28.63580216
v 15.31432205 -8.01224101 29.13919503
v 15.31432205 -8.01224101 29.64258791
v 15.31432205 -8.01224101 30.14598078
v 15.31432205 -8.01224101 30.64937366
v 15.31432205 -8.01224101 31.15276653
v 15.31432205 -8.01224101 31.65615941
v 15.31432205 -8.01224101 32.15955228
v 15.31432205 -7.51147586 32.66294516
v 15.31432205 -7.01071072 27.12562353
v 15.31432205 -7.51147586 27.62901641
v 15.31432205 -7.51147586 33.16633803
v 15.31432205 -7.01071072 33.66973091
v 15.31432205 -6.50994557 26.62223066
v 15.31432205 -6.50994557 34.17312378
v 15.31432205 -6.00918043 25.61544491
v 15.31432205 -6.50994557 26.11883778
v 15.31432205 -6.00918043 34.67651666
v 15.31432205 -5.50841528 25.11205203
v 15.31432205 -5.50841528 34.67651666
v 15.31432205 -5.00765014 25.11205203
v 15.31432205 -5.00765014 35.17990953
v 15.31432205 -4.50688499 24.60865916
v 15.31432205 -4.50688499 35.17990953
v 15.31432205 -4.00611985 24.60865916
v 15.31432205 -4.00611985 35.68330241
v 15.31432205 -3.50535470 24.60865916
v 15.31432205 -3.50535470 35.68330241
v 15.31432205 -3.00458956 24.60865916
v 15.31432205 -3.00458956 35.68330241
v 15.31432205 -2.50382441 24.60865916
v 15.31432205 -2.50382441 36.18669529
v 15.31432205 -2.00305927 24.60865916
v 15.31432205 -2.00305927 36.18669529
v 15.31432205 -1.50229412 24.60865916
v 15.31432205 -1.50229412 36.18669529
v 15.31432205 -1.00152898 24.60865916
v 15.31432205 -1.00152898 36.18669529
v 15.31432205 -0.50076383 24.60865916
v 15.31432205 -0.50076383 36.18669529
v 15.31432205 0.00000131 24.60865916
v 15.31432205 0.00000131 36.18669529
v 15.31432205 0.50076646 24.60865916
v 15.31432205 0.50076646 36.18669529
v 15.31432205 1.00153160 24.60865916
v 15.31432205 1.00153160 36.18669529
v 15.31432205 1.50229675 24.60865916
v 15.31432205 1.50229675 36.18669529
v 15.31432205 2.00306189 24.60865916
v 15.31432205 2.00306189 36.18669529
v 15.31432205 2.50382704 24.60865916
v 15.31432205 2.50382704 36.18669529
v 15.31432205 3.00459218 24.60865916
v 15.31432205 3.00459218 35.68330241
v 15.31432205 3.50535733 24.60865916
v 15.31432205 3.50535733 35.68330241
v 15.31432205 4.00612247 24.60865916
v 15.31432205 4.00612247 35.68330241
v 15.31432205 4.50688761 25.11205203
v 15.31432205 4.50688761 35.68330241
v 15.31432205 5.00765276 25.11205203
v 15.31432205 5.00765276 35.17990953
v 15.31432205 5.50841790 25.11205203
v 15.31432205 5.50841790 35.17990953
v 15.31432205 6.00918305 25.61544491
v 15.31432205 6.00918305 34.67651666
v 15.31432205 6.50994819 26.11883778
v 15.31432205 6.50994819 34.67651666
v 15.31432205 7.01071334 26.62223066
v 15.31432205 7.01071334 34.17312378
v 15.31432205 7.51147848 27.12562353
v 15.31432205 7.51147848 33.66973091
v 15.31432205 8.01224363 27.62901641
v 15.31432205 8.01224363 33.16633803
v 15.31432205 8.51300877 28.13240928
v 15.31432205 8.51300877 28.63580216
v 15.31432205 8.51300877 32.15955228
v 15.31432205 8.51300877 32.66294516
v 15.31432205 9.01377392 29.13919503
v 15.31432205 9.01377392 29.64258791
v 15.31432205 9.01377392 30.14598078
v 15.31432205 9.01377392 30.64937366
v 15.31432205 9.01377392 31.15276653
v 15.31432205 9.01377392 31.65615941
v 15.81464660 -8.01224101 29.64258791
v 15.81464660 -8.51300615 30.14598078
v 15.81464660 -8.51300615 30.64937366
v 15.81464660 -8.51300615 31.15276653
v 15.81464660 -8.01224101 31.65615941
v 15.81464660 -7.51147586 28.13240928
v 15.81464660 -8.01224101 28.63580216
v 15.81464660 -8.01224101 29.13919503
v 15.81464660 -8.01224101 32.15955228
v 15.81464660 -8.01224101 32.66294516
v 15.81464660 -7.51147586 33.16633803
v 15.81464660 -7.01071072 27.12562353
v 15.81464660 -7.51147586 27.62901641
v 15.81464660 -7.01071072 33.66973091
v 15.81464660 -6.50994557 26.11883778
v 15.81464660 -7.01071072 26.62223066
v 15.81464660 -6.50994557 34.17312378
v 15.81464660 -6.00918043 25.61544491
v 15.81464660 -6.00918043 34.67651666
v 15.81464660 -5.50841528 25.11205203
v 15.81464660 -5.50841528 35.17990953
v 15.81464660 -5.00765014 25.11205203
v 15.81464660 -5.00765014 35.17990953
v 15.81464660 -4.50688499 24.60865916
v 15.81464660 -4.50688499 35.17990953
v 15.81464660 -4.00611985 24.60865916
v 15.81464660 -4.00611985 35.68330241
v 15.81464660 -3.50535470 24.60865916
v 15.81464660 -3.50535470 35.68330241
v 15.81464660 -3.00458956 24.10526628
v 15.81464660 -3.00458956 35.68330241
v 15.81464660 -2.50382441 24.10526628
v 15.81464660 -2.50382441 36.18669529
v 15.81464660 -2.00305927 24.60865916
v 15.81464660 -2.00305927 36.18669529
v 15.81464660 -1.50229412 24.60865916
v 15.81464660 -1.50229412 36.18669529
v 15.81464660 -1.00152898 24.10526628
v 15.81464660 -1.00152898 36.18669529
v 15.81464660 -0.50076383 24.10526628
v 15.81464660 -0.50076383 36.18669529
v 15.81464660 0.00000131 24.10526628
v 15.81464660 0.00000131 36.18669529
v 15.81464660 0.50076646 24.10526628
v 15.81464660 0.50076646 36.18669529
v 15.81464660 1.00153160 24.10526628
v 15.81464660 1.00153160 36.18669529
v 15.81464660 1.50229675 24.10526628
v 15.81464660 1.50229675 36.18669529
v 15.81464660 2.00306189 24.10526628
v 15.81464660 2.00306189 36.18669529
v 15.81464660 2.50382704 24.60865916
v 15.81464660 2.50382704 35.68330241
v 15.81464660 3.00459218 24.60865916
v 15.81464660 3.00459218 35.68330241
v 15.81464660 3.50535733 24.60865916
v 15.81464660 3.50535733 35.68330241
v 15.81464660 4.00612247 24.60865916
v 15.81464660 4.00612247 35.68330241
v 15.81464660 4.50688761 24.60865916
v 15.81464660 4.50688761 35.68330241
v 15.81464660 5.00765276 25.11205203
v 15.81464660 5.00765276 35.17990953
v 15.81464660 5.50841790 25.11205203
v 15.81464660 5.50841790 35.17990953
v 15.81464660 6.00918305 25.61544491
v 15.81464660 6.00918305 34.67651666
v 15.81464660 6.50994819 25.61544491
v 15.81464660 6.50994819 34.17312378
v 15.81464660 7.01071334 26.11883778
v 15.81464660 7.01071334 34.17312378
v 15.81464660 7.51147848 26.62223066
v 15.81464660 7.51147848 27.12562353
v 15.81464660 7.51147848 33.66973091
v 15.81464660 8.01224363 27.62901641
v 15.81464660 8.01224363 33.16633803
v 15.81464660 8.51300877 28.13240928
v 15.81464660 8.51300877 28.63580216
v 15.81464660 8.51300877 32.15955228
v 15.81464660 8.51300877 32.66294516
v 15.81464660 9.01377392 29.13919503
v 15.81464660 9.01377392 29.64258791
v 15.81464660 9.01377392 30.14598078
v 15.81464660 9.01377392 30.64937366
v 15.81464660 9.01377392 31.15276653
v 15.81464660 9.01377392 31.65615941
v 16.31497115 -8.01224101 29.13919503
v 16.31497115 -8.51300615 29.64258791
v 16.31497115 -8.51300615 30.14598078
v 16.31497115 -8.51300615 30.64937366
v 16.31497115 -8.51300615 31.15276653
v 16.31497115 -8.51300615 31.65615941
v 16.31497115 -8.01224101 32.15955228
v 16.31497115 -7.51147586 27.62901641
v 16.31497115 -8.01224101 28.13240928
v 16.31497115 -8.01224101 28.63580216
v 16.31497115 -8.01224101 32.66294516
v 16.31497115 -7.51147586 33.16633803
v 16.31497115 -7.01071072 26.62223066
v 16.31497115 -7.51147586 27.12562353
v 16.31497115 -7.01071072 33.66973091
v 16.31497115 -6.50994557 26.11883778
v 16.31497115 -6.50994557 34.17312378
v 16.31497115 -6.00918043 25.61544491
v 16.31497115 -6.00918043 34.67651666
v 16.31497115 -5.50841528 25.11205203
v 16.31497115 -5.50841528 35.17990953
v 16.31497115 -5.00765014 24.60865916
v 16.31497115 -5.00765014 35.17990953
v 16.31497115 -4.50688499 24.60865916
v 16.31497115 -4.50688499 35.68330241
v 16.31497115 -4.00611985 24.60865916
v 16.31497115 -4.00611985 35.68330241
v 16.31497115 -3.50535470 24.10526628
v 16.31497115 -3.50535470 35.68330241
v 16.31497115 -3.00458956 24.10526628
v 16.31497115 -3.00458956 35.68330241
v 16.31497115 -2.50382441 24.10526628
v 16.31497115 -2.50382441 36.18669529
v 16.31497115 -2.00305927 24.10526628
v 16.31497115 -2.00305927 36.18669529
v 16.31497115 -1.50229412 24.10526628
v 16.31497115 -1.50229412 36.18669529
v 16.31497115 -1.00152898 24.10526628
v 16.31497115 -1.00152898 36.18669529
v 16.31497115 -0.50076383 24.10526628
v 16.31497115 -0.50076383 36.18669529
v 16.31497115 0.00000131 24.10526628
v 16.31497115 0.00000131 36.18669529
v 16.31497115 0.50076646 24.10526628
v 16.31497115 0.50076646 36.18669529
v 16.31497115 1.00153160 24.10526628
v 16.31497115 1.00153160 36.18669529
v 16.31497115 1.50229675 24.10526628
v 16.31497115 1.50229675 35.68330241
v 16.31497115 2.00306189 24.10526628
v 16.31497115 2.00306189 35.68330241
v 16.31497115 2.50382704 24.10526628
v 16.31497115 2.50382704 35.68330241
v 16.31497115 3.00459218 24.10526628
v 16.31497115 3.00459218 35.68330241
v 16.31497115 3.50535733 24.10526628
v 16.31497115 3.50535733 35.68330241
v 16.31497115 4.00612247 24.60865916
v 16.31497115 4.00612247 35.68330241
v 16.31497115 4.50688761 24.60865916
v 16.31497115 4.50688761 35.17990953
v 16.31497115 5.00765276 24.60865916
v 16.31497115 5.00765276 35.17990953
v 16.31497115 5.50841790 25.11205203
v 16.31497115 5.50841790 35.17990953
v 16.31497115 6.00918305 25.11205203
v 16.31497115 6.00918305 34.67651666
v 16.31497115 6.50994819 25.61544491
v 16.31497115 6.50994819 34.17312378
v 16.31497115 7.01071334 26.11883778
v 16.31497115 7.01071334 34.17312378
v 16.31497115 7.51147848 26.62223066
v 16.31497115 7.51147848 33.66973091
v 16.31497115 8.01224363 27.12562353
v 16.31497115 8.01224363 27.62901641
v 16.31497115 8.01224363 33.16633803
v 16.31497115 8.51300877 28.13240928
v 16.31497115 8.51300877 28.63580216
v 16.31497115 8.51300877 32.15955228
v 16.31497115 8.51300877 32.66294516
v 16.31497115 9.01377392 29.13919503
v 16.31497115 9.01377392 29.64258791
v 16.31497115 9.01377392 30.14598078
v 16.31497115 9.01377392 30.64937366
v 16.31497115 9.01377392 31.15276653
v 16.31497115 9.01377392 31.65615941
v 16.81529570 -8.01224101 28.63580216
v 16.81529570 -8.51300615 29.13919503
v 16.81529570 -8.51300615 29.64258791
v 16.81529570 -8.51300615 30.14598078
v 16.81529570 -8.51300615 30.64937366
v 16.81529570 -8.51300615 31.15276653
v 16.81529570 -8.51300615 31.65615941
v 16.81529570 -8.51300615 32.15955228
v 16.81529570 -8.01224101 32.66294516
v 16.81529570 -7.51147586 27.62901641
v 16.81529570 -8.01224101 28.13240928
v 16.81529570 -7.51147586 33.16633803
v 16.81529570 -7.01071072 26.62223066
v 16.81529570 -7.51147586 27.12562353
v 16.81529570 -7.01071072 33.66973091
v 16.81529570 -6.50994557 26.11883778
v 16.81529570 -6.50994557 34.17312378
v 16.81529570 -6.00918043 25.61544491
v 16.81529570 -6.00918043 34.67651666
v 16.81529570 -5.50841528 25.11205203
v 16.81529570 -5.50841528 35.17990953
v 16.81529570 -5.00765014 24.60865916
v 16.81529570 -5.00765014 35.17990953
v 16.81529570 -4.50688499 24.60865916
v 16.81529570 -4.50688499 35.17990953
v 16.81529570 -4.00611985 24.10526628
v 16.81529570 -4.00611985 35.68330241
v 16.81529570 -3.50535470 24.10526628
v 16.81529570 -3.50535470 35.68330241
v 16.81529570 -3.00458956 24.10526628
v 16.81529570 -3.00458956 35.68330241
v 16.81529570 -2.50382441 24.10526628
v 16.81529570 -2.50382441 35.68330241
v 16.81529570 -2.00305927 24.10526628
v 16.81529570 -2.00305927 35.68330241
v 16.81529570 -1.50229412 24.10526628
v 16.81529570 -1.50229412 36.18669529
v 16.81529570 -1.00152898 24.10526628
v 16.81529570 -1.00152898 36.18669529
v 16.81529570 -0.50076383 24.10526628
v 16.81529570 -0.50076383 36.18669529
v 16.81529570 0.00000131 24.10526628
v 16.81529570 0.00000131 35.68330241
v 16.81529570 0.50076646 24.10526628
v 16.81529570 0.50076646 35.68330241
v 16.81529570 1.00153160 24.10526628
v 16.81529570 1.00153160 35.68330241
v 16.81529570 1.50229675 24.10526628
v 16.81529570 1.50229675 35.68330241
v 16.81529570 2.00306189 24.10526628
v 16.81529570 2.00306189 35.68330241
v 16.81529570 2.50382704 24.10526628
v 16.81529570 2.50382704 35.68330241
v 16.81529570 3.00459218 24.10526628
v 16.81529570 3.00459218 35.68330241
v 16.81529570 3.50535733 24.10526628
v 16.81529570 3.50535733 35.68330241
v 16.81529570 4.00612247 24.10526628
v 16.81529570 4.00612247 35.17990953
v 16.81529570 4.50688761 24.60865916
v 16.81529570 4.50688761 35.17990953
v 16.81529570 5.00765276 24.60865916
v 16.81529570 5.00765276 35.17990953
v 16.81529570 5.50841790 24.60865916
v 16.81529570 5.50841790 34.67651666
v 16.81529570 6.00918305 25.11205203
v 16.81529570 6.00918305 34.67651666
v 16.81529570 6.50994819 25.61544491
v 16.81529570 6.50994819 34.17312378
v 16.81529570 7.01071334 26.11883778
v 16.81529570 7.01071334 34.17312378
v 16.81529570 7.51147848 26.62223066
v 16.81529570 7.51147848 33.66973091
v 16.81529570 8.01224363 27.12562353
v 16.81529570 8.01224363 33.16633803
v 16.81529570 8.51300877 27.62901641
v 16.81529570 8.51300877 28.13240928
v 16.81529570 8.51300877 32.15955228
v 16.81529570 8.51300877 32.66294516
v 16.81529570 9.01377392 28.63580216
v 16.81529570 9.01377392 29.13919503
v 16.81529570 9.01377392 29.64258791
v 16.81529570 9.01377392 30.14598078
v 16.81529570 9.01377392 30.64937366
v 16.81529570 9.01377392 31.15276653
v 16.81529570 9.01377392 31.65615941
v 17.31562024 -8.01224101 28.13240928
v 17.31562024 -8.51300615 28.63580216
v 17.31562024 -8.51300615 29.13919503
v 17.31562024 -8.51300615 29.64258791
v 17.31562024 -8.51300615 30.14598078
v 17.31562024 -8.51300615 30.64937366
v 17.31562024 -8.51300615 31.15276653
v 17.31562024 -8.51300615 31.65615941
v 17.31562024 -8.51300615 32.15955228
v 17.31562024 -8.01224101 32.66294516
v 17.31562024 -7.51147586 27.12562353
v 17.31562024 -8.01224101 27.62901641
v 17.31562024 -8.01224101 33.16633803
v 17.31562024 -7.51147586 33.66973091
v 17.31562024 -7.01071072 26.62223066
v 17.31562024 -7.01071072 34.17312378
v 17.31562024 -6.50994557 25.61544491
v 17.31562024 -7.01071072 26.11883778
v 17.31562024 -6.50994557 34.67651666
v 17.31562024 -6.00918043 25.11205203
v 17.31562024 -6.00918043 34.67651666
v 17.31562024 -5.50841528 24.60865916
v 17.31562024 -5.50841528 35.17990953
v 17.31562024 -5.00765014 24.60865916
v 17.31562024 -5.00765014 35.17990953
v 17.31562024 -4.50688499 24.10526628
v 17.31562024 -4.50688499 35.17990953
v 17.31562024 -4.00611985 24.10526628
v 17.31562024 -4.00611985 35.68330241
v 17.31562024 -3.50535470 24.10526628
v 17.31562024 -3.50535470 35.68330241
v 17.31562024 -3.00458956 24.10526628
v 17.31562024 -3.00458956 35.68330241
v 17.31562024 -2.50382441 24.10526628
v 17.31562024 -2.50382441 35.68330241
v 17.31562024 -2.00305927 24.10526628
v 17.31562024 -2.00305927 35.68330241
v 17.31562024 -1.50229412 24.10526628
v 17.31562024 -1.50229412 35.68330241
v 17.31562024 -1.00152898 24.10526628
v 17.31562024 -1.00152898 35.68330241
v 17.31562024 -0.50076383 24.10526628
v 17.31562024 -0.50076383 35.68330241
v 17.31562024 0.00000131 24.10526628
v 17.31562024 0.00000131 35.68330241
v 17.31562024 0.50076646 23.60187341
v 17.31562024 0.50076646 35.68330241
v 17.31562024 1.00153160 23.60187341
v 17.31562024 1.00153160 35.68330241
v 17.31562024 1.50229675 23.60187341
v 17.31562024 1.50229675 35.68330241
v 17.31562024 2.00306189 23.60187341
v 17.31562024 2.00306189 35.68330241
v 17.31562024 2.50382704 23.60187341
v 17.31562024 2.50382704 35.68330241
v 17.31562024 3.00459218 24.10526628
v 17.31562024 3.00459218 35.68330241
v 17.31562024 3.50535733 24.10526628
v 17.31562024 3.50535733 35.17990953
v 17.31562024 4.00612247 24.10526628
v 17.31562024 4.00612247 35.17990953
v 17.31562024 4.50688761 24.10526628
v 17.31562024 4.50688761 35.17990953
v 17.31562024 5.00765276 24.60865916
v 17.31562024 5.00765276 35.17990953
v 17.31562024 5.50841790 24.60865916
v 17.31562024 5.50841790 34.67651666
v 17.31562024 6.00918305 25.11205203
v 17.31562024 6.00918305 34.67651666
v 17.31562024 6.50994819 25.11205203
v 17.31562024 6.50994819 34.17312378
v 17.31562024 7.01071334 25.61544491
v 17.31562024 7.01071334 34.17312378
v 17.31562024 7.51147848 26.11883778
v 17.31562024 7.51147848 33.66973091
v 17.31562024 8.01224363 26.62223066
v 17.31562024 8.01224363 27.12562353
v 17.31562024 8.01224363 33.16633803
v 17.31562024 8.51300877 27.62901641
v 17.31562024 8.51300877 28.13240928
v 17.31562024 8.51300877 32.15955228
v 17.31562024 8.51300877 32.66294516
v 17.31562024 9.01377392 28.63580216
v 17.31562024 9.01377392 29.13919503
v 17.31562024 9.01377392 29.64258791
v 17.31562024 9.01377392 30.14598078
v 17.31562024 9.01377392 30.64937366
v 17.31562024 9.01377392 31.15276653
v 17.31562024 9.01377392 31.65615941
v 17.81594479 -8.51300615 29.13919503
v 17.81594479 -9.01377130 29.64258791
v 17.81594479 -9.01377130 30.14598078
v 17.81594479 -9.01377130 30.64937366
v 17.81594479 -9.01377130 31.15276653
v 17.81594479 -8.51300615 31.65615941
v 17.81594479 -8.01224101 28.13240928
v 17.81594479 -8.51300615 28.63580216
v 17.81594479 -8.51300615 32.15955228
v 17.81594479 -8.51300615 32.66294516
v 17.81594479 -8.01224101 33.16633803
v 17.81594479 -7.51147586 27.12562353
v 17.81594479 -8.01224101 27.62901641
v 17.81594479 -7.51147586 33.66973091
v 17.81594479 -7.01071072 26.11883778
v 17.81594479 -7.51147586 26.62223066
v 17.81594479 -7.01071072 34.17312378
v 17.81594479 -6.50994557 25.61544491
v 17.81594479 -6.50994557 34.67651666
v 17.81594479 -6.00918043 25.11205203
v 17.81594479 -6.00918043 34.67651666
v 17.81594479 -5.50841528 24.60865916
v 17.81594479 -5.50841528 35.17990953
v 17.81594479 -5.00765014 24.10526628
v 17.81594479 -5.00765014 35.17990953
v 17.81594479 -4.50688499 24.10526628
v 17.81594479 -4.50688499 35.17990953
v 17.81594479 -4.00611985 24.10526628
v 17.81594479 -4.00611985 35.68330241
v 17.81594479 -3.50535470 24.10526628
v 17.81594479 -3.50535470 35.68330241
v 17.81594479 -3.00458956 24.10526628
v 17.81594479 -3.00458956 35.68330241
v 17.81594479 -2.50382441 24.10526628
v 17.81594479 -2.50382441 35.68330241
v 17.81594479 -2.00305927 23.60187341
v 17.81594479 -2.00305927 35.68330241
v 17.81594479 -1.50229412 23.60187341
v 17.81594479 -1.50229412 35.68330241
v 17.81594479 -1.00152898 23.60187341
v 17.81594479 -1.00152898 35.68330241
v 17.81594479 -0.50076383 23.60187341
v 17.81594479 -0.50076383 35.68330241
v 17.81594479 0.00000131 23.60187341
v 17.81594479 0.00000131 35.68330241
v 17.81594479 0.50076646 23.60187341
v 17.81594479 0.50076646 35.68330241
v 17.81594479 1.00153160 23.60187341
v 17.81594479 1.00153160 35.68330241
v 17.81594479 1.50229675 23.60187341
v 17.81594479 1.50229675 35.68330241
v 17.81594479 2.00306189 23.60187341
v 17.81594479 2.00306189 35.68330241
v 17.81594479 2.50382704 23.60187341
v 17.81594479 2.50382704 35.17990953
v 17.81594479 3.00459218 23.60187341
v 17.81594479 3.00459218 35.17990953
v 17.81594479 3.50535733 23.60187341
v 17.81594479 3.50535733 35.17990953
v 17.81594479 4.00612247 24.10526628
v 17.81594479 4.00612247 35.17990953
v 17.81594479 4.50688761 24.10526628
v 17.81594479 4.50688761 35.17990953
v 17.81594479 5.00765276 24.10526628
v 17.81594479 5.00765276 34.67651666
v 17.81594479 5.50841790 24.60865916
v 17.81594479 5.50841790 34.67651666
v 17.81594479 6.00918305 24.60865916
v 17.81594479 6.00918305 34.67651666
v 17.81594479 6.50994819 25.11205203
v 17.81594479 6.50994819 34.17312378
v 17.81594479 7.01071334 25.61544491
v 17.81594479 7.01071334 33.66973091
v 17.81594479 7.51147848 26.11883778
v 17.81594479 7.51147848 33.66973091
v 17.81594479 8.01224363 26.62223066
v 17.81594479 8.01224363 33.16633803
v 17.81594479 8.51300877 27.12562353
v 17.81594479 8.51300877 27.62901641
v 17.81594479 8.51300877 32.15955228
v 17.81594479 8.51300877 32.66294516
v 17.81594479 9.01377392 28.13240928
v 17.81594479 9.01377392 28.63580216
v 17.81594479 9.01377392 29.13919503
v 17.81594479 9.01377392 31.15276653
v 17.81594479 9.01377392 31.65615941
v 17.81594479 9.51453906 29.64258791
v 17.81594479 9.51453906 30.14598078
v 17.81594479 9.51453906 30.64937366
v 18.31626934 -8.51300615 28.63580216
v 18.31626934 -9.01377130 29.13919503
v 18.31626934 -9.01377130 29.64258791
v 18.31626934 -9.01377130 30.14598078
v 18.31626934 -9.01377130 30.64937366
v 18.31626934 -9.01377130 31.15276653
v 18.31626934 -9.01377130 31.65615941
v 18.31626934 -8.51300615 32.15955228
v 18.31626934 -8.01224101 27.62901641
v 18.31626934 -8.51300615 28.13240928
v 18.31626934 -8.51300615 32.66294516
v 18.31626934 -8.01224101 33.16633803
v 18.31626934 -7.51147586 26.62223066
v 18.31626934 -8.01224101 27.12562353
v 18.31626934 -7.51147586 33.66973091
v 18.31626934 -7.01071072 26.11883778
v 18.31626934 -7.01071072 34.17312378
v 18.31626934 -6.50994557 25.61544491
v 18.31626934 -6.50994557 34.67651666
v 18.31626934 -6.00918043 25.11205203
v 18.31626934 -6.00918043 34.67651666
v 18.31626934 -5.50841528 24.60865916
v 18.31626934 -5.50841528 35.17990953
v 18.31626934 -5.00765014 24.10526628
v 18.31626934 -5.00765014 35.17990953
v 18.31626934 -4.50688499 24.10526628
v 18.31626934 -4.50688499 35.17990953
v 18.31626934 -4.00611985 24.10526628
v 18.31626934 -4.00611985 35.17990953
v 18.31626934 -3.50535470 23.60187341
v 18.31626934 -3.50535470 35.68330241
v 18.31626934 -3.00458956 23.60187341
v 18.31626934 -3.00458956 35.68330241
v 18.31626934 -2.50382441 23.60187341
v 18.31626934 -2.50382441 35.68330241
v 18.31626934 -2.00305927 23.60187341
v 18.31626934 -2.00305927 35.68330241
v 18.31626934 -1.50229412 23.60187341
v 18.31626934 -1.50229412 35.68330241
v 18.31626934 -1.00152898 23.60187341
v 18.31626934 -1.00152898 35.68330241
v 18.31626934 -0.50076383 23.60187341
v 18.31626934 -0.50076383 35.68330241
v 18.31626934 0.00000131 23.60187341
v 18.31626934 0.00000131 35.68330241
v 18.31626934 0.50076646 23.60187341
v 18.31626934 0.50076646 35.68330241
v 18.31626934 1.00153160 23.60187341
v 18.31626934 1.00153160 35.68330241
v 18.31626934 1.50229675 23.60187341
v 18.31626934 1.50229675 35.17990953
v 18.31626934 2.00306189 23.60187341
v 18.31626934 2.00306189 35.17990953
v 18.31626934 2.50382704 23.60187341
v 18.31626934 2.50382704 35.17990953
v 18.31626934 3.00459218 23.60187341
v 18.31626934 3.00459218 35.17990953
v 18.31626934 3.50535733 23.60187341
v 18.31626934 3.50535733 35.17990953
v 18.31626934 4.00612247 23.60187341
v 18.31626934 4.00612247 35.17990953
v 18.31626934 4.50688761 23.60187341
v 18.31626934 4.50688761 34.67651666
v 18.31626934 5.00765276 24.10526628
v 18.31626934 5.00765276 34.67651666
v 18.31626934 5.50841790 24.10526628
v 18.31626934 5.50841790 34.67651666
v 18.31626934 6.00918305 24.60865916
v 18.31626934 6.00918305 34.67651666
v 18.31626934 6.50994819 24.60865916
v 18.31626934 6.50994819 34.17312378
v 18.31626934 7.01071334 25.11205203
v 18.31626934 7.01071334 33.66973091
v 18.31626934 7.51147848 25.61544491
v 18.31626934 7.51147848 26.11883778
v 18.31626934 7.51147848 33.66973091
v 18.31626934 8.01224363 26.62223066
v 18.31626934 8.01224363 33.16633803
v 18.31626934 8.51300877 27.12562353
v 18.31626934 8.51300877 27.62901641
v 18.31626934 8.51300877 32.15955228
v 18.31626934 8.51300877 32.66294516
v 18.31626934 9.01377392 28.13240928
v 18.31626934 9.01377392 28.63580216
v 18.31626934 9.01377392 31.15276653
v 18.31626934 9.01377392 31.65615941
v 18.31626934 9.51453906 29.13919503
v 18.31626934 9.51453906 29.64258791
v 18.31626934 9.51453906 30.14598078
v 18.31626934 9.51453906 30.64937366
v 18.81659389 -8.51300615 28.13240928
v 18.81659389 -9.01377130 28.63580216
v 18.81659389 -9.01377130 29.13919503
v 18.81659389 -9.01377130 29.64258791
v 18.81659389 -9.01377130 30.14598078
v 18.81659389 -9.01377130 30.64937366
v 18.81659389 -9.01377130 31.15276653
v 18.81659389 -9.01377130 31.65615941
v 18.81659389 -9.01377130 32.15955228
v 18.81659389 -8.51300615 32.66294516
v 18.81659389 -8.01224101 27.12562353
v 18.81659389 -8.51300615 27.62901641
v 18.81659389 -8.01224101 33.16633803
v 18.81659389 -7.51147586 26.62223066
v 18.81659389 -7.51147586 33.66973091
v 18.81659389 -7.01071072 26.11883778
v 18.81659389 -7.01071072 34.17312378
v 18.81659389 -6.50994557 25.11205203
v 18.81659389 -7.01071072 25.61544491
v 18.81659389 -6.50994557 34.67651666
v 18.81659389 -6.00918043 24.60865916
v 18.81659389 -6.00918043 34.67651666
v 18.81659389 -5.50841528 24.10526628
v 18.81659389 -5.50841528 35.17990953
v 18.81659389 -5.00765014 24.10526628
v 18.81659389 -5.00765014 35.17990953
v 18.81659389 -4.50688499 23.60187341
v 18.81659389 -4.50688499 35.17990953
v 18.81659389 -4.00611985 23.60187341
v 18.81659389 -4.00611985 35.17990953
v 18.81659389 -3.50535470 23.60187341
v 18.81659389 -3.50535470 35.17990953
v 18.81659389 -3.00458956 23.60187341
v 18.81659389 -3.00458956 35.68330241
v 18.81659389 -2.50382441 23.60187341
v 18.81659389 -2.50382441 35.68330241
v 18.81659389 -2.00305927 23.60187341
v 18.81659389 -2.00305927 35.68330241
v 18.81659389 -1.50229412 23.60187341
v 18.81659389 -1.50229412 35.68330241
v 18.81659389 -1.00152898 23.60187341
v 18.81659389 -1.00152898 35.68330241
v 18.81659389 -0.50076383 23.60187341
v 18.81659389 -0.50076383 35.68330241
v 18.81659389 0.00000131 23.60187341
v 18.81659389 0.00000131 35.17990953
v 18.81659389 0.50076646 23.60187341
v 18.81659389 0.50076646 35.17990953
v 18.81659389 1.00153160 23.60187341
v 18.81659389 1.00153160 35.17990953
v 18.81659389 1.50229675 23.60187341
v 18.81659389 1.50229675 35.17990953
v 18.81659389 2.00306189 23.60187341
v 18.81659389 2.00306189 35.17990953
v 18.81659389 2.50382704 23.60187341
v 18.81659389 2.50382704 35.17990953
v 18.81659389 3.00459218 23.60187341
v 18.81659389 3.00459218 35.17990953
v 18.81659389 3.50535733 23.60187341
v 18.81659389 3.50535733 35.17990953
v 18.81659389 4.00612247 23.60187341
v 18.81659389 4.00612247 34.67651666
v 18.81659389 4.50688761 23.60187341
v 18.81659389 4.50688761 34.67651666
v 18.81659389 5.00765276 23.60187341
v 18.81659389 5.00765276 34.67651666
v 18.81659389 5.50841790 24.10526628
v 18.81659389 5.50841790 34.67651666
v 18.81659389 6.00918305 24.10526628
v 18.81659389 6.00918305 34.17312378
v 18.81659389 6.50994819 24.60865916
v 18.81659389 6.50994819 34.17312378
v 18.81659389 7.01071334 25.11205203
v 18.81659389 7.01071334 33.66973091
v 18.81659389 7.51147848 25.61544491
v 18.81659389 7.51147848 33.16633803
v 18.81659389 8.01224363 26.11883778
v 18.81659389 8.01224363 32.66294516
v 18.81659389 8.51300877 26.62223066
v 18.81659389 8.51300877 27.12562353
v 18.81659389 8.51300877 32.15955228
v 18.81659389 9.01377392 27.62901641
v 18.81659389 9.01377392 28.13240928
v 18.81659389 9.01377392 31.65615941
v 18.81659389 9.51453906 28.63580216
v 18.81659389 9.51453906 29.13919503
v 18.81659389 9.51453906 29.64258791
v 18.81659389 9.51453906 30.14598078
v 18.81659389 9.51453906 30.64937366
v 18.81659389 9.51453906 31.15276653
v 19.31691843 -8.51300615 28.13240928
v 19.31691843 -9.01377130 28.63580216
v 19.31691843 -9.01377130 29.13919503
v 19.31691843 -9.01377130 29.64258791
v 19.31691843 -9.01377130 30.14598078
v 19.31691843 -9.01377130 30.64937366
v 19.31691843 -9.01377130 31.15276653
v 19.31691843 -9.01377130 31.65615941
v 19.31691843 -9.01377130 32.15955228
v 19.31691843 -8.51300615 32.66294516
v 19.31691843 -8.01224101 27.12562353
v 19.31691843 -8.51300615 27.62901641
v 19.31691843 -8.51300615 33.16633803
v 19.31691843 -8.01224101 33.66973091
v 19.31691843 -7.51147586 26.11883778
v 19.31691843 -8.01224101 26.62223066
v 19.31691843 -7.51147586 34.17312378
v 19.31691843 -7.01071072 25.61544491
v 19.31691843 -7.01071072 34.17312378
v 19.31691843 -6.50994557 25.11205203
v 19.31691843 -6.50994557 34.67651666
v 19.31691843 -6.00918043 24.60865916
v 19.31691843 -6.00918043 34.67651666
v 19.31691843 -5.50841528 24.10526628
v 19.31691843 -5.50841528 35.17990953
v 19.31691843 -5.00765014 24.10526628
v 19.31691843 -5.00765014 35.17990953
v 19.31691843 -4.50688499 23.60187341
v 19.31691843 -4.50688499 35.17990953
v 19.31691843 -4.00611985 23.60187341
v 19.31691843 -4.00611985 35.17990953
v 19.31691843 -3.50535470 23.60187341
v 19.31691843 -3.50535470 35.17990953
v 19.31691843 -3.00458956 23.60187341
v 19.31691843 -3.00458956 35.17990953
v 19.31691843 -2.50382441 23.60187341
v 19.31691843 -2.50382441 35.17990953
v 19.31691843 -2.00305927 23.60187341
v 19.31691843 -2.00305927 35.17990953
v 19.31691843 -1.50229412 23.60187341
v 19.31691843 -1.50229412 35.17990953
v 19.31691843 -1.00152898 23.60187341
v 19.31691843 -1.00152898 35.17990953
v 19.31691843 -0.50076383 23.09848053
v 19.31691843 -0.50076383 35.17990953
v 19.31691843 0.00000131 23.09848053
v 19.31691843 0.00000131 35.17990953
v 19.31691843 0.50076646 23.09848053
v 19.31691843 0.50076646 35.17990953
v 19.31691843 1.00153160 23.09848053
v 19.31691843 1.00153160 35.17990953
v 19.31691843 1.50229675 23.09848053
v 19.31691843 1.50229675 35.17990953
v 19.31691843 2.00306189 23.09848053
v 19.31691843 2.00306189 35.17990953
v 19.31691843 2.50382704 23.09848053
v 19.31691843 2.50382704 35.17990953
v 19.31691843 3.00459218 23.09848053
v 19.31691843 3.00459218 35.17990953
v 19.31691843 3.50535733 23.09848053
v 19.31691843 3.50535733 34.67651666
v 19.31691843 4.00612247 23.60187341
v 19.31691843 4.00612247 34.67651666
v 19.31691843 4.50688761 23.60187341
v 19.31691843 4.50688761 34.67651666
v 19.31691843 5.00765276 23.60187341
v 19.31691843 5.00765276 34.67651666
v 19.31691843 5.50841790 24.10526628
v 19.31691843 5.50841790 34.67651666
v 19.31691843 6.00918305 24.10526628
v 19.31691843 6.00918305 34.17312378
v 19.31691843 6.50994819 24.60865916
v 19.31691843 6.50994819 34.17312378
v 19.31691843 7.01071334 25.11205203
v 19.31691843 7.01071334 33.66973091
v 19.31691843 7.51147848 25.61544491
v 19.31691843 7.51147848 33.16633803
v 19.31691843 8.01224363 26.11883778
v 19.31691843 8.01224363 32.66294516
v 19.31691843 8.51300877 26.62223066
v 19.31691843 8.51300877 27.12562353
v 19.31691843 8.51300877 32.15955228
v 19.31691843 9.01377392 27.62901641
v 19.31691843 9.01377392 28.13240928
v 19.31691843 9.01377392 31.65615941
v 19.31691843 9.51453906 28.63580216
v 19.31691843 9.51453906 29.13919503
v 19.31691843 9.51453906 29.64258791
v 19.31691843 9.51453906 30.14598078
v 19.31691843 9.51453906 30.64937366
v 19.31691843 9.51453906 31.15276653
v 19.81724298 -9.01377130 28.63580216
v 19.81724298 -9.51453644 29.13919503
v 19.81724298 -9.51453644 29.64258791
v 19.81724298 -9.51453644 30.14598078
v 19.81724298 -9.51453644 30.64937366
v 19.81724298 -9.51453644 31.15276653
v 19.81724298 -9.01377130 31.65615941
v 19.81724298 -8.51300615 27.62901641
v 19.81724298 -9.01377130 28.13240928
v 19.81724298 -9.01377130 32.15955228
v 19.81724298 -9.01377130 32.66294516
v 19.81724298 -8.51300615 33.16633803
v 19.81724298 -8.01224101 26.62223066
v 19.81724298 -8.51300615 27.12562353
v 19.81724298 -8.01224101 33.66973091
v 19.81724298 -7.51147586 26.11883778
v 19.81724298 -7.51147586 34.17312378
v 19.81724298 -7.01071072 25.61544491
v 19.81724298 -7.01071072 34.67651666
v 19.81724298 -6.50994557 25.11205203
v 19.81724298 -6.50994557 34.67651666
v 19.81724298 -6.00918043 24.60865916
v 19.81724298 -6.00918043 34.67651666
v 19.81724298 -5.50841528 24.10526628
v 19.81724298 -5.50841528 35.17990953
v 19.81724298 -5.00765014 23.60187341
v 19.81724298 -5.00765014 35.17990953
v 19.81724298 -4.50688499 23.60187341
v 19.81724298 -4.50688499 35.17990953
v 19.81724298 -4.00611985 23.60187341
v 19.81724298 -4.00611985 35.17990953
v 19.81724298 -3.50535470 23.60187341
v 19.81724298 -3.50535470 35.17990953
v 19.81724298 -3.00458956 23.60187341
v 19.81724298 -3.00458956 35.17990953
v 19.81724298 -2.50382441 23.09848053
v 19.81724298 -2.50382441 35.17990953
v 19.81724298 -2.00305927 23.09848053
v 19.81724298 -2.00305927 35.17990953
v 19.81724298 -1.50229412 23.09848053
v 19.81724298 -1.50229412 35.17990953
v 19.81724298 -1.00152898 23.09848053
v 19.81724298 -1.00152898 35.17990953
v 19.81724298 -0.50076383 23.09848053
v 19.81724298 -0.50076383 35.17990953
v 19.81724298 0.00000131 23.09848053
v 19.81724298 0.00000131 35.17990953
v 19.81724298 0.50076646 23.09848053
v 19.81724298 0.50076646 35.17990953
v 19.81724298 1.00153160 23.09848053
v 19.81724298 1.00153160 35.17990953
v 19.81724298 1.50229675 23.09848053
v 19.81724298 1.50229675 35.17990953
v 19.81724298 2.00306189 23.09848053
v 19.81724298 2.00306189 35.17990953
v 19.81724298 2.50382704 23.09848053
v 19.81724298 2.50382704 34.67651666
v 19.81724298 3.00459218 23.09848053
v 19.81724298 3.00459218 34.67651666
v 19.81724298 3.50535733 23.09848053
v 19.81724298 3.50535733 34.67651666
v 19.81724298 4.00612247 23.09848053
v 19.81724298 4.00612247 34.67651666
v 19.81724298 4.50688761 23.09848053
v 19.81724298 4.50688761 34.67651666
v 19.81724298 5.00765276 23.60187341
v 19.81724298 5.00765276 34.67651666
v 19.81724298 5.50841790 23.60187341
v 19.81724298 5.50841790 34.17312378
v 19.81724298 6.00918305 24.10526628
v 19.81724298 6.00918305 34.17312378
v 19.81724298 6.50994819 24.10526628
v 19.81724298 6.50994819 34.17312378
v 19.81724298 7.01071334 24.60865916
v 19.81724298 7.01071334 33.66973091
v 19.81724298 7.51147848 25.11205203
v 19.81724298 7.51147848 33.16633803
v 19.81724298 8.01224363 25.61544491
v 19.81724298 8.01224363 32.66294516
v 19.81724298 8.51300877 26.11883778
v 19.81724298 8.51300877 26.62223066
v 19.81724298 8.51300877 32.15955228
v 19.81724298 9.01377392 27.12562353
v 19.81724298 9.01377392 27.62901641
v 19.81724298 9.01377392 31.65615941
v 19.81724298 9.51453906 28.13240928
v 19.81724298 9.51453906 28.63580216
v 19.81724298 9.51453906 29.13919503
v 19.81724298 9.51453906 29.64258791
v 19.81724298 9.51453906 30.14598078
v 19.81724298 9.51453906 30.64937366
v 19.81724298 9.51453906 31.15276653
v 20.31756753 -9.01377130 28.13240928
v 20.31756753 -9.51453644 28.63580216
v 20.31756753 -9.51453644 29.13919503
v 20.31756753 -9.51453644 29.64258791
v 20.31756753 -9.51453644 30.14598078
v 20.31756753 -9.51453644 30.64937366
v 20.31756753 -9.51453644 31.15276653
v 20.31756753 -9.51453644 31.65615941
v 20.31756753 -9.01377130 32.15955228
v 20.31756753 -8.51300615 27.12562353
v 20.31756753 -9.01377130 27.62901641
v 20.31756753 -9.01377130 32.66294516
v 20.31756753 -8.51300615 33.16633803
v 20.31756753 -8.01224101 26.62223066
v 20.31756753 -8.01224101 33.66973091
v 20.31756753 -7.51147586 25.61544491
v 20.31756753 -8.01224101 26.11883778
v 20.31756753 -7.51147586 34.17312378
v 20.31756753 -7.01071072 25.11205203
v 20.31756753 -7.01071072 34.67651666
v 20.31756753 -6.50994557 24.60865916
v 20.31756753 -6.50994557 34.67651666
v 20.31756753 -6.00918043 24.10526628
v 20.31756753 -6.00918043 34.67651666
v 20.31756753 -5.50841528 23.60187341
v 20.31756753 -5.50841528 35.17990953
v 20.31756753 -5.00765014 23.60187341
v 20.31756753 -5.00765014 35.17990953
v 20.31756753 -4.50688499 23.60187341
v 20.31756753 -4.50688499 35.17990953
v 20.31756753 -4.00611985 23.09848053
v 20.31756753 -4.00611985 35.17990953
v 20.31756753 -3.50535470 23.09848053
v 20.31756753 -3.50535470 35.17990953
v 20.31756753 -3.00458956 23.09848053
v 20.31756753 -3.00458956 35.17990953
v 20.31756753 -2.50382441 23.09848053
v 20.31756753 -2.50382441 35.17990953
v 20.31756753 -2.00305927 23.09848053
v 20.31756753 -2.00305927 35.17990953
v 20.31756753 -1.50229412 23.09848053
v 20.31756753 -1.50229412 35.17990953
v 20.31756753 -1.00152898 23.09848053
v 20.31756753 -1.00152898 35.17990953
v 20.31756753 -0.50076383 23.09848053
v 20.31756753 -0.50076383 35.17990953
v 20.31756753 0.00000131 23.09848053
v 20.31756753 0.00000131 35.17990953
v 20.31756753 0.50076646 23.09848053
v 20.31756753 0.50076646 35.17990953
v 20.31756753 1.00153160 23.09848053
v 20.31756753 1.00153160 35.17990953
v 20.31756753 1.50229675 23.09848053
v 20.31756753 1.50229675 34.67651666
v 20.31756753 2.00306189 23.09848053
v 20.31756753 2.00306189 34.67651666
v 20.31756753 2.50382704 23.09848053
v 20.31756753 2.50382704 34.67651666
v 20.31756753 3.00459218 23.09848053
v 20.31756753 3.00459218 34.67651666
v 20.31756753 3.50535733 23.09848053
v 20.31756753 3.50535733 34.67651666
v 20.31756753 4.00612247 23.09848053
v 20.31756753 4.00612247 34.67651666
v 20.31756753 4.50688761 23.09848053
v 20.31756753 4.50688761 34.67651666
v 20.31756753 5.00765276 23.09848053
v 20.31756753 5.00765276 34.17312378
v 20.31756753 5.50841790 23.60187341
v 20.31756753 5.50841790 34.17312378
v 20.31756753 6.00918305 23.60187341
v 20.31756753 6.00918305 34.17312378
v 20.31756753 6.50994819 24.10526628
v 20.31756753 6.50994819 33.66973091
v 20.31756753 7.01071334 24.60865916
v 20.31756753 7.01071334 33.66973091
v 20.31756753 7.51147848 25.11205203
v 20.31756753 7.51147848 33.16633803
v 20.31756753 8.01224363 25.61544491
v 20.31756753 8.01224363 32.66294516
v 20.31756753 8.51300877 26.11883778
v 20.31756753 8.51300877 32.15955228
v 20.31756753 9.01377392 26.62223066
v 20.31756753 9.01377392 27.12562353
v 20.31756753 9.01377392 31.65615941
v 20.31756753 9.51453906 27.62901641
v 20.31756753 9.51453906 28.13240928
v 20.31756753 9.51453906 28.63580216
v 20.31756753 9.51453906 30.64937366
v 20.31756753 9.51453906 31.15276653
v 20.31756753 10.01530421 29.13919503
v 20.31756753 10.01530421 29.64258791
v 20.31756753 10.01530421 30.14598078
v 20.81789207 -9.01377130 27.62901641
v 20.81789207 -9.51453644 28.13240928
v 20.81789207 -9.51453644 28.63580216
v 20.81789207 -9.51453644 29.13919503
v 20.81789207 -9.51453644 29.64258791
v 20.81789207 -9.51453644 30.14598078
v 20.81789207 -9.51453644 30.64937366
v 20.81789207 -9.51453644 31.15276653
v 20.81789207 -9.51453644 31.65615941
v 20.81789207 -9.01377130 32.15955228
v 20.81789207 -8.51300615 26.62223066
v 20.81789207 -9.01377130 27.12562353
v 20.81789207 -9.01377130 32.66294516
v 20.81789207 -8.51300615 33.16633803
v 20.81789207 -8.01224101 26.11883778
v 20.81789207 -8.01224101 33.66973091
v 20.81789207 -7.51147586 25.61544491
v 20.81789207 -7.51147586 34.17312378
v 20.81789207 -7.01071072 25.11205203
v 20.81789207 -7.01071072 34.67651666
v 20.81789207 -6.50994557 24.60865916
v 20.81789207 -6.50994557 34.67651666
v 20.81789207 -6.00918043 24.10526628
v 20.81789207 -6.00918043 34.67651666
v 20.81789207 -5.50841528 23.60187341
v 20.81789207 -5.50841528 34.67651666
v 20.81789207 -5.00765014 23.60187341
v 20.81789207 -5.00765014 35.17990953
v 20.81789207 -4.50688499 23.09848053
v 20.81789207 -4.50688499 35.17990953
v 20.81789207 -4.00611985 23.09848053
v 20.81789207 -4.00611985 35.17990953
v 20.81789207 -3.50535470 23.09848053
v 20.81789207 -3.50535470 35.17990953
v 20.81789207 -3.00458956 23.09848053
v 20.81789207 -3.00458956 35.17990953
v 20.81789207 -2.50382441 23.09848053
v 20.81789207 -2.50382441 35.17990953
v 20.81789207 -2.00305927 23.09848053
v 20.81789207 -2.00305927 35.17990953
v 20.81789207 -1.50229412 23.09848053
v 20.81789207 -1.50229412 35.17990953
v 20.81789207 -1.00152898 23.09848053
v 20.81789207 -1.00152898 35.17990953
v 20.81789207 -0.50076383 23.09848053
v 20.81789207 -0.50076383 35.17990953
v 20.81789207 0.00000131 22.59508765
v 20.81789207 0.00000131 35.17990953
v 20.81789207 0.50076646 22.59508765
v 20.81789207 0.50076646 34.67651666
v 20.81789207 1.00153160 22.59508765
v 20.81789207 1.00153160 34.67651666
v 20.81789207 1.50229675 22.59508765
v 20.81789207 1.50229675 34.67651666
v 20.81789207 2.00306189 22.59508765
v 20.81789207 2.00306189 34.67651666
v 20.81789207 2.50382704 22.59508765
v 20.81789207 2.50382704 34.67651666
v 20.81789207 3.00459218 22.59508765
v 20.81789207 3.00459218 34.67651666
v 20.81789207 3.50535733 23.09848053
v 20.81789207 3.50535733 34.67651666
v 20.81789207 4.00612247 23.09848053
v 20.81789207 4.00612247 34.67651666
v 20.81789207 4.50688761 23.09848053
v 20.81789207 4.50688761 34.17312378
v 20.81789207 5.00765276 23.09848053
v 20.81789207 5.00765276 34.17312378
v 20.81789207 5.50841790 23.09848053
v 20.81789207 5.50841790 34.17312378
v 20.81789207 6.00918305 23.60187341
v 20.81789207 6.00918305 34.17312378
v 20.81789207 6.50994819 24.10526628
v 20.81789207 6.50994819 33.66973091
v 20.81789207 7.01071334 24.10526628
v 20.81789207 7.01071334 33.66973091
v 20.81789207 7.51147848 24.60865916
v 20.81789207 7.51147848 33.16633803
v 20.81789207 8.01224363 25.11205203
v 20.81789207 8.01224363 32.66294516
v 20.81789207 8.51300877 25.61544491
v 20.81789207 8.51300877 26.11883778
v 20.81789207 8.51300877 32.15955228
v 20.81789207 9.01377392 26.62223066
v 20.81789207 9.01377392 27.12562353
v 20.81789207 9.01377392 31.65615941
v 20.81789207 9.51453906 27.62901641
v 20.81789207 9.51453906 28.13240928
v 20.81789207 9.51453906 30.64937366
v 20.81789207 9.51453906 31.15276653
v 20.81789207 10.01530421 28.63580216
v 20.81789207 10.01530421 29.13919503
v 20.81789207 10.01530421 29.64258791
v 20.81789207 10.01530421 30.14598078
v 21.31821662 -9.51453644 28.13240928
v 21.31821662 -10.01530159 28.63580216
v 21.31821662 -10.01530159 29.13919503
v 21.31821662 -10.01530159 29.64258791
v 21.31821662 -10.01530159 30.14598078
v 21.31821662 -10.01530159 30.64937366
v 21.31821662 -9.51453644 31.15276653
v 21.31821662 -9.01377130 27.12562353
v 21.31821662 -9.51453644 27.62901641
v 21.31821662 -9.51453644 31.65615941
v 21.31821662 -9.51453644 32.15955228
v 21.31821662 -9.01377130 32.66294516
v 21.31821662 -8.51300615 26.62223066
v 21.31821662 -8.51300615 33.16633803
v 21.31821662 -8.01224101 26.11883778
v 21.31821662 -8.01224101 33.66973091
v 21.31821662 -7.51147586 25.11205203
v 21.31821662 -8.01224101 25.61544491
v 21.31821662 -7.51147586 34.17312378
v 21.31821662 -7.01071072 24.60865916
v 21.31821662 -7.01071072 34.17312378
v 21.31821662 -6.50994557 24.10526628
v 21.31821662 -6.50994557 34.67651666
v 21.31821662 -6.00918043 23.60187341
v 21.31821662 -6.00918043 34.67651666
v 21.31821662 -5.50841528 23.60187341
v 21.31821662 -5.50841528 34.67651666
v 21.31821662 -5.00765014 23.09848053
v 21.31821662 -5.00765014 34.67651666
v 21.31821662 -4.50688499 23.09848053
v 21.31821662 -4.50688499 34.67651666
v 21.31821662 -4.00611985 23.09848053
v 21.31821662 -4.00611985 34.67651666
v 21.31821662 -3.50535470 23.09848053
v 21.31821662 -3.50535470 35.17990953
v 21.31821662 -3.00458956 23.09848053
v 21.31821662 -3.00458956 35.17990953
v 21.31821662 -2.50382441 23.09848053
v 21.31821662 -2.50382441 35.17990953
v 21.31821662 -2.00305927 22.59508765
v 21.31821662 -2.00305927 35.17990953
v 21.31821662 -1.50229412 22.59508765
v 21.31821662 -1.50229412 35.17990953
v 21.31821662 -1.00152898 22.59508765
v 21.31821662 -1.00152898 34.67651666
v 21.31821662 -0.50076383 22.59508765
v 21.31821662 -0.50076383 34.67651666
v 21.31821662 0.00000131 22.59508765
v 21.31821662 0.00000131 34.67651666
v 21.31821662 0.50076646 22.59508765
v 21.31821662 0.50076646 34.67651666
v 21.31821662 1.00153160 22.59508765
v 21.31821662 1.00153160 34.67651666
v 21.31821662 1.50229675 22.59508765
v 21.31821662 1.50229675 34.67651666
v 21.31821662 2.00306189 22.59508765
v 21.31821662 2.00306189 34.67651666
v 21.31821662 2.50382704 22.59508765
v 21.31821662 2.50382704 34.67651666
v 21.31821662 3.00459218 22.59508765
v 21.31821662 3.00459218 34.67651666
v 21.31821662 3.50535733 22.59508765
v 21.31821662 3.50535733 34.17312378
v 21.31821662 4.00612247 22.59508765
v 21.31821662 4.00612247 34.17312378
v 21.31821662 4.50688761 23.09848053
v 21.31821662 4.50688761 34.17312378
v 21.31821662 5.00765276 23.09848053
v 21.31821662 5.00765276 34.17312378
v 21.31821662 5.50841790 23.09848053
v 21.31821662 5.50841790 34.17312378
v 21.31821662 6.00918305 23.60187341
v 21.31821662 6.00918305 34.17312378
v 21.31821662 6.50994819 23.60187341
v 21.31821662 6.50994819 33.66973091
v 21.31821662 7.01071334 24.10526628
v 21.31821662 7.01071334 33.66973091
v 21.31821662 7.51147848 24.60865916
v 21.31821662 7.51147848 33.16633803
v 21.31821662 8.01224363 25.11205203
v 21.31821662 8.01224363 32.66294516
v 21.31821662 8.51300877 25.61544491
v 21.31821662 8.51300877 32.15955228
v 21.31821662 9.01377392 26.11883778
v 21.31821662 9.01377392 26.62223066
v 21.31821662 9.01377392 31.65615941
v 21.31821662 9.51453906 27.12562353
v 21.31821662 9.51453906 27.62901641
v 21.31821662 9.51453906 31.15276653
v 21.31821662 10.01530421 28.13240928
v 21.31821662 10.01530421 28.63580216
v 21.31821662 10.01530421 29.13919503
v 21.31821662 10.01530421 29.64258791
v 21.31821662 10.01530421 30.14598078
v 21.31821662 10.01530421 30.64937366
v 21.81854117 -9.51453644 27.62901641
v 21.81854117 -10.01530159 28.13240928
v 21.81854117 -10.01530159 28.63580216
v 21.81854117 -10.01530159 29.13919503
v 21.81854117 -10.01530159 29.64258791
v 21.81854117 -10.01530159 30.14598078
v 21.81854117 -10.01530159 30.64937366
v 21.81854117 -10.01530159 31.15276653
v 21.81854117 -9.51453644 31.65615941
v 21.81854117 -9.01377130 26.62223066
v 21.81854117 -9.51453644 27.12562353
v 21.81854117 -9.51453644 32.15955228
v 21.81854117 -9.01377130 32.66294516
v 21.81854117 -8.51300615 26.11883778
v 21.81854117 -8.51300615 33.16633803
v 21.81854117 -8.01224101 25.61544491
v 21.81854117 -8.01224101 33.66973091
v 21.81854117 -7.51147586 25.11205203
v 21.81854117 -7.51147586 34.17312378
v 21.81854117 -7.01071072 24.60865916
v 21.81854117 -7.01071072 34.17312378
v 21.81854117 -6.50994557 24.10526628
v 21.81854117 -6.50994557 34.67651666
v 21.81854117 -6.00918043 23.60187341
v 21.81854117 -6.00918043 34.67651666
v 21.81854117 -5.50841528 23.09848053
v 21.81854117 -5.50841528 34.67651666
v 21.81854117 -5.00765014 23.09848053
v 21.81854117 -5.00765014 34.67651666
v 21.81854117 -4.50688499 23.09848053
v 21.81854117 -4.50688499 34.67651666
v 21.81854117 -4.00611985 23.09848053
v 21.81854117 -4.00611985 34.67651666
v 21.81854117 -3.50535470 22.59508765
v 21.81854117 -3.50535470 34.67651666
v 21.81854117 -3.00458956 22.59508765
v 21.81854117 -3.00458956 34.67651666
v 21.81854117 -2.50382441 22.59508765
v 21.81854117 -2.50382441 34.67651666
v 21.81854117 -2.00305927 22.59508765
v 21.81854117 -2.00305927 34.67651666
v 21.81854117 -1.50229412 22.59508765
v 21.81854117 -1.50229412 34.67651666
v 21.81854117 -1.00152898 22.59508765
v 21.81854117 -1.00152898 34.67651666
v 21.81854117 -0.50076383 22.59508765
v 21.81854117 -0.50076383 34.67651666
v 21.81854117 0.00000131 22.59508765
v 21.81854117 0.00000131 34.67651666
v 21.81854117 0.50076646 22.59508765
v 21.81854117 0.50076646 34.67651666
v 21.81854117 1.00153160 22.59508765
v 21.81854117 1.00153160 34.67651666
v 21.81854117 1.50229675 22.59508765
v 21.81854117 1.50229675 34.67651666
v 21.81854117 2.00306189 22.59508765
v 21.81854117 2.00306189 34.67651666
v 21.81854117 2.50382704 22.59508765
v 21.81854117 2.50382704 34.17312378
v 21.81854117 3.00459218 22.59508765
v 21.81854117 3.00459218 34.17312378
v 21.81854117 3.50535733 22.59508765
v 21.81854117 3.50535733 34.17312378
v 21.81854117 4.00612247 22.59508765
v 21.81854117 4.00612247 34.17312378
v 21.81854117 4.50688761 22.59508765
v 21.81854117 4.50688761 34.17312378
v 21.81854117 5.00765276 23.09848053
v 21.81854117 5.00765276 34.17312378
v 21.81854117 5.50841790 23.09848053
v 21.81854117 5.50841790 34.17312378
v 21.81854117 6.00918305 23.09848053
v 21.81854117 6.00918305 33.66973091
v 21.81854117 6.50994819 23.60187341
v 21.81854117 6.50994819 33.66973091
v 21.81854117 7.01071334 24.10526628
v 21.81854117 7.01071334 33.16633803
v 21.81854117 7.51147848 24.60865916
v 21.81854117 7.51147848 33.16633803
v 21.81854117 8.01224363 25.11205203
v 21.81854117 8.01224363 32.66294516
v 21.81854117 8.51300877 25.61544491
v 21.81854117 8.51300877 32.15955228
v 21.81854117 9.01377392 26.11883778
v 21.81854117 9.01377392 31.65615941
v 21.81854117 9.51453906 26.62223066
v 21.81854117 9.51453906 27.12562353
v 21.81854117 9.51453906 31.15276653
v 21.81854117 10.01530421 27.62901641
v 21.81854117 10.01530421 28.13240928
v 21.81854117 10.01530421 28.63580216
v 21.81854117 10.01530421 29.13919503
v 21.81854117 10.01530421 29.64258791
v 21.81854117 10.01530421 30.14598078
v 21.81854117 10.01530421 30.64937366
v 22.31886572 -10.01530159 28.63580216
v 22.31886572 -10.51606673 29.13919503
v 22.31886572 -10.51606673 29.64258791
v 22.31886572 -10.01530159 30.14598078
v 22.31886572 -9.51453644 27.12562353
v 22.31886572 -10.01530159 27.62901641
v 22.31886572 -10.01530159 28.13240928
v 22.31886572 -10.01530159 30.64937366
v 22.31886572 -10.01530159 31.15276653
v 22.31886572 -9.51453644 31.65615941
v 22.31886572 -9.01377130 26.62223066
v 22.31886572 -9.51453644 32.15955228
v 22.31886572 -9.01377130 32.66294516
v 22.31886572 -8.51300615 25.61544491
v 22.31886572 -9.01377130 26.11883778
v 22.31886572 -8.51300615 33.16633803
v 22.31886572 -8.01224101 25.11205203
v 22.31886572 -8.01224101 33.66973091
v 22.31886572 -7.51147586 24.60865916
v 22.31886572 -7.51147586 34.17312378
v 22.31886572 -7.01071072 24.10526628
v 22.31886572 -7.01071072 34.17312378
v 22.31886572 -6.50994557 23.60187341
v 22.31886572 -6.50994557 34.17312378
v 22.31886572 -6.00918043 23.60187341
v 22.31886572 -6.00918043 34.67651666
v 22.31886572 -5.50841528 23.09848053
v 22.31886572 -5.50841528 34.67651666
v 22.31886572 -5.00765014 23.09848053
v 22.31886572 -5.00765014 34.67651666
v 22.31886572 -4.50688499 22.59508765
v 22.31886572 -4.50688499 34.67651666
v 22.31886572 -4.00611985 22.59508765
v 22.31886572 -4.00611985 34.67651666
v 22.31886572 -3.50535470 22.59508765
v 22.31886572 -3.50535470 34.67651666
v 22.31886572 -3.00458956 22.59508765
v 22.31886572 -3.00458956 34.67651666
v 22.31886572 -2.50382441 22.59508765
v 22.31886572 -2.50382441 34.67651666
v 22.31886572 -2.00305927 22.59508765
v 22.31886572 -2.00305927 34.67651666
v 22.31886572 -1.50229412 22.59508765
v 22.31886572 -1.50229412 34.67651666
v 22.31886572 -1.00152898 22.59508765
v 22.31886572 -1.00152898 34.67651666
v 22.31886572 -0.50076383 22.59508765
v 22.31886572 -0.50076383 34.67651666
v 22.31886572 0.00000131 22.09169478
v 22.31886572 0.00000131 34.67651666
v 22.31886572 0.50076646 22.09169478
v 22.31886572 0.50076646 34.67651666
v 22.31886572 1.00153160 22.09169478
v 22.31886572 1.00153160 34.17312378
v 22.31886572 1.50229675 22.09169478
v 22.31886572 1.50229675 34.17312378
v 22.31886572 2.00306189 22.09169478
v 22.31886572 2.00306189 34.17312378
v 22.31886572 2.50382704 22.09169478
v 22.31886572 2.50382704 34.17312378
v 22.31886572 3.00459218 22.09169478
v 22.31886572 3.00459218 34.17312378
v 22.31886572 3.50535733 22.59508765
v 22.31886572 3.50535733 34.17312378
v 22.31886572 4.00612247 22.59508765
v 22.31886572 4.00612247 34.17312378
v 22.31886572 4.50688761 22.59508765
v 22.31886572 4.50688761 34.17312378
v 22.31886572 5.00765276 22.59508765
v 22.31886572 5.00765276 34.17312378
v 22.31886572 5.50841790 23.09848053
v 22.31886572 5.50841790 33.66973091
v 22.31886572 6.00918305 23.09848053
v 22.31886572 6.00918305 33.66973091
v 22.31886572 6.50994819 23.60187341
v 22.31886572 6.50994819 33.66973091
v 22.31886572 7.01071334 23.60187341
v 22.31886572 7.01071334 33.16633803
v 22.31886572 7.51147848 24.10526628
v 22.31886572 7.51147848 33.16633803
v 22.31886572 8.01224363 24.60865916
v 22.31886572 8.01224363 32.66294516
v 22.31886572 8.51300877 25.11205203
v 22.31886572 8.51300877 32.15955228
v 22.31886572 9.01377392 25.61544491
v 22.31886572 9.01377392 31.65615941
v 22.31886572 9.51453906 26.11883778
v 22.31886572 9.51453906 26.62223066
v 22.31886572 9.51453906 31.15276653
v 22.31886572 10.01530421 27.12562353
v 22.31886572 10.01530421 27.62901641
v 22.31886572 10.01530421 28.13240928
v 22.31886572 10.01530421 30.14598078
v 22.31886572 10.01530421 30.64937366
v 22.31886572 10.51606935 28.63580216
v 22.31886572 10.51606935 29.13919503
v 22.31886572 10.51606935 29.64258791
v 22.81919026 -10.01530159 27.62901641
v 22.81919026 -10.51606673 28.13240928
v 22.81919026 -10.51606673 28.63580216
v 22.81919026 -10.51606673 29.13919503
v 22.81919026 -10.51606673 29.64258791
v 22.81919026 -10.51606673 30.14598078
v 22.81919026 -10.51606673 30.64937366
v 22.81919026 -10.01530159 31.15276653
v 22.81919026 -9.51453644 26.62223066
v 22.81919026 -10.01530159 27.12562353
v 22.81919026 -10.01530159 31.65615941
v 22.81919026 -9.51453644 32.15955228
v 22.81919026 -9.01377130 26.11883778
v 22.81919026 -9.01377130 32.66294516
v 22.81919026 -8.51300615 25.61544491
v 22.81919026 -8.51300615 33.16633803
v 22.81919026 -8.01224101 25.11205203
v 22.81919026 -8.01224101 33.66973091
v 22.81919026 -7.51147586 24.60865916
v 22.81919026 -7.51147586 33.66973091
v 22.81919026 -7.01071072 24.10526628
v 22.81919026 -7.01071072 34.17312378
v 22.81919026 -6.50994557 23.60187341
v 22.81919026 -6.50994557 34.17312378
v 22.81919026 -6.00918043 23.09848053
v 22.81919026 -6.00918043 34.17312378
v 22.81919026 -5.50841528 23.09848053
v 22.81919026 -5.50841528 34.67651666
v 22.81919026 -5.00765014 22.59508765
v 22.81919026 -5.00765014 34.67651666
v 22.81919026 -4.50688499 22.59508765
v 22.81919026 -4.50688499 34.67651666
v 22.81919026 -4.00611985 22.59508765
v 22.81919026 -4.00611985 34.67651666
v 22.81919026 -3.50535470 22.59508765
v 22.81919026 -3.50535470 34.67651666
v 22.81919026 -3.00458956 22.59508765
v 22.81919026 -3.00458956 34.67651666
v 22.81919026 -2.50382441 22.59508765
v 22.81919026 -2.50382441 34.67651666
v 22.81919026 -2.00305927 22.59508765
v 22.81919026 -2.00305927 34.67651666
v 22.81919026 -1.50229412 22.09169478
v 22.81919026 -1.50229412 34.67651666
v 22.81919026 -1.00152898 22.09169478
v 22.81919026 -1.00152898 34.67651666
v 22.81919026 -0.50076383 22.09169478
v 22.81919026 -0.50076383 34.67651666
v 22.81919026 0.00000131 22.09169478
v 22.81919026 0.00000131 34.17312378
v 22.81919026 0.50076646 22.09169478
v 22.81919026 0.50076646 34.17312378
v 22.81919026 1.00153160 22.09169478
v 22.81919026 1.00153160 34.17312378
v 22.81919026 1.50229675 22.09169478
v 22.81919026 1.50229675 34.17312378
v 22.81919026 2.00306189 22.09169478
v 22.81919026 2.00306189 34.17312378
v 22.81919026 2.50382704 22.09169478
v 22.81919026 2.50382704 34.17312378
v 22.81919026 3.00459218 22.09169478
v 22.81919026 3.00459218 34.17312378
v 22.81919026 3.50535733 22.09169478
v 22.81919026 3.50535733 34.17312378
v 22.81919026 4.00612247 22.09169478
v 22.81919026 4.00612247 34.17312378
v 22.81919026 4.50688761 22.59508765
v 22.81919026 4.50688761 34.17312378
v 22.81919026 5.00765276 22.59508765
v 22.81919026 5.00765276 33.66973091
v 22.81919026 5.50841790 22.59508765
v 22.81919026 5.50841790 33.66973091
v 22.81919026 6.00918305 23.09848053
v 22.81919026 6.00918305 33.66973091
v 22.81919026 6.50994819 23.09848053
v 22.81919026 6.50994819 33.16633803
v 22.81919026 7.01071334 23.60187341
v 22.81919026 7.01071334 33.16633803
v 22.81919026 7.51147848 24.10526628
v 22.81919026 7.51147848 33.16633803
v 22.81919026 8.01224363 24.60865916
v 22.81919026 8.01224363 32.66294516
v 22.81919026 8.51300877 25.11205203
v 22.81919026 8.51300877 32.15955228
v 22.81919026 9.01377392 25.61544491
v 22.81919026 9.01377392 31.65615941
v 22.81919026 9.51453906 26.11883778
v 22.81919026 9.51453906 31.15276653
v 22.81919026 10.01530421 26.62223066
v 22.81919026 10.01530421 27.12562353
v 22.81919026 10.01530421 30.14598078
v 22.81919026 10.01530421 30.64937366
v 22.81919026 10.51606935 27.62901641
v 22.81919026 10.51606935 28.13240928
v 22.81919026 10.51606935 28.63580216
v 22.81919026 10.51606935 29.13919503
v 22.81919026 10.51606935 29.64258791
v 23.31951481 -10.51606673 28.63580216
v 23.31951481 -11.01683187 29.13919503
v 23.31951481 -10.51606673 29.64258791
v 23.31951481 -10.01530159 27.12562353
v 23.31951481 -10.51606673 27.62901641
v 23.31951481 -10.51606673 28.13240928
v 23.31951481 -10.51606673 30.14598078
v 23.31951481 -10.51606673 30.64937366
v 23.31951481 -10.01530159 31.15276653
v 23.31951481 -9.51453644 26.11883778
v 23.31951481 -10.01530159 26.62223066
v 23.31951481 -10.01530159 31.65615941
v 23.31951481 -9.51453644 32.15955228
v 23.31951481 -9.01377130 25.61544491
v 23.31951481 -9.01377130 32.66294516
v 23.31951481 -8.51300615 25.11205203
v 23.31951481 -8.51300615 33.16633803
v 23.31951481 -8.01224101 24.60865916
v 23.31951481 -8.01224101 33.66973091
v 23.31951481 -7.51147586 24.10526628
v 23.31951481 -7.51147586 33.66973091
v 23.31951481 -7.01071072 23.60187341
v 23.31951481 -7.01071072 34.17312378
v 23.31951481 -6.50994557 23.09848053
v 23.31951481 -6.50994557 34.17312378
v 23.31951481 -6.00918043 23.09848053
v 23.31951481 -6.00918043 34.17312378
v 23.31951481 -5.50841528 22.59508765
v 23.31951481 -5.50841528 34.17312378
v 23.31951481 -5.00765014 22.59508765
v 23.31951481 -5.00765014 34.17312378
v 23.31951481 -4.50688499 22.59508765
v 23.31951481 -4.50688499 34.17312378
v 23.31951481 -4.00611985 22.59508765
v 23.31951481 -4.00611985 34.17312378
v 23.31951481 -3.50535470 22.59508765
v 23.31951481 -3.50535470 34.17312378
v 23.31951481 -3.00458956 22.09169478
v 23.31951481 -3.00458956 34.67651666
v 23.31951481 -2.50382441 22.09169478
v 23.31951481 -2.50382441 34.67651666
v 23.31951481 -2.00305927 22.09169478
v 23.31951481 -2.00305927 34.67651666
v 23.31951481 -1.50229412 22.09169478
v 23.31951481 -1.50229412 34.17312378
v 23.31951481 -1.00152898 22.09169478
v 23.31951481 -1.00152898 34.17312378
v 23.31951481 -0.50076383 22.09169478
v 23.31951481 -0.50076383 34.17312378
v 23.31951481 0.00000131 22.09169478
v 23.31951481 0.00000131 34.17312378
v 23.31951481 0.50076646 22.09169478
v 23.31951481 0.50076646 34.17312378
v 23.31951481 1.00153160 22.09169478
v 23.31951481 1.00153160 34.17312378
v 23.31951481 1.50229675 22.09169478
v 23.31951481 1.50229675 34.17312378
v 23.31951481 2.00306189 22.09169478
v 23.31951481 2.00306189 34.17312378
v 23.31951481 2.50382704 22.09169478
v 23.31951481 2.50382704 34.17312378
v 23.31951481 3.00459218 22.09169478
v 23.31951481 3.00459218 34.17312378
v 23.31951481 3.50535733 22.09169478
v 23.31951481 3.50535733 34.17312378
v 23.31951481 4.00612247 22.09169478
v 23.31951481 4.00612247 33.66973091
v 23.31951481 4.50688761 22.09169478
v 23.31951481 4.50688761 33.66973091
v 23.31951481 5.00765276 22.59508765
v 23.31951481 5.00765276 33.66973091
v 23.31951481 5.50841790 22.59508765
v 23.31951481 5.50841790 33.66973091
v 23.31951481 6.00918305 23.09848053
v 23.31951481 6.00918305 33.66973091
v 23.31951481 6.50994819 23.09848053
v 23.31951481 6.50994819 33.16633803
v 23.31951481 7.01071334 23.60187341
v 23.31951481 7.01071334 33.16633803
v 23.31951481 7.51147848 24.10526628
v 23.31951481 7.51147848 32.66294516
v 23.31951481 8.01224363 24.10526628
v 23.31951481 8.01224363 32.66294516
v 23.31951481 8.51300877 24.60865916
v 23.31951481 8.51300877 32.15955228
v 23.31951481 9.01377392 25.11205203
v 23.31951481 9.01377392 31.65615941
v 23.31951481 9.51453906 25.61544491
v 23.31951481 9.51453906 26.11883778
v 23.31951481 9.51453906 31.15276653
v 23.31951481 10.01530421 26.62223066
v 23.31951481 10.01530421 30.64937366
v 23.31951481 10.51606935 27.12562353
v 23.31951481 10.51606935 27.62901641
v 23.31951481 10.51606935 28.13240928
v 23.31951481 10.51606935 28.63580216
v 23.31951481 10.51606935 29.13919503
v 23.31951481 10.51606935 29.64258791
v 23.31951481 10.51606935 30.14598078
v 23.81983936 -10.51606673 27.12562353
v 23.81983936 -11.01683187 27.62901641
v 23.81983936 -11.01683187 28.13240928
v 23.81983936 -11.01683187 28.63580216
v 23.81983936 -11.01683187 29.13919503
v 23.81983936 -11.01683187 29.64258791
v 23.81983936 -11.01683187 30.14598078
v 23.81983936 -10.51606673 30.64937366
v 23.81983936 -10.01530159 26.11883778
v 23.81983936 -10.51606673 26.62223066
v 23.81983936 -10.51606673 31.15276653
v 23.81983936 -10.01530159 31.65615941
v 23.81983936 -9.51453644 25.61544491
v 23.81983936 -9.51453644 32.15955228
v 23.81983936 -9.01377130 25.11205203
v 23.81983936 -9.01377130 32.66294516
v 23.81983936 -8.51300615 24.60865916
v 23.81983936 -8.51300615 33.16633803
v 23.81983936 -8.01224101 24.10526628
v 23.81983936 -8.01224101 33.66973091
v 23.81983936 -7.51147586 23.60187341
v 23.81983936 -7.51147586 33.66973091
v 23.81983936 -7.01071072 23.60187341
v 23.81983936 -7.01071072 33.66973091
v 23.81983936 -6.50994557 23.09848053
v 23.81983936 -6.50994557 34.17312378
v 23.81983936 -6.00918043 22.59508765
v 23.81983936 -6.00918043 34.17312378
v 23.81983936 -5.50841528 22.59508765
v 23.81983936 -5.50841528 34.17312378
v 23.81983936 -5.00765014 22.59508765
v 23.81983936 -5.00765014 34.17312378
v 23.81983936 -4.50688499 22.59508765
v 23.81983936 -4.50688499 34.17312378
v 23.81983936 -4.00611985 22.59508765
v 23.81983936 -4.00611985 34.17312378
v 23.81983936 -3.50535470 22.09169478
v 23.81983936 -3.50535470 34.17312378
v 23.81983936 -3.00458956 22.09169478
v 23.81983936 -3.00458956 34.17312378
v 23.81983936 -2.50382441 22.09169478
v 23.81983936 -2.50382441 34.17312378
v 23.81983936 -2.00305927 22.09169478
v 23.81983936 -2.00305927 34.17312378
v 23.81983936 -1.50229412 22.09169478
v 23.81983936 -1.50229412 34.17312378
v 23.81983936 -1.00152898 22.09169478
v 23.81983936 -1.00152898 34.17312378
v 23.81983936 -0.50076383 21.58830190
v 23.81983936 -0.50076383 34.17312378
v 23.81983936 0.00000131 21.58830190
v 23.81983936 0.00000131 34.17312378
v 23.81983936 0.50076646 21.58830190
v 23.81983936 0.50076646 34.17312378
v 23.81983936 1.00153160 21.58830190
v 23.81983936 1.00153160 34.17312378
v 23.81983936 1.50229675 21.58830190
v 23.81983936 1.50229675 34.17312378
v 23.81983936 2.00306189 21.58830190
v 23.81983936 2.00306189 34.17312378
v 23.81983936 2.50382704 21.58830190
v 23.81983936 2.50382704 33.66973091
v 23.81983936 3.00459218 22.09169478
v 23.81983936 3.00459218 33.66973091
v 23.81983936 3.50535733 22.09169478
v 23.81983936 3.50535733 33.66973091
v 23.81983936 4.00612247 22.09169478
v 23.81983936 4.00612247 33.66973091
v 23.81983936 4.50688761 22.09169478
v 23.81983936 4.50688761 33.66973091
v 23.81983936 5.00765276 22.09169478
v 23.81983936 5.00765276 33.66973091
v 23.81983936 5.50841790 22.59508765
v 23.81983936 5.50841790 33.66973091
v 23.81983936 6.00918305 22.59508765
v 23.81983936 6.00918305 33.16633803
v 23.81983936 6.50994819 23.09848053
v 23.81983936 6.50994819 33.16633803
v 23.81983936 7.01071334 23.60187341
v 23.81983936 7.01071334 33.16633803
v 23.81983936 7.51147848 23.60187341
v 23.81983936 7.51147848 32.66294516
v 23.81983936 8.01224363 24.10526628
v 23.81983936 8.01224363 32.66294516
v 23.81983936 8.51300877 24.60865916
v 23.81983936 8.51300877 32.15955228
v 23.81983936 9.01377392 25.11205203
v 23.81983936 9.01377392 31.65615941
v 23.81983936 9.51453906 25.61544491
v 23.81983936 9.51453906 31.15276653
v 23.81983936 10.01530421 26.11883778
v 23.81983936 10.01530421 30.64937366
v 23.81983936 10.51606935 26.62223066
v 23.81983936 10.51606935 27.12562353
v 23.81983936 10.51606935 27.62901641
v 23.81983936 10.51606935 29.64258791
v 23.81983936 10.51606935 30.14598078
v 23.81983936 11.01683450 28.13240928
v 23.81983936 11.01683450 28.63580216
v 23.81983936 11.01683450 29.13919503
v 24.32016391 -11.01683187 28.13240928
v 24.32016391 -11.51759702 28.63580216
v 24.32016391 -11.01683187 29.13919503
v 24.32016391 -10.51606673 26.62223066
v 24.32016391 -11.01683187 27.12562353
v 24.32016391 -11.01683187 27.62901641
v 24.32016391 -11.01683187 29.64258791
v 24.32016391 -11.01683187 30.14598078
v 24.32016391 -10.51606673 30.64937366
v 24.32016391 -10.01530159 26.11883778
v 24.32016391 -10.51606673 31.15276653
v 24.32016391 -10.01530159 31.65615941
v 24.32016391 -9.51453644 25.61544491
v 24.32016391 -9.51453644 32.15955228
v 24.32016391 -9.01377130 25.11205203
v 24.32016391 -9.01377130 32.66294516
v 24.32016391 -8.51300615 24.60865916
v 24.32016391 -8.51300615 33.16633803
v 24.32016391 -8.01224101 24.10526628
v 24.32016391 -8.01224101 33.16633803
v 24.32016391 -7.51147586 23.60187341
v 24.32016391 -7.51147586 33.66973091
v 24.32016391 -7.01071072 23.09848053
v 24.32016391 -7.01071072 33.66973091
v 24.32016391 -6.50994557 23.09848053
v 24.32016391 -6.50994557 33.66973091
v 24.32016391 -6.00918043 22.59508765
v 24.32016391 -6.00918043 34.17312378
v 24.32016391 -5.50841528 22.59508765
v 24.32016391 -5.50841528 34.17312378
v 24.32016391 -5.00765014 22.59508765
v 24.32016391 -5.00765014 34.17312378
v 24.32016391 -4.50688499 22.09169478
v 24.32016391 -4.50688499 34.17312378
v 24.32016391 -4.00611985 22.09169478
v 24.32016391 -4.00611985 34.17312378
v 24.32016391 -3.50535470 22.09169478
v 24.32016391 -3.50535470 34.17312378
v 24.32016391 -3.00458956 22.09169478
v 24.32016391 -3.00458956 34.17312378
v 24.32016391 -2.50382441 22.09169478
v 24.32016391 -2.50382441 34.17312378
v 24.32016391 -2.00305927 22.09169478
v 24.32016391 -2.00305927 34.17312378
v 24.32016391 -1.50229412 21.58830190
v 24.32016391 -1.50229412 34.17312378
v 24.32016391 -1.00152898 21.58830190
v 24.32016391 -1.00152898 34.17312378
v 24.32016391 -0.50076383 21.58830190
v 24.32016391 -0.50076383 34.17312378
v 24.32016391 0.00000131 21.58830190
v 24.32016391 0.00000131 34.17312378
v 24.32016391 0.50076646 21.58830190
v 24.32016391 0.50076646 34.17312378
v 24.32016391 1.00153160 21.58830190
v 24.32016391 1.00153160 34.17312378
v 24.32016391 1.50229675 21.58830190
v 24.32016391 1.50229675 33.66973091
v 24.32016391 2.00306189 21.58830190
v 24.32016391 2.00306189 33.66973091
v 24.32016391 2.50382704 21.58830190
v 24.32016391 2.50382704 33.66973091
v 24.32016391 3.00459218 21.58830190
v 24.32016391 3.00459218 33.66973091
v 24.32016391 3.50535733 21.58830190
v 24.32016391 3.50535733 33.66973091
v 24.32016391 4.00612247 22.09169478
v 24.32016391 4.00612247 33.66973091
v 24.32016391 4.50688761 22.09169478
v 24.32016391 4.50688761 33.66973091
v 24.32016391 5.00765276 22.09169478
v 24.32016391 5.00765276 33.16633803
v 24.32016391 5.50841790 22.59508765
v 24.32016391 5.50841790 33.16633803
v 24.32016391 6.00918305 22.59508765
v 24.32016391 6.00918305 33.16633803
v 24.32016391 6.50994819 23.09848053
v 24.32016391 6.50994819 33.16633803
v 24.32016391 7.01071334 23.09848053
v 24.32016391 7.01071334 32.66294516
v 24.32016391 7.51147848 23.60187341
v 24.32016391 7.51147848 32.66294516
v 24.32016391 8.01224363 24.10526628
v 24.32016391 8.01224363 32.15955228
v 24.32016391 8.51300877 24.10526628
v 24.32016391 8.51300877 32.15955228
v 24.32016391 9.01377392 24.60865916
v 24.32016391 9.01377392 31.65615941
v 24.32016391 9.51453906 25.11205203
v 24.32016391 9.51453906 31.15276653
v 24.32016391 10.01530421 25.61544491
v 24.32016391 10.01530421 26.11883778
v 24.32016391 10.01530421 30.64937366
v 24.32016391 10.51606935 26.62223066
v 24.32016391 10.51606935 30.14598078
v 24.32016391 11.01683450 27.12562353
v 24.32016391 11.01683450 27.62901641
v 24.32016391 11.01683450 28.13240928
v 24.32016391 11.01683450 28.63580216
v 24.32016391 11.01683450 29.13919503
v 24.32016391 11.01683450 29.64258791
v 24.82048845 -11.01683187 27.12562353
v 24.82048845 -11.51759702 27.62901641
v 24.82048845 -11.51759702 28.13240928
v 24.82048845 -11.51759702 28.63580216
v 24.82048845 -11.51759702 29.13919503
v 24.82048845 -11.51759702 29.64258791
v 24.82048845 -11.01683187 30.14598078
v 24.82048845 -10.51606673 26.11883778
v 24.82048845 -11.01683187 26.62223066
v 24.82048845 -10.51606673 30.64937366
v 24.82048845 -10.01530159 25.61544491
v 24.82048845 -10.51606673 31.15276653
v 24.82048845 -10.01530159 31.65615941
v 24.82048845 -9.51453644 25.11205203
v 24.82048845 -9.51453644 32.15955228
v 24.82048845 -9.01377130 24.60865916
v 24.82048845 -9.01377130 32.66294516
v 24.82048845 -8.51300615 24.10526628
v 24.82048845 -8.51300615 33.16633803
v 24.82048845 -8.01224101 23.60187341
v 24.82048845 -8.01224101 33.16633803
v 24.82048845 -7.51147586 23.09848053
v 24.82048845 -7.51147586 33.66973091
v 24.82048845 -7.01071072 23.09848053
v 24.82048845 -7.01071072 33.66973091
v 24.82048845 -6.50994557 22.59508765
v 24.82048845 -6.50994557 33.66973091
v 24.82048845 -6.00918043 22.59508765
v 24.82048845 -6.00918043 33.66973091
v 24.82048845 -5.50841528 22.09169478
v 24.82048845 -5.50841528 33.66973091
v 24.82048845 -5.00765014 22.09169478
v 24.82048845 -5.00765014 33.66973091
v 24.82048845 -4.50688499 22.09169478
v 24.82048845 -4.50688499 33.66973091
v 24.82048845 -4.00611985 22.09169478
v 24.82048845 -4.00611985 33.66973091
v 24.82048845 -3.50535470 22.09169478
v 24.82048845 -3.50535470 34.17312378
v 24.82048845 -3.00458956 22.09169478
v 24.82048845 -3.00458956 34.17312378
v 24.82048845 -2.50382441 21.58830190
v 24.82048845 -2.50382441 34.17312378
v 24.82048845 -2.00305927 21.58830190
v 24.82048845 -2.00305927 34.17312378
v 24.82048845 -1.50229412 21.58830190
v 24.82048845 -1.50229412 34.17312378
v 24.82048845 -1.00152898 21.58830190
v 24.82048845 -1.00152898 34.17312378
v 24.82048845 -0.50076383 21.58830190
v 24.82048845 -0.50076383 34.17312378
v 24.82048845 0.00000131 21.58830190
v 24.82048845 0.00000131 34.17312378
v 24.82048845 0.50076646 21.58830190
v 24.82048845 0.50076646 34.17312378
v 24.82048845 1.00153160 21.58830190
v 24.82048845 1.00153160 33.66973091
v 24.82048845 1.50229675 21.58830190
v 24.82048845 1.50229675 33.66973091
v 24.82048845 2.00306189 21.58830190
v 24.82048845 2.00306189 33.66973091
v 24.82048845 2.50382704 21.58830190
v 24.82048845 2.50382704 33.66973091
v 24.82048845 3.00459218 21.58830190
v 24.82048845 3.00459218 33.66973091
v 24.82048845 3.50535733 21.58830190
v 24.82048845 3.50535733 33.66973091
v 24.82048845 4.00612247 21.58830190
v 24.82048845 4.00612247 33.66973091
v 24.82048845 4.50688761 22.09169478
v 24.82048845 4.50688761 33.16633803
v 24.82048845 5.00765276 22.09169478
v 24.82048845 5.00765276 33.16633803
v 24.82048845 5.50841790 22.59508765
v 24.82048845 5.50841790 33.16633803
v 24.82048845 6.00918305 22.59508765
v 24.82048845 6.00918305 33.16633803
v 24.82048845 6.50994819 22.59508765
v 24.82048845 6.50994819 32.66294516
v 24.82048845 7.01071334 23.09848053
v 24.82048845 7.01071334 32.66294516
v 24.82048845 7.51147848 23.60187341
v 24.82048845 7.51147848 32.66294516
v 24.82048845 8.01224363 23.60187341
v 24.82048845 8.01224363 32.15955228
v 24.82048845 8.51300877 24.10526628
v 24.82048845 8.51300877 32.15955228
v 24.82048845 9.01377392 24.60865916
v 24.82048845 9.01377392 31.65615941
v 24.82048845 9.51453906 25.11205203
v 24.82048845 9.51453906 31.15276653
v 24.82048845 10.01530421 25.61544491
v 24.82048845 10.01530421 30.64937366
v 24.82048845 10.51606935 26.11883778
v 24.82048845 10.51606935 30.14598078
v 24.82048845 11.01683450 26.62223066
v 24.82048845 11.01683450 27.12562353
v 24.82048845 11.01683450 29.13919503
v 24.82048845 11.01683450 29.64258791
v 24.82048845 11.51759964 27.62901641
v 24.82048845 11.51759964 28.13240928
v 24.82048845 11.51759964 28.63580216
v 25.32081300 -11.01683187 26.11883778
v 25.32081300 -11.51759702 26.62223066
v 25.32081300 -11.51759702 27.12562353
v 25.32081300 -11.51759702 27.62901641
v 25.32081300 -11.51759702 28.13240928
v 25.32081300 -11.51759702 28.63580216
v 25.32081300 -11.51759702 29.13919503
v 25.32081300 -11.51759702 29.64258791
v 25.32081300 -11.01683187 30.14598078
v 25.32081300 -10.51606673 25.61544491
v 25.32081300 -11.01683187 30.64937366
v 25.32081300 -10.51606673 31.15276653
v 25.32081300 -10.01530159 25.11205203
v 25.32081300 -10.01530159 31.65615941
v 25.32081300 -9.51453644 24.60865916
v 25.32081300 -9.51453644 32.15955228
v 25.32081300 -9.01377130 24.10526628
v 25.32081300 -9.01377130 32.66294516
v 25.32081300 -8.51300615 24.10526628
v 25.32081300 -8.51300615 32.66294516
v 25.32081300 -8.01224101 23.60187341
v 25.32081300 -8.01224101 33.16633803
v 25.32081300 -7.51147586 23.09848053
v 25.32081300 -7.51147586 33.16633803
v 25.32081300 -7.01071072 22.59508765
v 25.32081300 -7.01071072 33.66973091
v 25.32081300 -6.50994557 22.59508765
v 25.32081300 -6.50994557 33.66973091
v 25.32081300 -6.00918043 22.59508765
v 25.32081300 -6.00918043 33.66973091
v 25.32081300 -5.50841528 22.09169478
v 25.32081300 -5.50841528 33.66973091
v 25.32081300 -5.00765014 22.09169478
v 25.32081300 -5.00765014 33.66973091
v 25.32081300 -4.50688499 22.09169478
v 25.32081300 -4.50688499 33.66973091
v 25.32081300 -4.00611985 22.09169478
v 25.32081300 -4.00611985 33.66973091
v 25.32081300 -3.50535470 21.58830190
v 25.32081300 -3.50535470 33.66973091
v 25.32081300 -3.00458956 21.58830190
v 25.32081300 -3.00458956 33.66973091
v 25.32081300 -2.50382441 21.58830190
v 25.32081300 -2.50382441 33.66973091
v 25.32081300 -2.00305927 21.58830190
v 25.32081300 -2.00305927 34.17312378
v 25.32081300 -1.50229412 21.58830190
v 25.32081300 -1.50229412 34.17312378
v 25.32081300 -1.00152898 21.58830190
v 25.32081300 -1.00152898 34.17312378
v 25.32081300 -0.50076383 21.08490903
v 25.32081300 -0.50076383 33.66973091
v 25.32081300 0.00000131 21.08490903
v 25.32081300 0.00000131 33.66973091
v 25.32081300 0.50076646 21.08490903
v 25.32081300 0.50076646 33.66973091
v 25.32081300 1.00153160 21.08490903
v 25.32081300 1.00153160 33.66973091
v 25.32081300 1.50229675 21.08490903
v 25.32081300 1.50229675 33.66973091
v 25.32081300 2.00306189 21.08490903
v 25.32081300 2.00306189 33.66973091
v 25.32081300 2.50382704 21.58830190
v 25.32081300 2.50382704 33.66973091
v 25.32081300 3.00459218 21.58830190
v 25.32081300 3.00459218 33.66973091
v 25.32081300 3.50535733 21.58830190
v 25.32081300 3.50535733 33.16633803
v 25.32081300 4.00612247 21.58830190
v 25.32081300 4.00612247 33.16633803
v 25.32081300 4.50688761 22.09169478
v 25.32081300 4.50688761 33.16633803
v 25.32081300 5.00765276 22.09169478
v 25.32081300 5.00765276 33.16633803
v 25.32081300 5.50841790 22.09169478
v 25.32081300 5.50841790 33.16633803
v 25.32081300 6.00918305 22.59508765
v 25.32081300 6.00918305 32.66294516
v 25.32081300 6.50994819 22.59508765
v 25.32081300 6.50994819 32.66294516
v 25.32081300 7.01071334 23.09848053
v 25.32081300 7.01071334 32.66294516
v 25.32081300 7.51147848 23.09848053
v 25.32081300 7.51147848 32.15955228
v 25.32081300 8.01224363 23.60187341
v 25.32081300 8.01224363 32.15955228
v 25.32081300 8.51300877 24.10526628
v 25.32081300 8.51300877 31.65615941
v 25.32081300 9.01377392 24.10526628
v 25.32081300 9.01377392 31.65615941
v 25.32081300 9.51453906 24.60865916
v 25.32081300 9.51453906 31.15276653
v 25.32081300 10.01530421 25.11205203
v 25.32081300 10.01530421 30.64937366
v 25.32081300 10.51606935 25.61544491
v 25.32081300 10.51606935 30.14598078
v 25.32081300 11.01683450 26.11883778
v 25.32081300 11.01683450 26.62223066
v 25.32081300 11.01683450 29.64258791
v 25.32081300 11.51759964 27.12562353
v 25.32081300 11.51759964 27.62901641
v 25.32081300 11.51759964 28.63580216
v 25.32081300 11.51759964 29.13919503
v 25.32081300 12.01836479 28.13240928
v 25.82113755 -11.51759702 26.62223066
v 25.82113755 -12.01836216 27.12562353
v 25.82113755 -12.01836216 27.62901641
v 25.82113755 -12.01836216 28.13240928
v 25.82113755 -12.01836216 28.63580216
v 25.82113755 -12.01836216 29.13919503
v 25.82113755 -11.51759702 29.64258791
v 25.82113755 -11.01683187 26.11883778
v 25.82113755 -11.51759702 30.14598078
v 25.82113755 -11.01683187 30.64937366
v 25.82113755 -10.51606673 25.11205203
v 25.82113755 -11.01683187 25.61544491
v 25.82113755 -10.51606673 31.15276653
v 25.82113755 -10.01530159 24.60865916
v 25.82113755 -10.01530159 31.65615941
v 25.82113755 -9.51453644 24.60865916
v 25.82113755 -9.51453644 32.15955228
v 25.82113755 -9.01377130 24.10526628
v 25.82113755 -9.01377130 32.15955228
v 25.82113755 -8.51300615 23.60187341
v 25.82113755 -8.51300615 32.66294516
v 25.82113755 -8.01224101 23.09848053
v 25.82113755 -8.01224101 33.16633803
v 25.82113755 -7.51147586 23.09848053
v 25.82113755 -7.51147586 33.16633803
v 25.82113755 -7.01071072 22.59508765
v 25.82113755 -7.01071072 33.16633803
v 25.82113755 -6.50994557 22.59508765
v 25.82113755 -6.50994557 33.66973091
v 25.82113755 -6.00918043 22.09169478
v 25.82113755 -6.00918043 33.66973091
v 25.82113755 -5.50841528 22.09169478
v 25.82113755 -5.50841528 33.66973091
v 25.82113755 -5.00765014 22.09169478
v 25.82113755 -5.00765014 33.66973091
v 25.82113755 -4.50688499 21.58830190
v 25.82113755 -4.50688499 33.66973091
v 25.82113755 -4.00611985 21.58830190
v 25.82113755 -4.00611985 33.66973091
v 25.82113755 -3.50535470 21.58830190
v 25.82113755 -3.50535470 33.66973091
v 25.82113755 -3.00458956 21.58830190
v 25.82113755 -3.00458956 33.66973091
v 25.82113755 -2.50382441 21.58830190
v 25.82113755 -2.50382441 33.66973091
v 25.82113755 -2.00305927 21.08490903
v 25.82113755 -2.00305927 33.66973091
v 25.82113755 -1.50229412 21.08490903
v 25.82113755 -1.50229412 33.66973091
v 25.82113755 -1.00152898 21.08490903
v 25.82113755 -1.00152898 33.66973091
v 25.82113755 -0.50076383 21.08490903
v 25.82113755 -0.50076383 33.66973091
v 25.82113755 0.00000131 21.08490903
v 25.82113755 0.00000131 33.66973091
v 25.82113755 0.50076646 21.08490903
v 25.82113755 0.50076646 33.66973091
v 25.82113755 1.00153160 21.08490903
v 25.82113755 1.00153160 33.66973091
v 25.82113755 1.50229675 21.08490903
v 25.82113755 1.50229675 33.66973091
v 25.82113755 2.00306189 21.08490903
v 25.82113755 2.00306189 33.66973091
v 25.82113755 2.50382704 21.08490903
v 25.82113755 2.50382704 33.16633803
v 25.82113755 3.00459218 21.58830190
v 25.82113755 3.00459218 33.16633803
v 25.82113755 3.50535733 21.58830190
v 25.82113755 3.50535733 33.16633803
v 25.82113755 4.00612247 21.58830190
v 25.82113755 4.00612247 33.16633803
v 25.82113755 4.50688761 21.58830190
v 25.82113755 4.50688761 33.16633803
v 25.82113755 5.00765276 22.09169478
v 25.82113755 5.00765276 33.16633803
v 25.82113755 5.50841790 22.09169478
v 25.82113755 5.50841790 32.66294516
v 25.82113755 6.00918305 22.59508765
v 25.82113755 6.00918305 32.66294516
v 25.82113755 6.50994819 22.59508765
v 25.82113755 6.50994819 32.66294516
v 25.82113755 7.01071334 22.59508765
v 25.82113755 7.01071334 32.66294516
v 25.82113755 7.51147848 23.09848053
v 25.82113755 7.51147848 32.15955228
v 25.82113755 8.01224363 23.60187341
v 25.82113755 8.01224363 32.15955228
v 25.82113755 8.51300877 23.60187341
v 25.82113755 8.51300877 31.65615941
v 25.82113755 9.01377392 24.10526628
v 25.82113755 9.01377392 31.65615941
v 25.82113755 9.51453906 24.60865916
v 25.82113755 9.51453906 31.15276653
v 25.82113755 10.01530421 24.60865916
v 25.82113755 10.01530421 30.64937366
v 25.82113755 10.51606935 25.11205203
v 25.82113755 10.51606935 30.64937366
v 25.82113755 11.01683450 25.61544491
v 25.82113755 11.01683450 26.11883778
v 25.82113755 11.01683450 30.14598078
v 25.82113755 11.51759964 26.62223066
v 25.82113755 11.51759964 29.13919503
v 25.82113755 11.51759964 29.64258791
v 25.82113755 12.01836479 27.12562353
v 25.82113755 12.01836479 27.62901641
v 25.82113755 12.01836479 28.13240928
v 25.82113755 12.01836479 28.63580216
v 26.32146209 -11.51759702 26.11883778
v 26.32146209 -12.01836216 26.62223066
v 26.32146209 -12.01836216 27.12562353
v 26.32146209 -12.01836216 27.62901641
v 26.32146209 -12.01836216 28.13240928
v 26.32146209 -12.01836216 28.63580216
v 26.32146209 -12.01836216 29.13919503
v 26.32146209 -11.51759702 29.64258791
v 26.32146209 -11.01683187 25.61544491
v 26.32146209 -11.51759702 30.14598078
v 26.32146209 -11.01683187 30.64937366
v 26.32146209 -10.51606673 25.11205203
v 26.32146209 -10.51606673 31.15276653
v 26.32146209 -10.01530159 24.60865916
v 26.32146209 -10.01530159 31.65615941
v 26.32146209 -9.51453644 24.10526628
v 26.32146209 -9.51453644 32.15955228
v 26.32146209 -9.01377130 23.60187341
v 26.32146209 -9.01377130 32.15955228
v 26.32146209 -8.51300615 23.60187341
v 26.32146209 -8.51300615 32.66294516
v 26.32146209 -8.01224101 23.09848053
v 26.32146209 -8.01224101 32.66294516
v 26.32146209 -7.51147586 22.59508765
v 26.32146209 -7.51147586 33.16633803
v 26.32146209 -7.01071072 22.59508765
v 26.32146209 -7.01071072 33.16633803
v 26.32146209 -6.50994557 22.09169478
v 26.32146209 -6.50994557 33.16633803
v 26.32146209 -6.00918043 22.09169478
v 26.32146209 -6.00918043 33.16633803
v 26.32146209 -5.50841528 22.09169478
v 26.32146209 -5.50841528 33.16633803
v 26.32146209 -5.00765014 21.58830190
v 26.32146209 -5.00765014 33.16633803
v 26.32146209 -4.50688499 21.58830190
v 26.32146209 -4.50688499 33.66973091
v 26.32146209 -4.00611985 21.58830190
v 26.32146209 -4.00611985 33.66973091
v 26.32146209 -3.50535470 21.58830190
v 26.32146209 -3.50535470 33.66973091
v 26.32146209 -3.00458956 21.08490903
v 26.32146209 -3.00458956 33.66973091
v 26.32146209 -2.50382441 21.08490903
v 26.32146209 -2.50382441 33.66973091
v 26.32146209 -2.00305927 21.08490903
v 26.32146209 -2.00305927 33.66973091
v 26.32146209 -1.50229412 21.08490903
v 26.32146209 -1.50229412 33.66973091
v 26.32146209 -1.00152898 21.08490903
v 26.32146209 -1.00152898 33.66973091
v 26.32146209 -0.50076383 21.08490903
v 26.32146209 -0.50076383 33.66973091
v 26.32146209 0.00000131 21.08490903
v 26.32146209 0.00000131 33.66973091
v 26.32146209 0.50076646 21.08490903
v 26.32146209 0.50076646 33.66973091
v 26.32146209 1.00153160 21.08490903
v 26.32146209 1.00153160 33.66973091
v 26.32146209 1.50229675 21.08490903
v 26.32146209 1.50229675 33.66973091
v 26.32146209 2.00306189 21.08490903
v 26.32146209 2.00306189 33.16633803
v 26.32146209 2.50382704 21.08490903
v 26.32146209 2.50382704 33.16633803
v 26.32146209 3.00459218 21.08490903
v 26.32146209 3.00459218 33.16633803
v 26.32146209 3.50535733 21.58830190
v 26.32146209 3.50535733 33.16633803
v 26.32146209 4.00612247 21.58830190
v 26.32146209 4.00612247 33.16633803
v 26.32146209 4.50688761 21.58830190
v 26.32146209 4.50688761 32.66294516
v 26.32146209 5.00765276 22.09169478
v 26.32146209 5.00765276 32.66294516
v 26.32146209 5.50841790 22.09169478
v 26.32146209 5.50841790 32.66294516
v 26.32146209 6.00918305 22.09169478
v 26.32146209 6.00918305 32.66294516
v 26.32146209 6.50994819 22.59508765
v 26.32146209 6.50994819 32.66294516
v 26.32146209 7.01071334 22.59508765
v 26.32146209 7.01071334 32.15955228
v 26.32146209 7.51147848 23.09848053
v 26.32146209 7.51147848 32.15955228
v 26.32146209 8.01224363 23.09848053
v 26.32146209 8.01224363 32.15955228
v 26.32146209 8.51300877 23.60187341
v 26.32146209 8.51300877 31.65615941
v 26.32146209 9.01377392 23.60187341
v 26.32146209 9.01377392 31.65615941
v 26.32146209 9.51453906 24.10526628
v 26.32146209 9.51453906 31.15276653
v 26.32146209 10.01530421 24.60865916
v 26.32146209 10.01530421 30.64937366
v 26.32146209 10.51606935 25.11205203
v 26.32146209 10.51606935 30.64937366
v 26.32146209 11.01683450 25.61544491
v 26.32146209 11.01683450 30.14598078
v 26.32146209 11.51759964 26.11883778
v 26.32146209 11.51759964 29.64258791
v 26.32146209 12.01836479 26.62223066
v 26.32146209 12.01836479 29.13919503
v 26.32146209 12.51912993 27.12562353
v 26.32146209 12.51912993 27.62901641
v 26.32146209 12.51912993 28.13240928
v 26.32146209 12.51912993 28.63580216
v 26.82178664 -12.01836216 26.62223066
v 26.82178664 -12.51912731 27.12562353
v 26.82178664 -12.51912731 27.62901641
v 26.82178664 -12.51912731 28.13240928
v 26.82178664 -12.51912731 28.63580216
v 26.82178664 -12.01836216 29.13919503
v 26.82178664 -11.51759702 25.61544491
v 26.82178664 -12.01836216 26.11883778
v 26.82178664 -12.01836216 29.64258791
v 26.82178664 -11.51759702 30.14598078
v 26.82178664 -11.01683187 25.11205203
v 26.82178664 -11.01683187 30.64937366
v 26.82178664 -10.51606673 24.60865916
v 26.82178664 -10.51606673 31.15276653
v 26.82178664 -10.01530159 24.10526628
v 26.82178664 -10.01530159 31.65615941
v 26.82178664 -9.51453644 24.10526628
v 26.82178664 -9.51453644 31.65615941
v 26.82178664 -9.01377130 23.60187341
v 26.82178664 -9.01377130 32.15955228
v 26.82178664 -8.51300615 23.09848053
v 26.82178664 -8.51300615 32.66294516
v 26.82178664 -8.01224101 23.09848053
v 26.82178664 -8.01224101 32.66294516
v 26.82178664 -7.51147586 22.59508765
v 26.82178664 -7.51147586 32.66294516
v 26.82178664 -7.01071072 22.59508765
v 26.82178664 -7.01071072 33.16633803
v 26.82178664 -6.50994557 22.09169478
v 26.82178664 -6.50994557 33.16633803
v 26.82178664 -6.00918043 22.09169478
v 26.82178664 -6.00918043 33.16633803
v 26.82178664 -5.50841528 21.58830190
v 26.82178664 -5.50841528 33.16633803
v 26.82178664 -5.00765014 21.58830190
v 26.82178664 -5.00765014 33.16633803
v 26.82178664 -4.50688499 21.58830190
v 26.82178664 -4.50688499 33.16633803
v 26.82178664 -4.00611985 21.58830190
v 26.82178664 -4.00611985 33.16633803
v 26.82178664 -3.50535470 21.08490903
v 26.82178664 -3.50535470 33.16633803
v 26.82178664 -3.00458956 21.08490903
v 26.82178664 -3.00458956 33.16633803
v 26.82178664 -2.50382441 21.08490903
v 26.82178664 -2.50382441 33.66973091
v 26.82178664 -2.00305927 21.08490903
v 26.82178664 -2.00305927 33.66973091
v 26.82178664 -1.50229412 21.08490903
v 26.82178664 -1.50229412 33.66973091
v 26.82178664 -1.00152898 21.08490903
v 26.82178664 -1.00152898 33.66973091
v 26.82178664 -0.50076383 20.58151615
v 26.82178664 -0.50076383 33.66973091
v 26.82178664 0.00000131 20.58151615
v 26.82178664 0.00000131 33.66973091
v 26.82178664 0.50076646 20.58151615
v 26.82178664 0.50076646 33.66973091
v 26.82178664 1.00153160 20.58151615
v 26.82178664 1.00153160 33.16633803
v 26.82178664 1.50229675 20.58151615
v 26.82178664 1.50229675 33.16633803
v 26.82178664 2.00306189 21.08490903
v 26.82178664 2.00306189 33.16633803
v 26.82178664 2.50382704 21.08490903
v 26.82178664 2.50382704 33.16633803
v 26.82178664 3.00459218 21.08490903
v 26.82178664 3.00459218 33.16633803
v 26.82178664 3.50535733 21.08490903
v 26.82178664 3.50535733 33.16633803
v 26.82178664 4.00612247 21.58830190
v 26.82178664 4.00612247 32.66294516
v 26.82178664 4.50688761 21.58830190
v 26.82178664 4.50688761 32.66294516
v 26.82178664 5.00765276 21.58830190
v 26.82178664 5.00765276 32.66294516
v 26.82178664 5.50841790 22.09169478
v 26.82178664 5.50841790 32.66294516
v 26.82178664 6.00918305 22.09169478
v 26.82178664 6.00918305 32.66294516
v 26.82178664 6.50994819 22.09169478
v 26.82178664 6.50994819 32.15955228
v 26.82178664 7.01071334 22.59508765
v 26.82178664 7.01071334 32.15955228
v 26.82178664 7.51147848 22.59508765
v 26.82178664 7.51147848 32.15955228
v 26.82178664 8.01224363 23.09848053
v 26.82178664 8.01224363 31.65615941
v 26.82178664 8.51300877 23.09848053
v 26.82178664 8.51300877 31.65615941
v 26.82178664 9.01377392 23.60187341
v 26.82178664 9.01377392 31.15276653
v 26.82178664 9.51453906 23.60187341
v 26.82178664 9.51453906 31.15276653
v 26.82178664 10.01530421 24.10526628
v 26.82178664 10.01530421 30.64937366
v 26.82178664 10.51606935 24.60865916
v 26.82178664 10.51606935 30.64937366
v 26.82178664 11.01683450 25.11205203
v 26.82178664 11.01683450 30.14598078
v 26.82178664 11.51759964 25.61544491
v 26.82178664 11.51759964 29.64258791
v 26.82178664 12.01836479 26.11883778
v 26.82178664 12.01836479 29.13919503
v 26.82178664 12.51912993 26.62223066
v 26.82178664 12.51912993 27.12562353
v 26.82178664 12.51912993 28.63580216
v 26.82178664 13.01989508 27.62901641
v 26.82178664 13.01989508 28.13240928
v 27.32211119 -12.01836216 26.11883778
v 27.32211119 -12.51912731 26.62223066
v 27.32211119 -12.51912731 27.12562353
v 27.32211119 -12.51912731 27.62901641
v 27.32211119 -12.51912731 28.13240928
v 27.32211119 -12.51912731 28.63580216
v 27.32211119 -12.51912731 29.13919503
v 27.32211119 -12.01836216 29.64258791
v 27.32211119 -11.51759702 25.61544491
v 27.32211119 -11.51759702 30.14598078
v 27.32211119 -11.01683187 25.11205203
v 27.32211119 -11.01683187 30.64937366
v 27.32211119 -10.51606673 24.60865916
v 27.32211119 -10.51606673 31.15276653
v 27.32211119 -10.01530159 24.10526628
v 27.32211119 -10.01530159 31.65615941
v 27.32211119 -9.51453644 23.60187341
v 27.32211119 -9.51453644 31.65615941
v 27.32211119 -9.01377130 23.60187341
v 27.32211119 -9.01377130 32.15955228
v 27.32211119 -8.51300615 23.09848053
v 27.32211119 -8.51300615 32.15955228
v 27.32211119 -8.01224101 22.59508765
v 27.32211119 -8.01224101 32.66294516
v 27.32211119 -7.51147586 22.59508765
v 27.32211119 -7.51147586 32.66294516
v 27.32211119 -7.01071072 22.09169478
v 27.32211119 -7.01071072 32.66294516
v 27.32211119 -6.50994557 22.09169478
v 27.32211119 -6.50994557 32.66294516
v 27.32211119 -6.00918043 21.58830190
v 27.32211119 -6.00918043 33.16633803
v 27.32211119 -5.50841528 21.58830190
v 27.32211119 -5.50841528 33.16633803
v 27.32211119 -5.00765014 21.58830190
v 27.32211119 -5.00765014 33.16633803
v 27.32211119 -4.50688499 21.08490903
v 27.32211119 -4.50688499 33.16633803
v 27.32211119 -4.00611985 21.08490903
v 27.32211119 -4.00611985 33.16633803
v 27.32211119 -3.50535470 21.08490903
v 27.32211119 -3.50535470 33.16633803
v 27.32211119 -3.00458956 21.08490903
v 27.32211119 -3.00458956 33.16633803
v 27.32211119 -2.50382441 21.08490903
v 27.32211119 -2.50382441 33.16633803
v 27.32211119 -2.00305927 21.08490903
v 27.32211119 -2.00305927 33.16633803
v 27.32211119 -1.50229412 20.58151615
v 27.32211119 -1.50229412 33.16633803
v 27.32211119 -1.00152898 20.58151615
v 27.32211119 -1.00152898 33.16633803
v 27.32211119 -0.50076383 20.58151615
v 27.32211119 -0.50076383 33.16633803
v 27.32211119 0.00000131 20.58151615
v 27.32211119 0.00000131 33.16633803
v 27.32211119 0.50076646 20.58151615
v 27.32211119 0.50076646 33.16633803
v 27.32211119 1.00153160 20.58151615
v 27.32211119 1.00153160 33.16633803
v 27.32211119 1.50229675 20.58151615
v 27.32211119 1.50229675 33.16633803
v 27.32211119 2.00306189 20.58151615
v 27.32211119 2.00306189 33.16633803
v 27.32211119 2.50382704 21.08490903
v 27.32211119 2.50382704 33.16633803
v 27.32211119 3.00459218 21.08490903
v 27.32211119 3.00459218 32.66294516
v 27.32211119 3.50535733 21.08490903
v 27.32211119 3.50535733 32.66294516
v 27.32211119 4.00612247 21.08490903
v 27.32211119 4.00612247 32.66294516
v 27.32211119 4.50688761 21.58830190
v 27.32211119 4.50688761 32.66294516
v 27.32211119 5.00765276 21.58830190
v 27.32211119 5.00765276 32.66294516
v 27.32211119 5.50841790 21.58830190
v 27.32211119 5.50841790 32.15955228
v 27.32211119 6.00918305 22.09169478
v 27.32211119 6.00918305 32.15955228
v 27.32211119 6.50994819 22.09169478
v 27.32211119 6.50994819 32.15955228
v 27.32211119 7.01071334 22.59508765
v 27.32211119 7.01071334 32.15955228
v 27.32211119 7.51147848 22.59508765
v 27.32211119 7.51147848 32.15955228
v 27.32211119 8.01224363 22.59508765
v 27.32211119 8.01224363 31.65615941
v 27.32211119 8.51300877 23.09848053
v 27.32211119 8.51300877 31.65615941
v 27.32211119 9.01377392 23.09848053
v 27.32211119 9.01377392 31.15276653
v 27.32211119 9.51453906 23.60187341
v 27.32211119 9.51453906 31.15276653
v 27.32211119 10.01530421 23.60187341
v 27.32211119 10.01530421 30.64937366
v 27.32211119 10.51606935 24.10526628
v 27.32211119 10.51606935 30.64937366
v 27.32211119 11.01683450 24.60865916
v 27.32211119 11.01683450 30.14598078
v 27.32211119 11.51759964 25.11205203
v 27.32211119 11.51759964 29.64258791
v 27.32211119 12.01836479 25.61544491
v 27.32211119 12.01836479 29.13919503
v 27.32211119 12.51912993 26.11883778
v 27.32211119 12.51912993 28.63580216
v 27.32211119 13.01989508 26.62223066
v 27.32211119 13.01989508 27.12562353
v 27.32211119 13.01989508 27.62901641
v 27.32211119 13.01989508 28.13240928
v 27.82243574 -12.51912731 27.12562353
v 27.82243574 -13.01989245 27.62901641
v 27.82243574 -13.01989245 28.13240928
v 27.82243574 -12.51912731 28.63580216
v 27.82243574 -12.01836216 25.61544491
v 27.82243574 -12.51912731 26.11883778
v 27.82243574 -12.51912731 26.62223066
v 27.82243574 -12.51912731 29.13919503
v 27.82243574 -12.01836216 29.64258791
v 27.82243574 -11.51759702 25.11205203
v 27.82243574 -11.51759702 30.14598078
v 27.82243574 -11.01683187 24.60865916
v 27.82243574 -11.01683187 30.64937366
v 27.82243574 -10.51606673 24.10526628
v 27.82243574 -10.51606673 31.15276653
v 27.82243574 -10.01530159 23.60187341
v 27.82243574 -10.01530159 31.15276653
v 27.82243574 -9.51453644 23.60187341
v 27.82243574 -9.51453644 31.65615941
v 27.82243574 -9.01377130 23.09848053
v 27.82243574 -9.01377130 31.65615941
v 27.82243574 -8.51300615 23.09848053
v 27.82243574 -8.51300615 32.15955228
v 27.82243574 -8.01224101 22.59508765
v 27.82243574 -8.01224101 32.15955228
v 27.82243574 -7.51147586 22.59508765
v 27.82243574 -7.51147586 32.66294516
v 27.82243574 -7.01071072 22.09169478
v 27.82243574 -7.01071072 32.66294516
v 27.82243574 -6.50994557 22.09169478
v 27.82243574 -6.50994557 32.66294516
v 27.82243574 -6.00918043 21.58830190
v 27.82243574 -6.00918043 32.66294516
v 27.82243574 -5.50841528 21.58830190
v 27.82243574 -5.50841528 32.66294516
v 27.82243574 -5.00765014 21.58830190
v 27.82243574 -5.00765014 32.66294516
v 27.82243574 -4.50688499 21.08490903
v 27.82243574 -4.50688499 32.66294516
v 27.82243574 -4.00611985 21.08490903
v 27.82243574 -4.00611985 33.16633803
v 27.82243574 -3.50535470 21.08490903
v 27.82243574 -3.50535470 33.16633803
v 27.82243574 -3.00458956 21.08490903
v 27.82243574 -3.00458956 33.16633803
v 27.82243574 -2.50382441 20.58151615
v 27.82243574 -2.50382441 33.16633803
v 27.82243574 -2.00305927 20.58151615
v 27.82243574 -2.00305927 33.16633803
v 27.82243574 -1.50229412 20.58151615
v 27.82243574 -1.50229412 33.16633803
v 27.82243574 -1.00152898 20.58151615
v 27.82243574 -1.00152898 33.16633803
v 27.82243574 -0.50076383 20.58151615
v 27.82243574 -0.50076383 33.16633803
v 27.82243574 0.00000131 20.58151615
v 27.82243574 0.00000131 33.16633803
v 27.82243574 0.50076646 20.58151615
v 27.82243574 0.50076646 33.16633803
v 27.82243574 1.00153160 20.58151615
v 27.82243574 1.00153160 33.16633803
v 27.82243574 1.50229675 20.58151615
v 27.82243574 1.50229675 33.16633803
v 27.82243574 2.00306189 20.58151615
v 27.82243574 2.00306189 33.16633803
v 27.82243574 2.50382704 21.08490903
v 27.82243574 2.50382704 32.66294516
v 27.82243574 3.00459218 21.08490903
v 27.82243574 3.00459218 32.66294516
v 27.82243574 3.50535733 21.08490903
v 27.82243574 3.50535733 32.66294516
v 27.82243574 4.00612247 21.08490903
v 27.82243574 4.00612247 32.66294516
v 27.82243574 4.50688761 21.58830190
v 27.82243574 4.50688761 32.66294516
v 27.82243574 5.00765276 21.58830190
v 27.82243574 5.00765276 32.15955228
v 27.82243574 5.50841790 21.58830190
v 27.82243574 5.50841790 32.15955228
v 27.82243574 6.00918305 22.09169478
v 27.82243574 6.00918305 32.15955228
v 27.82243574 6.50994819 22.09169478
v 27.82243574 6.50994819 32.15955228
v 27.82243574 7.01071334 22.09169478
v 27.82243574 7.01071334 32.15955228
v 27.82243574 7.51147848 22.59508765
v 27.82243574 7.51147848 31.65615941
v 27.82243574 8.01224363 22.59508765
v 27.82243574 8.01224363 31.65615941
v 27.82243574 8.51300877 22.59508765
v 27.82243574 8.51300877 31.65615941
v 27.82243574 9.01377392 23.09848053
v 27.82243574 9.01377392 31.15276653
v 27.82243574 9.51453906 23.09848053
v 27.82243574 9.51453906 31.15276653
v 27.82243574 10.01530421 23.60187341
v 27.82243574 10.01530421 30.64937366
v 27.82243574 10.51606935 24.10526628
v 27.82243574 10.51606935 30.64937366
v 27.82243574 11.01683450 24.10526628
v 27.82243574 11.01683450 30.14598078
v 27.82243574 11.51759964 24.60865916
v 27.82243574 11.51759964 30.14598078
v 27.82243574 12.01836479 25.11205203
v 27.82243574 12.01836479 29.64258791
v 27.82243574 12.51912993 25.61544491
v 27.82243574 12.51912993 29.13919503
v 27.82243574 13.01989508 26.11883778
v 27.82243574 13.01989508 28.63580216
v 27.82243574 13.52066022 26.62223066
v 27.82243574 13.52066022 27.12562353
v 27.82243574 13.52066022 27.62901641
v 27.82243574 13.52066022 28.13240928
v 28.32276028 -12.51912731 26.62223066
v 28.32276028 -13.01989245 27.12562353
v 28.32276028 -13.01989245 27.62901641
v 28.32276028 -13.01989245 28.13240928
v 28.32276028 -12.51912731 28.63580216
v 28.32276028 -12.01836216 25.61544491
v 28.32276028 -12.51912731 26.11883778
v 28.32276028 -12.51912731 29.13919503
v 28.32276028 -12.01836216 29.64258791
v 28.32276028 -11.51759702 25.11205203
v 28.32276028 -11.51759702 30.14598078
v 28.32276028 -11.01683187 24.60865916
v 28.32276028 -11.01683187 30.64937366
v 28.32276028 -10.51606673 24.10526628
v 28.32276028 -10.51606673 30.64937366
v 28.32276028 -10.01530159 23.60187341
v 28.32276028 -10.01530159 31.15276653
v 28.32276028 -9.51453644 23.60187341
v 28.32276028 -9.51453644 31.65615941
v 28.32276028 -9.01377130 23.09848053
v 28.32276028 -9.01377130 31.65615941
v 28.32276028 -8.51300615 23.09848053
v 28.32276028 -8.51300615 32.15955228
v 28.32276028 -8.01224101 22.59508765
v 28.32276028 -8.01224101 32.15955228
v 28.32276028 -7.51147586 22.59508765
v 28.32276028 -7.51147586 32.15955228
v 28.32276028 -7.01071072 22.09169478
v 28.32276028 -7.01071072 32.15955228
v 28.32276028 -6.50994557 22.09169478
v 28.32276028 -6.50994557 32.66294516
v 28.32276028 -6.00918043 21.58830190
v 28.32276028 -6.00918043 32.66294516
v 28.32276028 -5.50841528 21.58830190
v 28.32276028 -5.50841528 32.66294516
v 28.32276028 -5.00765014 21.08490903
v 28.32276028 -5.00765014 32.66294516
v 28.32276028 -4.50688499 21.08490903
v 28.32276028 -4.50688499 32.66294516
v 28.32276028 -4.00611985 21.08490903
v 28.32276028 -4.00611985 32.66294516
v 28.32276028 -3.50535470 21.08490903
v 28.32276028 -3.50535470 32.66294516
v 28.32276028 -3.00458956 20.58151615
v 28.32276028 -3.00458956 32.66294516
v 28.32276028 -2.50382441 20.58151615
v 28.32276028 -2.50382441 32.66294516
v 28.32276028 -2.00305927 20.58151615
v 28.32276028 -2.00305927 33.16633803
v 28.32276028 -1.50229412 20.58151615
v 28.32276028 -1.50229412 33.16633803
v 28.32276028 -1.00152898 20.58151615
v 28.32276028 -1.00152898 33.16633803
v 28.32276028 -0.50076383 20.58151615
v 28.32276028 -0.50076383 33.16633803
v 28.32276028 0.00000131 20.58151615
v 28.32276028 0.00000131 33.16633803
v 28.32276028 0.50076646 20.58151615
v 28.32276028 0.50076646 33.16633803
v 28.32276028 1.00153160 20.58151615
v 28.32276028 1.00153160 32.66294516
v 28.32276028 1.50229675 20.58151615
v 28.32276028 1.50229675 32.66294516
v 28.32276028 2.00306189 20.58151615
v 28.32276028 2.00306189 32.66294516
v 28.32276028 2.50382704 20.58151615
v 28.32276028 2.50382704 32.66294516
v 28.32276028 3.00459218 21.08490903
v 28.32276028 3.00459218 32.66294516
v 28.32276028 3.50535733 21.08490903
v 28.32276028 3.50535733 32.66294516
v 28.32276028 4.00612247 21.08490903
v 28.32276028 4.00612247 32.15955228
v 28.32276028 4.50688761 21.58830190
v 28.32276028 4.50688761 32.15955228
v 28.32276028 5.00765276 21.58830190
v 28.32276028 5.00765276 32.15955228
v 28.32276028 5.50841790 21.58830190
v 28.32276028 5.50841790 32.15955228
v 28.32276028 6.00918305 21.58830190
v 28.32276028 6.00918305 32.15955228
v 28.32276028 6.50994819 22.09169478
v 28.32276028 6.50994819 31.65615941
v 28.32276028 7.01071334 22.09169478
v 28.32276028 7.01071334 31.65615941
v 28.32276028 7.51147848 22.09169478
v 28.32276028 7.51147848 31.65615941
v 28.32276028 8.01224363 22.59508765
v 28.32276028 8.01224363 31.65615941
v 28.32276028 8.51300877 22.59508765
v 28.32276028 8.51300877 31.15276653
v 28.32276028 9.01377392 23.09848053
v 28.32276028 9.01377392 31.15276653
v 28.32276028 9.51453906 23.09848053
v 28.32276028 9.51453906 31.15276653
v 28.32276028 10.01530421 23.60187341
v 28.32276028 10.01530421 30.64937366
v 28.32276028 10.51606935 23.60187341
v 28.32276028 10.51606935 30.64937366
v 28.32276028 11.01683450 24.10526628
v 28.32276028 11.01683450 30.14598078
v 28.32276028 11.51759964 24.10526628
v 28.32276028 11.51759964 30.14598078
v 28.32276028 12.01836479 24.60865916
v 28.32276028 12.01836479 29.64258791
v 28.32276028 12.51912993 25.11205203
v 28.32276028 12.51912993 29.13919503
v 28.32276028 13.01989508 25.61544491
v 28.32276028 13.01989508 28.63580216
v 28.32276028 13.52066022 26.11883778
v 28.32276028 13.52066022 28.13240928
v 28.32276028 14.02142537 26.62223066
v 28.32276028 14.02142537 27.12562353
v 28.32276028 14.02142537 27.62901641
v 28.82308483 -12.51912731 26.11883778
v 28.82308483 -13.01989245 26.62223066
v 28.82308483 -13.01989245 27.12562353
v 28.82308483 -13.01989245 27.62901641
v 28.82308483 -13.01989245 28.13240928
v 28.82308483 -12.51912731 28.63580216
v 28.82308483 -12.01836216 25.61544491
v 28.82308483 -12.01836216 29.13919503
v 28.82308483 -11.51759702 25.11205203
v 28.82308483 -11.51759702 29.64258791
v 28.82308483 -11.01683187 24.60865916
v 28.82308483 -11.01683187 30.14598078
v 28.82308483 -10.51606673 24.10526628
v 28.82308483 -10.51606673 30.64937366
v 28.82308483 -10.01530159 23.60187341
v 28.82308483 -10.01530159 31.15276653
v 28.82308483 -9.51453644 23.09848053
v 28.82308483 -9.51453644 31.15276653
v 28.82308483 -9.01377130 23.09848053
v 28.82308483 -9.01377130 31.65615941
v 28.82308483 -8.51300615 22.59508765
v 28.82308483 -8.51300615 31.65615941
v 28.82308483 -8.01224101 22.59508765
v 28.82308483 -8.01224101 32.15955228
v 28.82308483 -7.51147586 22.09169478
v 28.82308483 -7.51147586 32.15955228
v 28.82308483 -7.01071072 22.09169478
v 28.82308483 -7.01071072 32.15955228
v 28.82308483 -6.50994557 22.09169478
v 28.82308483 -6.50994557 32.15955228
v 28.82308483 -6.00918043 21.58830190
v 28.82308483 -6.00918043 32.15955228
v 28.82308483 -5.50841528 21.58830190
v 28.82308483 -5.50841528 32.15955228
v 28.82308483 -5.00765014 21.08490903
v 28.82308483 -5.00765014 32.66294516
v 28.82308483 -4.50688499 21.08490903
v 28.82308483 -4.50688499 32.66294516
v 28.82308483 -4.00611985 21.08490903
v 28.82308483 -4.00611985 32.66294516
v 28.82308483 -3.50535470 21.08490903
v 28.82308483 -3.50535470 32.66294516
v 28.82308483 -3.00458956 20.58151615
v 28.82308483 -3.00458956 32.66294516
v 28.82308483 -2.50382441 20.58151615
v 28.82308483 -2.50382441 32.66294516
v 28.82308483 -2.00305927 20.58151615
v 28.82308483 -2.00305927 32.66294516
v 28.82308483 -1.50229412 20.58151615
v 28.82308483 -1.50229412 32.66294516
v 28.82308483 -1.00152898 20.58151615
v 28.82308483 -1.00152898 32.66294516
v 28.82308483 -0.50076383 20.58151615
v 28.82308483 -0.50076383 32.66294516
v 28.82308483 0.00000131 20.58151615
v 28.82308483 0.00000131 32.66294516
v 28.82308483 0.50076646 20.58151615
v 28.82308483 0.50076646 32.66294516
v 28.82308483 1.00153160 20.58151615
v 28.82308483 1.00153160 32.66294516
v 28.82308483 1.50229675 20.58151615
v 28.82308483 1.50229675 32.66294516
v 28.82308483 2.00306189 20.58151615
v 28.82308483 2.00306189 32.66294516
v 28.82308483 2.50382704 21.08490903
v 28.82308483 2.50382704 32.66294516
v 28.82308483 3.00459218 21.08490903
v 28.82308483 3.00459218 32.15955228
v 28.82308483 3.50535733 21.08490903
v 28.82308483 3.50535733 32.15955228
v 28.82308483 4.00612247 21.08490903
v 28.82308483 4.00612247 32.15955228
v 28.82308483 4.50688761 21.08490903
v 28.82308483 4.50688761 32.15955228
v 28.82308483 5.00765276 21.58830190
v 28.82308483 5.00765276 31.65615941
v 28.82308483 5.50841790 21.58830190
v 28.82308483 5.50841790 31.65615941
v 28.82308483 6.00918305 21.58830190
v 28.82308483 6.00918305 31.65615941
v 28.82308483 6.50994819 22.09169478
v 28.82308483 6.50994819 31.65615941
v 28.82308483 7.01071334 22.09169478
v 28.82308483 7.01071334 31.65615941
v 28.82308483 7.51147848 22.09169478
v 28.82308483 7.51147848 31.65615941
v 28.82308483 8.01224363 22.59508765
v 28.82308483 8.01224363 31.15276653
v 28.82308483 8.51300877 22.59508765
v 28.82308483 8.51300877 31.15276653
v 28.82308483 9.01377392 22.59508765
v 28.82308483 9.01377392 31.15276653
v 28.82308483 9.51453906 23.09848053
v 28.82308483 9.51453906 30.64937366
v 28.82308483 10.01530421 23.09848053
v 28.82308483 10.01530421 30.64937366
v 28.82308483 10.51606935 23.60187341
v 28.82308483 10.51606935 30.64937366
v 28.82308483 11.01683450 23.60187341
v 28.82308483 11.01683450 30.14598078
v 28.82308483 11.51759964 24.10526628
v 28.82308483 11.51759964 29.64258791
v 28.82308483 12.01836479 24.10526628
v 28.82308483 12.01836479 29.64258791
v 28.82308483 12.51912993 24.60865916
v 28.82308483 12.51912993 29.13919503
v 28.82308483 13.01989508 25.11205203
v 28.82308483 13.01989508 28.63580216
v 28.82308483 13.52066022 25.61544491
v 28.82308483 13.52066022 28.13240928
v 28.82308483 14.02142537 26.11883778
v 28.82308483 14.02142537 26.62223066
v 28.82308483 14.02142537 27.12562353
v 28.82308483 14.02142537 27.62901641
v 29.32340938 -12.51912731 26.11883778
v 29.32340938 -13.01989245 26.62223066
v 29.32340938 -13.01989245 27.12562353
v 29.32340938 -13.01989245 27.62901641
v 29.32340938 -13.01989245 28.13240928
v 29.32340938 -12.51912731 28.63580216
v 29.32340938 -12.01836216 25.61544491
v 29.32340938 -12.01836216 29.13919503
v 29.32340938 -11.51759702 25.11205203
v 29.32340938 -11.51759702 29.64258791
v 29.32340938 -11.01683187 24.60865916
v 29.32340938 -11.01683187 30.14598078
v 29.32340938 -10.51606673 24.10526628
v 29.32340938 -10.51606673 30.64937366
v 29.32340938 -10.01530159 23.60187341
v 29.32340938 -10.01530159 30.64937366
v 29.32340938 -9.51453644 23.09848053
v 29.32340938 -9.51453644 31.15276653
v 29.32340938 -9.01377130 23.09848053
v 29.32340938 -9.01377130 31.15276653
v 29.32340938 -8.51300615 22.59508765
v 29.32340938 -8.51300615 31.65615941
v 29.32340938 -8.01224101 22.59508765
v 29.32340938 -8.01224101 31.65615941
v 29.32340938 -7.51147586 22.09169478
v 29.32340938 -7.51147586 31.65615941
v 29.32340938 -7.01071072 22.09169478
v 29.32340938 -7.01071072 32.15955228
v 29.32340938 -6.50994557 22.09169478
v 29.32340938 -6.50994557 32.15955228
v 29.32340938 -6.00918043 21.58830190
v 29.32340938 -6.00918043 32.15955228
v 29.32340938 -5.50841528 21.58830190
v 29.32340938 -5.50841528 32.15955228
v 29.32340938 -5.00765014 21.08490903
v 29.32340938 -5.00765014 32.15955228
v 29.32340938 -4.50688499 21.08490903
v 29.32340938 -4.50688499 32.15955228
v 29.32340938 -4.00611985 21.08490903
v 29.32340938 -4.00611985 32.15955228
v 29.32340938 -3.50535470 20.58151615
v 29.32340938 -3.50535470 32.15955228
v 29.32340938 -3.00458956 20.58151615
v 29.32340938 -3.00458956 32.15955228
v 29.32340938 -2.50382441 20.58151615
v 29.32340938 -2.50382441 32.66294516
v 29.32340938 -2.00305927 20.58151615
v 29.32340938 -2.00305927 32.66294516
v 29.32340938 -1.50229412 20.58151615
v 29.32340938 -1.50229412 32.66294516
v 29.32340938 -1.00152898 20.58151615
v 29.32340938 -1.00152898 32.66294516
v 29.32340938 -0.50076383 20.58151615
v 29.32340938 -0.50076383 32.66294516
v 29.32340938 0.00000131 20.58151615
v 29.32340938 0.00000131 32.66294516
v 29.32340938 0.50076646 20.58151615
v 29.32340938 0.50076646 32.66294516
v 29.32340938 1.00153160 20.58151615
v 29.32340938 1.00153160 32.66294516
v 29.32340938 1.50229675 20.58151615
v 29.32340938 1.50229675 32.15955228
v 29.32340938 2.00306189 21.08490903
v 29.32340938 2.00306189 32.15955228
v 29.32340938 2.50382704 21.08490903
v 29.32340938 2.50382704 32.15955228
v 29.32340938 3.00459218 21.08490903
v 29.32340938 3.00459218 32.15955228
v 29.32340938 3.50535733 21.08490903
v 29.32340938 3.50535733 32.15955228
v 29.32340938 4.00612247 21.08490903
v 29.32340938 4.00612247 31.65615941
v 29.32340938 4.50688761 21.08490903
v 29.32340938 4.50688761 31.65615941
v 29.32340938 5.00765276 21.58830190
v 29.32340938 5.00765276 31.65615941
v 29.32340938 5.50841790 21.58830190
v 29.32340938 5.50841790 31.65615941
v 29.32340938 6.00918305 21.58830190
v 29.32340938 6.00918305 31.65615941
v 29.32340938 6.50994819 22.09169478
v 29.32340938 6.50994819 31.65615941
v 29.32340938 7.01071334 22.09169478
v 29.32340938 7.01071334 31.15276653
v 29.32340938 7.51147848 22.09169478
v 29.32340938 7.51147848 31.15276653
v 29.32340938 8.01224363 22.09169478
v 29.32340938 8.01224363 31.15276653
v 29.32340938 8.51300877 22.59508765
v 29.32340938 8.51300877 31.15276653
v 29.32340938 9.01377392 22.59508765
v 29.32340938 9.01377392 31.15276653
v 29.32340938 9.51453906 23.09848053
v 29.32340938 9.51453906 30.64937366
v 29.32340938 10.01530421 23.09848053
v 29.32340938 10.01530421 30.64937366
v 29.32340938 10.51606935 23.09848053
v 29.32340938 10.51606935 30.14598078
v 29.32340938 11.01683450 23.60187341
v 29.32340938 11.01683450 30.14598078
v 29.32340938 11.51759964 23.60187341
v 29.32340938 11.51759964 29.64258791
v 29.32340938 12.01836479 24.10526628
v 29.32340938 12.01836479 29.64258791
v 29.32340938 12.51912993 24.60865916
v 29.32340938 12.51912993 29.13919503
v 29.32340938 13.01989508 24.60865916
v 29.32340938 13.01989508 28.63580216
v 29.32340938 13.52066022 25.11205203
v 29.32340938 13.52066022 28.13240928
v 29.32340938 14.02142537 25.61544491
v 29.32340938 14.02142537 27.62901641
v 29.32340938 14.52219051 26.11883778
v 29.32340938 14.52219051 26.62223066
v 29.32340938 14.52219051 27.12562353
v 29.82373393 -12.51912731 26.11883778
v 29.82373393 -13.01989245 26.62223066
v 29.82373393 -13.01989245 27.12562353
v 29.82373393 -13.01989245 27.62901641
v 29.82373393 -12.51912731 28.13240928
v 29.82373393 -12.01836216 25.61544491
v 29.82373393 -12.51912731 28.63580216
v 29.82373393 -12.01836216 29.13919503
v 29.82373393 -11.51759702 25.11205203
v 29.82373393 -11.51759702 29.64258791
v 29.82373393 -11.01683187 24.60865916
v 29.82373393 -11.01683187 30.14598078
v 29.82373393 -10.51606673 24.10526628
v 29.82373393 -10.51606673 30.14598078
v 29.82373393 -10.01530159 23.60187341
v 29.82373393 -10.01530159 30.64937366
v 29.82373393 -9.51453644 23.60187341
v 29.82373393 -9.51453644 30.64937366
v 29.82373393 -9.01377130 23.09848053
v 29.82373393 -9.01377130 31.15276653
v 29.82373393 -8.51300615 23.09848053
v 29.82373393 -8.51300615 31.15276653
v 29.82373393 -8.01224101 22.59508765
v 29.82373393 -8.01224101 31.65615941
v 29.82373393 -7.51147586 22.59508765
v 29.82373393 -7.51147586 31.65615941
v 29.82373393 -7.01071072 22.09169478
v 29.82373393 -7.01071072 31.65615941
v 29.82373393 -6.50994557 22.09169478
v 29.82373393 -6.50994557 31.65615941
v 29.82373393 -6.00918043 21.58830190
v 29.82373393 -6.00918043 31.65615941
v 29.82373393 -5.50841528 21.58830190
v 29.82373393 -5.50841528 31.65615941
v 29.82373393 -5.00765014 21.08490903
v 29.82373393 -5.00765014 31.65615941
v 29.82373393 -4.50688499 21.08490903
v 29.82373393 -4.50688499 32.15955228
v 29.82373393 -4.00611985 21.08490903
v 29.82373393 -4.00611985 32.15955228
v 29.82373393 -3.50535470 21.08490903
v 29.82373393 -3.50535470 32.15955228
v 29.82373393 -3.00458956 20.58151615
v 29.82373393 -3.00458956 32.15955228
v 29.82373393 -2.50382441 20.58151615
v 29.82373393 -2.50382441 32.15955228
v 29.82373393 -2.00305927 20.58151615
v 29.82373393 -2.00305927 32.15955228
v 29.82373393 -1.50229412 20.58151615
v 29.82373393 -1.50229412 32.15955228
v 29.82373393 -1.00152898 20.58151615
v 29.82373393 -1.00152898 32.15955228
v 29.82373393 -0.50076383 20.58151615
v 29.82373393 -0.50076383 32.15955228
v 29.82373393 0.00000131 20.58151615
v 29.82373393 0.00000131 32.15955228
v 29.82373393 0.50076646 20.58151615
v 29.82373393 0.50076646 32.15955228
v 29.82373393 1.00153160 20.58151615
v 29.82373393 1.00153160 32.15955228
v 29.82373393 1.50229675 21.08490903
v 29.82373393 1.50229675 32.15955228
v 29.82373393 2.00306189 21.08490903
v 29.82373393 2.00306189 32.15955228
v 29.82373393 2.50382704 21.08490903
v 29.82373393 2.50382704 31.65615941
v 29.82373393 3.00459218 21.08490903
v 29.82373393 3.00459218 31.65615941
v 29.82373393 3.50535733 21.08490903
v 29.82373393 3.50535733 31.65615941
v 29.82373393 4.00612247 21.08490903
v 29.82373393 4.00612247 31.65615941
v 29.82373393 4.50688761 21.58830190
v 29.82373393 4.50688761 31.65615941
v 29.82373393 5.00765276 21.58830190
v 29.82373393 5.00765276 31.15276653
v 29.82373393 5.50841790 21.58830190
v 29.82373393 5.50841790 31.15276653
v 29.82373393 6.00918305 21.58830190
v 29.82373393 6.00918305 31.15276653
v 29.82373393 6.50994819 22.09169478
v 29.82373393 6.50994819 31.15276653
v 29.82373393 7.01071334 22.09169478
v 29.82373393 7.01071334 31.15276653
v 29.82373393 7.51147848 22.09169478
v 29.82373393 7.51147848 31.15276653
v 29.82373393 8.01224363 22.09169478
v 29.82373393 8.01224363 31.15276653
v 29.82373393 8.51300877 22.59508765
v 29.82373393 8.51300877 30.64937366
v 29.82373393 9.01377392 22.59508765
v 29.82373393 9.01377392 30.64937366
v 29.82373393 9.51453906 22.59508765
v 29.82373393 9.51453906 30.64937366
v 29.82373393 10.01530421 23.09848053
v 29.82373393 10.01530421 30.64937366
v 29.82373393 10.51606935 23.09848053
v 29.82373393 10.51606935 30.14598078
v 29.82373393 11.01683450 23.60187341
v 29.82373393 11.01683450 30.14598078
v 29.82373393 11.51759964 23.60187341
v 29.82373393 11.51759964 29.64258791
v 29.82373393 12.01836479 24.10526628
v 29.82373393 12.01836479 29.13919503
v 29.82373393 12.51912993 24.10526628
v 29.82373393 12.51912993 29.13919503
v 29.82373393 13.01989508 24.60865916
v 29.82373393 13.01989508 28.63580216
v 29.82373393 13.52066022 24.60865916
v 29.82373393 13.52066022 28.13240928
v 29.82373393 14.02142537 25.11205203
v 29.82373393 14.02142537 27.62901641
v 29.82373393 14.52219051 25.61544491
v 29.82373393 14.52219051 26.11883778
v 29.82373393 14.52219051 26.62223066
v 29.82373393 14.52219051 27.12562353
v 30.32405847 -12.51912731 26.62223066
v 30.32405847 -13.01989245 27.12562353
v 30.32405847 -12.51912731 27.62901641
v 30.32405847 -12.01836216 25.61544491
v 30.32405847 -12.51912731 26.11883778
v 30.32405847 -12.51912731 28.13240928
v 30.32405847 -12.01836216 28.63580216
v 30.32405847 -11.51759702 25.11205203
v 30.32405847 -11.51759702 29.13919503
v 30.32405847 -11.01683187 24.60865916
v 30.32405847 -11.01683187 29.64258791
v 30.32405847 -10.51606673 24.10526628
v 30.32405847 -10.51606673 30.14598078
v 30.32405847 -10.01530159 24.10526628
v 30.32405847 -10.01530159 30.14598078
v 30.32405847 -9.51453644 23.60187341
v 30.32405847 -9.51453644 30.64937366
v 30.32405847 -9.01377130 23.09848053
v 30.32405847 -9.01377130 30.64937366
v 30.32405847 -8.51300615 23.09848053
v 30.32405847 -8.51300615 31.15276653
v 30.32405847 -8.01224101 22.59508765
v 30.32405847 -8.01224101 31.15276653
v 30.32405847 -7.51147586 22.59508765
v 30.32405847 -7.51147586 31.15276653
v 30.32405847 -7.01071072 22.09169478
v 30.32405847 -7.01071072 31.15276653
v 30.32405847 -6.50994557 22.09169478
v 30.32405847 -6.50994557 31.15276653
v 30.32405847 -6.00918043 21.58830190
v 30.32405847 -6.00918043 31.65615941
v 30.32405847 -5.50841528 21.58830190
v 30.32405847 -5.50841528 31.65615941
v 30.32405847 -5.00765014 21.58830190
v 30.32405847 -5.00765014 31.65615941
v 30.32405847 -4.50688499 21.08490903
v 30.32405847 -4.50688499 31.65615941
v 30.32405847 -4.00611985 21.08490903
v 30.32405847 -4.00611985 31.65615941
v 30.32405847 -3.50535470 21.08490903
v 30.32405847 -3.50535470 31.65615941
v 30.32405847 -3.00458956 21.08490903
v 30.32405847 -3.00458956 31.65615941
v 30.32405847 -2.50382441 20.58151615
v 30.32405847 -2.50382441 32.15955228
v 30.32405847 -2.00305927 20.58151615
v 30.32405847 -2.00305927 32.15955228
v 30.32405847 -1.50229412 20.58151615
v 30.32405847 -1.50229412 32.15955228
v 30.32405847 -1.00152898 20.58151615
v 30.32405847 -1.00152898 32.15955228
v 30.32405847 -0.50076383 20.58151615
v 30.32405847 -0.50076383 32.15955228
v 30.32405847 0.00000131 20.58151615
v 30.32405847 0.00000131 32.15955228
v 30.32405847 0.50076646 20.58151615
v 30.32405847 0.50076646 31.65615941
v 30.32405847 1.00153160 21.08490903
v 30.32405847 1.00153160 31.65615941
v 30.32405847 1.50229675 21.08490903
v 30.32405847 1.50229675 31.65615941
v 30.32405847 2.00306189 21.08490903
v 30.32405847 2.00306189 31.65615941
v 30.32405847 2.50382704 21.08490903
v 30.32405847 2.50382704 31.65615941
v 30.32405847 3.00459218 21.08490903
v 30.32405847 3.00459218 31.15276653
v 30.32405847 3.50535733 21.08490903
v 30.32405847 3.50535733 31.15276653
v 30.32405847 4.00612247 21.58830190
v 30.32405847 4.00612247 31.15276653
v 30.32405847 4.50688761 21.58830190
v 30.32405847 4.50688761 31.15276653
v 30.32405847 5.00765276 21.58830190
v 30.32405847 5.00765276 31.15276653
v 30.32405847 5.50841790 21.58830190
v 30.32405847 5.50841790 31.15276653
v 30.32405847 6.00918305 21.58830190
v 30.32405847 6.00918305 31.15276653
v 30.32405847 6.50994819 22.09169478
v 30.32405847 6.50994819 30.64937366
v 30.32405847 7.01071334 22.09169478
v 30.32405847 7.01071334 30.64937366
v 30.32405847 7.51147848 22.09169478
v 30.32405847 7.51147848 30.64937366
v 30.32405847 8.01224363 22.09169478
v 30.32405847 8.01224363 30.64937366
v 30.32405847 8.51300877 22.59508765
v 30.32405847 8.51300877 30.64937366
v 30.32405847 9.01377392 22.59508765
v 30.32405847 9.01377392 30.64937366
v 30.32405847 9.51453906 22.59508765
v 30.32405847 9.51453906 30.64937366
v 30.32405847 10.01530421 23.09848053
v 30.32405847 10.01530421 30.14598078
v 30.32405847 10.51606935 23.09848053
v 30.32405847 10.51606935 30.14598078
v 30.32405847 11.01683450 23.60187341
v 30.32405847 11.01683450 29.64258791
v 30.32405847 11.51759964 23.60187341
v 30.32405847 11.51759964 29.64258791
v 30.32405847 12.01836479 24.10526628
v 30.32405847 12.01836479 29.13919503
v 30.32405847 12.51912993 24.10526628
v 30.32405847 12.51912993 28.63580216
v 30.32405847 13.01989508 24.60865916
v 30.32405847 13.01989508 28.13240928
v 30.32405847 13.52066022 24.60865916
v 30.32405847 13.52066022 27.62901641
v 30.32405847 14.02142537 25.11205203
v 30.32405847 14.02142537 27.12562353
v 30.32405847 14.52219051 25.61544491
v 30.32405847 14.52219051 26.11883778
v 30.32405847 14.52219051 26.62223066
v 30.82438302 -12.51912731 27.12562353
v 30.82438302 -12.01836216 26.11883778
v 30.82438302 -12.51912731 26.62223066
v 30.82438302 -12.51912731 27.62901641
v 30.82438302 -12.01836216 28.13240928
v 30.82438302 -11.51759702 25.11205203
v 30.82438302 -12.01836216 25.61544491
v 30.82438302 -11.51759702 28.63580216
v 30.82438302 -11.01683187 24.60865916
v 30.82438302 -11.01683187 29.13919503
v 30.82438302 -10.51606673 24.60865916
v 30.82438302 -10.51606673 29.64258791
v 30.82438302 -10.01530159 24.10526628
v 30.82438302 -10.01530159 30.14598078
v 30.82438302 -9.51453644 23.60187341
v 30.82438302 -9.51453644 30.14598078
v 30.82438302 -9.01377130 23.60187341
v 30.82438302 -9.01377130 30.64937366
v 30.82438302 -8.51300615 23.09848053
v 30.82438302 -8.51300615 30.64937366
v 30.82438302 -8.01224101 23.09848053
v 30.82438302 -8.01224101 30.64937366
v 30.82438302 -7.51147586 22.59508765
v 30.82438302 -7.51147586 30.64937366
v 30.82438302 -7.01071072 22.59508765
v 30.82438302 -7.01071072 31.15276653
v 30.82438302 -6.50994557 22.09169478
v 30.82438302 -6.50994557 31.15276653
v 30.82438302 -6.00918043 22.09169478
v 30.82438302 -6.00918043 31.15276653
v 30.82438302 -5.50841528 21.58830190
v 30.82438302 -5.50841528 31.15276653
v 30.82438302 -5.00765014 21.58830190
v 30.82438302 -5.00765014 31.15276653
v 30.82438302 -4.50688499 21.58830190
v 30.82438302 -4.50688499 31.15276653
v 30.82438302 -4.00611985 21.08490903
v 30.82438302 -4.00611985 31.15276653
v 30.82438302 -3.50535470 21.08490903
v 30.82438302 -3.50535470 31.15276653
v 30.82438302 -3.00458956 21.08490903
v 30.82438302 -3.00458956 31.65615941
v 30.82438302 -2.50382441 21.08490903
v 30.82438302 -2.50382441 31.65615941
v 30.82438302 -2.00305927 21.08490903
v 30.82438302 -2.00305927 31.65615941
v 30.82438302 -1.50229412 21.08490903
v 30.82438302 -1.50229412 31.65615941
v 30.82438302 -1.00152898 20.58151615
v 30.82438302 -1.00152898 31.65615941
v 30.82438302 -0.50076383 20.58151615
v 30.82438302 -0.50076383 31.65615941
v 30.82438302 0.00000131 21.08490903
v 30.82438302 0.00000131 31.65615941
v 30.82438302 0.50076646 21.08490903
v 30.82438302 0.50076646 31.65615941
v 30.82438302 1.00153160 21.08490903
v 30.82438302 1.00153160 31.15276653
v 30.82438302 1.50229675 21.08490903
v 30.82438302 1.50229675 31.15276653
v 30.82438302 2.00306189 21.08490903
v 30.82438302 2.00306189 31.15276653
v 30.82438302 2.50382704 21.58830190
v 30.82438302 2.50382704 31.15276653
v 30.82438302 3.00459218 21.58830190
v 30.82438302 3.00459218 31.15276653
v 30.82438302 3.50535733 21.58830190
v 30.82438302 3.50535733 30.64937366
v 30.82438302 4.00612247 21.58830190
v 30.82438302 4.00612247 30.64937366
v 30.82438302 4.50688761 21.58830190
v 30.82438302 4.50688761 30.64937366
v 30.82438302 5.00765276 21.58830190
v 30.82438302 5.00765276 30.64937366
v 30.82438302 5.50841790 21.58830190
v 30.82438302 5.50841790 30.64937366
v 30.82438302 6.00918305 22.09169478
v 30.82438302 6.00918305 30.64937366
v 30.82438302 6.50994819 22.09169478
v 30.82438302 6.50994819 30.64937366
v 30.82438302 7.01071334 22.09169478
v 30.82438302 7.01071334 30.64937366
v 30.82438302 7.51147848 22.09169478
v 30.82438302 7.51147848 30.64937366
v 30.82438302 8.01224363 22.09169478
v 30.82438302 8.01224363 30.64937366
v 30.82438302 8.51300877 22.59508765
v 30.82438302 8.51300877 30.64937366
v 30.82438302 9.01377392 22.59508765
v 30.82438302 9.01377392 30.14598078
v 30.82438302 9.51453906 22.59508765
v 30.82438302 9.51453906 30.14598078
v 30.82438302 10.01530421 23.09848053
v 30.82438302 10.01530421 30.14598078
v 30.82438302 10.51606935 23.09848053
v 30.82438302 10.51606935 29.64258791
v 30.82438302 11.01683450 23.60187341
v 30.82438302 11.01683450 29.64258791
v 30.82438302 11.51759964 23.60187341
v 30.82438302 11.51759964 29.13919503
v 30.82438302 12.01836479 24.10526628
v 30.82438302 12.01836479 28.63580216
v 30.82438302 12.51912993 24.10526628
v 30.82438302 12.51912993 28.13240928
v 30.82438302 13.01989508 24.60865916
v 30.82438302 13.01989508 28.13240928
v 30.82438302 13.52066022 25.11205203
v 30.82438302 13.52066022 27.62901641
v 30.82438302 14.02142537 25.61544491
v 30.82438302 14.02142537 26.62223066
v 30.82438302 14.02142537 27.12562353
v 30.82438302 14.52219051 26.11883778
v 31.32470757 -12.01836216 26.62223066
v 31.32470757 -12.01836216 27.12562353
v 31.32470757 -12.01836216 27.62901641
v 31.32470757 -11.51759702 25.61544491
v 31.32470757 -11.51759702 26.11883778
v 31.32470757 -11.51759702 28.13240928
v 31.32470757 -11.01683187 25.11205203
v 31.32470757 -11.01683187 28.63580216
v 31.32470757 -10.51606673 24.60865916
v 31.32470757 -10.51606673 29.13919503
v 31.32470757 -10.01530159 24.60865916
v 31.32470757 -10.01530159 29.64258791
v 31.32470757 -9.51453644 24.10526628
v 31.32470757 -9.51453644 30.14598078
v 31.32470757 -9.01377130 23.60187341
v 31.32470757 -9.01377130 30.14598078
v 31.32470757 -8.51300615 23.60187341
v 31.32470757 -8.51300615 30.14598078
v 31.32470757 -8.01224101 23.09848053
v 31.32470757 -8.01224101 30.64937366
v 31.32470757 -7.51147586 22.59508765
v 31.32470757 -7.51147586 30.64937366
v 31.32470757 -7.01071072 22.59508765
v 31.32470757 -7.01071072 30.64937366
v 31.32470757 -6.50994557 22.09169478
v 31.32470757 -6.50994557 30.64937366
v 31.32470757 -6.00918043 22.09169478
v 31.32470757 -6.00918043 30.64937366
v 31.32470757 -5.50841528 22.09169478
v 31.32470757 -5.50841528 30.64937366
v 31.32470757 -5.00765014 21.58830190
v 31.32470757 -5.00765014 30.64937366
v 31.32470757 -4.50688499 21.58830190
v 31.32470757 -4.50688499 30.64937366
v 31.32470757 -4.00611985 21.58830190
v 31.32470757 -4.00611985 31.15276653
v 31.32470757 -3.50535470 21.08490903
v 31.32470757 -3.50535470 31.15276653
v 31.32470757 -3.00458956 21.08490903
v 31.32470757 -3.00458956 31.15276653
v 31.32470757 -2.50382441 21.08490903
v 31.32470757 -2.50382441 31.15276653
v 31.32470757 -2.00305927 21.08490903
v 31.32470757 -2.00305927 31.15276653
v 31.32470757 -1.50229412 21.08490903
v 31.32470757 -1.50229412 31.15276653
v 31.32470757 -1.00152898 21.08490903
v 31.32470757 -1.00152898 31.15276653
v 31.32470757 -0.50076383 21.08490903
v 31.32470757 -0.50076383 31.15276653
v 31.32470757 0.00000131 21.08490903
v 31.32470757 0.00000131 31.15276653
v 31.32470757 0.50076646 21.08490903
v 31.32470757 0.50076646 31.15276653
v 31.32470757 1.00153160 21.08490903
v 31.32470757 1.00153160 31.15276653
v 31.32470757 1.50229675 21.58830190
v 31.32470757 1.50229675 30.64937366
v 31.32470757 2.00306189 21.58830190
v 31.32470757 2.00306189 30.64937366
v 31.32470757 2.50382704 21.58830190
v 31.32470757 2.50382704 30.64937366
v 31.32470757 3.00459218 21.58830190
v 31.32470757 3.00459218 30.64937366
v 31.32470757 3.50535733 21.58830190
v 31.32470757 3.50535733 30.64937366
v 31.32470757 4.00612247 21.58830190
v 31.32470757 4.00612247 30.14598078
v 31.32470757 4.50688761 22.09169478
v 31.32470757 4.50688761 30.14598078
v 31.32470757 5.00765276 22.09169478
v 31.32470757 5.00765276 30.14598078
v 31.32470757 5.50841790 22.09169478
v 31.32470757 5.50841790 30.14598078
v 31.32470757 6.00918305 22.09169478
v 31.32470757 6.00918305 30.14598078
v 31.32470757 6.50994819 22.09169478
v 31.32470757 6.50994819 30.14598078
v 31.32470757 7.01071334 22.09169478
v 31.32470757 7.01071334 30.14598078
v 31.32470757 7.51147848 22.09169478
v 31.32470757 7.51147848 30.14598078
v 31.32470757 8.01224363 22.59508765
v 31.32470757 8.01224363 30.14598078
v 31.32470757 8.51300877 22.59508765
v 31.32470757 8.51300877 30.14598078
v 31.32470757 9.01377392 22.59508765
v 31.32470757 9.01377392 30.14598078
v 31.32470757 9.51453906 23.09848053
v 31.32470757 9.51453906 30.14598078
v 31.32470757 10.01530421 23.09848053
v 31.32470757 10.01530421 29.64258791
v 31.32470757 10.51606935 23.09848053
v 31.32470757 10.51606935 29.64258791
v 31.32470757 11.01683450 23.60187341
v 31.32470757 11.01683450 29.13919503
v 31.32470757 11.51759964 23.60187341
v 31.32470757 11.51759964 28.63580216
v 31.32470757 12.01836479 24.10526628
v 31.32470757 12.01836479 28.13240928
v 31.32470757 12.51912993 24.60865916
v 31.32470757 12.51912993 27.62901641
v 31.32470757 13.01989508 25.11205203
v 31.32470757 13.01989508 27.62901641
v 31.32470757 13.52066022 25.61544491
v 31.32470757 13.52066022 26.62223066
v 31.32470757 13.52066022 27.12562353
v 31.32470757 14.02142537 26.11883778
v 31.82503211 -11.51759702 26.62223066
v 31.82503211 -11.51759702 27.12562353
v 31.82503211 -11.51759702 27.62901641
v 31.82503211 -11.01683187 25.61544491
v 31.82503211 -11.01683187 26.11883778
v 31.82503211 -11.01683187 28.13240928
v 31.82503211 -10.51606673 25.11205203
v 31.82503211 -10.51606673 28.63580216
v 31.82503211 -10.01530159 25.11205203
v 31.82503211 -10.01530159 29.13919503
v 31.82503211 -9.51453644 24.60865916
v 31.82503211 -9.51453644 29.64258791
v 31.82503211 -9.01377130 24.10526628
v 31.82503211 -9.01377130 29.64258791
v 31.82503211 -8.51300615 23.60187341
v 31.82503211 -8.51300615 29.64258791
v 31.82503211 -8.01224101 23.09848053
v 31.82503211 -8.01224101 30.14598078
v 31.82503211 -7.51147586 23.09848053
v 31.82503211 -7.51147586 30.14598078
v 31.82503211 -7.01071072 22.59508765
v 31.82503211 -7.01071072 30.14598078
v 31.82503211 -6.50994557 22.59508765
v 31.82503211 -6.50994557 30.14598078
v 31.82503211 -6.00918043 22.09169478
v 31.82503211 -6.00918043 30.14598078
v 31.82503211 -5.50841528 22.09169478
v 31.82503211 -5.50841528 30.14598078
v 31.82503211 -5.00765014 22.09169478
v 31.82503211 -5.00765014 30.14598078
v 31.82503211 -4.50688499 21.58830190
v 31.82503211 -4.50688499 30.64937366
v 31.82503211 -4.00611985 21.58830190
v 31.82503211 -4.00611985 30.64937366
v 31.82503211 -3.50535470 21.58830190
v 31.82503211 -3.50535470 30.64937366
v 31.82503211 -3.00458956 21.58830190
v 31.82503211 -3.00458956 30.64937366
v 31.82503211 -2.50382441 21.58830190
v 31.82503211 -2.50382441 30.64937366
v 31.82503211 -2.00305927 21.58830190
v 31.82503211 -2.00305927 30.64937366
v 31.82503211 -1.50229412 21.58830190
v 31.82503211 -1.50229412 30.64937366
v 31.82503211 -1.00152898 21.08490903
v 31.82503211 -1.00152898 30.64937366
v 31.82503211 -0.50076383 21.08490903
v 31.82503211 -0.50076383 30.64937366
v 31.82503211 0.00000131 21.08490903
v 31.82503211 0.00000131 30.64937366
v 31.82503211 0.50076646 21.58830190
v 31.82503211 0.50076646 30.64937366
v 31.82503211 1.00153160 21.58830190
v 31.82503211 1.00153160 30.64937366
v 31.82503211 1.50229675 21.58830190
v 31.82503211 1.50229675 30.14598078
v 31.82503211 2.00306189 22.09169478
v 31.82503211 2.00306189 30.14598078
v 31.82503211 2.50382704 22.09169478
v 31.82503211 2.50382704 30.14598078
v 31.82503211 3.00459218 22.09169478
v 31.82503211 3.00459218 30.14598078
v 31.82503211 3.50535733 22.09169478
v 31.82503211 3.50535733 30.14598078
v 31.82503211 4.00612247 22.09169478
v 31.82503211 4.00612247 29.64258791
v 31.82503211 4.50688761 22.09169478
v 31.82503211 4.50688761 29.64258791
v 31.82503211 5.00765276 22.09169478
v 31.82503211 5.00765276 29.64258791
v 31.82503211 5.50841790 22.09169478
v 31.82503211 5.50841790 29.64258791
v 31.82503211 6.00918305 22.09169478
v 31.82503211 6.00918305 29.64258791
v 31.82503211 6.50994819 22.09169478
v 31.82503211 6.50994819 29.64258791
v 31.82503211 7.01071334 22.09169478
v 31.82503211 7.01071334 29.64258791
v 31.82503211 7.51147848 22.59508765
v 31.82503211 7.51147848 29.64258791
v 31.82503211 8.01224363 22.59508765
v 31.82503211 8.01224363 29.64258791
v 31.82503211 8.51300877 22.59508765
v 31.82503211 8.51300877 29.64258791
v 31.82503211 9.01377392 22.59508765
v 31.82503211 9.01377392 29.64258791
v 31.82503211 9.51453906 23.09848053
v 31.82503211 9.51453906 29.64258791
v 31.82503211 10.01530421 23.09848053
v 31.82503211 10.01530421 29.13919503
v 31.82503211 10.51606935 23.60187341
v 31.82503211 10.51606935 29.13919503
v 31.82503211 11.01683450 24.10526628
v 31.82503211 11.01683450 28.63580216
v 31.82503211 11.51759964 24.10526628
v 31.82503211 11.51759964 28.13240928
v 31.82503211 12.01836479 24.60865916
v 31.82503211 12.01836479 27.62901641
v 31.82503211 12.51912993 25.11205203
v 31.82503211 12.51912993 27.12562353
v 31.82503211 13.01989508 25.61544491
v 31.82503211 13.01989508 26.11883778
v 31.82503211 13.01989508 26.62223066
v 31.82503211 13.01989508 27.12562353
v 31.82503211 13.52066022 26.11883778
v 32.32535666 -11.01683187 26.62223066
v 32.32535666 -11.01683187 27.12562353
v 32.32535666 -11.01683187 27.62901641
v 32.32535666 -10.51606673 25.61544491
v 32.32535666 -10.51606673 26.11883778
v 32.32535666 -10.51606673 26.62223066
v 32.32535666 -10.51606673 27.12562353
v 32.32535666 -10.51606673 27.62901641
v 32.32535666 -10.51606673 28.13240928
v 32.32535666 -10.01530159 25.61544491
v 32.32535666 -10.01530159 28.63580216
v 32.32535666 -9.51453644 25.11205203
v 32.32535666 -9.51453644 28.63580216
v 32.32535666 -9.51453644 29.13919503
v 32.32535666 -9.01377130 24.60865916
v 32.32535666 -9.01377130 29.13919503
v 32.32535666 -8.51300615 24.10526628
v 32.32535666 -8.51300615 29.13919503
v 32.32535666 -8.01224101 23.60187341
v 32.32535666 -8.01224101 29.64258791
v 32.32535666 -7.51147586 23.60187341
v 32.32535666 -7.51147586 29.64258791
v 32.32535666 -7.01071072 23.09848053
v 32.32535666 -7.01071072 29.64258791
v 32.32535666 -6.50994557 22.59508765
v 32.32535666 -6.50994557 29.64258791
v 32.32535666 -6.00918043 22.59508765
v 32.32535666 -6.00918043 29.64258791
v 32.32535666 -5.50841528 22.59508765
v 32.32535666 -5.50841528 29.64258791
v 32.32535666 -5.00765014 22.09169478
v 32.32535666 -5.00765014 30.14598078
v 32.32535666 -4.50688499 22.09169478
v 32.32535666 -4.50688499 30.14598078
v 32.32535666 -4.00611985 22.09169478
v 32.32535666 -4.00611985 30.14598078
v 32.32535666 -3.50535470 22.09169478
v 32.32535666 -3.50535470 30.14598078
v 32.32535666 -3.00458956 21.58830190
v 32.32535666 -3.00458956 30.14598078
v 32.32535666 -2.50382441 21.58830190
v 32.32535666 -2.50382441 30.14598078
v 32.32535666 -2.00305927 21.58830190
v 32.32535666 -2.00305927 30.14598078
v 32.32535666 -1.50229412 21.58830190
v 32.32535666 -1.50229412 30.14598078
v 32.32535666 -1.00152898 21.58830190
v 32.32535666 -1.00152898 30.14598078
v 32.32535666 -0.50076383 21.58830190
v 32.32535666 -0.50076383 30.14598078
v 32.32535666 0.00000131 21.58830190
v 32.32535666 0.00000131 30.14598078
v 32.32535666 0.50076646 21.58830190
v 32.32535666 0.50076646 29.64258791
v 32.32535666 0.50076646 30.14598078
v 32.32535666 1.00153160 22.09169478
v 32.32535666 1.00153160 29.64258791
v 32.32535666 1.00153160 30.14598078
v 32.32535666 1.50229675 22.09169478
v 32.32535666 1.50229675 29.64258791
v 32.32535666 2.00306189 22.09169478
v 32.32535666 2.00306189 29.64258791
v 32.32535666 2.50382704 22.59508765
v 32.32535666 2.50382704 29.64258791
v 32.32535666 3.00459218 22.59508765
v 32.32535666 3.00459218 29.64258791
v 32.32535666 3.50535733 22.59508765
v 32.32535666 3.50535733 29.64258791
v 32.32535666 4.00612247 22.59508765
v 32.32535666 4.00612247 29.13919503
v 32.32535666 4.50688761 22.59508765
v 32.32535666 4.50688761 29.13919503
v 32.32535666 5.00765276 22.59508765
v 32.32535666 5.00765276 29.13919503
v 32.32535666 5.50841790 22.59508765
v 32.32535666 5.50841790 29.13919503
v 32.32535666 6.00918305 22.59508765
v 32.32535666 6.00918305 29.13919503
v 32.32535666 6.50994819 22.59508765
v 32.32535666 6.50994819 29.13919503
v 32.32535666 7.01071334 22.59508765
v 32.32535666 7.01071334 29.13919503
v 32.32535666 7.51147848 22.59508765
v 32.32535666 7.51147848 29.13919503
v 32.32535666 8.01224363 22.59508765
v 32.32535666 8.01224363 29.13919503
v 32.32535666 8.51300877 23.09848053
v 32.32535666 8.51300877 29.13919503
v 32.32535666 9.01377392 23.09848053
v 32.32535666 9.01377392 29.13919503
v 32.32535666 9.51453906 23.60187341
v 32.32535666 9.51453906 29.13919503
v 32.32535666 10.01530421 23.60187341
v 32.32535666 10.01530421 28.63580216
v 32.32535666 10.51606935 24.10526628
v 32.32535666 10.51606935 28.63580216
v 32.32535666 11.01683450 24.60865916
v 32.32535666 11.01683450 28.13240928
v 32.32535666 11.51759964 24.60865916
v 32.32535666 11.51759964 27.62901641
v 32.32535666 12.01836479 25.11205203
v 32.32535666 12.01836479 26.62223066
v 32.32535666 12.01836479 27.12562353
v 32.32535666 12.51912993 25.61544491
v 32.32535666 12.51912993 26.11883778
v 32.32535666 12.51912993 26.62223066
v 32.82568121 -10.01530159 26.11883778
v 32.82568121 -10.01530159 26.62223066
v 32.82568121 -10.01530159 27.12562353
v 32.82568121 -10.01530159 27.62901641
v 32.82568121 -10.01530159 28.13240928
v 32.82568121 -9.51453644 25.61544491
v 32.82568121 -9.51453644 27.62901641
v 32.82568121 -9.51453644 28.13240928
v 32.82568121 -9.01377130 25.11205203
v 32.82568121 -9.01377130 28.13240928
v 32.82568121 -9.01377130 28.63580216
v 32.82568121 -8.51300615 24.60865916
v 32.82568121 -8.51300615 28.63580216
v 32.82568121 -8.01224101 24.10526628
v 32.82568121 -8.01224101 28.63580216
v 32.82568121 -8.01224101 29.13919503
v 32.82568121 -7.51147586 23.60187341
v 32.82568121 -7.51147586 29.13919503
v 32.82568121 -7.01071072 23.60187341
v 32.82568121 -7.01071072 29.13919503
v 32.82568121 -6.50994557 23.09848053
v 32.82568121 -6.50994557 29.13919503
v 32.82568121 -6.00918043 23.09848053
v 32.82568121 -6.00918043 29.13919503
v 32.82568121 -5.50841528 22.59508765
v 32.82568121 -5.50841528 29.13919503
v 32.82568121 -5.00765014 22.59508765
v 32.82568121 -5.00765014 29.64258791
v 32.82568121 -4.50688499 22.59508765
v 32.82568121 -4.50688499 29.64258791
v 32.82568121 -4.00611985 22.09169478
v 32.82568121 -4.00611985 29.64258791
v 32.82568121 -3.50535470 22.09169478
v 32.82568121 -3.50535470 29.64258791
v 32.82568121 -3.00458956 22.09169478
v 32.82568121 -3.00458956 29.64258791
v 32.82568121 -2.50382441 22.09169478
v 32.82568121 -2.50382441 29.64258791
v 32.82568121 -2.00305927 22.09169478
v 32.82568121 -2.00305927 29.64258791
v 32.82568121 -1.50229412 22.09169478
v 32.82568121 -1.50229412 29.64258791
v 32.82568121 -1.00152898 22.09169478
v 32.82568121 -1.00152898 29.64258791
v 32.82568121 -0.50076383 22.09169478
v 32.82568121 -0.50076383 29.64258791
v 32.82568121 0.00000131 22.09169478
v 32.82568121 0.00000131 29.13919503
v 32.82568121 0.00000131 29.64258791
v 32.82568121 0.50076646 22.09169478
v 32.82568121 0.50076646 29.13919503
v 32.82568121 1.00153160 22.59508765
v 32.82568121 1.00153160 29.13919503
v 32.82568121 1.50229675 22.59508765
v 32.82568121 1.50229675 29.13919503
v 32.82568121 2.00306189 22.59508765
v 32.82568121 2.00306189 29.13919503
v 32.82568121 2.50382704 23.09848053
v 32.82568121 2.50382704 29.13919503
v 32.82568121 3.00459218 23.09848053
v 32.82568121 3.00459218 29.13919503
v 32.82568121 3.50535733 23.09848053
v 32.82568121 3.50535733 28.63580216
v 32.82568121 3.50535733 29.13919503
v 32.82568121 4.00612247 23.09848053
v 32.82568121 4.00612247 28.63580216
v 32.82568121 4.50688761 23.09848053
v 32.82568121 4.50688761 28.63580216
v 32.82568121 5.00765276 23.09848053
v 32.82568121 5.00765276 28.63580216
v 32.82568121 5.50841790 23.09848053
v 32.82568121 5.50841790 28.63580216
v 32.82568121 6.00918305 23.09848053
v 32.82568121 6.00918305 28.63580216
v 32.82568121 6.50994819 23.09848053
v 32.82568121 6.50994819 28.63580216
v 32.82568121 7.01071334 23.09848053
v 32.82568121 7.01071334 28.63580216
v 32.82568121 7.51147848 23.09848053
v 32.82568121 7.51147848 28.63580216
v 32.82568121 8.01224363 23.09848053
v 32.82568121 8.01224363 28.63580216
v 32.82568121 8.51300877 23.60187341
v 32.82568121 8.51300877 28.63580216
v 32.82568121 9.01377392 23.60187341
v 32.82568121 9.01377392 28.63580216
v 32.82568121 9.51453906 24.10526628
v 32.82568121 9.51453906 28.63580216
v 32.82568121 10.01530421 24.10526628
v 32.82568121 10.01530421 28.13240928
v 32.82568121 10.51606935 24.60865916
v 32.82568121 10.51606935 27.62901641
v 32.82568121 10.51606935 28.13240928
v 32.82568121 11.01683450 25.11205203
v 32.82568121 11.01683450 27.12562353
v 32.82568121 11.01683450 27.62901641
v 32.82568121 11.51759964 25.11205203
v 32.82568121 11.51759964 25.61544491
v 32.82568121 11.51759964 26.11883778
v 32.82568121 11.51759964 26.62223066
v 32.82568121 11.51759964 27.12562353
v 32.82568121 12.01836479 25.61544491
v 32.82568121 12.01836479 26.11883778
v 33.32600576 -9.51453644 26.11883778
v 33.32600576 -9.51453644 26.62223066
v 33.32600576 -9.51453644 27.12562353
v 33.32600576 -9.01377130 25.61544491
v 33.32600576 -9.01377130 26.11883778
v 33.32600576 -9.01377130 26.62223066
v 33.32600576 -9.01377130 27.12562353
v 33.32600576 -9.01377130 27.62901641
v 33.32600576 -8.51300615 25.11205203
v 33.32600576 -8.51300615 25.61544491
v 33.32600576 -8.51300615 27.62901641
v 33.32600576 -8.51300615 28.13240928
v 33.32600576 -8.01224101 24.60865916
v 33.32600576 -8.01224101 28.13240928
v 33.32600576 -7.51147586 24.10526628
v 33.32600576 -7.51147586 28.13240928
v 33.32600576 -7.51147586 28.63580216
v 33.32600576 -7.01071072 24.10526628
v 33.32600576 -7.01071072 28.63580216
v 33.32600576 -6.50994557 23.60187341
v 33.32600576 -6.50994557 28.63580216
v 33.32600576 -6.00918043 23.60187341
v 33.32600576 -6.00918043 28.63580216
v 33.32600576 -5.50841528 23.09848053
v 33.32600576 -5.50841528 28.63580216
v 33.32600576 -5.00765014 23.09848053
v 33.32600576 -5.00765014 28.63580216
v 33.32600576 -5.00765014 29.13919503
v 33.32600576 -4.50688499 22.59508765
v 33.32600576 -4.50688499 29.13919503
v 33.32600576 -4.00611985 22.59508765
v 33.32600576 -4.00611985 29.13919503
v 33.32600576 -3.50535470 22.59508765
v 33.32600576 -3.50535470 29.13919503
v 33.32600576 -3.00458956 22.59508765
v 33.32600576 -3.00458956 29.13919503
v 33.32600576 -2.50382441 22.59508765
v 33.32600576 -2.50382441 29.13919503
v 33.32600576 -2.00305927 22.59508765
v 33.32600576 -2.00305927 29.13919503
v 33.32600576 -1.50229412 22.59508765
v 33.32600576 -1.50229412 29.13919503
v 33.32600576 -1.00152898 22.59508765
v 33.32600576 -1.00152898 28.63580216
v 33.32600576 -1.00152898 29.13919503
v 33.32600576 -0.50076383 22.59508765
v 33.32600576 -0.50076383 28.63580216
v 33.32600576 -0.50076383 29.13919503
v 33.32600576 0.00000131 22.59508765
v 33.32600576 0.00000131 28.63580216
v 33.32600576 0.50076646 22.59508765
v 33.32600576 0.50076646 28.63580216
v 33.32600576 1.00153160 23.09848053
v 33.32600576 1.00153160 28.63580216
v 33.32600576 1.50229675 23.09848053
v 33.32600576 1.50229675 28.63580216
v 33.32600576 2.00306189 23.09848053
v 33.32600576 2.00306189 28.13240928
v 33.32600576 2.00306189 28.63580216
v 33.32600576 2.50382704 23.60187341
v 33.32600576 2.50382704 28.13240928
v 33.32600576 2.50382704 28.63580216
v 33.32600576 3.00459218 23.60187341
v 33.32600576 3.00459218 28.13240928
v 33.32600576 3.00459218 28.63580216
v 33.32600576 3.50535733 23.60187341
v 33.32600576 3.50535733 28.13240928
v 33.32600576 4.00612247 23.60187341
v 33.32600576 4.00612247 28.13240928
v 33.32600576 4.50688761 23.60187341
v 33.32600576 4.50688761 28.13240928
v 33.32600576 5.00765276 23.60187341
v 33.32600576 5.00765276 28.13240928
v 33.32600576 5.50841790 23.60187341
v 33.32600576 5.50841790 28.13240928
v 33.32600576 6.00918305 23.60187341
v 33.32600576 6.00918305 28.13240928
v 33.32600576 6.50994819 23.60187341
v 33.32600576 6.50994819 28.13240928
v 33.32600576 7.01071334 23.60187341
v 33.32600576 7.01071334 28.13240928
v 33.32600576 7.51147848 23.60187341
v 33.32600576 7.51147848 28.13240928
v 33.32600576 8.01224363 23.60187341
v 33.32600576 8.01224363 28.13240928
v 33.32600576 8.51300877 24.10526628
v 33.32600576 8.51300877 28.13240928
v 33.32600576 9.01377392 24.10526628
v 33.32600576 9.01377392 28.13240928
v 33.32600576 9.51453906 24.60865916
v 33.32600576 9.51453906 27.62901641
v 33.32600576 9.51453906 28.13240928
v 33.32600576 10.01530421 24.60865916
v 33.32600576 10.01530421 25.11205203
v 33.32600576 10.01530421 27.12562353
v 33.32600576 10.01530421 27.62901641
v 33.32600576 10.51606935 25.11205203
v 33.32600576 10.51606935 25.61544491
v 33.32600576 10.51606935 26.11883778
v 33.32600576 10.51606935 26.62223066
v 33.32600576 10.51606935 27.12562353
v 33.32600576 11.01683450 25.61544491
v 33.32600576 11.01683450 26.11883778
v 33.32600576 11.01683450 26.62223066
v 33.82633030 -8.51300615 26.11883778
v 33.82633030 -8.51300615 26.62223066
v 33.82633030 -8.51300615 27.12562353
v 33.82633030 -8.01224101 25.11205203
v 33.82633030 -8.01224101 25.61544491
v 33.82633030 -8.01224101 26.11883778
v 33.82633030 -8.01224101 26.62223066
v 33.82633030 -8.01224101 27.12562353
v 33.82633030 -8.01224101 27.62901641
v 33.82633030 -7.51147586 24.60865916
v 33.82633030 -7.51147586 25.11205203
v 33.82633030 -7.51147586 27.12562353
v 33.82633030 -7.51147586 27.62901641
v 33.82633030 -7.01071072 24.60865916
v 33.82633030 -7.01071072 27.62901641
v 33.82633030 -7.01071072 28.13240928
v 33.82633030 -6.50994557 24.10526628
v 33.82633030 -6.50994557 28.13240928
v 33.82633030 -6.00918043 24.10526628
v 33.82633030 -6.00918043 28.13240928
v 33.82633030 -5.50841528 23.60187341
v 33.82633030 -5.50841528 28.13240928
v 33.82633030 -5.00765014 23.60187341
v 33.82633030 -5.00765014 28.13240928
v 33.82633030 -4.50688499 23.09848053
v 33.82633030 -4.50688499 28.13240928
v 33.82633030 -4.50688499 28.63580216
v 33.82633030 -4.00611985 23.09848053
v 33.82633030 -4.00611985 28.13240928
v 33.82633030 -4.00611985 28.63580216
v 33.82633030 -3.50535470 23.09848053
v 33.82633030 -3.50535470 28.13240928
v 33.82633030 -3.50535470 28.63580216
v 33.82633030 -3.00458956 23.09848053
v 33.82633030 -3.00458956 28.13240928
v 33.82633030 -3.00458956 28.63580216
v 33.82633030 -2.50382441 23.09848053
v 33.82633030 -2.50382441 28.13240928
v 33.82633030 -2.50382441 28.63580216
v 33.82633030 -2.00305927 23.09848053
v 33.82633030 -2.00305927 28.13240928
v 33.82633030 -2.00305927 28.63580216
v 33.82633030 -1.50229412 23.09848053
v 33.82633030 -1.50229412 28.13240928
v 33.82633030 -1.50229412 28.63580216
v 33.82633030 -1.00152898 23.09848053
v 33.82633030 -1.00152898 28.13240928
v 33.82633030 -0.50076383 23.09848053
v 33.82633030 -0.50076383 28.13240928
v 33.82633030 0.00000131 23.09848053
v 33.82633030 0.00000131 27.62901641
v 33.82633030 0.00000131 28.13240928
v 33.82633030 0.50076646 23.09848053
v 33.82633030 0.50076646 23.60187341
v 33.82633030 0.50076646 27.62901641
v 33.82633030 0.50076646 28.13240928
v 33.82633030 1.00153160 23.60187341
v 33.82633030 1.00153160 27.62901641
v 33.82633030 1.00153160 28.13240928
v 33.82633030 1.50229675 23.60187341
v 33.82633030 1.50229675 24.10526628
v 33.82633030 1.50229675 27.62901641
v 33.82633030 1.50229675 28.13240928
v 33.82633030 2.00306189 23.60187341
v 33.82633030 2.00306189 24.10526628
v 33.82633030 2.00306189 27.12562353
v 33.82633030 2.00306189 27.62901641
v 33.82633030 2.50382704 24.10526628
v 33.82633030 2.50382704 27.12562353
v 33.82633030 2.50382704 27.62901641
v 33.82633030 3.00459218 24.10526628
v 33.82633030 3.00459218 27.12562353
v 33.82633030 3.00459218 27.62901641
v 33.82633030 3.50535733 24.10526628
v 33.82633030 3.50535733 27.12562353
v 33.82633030 3.50535733 27.62901641
v 33.82633030 4.00612247 24.10526628
v 33.82633030 4.00612247 27.12562353
v 33.82633030 4.00612247 27.62901641
v 33.82633030 4.50688761 24.10526628
v 33.82633030 4.50688761 27.12562353
v 33.82633030 4.50688761 27.62901641
v 33.82633030 5.00765276 24.10526628
v 33.82633030 5.00765276 27.12562353
v 33.82633030 5.00765276 27.62901641
v 33.82633030 5.50841790 24.10526628
v 33.82633030 5.50841790 27.12562353
v 33.82633030 5.50841790 27.62901641
v 33.82633030 6.00918305 24.10526628
v 33.82633030 6.00918305 27.12562353
v 33.82633030 6.00918305 27.62901641
v 33.82633030 6.50994819 24.10526628
v 33.82633030 6.50994819 27.12562353
v 33.82633030 6.50994819 27.62901641
v 33.82633030 7.01071334 24.10526628
v 33.82633030 7.01071334 27.12562353
v 33.82633030 7.01071334 27.62901641
v 33.82633030 7.51147848 24.10526628
v 33.82633030 7.51147848 27.12562353
v 33.82633030 7.51147848 27.62901641
v 33.82633030 8.01224363 24.10526628
v 33.82633030 8.01224363 24.60865916
v 33.82633030 8.01224363 26.62223066
v 33.82633030 8.01224363 27.12562353
v 33.82633030 8.01224363 27.62901641
v 33.82633030 8.51300877 24.60865916
v 33.82633030 8.51300877 25.11205203
v 33.82633030 8.51300877 26.11883778
v 33.82633030 8.51300877 26.62223066
v 33.82633030 8.51300877 27.12562353
v 33.82633030 8.51300877 27.62901641
v 33.82633030 9.01377392 24.60865916
v 33.82633030 9.01377392 25.11205203
v 33.82633030 9.01377392 25.61544491
v 33.82633030 9.01377392 26.11883778
v 33.82633030 9.01377392 26.62223066
v 33.82633030 9.01377392 27.12562353
v 33.82633030 9.01377392 27.62901641
v 33.82633030 9.51453906 25.11205203
v 33.82633030 9.51453906 25.61544491
v 33.82633030 9.51453906 26.11883778
v 33.82633030 9.51453906 26.62223066
v 33.82633030 9.51453906 27.12562353
v 33.82633030 10.01530421 25.61544491
v 33.82633030 10.01530421 26.11883778
v 33.82633030 10.01530421 26.62223066
v 34.32665485 -7.51147586 25.61544491
v 34.32665485 -7.51147586 26.11883778
v 34.32665485 -7.51147586 26.62223066
v 34.32665485 -7.01071072 25.11205203
v 34.32665485 -7.01071072 25.61544491
v 34.32665485 -7.01071072 26.11883778
v 34.32665485 -7.01071072 26.62223066
v 34.32665485 -7.01071072 27.12562353
v 34.32665485 -6.50994557 24.60865916
v 34.32665485 -6.50994557 25.11205203
v 34.32665485 -6.50994557 25.61544491
v 34.32665485 -6.50994557 26.11883778
v 34.32665485 -6.50994557 26.62223066
v 34.32665485 -6.50994557 27.12562353
v 34.32665485 -6.50994557 27.62901641
v 34.32665485 -6.00918043 24.60865916
v 34.32665485 -6.00918043 26.62223066
v 34.32665485 -6.00918043 27.12562353
v 34.32665485 -6.00918043 27.62901641
v 34.32665485 -5.50841528 24.10526628
v 34.32665485 -5.50841528 24.60865916
v 34.32665485 -5.50841528 27.12562353
v 34.32665485 -5.50841528 27.62901641
v 34.32665485 -5.00765014 24.10526628
v 34.32665485 -5.00765014 27.12562353
v 34.32665485 -5.00765014 27.62901641
v 34.32665485 -4.50688499 23.60187341
v 34.32665485 -4.50688499 24.10526628
v 34.32665485 -4.50688499 27.12562353
v 34.32665485 -4.50688499 27.62901641
v 34.32665485 -4.00611985 23.60187341
v 34.32665485 -4.00611985 27.12562353
v 34.32665485 -4.00611985 27.62901641
v 34.32665485 -3.50535470 23.60187341
v 34.32665485 -3.50535470 27.12562353
v 34.32665485 -3.50535470 27.62901641
v 34.32665485 -3.00458956 23.60187341
v 34.32665485 -3.00458956 27.12562353
v 34.32665485 -3.00458956 27.62901641
v 34.32665485 -2.50382441 23.60187341
v 34.32665485 -2.50382441 27.12562353
v 34.32665485 -2.50382441 27.62901641
v 34.32665485 -2.00305927 23.60187341
v 34.32665485 -2.00305927 27.12562353
v 34.32665485 -2.00305927 27.62901641
v 34.32665485 -1.50229412 23.60187341
v 34.32665485 -1.50229412 26.62223066
v 34.32665485 -1.50229412 27.12562353
v 34.32665485 -1.50229412 27.62901641
v 34.32665485 -1.00152898 23.60187341
v 34.32665485 -1.00152898 24.10526628
v 34.32665485 -1.00152898 26.62223066
v 34.32665485 -1.00152898 27.12562353
v 34.32665485 -1.00152898 27.62901641
v 34.32665485 -0.50076383 23.60187341
v 34.32665485 -0.50076383 24.10526628
v 34.32665485 -0.50076383 26.11883778
v 34.32665485 -0.50076383 26.62223066
v 34.32665485 -0.50076383 27.12562353
v 34.32665485 -0.50076383 27.62901641
v 34.32665485 0.00000131 23.60187341
v 34.32665485 0.00000131 24.10526628
v 34.32665485 0.00000131 24.60865916
v 34.32665485 0.00000131 25.11205203
v 34.32665485 0.00000131 25.61544491
v 34.32665485 0.00000131 26.11883778
v 34.32665485 0.00000131 26.62223066
v 34.32665485 0.00000131 27.12562353
v 34.32665485 0.50076646 24.10526628
v 34.32665485 0.50076646 24.60865916
v 34.32665485 0.50076646 25.11205203
v 34.32665485 0.50076646 25.61544491
v 34.32665485 0.50076646 26.11883778
v 34.32665485 0.50076646 26.62223066
v 34.32665485 0.50076646 27.12562353
v 34.32665485 1.00153160 24.10526628
v 34.32665485 1.00153160 24.60865916
v 34.32665485 1.00153160 25.11205203
v 34.32665485 1.00153160 25.61544491
v 34.32665485 1.00153160 26.11883778
v 34.32665485 1.00153160 26.62223066
v 34.32665485 1.00153160 27.12562353
v 34.32665485 1.50229675 24.60865916
v 34.32665485 1.50229675 25.11205203
v 34.32665485 1.50229675 25.61544491
v 34.32665485 1.50229675 26.11883778
v 34.32665485 1.50229675 26.62223066
v 34.32665485 1.50229675 27.12562353
v 34.32665485 2.00306189 24.60865916
v 34.32665485 2.00306189 25.11205203
v 34.32665485 2.00306189 25.61544491
v 34.32665485 2.00306189 26.11883778
v 34.32665485 2.00306189 26.62223066
v 34.32665485 2.50382704 24.60865916
v 34.32665485 2.50382704 25.11205203
v 34.32665485 2.50382704 25.61544491
v 34.32665485 2.50382704 26.11883778
v 34.32665485 2.50382704 26.62223066
v 34.32665485 3.00459218 24.60865916
v 34.32665485 3.00459218 25.11205203
v 34.32665485 3.00459218 25.61544491
v 34.32665485 3.00459218 26.11883778
v 34.32665485 3.00459218 26.62223066
v 34.32665485 3.50535733 24.60865916
v 34.32665485 3.50535733 25.11205203
v 34.32665485 3.50535733 25.61544491
v 34.32665485 3.50535733 26.11883778
v 34.32665485 3.50535733 26.62223066
v 34.32665485 4.00612247 24.60865916
v 34.32665485 4.00612247 25.11205203
v 34.32665485 4.00612247 25.61544491
v 34.32665485 4.00612247 26.11883778
v 34.32665485 4.00612247 26.62223066
v 34.32665485 4.50688761 24.60865916
v 34.32665485 4.50688761 25.11205203
v 34.32665485 4.50688761 25.61544491
v 34.32665485 4.50688761 26.11883778
v 34.32665485 4.50688761 26.62223066
v 34.32665485 5.00765276 24.60865916
v 34.32665485 5.00765276 25.11205203
v 34.32665485 5.00765276 25.61544491
v 34.32665485 5.00765276 26.11883778
v 34.32665485 5.00765276 26.62223066
v 34.32665485 5.50841790 24.60865916
v 34.32665485 5.50841790 25.11205203
v 34.32665485 5.50841790 25.61544491
v 34.32665485 5.50841790 26.11883778
v 34.32665485 5.50841790 26.62223066
v 34.32665485 6.00918305 24.60865916
v 34.32665485 6.00918305 25.11205203
v 34.32665485 6.00918305 25.61544491
v 34.32665485 6.00918305 26.11883778
v 34.32665485 6.00918305 26.62223066
v 34.32665485 6.50994819 24.60865916
v 34.32665485 6.50994819 25.11205203
v 34.32665485 6.50994819 25.61544491
v 34.32665485 6.50994819 26.11883778
v 34.32665485 6.50994819 26.62223066
v 34.32665485 7.01071334 24.60865916
v 34.32665485 7.01071334 25.11205203
v 34.32665485 7.01071334 25.61544491
v 34.32665485 7.01071334 26.11883778
v 34.32665485 7.01071334 26.62223066
v 34.32665485 7.51147848 24.60865916
v 34.32665485 7.51147848 25.11205203
v 34.32665485 7.51147848 25.61544491
v 34.32665485 7.51147848 26.11883778
v 34.32665485 7.51147848 26.62223066
v 34.32665485 8.01224363 25.11205203
v 34.32665485 8.01224363 25.61544491
v 34.32665485 8.01224363 26.11883778
v 34.32665485 8.51300877 25.61544491
v 34.82697940 -6.00918043 25.11205203
v 34.82697940 -6.00918043 25.61544491
v 34.82697940 -6.00918043 26.11883778
v 34.82697940 -5.50841528 25.11205203
v 34.82697940 -5.50841528 25.61544491
v 34.82697940 -5.50841528 26.11883778
v 34.82697940 -5.50841528 26.62223066
v 34.82697940 -5.00765014 24.60865916
v 34.82697940 -5.00765014 25.11205203
v 34.82697940 -5.00765014 25.61544491
v 34.82697940 -5.00765014 26.11883778
v 34.82697940 -5.00765014 26.62223066
v 34.82697940 -4.50688499 24.60865916
v 34.82697940 -4.50688499 25.11205203
v 34.82697940 -4.50688499 25.61544491
v 34.82697940 -4.50688499 26.11883778
v 34.82697940 -4.50688499 26.62223066
v 34.82697940 -4.00611985 24.10526628
v 34.82697940 -4.00611985 24.60865916
v 34.82697940 -4.00611985 25.11205203
v 34.82697940 -4.00611985 25.61544491
v 34.82697940 -4.00611985 26.11883778
v 34.82697940 -4.00611985 26.62223066
v 34.82697940 -3.50535470 24.10526628
v 34.82697940 -3.50535470 24.60865916
v 34.82697940 -3.50535470 25.11205203
v 34.82697940 -3.50535470 25.61544491
v 34.82697940 -3.50535470 26.11883778
v 34.82697940 -3.50535470 26.62223066
v 34.82697940 -3.00458956 24.10526628
v 34.82697940 -3.00458956 24.60865916
v 34.82697940 -3.00458956 25.11205203
v 34.82697940 -3.00458956 25.61544491
v 34.82697940 -3.00458956 26.11883778
v 34.82697940 -3.00458956 26.62223066
v 34.82697940 -2.50382441 24.10526628
v 34.82697940 -2.50382441 24.60865916
v 34.82697940 -2.50382441 25.11205203
v 34.82697940 -2.50382441 25.61544491
v 34.82697940 -2.50382441 26.11883778
v 34.82697940 -2.50382441 26.62223066
v 34.82697940 -2.00305927 24.10526628
v 34.82697940 -2.00305927 24.60865916
v 34.82697940 -2.00305927 25.11205203
v 34.82697940 -2.00305927 25.61544491
v 34.82697940 -2.00305927 26.11883778
v 34.82697940 -2.00305927 26.62223066
v 34.82697940 -1.50229412 24.10526628
v 34.82697940 -1.50229412 24.60865916
v 34.82697940 -1.50229412 25.11205203
v 34.82697940 -1.50229412 25.61544491
v 34.82697940 -1.50229412 26.11883778
v 34.82697940 -1.00152898 24.60865916
v 34.82697940 -1.00152898 25.11205203
v 34.82697940 -1.00152898 25.61544491
v 34.82697940 -1.00152898 26.11883778
v 34.82697940 -0.50076383 24.60865916
v 34.82697940 -0.50076383 25.11205203
v 34.82697940 -0.50076383 25.61544491
vn -1.00000000 0.00000000 0.00000000
vn -0.36650833 -0.36650833 -0.85518610
vn -0.44721359 -0.89442718 0.00000000
vn -0.32444283 -0.48666427 0.81110710
vn -1.00000000 0.00000000 0.00000000
vn -0.44721359 0.00000000 -0.89442718
vn -0.44721359 0.00000000 0.89442718
vn -1.00000000 0.00000000 -0.00000000
vn -0.44721359 0.00000000 -0.89442718
vn -0.52999896 0.00000000 0.84799832
vn -0.27216554 0.95257932 -0.13608277
vn -0.14002801 -0.70014006 -0.70014006
vn -0.00000000 -1.00000000 -0.00000000
vn -0.55470020 -0.83205032 0.00000000
vn -1.00000000 -0.00000000 0.00000000
vn -0.32444283 -0.48666427 0.81110710
vn -0.18257418 -0.36514837 -0.91287094
vn -0.44721359 0.00000000 0.89442718
vn -0.16439898 0.00000000 -0.98639393
vn -0.44721359 0.00000000 0.89442718
vn -0.16439898 0.00000000 -0.98639393
vn -0.52999896 0.00000000 0.84799832
vn -0.60000002 0.00000000 -0.80000001
vn -0.55470020 0.00000000 0.83205032
vn -0.30151135 0.90453404 0.30151135
vn -0.14002801 -0.70014006 -0.70014006
vn -0.00000000 -1.00000000 0.00000000
vn -0.22941573 -0.68824720 0.68824720
vn 0.00000000 -0.70710677 -0.70710677
vn -0.52999896 -0.84799832 0.00000000
vn -1.00000000 -0.00000000 0.00000000
vn -0.32444283 -0.48666427 0.81110710
vn 0.14744195 -0.44232586 -0.88465172
vn -1.00000000 0.00000000 0.00000000
vn -0.44721359 0.00000000 0.89442718
vn 0.31622776 0.00000000 -0.94868332
vn -1.00000000 0.00000000 0.00000000
vn -0.52999896 0.00000000 0.84799832
vn 0.37139067 0.00000000 -0.92847669
vn -0.58123821 0.00000000 0.81373346
vn 0.51449573 0.00000000 -0.85749292
vn -0.55470020 0.00000000 0.83205032
vn 0.00000000 1.00000000 -0.00000000
vn -0.00000000 1.00000000 0.00000000
vn 0.00000000 -0.70710677 -0.70710677
vn -0.00000000 -1.00000000 -0.00000000
vn -0.44721359 -0.89442718 0.00000000
vn -0.52999896 -0.84799832 0.00000000
vn -0.22941573 -0.68824720 0.68824720
vn 0.00000000 -0.51449573 -0.85749292
vn -0.32444283 -0.48666427 0.81110710
vn 0.80000001 0.00000000 -0.60000002
vn -0.44721359 0.00000000 0.89442718
vn 0.80000001 0.00000000 -0.60000002
vn -0.52999896 0.00000000 0.84799832
vn 0.70710677 0.00000000 -0.70710677
vn -0.55470020 0.00000000 0.83205032
vn 0.70710677 0.00000000 -0.70710677
vn -0.60000002 0.00000000 0.80000001
vn -0.44721359 0.89442718 -0.00000000
vn -0.00000000 1.00000000 0.00000000
vn -0.14002801 -0.70014006 -0.70014006
vn -0.00000000 -1.00000000 -0.00000000
vn -0.00000000 -1.00000000 0.00000000
vn -0.22941573 -0.68824720 0.68824720
vn 0.00000000 -0.70710677 -0.70710677
vn -0.22941573 -0.68824720 0.68824720
vn 0.00000000 -0.44721359 -0.89442718
vn -0.13736056 -0.54944223 0.82416338
vn 0.00000000 0.00000000 -1.00000000
vn -0.39391929 0.00000000 0.91914505
vn 0.00000000 0.00000000 -1.00000000
vn -0.52999896 0.00000000 0.84799832
vn 0.00000000 0.00000000 -1.00000000
vn -0.55470020 0.00000000 0.83205032
vn 0.00000000 0.00000000 -1.00000000
vn -0.97014248 0.24253562 0.00000000
vn -0.52999896 0.00000000 0.84799832
vn -0.60000002 0.00000000 -0.80000001
vn -0.55470020 0.00000000 0.83205032
vn -0.44721359 0.89442718 0.00000000
vn -0.27216554 0.95257932 0.13608277
vn -0.10050378 -0.70352650 -0.70352650
vn -0.44721359 -0.89442718 -0.00000000
vn -0.44721359 -0.89442718 0.00000000
vn -0.48564294 -0.87415725 0.00000000
vn -0.22941573 -0.68824720 0.68824720
vn 0.00000000 -0.70710677 -0.70710677
vn -0.28571430 -0.42857143 0.85714287
vn 0.00000000 -0.44721359 -0.89442718
vn -0.14744195 -0.44232586 0.88465172
vn 0.00000000 0.00000000 -1.00000000
vn -0.13736056 -0.54944223 0.82416338
vn 0.00000000 0.00000000 -1.00000000
vn -0.27472112 0.00000000 0.96152395
vn 0.00000000 0.00000000 -1.00000000
vn -0.55470020 0.00000000 0.83205032
vn 0.14142136 0.00000000 -0.98994946
vn -0.52999896 0.00000000 0.84799832
vn 0.00000000 0.00000000 -1.00000000
vn -0.55470020 0.00000000 0.83205032
vn -0.00000000 1.00000000 -0.00000000
vn 0.00000000 1.00000000 0.00000000
vn -0.00000000 1.00000000 0.00000000
vn -0.00000000 1.00000000 0.00000000
vn -0.14002801 -0.70014006 -0.70014006
vn -0.00000000 -1.00000000 -0.00000000
vn -0.00000000 -1.00000000 0.00000000
vn -0.55470020 -0.83205032 0.00000000
vn -0.22941573 -0.68824720 0.68824720
vn -0.15617377 -0.31234753 -0.93704259
vn -0.22941573 -0.68824720 0.68824720
vn 0.00000000 -0.49613893 -0.86824316
vn -0.13736056 -0.54944223 0.82416338
vn 0.13018891 -0.39056674 -0.91132236
vn -0.35112345 0.00000000 0.93632919
vn 0.00000000 0.00000000 -1.00000000
vn -0.16439898 0.00000000 0.98639393
vn 0.00000000 0.00000000 -1.00000000
vn -0.19611613 0.00000000 0.98058069
vn 0.39391929 0.00000000 -0.91914505
vn -0.49613893 0.00000000 0.86824316
vn 0.00000000 0.00000000 -1.00000000
vn -0.52999896 0.00000000 0.84799832
vn 0.70710677 0.00000000 -0.70710677
vn -0.55470020 0.00000000 0.83205032
vn -0.44721359 0.89442718 -0.00000000
vn -0.27472112 0.96152395 0.00000000
vn -0.14142136 0.98994946 0.00000000
vn -0.31622776 0.94868332 0.00000000
vn -0.27216554 -0.68041384 -0.68041384
vn -0.00000000 -1.00000000 -0.00000000
vn -0.22941573 -0.68824720 0.68824720
vn 0.00000000 -0.70710677 -0.70710677
vn 0.00000000 -1.00000000 -0.00000000
vn -0.22941573 -0.68824720 0.68824720
vn 0.13018891 -0.39056674 -0.91132236
vn -0.12309149 -0.49236596 0.86164045
vn 0.00000000 0.00000000 -1.00000000
vn -0.13018891 -0.39056674 0.91132236
vn 0.63960212 -0.63960212 -0.42640144
vn -0.13736056 -0.54944223 0.82416338
vn 0.12309149 -0.49236596 -0.86164045
vn -0.31622776 0.00000000 0.94868332
vn 0.31622776 0.00000000 -0.94868332
vn -0.31622776 0.00000000 0.94868332
vn 0.00000000 0.00000000 -1.00000000
vn -0.31622776 0.00000000 0.94868332
vn 0.00000000 0.00000000 -1.00000000
vn -0.31622776 0.00000000 0.94868332
vn 0.00000000 0.00000000 -1.00000000
vn -0.44721359 0.00000000 0.89442718
vn -0.60000002 0.00000000 -0.80000001
vn -0.51449573 0.00000000 0.85749292
vn -0.31622776 0.94868332 0.00000000
vn -0.00000000 1.00000000 -0.00000000
vn -0.00000000 1.00000000 0.00000000
vn -0.14002801 -0.70014006 -0.70014006
vn 0.00000000 -1.00000000 -0.00000000
vn -0.00000000 -1.00000000 0.00000000
vn 0.00000000 -1.00000000 0.00000000
vn -0.10050378 -0.70352650 0.70352650
vn 0.00000000 -0.51449573 -0.85749292
vn -0.14744195 -0.44232586 0.88465172
vn 0.63960212 -0.63960212 -0.42640144
vn -0.13018891 -0.39056674 0.91132236
vn 0.00000000 -0.49613893 -0.86824316
vn -0.12309149 -0.49236596 0.86164045
vn 0.00000000 0.00000000 -1.00000000
vn -0.14142136 0.00000000 0.98994946
vn 0.80000001 0.00000000 -0.60000002
vn -0.16439898 0.00000000 0.98639393
vn 0.70710677 0.00000000 -0.70710677
vn -0.16439898 0.00000000 0.98639393
vn 0.00000000 0.00000000 -1.00000000
vn -0.27472112 0.00000000 0.96152395
vn 0.44721359 0.00000000 -0.89442718
vn 0.00000000 0.00000000 1.00000000
vn 0.51449573 0.00000000 -0.85749292
vn 0.00000000 0.00000000 1.00000000
vn 0.51449573 0.00000000 -0.85749292
vn -0.51449573 0.00000000 0.85749292
vn 0.00000000 1.00000000 -0.00000000
vn 0.00000000 1.00000000 0.00000000
vn -0.00000000 1.00000000 0.00000000
vn 0.00000000 -0.70710677 -0.70710677
vn 0.00000000 -1.00000000 -0.00000000
vn 0.00000000 -1.00000000 0.00000000
vn -0.00000000 -1.00000000 0.00000000
vn -0.14002801 -0.70014006 0.70014006
vn 0.00000000 -0.44721359 -0.89442718
vn -0.11704115 -0.70224690 0.70224690
vn 0.00000000 -0.49613893 -0.86824316
vn -0.12309149 -0.49236596 0.86164045
vn 0.13018891 -0.39056674 -0.91132236
vn -0.13018891 -0.39056674 0.91132236
vn 0.00000000 0.00000000 -1.00000000
vn -0.13736056 -0.54944223 0.82416338
vn 0.00000000 0.00000000 -1.00000000
vn -0.31622776 0.00000000 0.94868332
vn 0.39391929 0.00000000 -0.91914505
vn -0.31622776 0.00000000 0.94868332
vn 0.31622776 0.00000000 -0.94868332
vn -0.27472112 0.00000000 0.96152395
vn 0.00000000 0.00000000 -1.00000000
vn -0.00000000 0.00000000 1.00000000
vn 0.70710677 0.00000000 -0.70710677
vn -0.55470020 0.00000000 0.83205032
vn 0.70710677 0.00000000 -0.70710677
vn -0.55470020 0.00000000 0.83205032
vn 0.00000000 1.00000000 -0.00000000
vn 0.00000000 1.00000000 0.00000000
vn -0.00000000 1.00000000 0.00000000
vn 0.08804509 -0.70436072 -0.70436072
vn 0.00000000 -1.00000000 -0.00000000
vn 0.00000000 -1.00000000 0.00000000
vn -0.52999896 -0.84799832 0.00000000
vn 0.00000000 -1.00000000 0.00000000
vn -0.10050378 -0.70352650 0.70352650
vn 0.13018891 -0.39056674 -0.91132236
vn -0.14744195 -0.44232586 0.88465172
vn 0.00000000 0.00000000 -1.00000000
vn -0.13018891 -0.39056674 0.91132236
vn 0.63960212 -0.63960212 -0.42640144
vn -0.12309149 -0.49236596 0.86164045
vn 0.12309149 -0.49236596 -0.86164045
vn 0.00000000 0.00000000 1.00000000
vn 0.31622776 0.00000000 -0.94868332
vn -0.14142136 0.00000000 0.98994946
vn 0.00000000 0.00000000 -1.00000000
vn -0.16439898 0.00000000 0.98639393
vn 0.70710677 0.00000000 -0.70710677
vn -0.19611613 0.00000000 0.98058069
vn 0.44721359 0.00000000 -0.89442718
vn -0.52999896 0.00000000 0.84799832
vn 0.00000000 0.00000000 -1.00000000
vn -0.37139067 0.00000000 0.92847669
vn 0.00000000 0.00000000 -1.00000000
vn -0.44721359 0.00000000 0.89442718
vn 0.00000000 1.00000000 -0.00000000
vn 0.00000000 1.00000000 0.00000000
vn 0.00000000 1.00000000 0.00000000
vn -0.00000000 1.00000000 0.00000000
vn -0.14002801 -0.70014006 -0.70014006
vn 0.00000000 -1.00000000 -0.00000000
vn -0.11704115 -0.70224690 0.70224690
vn 0.48507124 -0.72760689 -0.48507124
vn 0.00000000 -0.70710677 0.70710677
vn 0.55708599 -0.74278134 -0.37139067
vn 0.00000000 -0.70710677 0.70710677
vn 0.00000000 -0.49613893 -0.86824316
vn -0.14744195 -0.44232586 0.88465172
vn 0.00000000 0.00000000 -1.00000000
vn -0.14142136 0.00000000 0.98994946
vn 0.80000001 0.00000000 -0.60000002
vn -0.14744195 -0.44232586 0.88465172
vn 0.70710677 0.00000000 -0.70710677
vn -0.13736056 -0.54944223 0.82416338
vn 0.39391929 0.00000000 -0.91914505
vn -0.31622776 0.00000000 0.94868332
vn 0.31622776 0.00000000 -0.94868332
vn -0.31622776 0.00000000 0.94868332
vn 0.00000000 0.00000000 -1.00000000
vn -0.27472112 0.00000000 0.96152395
vn 0.00000000 0.00000000 -1.00000000
vn -0.00000000 0.00000000 1.00000000
vn 0.00000000 0.00000000 -1.00000000
vn 0.00000000 0.00000000 1.00000000
vn -0.44721359 0.89442718 -0.00000000
vn -0.27472112 0.96152395 0.00000000
vn -0.44721359 0.89442718 0.00000000
vn -0.31622776 0.94868332 0.00000000
vn 0.00000000 -0.70710677 -0.70710677
vn 0.00000000 -1.00000000 0.00000000
vn 0.00000000 -0.70710677 0.70710677
vn 0.00000000 -0.70710677 -0.70710677
vn -0.14002801 -0.70014006 0.70014006
vn 0.00000000 -0.70710677 -0.70710677
vn -0.14002801 -0.70014006 0.70014006
vn 0.00000000 -0.44721359 -0.89442718
vn 0.00000000 -0.70710677 0.70710677
vn 0.00000000 0.00000000 -1.00000000
vn -0.16903085 -0.50709254 0.84515423
vn 0.00000000 0.00000000 -1.00000000
vn -0.27472112 0.00000000 0.96152395
vn 0.39391929 0.00000000 -0.91914505
vn -0.14142136 0.00000000 0.98994946
vn 0.00000000 0.00000000 -1.00000000
vn -0.16439898 0.00000000 0.98639393
vn 0.70710677 0.00000000 -0.70710677
vn -0.16439898 0.00000000 0.98639393
vn 0.00000000 0.00000000 -1.00000000
vn -0.31622776 0.00000000 0.94868332
vn 0.00000000 0.00000000 -1.00000000
vn -0.39391929 0.00000000 0.91914505
vn 0.00000000 0.00000000 -1.00000000
vn -0.60000002 0.00000000 0.80000001
vn -0.60000002 0.00000000 -0.80000001
vn -0.55470020 0.00000000 0.83205032
vn -0.00000000 1.00000000 -0.00000000
vn -0.00000000 1.00000000 0.00000000
vn -0.00000000 1.00000000 0.00000000
vn 0.11704115 -0.70224690 -0.70224690
vn 0.00000000 -1.00000000 0.00000000
vn 0.14002801 -0.70014006 0.70014006
vn 0.00000000 -0.70710677 -0.70710677
vn 0.00000000 -1.00000000 0.00000000
vn -0.10050378 -0.70352650 0.70352650
vn 0.00000000 -0.70710677 -0.70710677
vn -0.14744195 -0.44232586 0.88465172
vn 0.14744195 -0.44232586 -0.88465172
vn -0.15617377 -0.31234753 0.93704259
vn 0.31622776 0.00000000 -0.94868332
vn 0.00000000 -0.49613893 0.86824316
vn 0.31622776 0.00000000 -0.94868332
vn -0.13018891 -0.39056674 0.91132236
vn 0.00000000 0.00000000 -1.00000000
vn -0.13736056 -0.54944223 0.82416338
vn 0.00000000 0.00000000 -1.00000000
vn -0.31622776 0.00000000 0.94868332
vn 0.00000000 0.00000000 -1.00000000
vn -0.31622776 0.00000000 0.94868332
vn 0.00000000 0.00000000 -1.00000000
vn -0.27472112 0.00000000 0.96152395
vn 0.00000000 0.00000000 -1.00000000
vn -0.00000000 0.00000000 1.00000000
vn 0.00000000 0.00000000 -1.00000000
vn -0.44721359 0.00000000 0.89442718
vn 0.00000000 0.00000000 -1.00000000
vn -0.44721359 0.00000000 0.89442718
vn 0.00000000 1.00000000 -0.00000000
vn 0.00000000 1.00000000 0.00000000
vn 0.00000000 1.00000000 0.00000000
vn -0.00000000 1.00000000 0.00000000
vn 0.70710677 -0.70710677 -0.00000000
vn 0.00000000 -0.70710677 -0.70710677
vn 0.00000000 -1.00000000 -0.00000000
vn 0.00000000 -1.00000000 0.00000000
vn 0.00000000 -1.00000000 0.00000000
vn 0.00000000 -0.70710677 0.70710677
vn 0.00000000 -0.51449573 -0.85749292
vn 0.00000000 -0.70710677 0.70710677
vn 0.80000001 0.00000000 -0.60000002
vn -0.14744195 -0.44232586 0.88465172
vn 0.80000001 0.00000000 -0.60000002
vn -0.13018891 -0.39056674 0.91132236
vn 0.70710677 0.00000000 -0.70710677
vn -0.12309149 -0.49236596 0.86164045
vn 0.00000000 0.00000000 -1.00000000
vn -0.14142136 0.00000000 0.98994946
vn 0.00000000 0.00000000 -1.00000000
vn -0.27472112 0.00000000 0.96152395
vn 0.00000000 0.00000000 -1.00000000
vn 0.00000000 0.00000000 1.00000000
vn 0.00000000 0.00000000 -1.00000000
vn 0.00000000 0.00000000 1.00000000
vn 0.00000000 0.00000000 -1.00000000
vn -0.35112345 0.00000000 0.93632919
vn 0.00000000 0.00000000 -1.00000000
vn -0.00000000 0.00000000 1.00000000
vn 0.00000000 0.00000000 -1.00000000
vn 0.00000000 0.00000000 1.00000000
vn 0.00000000 1.00000000 -0.00000000
vn 0.00000000 1.00000000 0.00000000
vn 0.00000000 1.00000000 0.00000000
vn 0.00000000 1.00000000 0.00000000
vn 0.08804509 -0.70436072 -0.70436072
vn 0.00000000 -1.00000000 -0.00000000
vn 0.00000000 -1.00000000 0.00000000
vn 0.00000000 -1.00000000 0.00000000
vn -0.00000000 -1.00000000 0.00000000
vn -0.14002801 -0.70014006 0.70014006
vn 0.13018891 -0.39056674 -0.91132236
vn -0.14002801 -0.70014006 0.70014006
vn 0.00000000 0.00000000 -1.00000000
vn -0.11704115 -0.70224690 0.70224690
vn 0.00000000 0.00000000 -1.00000000
vn -0.12309149 -0.49236596 0.86164045
vn 0.00000000 0.00000000 -1.00000000
vn -0.13018891 -0.39056674 0.91132236
vn 0.00000000 0.00000000 -1.00000000
vn -0.13736056 -0.54944223 0.82416338
vn 0.00000000 0.00000000 -1.00000000
vn -0.27472112 0.00000000 0.96152395
vn 0.00000000 0.00000000 -1.00000000
vn -0.00000000 0.00000000 1.00000000
vn 0.00000000 0.00000000 -1.00000000
vn -0.16439898 0.00000000 0.98639393
vn 0.00000000 0.00000000 -1.00000000
vn -0.19611613 0.00000000 0.98058069
vn 0.00000000 0.00000000 -1.00000000
vn -0.55470020 0.00000000 0.83205032
vn 0.00000000 0.00000000 -1.00000000
vn -0.55470020 0.00000000 0.83205032
vn -0.44721359 0.89442718 -0.00000000
vn -0.27472112 0.96152395 0.00000000
vn -0.44721359 0.89442718 0.00000000
vn -0.14142136 0.98994946 0.00000000
vn -0.31622776 0.94868332 0.00000000
vn 0.48507124 -0.72760689 -0.48507124
vn 0.00000000 -1.00000000 -0.00000000
vn 0.00000000 -1.00000000 0.00000000
vn -0.00000000 -1.00000000 0.00000000
vn 0.00000000 -1.00000000 0.00000000
vn -0.10050378 -0.70352650 0.70352650
vn 0.55708599 -0.74278134 -0.37139067
vn -0.10050378 -0.70352650 0.70352650
vn 0.11111111 -0.44444445 -0.88888890
vn -0.14744195 -0.44232586 0.88465172
vn 0.00000000 0.00000000 -1.00000000
vn -0.13018891 -0.39056674 0.91132236
vn 0.00000000 0.00000000 -1.00000000
vn -0.12309149 -0.49236596 0.86164045
vn 0.00000000 0.00000000 -1.00000000
vn -0.14142136 0.00000000 0.98994946
vn 0.00000000 0.00000000 -1.00000000
vn -0.19611613 0.00000000 0.98058069
vn 0.00000000 0.00000000 -1.00000000
vn -0.49613893 0.00000000 0.86824316
vn 0.00000000 0.00000000 -1.00000000
vn -0.49613893 0.00000000 0.86824316
vn 0.00000000 0.00000000 -1.00000000
vn -0.37139067 0.00000000 0.92847669
vn 0.00000000 0.00000000 -1.00000000
vn -0.31622776 0.00000000 0.94868332
vn 0.00000000 0.00000000 -1.00000000
vn -0.44721359 0.00000000 0.89442718
vn -0.60000002 0.00000000 -0.80000001
vn -0.51449573 0.00000000 0.85749292
vn -0.31622776 0.94868332 0.00000000
vn -0.00000000 1.00000000 -0.00000000
vn -0.00000000 1.00000000 0.00000000
vn -0.00000000 1.00000000 0.00000000
vn 0.00000000 -0.70710677 -0.70710677
vn 0.00000000 -1.00000000 -0.00000000
vn 0.00000000 -1.00000000 0.00000000
vn 0.00000000 -1.00000000 0.00000000
vn -0.00000000 -1.00000000 0.00000000
vn -0.14002801 -0.70014006 0.70014006
vn 0.00000000 -0.51449573 -0.85749292
vn -0.14002801 -0.70014006 0.70014006
vn 0.63960212 -0.63960212 -0.42640144
vn -0.11704115 -0.70224690 0.70224690
vn 0.12309149 -0.49236596 -0.86164045
vn -0.12309149 -0.49236596 0.86164045
vn 0.27472112 0.00000000 -0.96152395
vn -0.13018891 -0.39056674 0.91132236
vn 0.00000000 0.00000000 -1.00000000
vn -0.13736056 -0.54944223 0.82416338
vn 0.00000000 0.00000000 -1.00000000
vn -0.31622776 0.00000000 0.94868332
vn 0.00000000 0.00000000 -1.00000000
vn -0.31622776 0.00000000 0.94868332
vn 0.00000000 0.00000000 -1.00000000
vn -0.27472112 0.00000000 0.96152395
vn 0.44721359 0.00000000 -0.89442718
vn -0.00000000 0.00000000 1.00000000
vn 0.00000000 0.00000000 -1.00000000
vn -0.35112345 0.00000000 0.93632919
vn 0.00000000 0.00000000 -1.00000000
vn 0.00000000 0.00000000 1.00000000
vn 0.00000000 0.00000000 -1.00000000
vn -0.51449573 0.00000000 0.85749292
vn 0.00000000 1.00000000 -0.00000000
vn 0.00000000 1.00000000 0.00000000
vn 0.00000000 1.00000000 0.00000000
vn -0.00000000 1.00000000 0.00000000
vn 0.08804509 -0.70436072 -0.70436072
vn 0.00000000 -1.00000000 -0.00000000
vn 0.00000000 -1.00000000 0.00000000
vn 0.00000000 -1.00000000 0.00000000
vn -0.00000000 -1.00000000 0.00000000
vn 0.00000000 -1.00000000 0.00000000
vn -0.10050378 -0.70352650 0.70352650
vn 0.13018891 -0.39056674 -0.91132236
vn -0.10050378 -0.70352650 0.70352650
vn 0.00000000 0.00000000 -1.00000000
vn -0.14744195 -0.44232586 0.88465172
vn 0.80000001 0.00000000 -0.60000002
vn -0.13018891 -0.39056674 0.91132236
vn 0.63960212 -0.63960212 -0.42640144
vn -0.12309149 -0.49236596 0.86164045
vn 0.11111111 -0.44444445 -0.88888890
vn -0.14142136 0.00000000 0.98994946
vn 0.00000000 0.00000000 -1.00000000
vn -0.16439898 0.00000000 0.98639393
vn 0.00000000 0.00000000 -1.00000000
vn -0.16439898 0.00000000 0.98639393
vn 0.39391929 0.00000000 -0.91914505
vn -0.31622776 0.00000000 0.94868332
vn 0.00000000 0.00000000 -1.00000000
vn -0.44721359 0.00000000 0.89442718
vn 0.00000000 0.00000000 -1.00000000
vn -0.31622776 0.00000000 0.94868332
vn 0.00000000 0.00000000 -1.00000000
vn -0.44721359 0.00000000 0.89442718
vn 0.00000000 0.00000000 -1.00000000
vn -0.44721359 0.00000000 0.89442718
vn 0.00000000 1.00000000 -0.00000000
vn 0.00000000 1.00000000 0.00000000
vn 0.00000000 1.00000000 0.00000000
vn 0.00000000 1.00000000 0.00000000
vn -0.00000000 1.00000000 0.00000000
vn 0.48507124 -0.72760689 -0.48507124
vn 0.00000000 -1.00000000 -0.00000000
vn -0.49613893 -0.86824316 0.00000000
vn -0.49613893 -0.86824316 0.00000000
vn -0.00000000 -1.00000000 0.00000000
vn -0.14002801 -0.70014006 0.70014006
vn 0.55708599 -0.74278134 -0.37139067
vn -0.14002801 -0.70014006 0.70014006
vn 0.00000000 -0.49613893 -0.86824316
vn -0.11704115 -0.70224690 0.70224690
vn 0.00000000 0.00000000 -1.00000000
vn -0.28571430 -0.42857143 0.85714287
vn 0.00000000 0.00000000 -1.00000000
vn -0.14744195 -0.44232586 0.88465172
vn 0.63960212 -0.63960212 -0.42640144
vn -0.13736056 -0.54944223 0.82416338
vn 0.12309149 -0.49236596 -0.86164045
vn -0.31622776 0.00000000 0.94868332
vn 0.31622776 0.00000000 -0.94868332
vn -0.31622776 0.00000000 0.94868332
vn 0.00000000 0.00000000 -1.00000000
vn -0.27472112 0.00000000 0.96152395
vn 0.00000000 0.00000000 -1.00000000
vn -0.00000000 0.00000000 1.00000000
vn 0.00000000 0.00000000 -1.00000000
vn -0.35112345 0.00000000 0.93632919
vn 0.00000000 0.00000000 -1.00000000
vn 0.00000000 0.00000000 1.00000000
vn 0.00000000 0.00000000 -1.00000000
vn 0.00000000 0.00000000 1.00000000
vn 0.00000000 1.00000000 -0.00000000
vn -0.19611613 0.98058069 0.00000000
vn -0.27472112 0.96152395 0.00000000
vn -0.14142136 0.98994946 0.00000000
vn -0.31622776 0.94868332 0.00000000
vn -0.14002801 -0.70014006 -0.70014006
vn -0.00000000 -1.00000000 -0.00000000
vn -0.00000000 -1.00000000 0.00000000
vn -0.27216554 -0.68041384 0.68041384
vn 0.00000000 -0.70710677 -0.70710677
vn -0.00000000 -1.00000000 0.00000000
vn -0.22941573 -0.68824720 0.68824720
vn 0.00000000 -0.70710677 -0.70710677
vn -0.22941573 -0.68824720 0.68824720
vn 0.00000000 -0.44721359 -0.89442718
vn -0.22941573 -0.68824720 0.68824720
vn 0.00000000 0.00000000 -1.00000000
vn -0.13736056 -0.54944223 0.82416338
vn 0.00000000 0.00000000 -1.00000000
vn -0.35112345 0.00000000 0.93632919
vn 0.00000000 0.00000000 -1.00000000
vn -0.16439898 0.00000000 0.98639393
vn 0.80000001 0.00000000 -0.60000002
vn -0.16439898 0.00000000 0.98639393
vn 0.70710677 0.00000000 -0.70710677
vn -0.16439898 0.00000000 0.98639393
vn 0.00000000 0.00000000 -1.00000000
vn -0.31622776 0.00000000 0.94868332
vn 0.00000000 0.00000000 -1.00000000
vn -0.44721359 0.00000000 0.89442718
vn 0.00000000 0.00000000 -1.00000000
vn -0.31622776 0.00000000 0.94868332
vn 0.00000000 0.00000000 -1.00000000
vn -0.44721359 0.00000000 0.89442718
vn 0.00000000 0.00000000 -1.00000000
vn -0.44721359 0.00000000 0.89442718
vn 0.00000000 1.00000000 -0.00000000
vn -0.51449573 0.51449573 -0.68599433
vn -0.51449573 0.00000000 0.85749292
vn -0.31622776 0.94868332 0.00000000
vn -0.00000000 1.00000000 -0.00000000
vn -0.00000000 1.00000000 0.00000000
vn 0.00000000 -0.70710677 -0.70710677
vn 0.00000000 -1.00000000 -0.00000000
vn -0.00000000 -1.00000000 0.00000000
vn -0.00000000 -1.00000000 0.00000000
vn -0.27216554 -0.68041384 0.68041384
vn 0.00000000 -0.70710677 -0.70710677
vn -0.00000000 -1.00000000 0.00000000
vn -0.22941573 -0.68824720 0.68824720
vn 0.00000000 -0.70710677 -0.70710677
vn -0.22941573 -0.68824720 0.68824720
vn 0.00000000 -0.44721359 -0.89442718
vn -0.28571430 -0.42857143 0.85714287
vn 0.00000000 0.00000000 -1.00000000
vn -0.14744195 -0.44232586 0.88465172
vn 0.00000000 0.00000000 -1.00000000
vn -0.13736056 -0.54944223 0.82416338
vn 0.00000000 0.00000000 -1.00000000
vn -0.31622776 0.00000000 0.94868332
vn 0.00000000 0.00000000 -1.00000000
vn -0.31622776 0.00000000 0.94868332
vn 0.00000000 0.00000000 -1.00000000
vn -0.31622776 0.00000000 0.94868332
vn 0.00000000 0.00000000 -1.00000000
vn -0.27472112 0.00000000 0.96152395
vn 0.00000000 0.00000000 -1.00000000
vn -0.00000000 0.00000000 1.00000000
vn 0.44721359 0.00000000 -0.89442718
vn 0.00000000 0.00000000 1.00000000
vn 0.00000000 0.00000000 -1.00000000
vn 0.00000000 0.00000000 1.00000000
vn 0.00000000 0.00000000 -1.00000000
vn 0.00000000 0.00000000 1.00000000
vn 0.00000000 1.00000000 -0.00000000
vn 0.00000000 0.70710677 -0.70710677
vn -0.37139067 0.00000000 0.92847669
vn 0.00000000 1.00000000 -0.00000000
vn 0.00000000 1.00000000 0.00000000
vn -0.00000000 1.00000000 0.00000000
vn 0.00000000 -0.70710677 -0.70710677
vn 0.00000000 -1.00000000 -0.00000000
vn 0.00000000 -1.00000000 0.00000000
vn -0.00000000 -1.00000000 0.00000000
vn -0.00000000 -1.00000000 0.00000000
vn -0.27216554 -0.68041384 0.68041384
vn 0.00000000 -0.70710677 -0.70710677
vn 0.00000000 -1.00000000 0.00000000
vn -0.10050378 -0.70352650 0.70352650
vn 0.00000000 -0.70710677 -0.70710677
vn -0.10050378 -0.70352650 0.70352650
vn 0.00000000 -0.44721359 -0.89442718
vn -0.16903085 -0.50709254 0.84515423
vn 0.00000000 0.00000000 -1.00000000
vn -0.35112345 0.00000000 0.93632919
vn 0.00000000 0.00000000 -1.00000000
vn -0.16439898 0.00000000 0.98639393
vn 0.00000000 0.00000000 -1.00000000
vn -0.16439898 0.00000000 0.98639393
vn 0.00000000 0.00000000 -1.00000000
vn -0.16439898 0.00000000 0.98639393
vn 0.00000000 0.00000000 -1.00000000
vn -0.16439898 0.00000000 0.98639393
vn 0.00000000 0.00000000 -1.00000000
vn -0.31622776 0.00000000 0.94868332
vn 0.00000000 0.00000000 -1.00000000
vn -0.39391929 0.00000000 0.91914505
vn 0.00000000 0.00000000 -1.00000000
vn -0.00000000 0.00000000 1.00000000
vn 0.00000000 0.00000000 -1.00000000
vn -0.44721359 0.00000000 0.89442718
vn 0.00000000 0.00000000 -1.00000000
vn -0.44721359 0.00000000 0.89442718
vn 0.00000000 1.00000000 -0.00000000
vn 0.00000000 0.70710677 -0.70710677
vn 0.00000000 0.89442718 0.44721359
vn -0.31622776 0.94868332 0.00000000
vn 0.00000000 1.00000000 -0.00000000
vn 0.00000000 1.00000000 0.00000000
vn 0.00000000 1.00000000 0.00000000
vn -0.11704115 -0.70224690 -0.70224690
vn -0.00000000 -1.00000000 -0.00000000
vn -0.49613893 -0.86824316 0.00000000
vn -0.49613893 -0.86824316 0.00000000
vn -0.00000000 -1.00000000 0.00000000
vn -0.00000000 -1.00000000 0.00000000
vn -0.27216554 -0.68041384 0.68041384
vn -0.10050378 -0.70352650 -0.70352650
vn -0.14002801 -0.70014006 0.70014006
vn 0.00000000 -0.70710677 -0.70710677
vn -0.14002801 -0.70014006 0.70014006
vn 0.00000000 -0.44721359 -0.89442718
vn -0.11704115 -0.70224690 0.70224690
vn 0.00000000 0.00000000 -1.00000000
vn -0.13736056 -0.54944223 0.82416338
vn 0.00000000 0.00000000 -1.00000000
vn -0.31622776 0.00000000 0.94868332
vn 0.00000000 0.00000000 -1.00000000
vn -0.31622776 0.00000000 0.94868332
vn 0.00000000 0.00000000 -1.00000000
vn -0.31622776 0.00000000 0.94868332
vn 0.00000000 0.00000000 -1.00000000
vn -0.31622776 0.00000000 0.94868332
vn 0.00000000 0.00000000 -1.00000000
vn -0.27472112 0.00000000 0.96152395
vn 0.00000000 0.00000000 -1.00000000
vn -0.00000000 0.00000000 1.00000000
vn 0.00000000 0.00000000 -1.00000000
vn -0.39391929 0.00000000 0.91914505
vn 0.44721359 0.00000000 -0.89442718
vn -0.00000000 0.00000000 1.00000000
vn 0.51449573 0.00000000 -0.85749292
vn 0.00000000 0.00000000 1.00000000
vn 0.00000000 1.00000000 -0.00000000
vn 0.00000000 0.70710677 -0.70710677
vn -0.51449573 0.00000000 0.85749292
vn 0.00000000 1.00000000 -0.00000000
vn 0.00000000 1.00000000 0.00000000
vn 0.00000000 1.00000000 0.00000000
vn -0.00000000 1.00000000 0.00000000
vn -0.14002801 -0.70014006 -0.70014006
vn -0.00000000 -1.00000000 -0.00000000
vn -0.00000000 -1.00000000 0.00000000
vn -0.27216554 -0.68041384 0.68041384
vn -0.14002801 -0.70014006 -0.70014006
vn 0.00000000 -1.00000000 -0.00000000
vn -0.49613893 -0.86824316 0.00000000
vn -0.00000000 -1.00000000 0.00000000
vn -0.22941573 -0.68824720 0.68824720
vn -0.15617377 -0.31234753 -0.93704259
vn -0.22941573 -0.68824720 0.68824720
vn 0.00000000 -0.44721359 -0.89442718
vn -0.22941573 -0.68824720 0.68824720
vn 0.00000000 -0.44721359 -0.89442718
vn -0.12309149 -0.49236596 0.86164045
vn 0.00000000 0.00000000 -1.00000000
vn -0.14142136 0.00000000 0.98994946
vn 0.00000000 0.00000000 -1.00000000
vn -0.16439898 0.00000000 0.98639393
vn 0.00000000 0.00000000 -1.00000000
vn -0.16439898 0.00000000 0.98639393
vn 0.00000000 0.00000000 -1.00000000
vn -0.16439898 0.00000000 0.98639393
vn 0.00000000 0.00000000 -1.00000000
vn -0.27472112 0.00000000 0.96152395
vn 0.00000000 0.00000000 -1.00000000
vn 0.00000000 0.00000000 1.00000000
vn 0.00000000 0.00000000 -1.00000000
vn -0.35112345 0.00000000 0.93632919
vn 0.00000000 0.00000000 -1.00000000
vn -0.00000000 0.00000000 1.00000000
vn 0.00000000 0.00000000 -1.00000000
vn -0.44721359 0.00000000 0.89442718
vn 0.70710677 0.00000000 -0.70710677
vn -0.44721359 0.00000000 0.89442718
vn 0.00000000 0.00000000 -1.00000000
vn -0.44721359 0.00000000 0.89442718
vn 0.00000000 1.00000000 -0.00000000
vn 0.00000000 1.00000000 0.00000000
vn 0.00000000 1.00000000 0.00000000
vn 0.00000000 1.00000000 0.00000000
vn -0.00000000 1.00000000 0.00000000
vn -0.11704115 -0.70224690 -0.70224690
vn -0.00000000 -1.00000000 -0.00000000
vn -0.00000000 -1.00000000 0.00000000
vn -0.00000000 -1.00000000 0.00000000
vn -0.00000000 -1.00000000 0.00000000
vn -0.27216554 -0.68041384 0.68041384
vn 0.00000000 -0.70710677 -0.70710677
vn 0.00000000 -1.00000000 -0.00000000
vn -0.00000000 -1.00000000 0.00000000
vn -0.22941573 -0.68824720 0.68824720
vn 0.00000000 -0.44721359 -0.89442718
vn -0.22941573 -0.68824720 0.68824720
vn -0.14744195 -0.44232586 -0.88465172
vn -0.12309149 -0.49236596 0.86164045
vn 0.00000000 -0.49613893 -0.86824316
vn -0.13018891 -0.39056674 0.91132236
vn 0.00000000 0.00000000 -1.00000000
vn -0.13736056 -0.54944223 0.82416338
vn 0.00000000 0.00000000 -1.00000000
vn -0.31622776 0.00000000 0.94868332
vn 0.00000000 0.00000000 -1.00000000
vn -0.31622776 0.00000000 0.94868332
vn 0.00000000 0.00000000 -1.00000000
vn -0.31622776 0.00000000 0.94868332
vn 0.00000000 0.00000000 -1.00000000
vn -0.27472112 0.00000000 0.96152395
vn 0.00000000 0.00000000 -1.00000000
vn -0.00000000 0.00000000 1.00000000
vn 0.00000000 0.00000000 -1.00000000
vn -0.31622776 0.00000000 0.94868332
vn 0.00000000 0.00000000 -1.00000000
vn -0.39391929 0.00000000 0.91914505
vn 0.00000000 0.00000000 -1.00000000
vn -0.00000000 0.00000000 1.00000000
vn 0.00000000 0.00000000 -1.00000000
vn 0.00000000 0.00000000 1.00000000
vn 0.00000000 0.00000000 -1.00000000
vn 0.00000000 0.00000000 1.00000000
vn 0.00000000 1.00000000 -0.00000000
vn 0.00000000 1.00000000 0.00000000
vn 0.00000000 1.00000000 0.00000000
vn 0.00000000 1.00000000 0.00000000
vn 0.00000000 1.00000000 0.00000000
vn -0.14002801 -0.70014006 -0.70014006
vn 0.00000000 -1.00000000 -0.00000000
vn -0.00000000 -1.00000000 0.00000000
vn 0.00000000 -1.00000000 0.00000000
vn 0.00000000 -1.00000000 0.00000000
vn -0.00000000 -1.00000000 0.00000000
vn -0.00000000 -1.00000000 0.00000000
vn -0.27216554 -0.68041384 0.68041384
vn 0.00000000 -0.70710677 -0.70710677
vn 0.00000000 -1.00000000 0.00000000
vn -0.10050378 -0.70352650 0.70352650
vn 0.00000000 -0.70710677 -0.70710677
vn -0.14744195 -0.44232586 0.88465172
vn -0.15617377 -0.31234753 -0.93704259
vn -0.13018891 -0.39056674 0.91132236
vn 0.00000000 0.00000000 -1.00000000
vn -0.12309149 -0.49236596 0.86164045
vn 0.00000000 0.00000000 -1.00000000
vn 0.00000000 0.00000000 1.00000000
vn 0.00000000 0.00000000 -1.00000000
vn 0.00000000 0.00000000 1.00000000
vn 0.00000000 0.00000000 -1.00000000
vn 0.00000000 0.00000000 1.00000000
vn 0.00000000 0.00000000 -1.00000000
vn 0.00000000 0.00000000 1.00000000
vn 0.00000000 0.00000000 -1.00000000
vn 0.00000000 0.00000000 1.00000000
vn 0.00000000 0.00000000 -1.00000000
vn -0.39391929 0.00000000 0.91914505
vn 0.00000000 0.00000000 -1.00000000
vn -0.27472112 0.00000000 0.96152395
vn 0.00000000 0.00000000 -1.00000000
vn -0.00000000 0.00000000 1.00000000
vn 0.00000000 0.00000000 -1.00000000
vn -0.44721359 0.00000000 0.89442718
vn 0.00000000 0.00000000 -1.00000000
vn -0.44721359 0.00000000 0.89442718
vn 0.00000000 0.00000000 -1.00000000
vn -0.44721359 0.00000000 0.89442718
vn 0.00000000 1.00000000 -0.00000000
vn 0.00000000 1.00000000 0.00000000
vn 0.00000000 1.00000000 0.00000000
vn 0.00000000 1.00000000 0.00000000
vn 0.00000000 1.00000000 0.00000000
vn -0.00000000 1.00000000 0.00000000
vn 0.00000000 -0.70710677 -0.70710677
vn 0.00000000 -1.00000000 -0.00000000
vn 0.00000000 -1.00000000 0.00000000
vn -0.49613893 -0.86824316 0.00000000
vn -0.44721359 -0.89442718 0.00000000
vn -0.49613893 -0.86824316 0.00000000
vn -0.00000000 -1.00000000 0.00000000
vn -0.00000000 -1.00000000 0.00000000
vn -0.27216554 -0.68041384 0.68041384
vn 0.00000000 -0.70710677 -0.70710677
vn -0.14002801 -0.70014006 0.70014006
vn 0.00000000 -0.70710677 -0.70710677
vn -0.11704115 -0.70224690 0.70224690
vn 0.00000000 -0.44721359 -0.89442718
vn -0.12309149 -0.49236596 0.86164045
vn 0.00000000 0.00000000 -1.00000000
vn 0.00000000 0.00000000 1.00000000
vn 0.00000000 0.00000000 -1.00000000
vn -0.14142136 0.00000000 0.98994946
vn -0.27472112 0.00000000 -0.96152395
vn -0.16439898 0.00000000 0.98639393
vn -0.31622776 0.00000000 -0.94868332
vn -0.16439898 0.00000000 0.98639393
vn -0.39391929 0.00000000 -0.91914505
vn -0.16439898 0.00000000 0.98639393
vn 0.00000000 0.00000000 -1.00000000
vn -0.27472112 0.00000000 0.96152395
vn 0.00000000 0.00000000 -1.00000000
vn 0.00000000 0.00000000 1.00000000
vn 0.00000000 0.00000000 -1.00000000
vn 0.00000000 0.00000000 1.00000000
vn 0.00000000 0.00000000 -1.00000000
vn -0.39391929 0.00000000 0.91914505
vn 0.00000000 0.00000000 -1.00000000
vn -0.00000000 0.00000000 1.00000000
vn 0.00000000 0.00000000 -1.00000000
vn 0.00000000 0.00000000 1.00000000
vn 0.00000000 0.00000000 -1.00000000
vn 0.00000000 0.00000000 1.00000000
vn 0.00000000 1.00000000 -0.00000000
vn -0.19611613 0.98058069 0.00000000
vn -0.27472112 0.96152395 0.00000000
vn -0.14142136 0.98994946 0.00000000
vn -0.16439898 0.98639393 0.00000000
vn 0.00000000 1.00000000 0.00000000
vn -0.27216554 -0.68041384 -0.68041384
vn -0.00000000 -1.00000000 -0.00000000
vn -0.00000000 -1.00000000 0.00000000
vn -0.00000000 -1.00000000 0.00000000
vn -0.27216554 -0.68041384 0.68041384
vn 0.00000000 -0.70710677 -0.70710677
vn 0.00000000 -1.00000000 -0.00000000
vn -0.00000000 -1.00000000 0.00000000
vn 0.00000000 -1.00000000 0.00000000
vn -0.10050378 -0.70352650 0.70352650
vn 0.00000000 -0.70710677 -0.70710677
vn -0.10050378 -0.70352650 0.70352650
vn 0.00000000 -0.70710677 -0.70710677
vn -0.14744195 -0.44232586 0.88465172
vn 0.00000000 -0.44721359 -0.89442718
vn 0.00000000 0.00000000 1.00000000
vn 0.00000000 0.00000000 -1.00000000
vn -0.13018891 -0.39056674 0.91132236
vn -0.12309149 -0.49236596 -0.86164045
vn -0.13736056 -0.54944223 0.82416338
vn -0.14744195 -0.44232586 -0.88465172
vn -0.31622776 0.00000000 0.94868332
vn -0.16439898 0.00000000 -0.98639393
vn -0.31622776 0.00000000 0.94868332
vn -0.16439898 0.00000000 -0.98639393
vn -0.31622776 0.00000000 0.94868332
vn -0.00000000 0.00000000 -1.00000000
vn -0.27472112 0.00000000 0.96152395
vn 0.00000000 0.00000000 -1.00000000
vn -0.00000000 0.00000000 1.00000000
vn 0.00000000 0.00000000 -1.00000000
vn 0.00000000 0.00000000 1.00000000
vn 0.00000000 0.00000000 -1.00000000
vn 0.00000000 0.00000000 1.00000000
vn 0.00000000 0.00000000 -1.00000000
vn 0.00000000 0.00000000 1.00000000
vn 0.00000000 0.00000000 -1.00000000
vn -0.44721359 0.00000000 0.89442718
vn 0.00000000 0.00000000 -1.00000000
vn -0.44721359 0.00000000 0.89442718
vn 0.00000000 1.00000000 -0.00000000
vn -0.51449573 0.51449573 -0.68599433
vn -0.51449573 0.00000000 0.85749292
vn -0.14142136 0.98994946 0.00000000
vn -0.31622776 0.94868332 0.00000000
vn -0.00000000 1.00000000 -0.00000000
vn -0.00000000 1.00000000 0.00000000
vn -0.27216554 -0.68041384 -0.68041384
vn -0.00000000 -1.00000000 -0.00000000
vn -0.00000000 -1.00000000 0.00000000
vn -0.49613893 -0.86824316 0.00000000
vn -0.49613893 -0.86824316 0.00000000
vn -0.00000000 -1.00000000 0.00000000
vn -0.27216554 -0.68041384 0.68041384
vn -0.10050378 -0.70352650 -0.70352650
vn 0.00000000 -1.00000000 0.00000000
vn 0.00000000 -0.70710677 0.70710677
vn -0.10050378 -0.70352650 -0.70352650
vn 0.00000000 -0.70710677 0.70710677
vn -0.10050378 -0.70352650 -0.70352650
vn 0.00000000 -0.44721359 0.89442718
vn 0.00000000 -0.49613893 -0.86824316
vn -0.13018891 -0.39056674 0.91132236
vn 0.00000000 -0.49613893 -0.86824316
vn -0.12309149 -0.49236596 0.86164045
vn -0.15617377 -0.31234753 -0.93704259
vn 0.00000000 0.00000000 1.00000000
vn 0.00000000 0.00000000 -1.00000000
vn 0.00000000 0.00000000 1.00000000
vn 0.00000000 0.00000000 -1.00000000
vn 0.00000000 0.00000000 1.00000000
vn 0.00000000 0.00000000 -1.00000000
vn 0.00000000 0.00000000 1.00000000
vn 0.00000000 0.00000000 -1.00000000
vn 0.00000000 0.00000000 1.00000000
vn 0.00000000 0.00000000 -1.00000000
vn -0.35112345 0.00000000 0.93632919
vn 0.00000000 0.00000000 -1.00000000
vn -0.00000000 0.00000000 1.00000000
vn 0.00000000 0.00000000 -1.00000000
vn 0.00000000 0.00000000 1.00000000
vn 0.00000000 0.00000000 -1.00000000
vn -0.39391929 0.00000000 0.91914505
vn 0.00000000 0.00000000 -1.00000000
vn -0.00000000 0.00000000 1.00000000
vn 0.00000000 0.00000000 -1.00000000
vn 0.00000000 0.00000000 1.00000000
vn -0.44721359 0.89442718 -0.00000000
vn 0.00000000 0.80000001 -0.60000002
vn -0.37139067 0.00000000 0.92847669
vn 0.00000000 1.00000000 -0.00000000
vn 0.00000000 1.00000000 0.00000000
vn -0.00000000 1.00000000 0.00000000
vn -0.00000000 1.00000000 0.00000000
vn -0.27216554 -0.68041384 -0.68041384
vn -0.00000000 -1.00000000 -0.00000000
vn -0.00000000 -1.00000000 0.00000000
vn -0.27216554 -0.68041384 0.68041384
vn -0.14002801 -0.70014006 -0.70014006
vn 0.00000000 -1.00000000 -0.00000000
vn -0.00000000 -1.00000000 0.00000000
vn -0.00000000 -1.00000000 0.00000000
vn -0.27216554 -0.68041384 0.68041384
vn -0.14002801 -0.70014006 -0.70014006
vn -0.14002801 -0.70014006 0.70014006
vn -0.14002801 -0.70014006 -0.70014006
vn -0.14002801 -0.70014006 0.70014006
vn -0.15617377 -0.31234753 -0.93704259
vn 0.00000000 -0.70710677 0.70710677
vn 0.00000000 0.00000000 -1.00000000
vn -0.14744195 -0.44232586 0.88465172
vn -0.14744195 -0.44232586 -0.88465172
vn 0.00000000 0.00000000 1.00000000
vn 0.00000000 -0.49613893 -0.86824316
vn 0.00000000 0.00000000 1.00000000
vn 0.00000000 0.00000000 -1.00000000
vn 0.00000000 0.00000000 1.00000000
vn 0.00000000 0.00000000 -1.00000000
vn 0.00000000 0.00000000 1.00000000
vn 0.00000000 0.00000000 -1.00000000
vn 0.00000000 0.00000000 1.00000000
vn -0.27472112 0.00000000 -0.96152395
vn 0.00000000 0.00000000 1.00000000
vn -0.00000000 0.00000000 -1.00000000
vn 0.00000000 0.00000000 1.00000000
vn 0.00000000 0.00000000 -1.00000000
vn -0.35112345 0.00000000 0.93632919
vn 0.00000000 0.00000000 -1.00000000
vn -0.00000000 0.00000000 1.00000000
vn -0.31622776 0.00000000 -0.94868332
vn 0.00000000 0.00000000 1.00000000
vn -0.60000002 0.00000000 -0.80000001
vn 0.00000000 0.00000000 1.00000000
vn -0.60000002 0.00000000 -0.80000001
vn 0.00000000 0.00000000 1.00000000
vn -0.24253562 0.97014248 -0.00000000
vn -0.51449573 0.51449573 -0.68599433
vn 0.00000000 0.00000000 1.00000000
vn -0.00000000 1.00000000 -0.00000000
vn 0.00000000 1.00000000 0.00000000
vn 0.00000000 1.00000000 0.00000000
vn 0.00000000 1.00000000 0.00000000
vn 0.00000000 1.00000000 0.00000000
vn -0.27216554 -0.68041384 -0.68041384
vn -0.00000000 -1.00000000 -0.00000000
vn -0.00000000 -1.00000000 0.00000000
vn -0.00000000 -1.00000000 0.00000000
vn -0.00000000 -1.00000000 0.00000000
vn -0.27216554 -0.68041384 0.68041384
vn 0.00000000 -0.70710677 -0.70710677
vn 0.00000000 -1.00000000 -0.00000000
vn 0.00000000 -1.00000000 0.00000000
vn -0.10050378 -0.70352650 0.70352650
vn 0.00000000 -0.70710677 -0.70710677
vn -0.10050378 -0.70352650 0.70352650
vn 0.00000000 -0.70710677 -0.70710677
vn -0.14744195 -0.44232586 0.88465172
vn 0.00000000 -0.44721359 -0.89442718
vn -0.15617377 -0.31234753 0.93704259
vn 0.00000000 -0.49613893 -0.86824316
vn 0.00000000 -0.49613893 0.86824316
vn -0.15617377 -0.31234753 -0.93704259
vn 0.00000000 0.00000000 1.00000000
vn 0.00000000 0.00000000 -1.00000000
vn 0.00000000 0.00000000 1.00000000
vn 0.00000000 0.00000000 -1.00000000
vn -0.14142136 0.00000000 0.98994946
vn 0.00000000 0.00000000 -1.00000000
vn -0.16439898 0.00000000 0.98639393
vn 0.00000000 0.00000000 -1.00000000
vn -0.27472112 0.00000000 0.96152395
vn 0.00000000 0.00000000 -1.00000000
vn 0.00000000 0.00000000 1.00000000
vn 0.00000000 0.00000000 -1.00000000
vn 0.00000000 0.00000000 1.00000000
vn 0.00000000 0.00000000 -1.00000000
vn 0.00000000 0.00000000 1.00000000
vn -0.27472112 0.00000000 -0.96152395
vn -0.35112345 0.00000000 0.93632919
vn -0.00000000 0.00000000 -1.00000000
vn -0.00000000 0.00000000 1.00000000
vn 0.00000000 0.00000000 -1.00000000
vn -0.39391929 0.00000000 0.91914505
vn 0.00000000 0.00000000 -1.00000000
vn -0.60000002 0.00000000 0.80000001
vn -0.60000002 0.00000000 -0.80000001
vn -0.55470020 0.00000000 0.83205032
vn -0.00000000 1.00000000 -0.00000000
vn -0.24253562 0.97014248 0.00000000
vn -0.27472112 0.96152395 0.00000000
vn -0.44721359 0.89442718 0.00000000
vn -0.44721359 0.89442718 0.00000000
vn -0.14142136 0.98994946 0.00000000
vn -0.31622776 0.94868332 0.00000000
vn -0.14002801 -0.70014006 -0.70014006
vn 0.00000000 -1.00000000 -0.00000000
vn -0.00000000 -1.00000000 0.00000000
vn -0.49613893 -0.86824316 0.00000000
vn -0.49613893 -0.86824316 0.00000000
vn -0.00000000 -1.00000000 0.00000000
vn 0.00000000 -1.00000000 0.00000000
vn -0.11704115 -0.70224690 0.70224690
vn -0.11704115 -0.70224690 -0.70224690
vn -0.14002801 -0.70014006 0.70014006
vn -0.10050378 -0.70352650 -0.70352650
vn -0.14002801 -0.70014006 0.70014006
vn 0.00000000 -0.70710677 -0.70710677
vn 0.00000000 -0.70710677 0.70710677
vn 0.00000000 -0.44721359 -0.89442718
vn -0.14744195 -0.44232586 0.88465172
vn -0.14744195 -0.44232586 -0.88465172
vn 0.00000000 0.00000000 1.00000000
vn 0.00000000 -0.49613893 -0.86824316
vn 0.00000000 0.00000000 1.00000000
vn 0.00000000 0.00000000 -1.00000000
vn -0.13018891 -0.39056674 0.91132236
vn 0.00000000 0.00000000 -1.00000000
vn -0.13736056 -0.54944223 0.82416338
vn 0.00000000 0.00000000 -1.00000000
vn -0.31622776 0.00000000 0.94868332
vn 0.00000000 0.00000000 -1.00000000
vn -0.27472112 0.00000000 0.96152395
vn 0.00000000 0.00000000 -1.00000000
vn -0.00000000 0.00000000 1.00000000
vn -0.27472112 0.00000000 -0.96152395
vn -0.27472112 0.00000000 0.96152395
vn -0.00000000 0.00000000 -1.00000000
vn 0.00000000 0.00000000 1.00000000
vn 0.00000000 0.00000000 -1.00000000
vn 0.00000000 0.00000000 1.00000000
vn 0.00000000 0.00000000 -1.00000000
vn -0.35112345 0.00000000 0.93632919
vn 0.00000000 0.00000000 -1.00000000
vn -0.00000000 0.00000000 1.00000000
vn 0.00000000 0.00000000 -1.00000000
vn -0.44721359 0.00000000 0.89442718
vn 0.00000000 0.00000000 -1.00000000
vn -0.44721359 0.00000000 0.89442718
vn -0.44721359 0.89442718 -0.00000000
vn -0.46852130 0.62469506 -0.62469506
vn -0.51449573 0.00000000 0.85749292
vn -0.31622776 0.94868332 0.00000000
vn -0.00000000 1.00000000 -0.00000000
vn -0.19611613 0.98058069 0.00000000
vn -0.00000000 1.00000000 0.00000000
vn -0.44721359 0.89442718 0.00000000
vn -0.27216554 -0.68041384 -0.68041384
vn -0.00000000 -1.00000000 -0.00000000
vn -0.00000000 -1.00000000 0.00000000
vn -0.27216554 -0.68041384 0.68041384
vn -0.11704115 -0.70224690 -0.70224690
vn -0.00000000 -1.00000000 -0.00000000
vn -0.00000000 -1.00000000 0.00000000
vn -0.14002801 -0.70014006 0.70014006
vn -0.14002801 -0.70014006 -0.70014006
vn 0.00000000 -1.00000000 -0.00000000
vn 0.00000000 -1.00000000 0.00000000
vn -0.10050378 -0.70352650 0.70352650
vn -0.15617377 -0.31234753 -0.93704259
vn -0.14744195 -0.44232586 0.88465172
vn -0.14744195 -0.44232586 -0.88465172
vn -0.15617377 -0.31234753 0.93704259
vn 0.00000000 -0.70710677 -0.70710677
vn 0.00000000 -0.49613893 0.86824316
vn -0.15617377 -0.31234753 -0.93704259
vn 0.00000000 0.00000000 1.00000000
vn 0.00000000 0.00000000 -1.00000000
vn -0.13018891 -0.39056674 0.91132236
vn 0.00000000 0.00000000 -1.00000000
vn -0.12309149 -0.49236596 0.86164045
vn 0.00000000 0.00000000 -1.00000000
vn 0.00000000 0.00000000 1.00000000
vn 0.00000000 0.00000000 -1.00000000
vn 0.00000000 0.00000000 1.00000000
vn 0.00000000 0.00000000 -1.00000000
vn 0.00000000 0.00000000 1.00000000
vn 0.00000000 0.00000000 -1.00000000
vn -0.39391929 0.00000000 0.91914505
vn 0.00000000 0.00000000 -1.00000000
vn -0.27472112 0.00000000 0.96152395
vn 0.00000000 0.00000000 -1.00000000
vn -0.00000000 0.00000000 1.00000000
vn 0.00000000 0.00000000 -1.00000000
vn -0.27472112 0.00000000 0.96152395
vn 0.00000000 0.00000000 -1.00000000
vn 0.00000000 0.00000000 1.00000000
vn -0.31622776 0.00000000 -0.94868332
vn -0.39391929 0.00000000 0.91914505
vn -0.60000002 0.00000000 -0.80000001
vn -0.00000000 0.00000000 1.00000000
vn -0.60000002 0.00000000 -0.80000001
vn 0.00000000 0.00000000 1.00000000
vn -0.24253562 0.97014248 -0.00000000
vn -0.51449573 0.51449573 -0.68599433
vn -0.51449573 0.00000000 0.85749292
vn -0.24253562 0.97014248 -0.00000000
vn -0.31622776 0.94868332 0.00000000
vn -0.62469506 0.46852130 -0.62469506
vn -0.51449573 0.00000000 0.85749292
vn -0.31622776 0.94868332 0.00000000
vn -0.27216554 0.95257932 0.13608277
vn -0.27216554 -0.68041384 -0.68041384
vn -0.00000000 -1.00000000 -0.00000000
vn -0.00000000 -1.00000000 0.00000000
vn -0.00000000 -1.00000000 0.00000000
vn -0.00000000 -1.00000000 0.00000000
vn -0.27216554 -0.68041384 0.68041384
vn -0.14002801 -0.70014006 -0.70014006
vn 0.00000000 -1.00000000 -0.00000000
vn 0.00000000 -1.00000000 0.00000000
vn -0.11704115 -0.70224690 0.70224690
vn 0.00000000 -0.70710677 -0.70710677
vn 0.00000000 -0.70710677 0.70710677
vn 0.00000000 -0.70710677 -0.70710677
vn 0.00000000 -0.70710677 0.70710677
vn -0.15617377 -0.31234753 -0.93704259
vn -0.14744195 -0.44232586 0.88465172
vn 0.00000000 -0.44721359 -0.89442718
vn 0.00000000 0.00000000 1.00000000
vn 0.00000000 -0.44721359 -0.89442718
vn -0.13018891 -0.39056674 0.91132236
vn 0.00000000 0.00000000 -1.00000000
vn -0.12309149 -0.49236596 0.86164045
vn 0.00000000 0.00000000 -1.00000000
vn 0.00000000 0.00000000 1.00000000
vn 0.00000000 0.00000000 -1.00000000
vn 0.00000000 0.00000000 1.00000000
vn 0.00000000 0.00000000 -1.00000000
vn 0.00000000 0.00000000 1.00000000
vn 0.00000000 0.00000000 -1.00000000
vn 0.00000000 0.00000000 1.00000000
vn 0.00000000 0.00000000 -1.00000000
vn 0.00000000 0.00000000 1.00000000
vn 0.00000000 0.00000000 -1.00000000
vn 0.00000000 0.00000000 1.00000000
vn 0.00000000 0.00000000 -1.00000000
vn -0.39391929 0.00000000 0.91914505
vn 0.00000000 0.00000000 -1.00000000
vn -0.27472112 0.00000000 0.96152395
vn -0.27472112 0.00000000 -0.96152395
vn -0.00000000 0.00000000 1.00000000
vn -0.00000000 0.00000000 -1.00000000
vn 0.00000000 0.00000000 1.00000000
vn 0.00000000 0.00000000 -1.00000000
vn 0.00000000 0.00000000 1.00000000
vn 0.00000000 0.00000000 -1.00000000
vn -0.44721359 0.00000000 0.89442718
vn -0.60000002 0.00000000 -0.80000001
vn -0.44721359 0.00000000 0.89442718
vn -0.24253562 0.97014248 -0.00000000
vn -0.51449573 0.51449573 -0.68599433
vn -0.51449573 0.00000000 0.85749292
vn -0.31622776 0.94868332 0.00000000
vn -0.31622776 0.94868332 -0.00000000
vn -0.24253562 0.97014248 0.00000000
vn -0.16439898 0.98639393 0.00000000
vn -0.31622776 0.94868332 0.00000000
vn -0.14002801 -0.70014006 -0.70014006
vn 0.00000000 -1.00000000 -0.00000000
vn -0.00000000 -1.00000000 0.00000000
vn -0.52999896 -0.84799832 0.00000000
vn 0.00000000 -1.00000000 0.00000000
vn -0.00000000 -1.00000000 0.00000000
vn 0.00000000 -1.00000000 0.00000000
vn -0.11704115 -0.70224690 0.70224690
vn -0.11704115 -0.70224690 -0.70224690
vn -0.14002801 -0.70014006 0.70014006
vn -0.10050378 -0.70352650 -0.70352650
vn -0.14002801 -0.70014006 0.70014006
vn -0.10050378 -0.70352650 -0.70352650
vn -0.14002801 -0.70014006 0.70014006
vn 0.00000000 -0.49613893 -0.86824316
vn 0.00000000 -0.49613893 0.86824316
vn -0.14744195 -0.44232586 -0.88465172
vn -0.13018891 -0.39056674 0.91132236
vn 0.00000000 -0.49613893 -0.86824316
vn -0.12309149 -0.49236596 0.86164045
vn 0.00000000 0.00000000 -1.00000000
vn 0.00000000 0.00000000 1.00000000
vn 0.00000000 0.00000000 -1.00000000
vn 0.00000000 0.00000000 1.00000000
vn 0.00000000 0.00000000 -1.00000000
vn 0.00000000 0.00000000 1.00000000
vn 0.00000000 0.00000000 -1.00000000
vn 0.00000000 0.00000000 1.00000000
vn 0.00000000 0.00000000 -1.00000000
vn -0.14142136 0.00000000 0.98994946
vn 0.00000000 0.00000000 -1.00000000
vn -0.16439898 0.00000000 0.98639393
vn 0.00000000 0.00000000 -1.00000000
vn -0.27472112 0.00000000 0.96152395
vn -0.24253562 0.00000000 -0.97014248
vn 0.00000000 0.00000000 1.00000000
vn -0.00000000 0.00000000 -1.00000000
vn 0.00000000 0.00000000 1.00000000
vn 0.00000000 0.00000000 -1.00000000
vn -0.35112345 0.00000000 0.93632919
vn 0.00000000 0.00000000 -1.00000000
vn -0.00000000 0.00000000 1.00000000
vn -0.31622776 0.00000000 -0.94868332
vn -0.39391929 0.00000000 0.91914505
vn -0.60000002 0.00000000 -0.80000001
vn -0.00000000 0.00000000 1.00000000
vn -0.60000002 0.00000000 -0.80000001
vn 0.00000000 0.00000000 1.00000000
vn -0.24253562 0.97014248 -0.00000000
vn -0.51449573 0.51449573 -0.68599433
vn -0.58123821 0.00000000 0.81373346
vn -0.24253562 0.97014248 -0.00000000
vn -0.51449573 0.51449573 -0.68599433
vn -0.51449573 0.00000000 0.85749292
vn -0.31622776 0.94868332 0.00000000
vn -0.00000000 1.00000000 -0.00000000
vn -0.00000000 1.00000000 0.00000000
vn -0.27216554 -0.68041384 -0.68041384
vn -0.00000000 -1.00000000 -0.00000000
vn -0.27216554 -0.68041384 0.68041384
vn -0.11704115 -0.70224690 -0.70224690
vn -0.00000000 -1.00000000 -0.00000000
vn -0.49613893 -0.86824316 0.00000000
vn -0.00000000 -1.00000000 0.00000000
vn -0.14002801 -0.70014006 0.70014006
vn -0.14002801 -0.70014006 -0.70014006
vn 0.00000000 -1.00000000 -0.00000000
vn 0.00000000 -1.00000000 0.00000000
vn -0.10050378 -0.70352650 0.70352650
vn -0.14002801 -0.70014006 -0.70014006
vn -0.10050378 -0.70352650 0.70352650
vn -0.15617377 -0.31234753 -0.93704259
vn -0.14744195 -0.44232586 0.88465172
vn -0.12309149 -0.49236596 -0.86164045
vn 0.00000000 -0.49613893 0.86824316
vn -0.13018891 -0.39056674 -0.91132236
vn -0.14744195 -0.44232586 0.88465172
vn 0.00000000 0.00000000 -1.00000000
vn 0.00000000 0.00000000 1.00000000
vn 0.00000000 0.00000000 -1.00000000
vn 0.00000000 0.00000000 1.00000000
vn 0.00000000 0.00000000 -1.00000000
vn 0.00000000 0.00000000 1.00000000
vn -0.35112345 0.00000000 -0.93632919
vn -0.14142136 0.00000000 0.98994946
vn 0.00000000 0.00000000 -1.00000000
vn -0.14744195 -0.44232586 0.88465172
vn 0.00000000 0.00000000 -1.00000000
vn -0.13736056 -0.54944223 0.82416338
vn 0.00000000 0.00000000 -1.00000000
vn -0.31622776 0.00000000 0.94868332
vn 0.00000000 0.00000000 -1.00000000
vn -0.27472112 0.00000000 0.96152395
vn 0.00000000 0.00000000 -1.00000000
vn -0.00000000 0.00000000 1.00000000
vn -0.27472112 0.00000000 -0.96152395
vn -0.27472112 0.00000000 0.96152395
vn -0.00000000 0.00000000 -1.00000000
vn 0.00000000 0.00000000 1.00000000
vn -0.24253562 0.00000000 -0.97014248
vn -0.35112345 0.00000000 0.93632919
vn -0.00000000 0.00000000 -1.00000000
vn -0.00000000 0.00000000 1.00000000
vn 0.00000000 0.00000000 -1.00000000
vn -0.39391929 0.00000000 0.91914505
vn 0.00000000 0.00000000 -1.00000000
vn -0.60000002 0.00000000 0.80000001
vn -0.60000002 0.00000000 -0.80000001
vn -0.60000002 0.00000000 0.80000001
vn -0.24253562 0.97014248 -0.00000000
vn -0.51449573 0.51449573 -0.68599433
vn -0.55470020 0.00000000 0.83205032
vn -0.00000000 1.00000000 -0.00000000
vn -0.24253562 0.97014248 0.00000000
vn 0.00000000 1.00000000 0.00000000
vn -0.14142136 0.98994946 0.00000000
vn -0.00000000 1.00000000 0.00000000
vn -0.27216554 -0.68041384 -0.68041384
vn -0.00000000 -1.00000000 -0.00000000
vn -0.00000000 -1.00000000 0.00000000
vn -0.00000000 -1.00000000 0.00000000
vn -0.00000000 -1.00000000 0.00000000
vn -0.27216554 -0.68041384 0.68041384
vn -0.27216554 -0.68041384 -0.68041384
vn -0.00000000 -1.00000000 -0.00000000
vn 0.00000000 -1.00000000 0.00000000
vn -0.11704115 -0.70224690 0.70224690
vn -0.10050378 -0.70352650 -0.70352650
vn 0.00000000 -0.70710677 0.70710677
vn -0.10050378 -0.70352650 -0.70352650
vn 0.00000000 -0.70710677 0.70710677
vn 0.00000000 -0.70710677 -0.70710677
vn 0.00000000 -0.44721359 0.89442718
vn -0.15617377 -0.31234753 -0.93704259
vn -0.15617377 -0.31234753 0.93704259
vn 0.00000000 0.00000000 -1.00000000
vn 0.00000000 -0.49613893 0.86824316
vn -0.27472112 0.00000000 -0.96152395
vn 0.00000000 0.00000000 1.00000000
vn -0.31622776 0.00000000 -0.94868332
vn -0.14142136 0.00000000 0.98994946
vn -0.13736056 -0.54944223 -0.82416338
vn -0.14744195 -0.44232586 0.88465172
vn -0.13018891 -0.39056674 -0.91132236
vn -0.13736056 -0.54944223 0.82416338
vn -0.00000000 0.00000000 -1.00000000
vn -0.27472112 0.00000000 0.96152395
vn -0.39391929 0.00000000 -0.91914505
vn 0.00000000 0.00000000 1.00000000
vn 0.00000000 0.00000000 -1.00000000
vn 0.00000000 0.00000000 1.00000000
vn 0.00000000 0.00000000 -1.00000000
vn 0.00000000 0.00000000 1.00000000
vn 0.00000000 0.00000000 -1.00000000
vn -0.39391929 0.00000000 0.91914505
vn 0.00000000 0.00000000 -1.00000000
vn -0.27472112 0.00000000 0.96152395
vn 0.00000000 0.00000000 -1.00000000
vn -0.00000000 0.00000000 1.00000000
vn 0.00000000 0.00000000 -1.00000000
vn -0.31622776 0.00000000 0.94868332
vn -0.27472112 0.00000000 -0.96152395
vn -0.39391929 0.00000000 0.91914505
vn -0.60000002 0.00000000 -0.80000001
vn -0.00000000 0.00000000 1.00000000
vn -0.60000002 0.00000000 -0.80000001
vn -0.44721359 0.00000000 0.89442718
vn -0.60000002 0.00000000 -0.80000001
vn -0.44721359 0.00000000 0.89442718
vn -0.24253562 0.97014248 -0.00000000
vn -0.51449573 0.51449573 -0.68599433
vn -0.44721359 0.00000000 0.89442718
vn -0.24253562 0.97014248 -0.00000000
vn -0.31622776 0.94868332 0.00000000
vn -0.62469506 0.46852130 -0.62469506
vn -0.51449573 0.00000000 0.85749292
vn -0.14142136 0.98994946 0.00000000
vn -0.31622776 0.94868332 0.00000000
vn -0.27216554 0.95257932 0.13608277
vn -0.27216554 -0.68041384 -0.68041384
vn -0.00000000 -1.00000000 -0.00000000
vn -0.00000000 -1.00000000 0.00000000
vn -0.52999896 -0.84799832 0.00000000
vn 0.00000000 -1.00000000 0.00000000
vn -0.00000000 -1.00000000 0.00000000
vn 0.00000000 -1.00000000 0.00000000
vn -0.11704115 -0.70224690 0.70224690
vn -0.14002801 -0.70014006 -0.70014006
vn 0.00000000 -1.00000000 -0.00000000
vn -0.14002801 -0.70014006 0.70014006
vn -0.14002801 -0.70014006 -0.70014006
vn -0.14002801 -0.70014006 0.70014006
vn -0.15617377 -0.31234753 -0.93704259
vn -0.14002801 -0.70014006 0.70014006
vn -0.14744195 -0.44232586 -0.88465172
vn 0.00000000 -0.70710677 0.70710677
vn 0.00000000 -0.49613893 -0.86824316
vn -0.14744195 -0.44232586 0.88465172
vn -0.12309149 -0.49236596 -0.86164045
vn 0.00000000 0.00000000 1.00000000
vn -0.14744195 -0.44232586 -0.88465172
vn -0.13018891 -0.39056674 0.91132236
vn -0.16439898 0.00000000 -0.98639393
vn -0.13736056 -0.54944223 0.82416338
vn -0.14142136 0.00000000 -0.98994946
vn -0.27472112 0.00000000 0.96152395
vn 0.00000000 0.00000000 -1.00000000
vn 0.00000000 0.00000000 1.00000000
vn -0.27472112 0.00000000 -0.96152395
vn 0.00000000 0.00000000 1.00000000
vn -0.14142136 0.00000000 -0.98994946
vn 0.00000000 0.00000000 1.00000000
vn -0.00000000 0.00000000 -1.00000000
vn 0.00000000 0.00000000 1.00000000
vn -0.39391929 0.00000000 -0.91914505
vn 0.00000000 0.00000000 1.00000000
vn 0.00000000 0.00000000 -1.00000000
vn 0.00000000 0.00000000 1.00000000
vn 0.00000000 0.00000000 -1.00000000
vn 0.00000000 0.00000000 1.00000000
vn -0.24253562 0.00000000 -0.97014248
vn -0.39391929 0.00000000 0.91914505
vn -0.00000000 0.00000000 -1.00000000
vn -0.27472112 0.00000000 0.96152395
vn 0.00000000 0.00000000 -1.00000000
vn -0.00000000 0.00000000 1.00000000
vn 0.00000000 0.00000000 -1.00000000
vn -0.39391929 0.00000000 0.91914505
vn 0.00000000 0.00000000 -1.00000000
vn -0.00000000 0.00000000 1.00000000
vn 0.00000000 0.00000000 -1.00000000
vn 0.00000000 0.00000000 1.00000000
vn -0.60000002 0.00000000 -0.80000001
vn 0.00000000 0.00000000 1.00000000
vn -0.24253562 0.97014248 -0.00000000
vn -0.51449573 0.51449573 -0.68599433
vn -0.51449573 0.00000000 0.85749292
vn -0.00000000 1.00000000 -0.00000000
vn -0.00000000 1.00000000 0.00000000
vn 0.00000000 1.00000000 0.00000000
vn -0.00000000 1.00000000 0.00000000
vn -0.00000000 1.00000000 0.00000000
vn -0.27216554 -0.68041384 -0.68041384
vn -0.00000000 -1.00000000 -0.00000000
vn -0.27216554 -0.68041384 0.68041384
vn -0.14002801 -0.70014006 -0.70014006
vn 0.00000000 -1.00000000 -0.00000000
vn -0.55470020 -0.83205032 0.00000000
vn -0.49613893 -0.86824316 0.00000000
vn -0.00000000 -1.00000000 0.00000000
vn -0.14002801 -0.70014006 0.70014006
vn -0.11704115 -0.70224690 -0.70224690
vn 0.00000000 -1.00000000 0.00000000
vn -0.10050378 -0.70352650 0.70352650
vn -0.10050378 -0.70352650 -0.70352650
vn -0.10050378 -0.70352650 0.70352650
vn 0.00000000 -0.70710677 -0.70710677
vn -0.14744195 -0.44232586 0.88465172
vn -0.15617377 -0.31234753 -0.93704259
vn -0.15617377 -0.31234753 0.93704259
vn -0.12309149 -0.49236596 -0.86164045
vn 0.00000000 -0.49613893 0.86824316
vn -0.13018891 -0.39056674 -0.91132236
vn -0.13018891 -0.39056674 0.91132236
vn 0.00000000 0.00000000 -1.00000000
vn -0.12309149 -0.49236596 0.86164045
vn 0.00000000 0.00000000 -1.00000000
vn 0.00000000 0.00000000 1.00000000
vn 0.00000000 0.00000000 -1.00000000
vn 0.00000000 0.00000000 1.00000000
vn 0.00000000 0.00000000 -1.00000000
vn 0.00000000 0.00000000 1.00000000
vn 0.00000000 0.00000000 -1.00000000
vn 0.00000000 0.00000000 1.00000000
vn 0.00000000 0.00000000 -1.00000000
vn -0.14142136 0.00000000 0.98994946
vn -0.27472112 0.00000000 -0.96152395
vn -0.16439898 0.00000000 0.98639393
vn -0.14142136 0.00000000 -0.98994946
vn -0.16439898 0.00000000 0.98639393
vn -0.00000000 0.00000000 -1.00000000
vn -0.16439898 0.00000000 0.98639393
vn 0.00000000 0.00000000 -1.00000000
vn -0.27472112 0.00000000 0.96152395
vn 0.00000000 0.00000000 -1.00000000
vn 0.00000000 0.00000000 1.00000000
vn -0.27472112 0.00000000 -0.96152395
vn 0.00000000 0.00000000 1.00000000
vn -0.00000000 0.00000000 -1.00000000
vn -0.39391929 0.00000000 0.91914505
vn -0.27472112 0.00000000 -0.96152395
vn -0.00000000 0.00000000 1.00000000
vn -0.60000002 0.00000000 -0.80000001
vn -0.39391929 0.00000000 0.91914505
vn -0.60000002 0.00000000 -0.80000001
vn -0.44721359 0.00000000 0.89442718
vn -0.60000002 0.00000000 -0.80000001
vn -0.44721359 0.00000000 0.89442718
vn -0.24253562 0.97014248 -0.00000000
vn -0.51449573 0.51449573 -0.68599433
vn -0.44721359 0.00000000 0.89442718
vn -0.24253562 0.97014248 -0.00000000
vn -0.31622776 0.94868332 0.00000000
vn -0.44721359 0.89442718 0.00000000
vn -0.44721359 0.89442718 0.00000000
vn -0.14142136 0.98994946 0.00000000
vn -0.16439898 0.98639393 0.00000000
vn -0.00000000 1.00000000 0.00000000
vn -0.27216554 -0.68041384 -0.68041384
vn -0.00000000 -1.00000000 -0.00000000
vn -0.00000000 -1.00000000 0.00000000
vn -0.00000000 -1.00000000 0.00000000
vn -0.00000000 -1.00000000 0.00000000
vn -0.00000000 -1.00000000 0.00000000
vn -0.27216554 -0.68041384 0.68041384
vn -0.10050378 -0.70352650 -0.70352650
vn 0.00000000 -1.00000000 0.00000000
vn -0.11704115 -0.70224690 0.70224690
vn -0.14002801 -0.70014006 -0.70014006
vn 0.00000000 -1.00000000 -0.00000000
vn 0.00000000 -0.70710677 0.70710677
vn -0.15617377 -0.31234753 -0.93704259
vn 0.00000000 -0.70710677 0.70710677
vn -0.14744195 -0.44232586 -0.88465172
vn 0.00000000 -0.70710677 0.70710677
vn -0.08804509 -0.70436072 -0.70436072
vn -0.14744195 -0.44232586 0.88465172
vn -0.13018891 -0.39056674 -0.91132236
vn 0.00000000 -0.49613893 0.86824316
vn 0.00000000 0.00000000 -1.00000000
vn -0.14744195 -0.44232586 0.88465172
vn 0.00000000 0.00000000 -1.00000000
vn 0.00000000 0.00000000 1.00000000
vn 0.00000000 0.00000000 -1.00000000
vn 0.00000000 0.00000000 1.00000000
vn 0.00000000 0.00000000 -1.00000000
vn 0.00000000 0.00000000 1.00000000
vn 0.00000000 0.00000000 -1.00000000
vn 0.00000000 0.00000000 1.00000000
vn 0.00000000 0.00000000 -1.00000000
vn -0.13018891 -0.39056674 0.91132236
vn 0.00000000 0.00000000 -1.00000000
vn -0.13736056 -0.54944223 0.82416338
vn 0.00000000 0.00000000 -1.00000000
vn -0.31622776 0.00000000 0.94868332
vn 0.00000000 0.00000000 -1.00000000
vn -0.31622776 0.00000000 0.94868332
vn -0.24253562 0.00000000 -0.97014248
vn -0.31622776 0.00000000 0.94868332
vn -0.00000000 0.00000000 -1.00000000
vn -0.27472112 0.00000000 0.96152395
vn 0.00000000 0.00000000 -1.00000000
vn -0.00000000 0.00000000 1.00000000
vn 0.00000000 0.00000000 -1.00000000
vn 0.00000000 0.00000000 1.00000000
vn 0.00000000 0.00000000 -1.00000000
vn 0.00000000 0.00000000 1.00000000
vn 0.00000000 0.00000000 -1.00000000
vn 0.00000000 0.00000000 1.00000000
vn 0.00000000 0.00000000 -1.00000000
vn 0.00000000 0.00000000 1.00000000
vn 0.00000000 0.00000000 -1.00000000
vn 0.00000000 0.00000000 1.00000000
vn 0.00000000 0.00000000 -1.00000000
vn 0.00000000 0.00000000 1.00000000
vn -0.60000002 0.00000000 -0.80000001
vn 0.00000000 0.00000000 1.00000000
vn -0.24253562 0.97014248 -0.00000000
vn -0.51449573 0.51449573 -0.68599433
vn -0.51449573 0.00000000 0.85749292
vn -0.31622776 0.94868332 0.00000000
vn -0.00000000 1.00000000 -0.00000000
vn -0.00000000 1.00000000 0.00000000
vn -0.00000000 1.00000000 0.00000000
vn -0.00000000 1.00000000 0.00000000
vn -0.14002801 -0.70014006 -0.70014006
vn 0.00000000 -1.00000000 -0.00000000
vn -0.00000000 -1.00000000 0.00000000
vn -0.49613893 -0.86824316 0.00000000
vn -0.44721359 -0.89442718 0.00000000
vn -0.49613893 -0.86824316 0.00000000
vn -0.00000000 -1.00000000 0.00000000
vn 0.00000000 -1.00000000 0.00000000
vn -0.11704115 -0.70224690 0.70224690
vn -0.27216554 -0.68041384 -0.68041384
vn -0.14002801 -0.70014006 0.70014006
vn -0.10050378 -0.70352650 -0.70352650
vn -0.14002801 -0.70014006 0.70014006
vn -0.08804509 -0.70436072 -0.70436072
vn -0.14002801 -0.70014006 0.70014006
vn -0.11704115 -0.70224690 -0.70224690
vn 0.00000000 -0.70710677 0.70710677
vn -0.15617377 -0.31234753 -0.93704259
vn 0.00000000 -0.44721359 0.89442718
vn 0.00000000 0.00000000 -1.00000000
vn -0.15617377 -0.31234753 0.93704259
vn -0.27472112 0.00000000 -0.96152395
vn 0.00000000 -0.49613893 0.86824316
vn -0.31622776 0.00000000 -0.94868332
vn 0.00000000 0.00000000 1.00000000
vn -0.31622776 0.00000000 -0.94868332
vn 0.00000000 0.00000000 1.00000000
vn -0.39391929 0.00000000 -0.91914505
vn -0.14142136 0.00000000 0.98994946
vn 0.00000000 0.00000000 -1.00000000
vn -0.14744195 -0.44232586 0.88465172
vn 0.00000000 0.00000000 -1.00000000
vn -0.12309149 -0.49236596 0.86164045
vn 0.00000000 0.00000000 -1.00000000
vn 0.00000000 0.00000000 1.00000000
vn 0.00000000 0.00000000 -1.00000000
vn 0.00000000 0.00000000 1.00000000
vn 0.00000000 0.00000000 -1.00000000
vn 0.00000000 0.00000000 1.00000000
vn 0.00000000 0.00000000 -1.00000000
vn 0.00000000 0.00000000 1.00000000
vn -0.24253562 0.00000000 -0.97014248
vn 0.00000000 0.00000000 1.00000000
vn -0.00000000 0.00000000 -1.00000000
vn -0.35112345 0.00000000 0.93632919
vn 0.00000000 0.00000000 -1.00000000
vn -0.00000000 0.00000000 1.00000000
vn -0.27472112 0.00000000 -0.96152395
vn 0.00000000 0.00000000 1.00000000
vn -0.00000000 0.00000000 -1.00000000
vn -0.39391929 0.00000000 0.91914505
vn -0.27472112 0.00000000 -0.96152395
vn -0.00000000 0.00000000 1.00000000
vn -0.60000002 0.00000000 -0.80000001
vn 0.00000000 0.00000000 1.00000000
vn -0.60000002 0.00000000 -0.80000001
vn -0.44721359 0.00000000 0.89442718
vn -0.24253562 0.97014248 -0.00000000
vn 0.00000000 0.70710677 -0.70710677
vn -0.44721359 0.00000000 0.89442718
vn -0.60000002 0.00000000 -0.80000001
vn -0.51449573 0.00000000 0.85749292
vn -0.31622776 0.94868332 0.00000000
vn -0.00000000 1.00000000 -0.00000000
vn 0.00000000 1.00000000 0.00000000
vn 0.00000000 1.00000000 0.00000000
vn 0.00000000 1.00000000 0.00000000
vn 0.00000000 1.00000000 0.00000000
vn -0.00000000 1.00000000 0.00000000
vn -0.27216554 -0.68041384 -0.68041384
vn -0.00000000 -1.00000000 -0.00000000
vn -0.00000000 -1.00000000 0.00000000
vn -0.00000000 -1.00000000 0.00000000
vn -0.27216554 -0.68041384 0.68041384
vn -0.11704115 -0.70224690 -0.70224690
vn -0.00000000 -1.00000000 -0.00000000
vn -0.00000000 -1.00000000 0.00000000
vn -0.14002801 -0.70014006 0.70014006
vn -0.14002801 -0.70014006 -0.70014006
vn 0.00000000 -1.00000000 -0.00000000
vn 0.00000000 -1.00000000 0.00000000
vn -0.10050378 -0.70352650 0.70352650
vn -0.14002801 -0.70014006 -0.70014006
vn -0.10050378 -0.70352650 0.70352650
vn -0.15617377 -0.31234753 -0.93704259
vn -0.14744195 -0.44232586 0.88465172
vn -0.14744195 -0.44232586 -0.88465172
vn -0.15617377 -0.31234753 0.93704259
vn 0.00000000 -0.49613893 -0.86824316
vn 0.00000000 -0.70710677 0.70710677
vn -0.12309149 -0.49236596 -0.86164045
vn -0.14744195 -0.44232586 0.88465172
vn -0.14744195 -0.44232586 -0.88465172
vn 0.00000000 0.00000000 1.00000000
vn -0.16439898 0.00000000 -0.98639393
vn 0.00000000 0.00000000 1.00000000
vn -0.16439898 0.00000000 -0.98639393
vn -0.13018891 -0.39056674 0.91132236
vn -0.14142136 0.00000000 -0.98994946
vn -0.13736056 -0.54944223 0.82416338
vn -0.00000000 0.00000000 -1.00000000
vn -0.27472112 0.00000000 0.96152395
vn -0.31622776 0.00000000 -0.94868332
vn 0.00000000 0.00000000 1.00000000
vn -0.31622776 0.00000000 -0.94868332
vn 0.00000000 0.00000000 1.00000000
vn -0.39391929 0.00000000 -0.91914505
vn 0.00000000 0.00000000 1.00000000
vn 0.00000000 0.00000000 -1.00000000
vn 0.00000000 0.00000000 1.00000000
vn 0.00000000 0.00000000 -1.00000000
vn 0.00000000 0.00000000 1.00000000
vn 0.00000000 0.00000000 -1.00000000
vn 0.00000000 0.00000000 1.00000000
vn -0.24253562 0.00000000 -0.97014248
vn 0.00000000 0.00000000 1.00000000
vn -0.00000000 0.00000000 -1.00000000
vn -0.39391929 0.00000000 0.91914505
vn 0.00000000 0.00000000 -1.00000000
vn -0.00000000 0.00000000 1.00000000
vn 0.00000000 0.00000000 -1.00000000
vn 0.00000000 0.00000000 1.00000000
vn 0.00000000 0.00000000 -1.00000000
vn 0.00000000 0.00000000 1.00000000
vn 0.00000000 0.00000000 -1.00000000
vn -0.44721359 0.00000000 0.89442718
vn 0.00000000 0.00000000 -1.00000000
vn -0.00000000 0.00000000 1.00000000
vn -0.60000002 0.00000000 -0.80000001
vn 0.00000000 0.00000000 1.00000000
vn -0.24253562 0.97014248 -0.00000000
vn 0.00000000 0.70710677 -0.70710677
vn -0.37139067 0.00000000 0.92847669
vn -0.44721359 0.89442718 -0.00000000
vn -0.27472112 0.96152395 0.00000000
vn -0.44721359 0.89442718 0.00000000
vn -0.44721359 0.89442718 0.00000000
vn -0.14142136 0.98994946 0.00000000
vn -0.16439898 0.98639393 0.00000000
vn -0.00000000 1.00000000 0.00000000
vn -0.27216554 -0.68041384 -0.68041384
vn -0.00000000 -1.00000000 -0.00000000
vn -0.00000000 -1.00000000 0.00000000
vn 0.00000000 -1.00000000 0.00000000
vn -0.00000000 -1.00000000 0.00000000
vn 0.00000000 -1.00000000 0.00000000
vn -0.11704115 -0.70224690 0.70224690
vn -0.27216554 -0.68041384 -0.68041384
vn -0.00000000 -1.00000000 -0.00000000
vn 0.00000000 -1.00000000 0.00000000
vn -0.11704115 -0.70224690 0.70224690
vn -0.10050378 -0.70352650 -0.70352650
vn 0.00000000 -0.70710677 0.70710677
vn -0.10050378 -0.70352650 -0.70352650
vn 0.00000000 -0.70710677 0.70710677
vn -0.08804509 -0.70436072 -0.70436072
vn 0.00000000 -0.70710677 0.70710677
vn -0.13018891 -0.39056674 -0.91132236
vn -0.14744195 -0.44232586 0.88465172
vn -0.12309149 -0.49236596 -0.86164045
vn 0.00000000 -0.44721359 0.89442718
vn -0.13018891 -0.39056674 -0.91132236
vn 0.00000000 -0.44721359 0.89442718
vn 0.00000000 0.00000000 -1.00000000
vn 0.00000000 0.00000000 1.00000000
vn 0.00000000 0.00000000 -1.00000000
vn -0.13018891 -0.39056674 0.91132236
vn 0.00000000 0.00000000 -1.00000000
vn -0.12309149 -0.49236596 0.86164045
vn 0.00000000 0.00000000 -1.00000000
vn 0.00000000 0.00000000 1.00000000
vn -0.27472112 0.00000000 -0.96152395
vn 0.00000000 0.00000000 1.00000000
vn -0.16439898 0.00000000 -0.98639393
vn 0.00000000 0.00000000 1.00000000
vn -0.16439898 0.00000000 -0.98639393
vn 0.00000000 0.00000000 1.00000000
vn -0.14142136 0.00000000 -0.98994946
vn 0.00000000 0.00000000 1.00000000
vn -0.00000000 0.00000000 -1.00000000
vn 0.00000000 0.00000000 1.00000000
vn -0.39391929 0.00000000 -0.91914505
vn 0.00000000 0.00000000 1.00000000
vn 0.00000000 0.00000000 -1.00000000
vn 0.00000000 0.00000000 1.00000000
vn 0.00000000 0.00000000 -1.00000000
vn 0.00000000 0.00000000 1.00000000
vn -0.24253562 0.00000000 -0.97014248
vn 0.00000000 0.00000000 1.00000000
vn -0.00000000 0.00000000 -1.00000000
vn 0.00000000 0.00000000 1.00000000
vn -0.27472112 0.00000000 -0.96152395
vn 0.00000000 0.00000000 1.00000000
vn -0.00000000 0.00000000 -1.00000000
vn -0.39391929 0.00000000 0.91914505
vn 0.00000000 0.00000000 -1.00000000
vn -0.00000000 0.00000000 1.00000000
vn 0.00000000 0.00000000 -1.00000000
vn 0.00000000 0.00000000 1.00000000
vn 0.00000000 0.00000000 -1.00000000
vn 0.00000000 0.00000000 1.00000000
vn -0.60000002 0.00000000 -0.80000001
vn 0.00000000 0.00000000 1.00000000
vn -0.24253562 0.97014248 -0.00000000
vn -0.51449573 0.51449573 -0.68599433
vn -0.51449573 0.00000000 0.85749292
vn -0.31622776 0.94868332 0.00000000
vn -0.00000000 1.00000000 -0.00000000
vn -0.00000000 1.00000000 0.00000000
vn -0.00000000 1.00000000 0.00000000
vn -0.00000000 1.00000000 0.00000000
vn -0.27216554 -0.68041384 -0.68041384
vn -0.00000000 -1.00000000 -0.00000000
vn -0.00000000 -1.00000000 0.00000000
vn 0.00000000 -1.00000000 0.00000000
vn 0.00000000 -1.00000000 0.00000000
vn 0.00000000 -1.00000000 0.00000000
vn -0.00000000 -1.00000000 0.00000000
vn -0.14002801 -0.70014006 0.70014006
vn -0.14002801 -0.70014006 -0.70014006
vn 0.00000000 -1.00000000 -0.00000000
vn -0.00000000 -1.00000000 0.00000000
vn -0.14002801 -0.70014006 0.70014006
vn -0.27216554 -0.68041384 -0.68041384
vn -0.14002801 -0.70014006 0.70014006
vn -0.22941573 -0.68824720 -0.68824720
vn -0.14002801 -0.70014006 0.70014006
vn -0.13018891 -0.39056674 -0.91132236
vn 0.00000000 -0.70710677 0.70710677
vn -0.12309149 -0.49236596 -0.86164045
vn 0.00000000 -0.44721359 0.89442718
vn -0.13018891 -0.39056674 -0.91132236
vn -0.15617377 -0.31234753 0.93704259
vn 0.00000000 0.00000000 -1.00000000
vn 0.00000000 -0.49613893 0.86824316
vn 0.00000000 0.00000000 -1.00000000
vn 0.00000000 -0.49613893 0.86824316
vn 0.00000000 0.00000000 -1.00000000
vn -0.14744195 -0.44232586 0.88465172
vn 0.00000000 0.00000000 -1.00000000
vn 0.00000000 0.00000000 1.00000000
vn 0.00000000 0.00000000 -1.00000000
vn 0.00000000 0.00000000 1.00000000
vn 0.00000000 0.00000000 -1.00000000
vn 0.00000000 0.00000000 1.00000000
vn 0.00000000 0.00000000 -1.00000000
vn 0.00000000 0.00000000 1.00000000
vn 0.00000000 0.00000000 -1.00000000
vn 0.00000000 0.00000000 1.00000000
vn 0.00000000 0.00000000 -1.00000000
vn 0.00000000 0.00000000 1.00000000
vn -0.27472112 0.00000000 -0.96152395
vn 0.00000000 0.00000000 1.00000000
vn -0.14142136 0.00000000 -0.98994946
vn 0.00000000 0.00000000 1.00000000
vn -0.00000000 0.00000000 -1.00000000
vn 0.00000000 0.00000000 1.00000000
vn 0.00000000 0.00000000 -1.00000000
vn 0.00000000 0.00000000 1.00000000
vn 0.00000000 0.00000000 -1.00000000
vn 0.00000000 0.00000000 1.00000000
vn -0.27472112 0.00000000 -0.96152395
vn -0.39391929 0.00000000 0.91914505
vn -0.00000000 0.00000000 -1.00000000
vn -0.00000000 0.00000000 1.00000000
vn -0.27472112 0.00000000 -0.96152395
vn 0.00000000 0.00000000 1.00000000
vn -0.60000002 0.00000000 -0.80000001
vn 0.00000000 0.00000000 1.00000000
vn -0.60000002 0.00000000 -0.80000001
vn 0.00000000 0.00000000 1.00000000
vn -0.60000002 0.00000000 -0.80000001
vn 0.00000000 0.00000000 1.00000000
vn -0.60000002 0.00000000 -0.80000001
vn 0.00000000 0.00000000 1.00000000
vn -0.24253562 0.97014248 -0.00000000
vn -0.51449573 0.51449573 -0.68599433
vn -0.37139067 0.00000000 0.92847669
vn -0.00000000 1.00000000 -0.00000000
vn 0.00000000 1.00000000 0.00000000
vn 0.00000000 1.00000000 0.00000000
vn 0.00000000 1.00000000 0.00000000
vn 0.00000000 1.00000000 0.00000000
vn -0.00000000 1.00000000 0.00000000
vn -0.14002801 -0.70014006 -0.70014006
vn 0.00000000 -1.00000000 -0.00000000
vn -0.00000000 -1.00000000 0.00000000
vn 0.00000000 -1.00000000 0.00000000
vn -0.49613893 -0.86824316 0.00000000
vn -0.44721359 -0.89442718 0.00000000
vn -0.49613893 -0.86824316 0.00000000
vn -0.00000000 -1.00000000 0.00000000
vn -0.00000000 -1.00000000 0.00000000
vn -0.27216554 -0.68041384 0.68041384
vn -0.11704115 -0.70224690 -0.70224690
vn 0.00000000 -1.00000000 0.00000000
vn -0.10050378 -0.70352650 0.70352650
vn -0.14002801 -0.70014006 -0.70014006
vn 0.00000000 -1.00000000 -0.00000000
vn -0.10050378 -0.70352650 0.70352650
vn -0.15617377 -0.31234753 -0.93704259
vn -0.14744195 -0.44232586 0.88465172
vn -0.12309149 -0.49236596 -0.86164045
vn -0.15617377 -0.31234753 0.93704259
vn -0.13018891 -0.39056674 -0.91132236
vn 0.00000000 -0.70710677 0.70710677
vn -0.27472112 0.00000000 -0.96152395
vn -0.14744195 -0.44232586 0.88465172
vn -0.31622776 0.00000000 -0.94868332
vn 0.00000000 0.00000000 1.00000000
vn -0.31622776 0.00000000 -0.94868332
vn -0.15617377 -0.31234753 0.93704259
vn -0.31622776 0.00000000 -0.94868332
vn 0.00000000 -0.49613893 0.86824316
vn -0.39391929 0.00000000 -0.91914505
vn 0.00000000 0.00000000 1.00000000
vn 0.00000000 0.00000000 -1.00000000
vn 0.00000000 0.00000000 1.00000000
vn 0.00000000 0.00000000 -1.00000000
vn 0.00000000 0.00000000 1.00000000
vn 0.00000000 0.00000000 -1.00000000
vn 0.00000000 0.00000000 1.00000000
vn 0.00000000 0.00000000 -1.00000000
vn 0.00000000 0.00000000 1.00000000
vn 0.00000000 0.00000000 -1.00000000
vn 0.00000000 0.00000000 1.00000000
vn 0.00000000 0.00000000 -1.00000000
vn 0.00000000 0.00000000 1.00000000
vn 0.00000000 0.00000000 -1.00000000
vn 0.00000000 0.00000000 1.00000000
vn -0.24253562 0.00000000 -0.97014248
vn 0.00000000 0.00000000 1.00000000
vn -0.00000000 0.00000000 -1.00000000
vn 0.00000000 0.00000000 1.00000000
vn -0.39391929 0.00000000 -0.91914505
vn 0.00000000 0.00000000 1.00000000
vn 0.00000000 0.00000000 -1.00000000
vn 0.00000000 0.00000000 1.00000000
vn 0.00000000 0.00000000 -1.00000000
vn 0.00000000 0.00000000 1.00000000
vn 0.00000000 0.00000000 -1.00000000
vn 0.00000000 0.00000000 1.00000000
vn 0.00000000 0.00000000 -1.00000000
vn 0.00000000 0.00000000 1.00000000
vn 0.00000000 0.00000000 -1.00000000
vn 0.00000000 0.00000000 1.00000000
vn 0.00000000 0.00000000 -1.00000000
vn 0.00000000 0.00000000 1.00000000
vn 0.00000000 0.00000000 -1.00000000
vn 0.00000000 0.00000000 1.00000000
vn -0.60000002 0.00000000 -0.80000001
vn 0.00000000 0.00000000 1.00000000
vn -0.00000000 1.00000000 -0.00000000
vn -0.24253562 0.97014248 0.00000000
vn -0.27472112 0.96152395 0.00000000
vn -0.44721359 0.89442718 0.00000000
vn -0.14142136 0.98994946 0.00000000
vn -0.16439898 0.98639393 0.00000000
vn 0.00000000 1.00000000 0.00000000
vn -0.27216554 -0.68041384 -0.68041384
vn -0.00000000 -1.00000000 -0.00000000
vn -0.00000000 -1.00000000 0.00000000
vn -0.00000000 -1.00000000 0.00000000
vn -0.27216554 -0.68041384 0.68041384
vn -0.11704115 -0.70224690 -0.70224690
vn -0.00000000 -1.00000000 -0.00000000
vn 0.00000000 -1.00000000 0.00000000
vn -0.00000000 -1.00000000 0.00000000
vn 0.00000000 -1.00000000 0.00000000
vn -0.11704115 -0.70224690 0.70224690
vn -0.27216554 -0.68041384 -0.68041384
vn -0.00000000 -1.00000000 -0.00000000
vn 0.00000000 -0.70710677 0.70710677
vn -0.10050378 -0.70352650 -0.70352650
vn 0.00000000 -0.70710677 0.70710677
vn -0.08804509 -0.70436072 -0.70436072
vn 0.00000000 -0.70710677 0.70710677
vn -0.13018891 -0.39056674 -0.91132236
vn -0.14744195 -0.44232586 0.88465172
vn -0.12309149 -0.49236596 -0.86164045
vn 0.00000000 -0.44721359 0.89442718
vn -0.14744195 -0.44232586 -0.88465172
vn 0.00000000 -0.44721359 0.89442718
vn -0.16439898 0.00000000 -0.98639393
vn 0.00000000 -0.49613893 0.86824316
vn -0.16439898 0.00000000 -0.98639393
vn -0.14744195 -0.44232586 0.88465172
vn -0.16439898 0.00000000 -0.98639393
vn 0.00000000 0.00000000 1.00000000
vn -0.14142136 0.00000000 -0.98994946
vn 0.00000000 0.00000000 1.00000000
vn -0.00000000 0.00000000 -1.00000000
vn 0.00000000 0.00000000 1.00000000
vn -0.31622776 0.00000000 -0.94868332
vn 0.00000000 0.00000000 1.00000000
vn -0.31622776 0.00000000 -0.94868332
vn 0.00000000 0.00000000 1.00000000
vn -0.31622776 0.00000000 -0.94868332
vn 0.00000000 0.00000000 1.00000000
vn -0.39391929 0.00000000 -0.91914505
vn 0.00000000 0.00000000 1.00000000
vn 0.00000000 0.00000000 -1.00000000
vn 0.00000000 0.00000000 1.00000000
vn 0.00000000 0.00000000 -1.00000000
vn 0.00000000 0.00000000 1.00000000
vn 0.00000000 0.00000000 -1.00000000
vn 0.00000000 0.00000000 1.00000000
vn -0.27472112 0.00000000 -0.96152395
vn 0.00000000 0.00000000 1.00000000
vn -0.14142136 0.00000000 -0.98994946
vn 0.00000000 0.00000000 1.00000000
vn -0.00000000 0.00000000 -1.00000000
vn 0.00000000 0.00000000 1.00000000
vn -0.27472112 0.00000000 -0.96152395
vn 0.00000000 0.00000000 1.00000000
vn -0.00000000 0.00000000 -1.00000000
vn 0.00000000 0.00000000 1.00000000
vn -0.31622776 0.00000000 -0.94868332
vn 0.00000000 0.00000000 1.00000000
vn -0.60000002 0.00000000 -0.80000001
vn 0.00000000 0.00000000 1.00000000
vn -0.60000002 0.00000000 -0.80000001
vn -0.44721359 0.00000000 0.89442718
vn -0.60000002 0.00000000 -0.80000001
vn -0.44721359 0.00000000 0.89442718
vn -0.24253562 0.97014248 -0.00000000
vn 0.00000000 0.70710677 -0.70710677
vn 0.00000000 0.89442718 0.44721359
vn -0.31622776 0.94868332 0.00000000
vn -0.44721359 0.89442718 -0.00000000
vn -0.46852130 0.62469506 -0.62469506
vn -0.51449573 0.00000000 0.85749292
vn -0.31622776 0.94868332 0.00000000
vn -0.00000000 1.00000000 -0.00000000
vn -0.00000000 1.00000000 0.00000000
vn -0.00000000 1.00000000 0.00000000
vn -0.27216554 -0.68041384 -0.68041384
vn -0.00000000 -1.00000000 -0.00000000
vn -0.00000000 -1.00000000 0.00000000
vn 0.00000000 -1.00000000 0.00000000
vn -0.00000000 -1.00000000 0.00000000
vn -0.00000000 -1.00000000 0.00000000
vn -0.27216554 -0.68041384 0.68041384
vn -0.14002801 -0.70014006 -0.70014006
vn 0.00000000 -1.00000000 -0.00000000
vn -0.00000000 -1.00000000 0.00000000
vn 0.00000000 -1.00000000 0.00000000
vn 0.00000000 -0.70710677 0.70710677
vn -0.14002801 -0.70014006 -0.70014006
vn 0.00000000 -1.00000000 -0.00000000
vn 0.00000000 -0.70710677 0.70710677
vn -0.14002801 -0.70014006 -0.70014006
vn 0.00000000 -0.70710677 0.70710677
vn -0.15617377 -0.31234753 -0.93704259
vn 0.00000000 -0.70710677 0.70710677
vn -0.12309149 -0.49236596 -0.86164045
vn 0.00000000 -0.44721359 0.89442718
vn -0.13018891 -0.39056674 -0.91132236
vn 0.00000000 -0.44721359 0.89442718
vn 0.00000000 0.00000000 -1.00000000
vn 0.00000000 -0.44721359 0.89442718
vn 0.00000000 0.00000000 -1.00000000
vn 0.00000000 -0.44721359 0.89442718
vn 0.00000000 0.00000000 -1.00000000
vn 0.00000000 -0.44721359 0.89442718
vn 0.00000000 0.00000000 -1.00000000
vn 0.00000000 0.00000000 1.00000000
vn 0.00000000 0.00000000 -1.00000000
vn 0.00000000 0.00000000 1.00000000
vn -0.27472112 0.00000000 -0.96152395
vn 0.00000000 0.00000000 1.00000000
vn -0.16439898 0.00000000 -0.98639393
vn 0.00000000 0.00000000 1.00000000
vn -0.16439898 0.00000000 -0.98639393
vn 0.00000000 0.00000000 1.00000000
vn -0.16439898 0.00000000 -0.98639393
vn 0.00000000 0.00000000 1.00000000
vn -0.14142136 0.00000000 -0.98994946
vn 0.00000000 0.00000000 1.00000000
vn -0.00000000 0.00000000 -1.00000000
vn 0.00000000 0.00000000 1.00000000
vn -0.31622776 0.00000000 -0.94868332
vn 0.00000000 0.00000000 1.00000000
vn -0.39391929 0.00000000 -0.91914505
vn 0.00000000 0.00000000 1.00000000
vn 0.00000000 0.00000000 -1.00000000
vn 0.00000000 0.00000000 1.00000000
vn 0.00000000 0.00000000 -1.00000000
vn 0.00000000 0.00000000 1.00000000
vn -0.24253562 0.00000000 -0.97014248
vn 0.00000000 0.00000000 1.00000000
vn -0.00000000 0.00000000 -1.00000000
vn 0.00000000 0.00000000 1.00000000
vn -0.27472112 0.00000000 -0.96152395
vn 0.00000000 0.00000000 1.00000000
vn -0.00000000 0.00000000 -1.00000000
vn 0.00000000 0.00000000 1.00000000
vn 0.00000000 0.00000000 -1.00000000
vn -0.39391929 0.00000000 0.91914505
vn 0.00000000 0.00000000 -1.00000000
vn -0.00000000 0.00000000 1.00000000
vn 0.00000000 0.00000000 -1.00000000
vn 0.00000000 0.00000000 1.00000000
vn -0.60000002 0.00000000 -0.80000001
vn -0.37139067 0.00000000 0.92847669
vn -0.24253562 0.97014248 -0.00000000
vn -0.51449573 0.51449573 -0.68599433
vn -0.37139067 0.00000000 0.92847669
vn -0.00000000 1.00000000 0.00000000
vn -0.00000000 1.00000000 -0.00000000
vn 0.00000000 1.00000000 0.00000000
vn 0.00000000 1.00000000 0.00000000
vn 0.00000000 1.00000000 0.00000000
vn -0.00000000 1.00000000 0.00000000
vn -0.14002801 -0.70014006 -0.70014006
vn 0.00000000 -1.00000000 -0.00000000
vn -0.00000000 -1.00000000 0.00000000
vn 0.00000000 -1.00000000 0.00000000
vn 0.00000000 -1.00000000 0.00000000
vn 0.00000000 -1.00000000 0.00000000
vn -0.00000000 -1.00000000 0.00000000
vn 0.00000000 -1.00000000 0.00000000
vn -0.11704115 -0.70224690 0.70224690
vn -0.11704115 -0.70224690 -0.70224690
vn -0.00000000 -1.00000000 -0.00000000
vn -0.14002801 -0.70014006 0.70014006
vn -0.11704115 -0.70224690 -0.70224690
vn -0.00000000 -1.00000000 -0.00000000
vn -0.14002801 -0.70014006 0.70014006
vn -0.10050378 -0.70352650 -0.70352650
vn -0.14002801 -0.70014006 0.70014006
vn 0.00000000 -0.70710677 -0.70710677
vn 0.00000000 -0.70710677 0.70710677
vn -0.15617377 -0.31234753 -0.93704259
vn 0.00000000 -0.44721359 0.89442718
vn 0.00000000 0.00000000 -1.00000000
vn -0.15617377 -0.31234753 0.93704259
vn 0.00000000 0.00000000 -1.00000000
vn 0.00000000 -0.49613893 0.86824316
vn -0.27472112 0.00000000 -0.96152395
vn 0.00000000 -0.44721359 0.89442718
vn -0.39391929 0.00000000 -0.91914505
vn 0.00000000 -0.44721359 0.89442718
vn 0.00000000 0.00000000 -1.00000000
vn 0.00000000 0.00000000 1.00000000
vn 0.00000000 0.00000000 -1.00000000
vn 0.00000000 0.00000000 1.00000000
vn 0.00000000 0.00000000 -1.00000000
vn 0.00000000 0.00000000 1.00000000
vn 0.00000000 0.00000000 -1.00000000
vn 0.00000000 0.00000000 1.00000000
vn 0.00000000 0.00000000 -1.00000000
vn 0.00000000 0.00000000 1.00000000
vn 0.00000000 0.00000000 -1.00000000
vn 0.00000000 0.00000000 1.00000000
vn 0.00000000 0.00000000 -1.00000000
vn 0.00000000 0.00000000 1.00000000
vn -0.27472112 0.00000000 -0.96152395
vn 0.00000000 0.00000000 1.00000000
vn -0.16439898 0.00000000 -0.98639393
vn 0.00000000 0.00000000 1.00000000
vn -0.14142136 0.00000000 -0.98994946
vn 0.00000000 0.00000000 1.00000000
vn -0.00000000 0.00000000 -1.00000000
vn 0.00000000 0.00000000 1.00000000
vn -0.39391929 0.00000000 -0.91914505
vn 0.00000000 0.00000000 1.00000000
vn 0.00000000 0.00000000 -1.00000000
vn 0.00000000 0.00000000 1.00000000
vn -0.24253562 0.00000000 -0.97014248
vn 0.00000000 0.00000000 1.00000000
vn -0.00000000 0.00000000 -1.00000000
vn 0.00000000 0.00000000 1.00000000
vn -0.31622776 0.00000000 -0.94868332
vn 0.00000000 0.00000000 1.00000000
vn -0.60000002 0.00000000 -0.80000001
vn 0.00000000 0.00000000 1.00000000
vn -0.60000002 0.00000000 -0.80000001
vn 0.00000000 0.00000000 1.00000000
vn -0.60000002 0.00000000 -0.80000001
vn 0.00000000 0.00000000 1.00000000
vn -0.60000002 0.00000000 -0.80000001
vn 0.00000000 0.00000000 1.00000000
vn -0.24253562 0.97014248 -0.00000000
vn -0.51449573 0.51449573 -0.68599433
vn 0.00000000 0.70710677 0.70710677
vn 0.00000000 1.00000000 0.00000000
vn -0.00000000 1.00000000 -0.00000000
vn 0.00000000 1.00000000 0.00000000
vn 0.00000000 1.00000000 0.00000000
vn 0.00000000 1.00000000 0.00000000
vn 0.00000000 1.00000000 0.00000000
vn 0.00000000 1.00000000 0.00000000
vn -0.11704115 -0.70224690 -0.70224690
vn -0.00000000 -1.00000000 -0.00000000
vn 0.00000000 -1.00000000 0.00000000
vn 0.00000000 -1.00000000 0.00000000
vn -0.52999896 -0.84799832 0.00000000
vn 0.00000000 -1.00000000 0.00000000
vn 0.00000000 -1.00000000 0.00000000
vn -0.00000000 -1.00000000 0.00000000
vn -0.14002801 -0.70014006 0.70014006
vn -0.14002801 -0.70014006 -0.70014006
vn 0.00000000 -1.00000000 -0.00000000
vn -0.00000000 -1.00000000 0.00000000
vn 0.00000000 -1.00000000 0.00000000
vn -0.10050378 -0.70352650 0.70352650
vn -0.14002801 -0.70014006 -0.70014006
vn 0.00000000 -1.00000000 -0.00000000
vn -0.10050378 -0.70352650 0.70352650
vn -0.15617377 -0.31234753 -0.93704259
vn -0.14744195 -0.44232586 0.88465172
vn -0.14744195 -0.44232586 -0.88465172
vn -0.15617377 -0.31234753 0.93704259
vn 0.00000000 -0.49613893 -0.86824316
vn 0.00000000 -0.70710677 0.70710677
vn -0.27472112 0.00000000 -0.96152395
vn -0.14744195 -0.44232586 0.88465172
vn -0.13736056 -0.54944223 -0.82416338
vn 0.00000000 0.00000000 1.00000000
vn -0.14744195 -0.44232586 -0.88465172
vn 0.00000000 -0.44721359 0.89442718
vn -0.14142136 0.00000000 -0.98994946
vn 0.00000000 -0.44721359 0.89442718
vn -0.00000000 0.00000000 -1.00000000
vn 0.00000000 0.00000000 1.00000000
vn -0.39391929 0.00000000 -0.91914505
vn 0.00000000 0.00000000 1.00000000
vn 0.00000000 0.00000000 -1.00000000
vn 0.00000000 0.00000000 1.00000000
vn 0.00000000 0.00000000 -1.00000000
vn 0.00000000 0.00000000 1.00000000
vn 0.00000000 0.00000000 -1.00000000
vn 0.00000000 0.00000000 1.00000000
vn 0.00000000 0.00000000 -1.00000000
vn 0.00000000 0.00000000 1.00000000
vn 0.00000000 0.00000000 -1.00000000
vn 0.00000000 0.00000000 1.00000000
vn 0.00000000 0.00000000 -1.00000000
vn 0.00000000 0.00000000 1.00000000
vn 0.00000000 0.00000000 -1.00000000
vn 0.00000000 0.00000000 1.00000000
vn 0.00000000 0.00000000 -1.00000000
vn 0.00000000 0.00000000 1.00000000
vn -0.27472112 0.00000000 -0.96152395
vn 0.00000000 0.00000000 1.00000000
vn -0.14142136 0.00000000 -0.98994946
vn 0.00000000 0.00000000 1.00000000
vn -0.00000000 0.00000000 -1.00000000
vn 0.00000000 0.00000000 1.00000000
vn 0.00000000 0.00000000 -1.00000000
vn 0.00000000 0.00000000 1.00000000
vn -0.24253562 0.00000000 -0.97014248
vn 0.00000000 0.00000000 1.00000000
vn -0.00000000 0.00000000 -1.00000000
vn 0.00000000 0.00000000 1.00000000
vn 0.00000000 0.00000000 -1.00000000
vn 0.00000000 0.00000000 1.00000000
vn 0.00000000 0.00000000 -1.00000000
vn 0.00000000 0.00000000 1.00000000
vn 0.00000000 0.00000000 -1.00000000
vn 0.00000000 0.00000000 1.00000000
vn 0.00000000 0.00000000 -1.00000000
vn 0.00000000 0.00000000 1.00000000
vn -0.60000002 0.00000000 -0.80000001
vn 0.00000000 0.89442718 0.44721359
vn -0.31622776 0.94868332 0.00000000
vn -0.00000000 1.00000000 -0.00000000
vn 0.00000000 1.00000000 0.00000000
vn -0.19611613 0.98058069 0.00000000
vn -0.27472112 0.96152395 0.00000000
vn -0.14142136 0.98994946 0.00000000
vn -0.16439898 0.98639393 0.00000000
vn 0.00000000 1.00000000 0.00000000
vn -0.27216554 -0.68041384 -0.68041384
vn -0.00000000 -1.00000000 -0.00000000
vn -0.27216554 -0.68041384 0.68041384
vn -0.27216554 -0.68041384 -0.68041384
vn -0.00000000 -1.00000000 -0.00000000
vn -0.00000000 -1.00000000 0.00000000
vn -0.49613893 -0.86824316 0.00000000
vn -0.49613893 -0.86824316 0.00000000
vn -0.00000000 -1.00000000 0.00000000
vn 0.00000000 -1.00000000 0.00000000
vn -0.11704115 -0.70224690 0.70224690
vn -0.11704115 -0.70224690 -0.70224690
vn -0.00000000 -1.00000000 -0.00000000
vn 0.00000000 -0.70710677 0.70710677
vn 0.00000000 -0.70710677 -0.70710677
vn 0.00000000 -1.00000000 -0.00000000
vn 0.00000000 -0.70710677 0.70710677
vn 0.00000000 -0.70710677 -0.70710677
vn 0.00000000 -0.70710677 0.70710677
vn -0.15617377 -0.31234753 -0.93704259
vn -0.14744195 -0.44232586 0.88465172
vn 0.00000000 -0.49613893 -0.86824316
vn 0.00000000 -0.44721359 0.89442718
vn -0.18257418 -0.36514837 -0.91287094
vn 0.00000000 -0.44721359 0.89442718
vn -0.14142136 0.00000000 -0.98994946
vn 0.00000000 0.00000000 1.00000000
vn 0.00000000 0.00000000 -1.00000000
vn 0.00000000 -0.44721359 0.89442718
vn 0.00000000 0.00000000 -1.00000000
vn 0.00000000 -0.44721359 0.89442718
vn -0.27472112 0.00000000 -0.96152395
vn 0.00000000 0.00000000 1.00000000
vn -0.14142136 0.00000000 -0.98994946
vn 0.00000000 0.00000000 1.00000000
vn -0.00000000 0.00000000 -1.00000000
vn 0.00000000 0.00000000 1.00000000
vn -0.31622776 0.00000000 -0.94868332
vn 0.00000000 0.00000000 1.00000000
vn -0.31622776 0.00000000 -0.94868332
vn 0.00000000 0.00000000 1.00000000
vn -0.31622776 0.00000000 -0.94868332
vn 0.00000000 0.00000000 1.00000000
vn -0.31622776 0.00000000 -0.94868332
vn 0.00000000 0.00000000 1.00000000
vn -0.31622776 0.00000000 -0.94868332
vn 0.00000000 0.00000000 1.00000000
vn -0.31622776 0.00000000 -0.94868332
vn 0.00000000 0.00000000 1.00000000
vn -0.39391929 0.00000000 -0.91914505
vn 0.00000000 0.00000000 1.00000000
vn 0.00000000 0.00000000 -1.00000000
vn 0.00000000 0.00000000 1.00000000
vn 0.00000000 0.00000000 -1.00000000
vn 0.00000000 0.00000000 1.00000000
vn -0.24253562 0.00000000 -0.97014248
vn 0.31622776 0.00000000 0.94868332
vn -0.00000000 0.00000000 -1.00000000
vn 0.00000000 0.00000000 1.00000000
vn 0.00000000 0.00000000 -1.00000000
vn 0.00000000 0.00000000 1.00000000
vn -0.27472112 0.00000000 -0.96152395
vn 0.00000000 0.00000000 1.00000000
vn -0.60000002 0.00000000 -0.80000001
vn 0.31622776 0.00000000 0.94868332
vn -0.60000002 0.00000000 -0.80000001
vn 0.00000000 0.00000000 1.00000000
vn -0.60000002 0.00000000 -0.80000001
vn 0.00000000 0.00000000 1.00000000
vn -0.60000002 0.00000000 -0.80000001
vn 0.00000000 0.00000000 1.00000000
vn -0.24253562 0.97014248 -0.00000000
vn 0.00000000 0.70710677 -0.70710677
vn -0.37139067 0.00000000 0.92847669
vn 0.00000000 1.00000000 -0.00000000
vn -0.19611613 0.98058069 0.00000000
vn -0.46852130 0.62469506 -0.62469506
vn -0.51449573 0.00000000 0.85749292
vn -0.16439898 0.98639393 0.00000000
vn -0.00000000 1.00000000 0.00000000
vn -0.00000000 1.00000000 -0.00000000
vn -0.00000000 1.00000000 0.00000000
vn -0.27216554 -0.68041384 -0.68041384
vn -0.00000000 -1.00000000 -0.00000000
vn -0.00000000 -1.00000000 0.00000000
vn -0.00000000 -1.00000000 0.00000000
vn -0.00000000 -1.00000000 0.00000000
vn -0.00000000 -1.00000000 0.00000000
vn -0.27216554 -0.68041384 0.68041384
vn -0.14002801 -0.70014006 -0.70014006
vn 0.00000000 -1.00000000 -0.00000000
vn -0.00000000 -1.00000000 0.00000000
vn 0.00000000 -1.00000000 0.00000000
vn 0.00000000 -0.70710677 0.70710677
vn -0.14002801 -0.70014006 -0.70014006
vn 0.00000000 -1.00000000 -0.00000000
vn -0.14002801 -0.70014006 0.70014006
vn 0.00000000 -0.70710677 -0.70710677
vn -0.14002801 -0.70014006 0.70014006
vn 0.00000000 -0.70710677 -0.70710677
vn 0.00000000 -0.70710677 0.70710677
vn 0.00000000 -0.44721359 -0.89442718
vn 0.00000000 -0.44721359 0.89442718
vn -0.14744195 -0.44232586 -0.88465172
vn 0.00000000 -0.44721359 0.89442718
vn 0.00000000 -0.49613893 -0.86824316
vn 0.00000000 -0.44721359 0.89442718
vn 0.00000000 0.00000000 -1.00000000
vn 0.00000000 0.00000000 1.00000000
vn 0.00000000 0.00000000 -1.00000000
vn 0.00000000 -0.44721359 0.89442718
vn 0.00000000 0.00000000 -1.00000000
vn 0.00000000 -0.44721359 0.89442718
vn 0.00000000 0.00000000 -1.00000000
vn 0.00000000 0.00000000 1.00000000
vn 0.00000000 0.00000000 -1.00000000
vn 0.00000000 0.00000000 1.00000000
vn -0.27472112 0.00000000 -0.96152395
vn 0.00000000 0.00000000 1.00000000
vn -0.16439898 0.00000000 -0.98639393
vn 0.00000000 0.00000000 1.00000000
vn -0.16439898 0.00000000 -0.98639393
vn 0.00000000 0.00000000 1.00000000
vn -0.16439898 0.00000000 -0.98639393
vn 0.00000000 0.00000000 1.00000000
vn -0.16439898 0.00000000 -0.98639393
vn 0.00000000 0.00000000 1.00000000
vn -0.16439898 0.00000000 -0.98639393
vn 0.00000000 0.00000000 1.00000000
vn -0.16439898 0.00000000 -0.98639393
vn 0.00000000 0.00000000 1.00000000
vn -0.14142136 0.00000000 -0.98994946
vn 0.00000000 0.00000000 1.00000000
vn -0.00000000 0.00000000 -1.00000000
vn 0.00000000 0.00000000 1.00000000
vn -0.39391929 0.00000000 -0.91914505
vn 0.27472112 0.00000000 0.96152395
vn 0.00000000 0.00000000 -1.00000000
vn 0.70710677 0.00000000 0.70710677
vn -0.24253562 0.00000000 -0.97014248
vn 0.00000000 0.00000000 1.00000000
vn -0.00000000 0.00000000 -1.00000000
vn 0.31622776 0.00000000 0.94868332
vn 0.00000000 0.00000000 -1.00000000
vn 0.00000000 0.00000000 1.00000000
vn 0.00000000 0.00000000 -1.00000000
vn 0.70710677 0.00000000 0.70710677
vn 0.00000000 0.00000000 -1.00000000
vn 0.00000000 0.00000000 1.00000000
vn 0.00000000 0.00000000 -1.00000000
vn 0.00000000 0.00000000 1.00000000
vn 0.00000000 0.00000000 -1.00000000
vn 0.00000000 0.00000000 1.00000000
vn -0.60000002 0.00000000 -0.80000001
vn 0.00000000 0.00000000 1.00000000
vn -0.00000000 1.00000000 -0.00000000
vn -0.24253562 0.97014248 0.00000000
vn -0.46852130 0.62469506 -0.62469506
vn -0.37139067 0.00000000 0.92847669
vn 0.00000000 1.00000000 0.00000000
vn -0.00000000 1.00000000 -0.00000000
vn 0.00000000 1.00000000 0.00000000
vn 0.00000000 1.00000000 0.00000000
vn -0.00000000 1.00000000 0.00000000
vn -0.27216554 -0.68041384 -0.68041384
vn -0.00000000 -1.00000000 -0.00000000
vn -0.00000000 -1.00000000 0.00000000
vn 0.00000000 -1.00000000 0.00000000
vn 0.00000000 -1.00000000 0.00000000
vn 0.00000000 -1.00000000 0.00000000
vn -0.00000000 -1.00000000 0.00000000
vn 0.00000000 -1.00000000 0.00000000
vn -0.11704115 -0.70224690 0.70224690
vn -0.11704115 -0.70224690 -0.70224690
vn -0.00000000 -1.00000000 -0.00000000
vn -0.14002801 -0.70014006 0.70014006
vn 0.00000000 -0.70710677 -0.70710677
vn 0.00000000 -1.00000000 -0.00000000
vn 0.00000000 -1.00000000 0.00000000
vn -0.10050378 -0.70352650 0.70352650
vn -0.11704115 -0.70224690 -0.70224690
vn -0.14744195 -0.44232586 0.88465172
vn -0.10050378 -0.70352650 -0.70352650
vn 0.00000000 -0.44721359 0.89442718
vn 0.00000000 -0.70710677 -0.70710677
vn 0.00000000 -0.44721359 0.89442718
vn -0.15617377 -0.31234753 -0.93704259
vn 0.00000000 -0.44721359 0.89442718
vn 0.00000000 0.00000000 -1.00000000
vn 0.00000000 -0.44721359 0.89442718
vn 0.00000000 0.00000000 -1.00000000
vn 0.00000000 0.00000000 1.00000000
vn 0.00000000 0.00000000 -1.00000000
vn 0.00000000 -0.44721359 0.89442718
vn 0.00000000 0.00000000 -1.00000000
vn 0.00000000 -0.44721359 0.89442718
vn 0.00000000 0.00000000 -1.00000000
vn 0.00000000 0.00000000 1.00000000
vn 0.00000000 0.00000000 -1.00000000
vn 0.00000000 0.00000000 1.00000000
vn 0.00000000 0.00000000 -1.00000000
vn 0.00000000 0.00000000 1.00000000
vn 0.00000000 0.00000000 -1.00000000
vn 0.00000000 0.00000000 1.00000000
vn 0.00000000 0.00000000 -1.00000000
vn 0.00000000 0.00000000 1.00000000
vn 0.00000000 0.00000000 -1.00000000
vn 0.00000000 0.00000000 1.00000000
vn 0.00000000 0.00000000 -1.00000000
vn 0.00000000 0.00000000 1.00000000
vn 0.00000000 0.00000000 -1.00000000
vn 0.00000000 0.00000000 1.00000000
vn 0.00000000 0.00000000 -1.00000000
vn 0.00000000 0.00000000 1.00000000
vn 0.00000000 0.00000000 -1.00000000
vn 0.00000000 0.00000000 1.00000000
vn -0.27472112 0.00000000 -0.96152395
vn 0.27472112 0.00000000 0.96152395
vn -0.14142136 0.00000000 -0.98994946
vn 0.70710677 0.00000000 0.70710677
vn -0.00000000 0.00000000 -1.00000000
vn 0.00000000 0.00000000 1.00000000
vn 0.00000000 0.00000000 -1.00000000
vn 0.00000000 0.00000000 1.00000000
vn -0.24253562 0.00000000 -0.97014248
vn 0.70710677 0.00000000 0.70710677
vn -0.00000000 0.00000000 -1.00000000
vn 0.00000000 0.00000000 1.00000000
vn -0.31622776 0.00000000 -0.94868332
vn 0.00000000 0.00000000 1.00000000
vn -0.60000002 0.00000000 -0.80000001
vn 0.00000000 0.00000000 1.00000000
vn -0.60000002 0.00000000 -0.80000001
vn 0.00000000 0.00000000 1.00000000
vn -0.60000002 0.00000000 -0.80000001
vn 0.00000000 0.00000000 1.00000000
vn -0.24253562 0.97014248 -0.00000000
vn 0.00000000 0.70710677 -0.70710677
vn 0.00000000 0.00000000 1.00000000
vn -0.44721359 0.89442718 -0.00000000
vn -0.46852130 0.62469506 -0.62469506
vn 0.00000000 0.70710677 0.70710677
vn 0.00000000 1.00000000 0.00000000
vn -0.00000000 1.00000000 -0.00000000
vn 0.00000000 1.00000000 0.00000000
vn 0.00000000 1.00000000 0.00000000
vn 0.00000000 1.00000000 0.00000000
vn 0.00000000 1.00000000 0.00000000
vn -0.14002801 -0.70014006 -0.70014006
vn 0.00000000 -1.00000000 -0.00000000
vn -0.00000000 -1.00000000 0.00000000
vn 0.00000000 -1.00000000 0.00000000
vn -0.49613893 -0.86824316 0.00000000
vn -0.44721359 -0.89442718 0.00000000
vn -0.49613893 -0.86824316 0.00000000
vn 0.00000000 -1.00000000 0.00000000
vn -0.00000000 -1.00000000 0.00000000
vn -0.14002801 -0.70014006 0.70014006
vn -0.14002801 -0.70014006 -0.70014006
vn 0.00000000 -1.00000000 -0.00000000
vn 0.00000000 -1.00000000 0.00000000
vn -0.11704115 -0.70224690 0.70224690
vn -0.11704115 -0.70224690 -0.70224690
vn 0.00000000 -0.70710677 0.70710677
vn -0.14002801 -0.70014006 -0.70014006
vn 0.00000000 -1.00000000 -0.00000000
vn 0.00000000 -0.44721359 0.89442718
vn -0.15617377 -0.31234753 -0.93704259
vn -0.15617377 -0.31234753 0.93704259
vn 0.00000000 -0.44721359 -0.89442718
vn 0.00000000 -0.49613893 0.86824316
vn 0.00000000 -0.44721359 -0.89442718
vn 0.00000000 -0.44721359 0.89442718
vn 0.00000000 0.00000000 -1.00000000
vn 0.00000000 -0.44721359 0.89442718
vn 0.00000000 0.00000000 -1.00000000
vn 0.00000000 0.00000000 1.00000000
vn -0.27472112 0.00000000 -0.96152395
vn 0.00000000 -0.44721359 0.89442718
vn -0.39391929 0.00000000 -0.91914505
vn 0.00000000 -0.44721359 0.89442718
vn 0.00000000 0.00000000 -1.00000000
vn 0.00000000 0.00000000 1.00000000
vn 0.00000000 0.00000000 -1.00000000
vn 0.00000000 0.00000000 1.00000000
vn -0.27472112 0.00000000 -0.96152395
vn 0.00000000 0.00000000 1.00000000
vn -0.31622776 0.00000000 -0.94868332
vn 0.00000000 0.00000000 1.00000000
vn -0.31622776 0.00000000 -0.94868332
vn 0.00000000 0.00000000 1.00000000
vn -0.31622776 0.00000000 -0.94868332
vn 0.00000000 0.00000000 1.00000000
vn -0.31622776 0.00000000 -0.94868332
vn 0.00000000 0.00000000 1.00000000
vn -0.31622776 0.00000000 -0.94868332
vn 0.00000000 0.00000000 1.00000000
vn -0.39391929 0.00000000 -0.91914505
vn 0.00000000 0.00000000 1.00000000
vn 0.00000000 0.00000000 -1.00000000
vn 0.27472112 0.00000000 0.96152395
vn 0.00000000 0.00000000 -1.00000000
vn 0.70710677 0.00000000 0.70710677
vn 0.00000000 0.00000000 -1.00000000
vn 0.00000000 0.00000000 1.00000000
vn -0.24253562 0.00000000 -0.97014248
vn 0.00000000 0.00000000 1.00000000
vn -0.00000000 0.00000000 -1.00000000
vn 0.00000000 0.00000000 1.00000000
vn 0.00000000 0.00000000 -1.00000000
vn 0.00000000 0.00000000 1.00000000
vn -0.27472112 0.00000000 -0.96152395
vn 0.00000000 0.00000000 1.00000000
vn -0.00000000 0.00000000 -1.00000000
vn 0.00000000 0.00000000 1.00000000
vn 0.00000000 0.00000000 -1.00000000
vn 0.31622776 0.00000000 0.94868332
vn 0.00000000 0.00000000 -1.00000000
vn 0.00000000 0.00000000 1.00000000
vn 0.00000000 0.00000000 -1.00000000
vn 0.00000000 0.00000000 1.00000000
vn -0.60000002 0.00000000 -0.80000001
vn 0.00000000 0.00000000 1.00000000
vn -0.00000000 1.00000000 -0.00000000
vn -0.55708599 0.37139067 -0.74278134
vn 0.00000000 0.70710677 0.70710677
vn 0.00000000 1.00000000 0.00000000
vn -0.00000000 1.00000000 -0.00000000
vn 0.00000000 1.00000000 0.00000000
vn 0.00000000 1.00000000 0.00000000
vn 0.00000000 1.00000000 0.00000000
vn 0.00000000 1.00000000 0.00000000
vn 0.00000000 1.00000000 0.00000000
vn -0.27216554 -0.68041384 -0.68041384
vn -0.00000000 -1.00000000 -0.00000000
vn -0.00000000 -1.00000000 0.00000000
vn -0.00000000 -1.00000000 0.00000000
vn -0.27216554 -0.68041384 0.68041384
vn -0.11704115 -0.70224690 -0.70224690
vn -0.00000000 -1.00000000 -0.00000000
vn 0.00000000 -1.00000000 0.00000000
vn -0.00000000 -1.00000000 0.00000000
vn 0.00000000 -1.00000000 0.00000000
vn -0.11704115 -0.70224690 0.70224690
vn -0.11704115 -0.70224690 -0.70224690
vn -0.00000000 -1.00000000 -0.00000000
vn 0.00000000 -0.70710677 0.70710677
vn -0.14002801 -0.70014006 -0.70014006
vn 0.00000000 -1.00000000 -0.00000000
vn 0.00000000 -0.70710677 0.70710677
vn 0.00000000 -0.70710677 -0.70710677
vn 0.00000000 -0.70710677 0.70710677
vn 0.00000000 -0.44721359 -0.89442718
vn -0.14744195 -0.44232586 0.88465172
vn -0.14744195 -0.44232586 -0.88465172
vn 0.00000000 0.00000000 1.00000000
vn 0.00000000 -0.49613893 -0.86824316
vn -0.15617377 -0.31234753 0.93704259
vn 0.00000000 0.00000000 -1.00000000
vn 0.00000000 -0.49613893 0.86824316
vn -0.12309149 -0.49236596 -0.86164045
vn 0.00000000 0.00000000 1.00000000
vn -0.14744195 -0.44232586 -0.88465172
vn 0.00000000 -0.44721359 0.89442718
vn -0.14142136 0.00000000 -0.98994946
vn 0.00000000 -0.44721359 0.89442718
vn -0.00000000 0.00000000 -1.00000000
vn 0.00000000 0.00000000 1.00000000
vn -0.13736056 -0.54944223 -0.82416338
vn 0.00000000 0.00000000 1.00000000
vn -0.14744195 -0.44232586 -0.88465172
vn 0.00000000 0.00000000 1.00000000
vn -0.16439898 0.00000000 -0.98639393
vn 0.00000000 0.00000000 1.00000000
vn -0.16439898 0.00000000 -0.98639393
vn 0.00000000 0.00000000 1.00000000
vn -0.16439898 0.00000000 -0.98639393
vn 0.00000000 0.00000000 1.00000000
vn -0.16439898 0.00000000 -0.98639393
vn 0.00000000 0.00000000 1.00000000
vn -0.16439898 0.00000000 -0.98639393
vn 0.27472112 0.00000000 0.96152395
vn -0.14142136 0.00000000 -0.98994946
vn 0.16439898 0.00000000 0.98639393
vn -0.00000000 0.00000000 -1.00000000
vn 0.70710677 0.00000000 0.70710677
vn -0.31622776 0.00000000 -0.94868332
vn 0.00000000 0.00000000 1.00000000
vn -0.39391929 0.00000000 -0.91914505
vn 0.00000000 0.00000000 1.00000000
vn 0.00000000 0.00000000 -1.00000000
vn 0.00000000 0.00000000 1.00000000
vn -0.24253562 0.00000000 -0.97014248
vn 0.31622776 0.00000000 0.94868332
vn -0.00000000 0.00000000 -1.00000000
vn 0.00000000 0.00000000 1.00000000
vn 0.00000000 0.00000000 -1.00000000
vn 0.00000000 0.00000000 1.00000000
vn 0.00000000 0.00000000 -1.00000000
vn 0.00000000 0.00000000 1.00000000
vn -0.31622776 0.00000000 -0.94868332
vn 0.70710677 0.00000000 0.70710677
vn -0.60000002 0.00000000 -0.80000001
vn 0.00000000 0.00000000 1.00000000
vn -0.24253562 0.97014248 -0.00000000
vn 0.00000000 0.70710677 -0.70710677
vn 0.00000000 0.00000000 1.00000000
vn 0.00000000 0.00000000 -1.00000000
vn 0.00000000 0.00000000 1.00000000
vn 0.00000000 1.00000000 -0.00000000
vn 0.00000000 0.70710677 -0.70710677
vn 0.00000000 0.70710677 0.70710677
vn 0.00000000 1.00000000 0.00000000
vn 0.00000000 1.00000000 -0.00000000
vn 0.00000000 1.00000000 0.00000000
vn 0.00000000 1.00000000 0.00000000
vn 0.00000000 1.00000000 0.00000000
vn 0.00000000 1.00000000 0.00000000
vn 0.00000000 1.00000000 0.00000000
vn -0.27216554 -0.68041384 -0.68041384
vn -0.00000000 -1.00000000 -0.00000000
vn -0.00000000 -1.00000000 0.00000000
vn 0.00000000 -1.00000000 0.00000000
vn -0.00000000 -1.00000000 0.00000000
vn -0.00000000 -1.00000000 0.00000000
vn -0.27216554 -0.68041384 0.68041384
vn -0.14002801 -0.70014006 -0.70014006
vn 0.00000000 -1.00000000 -0.00000000
vn -0.00000000 -1.00000000 0.00000000
vn 0.00000000 -1.00000000 0.00000000
vn 0.00000000 -0.70710677 0.70710677
vn -0.14002801 -0.70014006 -0.70014006
vn 0.00000000 -1.00000000 -0.00000000
vn 0.00000000 -0.70710677 0.70710677
vn 0.00000000 -0.70710677 -0.70710677
vn 0.00000000 -0.70710677 0.70710677
vn 0.00000000 -0.70710677 -0.70710677
vn 0.00000000 -0.70710677 0.70710677
vn 0.00000000 -0.70710677 -0.70710677
vn 0.00000000 -0.44721359 0.89442718
vn -0.15617377 -0.31234753 -0.93704259
vn 0.00000000 -0.52999896 0.84799832
vn 0.00000000 0.00000000 -1.00000000
vn 0.00000000 -0.27472112 0.96152395
vn -0.12309149 -0.49236596 -0.86164045
vn 0.00000000 0.00000000 1.00000000
vn -0.13018891 -0.39056674 -0.91132236
vn 0.00000000 0.00000000 1.00000000
vn 0.00000000 0.00000000 -1.00000000
vn 0.00000000 -0.49613893 0.86824316
vn 0.00000000 0.00000000 -1.00000000
vn 0.15617377 -0.31234753 0.93704259
vn -0.27472112 0.00000000 -0.96152395
vn 0.14142136 0.00000000 0.98994946
vn -0.14142136 0.00000000 -0.98994946
vn 0.00000000 0.00000000 1.00000000
vn 0.00000000 0.00000000 -1.00000000
vn 0.00000000 0.00000000 1.00000000
vn 0.00000000 0.00000000 -1.00000000
vn 0.00000000 0.00000000 1.00000000
vn 0.00000000 0.00000000 -1.00000000
vn 0.27472112 0.00000000 0.96152395
vn 0.00000000 0.00000000 -1.00000000
vn 0.16439898 0.00000000 0.98639393
vn 0.00000000 0.00000000 -1.00000000
vn 0.16439898 0.00000000 0.98639393
vn 0.00000000 0.00000000 -1.00000000
vn 0.70710677 0.00000000 0.70710677
vn 0.00000000 0.00000000 -1.00000000
vn 0.55470020 0.00000000 0.83205032
vn -0.27472112 0.00000000 -0.96152395
vn 0.00000000 0.00000000 1.00000000
vn -0.16439898 0.00000000 -0.98639393
vn 0.00000000 0.00000000 1.00000000
vn -0.14142136 0.00000000 -0.98994946
vn 0.00000000 0.00000000 1.00000000
vn -0.00000000 0.00000000 -1.00000000
vn 0.27472112 0.00000000 0.96152395
vn 0.00000000 0.00000000 -1.00000000
vn 0.70710677 0.00000000 0.70710677
vn -0.24253562 0.00000000 -0.97014248
vn 0.00000000 0.00000000 1.00000000
vn -0.00000000 0.00000000 -1.00000000
vn 0.31622776 0.00000000 0.94868332
vn -0.31622776 0.00000000 -0.94868332
vn 0.00000000 0.00000000 1.00000000
vn -0.00000000 0.00000000 -1.00000000
vn 0.00000000 0.00000000 1.00000000
vn 0.00000000 0.00000000 -1.00000000
vn 0.00000000 0.00000000 1.00000000
vn -0.60000002 0.00000000 -0.80000001
vn 0.00000000 0.00000000 1.00000000
vn -0.24253562 0.97014248 -0.00000000
vn 0.00000000 0.70710677 -0.70710677
vn 0.00000000 0.00000000 1.00000000
vn -0.44721359 0.89442718 -0.00000000
vn 0.00000000 0.80000001 -0.60000002
vn 0.00000000 0.70710677 0.70710677
vn 0.00000000 1.00000000 0.00000000
vn 0.00000000 1.00000000 -0.00000000
vn 0.00000000 1.00000000 0.00000000
vn 0.00000000 1.00000000 0.00000000
vn 0.00000000 1.00000000 0.00000000
vn 0.00000000 1.00000000 0.00000000
vn 0.00000000 1.00000000 0.00000000
vn -0.27216554 -0.68041384 -0.68041384
vn -0.00000000 -1.00000000 -0.00000000
vn -0.00000000 -1.00000000 0.00000000
vn 0.00000000 -1.00000000 0.00000000
vn 0.00000000 -1.00000000 0.00000000
vn 0.00000000 -1.00000000 0.00000000
vn -0.00000000 -1.00000000 0.00000000
vn 0.00000000 -1.00000000 0.00000000
vn -0.11704115 -0.70224690 0.70224690
vn -0.11704115 -0.70224690 -0.70224690
vn -0.00000000 -1.00000000 -0.00000000
vn -0.14002801 -0.70014006 0.70014006
vn 0.00000000 -0.70710677 -0.70710677
vn 0.00000000 -1.00000000 -0.00000000
vn -0.14002801 -0.70014006 0.70014006
vn -0.11704115 -0.70224690 -0.70224690
vn -0.14002801 -0.70014006 0.70014006
vn -0.10050378 -0.70352650 -0.70352650
vn 0.00000000 -0.70710677 0.70710677
vn -0.10050378 -0.70352650 -0.70352650
vn 0.00000000 -0.44721359 0.89442718
vn 0.00000000 -0.49613893 -0.86824316
vn 0.00000000 0.00000000 1.00000000
vn -0.12309149 -0.49236596 -0.86164045
vn 0.48507124 -0.48507124 0.72760689
vn -0.13018891 -0.39056674 -0.91132236
vn 0.00000000 -0.49613893 0.86824316
vn 0.00000000 0.00000000 -1.00000000
vn 0.00000000 0.00000000 1.00000000
vn 0.00000000 0.00000000 -1.00000000
vn 0.00000000 0.00000000 1.00000000
vn 0.00000000 0.00000000 -1.00000000
vn 0.55470020 0.00000000 0.83205032
vn 0.00000000 0.00000000 -1.00000000
vn 0.48507124 -0.48507124 0.72760689
vn 0.00000000 0.00000000 -1.00000000
vn 0.13018891 -0.39056674 0.91132236
vn 0.00000000 0.00000000 -1.00000000
vn 0.16439898 0.00000000 0.98639393
vn 0.00000000 0.00000000 -1.00000000
vn 0.16439898 0.00000000 0.98639393
vn 0.00000000 0.00000000 -1.00000000
vn 0.70710677 0.00000000 0.70710677
vn -0.27472112 0.00000000 -0.96152395
vn 0.55470020 0.00000000 0.83205032
vn -0.31622776 0.00000000 -0.94868332
vn 0.55470020 0.00000000 0.83205032
vn -0.31622776 0.00000000 -0.94868332
vn 0.00000000 0.00000000 1.00000000
vn -0.31622776 0.00000000 -0.94868332
vn 0.00000000 0.00000000 1.00000000
vn -0.39391929 0.00000000 -0.91914505
vn 0.00000000 0.00000000 1.00000000
vn 0.00000000 0.00000000 -1.00000000
vn 0.00000000 0.00000000 1.00000000
vn 0.00000000 0.00000000 -1.00000000
vn 0.27472112 0.00000000 0.96152395
vn -0.24253562 0.00000000 -0.97014248
vn 0.70710677 0.00000000 0.70710677
vn -0.00000000 0.00000000 -1.00000000
vn 0.00000000 0.00000000 1.00000000
vn 0.00000000 0.00000000 -1.00000000
vn 0.00000000 0.00000000 1.00000000
vn -0.27472112 0.00000000 -0.96152395
vn 0.70710677 0.00000000 0.70710677
vn -0.00000000 0.00000000 -1.00000000
vn 0.00000000 0.00000000 1.00000000
vn 0.00000000 0.00000000 -1.00000000
vn 0.00000000 0.00000000 1.00000000
vn 0.00000000 0.00000000 -1.00000000
vn 0.00000000 0.00000000 1.00000000
vn 0.00000000 0.00000000 -1.00000000
vn 0.00000000 0.00000000 1.00000000
vn -0.60000002 0.00000000 -0.80000001
vn 0.00000000 0.00000000 1.00000000
vn -0.00000000 1.00000000 -0.00000000
vn -0.55708599 0.37139067 -0.74278134
vn 0.00000000 0.70710677 0.70710677
vn 0.00000000 1.00000000 0.00000000
vn -0.00000000 1.00000000 -0.00000000
vn 0.00000000 1.00000000 0.00000000
vn 0.00000000 1.00000000 0.00000000
vn 0.00000000 1.00000000 0.00000000
vn 0.00000000 1.00000000 0.00000000
vn 0.00000000 1.00000000 0.00000000
vn 0.00000000 1.00000000 0.00000000
vn -0.14002801 -0.70014006 -0.70014006
vn 0.00000000 -1.00000000 -0.00000000
vn -0.00000000 -1.00000000 0.00000000
vn -0.49613893 -0.86824316 0.00000000
vn -0.44721359 -0.89442718 0.00000000
vn -0.44721359 -0.89442718 0.00000000
vn -0.49613893 -0.86824316 0.00000000
vn 0.00000000 -1.00000000 0.00000000
vn -0.00000000 -1.00000000 0.00000000
vn -0.14002801 -0.70014006 0.70014006
vn -0.14002801 -0.70014006 -0.70014006
vn 0.00000000 -1.00000000 -0.00000000
vn 0.00000000 -1.00000000 0.00000000
vn -0.10050378 -0.70352650 0.70352650
vn -0.11704115 -0.70224690 -0.70224690
vn -0.10050378 -0.70352650 0.70352650
vn -0.14002801 -0.70014006 -0.70014006
vn 0.00000000 -1.00000000 -0.00000000
vn -0.14744195 -0.44232586 0.88465172
vn -0.14002801 -0.70014006 -0.70014006
vn 0.00000000 -0.44721359 0.89442718
vn -0.15617377 -0.31234753 -0.93704259
vn 0.00000000 -0.44721359 0.89442718
vn -0.12309149 -0.49236596 -0.86164045
vn 0.00000000 0.00000000 1.00000000
vn -0.13018891 -0.39056674 -0.91132236
vn 0.00000000 -0.44721359 0.89442718
vn 0.00000000 0.00000000 -1.00000000
vn 0.00000000 -0.44721359 0.89442718
vn 0.00000000 0.00000000 -1.00000000
vn 0.00000000 0.00000000 1.00000000
vn 0.00000000 0.00000000 -1.00000000
vn 0.00000000 0.00000000 1.00000000
vn 0.00000000 0.00000000 -1.00000000
vn 0.00000000 0.00000000 1.00000000
vn -0.27472112 0.00000000 -0.96152395
vn 0.00000000 0.00000000 1.00000000
vn -0.31622776 0.00000000 -0.94868332
vn 0.55470020 0.00000000 0.83205032
vn -0.31622776 0.00000000 -0.94868332
vn 0.55470020 0.00000000 0.83205032
vn -0.31622776 0.00000000 -0.94868332
vn 0.55470020 0.00000000 0.83205032
vn -0.13736056 -0.54944223 -0.82416338
vn 0.00000000 0.00000000 1.00000000
vn -0.14744195 -0.44232586 -0.88465172
vn 0.00000000 0.00000000 1.00000000
vn -0.16439898 0.00000000 -0.98639393
vn 0.00000000 0.00000000 1.00000000
vn -0.16439898 0.00000000 -0.98639393
vn 0.00000000 0.00000000 1.00000000
vn -0.16439898 0.00000000 -0.98639393
vn 0.00000000 0.00000000 1.00000000
vn -0.14142136 0.00000000 -0.98994946
vn 0.27472112 0.00000000 0.96152395
vn -0.00000000 0.00000000 -1.00000000
vn 0.16439898 0.00000000 0.98639393
vn -0.39391929 0.00000000 -0.91914505
vn 0.70710677 0.00000000 0.70710677
vn 0.00000000 0.00000000 -1.00000000
vn 0.00000000 0.00000000 1.00000000
vn -0.24253562 0.00000000 -0.97014248
vn 0.00000000 0.00000000 1.00000000
vn -0.00000000 0.00000000 -1.00000000
vn 0.31622776 0.00000000 0.94868332
vn 0.00000000 0.00000000 -1.00000000
vn 0.00000000 0.00000000 1.00000000
vn 0.00000000 0.00000000 -1.00000000
vn 0.00000000 0.00000000 1.00000000
vn -0.31622776 0.00000000 -0.94868332
vn 0.00000000 0.00000000 1.00000000
vn -0.60000002 0.00000000 -0.80000001
vn 0.31622776 0.00000000 0.94868332
vn -0.60000002 0.00000000 -0.80000001
vn 0.00000000 0.00000000 1.00000000
vn -0.24253562 0.97014248 -0.00000000
vn 0.00000000 0.70710677 -0.70710677
vn 0.00000000 0.00000000 1.00000000
vn -0.44721359 0.89442718 -0.00000000
vn 0.00000000 0.80000001 -0.60000002
vn 0.00000000 0.70710677 0.70710677
vn 0.00000000 1.00000000 0.00000000
vn 0.00000000 1.00000000 -0.00000000
vn -0.19611613 0.98058069 0.00000000
vn -0.27472112 0.96152395 0.00000000
vn -0.44721359 0.89442718 0.00000000
vn -0.14142136 0.98994946 0.00000000
vn -0.16439898 0.98639393 0.00000000
vn 0.00000000 1.00000000 0.00000000
vn -0.27216554 -0.68041384 -0.68041384
vn -0.00000000 -1.00000000 -0.00000000
vn -0.00000000 -1.00000000 0.00000000
vn -0.00000000 -1.00000000 0.00000000
vn -0.00000000 -1.00000000 0.00000000
vn -0.27216554 -0.68041384 0.68041384
vn -0.11704115 -0.70224690 -0.70224690
vn -0.00000000 -1.00000000 -0.00000000
vn -0.00000000 -1.00000000 0.00000000
vn 0.00000000 -1.00000000 0.00000000
vn -0.11704115 -0.70224690 0.70224690
vn -0.11704115 -0.70224690 -0.70224690
vn -0.00000000 -1.00000000 -0.00000000
vn 0.00000000 -0.70710677 0.70710677
vn -0.14002801 -0.70014006 -0.70014006
vn 0.00000000 -1.00000000 -0.00000000
vn 0.00000000 -0.70710677 0.70710677
vn 0.00000000 -0.70710677 -0.70710677
vn 0.00000000 -0.44721359 0.89442718
vn 0.00000000 -0.70710677 -0.70710677
vn 0.00000000 -0.44721359 0.89442718
vn 0.00000000 -0.70710677 -0.70710677
vn 0.00000000 -0.44721359 0.89442718
vn -0.15617377 -0.31234753 -0.93704259
vn 0.00000000 0.00000000 1.00000000
vn 0.00000000 0.00000000 -1.00000000
vn 0.00000000 -0.49613893 0.86824316
vn 0.00000000 0.00000000 -1.00000000
vn 0.13608277 -0.27216554 0.95257932
vn -0.27472112 0.00000000 -0.96152395
vn 0.00000000 0.00000000 1.00000000
vn -0.31622776 0.00000000 -0.94868332
vn 0.00000000 0.00000000 1.00000000
vn -0.13736056 -0.54944223 -0.82416338
vn 0.00000000 0.00000000 1.00000000
vn -0.14744195 -0.44232586 -0.88465172
vn 0.00000000 0.00000000 1.00000000
vn -0.16439898 0.00000000 -0.98639393
vn 0.00000000 0.00000000 1.00000000
vn -0.16439898 0.00000000 -0.98639393
vn 0.00000000 0.00000000 1.00000000
vn -0.16439898 0.00000000 -0.98639393
vn 0.00000000 0.00000000 1.00000000
vn -0.14142136 0.00000000 -0.98994946
vn 0.00000000 0.00000000 1.00000000
vn 0.00000000 0.00000000 -1.00000000
vn 0.00000000 0.00000000 1.00000000
vn 0.00000000 0.00000000 -1.00000000
vn 0.00000000 0.00000000 1.00000000
vn 0.00000000 0.00000000 -1.00000000
vn 0.27472112 0.00000000 0.96152395
vn 0.00000000 0.00000000 -1.00000000
vn 0.16439898 0.00000000 0.98639393
vn 0.00000000 0.00000000 -1.00000000
vn 0.70710677 0.00000000 0.70710677
vn -0.27472112 0.00000000 -0.96152395
vn 0.55470020 0.00000000 0.83205032
vn -0.14142136 0.00000000 -0.98994946
vn 0.00000000 0.00000000 1.00000000
vn -0.00000000 0.00000000 -1.00000000
vn 0.00000000 0.00000000 1.00000000
vn -0.44721359 0.00000000 -0.89442718
vn 0.27472112 0.00000000 0.96152395
vn -0.27472112 0.00000000 -0.96152395
vn 0.70710677 0.00000000 0.70710677
vn -0.00000000 0.00000000 -1.00000000
vn 0.00000000 0.00000000 1.00000000
vn -0.27472112 0.00000000 -0.96152395
vn 0.00000000 0.00000000 1.00000000
vn -0.00000000 0.00000000 -1.00000000
vn 0.00000000 0.00000000 1.00000000
vn 0.00000000 0.00000000 -1.00000000
vn 0.70710677 0.00000000 0.70710677
vn 0.00000000 0.00000000 -1.00000000
vn 0.00000000 0.00000000 1.00000000
vn -0.60000002 0.00000000 -0.80000001
vn 0.00000000 0.00000000 1.00000000
vn -0.00000000 1.00000000 -0.00000000
vn -0.55708599 0.37139067 -0.74278134
vn 0.00000000 0.70710677 0.70710677
vn 0.00000000 1.00000000 0.00000000
vn -0.00000000 1.00000000 -0.00000000
vn -0.24253562 0.97014248 0.00000000
vn -0.46852130 0.62469506 -0.62469506
vn -0.37139067 0.00000000 0.92847669
vn 0.00000000 1.00000000 0.00000000
vn -0.00000000 1.00000000 -0.00000000
vn -0.00000000 1.00000000 0.00000000
vn -0.00000000 1.00000000 0.00000000
vn -0.27216554 -0.68041384 -0.68041384
vn -0.00000000 -1.00000000 -0.00000000
vn -0.00000000 -1.00000000 0.00000000
vn 0.00000000 -1.00000000 0.00000000
vn 0.00000000 -1.00000000 0.00000000
vn -0.00000000 -1.00000000 0.00000000
vn -0.00000000 -1.00000000 0.00000000
vn -0.27216554 -0.68041384 0.68041384
vn -0.27216554 -0.68041384 -0.68041384
vn -0.00000000 -1.00000000 -0.00000000
vn 0.00000000 -1.00000000 0.00000000
vn 0.00000000 -0.70710677 0.70710677
vn -0.14002801 -0.70014006 -0.70014006
vn 0.00000000 -1.00000000 -0.00000000
vn 0.00000000 -0.70710677 0.70710677
vn 0.00000000 -0.70710677 -0.70710677
vn 0.00000000 -0.70710677 0.70710677
vn -0.11704115 -0.70224690 -0.70224690
vn 0.00000000 -0.44721359 0.89442718
vn -0.10050378 -0.70352650 -0.70352650
vn 0.00000000 -0.44721359 0.89442718
vn -0.10050378 -0.70352650 -0.70352650
vn 0.00000000 -0.44721359 0.89442718
vn 0.00000000 -0.49613893 -0.86824316
vn 0.00000000 0.00000000 1.00000000
vn -0.27472112 0.00000000 -0.96152395
vn 0.00000000 0.00000000 1.00000000
vn -0.13736056 -0.54944223 -0.82416338
vn 0.48507124 -0.48507124 0.72760689
vn -0.14744195 -0.44232586 -0.88465172
vn 0.11624764 -0.34874290 0.92998111
vn -0.16439898 0.00000000 -0.98639393
vn 0.00000000 0.00000000 1.00000000
vn -0.14142136 0.00000000 -0.98994946
vn 0.00000000 0.00000000 1.00000000
vn 0.00000000 0.00000000 -1.00000000
vn 0.00000000 0.00000000 1.00000000
vn 0.00000000 0.00000000 -1.00000000
vn 0.00000000 0.00000000 1.00000000
vn 0.00000000 0.00000000 -1.00000000
vn 0.00000000 0.00000000 1.00000000
vn 0.00000000 0.00000000 -1.00000000
vn 0.00000000 0.00000000 1.00000000
vn 0.00000000 0.00000000 -1.00000000
vn 0.27472112 0.00000000 0.96152395
vn 0.00000000 0.00000000 -1.00000000
vn 0.16439898 0.00000000 0.98639393
vn 0.00000000 0.00000000 -1.00000000
vn 0.16439898 0.00000000 0.98639393
vn 0.00000000 0.00000000 -1.00000000
vn 0.70710677 0.00000000 0.70710677
vn 0.00000000 0.00000000 -1.00000000
vn 0.55470020 0.00000000 0.83205032
vn 0.00000000 0.00000000 -1.00000000
vn 0.00000000 0.00000000 1.00000000
vn 0.00000000 0.00000000 -1.00000000
vn 0.00000000 0.00000000 1.00000000
vn 0.00000000 0.00000000 -1.00000000
vn 0.00000000 0.00000000 1.00000000
vn -0.27472112 0.00000000 -0.96152395
vn 0.27472112 0.00000000 0.96152395
vn -0.14142136 0.00000000 -0.98994946
vn 0.70710677 0.00000000 0.70710677
vn -0.00000000 0.00000000 -1.00000000
vn 0.00000000 0.00000000 1.00000000
vn -0.27472112 0.00000000 -0.96152395
vn 0.00000000 0.00000000 1.00000000
vn -0.00000000 0.00000000 -1.00000000
vn 0.31622776 0.00000000 0.94868332
vn -0.31622776 0.00000000 -0.94868332
vn 0.00000000 0.00000000 1.00000000
vn -0.60000002 0.00000000 -0.80000001
vn 0.00000000 0.00000000 1.00000000
vn -0.24253562 0.97014248 -0.00000000
vn 0.00000000 0.70710677 -0.70710677
vn 0.31622776 0.00000000 0.94868332
vn 0.00000000 0.00000000 -1.00000000
vn 0.44721359 0.00000000 0.89442718
vn -0.44721359 0.89442718 -0.00000000
vn 0.00000000 0.80000001 -0.60000002
vn 0.00000000 0.55470020 0.83205032
vn 0.00000000 1.00000000 0.00000000
vn -0.44721359 0.89442718 -0.00000000
vn -0.46852130 0.62469506 -0.62469506
vn 0.00000000 0.89442718 0.44721359
vn -0.31622776 0.94868332 0.00000000
vn -0.00000000 1.00000000 -0.00000000
vn 0.00000000 1.00000000 0.00000000
vn 0.00000000 1.00000000 0.00000000
vn 0.00000000 1.00000000 0.00000000
vn -0.14002801 -0.70014006 -0.70014006
vn 0.00000000 -1.00000000 -0.00000000
vn -0.00000000 -1.00000000 0.00000000
vn 0.00000000 -1.00000000 0.00000000
vn 0.00000000 -1.00000000 0.00000000
vn 0.00000000 -1.00000000 0.00000000
vn 0.00000000 -1.00000000 0.00000000
vn -0.00000000 -1.00000000 0.00000000
vn 0.00000000 -1.00000000 0.00000000
vn -0.11704115 -0.70224690 0.70224690
vn -0.14002801 -0.70014006 -0.70014006
vn 0.00000000 -1.00000000 -0.00000000
vn -0.14002801 -0.70014006 0.70014006
vn -0.11704115 -0.70224690 -0.70224690
vn -0.14002801 -0.70014006 0.70014006
vn -0.10050378 -0.70352650 -0.70352650
vn 0.00000000 -0.70710677 0.70710677
vn -0.14002801 -0.70014006 -0.70014006
vn 0.00000000 -1.00000000 -0.00000000
vn 0.00000000 -0.44721359 0.89442718
vn -0.14002801 -0.70014006 -0.70014006
vn 0.00000000 -0.44721359 0.89442718
vn -0.15617377 -0.31234753 -0.93704259
vn 0.00000000 -0.44721359 0.89442718
vn 0.00000000 -0.49613893 -0.86824316
vn 0.00000000 0.00000000 1.00000000
vn -0.18257418 -0.36514837 -0.91287094
vn 0.00000000 0.00000000 1.00000000
vn -0.14142136 0.00000000 -0.98994946
vn 0.00000000 0.00000000 1.00000000
vn 0.00000000 0.00000000 -1.00000000
vn 0.48507124 -0.48507124 0.72760689
vn 0.00000000 0.00000000 -1.00000000
vn 0.13018891 -0.39056674 0.91132236
vn 0.00000000 0.00000000 -1.00000000
vn 0.16439898 0.00000000 0.98639393
vn 0.00000000 0.00000000 -1.00000000
vn 0.16439898 0.00000000 0.98639393
vn 0.00000000 0.00000000 -1.00000000
vn 0.16439898 0.00000000 0.98639393
vn 0.00000000 0.00000000 -1.00000000
vn 0.16439898 0.00000000 0.98639393
vn -0.27472112 0.00000000 -0.96152395
vn 0.16439898 0.00000000 0.98639393
vn -0.31622776 0.00000000 -0.94868332
vn 0.70710677 0.00000000 0.70710677
vn -0.31622776 0.00000000 -0.94868332
vn 0.55470020 0.00000000 0.83205032
vn -0.31622776 0.00000000 -0.94868332
vn 0.55470020 0.00000000 0.83205032
vn -0.31622776 0.00000000 -0.94868332
vn 0.00000000 0.00000000 1.00000000
vn -0.31622776 0.00000000 -0.94868332
vn 0.00000000 0.00000000 1.00000000
vn -0.31622776 0.00000000 -0.94868332
vn 0.00000000 0.00000000 1.00000000
vn -0.31622776 0.00000000 -0.94868332
vn 0.00000000 0.00000000 1.00000000
vn -0.39391929 0.00000000 -0.91914505
vn 0.27472112 0.00000000 0.96152395
vn 0.00000000 0.00000000 -1.00000000
vn 0.70710677 0.00000000 0.70710677
vn 0.00000000 0.00000000 -1.00000000
vn 0.00000000 0.00000000 1.00000000
vn -0.27472112 0.00000000 -0.96152395
vn 0.00000000 0.00000000 1.00000000
vn -0.00000000 0.00000000 -1.00000000
vn 0.00000000 0.00000000 1.00000000
vn -0.27472112 0.00000000 -0.96152395
vn 0.70710677 0.00000000 0.70710677
vn -0.00000000 0.00000000 -1.00000000
vn 0.00000000 0.00000000 1.00000000
vn 0.00000000 0.00000000 -1.00000000
vn 0.00000000 0.00000000 1.00000000
vn -0.60000002 0.00000000 -0.80000001
vn 0.70710677 0.00000000 0.70710677
vn -0.60000002 0.00000000 -0.80000001
vn 0.70710677 0.00000000 0.70710677
vn -0.00000000 1.00000000 -0.00000000
vn -0.55708599 0.37139067 -0.74278134
vn 0.00000000 0.00000000 1.00000000
vn -0.00000000 1.00000000 -0.00000000
vn -0.55708599 0.37139067 -0.74278134
vn -0.37139067 0.00000000 0.92847669
vn -0.00000000 1.00000000 -0.00000000
vn 0.00000000 1.00000000 0.00000000
vn 0.00000000 1.00000000 0.00000000
vn 0.00000000 1.00000000 0.00000000
vn 0.00000000 1.00000000 0.00000000
vn -0.00000000 1.00000000 0.00000000
vn -0.11704115 -0.70224690 -0.70224690
vn -0.00000000 -1.00000000 -0.00000000
vn -0.49613893 -0.86824316 0.00000000
vn -0.44721359 -0.89442718 0.00000000
vn -0.44721359 -0.89442718 0.00000000
vn -0.44721359 -0.89442718 0.00000000
vn -0.49613893 -0.86824316 0.00000000
vn 0.00000000 -1.00000000 0.00000000
vn -0.00000000 -1.00000000 0.00000000
vn -0.14002801 -0.70014006 0.70014006
vn -0.11704115 -0.70224690 -0.70224690
vn -0.00000000 -1.00000000 -0.00000000
vn 0.00000000 -1.00000000 0.00000000
vn -0.10050378 -0.70352650 0.70352650
vn -0.14002801 -0.70014006 -0.70014006
vn 0.00000000 -1.00000000 -0.00000000
vn -0.14744195 -0.44232586 0.88465172
vn -0.14002801 -0.70014006 -0.70014006
vn -0.15617377 -0.31234753 0.93704259
vn 0.00000000 -0.70710677 -0.70710677
vn 0.00000000 -0.49613893 0.86824316
vn 0.00000000 -0.70710677 -0.70710677
vn 0.00000000 -0.44721359 0.89442718
vn 0.00000000 -0.44721359 -0.89442718
vn 0.00000000 -0.44721359 0.89442718
vn -0.14744195 -0.44232586 -0.88465172
vn 0.00000000 0.00000000 1.00000000
vn 0.00000000 -0.49613893 -0.86824316
vn 0.00000000 0.00000000 1.00000000
vn 0.00000000 0.00000000 -1.00000000
vn 0.00000000 0.00000000 1.00000000
vn 0.00000000 0.00000000 -1.00000000
vn 0.00000000 0.00000000 1.00000000
vn 0.00000000 0.00000000 -1.00000000
vn 0.55470020 0.00000000 0.83205032
vn -0.27472112 0.00000000 -0.96152395
vn 0.55470020 0.00000000 0.83205032
vn -0.31622776 0.00000000 -0.94868332
vn 0.55470020 0.00000000 0.83205032
vn -0.31622776 0.00000000 -0.94868332
vn 0.55470020 0.00000000 0.83205032
vn -0.13736056 -0.54944223 -0.82416338
vn 0.55470020 0.00000000 0.83205032
vn -0.14744195 -0.44232586 -0.88465172
vn 0.55470020 0.00000000 0.83205032
vn -0.16439898 0.00000000 -0.98639393
vn 0.00000000 0.00000000 1.00000000
vn -0.16439898 0.00000000 -0.98639393
vn 0.00000000 0.00000000 1.00000000
vn -0.16439898 0.00000000 -0.98639393
vn 0.00000000 0.00000000 1.00000000
vn -0.16439898 0.00000000 -0.98639393
vn 0.00000000 0.00000000 1.00000000
vn -0.16439898 0.00000000 -0.98639393
vn 0.00000000 0.00000000 1.00000000
vn -0.16439898 0.00000000 -0.98639393
vn 0.27472112 0.00000000 0.96152395
vn -0.16439898 0.00000000 -0.98639393
vn 0.16439898 0.00000000 0.98639393
vn -0.14142136 0.00000000 -0.98994946
vn 0.70710677 0.00000000 0.70710677
vn -0.00000000 0.00000000 -1.00000000
vn 0.00000000 0.00000000 1.00000000
vn -0.39391929 0.00000000 -0.91914505
vn 0.00000000 0.00000000 1.00000000
vn 0.00000000 0.00000000 -1.00000000
vn 0.00000000 0.00000000 1.00000000
vn 0.00000000 0.00000000 -1.00000000
vn 0.31622776 0.00000000 0.94868332
vn 0.00000000 0.00000000 -1.00000000
vn 0.00000000 0.00000000 1.00000000
vn 0.00000000 0.00000000 -1.00000000
vn 0.00000000 0.00000000 1.00000000
vn 0.00000000 0.00000000 -1.00000000
vn 0.00000000 0.00000000 1.00000000
vn 0.00000000 0.00000000 -1.00000000
vn 0.00000000 0.00000000 1.00000000
vn 0.00000000 0.00000000 -1.00000000
vn 0.00000000 0.00000000 1.00000000
vn -0.44721359 0.89442718 -0.00000000
vn 0.00000000 0.80000001 -0.60000002
vn 0.00000000 0.00000000 1.00000000
vn -0.44721359 0.89442718 -0.00000000
vn 0.00000000 0.80000001 -0.60000002
vn 0.00000000 0.00000000 1.00000000
vn 0.00000000 1.00000000 -0.00000000
vn 0.00000000 1.00000000 0.00000000
vn 0.00000000 1.00000000 0.00000000
vn 0.00000000 1.00000000 0.00000000
vn 0.00000000 1.00000000 0.00000000
vn 0.00000000 1.00000000 0.00000000
vn -0.27216554 -0.68041384 -0.68041384
vn -0.00000000 -1.00000000 -0.00000000
vn -0.00000000 -1.00000000 0.00000000
vn -0.00000000 -1.00000000 0.00000000
vn -0.00000000 -1.00000000 0.00000000
vn -0.00000000 -1.00000000 0.00000000
vn -0.27216554 -0.68041384 0.68041384
vn -0.27216554 -0.68041384 -0.68041384
vn -0.00000000 -1.00000000 -0.00000000
vn -0.00000000 -1.00000000 0.00000000
vn 0.00000000 -1.00000000 0.00000000
vn -0.11704115 -0.70224690 0.70224690
vn -0.14002801 -0.70014006 -0.70014006
vn 0.00000000 -1.00000000 -0.00000000
vn 0.00000000 -0.70710677 0.70710677
vn -0.11704115 -0.70224690 -0.70224690
vn 0.00000000 -0.70710677 0.70710677
vn -0.10050378 -0.70352650 -0.70352650
vn -0.14744195 -0.44232586 0.88465172
vn -0.10050378 -0.70352650 -0.70352650
vn 0.00000000 0.00000000 1.00000000
vn -0.10050378 -0.70352650 -0.70352650
vn 0.00000000 -0.44721359 0.89442718
vn -0.08804509 -0.70436072 -0.70436072
vn 0.00000000 -0.44721359 0.89442718
vn -0.13018891 -0.39056674 -0.91132236
vn 0.00000000 0.00000000 1.00000000
vn 0.00000000 0.00000000 -1.00000000
vn 0.00000000 0.00000000 1.00000000
vn -0.27472112 0.00000000 -0.96152395
vn 0.00000000 0.00000000 1.00000000
vn -0.31622776 0.00000000 -0.94868332
vn 0.00000000 0.00000000 1.00000000
vn -0.13736056 -0.54944223 -0.82416338
vn 0.00000000 0.00000000 1.00000000
vn -0.14744195 -0.44232586 -0.88465172
vn 0.00000000 0.00000000 1.00000000
vn -0.16439898 0.00000000 -0.98639393
vn 0.00000000 0.00000000 1.00000000
vn -0.16439898 0.00000000 -0.98639393
vn 0.00000000 0.00000000 1.00000000
vn -0.14142136 0.00000000 -0.98994946
vn 0.00000000 0.00000000 1.00000000
vn 0.00000000 0.00000000 -1.00000000
vn 0.00000000 0.00000000 1.00000000
vn 0.00000000 0.00000000 -1.00000000
vn 0.00000000 0.00000000 1.00000000
vn 0.00000000 0.00000000 -1.00000000
vn 0.00000000 0.00000000 1.00000000
vn 0.00000000 0.00000000 -1.00000000
vn 0.00000000 0.00000000 1.00000000
vn 0.00000000 0.00000000 -1.00000000
vn 0.27472112 0.00000000 0.96152395
vn 0.00000000 0.00000000 -1.00000000
vn 0.16439898 0.00000000 0.98639393
vn 0.00000000 0.00000000 -1.00000000
vn 0.70710677 0.00000000 0.70710677
vn 0.00000000 0.00000000 -1.00000000
vn 0.55470020 0.00000000 0.83205032
vn 0.00000000 0.00000000 -1.00000000
vn 0.00000000 0.00000000 1.00000000
vn -0.27472112 0.00000000 -0.96152395
vn 0.00000000 0.00000000 1.00000000
vn -0.14142136 0.00000000 -0.98994946
vn 0.00000000 0.00000000 1.00000000
vn -0.00000000 0.00000000 -1.00000000
vn 0.27472112 0.00000000 0.96152395
vn -0.27472112 0.00000000 -0.96152395
vn 0.70710677 0.00000000 0.70710677
vn -0.00000000 0.00000000 -1.00000000
vn 0.00000000 0.00000000 1.00000000
vn -0.31622776 0.00000000 -0.94868332
vn 0.31622776 0.00000000 0.94868332
vn -0.60000002 0.00000000 -0.80000001
vn 0.00000000 0.00000000 1.00000000
vn -0.60000002 0.00000000 -0.80000001
vn 0.00000000 0.00000000 1.00000000
vn -0.60000002 0.00000000 -0.80000001
vn 0.00000000 0.00000000 1.00000000
vn -0.24253562 0.97014248 -0.00000000
vn -0.51449573 0.51449573 -0.68599433
vn 0.00000000 0.00000000 1.00000000
vn -0.24253562 0.97014248 -0.00000000
vn -0.51449573 0.51449573 -0.68599433
vn 0.00000000 0.00000000 1.00000000
vn -0.00000000 1.00000000 -0.00000000
vn -0.24253562 0.97014248 0.00000000
vn -0.27472112 0.96152395 0.00000000
vn -0.44721359 0.89442718 0.00000000
vn -0.14142136 0.98994946 0.00000000
vn -0.16439898 0.98639393 0.00000000
vn 0.00000000 1.00000000 0.00000000
vn -0.27216554 -0.68041384 -0.68041384
vn -0.00000000 -1.00000000 -0.00000000
vn -0.00000000 -1.00000000 0.00000000
vn 0.00000000 -1.00000000 0.00000000
vn 0.00000000 -1.00000000 0.00000000
vn 0.00000000 -1.00000000 0.00000000
vn -0.00000000 -1.00000000 0.00000000
vn 0.00000000 -1.00000000 0.00000000
vn -0.11704115 -0.70224690 0.70224690
vn -0.27216554 -0.68041384 -0.68041384
vn -0.00000000 -1.00000000 -0.00000000
vn 0.00000000 -1.00000000 0.00000000
vn 0.00000000 -0.70710677 0.70710677
vn -0.10050378 -0.70352650 -0.70352650
vn 0.00000000 -0.70710677 0.70710677
vn -0.14002801 -0.70014006 -0.70014006
vn 0.00000000 -1.00000000 -0.00000000
vn 0.00000000 -0.70710677 0.70710677
vn -0.14002801 -0.70014006 -0.70014006
vn 0.00000000 -0.44721359 0.89442718
vn -0.14002801 -0.70014006 -0.70014006
vn 0.00000000 0.00000000 1.00000000
vn -0.14002801 -0.70014006 -0.70014006
vn 0.00000000 -0.49613893 0.86824316
vn -0.15617377 -0.31234753 -0.93704259
vn 0.13608277 -0.27216554 0.95257932
vn 0.00000000 0.00000000 -1.00000000
vn 0.00000000 0.00000000 1.00000000
vn -0.12309149 -0.49236596 -0.86164045
vn 0.00000000 0.00000000 1.00000000
vn -0.14744195 -0.44232586 -0.88465172
vn 0.00000000 0.00000000 1.00000000
vn -0.16439898 0.00000000 -0.98639393
vn 0.00000000 0.00000000 1.00000000
vn -0.14142136 0.00000000 -0.98994946
vn 0.00000000 0.00000000 1.00000000
vn 0.00000000 0.00000000 -1.00000000
vn 0.00000000 0.00000000 1.00000000
vn 0.00000000 0.00000000 -1.00000000
vn 0.00000000 0.00000000 1.00000000
vn 0.00000000 0.00000000 -1.00000000
vn 0.00000000 0.00000000 1.00000000
vn 0.00000000 0.00000000 -1.00000000
vn 0.00000000 0.00000000 1.00000000
vn 0.00000000 0.00000000 -1.00000000
vn 0.00000000 0.00000000 1.00000000
vn -0.27472112 0.00000000 -0.96152395
vn 0.00000000 0.00000000 1.00000000
vn -0.31622776 0.00000000 -0.94868332
vn 0.27472112 0.00000000 0.96152395
vn -0.31622776 0.00000000 -0.94868332
vn 0.16439898 0.00000000 0.98639393
vn -0.31622776 0.00000000 -0.94868332
vn 0.70710677 0.00000000 0.70710677
vn -0.31622776 0.00000000 -0.94868332
vn 0.55470020 0.00000000 0.83205032
vn -0.31622776 0.00000000 -0.94868332
vn 0.00000000 0.00000000 1.00000000
vn -0.39391929 0.00000000 -0.91914505
vn 0.00000000 0.00000000 1.00000000
vn 0.00000000 0.00000000 -1.00000000
vn 0.00000000 0.00000000 1.00000000
vn 0.00000000 0.00000000 -1.00000000
vn 0.00000000 0.00000000 1.00000000
vn 0.00000000 0.00000000 -1.00000000
vn 0.27472112 0.00000000 0.96152395
vn -0.24253562 0.00000000 -0.97014248
vn 0.70710677 0.00000000 0.70710677
vn -0.00000000 0.00000000 -1.00000000
vn 0.00000000 0.00000000 1.00000000
vn -0.31622776 0.00000000 -0.94868332
vn 0.00000000 0.00000000 1.00000000
vn -0.00000000 0.00000000 -1.00000000
vn 0.70710677 0.00000000 0.70710677
vn 0.00000000 0.00000000 -1.00000000
vn 0.00000000 0.00000000 1.00000000
vn 0.00000000 0.00000000 -1.00000000
vn 0.00000000 0.00000000 1.00000000
vn 0.00000000 0.00000000 -1.00000000
vn 0.00000000 0.00000000 1.00000000
vn -0.60000002 0.00000000 -0.80000001
vn 0.00000000 0.00000000 1.00000000
vn -0.00000000 1.00000000 -0.00000000
vn -0.55708599 0.37139067 -0.74278134
vn 0.00000000 0.00000000 1.00000000
vn -0.00000000 1.00000000 -0.00000000
vn -0.24253562 0.97014248 0.00000000
vn -0.46852130 0.62469506 -0.62469506
vn -0.37139067 0.00000000 0.92847669
vn 0.00000000 1.00000000 0.00000000
vn -0.00000000 1.00000000 -0.00000000
vn -0.00000000 1.00000000 0.00000000
vn -0.00000000 1.00000000 0.00000000
vn -0.27216554 -0.68041384 -0.68041384
vn -0.00000000 -1.00000000 -0.00000000
vn -0.55470020 -0.83205032 0.00000000
vn -0.44721359 -0.89442718 0.00000000
vn -0.44721359 -0.89442718 0.00000000
vn -0.44721359 -0.89442718 0.00000000
vn -0.49613893 -0.86824316 0.00000000
vn 0.00000000 -1.00000000 0.00000000
vn -0.00000000 -1.00000000 0.00000000
vn -0.14002801 -0.70014006 0.70014006
vn -0.14002801 -0.70014006 -0.70014006
vn 0.00000000 -1.00000000 -0.00000000
vn 0.00000000 -1.00000000 0.00000000
vn 0.00000000 -0.70710677 0.70710677
vn -0.14002801 -0.70014006 -0.70014006
vn 0.00000000 -0.70710677 0.70710677
vn -0.11704115 -0.70224690 -0.70224690
vn 0.00000000 -0.70710677 0.70710677
vn -0.10050378 -0.70352650 -0.70352650
vn 0.13608277 -0.27216554 0.95257932
vn -0.10050378 -0.70352650 -0.70352650
vn 0.00000000 0.00000000 1.00000000
vn -0.10050378 -0.70352650 -0.70352650
vn 0.00000000 0.00000000 1.00000000
vn 0.00000000 -0.49613893 -0.86824316
vn 0.48507124 -0.48507124 0.72760689
vn -0.12309149 -0.49236596 -0.86164045
vn 0.13018891 -0.39056674 0.91132236
vn -0.13018891 -0.39056674 -0.91132236
vn 0.16439898 0.00000000 0.98639393
vn 0.00000000 0.00000000 -1.00000000
vn 0.14142136 0.00000000 0.98994946
vn 0.00000000 0.00000000 -1.00000000
vn 0.00000000 0.00000000 1.00000000
vn 0.00000000 0.00000000 -1.00000000
vn 0.00000000 0.00000000 1.00000000
vn 0.00000000 0.00000000 -1.00000000
vn 0.00000000 0.00000000 1.00000000
vn -0.27472112 0.00000000 -0.96152395
vn 0.00000000 0.00000000 1.00000000
vn -0.31622776 0.00000000 -0.94868332
vn 0.00000000 0.00000000 1.00000000
vn -0.31622776 0.00000000 -0.94868332
vn 0.27472112 0.00000000 0.96152395
vn -0.13736056 -0.54944223 -0.82416338
vn 0.16439898 0.00000000 0.98639393
vn -0.14744195 -0.44232586 -0.88465172
vn 0.16439898 0.00000000 0.98639393
vn -0.16439898 0.00000000 -0.98639393
vn 0.70710677 0.00000000 0.70710677
vn -0.16439898 0.00000000 -0.98639393
vn 0.55470020 0.00000000 0.83205032
vn -0.16439898 0.00000000 -0.98639393
vn 0.00000000 0.00000000 1.00000000
vn -0.16439898 0.00000000 -0.98639393
vn 0.00000000 0.00000000 1.00000000
vn -0.16439898 0.00000000 -0.98639393
vn 0.00000000 0.00000000 1.00000000
vn -0.14142136 0.00000000 -0.98994946
vn 0.00000000 0.00000000 1.00000000
vn -0.00000000 0.00000000 -1.00000000
vn 0.27472112 0.00000000 0.96152395
vn -0.39391929 0.00000000 -0.91914505
vn 0.16439898 0.00000000 0.98639393
vn 0.00000000 0.00000000 -1.00000000
vn 0.70710677 0.00000000 0.70710677
vn 0.00000000 0.00000000 -1.00000000
vn 0.00000000 0.00000000 1.00000000
vn -0.27472112 0.00000000 -0.96152395
vn 0.00000000 0.00000000 1.00000000
vn -0.00000000 0.00000000 -1.00000000
vn 0.00000000 0.00000000 1.00000000
vn 0.00000000 0.00000000 -1.00000000
vn 0.00000000 0.00000000 1.00000000
vn -0.31622776 0.00000000 -0.94868332
vn 0.00000000 0.00000000 1.00000000
vn -0.60000002 0.00000000 -0.80000001
vn 0.00000000 0.00000000 1.00000000
vn -0.60000002 0.00000000 -0.80000001
vn 0.00000000 0.00000000 1.00000000
vn -0.24253562 0.97014248 -0.00000000
vn 0.00000000 0.70710677 -0.70710677
vn 0.00000000 0.00000000 1.00000000
vn -0.44721359 0.89442718 -0.00000000
vn 0.00000000 0.80000001 -0.60000002
vn 0.00000000 0.00000000 1.00000000
vn -0.44721359 0.89442718 -0.00000000
vn -0.46852130 0.62469506 -0.62469506
vn 0.00000000 0.89442718 0.44721359
vn -0.31622776 0.94868332 0.00000000
vn -0.00000000 1.00000000 -0.00000000
vn 0.00000000 1.00000000 0.00000000
vn 0.00000000 1.00000000 0.00000000
vn 0.00000000 1.00000000 0.00000000
vn -0.27216554 -0.68041384 -0.68041384
vn -0.00000000 -1.00000000 -0.00000000
vn -0.00000000 -1.00000000 0.00000000
vn -0.00000000 -1.00000000 0.00000000
vn -0.00000000 -1.00000000 0.00000000
vn -0.00000000 -1.00000000 0.00000000
vn -0.27216554 -0.68041384 0.68041384
vn -0.27216554 -0.68041384 -0.68041384
vn -0.00000000 -1.00000000 -0.00000000
vn -0.00000000 -1.00000000 0.00000000
vn 0.00000000 -1.00000000 0.00000000
vn -0.11704115 -0.70224690 0.70224690
vn -0.10050378 -0.70352650 -0.70352650
vn 0.00000000 -0.70710677 0.70710677
vn -0.10050378 -0.70352650 -0.70352650
vn 0.00000000 -0.70710677 0.70710677
vn -0.14002801 -0.70014006 -0.70014006
vn 0.00000000 -1.00000000 -0.00000000
vn 0.00000000 -0.51449573 0.85749292
vn -0.14002801 -0.70014006 -0.70014006
vn 0.48507124 -0.48507124 0.72760689
vn -0.14002801 -0.70014006 -0.70014006
vn 0.00000000 -0.49613893 0.86824316
vn -0.15617377 -0.31234753 -0.93704259
vn 0.00000000 0.00000000 1.00000000
vn -0.12309149 -0.49236596 -0.86164045
vn 0.00000000 0.00000000 1.00000000
vn -0.13018891 -0.39056674 -0.91132236
vn 0.55470020 0.00000000 0.83205032
vn 0.00000000 0.00000000 -1.00000000
vn 0.55470020 0.00000000 0.83205032
vn 0.00000000 0.00000000 -1.00000000
vn 0.48507124 -0.48507124 0.72760689
vn -0.27472112 0.00000000 -0.96152395
vn 0.13018891 -0.39056674 0.91132236
vn -0.31622776 0.00000000 -0.94868332
vn 0.16439898 0.00000000 0.98639393
vn -0.13736056 -0.54944223 -0.82416338
vn 0.16439898 0.00000000 0.98639393
vn -0.14744195 -0.44232586 -0.88465172
vn 0.16439898 0.00000000 0.98639393
vn -0.16439898 0.00000000 -0.98639393
vn 0.16439898 0.00000000 0.98639393
vn -0.16439898 0.00000000 -0.98639393
vn 0.70710677 0.00000000 0.70710677
vn -0.14142136 0.00000000 -0.98994946
vn 0.55470020 0.00000000 0.83205032
vn 0.00000000 0.00000000 -1.00000000
vn 0.55470020 0.00000000 0.83205032
vn 0.00000000 0.00000000 -1.00000000
vn 0.00000000 0.00000000 1.00000000
vn 0.00000000 0.00000000 -1.00000000
vn 0.00000000 0.00000000 1.00000000
vn 0.00000000 0.00000000 -1.00000000
vn 0.00000000 0.00000000 1.00000000
vn 0.00000000 0.00000000 -1.00000000
vn 0.00000000 0.00000000 1.00000000
vn 0.00000000 0.00000000 -1.00000000
vn 0.27472112 0.00000000 0.96152395
vn 0.00000000 0.00000000 -1.00000000
vn 0.16439898 0.00000000 0.98639393
vn -0.27472112 0.00000000 -0.96152395
vn 0.70710677 0.00000000 0.70710677
vn -0.14142136 0.00000000 -0.98994946
vn 0.55470020 0.00000000 0.83205032
vn -0.00000000 0.00000000 -1.00000000
vn 0.00000000 0.00000000 1.00000000
vn 0.00000000 0.00000000 -1.00000000
vn 0.00000000 0.00000000 1.00000000
vn 0.00000000 0.00000000 -1.00000000
vn 0.00000000 0.00000000 1.00000000
vn 0.00000000 0.00000000 -1.00000000
vn 0.31622776 0.00000000 0.94868332
vn -0.31622776 0.00000000 -0.94868332
vn 0.00000000 0.00000000 1.00000000
vn -0.00000000 0.00000000 -1.00000000
vn 0.31622776 0.00000000 0.94868332
vn 0.00000000 0.00000000 -1.00000000
vn 0.00000000 0.00000000 1.00000000
vn 0.00000000 0.00000000 -1.00000000
vn 0.00000000 0.00000000 1.00000000
vn -0.60000002 0.00000000 -0.80000001
vn 0.00000000 0.00000000 1.00000000
vn -0.24253562 0.97014248 -0.00000000
vn -0.51449573 0.51449573 -0.68599433
vn 0.00000000 0.00000000 1.00000000
vn -0.24253562 0.97014248 -0.00000000
vn -0.51449573 0.51449573 -0.68599433
vn -0.37139067 0.00000000 0.92847669
vn -0.00000000 1.00000000 -0.00000000
vn 0.00000000 1.00000000 0.00000000
vn 0.00000000 1.00000000 0.00000000
vn 0.00000000 1.00000000 0.00000000
vn 0.00000000 1.00000000 0.00000000
vn -0.00000000 1.00000000 0.00000000
vn -0.27216554 -0.68041384 -0.68041384
vn -0.00000000 -1.00000000 -0.00000000
vn -0.00000000 -1.00000000 0.00000000
vn -0.49613893 -0.86824316 0.00000000
vn -0.49613893 -0.86824316 0.00000000
vn 0.00000000 -1.00000000 0.00000000
vn -0.00000000 -1.00000000 0.00000000
vn 0.00000000 -1.00000000 0.00000000
vn -0.11704115 -0.70224690 0.70224690
vn -0.14002801 -0.70014006 -0.70014006
vn 0.00000000 -1.00000000 -0.00000000
vn 0.00000000 -1.00000000 0.00000000
vn 0.00000000 -0.70710677 0.70710677
vn -0.27216554 -0.68041384 -0.68041384
vn 0.00000000 -0.70710677 0.70710677
vn -0.22941573 -0.68824720 -0.68824720
vn 0.00000000 -0.70710677 0.70710677
vn -0.10050378 -0.70352650 -0.70352650
vn 0.00000000 -0.44721359 0.89442718
vn -0.10050378 -0.70352650 -0.70352650
vn 0.00000000 -0.49613893 0.86824316
vn -0.10050378 -0.70352650 -0.70352650
vn 0.13608277 -0.27216554 0.95257932
vn 0.00000000 -0.70710677 -0.70710677
vn 0.00000000 0.00000000 1.00000000
vn -0.15617377 -0.31234753 -0.93704259
vn 0.00000000 0.00000000 1.00000000
vn 0.00000000 0.00000000 -1.00000000
vn 0.00000000 0.00000000 1.00000000
vn -0.27472112 0.00000000 -0.96152395
vn 0.00000000 0.00000000 1.00000000
vn -0.13736056 -0.54944223 -0.82416338
vn 0.00000000 0.00000000 1.00000000
vn -0.14744195 -0.44232586 -0.88465172
vn 0.55470020 0.00000000 0.83205032
vn -0.16439898 0.00000000 -0.98639393
vn 0.55470020 0.00000000 0.83205032
vn -0.14142136 0.00000000 -0.98994946
vn 0.55470020 0.00000000 0.83205032
vn 0.00000000 0.00000000 -1.00000000
vn 0.55470020 0.00000000 0.83205032
vn 0.00000000 0.00000000 -1.00000000
vn 0.55470020 0.00000000 0.83205032
vn 0.00000000 0.00000000 -1.00000000
vn 0.00000000 0.00000000 1.00000000
vn 0.00000000 0.00000000 -1.00000000
vn 0.00000000 0.00000000 1.00000000
vn -0.27472112 0.00000000 -0.96152395
vn 0.00000000 0.00000000 1.00000000
vn -0.31622776 0.00000000 -0.94868332
vn 0.00000000 0.00000000 1.00000000
vn -0.31622776 0.00000000 -0.94868332
vn 0.27472112 0.00000000 0.96152395
vn -0.31622776 0.00000000 -0.94868332
vn 0.16439898 0.00000000 0.98639393
vn -0.31622776 0.00000000 -0.94868332
vn 0.16439898 0.00000000 0.98639393
vn -0.31622776 0.00000000 -0.94868332
vn 0.70710677 0.00000000 0.70710677
vn -0.39391929 0.00000000 -0.91914505
vn 0.55470020 0.00000000 0.83205032
vn 0.00000000 0.00000000 -1.00000000
vn 0.00000000 0.00000000 1.00000000
vn 0.00000000 0.00000000 -1.00000000
vn 0.00000000 0.00000000 1.00000000
vn -0.24253562 0.00000000 -0.97014248
vn 0.00000000 0.00000000 1.00000000
vn -0.00000000 0.00000000 -1.00000000
vn 0.00000000 0.00000000 1.00000000
vn 0.00000000 0.00000000 -1.00000000
vn 0.27472112 0.00000000 0.96152395
vn -0.27472112 0.00000000 -0.96152395
vn 0.70710677 0.00000000 0.70710677
vn -0.00000000 0.00000000 -1.00000000
vn 0.00000000 0.00000000 1.00000000
vn 0.00000000 0.00000000 -1.00000000
vn 0.70710677 0.00000000 0.70710677
vn 0.00000000 0.00000000 -1.00000000
vn 0.00000000 0.00000000 1.00000000
vn 0.00000000 0.00000000 -1.00000000
vn 0.00000000 0.00000000 1.00000000
vn 0.00000000 0.00000000 -1.00000000
vn 0.00000000 0.00000000 1.00000000
vn -0.60000002 0.00000000 -0.80000001
vn 0.00000000 0.00000000 1.00000000
vn -0.24253562 0.97014248 -0.00000000
vn -0.51449573 0.51449573 -0.68599433
vn 0.00000000 0.00000000 1.00000000
vn -0.00000000 1.00000000 -0.00000000
vn -0.24253562 0.97014248 0.00000000
vn -0.27472112 0.96152395 0.00000000
vn -0.44721359 0.89442718 0.00000000
vn -0.14142136 0.98994946 0.00000000
vn -0.16439898 0.98639393 0.00000000
vn 0.00000000 1.00000000 0.00000000
vn -0.27216554 -0.68041384 -0.68041384
vn -0.00000000 -1.00000000 -0.00000000
vn -0.00000000 -1.00000000 0.00000000
vn -0.27216554 -0.68041384 0.68041384
vn -0.27216554 -0.68041384 -0.68041384
vn -0.00000000 -1.00000000 -0.00000000
vn -0.55470020 -0.83205032 0.00000000
vn -0.49613893 -0.86824316 0.00000000
vn -0.00000000 -1.00000000 0.00000000
vn -0.14002801 -0.70014006 0.70014006
vn -0.10050378 -0.70352650 -0.70352650
vn 0.00000000 -1.00000000 0.00000000
vn 0.00000000 -0.70710677 0.70710677
vn -0.14002801 -0.70014006 -0.70014006
vn 0.00000000 -1.00000000 -0.00000000
vn 0.00000000 -0.70710677 0.70710677
vn -0.14002801 -0.70014006 -0.70014006
vn 0.00000000 -0.70710677 0.70710677
vn -0.14002801 -0.70014006 -0.70014006
vn 0.13608277 -0.27216554 0.95257932
vn -0.14002801 -0.70014006 -0.70014006
vn 0.00000000 0.00000000 1.00000000
vn -0.15617377 -0.31234753 -0.93704259
vn 0.48507124 -0.48507124 0.72760689
vn -0.14744195 -0.44232586 -0.88465172
vn 0.11624764 -0.34874290 0.92998111
vn 0.00000000 -0.49613893 -0.86824316
vn 0.00000000 0.00000000 1.00000000
vn -0.12309149 -0.49236596 -0.86164045
vn 0.00000000 0.00000000 1.00000000
vn -0.14744195 -0.44232586 -0.88465172
vn 0.00000000 0.00000000 1.00000000
vn -0.14142136 0.00000000 -0.98994946
vn 0.00000000 0.00000000 1.00000000
vn 0.00000000 0.00000000 -1.00000000
vn 0.00000000 0.00000000 1.00000000
vn 0.00000000 0.00000000 -1.00000000
vn 0.00000000 0.00000000 1.00000000
vn 0.00000000 0.00000000 -1.00000000
vn 0.00000000 0.00000000 1.00000000
vn 0.00000000 0.00000000 -1.00000000
vn 0.00000000 0.00000000 1.00000000
vn -0.27472112 0.00000000 -0.96152395
vn 0.00000000 0.00000000 1.00000000
vn -0.31622776 0.00000000 -0.94868332
vn 0.00000000 0.00000000 1.00000000
vn -0.13736056 -0.54944223 -0.82416338
vn 0.00000000 0.00000000 1.00000000
vn -0.14744195 -0.44232586 -0.88465172
vn 0.27472112 0.00000000 0.96152395
vn -0.16439898 0.00000000 -0.98639393
vn 0.16439898 0.00000000 0.98639393
vn -0.16439898 0.00000000 -0.98639393
vn 0.70710677 0.00000000 0.70710677
vn -0.16439898 0.00000000 -0.98639393
vn 0.55470020 0.00000000 0.83205032
vn -0.16439898 0.00000000 -0.98639393
vn 0.55470020 0.00000000 0.83205032
vn -0.16439898 0.00000000 -0.98639393
vn 0.00000000 0.00000000 1.00000000
vn -0.14142136 0.00000000 -0.98994946
vn 0.00000000 0.00000000 1.00000000
vn -0.00000000 0.00000000 -1.00000000
vn 0.00000000 0.00000000 1.00000000
vn -0.39391929 0.00000000 -0.91914505
vn 0.00000000 0.00000000 1.00000000
vn 0.00000000 0.00000000 -1.00000000
vn 0.00000000 0.00000000 1.00000000
vn -0.24253562 0.00000000 -0.97014248
vn 0.27472112 0.00000000 0.96152395
vn -0.00000000 0.00000000 -1.00000000
vn 0.70710677 0.00000000 0.70710677
vn 0.00000000 0.00000000 -1.00000000
vn 0.00000000 0.00000000 1.00000000
vn 0.00000000 0.00000000 -1.00000000
vn 0.31622776 0.00000000 0.94868332
vn -0.31622776 0.00000000 -0.94868332
vn 0.00000000 0.00000000 1.00000000
vn -0.60000002 0.00000000 -0.80000001
vn 0.00000000 0.00000000 1.00000000
vn -0.60000002 0.00000000 -0.80000001
vn 0.00000000 0.00000000 1.00000000
vn -0.60000002 0.00000000 -0.80000001
vn 0.00000000 0.00000000 1.00000000
vn -0.60000002 0.00000000 -0.80000001
vn 0.00000000 0.00000000 1.00000000
vn -0.24253562 0.97014248 -0.00000000
vn -0.51449573 0.51449573 -0.68599433
vn 0.00000000 0.00000000 1.00000000
vn -0.24253562 0.97014248 -0.00000000
vn -0.31622776 0.94868332 0.00000000
vn -0.62469506 0.46852130 -0.62469506
vn -0.37139067 0.00000000 0.92847669
vn 0.00000000 1.00000000 0.00000000
vn -0.00000000 1.00000000 -0.00000000
vn -0.00000000 1.00000000 0.00000000
vn -0.00000000 1.00000000 0.00000000
vn -0.27216554 -0.68041384 -0.68041384
vn -0.00000000 -1.00000000 -0.00000000
vn -0.00000000 -1.00000000 0.00000000
vn -0.58123821 -0.81373346 0.00000000
vn -0.00000000 -1.00000000 0.00000000
vn -0.00000000 -1.00000000 0.00000000
vn -0.00000000 -1.00000000 0.00000000
vn -0.11704115 -0.70224690 0.70224690
vn -0.27216554 -0.68041384 -0.68041384
vn -0.00000000 -1.00000000 -0.00000000
vn 0.00000000 -1.00000000 0.00000000
vn -0.11704115 -0.70224690 0.70224690
vn -0.22941573 -0.68824720 -0.68824720
vn 0.00000000 -0.70710677 0.70710677
vn -0.10050378 -0.70352650 -0.70352650
vn 0.00000000 -0.70710677 0.70710677
vn -0.10050378 -0.70352650 -0.70352650
vn 0.00000000 -0.51449573 0.85749292
vn -0.10050378 -0.70352650 -0.70352650
vn 0.48507124 -0.48507124 0.72760689
vn -0.10050378 -0.70352650 -0.70352650
vn 0.00000000 -0.49613893 0.86824316
vn -0.08804509 -0.70436072 -0.70436072
vn 0.00000000 0.00000000 1.00000000
vn -0.13018891 -0.39056674 -0.91132236
vn 0.48507124 -0.48507124 0.72760689
vn -0.12309149 -0.49236596 -0.86164045
vn 0.13018891 -0.39056674 0.91132236
vn -0.13018891 -0.39056674 -0.91132236
vn 0.16439898 0.00000000 0.98639393
vn 0.00000000 0.00000000 -1.00000000
vn 0.16439898 0.00000000 0.98639393
vn 0.00000000 0.00000000 -1.00000000
vn 0.16439898 0.00000000 0.98639393
vn 0.00000000 0.00000000 -1.00000000
vn 0.14142136 0.00000000 0.98994946
vn -0.27472112 0.00000000 -0.96152395
vn 0.00000000 0.00000000 1.00000000
vn -0.31622776 0.00000000 -0.94868332
vn 0.00000000 0.00000000 1.00000000
vn -0.13736056 -0.54944223 -0.82416338
vn 0.00000000 0.00000000 1.00000000
vn -0.14744195 -0.44232586 -0.88465172
vn 0.27472112 0.00000000 0.96152395
vn -0.16439898 0.00000000 -0.98639393
vn 0.16439898 0.00000000 0.98639393
vn -0.14142136 0.00000000 -0.98994946
vn 0.16439898 0.00000000 0.98639393
vn 0.00000000 0.00000000 -1.00000000
vn 0.70710677 0.00000000 0.70710677
vn 0.00000000 0.00000000 -1.00000000
vn 0.55470020 0.00000000 0.83205032
vn 0.00000000 0.00000000 -1.00000000
vn 0.00000000 0.00000000 1.00000000
vn 0.00000000 0.00000000 -1.00000000
vn 0.00000000 0.00000000 1.00000000
vn 0.00000000 0.00000000 -1.00000000
vn 0.00000000 0.00000000 1.00000000
vn 0.00000000 0.00000000 -1.00000000
vn 0.00000000 0.00000000 1.00000000
vn 0.00000000 0.00000000 -1.00000000
vn 0.00000000 0.00000000 1.00000000
vn -0.27472112 0.00000000 -0.96152395
vn 0.00000000 0.00000000 1.00000000
vn -0.14142136 0.00000000 -0.98994946
vn 0.27472112 0.00000000 0.96152395
vn -0.00000000 0.00000000 -1.00000000
vn 0.16439898 0.00000000 0.98639393
vn 0.00000000 0.00000000 -1.00000000
vn 0.70710677 0.00000000 0.70710677
vn -0.27472112 0.00000000 -0.96152395
vn 0.00000000 0.00000000 1.00000000
vn -0.00000000 0.00000000 -1.00000000
vn 0.00000000 0.00000000 1.00000000
vn -0.27472112 0.00000000 -0.96152395
vn 0.70710677 0.00000000 0.70710677
vn -0.00000000 0.00000000 -1.00000000
vn 0.00000000 0.00000000 1.00000000
vn 0.00000000 0.00000000 -1.00000000
vn 0.31622776 0.00000000 0.94868332
vn 0.00000000 0.00000000 -1.00000000
vn 0.00000000 0.00000000 1.00000000
vn 0.00000000 0.00000000 -1.00000000
vn 0.00000000 0.00000000 1.00000000
vn 0.00000000 0.00000000 -1.00000000
vn 0.00000000 0.00000000 1.00000000
vn -0.60000002 0.00000000 -0.80000001
vn 0.00000000 0.00000000 1.00000000
vn -0.24253562 0.97014248 -0.00000000
vn -0.51449573 0.51449573 -0.68599433
vn 0.00000000 0.89442718 0.44721359
vn -0.31622776 0.94868332 0.00000000
vn -0.00000000 1.00000000 -0.00000000
vn -0.00000000 1.00000000 0.00000000
vn 0.00000000 1.00000000 0.00000000
vn 0.00000000 1.00000000 0.00000000
vn 0.00000000 1.00000000 0.00000000
vn -0.27216554 -0.68041384 -0.68041384
vn -0.00000000 -1.00000000 -0.00000000
vn -0.27216554 -0.68041384 0.68041384
vn -0.22941573 -0.68824720 -0.68824720
vn -0.37139067 -0.92847669 -0.00000000
vn -0.51449573 -0.85749292 0.00000000
vn -0.49613893 -0.86824316 0.00000000
vn -0.00000000 -1.00000000 0.00000000
vn -0.14002801 -0.70014006 0.70014006
vn -0.22941573 -0.68824720 -0.68824720
vn -0.37139067 -0.92847669 -0.00000000
vn 0.00000000 -1.00000000 0.00000000
vn 0.00000000 -0.70710677 0.70710677
vn -0.22941573 -0.68824720 -0.68824720
vn 0.00000000 -0.70710677 0.70710677
vn -0.22941573 -0.68824720 -0.68824720
vn 0.00000000 -0.70710677 0.70710677
vn -0.22941573 -0.68824720 -0.68824720
vn 0.00000000 -0.44721359 0.89442718
vn -0.22941573 -0.68824720 -0.68824720
vn 0.00000000 -0.49613893 0.86824316
vn -0.11704115 -0.70224690 -0.70224690
vn 0.13608277 -0.27216554 0.95257932
vn -0.15617377 -0.31234753 -0.93704259
vn 0.00000000 0.00000000 1.00000000
vn -0.12309149 -0.49236596 -0.86164045
vn 0.00000000 0.00000000 1.00000000
vn -0.13018891 -0.39056674 -0.91132236
vn 0.55470020 0.00000000 0.83205032
vn 0.00000000 0.00000000 -1.00000000
vn 0.55470020 0.00000000 0.83205032
vn 0.00000000 0.00000000 -1.00000000
vn 0.55470020 0.00000000 0.83205032
vn 0.00000000 0.00000000 -1.00000000
vn 0.55470020 0.00000000 0.83205032
vn -0.12309149 -0.49236596 -0.86164045
vn 0.48507124 -0.48507124 0.72760689
vn -0.14744195 -0.44232586 -0.88465172
vn 0.13018891 -0.39056674 0.91132236
vn -0.16439898 0.00000000 -0.98639393
vn 0.16439898 0.00000000 0.98639393
vn -0.14142136 0.00000000 -0.98994946
vn 0.16439898 0.00000000 0.98639393
vn 0.00000000 0.00000000 -1.00000000
vn 0.70710677 0.00000000 0.70710677
vn 0.00000000 0.00000000 -1.00000000
vn 0.55470020 0.00000000 0.83205032
vn -0.27472112 0.00000000 -0.96152395
vn 0.55470020 0.00000000 0.83205032
vn -0.31622776 0.00000000 -0.94868332
vn 0.00000000 0.00000000 1.00000000
vn -0.31622776 0.00000000 -0.94868332
vn 0.00000000 0.00000000 1.00000000
vn -0.31622776 0.00000000 -0.94868332
vn 0.00000000 0.00000000 1.00000000
vn -0.31622776 0.00000000 -0.94868332
vn 0.00000000 0.00000000 1.00000000
vn -0.31622776 0.00000000 -0.94868332
vn 0.00000000 0.00000000 1.00000000
vn -0.39391929 0.00000000 -0.91914505
vn 0.27472112 0.00000000 0.96152395
vn 0.00000000 0.00000000 -1.00000000
vn 0.16439898 0.00000000 0.98639393
vn 0.00000000 0.00000000 -1.00000000
vn 0.16439898 0.00000000 0.98639393
vn 0.00000000 0.00000000 -1.00000000
vn 0.70710677 0.00000000 0.70710677
vn -0.24253562 0.00000000 -0.97014248
vn 0.55470020 0.00000000 0.83205032
vn -0.00000000 0.00000000 -1.00000000
vn 0.00000000 0.00000000 1.00000000
vn 0.00000000 0.00000000 -1.00000000
vn 0.00000000 0.00000000 1.00000000
vn 0.00000000 0.00000000 -1.00000000
vn 0.31622776 0.00000000 0.94868332
vn 0.00000000 0.00000000 -1.00000000
vn 0.00000000 0.00000000 1.00000000
vn 0.00000000 0.00000000 -1.00000000
vn 0.00000000 0.00000000 1.00000000
vn 0.00000000 0.00000000 -1.00000000
vn 0.70710677 0.00000000 0.70710677
vn -0.31622776 0.00000000 -0.94868332
vn 0.00000000 0.00000000 1.00000000
vn -0.60000002 0.00000000 -0.80000001
vn 0.00000000 0.00000000 1.00000000
vn -0.60000002 0.00000000 -0.80000001
vn 0.00000000 0.00000000 1.00000000
vn -0.24253562 0.97014248 -0.00000000
vn 0.00000000 0.70710677 -0.70710677
vn 0.00000000 0.00000000 1.00000000
vn -0.60000002 0.00000000 -0.80000001
vn -0.37139067 0.00000000 0.92847669
vn -0.00000000 1.00000000 -0.00000000
vn -0.24253562 0.97014248 0.00000000
vn -0.27472112 0.96152395 0.00000000
vn -0.44721359 0.89442718 0.00000000
vn -0.14142136 0.98994946 0.00000000
vn -0.16439898 0.98639393 0.00000000
vn -0.00000000 1.00000000 0.00000000
vn -0.27216554 -0.68041384 -0.68041384
vn -0.00000000 -1.00000000 -0.00000000
vn -0.00000000 -1.00000000 0.00000000
vn -0.48564294 -0.87415725 0.00000000
vn -0.00000000 -1.00000000 0.00000000
vn -0.00000000 -1.00000000 0.00000000
vn -0.00000000 -1.00000000 0.00000000
vn -0.11704115 -0.70224690 0.70224690
vn -0.14002801 -0.70014006 -0.70014006
vn -0.00000000 -1.00000000 -0.00000000
vn 0.00000000 -1.00000000 0.00000000
vn -0.11704115 -0.70224690 0.70224690
vn -0.14002801 -0.70014006 -0.70014006
vn 0.00000000 -0.70710677 0.70710677
vn -0.14002801 -0.70014006 -0.70014006
vn 0.00000000 -0.70710677 0.70710677
vn -0.14002801 -0.70014006 -0.70014006
vn 0.00000000 -0.70710677 0.70710677
vn -0.14002801 -0.70014006 -0.70014006
vn 0.13608277 -0.27216554 0.95257932
vn -0.15617377 -0.31234753 -0.93704259
vn 0.00000000 0.00000000 1.00000000
vn -0.14744195 -0.44232586 -0.88465172
vn 0.48507124 -0.48507124 0.72760689
vn 0.00000000 -0.70710677 -0.70710677
vn 0.11624764 -0.34874290 0.92998111
vn -0.15617377 -0.31234753 -0.93704259
vn 0.00000000 0.00000000 1.00000000
vn 0.00000000 0.00000000 -1.00000000
vn 0.00000000 0.00000000 1.00000000
vn 0.00000000 0.00000000 -1.00000000
vn 0.00000000 0.00000000 1.00000000
vn -0.27472112 0.00000000 -0.96152395
vn 0.00000000 0.00000000 1.00000000
vn -0.13736056 -0.54944223 -0.82416338
vn 0.00000000 0.00000000 1.00000000
vn -0.13018891 -0.39056674 -0.91132236
vn 0.00000000 0.00000000 1.00000000
vn 0.00000000 0.00000000 -1.00000000
vn 0.55470020 0.00000000 0.83205032
vn 0.00000000 0.00000000 -1.00000000
vn 0.55470020 0.00000000 0.83205032
vn 0.00000000 0.00000000 -1.00000000
vn 0.55470020 0.00000000 0.83205032
vn -0.27472112 0.00000000 -0.96152395
vn 0.00000000 0.00000000 1.00000000
vn -0.13736056 -0.54944223 -0.82416338
vn 0.00000000 0.00000000 1.00000000
vn -0.14744195 -0.44232586 -0.88465172
vn 0.00000000 0.00000000 1.00000000
vn -0.16439898 0.00000000 -0.98639393
vn 0.00000000 0.00000000 1.00000000
vn -0.16439898 0.00000000 -0.98639393
vn 0.00000000 0.00000000 1.00000000
vn -0.16439898 0.00000000 -0.98639393
vn 0.00000000 0.00000000 1.00000000
vn -0.16439898 0.00000000 -0.98639393
vn 0.27472112 0.00000000 0.96152395
vn -0.16439898 0.00000000 -0.98639393
vn 0.16439898 0.00000000 0.98639393
vn -0.14142136 0.00000000 -0.98994946
vn 0.70710677 0.00000000 0.70710677
vn -0.00000000 0.00000000 -1.00000000
vn 0.55470020 0.00000000 0.83205032
vn -0.39391929 0.00000000 -0.91914505
vn 0.55470020 0.00000000 0.83205032
vn 0.00000000 0.00000000 -1.00000000
vn 0.00000000 0.00000000 1.00000000
vn 0.00000000 0.00000000 -1.00000000
vn 0.00000000 0.00000000 1.00000000
vn -0.27472112 0.00000000 -0.96152395
vn 0.27472112 0.00000000 0.96152395
vn -0.00000000 0.00000000 -1.00000000
vn 0.16439898 0.00000000 0.98639393
vn -0.27472112 0.00000000 -0.96152395
vn 0.70710677 0.00000000 0.70710677
vn -0.00000000 0.00000000 -1.00000000
vn 0.00000000 0.00000000 1.00000000
vn 0.00000000 0.00000000 -1.00000000
vn 0.31622776 0.00000000 0.94868332
vn -0.31622776 0.00000000 -0.94868332
vn 0.00000000 0.00000000 1.00000000
vn -0.00000000 0.00000000 -1.00000000
vn 0.31622776 0.00000000 0.94868332
vn 0.00000000 0.00000000 -1.00000000
vn 0.00000000 0.00000000 1.00000000
vn 0.00000000 0.00000000 -1.00000000
vn 0.00000000 0.00000000 1.00000000
vn -0.60000002 0.00000000 -0.80000001
vn 0.00000000 0.00000000 1.00000000
vn -0.60000002 0.00000000 -0.80000001
vn 0.00000000 0.00000000 1.00000000
vn -0.24253562 0.97014248 -0.00000000
vn -0.31622776 0.94868332 0.00000000
vn -0.62469506 0.46852130 -0.62469506
vn -0.51449573 0.00000000 0.85749292
vn -0.31622776 0.94868332 0.00000000
vn -0.00000000 1.00000000 -0.00000000
vn -0.00000000 1.00000000 0.00000000
vn -0.00000000 1.00000000 0.00000000
vn -0.27216554 -0.68041384 -0.68041384
vn -0.00000000 -1.00000000 -0.00000000
vn -0.27216554 -0.68041384 0.68041384
vn -0.27216554 -0.68041384 -0.68041384
vn -0.00000000 -1.00000000 -0.00000000
vn -0.55470020 -0.83205032 0.00000000
vn -0.49613893 -0.86824316 0.00000000
vn 0.00000000 -1.00000000 0.00000000
vn 0.00000000 -0.70710677 0.70710677
vn -0.10050378 -0.70352650 -0.70352650
vn 0.00000000 -1.00000000 0.00000000
vn 0.00000000 -0.70710677 0.70710677
vn -0.10050378 -0.70352650 -0.70352650
vn 0.00000000 -0.70710677 0.70710677
vn -0.10050378 -0.70352650 -0.70352650
vn 0.00000000 -0.70710677 0.70710677
vn -0.10050378 -0.70352650 -0.70352650
vn 0.00000000 -0.51449573 0.85749292
vn -0.10050378 -0.70352650 -0.70352650
vn 0.48507124 -0.48507124 0.72760689
vn -0.08804509 -0.70436072 -0.70436072
vn 0.00000000 -0.49613893 0.86824316
vn -0.13018891 -0.39056674 -0.91132236
vn 0.00000000 0.00000000 1.00000000
vn -0.14744195 -0.44232586 -0.88465172
vn 0.48507124 -0.48507124 0.72760689
vn 0.00000000 -0.49613893 -0.86824316
vn 0.13018891 -0.39056674 0.91132236
vn -0.27472112 0.00000000 -0.96152395
vn 0.16439898 0.00000000 0.98639393
vn -0.13736056 -0.54944223 -0.82416338
vn 0.16439898 0.00000000 0.98639393
vn -0.14744195 -0.44232586 -0.88465172
vn 0.16439898 0.00000000 0.98639393
vn -0.14142136 0.00000000 -0.98994946
vn 0.14142136 0.00000000 0.98994946
vn 0.00000000 0.00000000 -1.00000000
vn 0.00000000 0.00000000 1.00000000
vn 0.00000000 0.00000000 -1.00000000
vn 0.00000000 0.00000000 1.00000000
vn -0.27472112 0.00000000 -0.96152395
vn 0.00000000 0.00000000 1.00000000
vn -0.13736056 -0.54944223 -0.82416338
vn 0.00000000 0.00000000 1.00000000
vn -0.14744195 -0.44232586 -0.88465172
vn 0.00000000 0.00000000 1.00000000
vn -0.14142136 0.00000000 -0.98994946
vn 0.00000000 0.00000000 1.00000000
vn 0.00000000 0.00000000 -1.00000000
vn 0.00000000 0.00000000 1.00000000
vn 0.00000000 0.00000000 -1.00000000
vn 0.00000000 0.00000000 1.00000000
vn 0.00000000 0.00000000 -1.00000000
vn 0.00000000 0.00000000 1.00000000
vn 0.00000000 0.00000000 -1.00000000
vn 0.27472112 0.00000000 0.96152395
vn 0.00000000 0.00000000 -1.00000000
vn 0.70710677 0.00000000 0.70710677
vn 0.00000000 0.00000000 -1.00000000
vn 0.55470020 0.00000000 0.83205032
vn 0.00000000 0.00000000 -1.00000000
vn 0.00000000 0.00000000 1.00000000
vn -0.27472112 0.00000000 -0.96152395
vn 0.00000000 0.00000000 1.00000000
vn -0.14142136 0.00000000 -0.98994946
vn 0.00000000 0.00000000 1.00000000
vn -0.00000000 0.00000000 -1.00000000
vn 0.00000000 0.00000000 1.00000000
vn 0.00000000 0.00000000 -1.00000000
vn 0.27472112 0.00000000 0.96152395
vn 0.00000000 0.00000000 -1.00000000
vn 0.70710677 0.00000000 0.70710677
vn 0.00000000 0.00000000 -1.00000000
vn 0.55470020 0.00000000 0.83205032
vn 0.00000000 0.00000000 -1.00000000
vn 0.00000000 0.00000000 1.00000000
vn 0.00000000 0.00000000 -1.00000000
vn 0.27472112 0.00000000 0.96152395
vn -0.31622776 0.00000000 -0.94868332
vn 0.70710677 0.00000000 0.70710677
vn -0.00000000 0.00000000 -1.00000000
vn 0.00000000 0.00000000 1.00000000
vn 0.00000000 0.00000000 -1.00000000
vn 0.70710677 0.00000000 0.70710677
vn -0.31622776 0.00000000 -0.94868332
vn 0.00000000 0.00000000 1.00000000
vn -0.60000002 0.00000000 -0.80000001
vn 0.00000000 0.00000000 1.00000000
vn -0.60000002 0.00000000 -0.80000001
vn 0.00000000 0.00000000 1.00000000
vn -0.24253562 0.97014248 -0.00000000
vn 0.00000000 0.70710677 -0.70710677
vn 0.00000000 0.00000000 1.00000000
vn -0.60000002 0.00000000 -0.80000001
vn -0.37139067 0.00000000 0.92847669
vn -0.31622776 0.94868332 -0.00000000
vn -0.24253562 0.97014248 0.00000000
vn -0.51449573 0.85749292 0.00000000
vn -0.14142136 0.98994946 0.00000000
vn -0.16439898 0.98639393 0.00000000
vn -0.00000000 1.00000000 0.00000000
vn -0.27216554 -0.68041384 -0.68041384
vn -0.00000000 -1.00000000 -0.00000000
vn -0.00000000 -1.00000000 0.00000000
vn -0.00000000 -1.00000000 0.00000000
vn -0.00000000 -1.00000000 0.00000000
vn -0.00000000 -1.00000000 0.00000000
vn -0.11704115 -0.70224690 0.70224690
vn -0.22941573 -0.68824720 -0.68824720
vn -0.37139067 -0.92847669 -0.00000000
vn -0.14002801 -0.70014006 0.70014006
vn -0.22941573 -0.68824720 -0.68824720
vn 0.00000000 -1.00000000 0.00000000
vn 0.00000000 -0.70710677 0.70710677
vn -0.22941573 -0.68824720 -0.68824720
vn 0.00000000 -0.70710677 0.70710677
vn -0.22941573 -0.68824720 -0.68824720
vn 0.00000000 -0.70710677 0.70710677
vn -0.11704115 -0.70224690 -0.70224690
vn 0.13608277 -0.27216554 0.95257932
vn -0.14002801 -0.70014006 -0.70014006
vn 0.00000000 -0.55470020 0.83205032
vn -0.15617377 -0.31234753 -0.93704259
vn 0.13608277 -0.27216554 0.95257932
vn -0.12309149 -0.49236596 -0.86164045
vn 0.00000000 0.00000000 1.00000000
vn -0.13018891 -0.39056674 -0.91132236
vn 0.00000000 0.00000000 1.00000000
vn 0.00000000 -0.49613893 -0.86824316
vn 0.55470020 0.00000000 0.83205032
vn -0.18257418 -0.36514837 -0.91287094
vn 0.55470020 0.00000000 0.83205032
vn -0.14142136 0.00000000 -0.98994946
vn 0.55470020 0.00000000 0.83205032
vn 0.00000000 0.00000000 -1.00000000
vn 0.55470020 0.00000000 0.83205032
vn 0.00000000 0.00000000 -1.00000000
vn 0.48507124 -0.48507124 0.72760689
vn -0.27472112 0.00000000 -0.96152395
vn 0.13018891 -0.39056674 0.91132236
vn -0.13736056 -0.54944223 -0.82416338
vn 0.16439898 0.00000000 0.98639393
vn -0.14744195 -0.44232586 -0.88465172
vn 0.14142136 0.00000000 0.98994946
vn -0.14142136 0.00000000 -0.98994946
vn 0.00000000 0.00000000 1.00000000
vn 0.00000000 0.00000000 -1.00000000
vn 0.00000000 0.00000000 1.00000000
vn 0.00000000 0.00000000 -1.00000000
vn 0.00000000 0.00000000 1.00000000
vn -0.27472112 0.00000000 -0.96152395
vn 0.27472112 0.00000000 0.96152395
vn -0.31622776 0.00000000 -0.94868332
vn 0.16439898 0.00000000 0.98639393
vn -0.31622776 0.00000000 -0.94868332
vn 0.16439898 0.00000000 0.98639393
vn -0.31622776 0.00000000 -0.94868332
vn 0.70710677 0.00000000 0.70710677
vn -0.31622776 0.00000000 -0.94868332
vn 0.00000000 0.00000000 1.00000000
vn -0.39391929 0.00000000 -0.91914505
vn 0.00000000 0.00000000 1.00000000
vn 0.00000000 0.00000000 -1.00000000
vn 0.00000000 0.00000000 1.00000000
vn 0.00000000 0.00000000 -1.00000000
vn 0.00000000 0.00000000 1.00000000
vn 0.00000000 0.00000000 -1.00000000
vn 0.27472112 0.00000000 0.96152395
vn -0.27472112 0.00000000 -0.96152395
vn 0.16439898 0.00000000 0.98639393
vn -0.00000000 0.00000000 -1.00000000
vn 0.70710677 0.00000000 0.70710677
vn 0.00000000 0.00000000 -1.00000000
vn 0.00000000 0.00000000 1.00000000
vn 0.00000000 0.00000000 -1.00000000
vn 0.00000000 0.00000000 1.00000000
vn 0.00000000 0.00000000 -1.00000000
vn 0.27472112 0.00000000 0.96152395
vn -0.27472112 0.00000000 -0.96152395
vn 0.70710677 0.00000000 0.70710677
vn -0.00000000 0.00000000 -1.00000000
vn 0.00000000 0.00000000 1.00000000
vn 0.00000000 0.00000000 -1.00000000
vn 0.31622776 0.00000000 0.94868332
vn -0.31622776 0.00000000 -0.94868332
vn 0.00000000 0.00000000 1.00000000
vn -0.00000000 0.00000000 -1.00000000
vn 0.31622776 0.00000000 0.94868332
vn 0.00000000 0.00000000 -1.00000000
vn 0.00000000 0.00000000 1.00000000
vn 0.00000000 0.00000000 -1.00000000
vn 0.00000000 0.00000000 1.00000000
vn -0.60000002 0.00000000 -0.80000001
vn 0.00000000 0.00000000 1.00000000
vn -0.60000002 0.00000000 -0.80000001
vn 0.00000000 0.00000000 1.00000000
vn -0.24253562 0.97014248 -0.00000000
vn -0.51449573 0.51449573 -0.68599433
vn -0.51449573 0.00000000 0.85749292
vn -0.31622776 0.94868332 0.00000000
vn -0.31622776 0.94868332 -0.00000000
vn -0.00000000 1.00000000 0.00000000
vn -0.44721359 0.89442718 0.00000000
vn -0.14002801 -0.70014006 -0.70014006
vn -0.00000000 -1.00000000 -0.00000000
vn -0.44721359 -0.89442718 0.00000000
vn -0.51449573 -0.85749292 0.00000000
vn -0.44721359 -0.89442718 0.00000000
vn -0.44721359 -0.89442718 0.00000000
vn -0.49613893 -0.86824316 0.00000000
vn -0.00000000 -1.00000000 0.00000000
vn -0.14002801 -0.70014006 0.70014006
vn -0.27216554 -0.68041384 -0.68041384
vn 0.00000000 -1.00000000 0.00000000
vn -0.11704115 -0.70224690 0.70224690
vn -0.22941573 -0.68824720 -0.68824720
vn 0.00000000 -0.70710677 0.70710677
vn -0.11704115 -0.70224690 -0.70224690
vn 0.00000000 -0.70710677 0.70710677
vn -0.15617377 -0.31234753 -0.93704259
vn 0.15617377 -0.31234753 0.93704259
vn -0.14744195 -0.44232586 -0.88465172
vn 0.48507124 -0.48507124 0.72760689
vn -0.10050378 -0.70352650 -0.70352650
vn 0.00000000 -0.55470020 0.83205032
vn 0.00000000 -0.70710677 -0.70710677
vn 0.48507124 -0.48507124 0.72760689
vn -0.15617377 -0.31234753 -0.93704259
vn 0.11624764 -0.34874290 0.92998111
vn 0.00000000 0.00000000 -1.00000000
vn 0.00000000 0.00000000 1.00000000
vn -0.14744195 -0.44232586 -0.88465172
vn 0.00000000 0.00000000 1.00000000
vn 0.00000000 -0.49613893 -0.86824316
vn 0.00000000 0.00000000 1.00000000
vn 0.00000000 0.00000000 -1.00000000
vn 0.00000000 0.00000000 1.00000000
vn -0.27472112 0.00000000 -0.96152395
vn 0.00000000 0.00000000 1.00000000
vn -0.13736056 -0.54944223 -0.82416338
vn 0.00000000 0.00000000 1.00000000
vn -0.14744195 -0.44232586 -0.88465172
vn 0.55470020 0.00000000 0.83205032
vn -0.14142136 0.00000000 -0.98994946
vn 0.55470020 0.00000000 0.83205032
vn 0.00000000 0.00000000 -1.00000000
vn 0.48507124 -0.48507124 0.72760689
vn -0.27472112 0.00000000 -0.96152395
vn 0.13018891 -0.39056674 0.91132236
vn -0.31622776 0.00000000 -0.94868332
vn 0.16439898 0.00000000 0.98639393
vn -0.13736056 -0.54944223 -0.82416338
vn 0.16439898 0.00000000 0.98639393
vn -0.14744195 -0.44232586 -0.88465172
vn 0.70710677 0.00000000 0.70710677
vn -0.16439898 0.00000000 -0.98639393
vn 0.55470020 0.00000000 0.83205032
vn -0.16439898 0.00000000 -0.98639393
vn 0.55470020 0.00000000 0.83205032
vn -0.16439898 0.00000000 -0.98639393
vn 0.00000000 0.00000000 1.00000000
vn -0.16439898 0.00000000 -0.98639393
vn 0.00000000 0.00000000 1.00000000
vn -0.14142136 0.00000000 -0.98994946
vn 0.00000000 0.00000000 1.00000000
vn -0.00000000 0.00000000 -1.00000000
vn 0.27472112 0.00000000 0.96152395
vn 0.00000000 0.00000000 -1.00000000
vn 0.16439898 0.00000000 0.98639393
vn 0.00000000 0.00000000 -1.00000000
vn 0.70710677 0.00000000 0.70710677
vn 0.00000000 0.00000000 -1.00000000
vn 0.55470020 0.00000000 0.83205032
vn 0.00000000 0.00000000 -1.00000000
vn 0.00000000 0.00000000 1.00000000
vn 0.00000000 0.00000000 -1.00000000
vn 0.00000000 0.00000000 1.00000000
vn -0.27472112 0.00000000 -0.96152395
vn 0.27472112 0.00000000 0.96152395
vn -0.00000000 0.00000000 -1.00000000
vn 0.70710677 0.00000000 0.70710677
vn 0.00000000 0.00000000 -1.00000000
vn 0.00000000 0.00000000 1.00000000
vn 0.00000000 0.00000000 -1.00000000
vn 0.00000000 0.00000000 1.00000000
vn -0.31622776 0.00000000 -0.94868332
vn 0.70710677 0.00000000 0.70710677
vn -0.00000000 0.00000000 -1.00000000
vn 0.00000000 0.00000000 1.00000000
vn 0.00000000 0.00000000 -1.00000000
vn 0.70710677 0.00000000 0.70710677
vn -0.31622776 0.00000000 -0.94868332
vn 0.00000000 0.00000000 1.00000000
vn -0.60000002 0.00000000 -0.80000001
vn 0.00000000 0.00000000 1.00000000
vn -0.60000002 0.00000000 -0.80000001
vn 0.00000000 0.00000000 1.00000000
vn -0.60000002 0.00000000 -0.80000001
vn 0.00000000 0.00000000 1.00000000
vn -0.24253562 0.97014248 -0.00000000
vn -0.51449573 0.51449573 -0.68599433
vn -0.51449573 0.00000000 0.85749292
vn -0.37139067 0.92847669 -0.00000000
vn -0.66666669 0.33333334 -0.66666669
vn -0.51449573 0.00000000 0.85749292
vn -0.31622776 0.94868332 0.00000000
vn -0.27216554 0.95257932 0.13608277
vn -0.27216554 -0.68041384 -0.68041384
vn -0.00000000 -1.00000000 -0.00000000
vn -0.00000000 -1.00000000 0.00000000
vn -0.00000000 -1.00000000 0.00000000
vn -0.00000000 -1.00000000 0.00000000
vn -0.00000000 -1.00000000 0.00000000
vn -0.11704115 -0.70224690 0.70224690
vn -0.10050378 -0.70352650 -0.70352650
vn 0.00000000 -1.00000000 0.00000000
vn -0.11704115 -0.70224690 0.70224690
vn -0.14002801 -0.70014006 -0.70014006
vn 0.00000000 -1.00000000 -0.00000000
vn 0.00000000 -0.70710677 0.70710677
vn -0.15617377 -0.31234753 -0.93704259
vn 0.00000000 -0.70710677 0.70710677
vn -0.14744195 -0.44232586 -0.88465172
vn 0.00000000 -0.51449573 0.85749292
vn -0.08804509 -0.70436072 -0.70436072
vn 0.48507124 -0.48507124 0.72760689
vn -0.11704115 -0.70224690 -0.70224690
vn 0.00000000 -0.70710677 0.70710677
vn -0.15617377 -0.31234753 -0.93704259
vn 0.13608277 -0.27216554 0.95257932
vn -0.14744195 -0.44232586 -0.88465172
vn 0.00000000 0.00000000 1.00000000
vn 0.00000000 -0.49613893 -0.86824316
vn 0.48507124 -0.48507124 0.72760689
vn -0.12309149 -0.49236596 -0.86164045
vn 0.13018891 -0.39056674 0.91132236
vn -0.13018891 -0.39056674 -0.91132236
vn 0.16439898 0.00000000 0.98639393
vn 0.00000000 0.00000000 -1.00000000
vn 0.16439898 0.00000000 0.98639393
vn -0.12309149 -0.49236596 -0.86164045
vn 0.14142136 0.00000000 0.98994946
vn -0.14744195 -0.44232586 -0.88465172
vn 0.00000000 0.00000000 1.00000000
vn -0.14142136 0.00000000 -0.98994946
vn 0.00000000 0.00000000 1.00000000
vn 0.00000000 0.00000000 -1.00000000
vn 0.00000000 0.00000000 1.00000000
vn -0.27472112 0.00000000 -0.96152395
vn 0.00000000 0.00000000 1.00000000
vn -0.13736056 -0.54944223 -0.82416338
vn 0.00000000 0.00000000 1.00000000
vn -0.14744195 -0.44232586 -0.88465172
vn 0.55470020 0.00000000 0.83205032
vn -0.16439898 0.00000000 -0.98639393
vn 0.55470020 0.00000000 0.83205032
vn -0.14142136 0.00000000 -0.98994946
vn 0.55470020 0.00000000 0.83205032
vn 0.00000000 0.00000000 -1.00000000
vn 0.00000000 0.00000000 1.00000000
vn 0.00000000 0.00000000 -1.00000000
vn 0.00000000 0.00000000 1.00000000
vn 0.00000000 0.00000000 -1.00000000
vn 0.00000000 0.00000000 1.00000000
vn 0.00000000 0.00000000 -1.00000000
vn 0.00000000 0.00000000 1.00000000
vn 0.00000000 0.00000000 -1.00000000
vn 0.00000000 0.00000000 1.00000000
vn 0.00000000 0.00000000 -1.00000000
vn 0.27472112 0.00000000 0.96152395
vn -0.24253562 0.00000000 -0.97014248
vn 0.70710677 0.00000000 0.70710677
vn -0.00000000 0.00000000 -1.00000000
vn 0.55470020 0.00000000 0.83205032
vn 0.00000000 0.00000000 -1.00000000
vn 0.00000000 0.00000000 1.00000000
vn 0.00000000 0.00000000 -1.00000000
vn 0.00000000 0.00000000 1.00000000
vn -0.27472112 0.00000000 -0.96152395
vn 0.27472112 0.00000000 0.96152395
vn -0.00000000 0.00000000 -1.00000000
vn 0.16439898 0.00000000 0.98639393
vn 0.00000000 0.00000000 -1.00000000
vn 0.70710677 0.00000000 0.70710677
vn 0.00000000 0.00000000 -1.00000000
vn 0.00000000 0.00000000 1.00000000
vn 0.00000000 0.00000000 -1.00000000
vn 0.00000000 0.00000000 1.00000000
vn -0.27472112 0.00000000 -0.96152395
vn 0.31622776 0.00000000 0.94868332
vn -0.00000000 0.00000000 -1.00000000
vn 0.00000000 0.00000000 1.00000000
vn 0.00000000 0.00000000 -1.00000000
vn 0.00000000 0.00000000 1.00000000
vn -0.27472112 0.00000000 -0.96152395
vn 0.00000000 0.00000000 1.00000000
vn -0.00000000 0.00000000 -1.00000000
vn 0.00000000 0.00000000 1.00000000
vn 0.00000000 0.00000000 -1.00000000
vn 0.00000000 0.00000000 1.00000000
vn -0.31622776 0.00000000 -0.94868332
vn 0.00000000 0.00000000 1.00000000
vn -0.60000002 0.00000000 -0.80000001
vn -0.39391929 0.00000000 0.91914505
vn -0.24253562 0.97014248 -0.00000000
vn -0.51449573 0.51449573 -0.68599433
vn -0.44721359 0.00000000 0.89442718
vn -0.60000002 0.00000000 -0.80000001
vn -0.58123821 0.00000000 0.81373346
vn -0.31622776 0.94868332 0.00000000
vn -0.44721359 0.89442718 -0.00000000
vn -0.39391929 0.91914505 0.00000000
vn -0.51449573 0.85749292 0.00000000
vn -0.31622776 0.94868332 0.00000000
vn -0.27216554 -0.68041384 -0.68041384
vn -0.00000000 -1.00000000 -0.00000000
vn -0.55470020 -0.83205032 0.00000000
vn -0.44721359 -0.89442718 0.00000000
vn -0.44721359 -0.89442718 0.00000000
vn -0.49613893 -0.86824316 0.00000000
vn -0.00000000 -1.00000000 0.00000000
vn -0.14002801 -0.70014006 0.70014006
vn -0.22941573 -0.68824720 -0.68824720
vn 0.00000000 -1.00000000 0.00000000
vn 0.00000000 -0.70710677 0.70710677
vn -0.10050378 -0.70352650 -0.70352650
vn 0.00000000 -0.70710677 0.70710677
vn -0.08804509 -0.70436072 -0.70436072
vn 0.00000000 -0.70710677 0.70710677
vn -0.11704115 -0.70224690 -0.70224690
vn 0.13608277 -0.27216554 0.95257932
vn -0.15617377 -0.31234753 -0.93704259
vn 0.00000000 -0.51449573 0.85749292
vn -0.14744195 -0.44232586 -0.88465172
vn 0.00000000 -0.51449573 0.85749292
vn 0.00000000 -0.70710677 -0.70710677
vn 0.48507124 -0.48507124 0.72760689
vn -0.15617377 -0.31234753 -0.93704259
vn 0.11624764 -0.34874290 0.92998111
vn 0.00000000 -0.49613893 -0.86824316
vn 0.00000000 0.00000000 1.00000000
vn -0.15617377 -0.31234753 -0.93704259
vn 0.55470020 0.00000000 0.83205032
vn 0.00000000 0.00000000 -1.00000000
vn 0.55470020 0.00000000 0.83205032
vn -0.12309149 -0.49236596 -0.86164045
vn 0.55470020 0.00000000 0.83205032
vn -0.13018891 -0.39056674 -0.91132236
vn 0.48507124 -0.48507124 0.72760689
vn 0.00000000 0.00000000 -1.00000000
vn 0.13018891 -0.39056674 0.91132236
vn 0.00000000 0.00000000 -1.00000000
vn 0.16439898 0.00000000 0.98639393
vn -0.12309149 -0.49236596 -0.86164045
vn 0.16439898 0.00000000 0.98639393
vn -0.14744195 -0.44232586 -0.88465172
vn 0.14142136 0.00000000 0.98994946
vn -0.14142136 0.00000000 -0.98994946
vn 0.00000000 0.00000000 1.00000000
vn 0.00000000 0.00000000 -1.00000000
vn 0.00000000 0.00000000 1.00000000
vn 0.00000000 0.00000000 -1.00000000
vn 0.00000000 0.00000000 1.00000000
vn 0.00000000 0.00000000 -1.00000000
vn 0.00000000 0.00000000 1.00000000
vn -0.27472112 0.00000000 -0.96152395
vn 0.00000000 0.00000000 1.00000000
vn -0.31622776 0.00000000 -0.94868332
vn 0.00000000 0.00000000 1.00000000
vn -0.31622776 0.00000000 -0.94868332
vn 0.00000000 0.00000000 1.00000000
vn -0.31622776 0.00000000 -0.94868332
vn 0.27472112 0.00000000 0.96152395
vn -0.39391929 0.00000000 -0.91914505
vn 0.16439898 0.00000000 0.98639393
vn 0.00000000 0.00000000 -1.00000000
vn 0.70710677 0.00000000 0.70710677
vn 0.00000000 0.00000000 -1.00000000
vn 0.00000000 0.00000000 1.00000000
vn -0.24253562 0.00000000 -0.97014248
vn 0.00000000 0.00000000 1.00000000
vn -0.00000000 0.00000000 -1.00000000
vn 0.00000000 0.00000000 1.00000000
vn 0.00000000 0.00000000 -1.00000000
vn 0.27472112 0.00000000 0.96152395
vn 0.00000000 0.00000000 -1.00000000
vn 0.70710677 0.00000000 0.70710677
vn 0.00000000 0.00000000 -1.00000000
vn 0.55470020 0.00000000 0.83205032
vn 0.00000000 0.00000000 -1.00000000
vn 0.00000000 0.00000000 1.00000000
vn -0.24253562 0.00000000 -0.97014248
vn 0.00000000 0.00000000 1.00000000
vn -0.00000000 0.00000000 -1.00000000
vn 0.27472112 0.00000000 0.96152395
vn 0.00000000 0.00000000 -1.00000000
vn 0.70710677 0.00000000 0.70710677
vn 0.00000000 0.00000000 -1.00000000
vn 0.00000000 0.00000000 1.00000000
vn -0.27472112 0.00000000 -0.96152395
vn 0.31622776 0.00000000 0.94868332
vn -0.00000000 0.00000000 -1.00000000
vn 0.00000000 0.00000000 1.00000000
vn -0.27472112 0.00000000 -0.96152395
vn 0.31622776 0.00000000 0.94868332
vn -0.60000002 0.00000000 -0.80000001
vn 0.00000000 0.00000000 1.00000000
vn -0.00000000 0.00000000 -1.00000000
vn 0.00000000 0.00000000 1.00000000
vn 0.00000000 0.00000000 -1.00000000
vn 0.00000000 0.00000000 1.00000000
vn -0.60000002 0.00000000 -0.80000001
vn 0.00000000 0.00000000 1.00000000
vn -0.60000002 0.00000000 -0.80000001
vn -0.37139067 0.00000000 0.92847669
vn -0.60000002 0.00000000 -0.80000001
vn -0.44721359 0.00000000 0.89442718
vn -0.31622776 0.94868332 -0.00000000
vn -0.27472112 0.96152395 0.00000000
vn -0.14142136 0.98994946 0.00000000
vn -0.44721359 0.89442718 0.00000000
vn -0.27216554 -0.68041384 -0.68041384
vn -0.00000000 -1.00000000 -0.00000000
vn -0.00000000 -1.00000000 0.00000000
vn -0.00000000 -1.00000000 0.00000000
vn -0.00000000 -1.00000000 0.00000000
vn -0.27216554 -0.68041384 0.68041384
vn -0.14002801 -0.70014006 -0.70014006
vn 0.00000000 -1.00000000 -0.00000000
vn 0.00000000 -1.00000000 0.00000000
vn -0.11704115 -0.70224690 0.70224690
vn -0.14002801 -0.70014006 -0.70014006
vn 0.00000000 -0.70710677 0.70710677
vn -0.14002801 -0.70014006 -0.70014006
vn 0.00000000 -0.70710677 0.70710677
vn -0.15617377 -0.31234753 -0.93704259
vn 0.00000000 -0.51449573 0.85749292
vn -0.14744195 -0.44232586 -0.88465172
vn 0.48507124 -0.48507124 0.72760689
vn 0.00000000 -0.70710677 -0.70710677
vn 0.00000000 -0.70710677 0.70710677
vn -0.15617377 -0.31234753 -0.93704259
vn 0.13608277 -0.27216554 0.95257932
vn -0.14744195 -0.44232586 -0.88465172
vn 0.00000000 0.00000000 1.00000000
vn 0.00000000 -0.49613893 -0.86824316
vn 0.48507124 -0.48507124 0.72760689
vn -0.14744195 -0.44232586 -0.88465172
vn 0.13018891 -0.39056674 0.91132236
vn 0.00000000 -0.49613893 -0.86824316
vn 0.14142136 0.00000000 0.98994946
vn -0.12309149 -0.49236596 -0.86164045
vn 0.00000000 0.00000000 1.00000000
vn -0.13018891 -0.39056674 -0.91132236
vn 0.00000000 0.00000000 1.00000000
vn 0.00000000 0.00000000 -1.00000000
vn 0.00000000 0.00000000 1.00000000
vn -0.27472112 0.00000000 -0.96152395
vn 0.55470020 0.00000000 0.83205032
vn -0.13736056 -0.54944223 -0.82416338
vn 0.55470020 0.00000000 0.83205032
vn -0.13018891 -0.39056674 -0.91132236
vn 0.55470020 0.00000000 0.83205032
vn 0.00000000 0.00000000 -1.00000000
vn 0.48507124 -0.48507124 0.72760689
vn 0.00000000 0.00000000 -1.00000000
vn 0.13018891 -0.39056674 0.91132236
vn 0.00000000 0.00000000 -1.00000000
vn 0.16439898 0.00000000 0.98639393
vn -0.27472112 0.00000000 -0.96152395
vn 0.16439898 0.00000000 0.98639393
vn -0.13736056 -0.54944223 -0.82416338
vn 0.16439898 0.00000000 0.98639393
vn -0.14744195 -0.44232586 -0.88465172
vn 0.16439898 0.00000000 0.98639393
vn -0.16439898 0.00000000 -0.98639393
vn 0.16439898 0.00000000 0.98639393
vn -0.16439898 0.00000000 -0.98639393
vn 0.16439898 0.00000000 0.98639393
vn -0.16439898 0.00000000 -0.98639393
vn 0.70710677 0.00000000 0.70710677
vn -0.14142136 0.00000000 -0.98994946
vn 0.55470020 0.00000000 0.83205032
vn -0.00000000 0.00000000 -1.00000000
vn 0.00000000 0.00000000 1.00000000
vn 0.00000000 0.00000000 -1.00000000
vn 0.00000000 0.00000000 1.00000000
vn 0.00000000 0.00000000 -1.00000000
vn 0.27472112 0.00000000 0.96152395
vn -0.24253562 0.00000000 -0.97014248
vn 0.16439898 0.00000000 0.98639393
vn -0.00000000 0.00000000 -1.00000000
vn 0.70710677 0.00000000 0.70710677
vn 0.00000000 0.00000000 -1.00000000
vn 0.00000000 0.00000000 1.00000000
vn -0.24253562 0.00000000 -0.97014248
vn 0.00000000 0.00000000 1.00000000
vn -0.00000000 0.00000000 -1.00000000
vn 0.27472112 0.00000000 0.96152395
vn 0.00000000 0.00000000 -1.00000000
vn 0.16439898 0.00000000 0.98639393
vn -0.27472112 0.00000000 -0.96152395
vn 0.70710677 0.00000000 0.70710677
vn -0.00000000 0.00000000 -1.00000000
vn 0.00000000 0.00000000 1.00000000
vn -0.24253562 0.00000000 -0.97014248
vn 0.00000000 0.00000000 1.00000000
vn -0.00000000 0.00000000 -1.00000000
vn 0.70710677 0.00000000 0.70710677
vn -0.27472112 0.00000000 -0.96152395
vn 0.00000000 0.00000000 1.00000000
vn -0.00000000 0.00000000 -1.00000000
vn 0.70710677 0.00000000 0.70710677
vn -0.27472112 0.00000000 -0.96152395
vn 0.00000000 0.00000000 1.00000000
vn -0.60000002 0.00000000 -0.80000001
vn 0.00000000 0.00000000 1.00000000
vn -0.60000002 0.00000000 -0.80000001
vn 0.00000000 0.00000000 1.00000000
vn -0.60000002 0.00000000 -0.80000001
vn 0.00000000 0.00000000 1.00000000
vn -0.60000002 0.00000000 -0.80000001
vn 0.00000000 0.00000000 1.00000000
vn -0.60000002 0.00000000 -0.80000001
vn 0.00000000 0.00000000 1.00000000
vn -0.37139067 0.92847669 -0.00000000
vn -0.66666669 0.33333334 -0.66666669
vn -0.37139067 0.00000000 0.92847669
vn -0.00000000 1.00000000 -0.00000000
vn -0.00000000 1.00000000 0.00000000
vn -0.27216554 -0.68041384 -0.68041384
vn -0.00000000 -1.00000000 -0.00000000
vn -0.00000000 -1.00000000 0.00000000
vn -0.49613893 -0.86824316 0.00000000
vn -0.49613893 -0.86824316 0.00000000
vn -0.00000000 -1.00000000 0.00000000
vn 0.00000000 -1.00000000 0.00000000
vn -0.11704115 -0.70224690 0.70224690
vn -0.10050378 -0.70352650 -0.70352650
vn 0.00000000 -0.70710677 0.70710677
vn -0.10050378 -0.70352650 -0.70352650
vn 0.00000000 -0.70710677 0.70710677
vn -0.10050378 -0.70352650 -0.70352650
vn 0.00000000 -0.70710677 0.70710677
vn -0.08804509 -0.70436072 -0.70436072
vn 0.13608277 -0.27216554 0.95257932
vn -0.13018891 -0.39056674 -0.91132236
vn 0.00000000 -0.55470020 0.83205032
vn -0.14744195 -0.44232586 -0.88465172
vn 0.15617377 -0.31234753 0.93704259
vn 0.00000000 -0.70710677 -0.70710677
vn 0.48507124 -0.48507124 0.72760689
vn -0.15617377 -0.31234753 -0.93704259
vn 0.11624764 -0.34874290 0.92998111
vn 0.00000000 -0.49613893 -0.86824316
vn 0.00000000 0.00000000 1.00000000
vn -0.15617377 -0.31234753 -0.93704259
vn 0.55470020 0.00000000 0.83205032
vn 0.00000000 -0.49613893 -0.86824316
vn 0.48507124 -0.48507124 0.72760689
vn -0.15617377 -0.31234753 -0.93704259
vn 0.13018891 -0.39056674 0.91132236
vn 0.00000000 0.00000000 -1.00000000
vn 0.16439898 0.00000000 0.98639393
vn 0.00000000 -0.49613893 -0.86824316
vn 0.16439898 0.00000000 0.98639393
vn -0.18257418 -0.36514837 -0.91287094
vn 0.14142136 0.00000000 0.98994946
vn -0.14142136 0.00000000 -0.98994946
vn 0.00000000 0.00000000 1.00000000
vn 0.00000000 0.00000000 -1.00000000
vn 0.00000000 0.00000000 1.00000000
vn 0.00000000 0.00000000 -1.00000000
vn 0.00000000 0.00000000 1.00000000
vn -0.27472112 0.00000000 -0.96152395
vn 0.55470020 0.00000000 0.83205032
vn -0.13736056 -0.54944223 -0.82416338
vn 0.55470020 0.00000000 0.83205032
vn -0.14744195 -0.44232586 -0.88465172
vn 0.55470020 0.00000000 0.83205032
vn -0.14142136 0.00000000 -0.98994946
vn 0.55470020 0.00000000 0.83205032
vn 0.00000000 0.00000000 -1.00000000
vn 0.55470020 0.00000000 0.83205032
vn 0.00000000 0.00000000 -1.00000000
vn 0.55470020 0.00000000 0.83205032
vn 0.00000000 0.00000000 -1.00000000
vn 0.55470020 0.00000000 0.83205032
vn 0.00000000 0.00000000 -1.00000000
vn 0.00000000 0.00000000 1.00000000
vn 0.00000000 0.00000000 -1.00000000
vn 0.00000000 0.00000000 1.00000000
vn -0.27472112 0.00000000 -0.96152395
vn 0.00000000 0.00000000 1.00000000
vn -0.00000000 0.00000000 -1.00000000
vn 0.27472112 0.00000000 0.96152395
vn 0.00000000 0.00000000 -1.00000000
vn 0.70710677 0.00000000 0.70710677
vn 0.00000000 0.00000000 -1.00000000
vn 0.55470020 0.00000000 0.83205032
vn -0.27472112 0.00000000 -0.96152395
vn 0.00000000 0.00000000 1.00000000
vn -0.00000000 0.00000000 -1.00000000
vn 0.00000000 0.00000000 1.00000000
vn 0.00000000 0.00000000 -1.00000000
vn 0.27472112 0.00000000 0.96152395
vn -0.27472112 0.00000000 -0.96152395
vn 0.70710677 0.00000000 0.70710677
vn -0.00000000 0.00000000 -1.00000000
vn 0.55470020 0.00000000 0.83205032
vn 0.00000000 0.00000000 -1.00000000
vn 0.00000000 0.00000000 1.00000000
vn 0.00000000 0.00000000 -1.00000000
vn 0.00000000 0.00000000 1.00000000
vn 0.00000000 0.00000000 -1.00000000
vn 0.31622776 0.00000000 0.94868332
vn -0.24253562 0.00000000 -0.97014248
vn 0.00000000 0.00000000 1.00000000
vn -0.00000000 0.00000000 -1.00000000
vn 0.00000000 0.00000000 1.00000000
vn -0.27472112 0.00000000 -0.96152395
vn 0.00000000 0.00000000 1.00000000
vn -0.00000000 0.00000000 -1.00000000
vn 0.00000000 0.00000000 1.00000000
vn -0.31622776 0.00000000 -0.94868332
vn 0.00000000 0.00000000 1.00000000
vn -0.60000002 0.00000000 -0.80000001
vn 0.00000000 0.00000000 1.00000000
vn -0.60000002 0.00000000 -0.80000001
vn 0.00000000 0.00000000 1.00000000
vn -0.60000002 0.00000000 -0.80000001
vn 0.00000000 0.00000000 1.00000000
vn -0.60000002 0.00000000 -0.80000001
vn 0.00000000 0.00000000 1.00000000
vn -0.60000002 0.00000000 -0.80000001
vn 0.00000000 0.00000000 1.00000000
vn -0.44721359 0.89442718 -0.00000000
vn -0.39391929 0.91914505 0.00000000
vn -0.51449573 0.85749292 0.00000000
vn -0.31622776 0.94868332 0.00000000
vn -0.27216554 -0.68041384 -0.68041384
vn -0.00000000 -1.00000000 -0.00000000
vn -0.00000000 -1.00000000 0.00000000
vn -0.11704115 -0.70224690 0.70224690
vn -0.14002801 -0.70014006 -0.70014006
vn 0.00000000 -1.00000000 -0.00000000
vn -0.00000000 -1.00000000 0.00000000
vn 0.00000000 -1.00000000 0.00000000
vn 0.00000000 -0.70710677 0.70710677
vn -0.14002801 -0.70014006 -0.70014006
vn 0.00000000 -0.70710677 0.70710677
vn -0.14002801 -0.70014006 -0.70014006
vn 0.00000000 -0.70710677 0.70710677
vn -0.14002801 -0.70014006 -0.70014006
vn 0.15617377 -0.31234753 0.93704259
vn -0.15617377 -0.31234753 -0.93704259
vn 0.48507124 -0.48507124 0.72760689
vn 0.00000000 -0.49613893 -0.86824316
vn 0.00000000 -0.55470020 0.83205032
vn -0.15617377 -0.31234753 -0.93704259
vn 0.48507124 -0.48507124 0.72760689
vn 0.00000000 -0.44721359 -0.89442718
vn 0.00000000 -0.55470020 0.83205032
vn 0.00000000 -0.44721359 -0.89442718
vn 0.48507124 -0.48507124 0.72760689
vn 0.00000000 -0.44721359 -0.89442718
vn 0.13018891 -0.39056674 0.91132236
vn 0.00000000 -0.44721359 -0.89442718
vn 0.14142136 0.00000000 0.98994946
vn 0.00000000 -0.44721359 -0.89442718
vn 0.00000000 0.00000000 1.00000000
vn 0.00000000 -0.44721359 -0.89442718
vn 0.55470020 0.00000000 0.83205032
vn 0.00000000 0.00000000 -1.00000000
vn 0.55470020 0.00000000 0.83205032
vn -0.14744195 -0.44232586 -0.88465172
vn 0.55470020 0.00000000 0.83205032
vn 0.00000000 -0.49613893 -0.86824316
vn 0.48507124 -0.48507124 0.72760689
vn 0.00000000 0.00000000 -1.00000000
vn 0.13018891 -0.39056674 0.91132236
vn 0.00000000 0.00000000 -1.00000000
vn 0.16439898 0.00000000 0.98639393
vn -0.12309149 -0.49236596 -0.86164045
vn 0.16439898 0.00000000 0.98639393
vn -0.14744195 -0.44232586 -0.88465172
vn 0.14142136 0.00000000 0.98994946
vn -0.14142136 0.00000000 -0.98994946
vn 0.00000000 0.00000000 1.00000000
vn 0.00000000 0.00000000 -1.00000000
vn 0.00000000 0.00000000 1.00000000
vn 0.00000000 0.00000000 -1.00000000
vn 0.00000000 0.00000000 1.00000000
vn 0.00000000 0.00000000 -1.00000000
vn 0.00000000 0.00000000 1.00000000
vn 0.00000000 0.00000000 -1.00000000
vn 0.00000000 0.00000000 1.00000000
vn 0.00000000 0.00000000 -1.00000000
vn 0.00000000 0.00000000 1.00000000
vn 0.00000000 0.00000000 -1.00000000
vn 0.27472112 0.00000000 0.96152395
vn 0.00000000 0.00000000 -1.00000000
vn 0.16439898 0.00000000 0.98639393
vn 0.00000000 0.00000000 -1.00000000
vn 0.16439898 0.00000000 0.98639393
vn 0.00000000 0.00000000 -1.00000000
vn 0.70710677 0.00000000 0.70710677
vn 0.00000000 0.00000000 -1.00000000
vn 0.00000000 0.00000000 1.00000000
vn 0.00000000 0.00000000 -1.00000000
vn 0.00000000 0.00000000 1.00000000
vn 0.00000000 0.00000000 -1.00000000
vn 0.27472112 0.00000000 0.96152395
vn 0.00000000 0.00000000 -1.00000000
vn 0.16439898 0.00000000 0.98639393
vn 0.00000000 0.00000000 -1.00000000
vn 0.70710677 0.00000000 0.70710677
vn 0.00000000 0.00000000 -1.00000000
vn 0.00000000 0.00000000 1.00000000
vn 0.00000000 0.00000000 -1.00000000
vn 0.00000000 0.00000000 1.00000000
vn 0.00000000 0.00000000 -1.00000000
vn 0.27472112 0.00000000 0.96152395
vn -0.24253562 0.00000000 -0.97014248
vn 0.16439898 0.00000000 0.98639393
vn -0.00000000 0.00000000 -1.00000000
vn 0.70710677 0.00000000 0.70710677
vn 0.00000000 0.00000000 -1.00000000
vn 0.00000000 0.00000000 1.00000000
vn -0.27472112 0.00000000 -0.96152395
vn 0.31622776 0.00000000 0.94868332
vn -0.00000000 0.00000000 -1.00000000
vn 0.00000000 0.00000000 1.00000000
vn -0.27472112 0.00000000 -0.96152395
vn 0.00000000 0.00000000 1.00000000
vn -0.00000000 0.00000000 -1.00000000
vn 0.00000000 0.00000000 1.00000000
vn 0.00000000 0.00000000 -1.00000000
vn 0.00000000 0.00000000 1.00000000
vn -0.27472112 0.00000000 -0.96152395
vn 0.00000000 0.00000000 1.00000000
vn -0.60000002 0.00000000 -0.80000001
vn -0.39391929 0.00000000 0.91914505
vn -0.60000002 0.00000000 -0.80000001
vn -0.44721359 0.00000000 0.89442718
vn -0.60000002 0.00000000 -0.80000001
vn -0.44721359 0.00000000 0.89442718
vn -0.60000002 0.00000000 -0.80000001
vn -0.44721359 0.00000000 0.89442718
vn -0.44721359 0.89442718 -0.00000000
vn -0.44721359 0.89442718 0.00000000
vn -0.14142136 0.98994946 0.00000000
vn -0.44721359 0.89442718 0.00000000
vn -0.27216554 -0.68041384 -0.68041384
vn -0.00000000 -1.00000000 -0.00000000
vn -0.00000000 -1.00000000 0.00000000
vn 0.00000000 -1.00000000 0.00000000
vn 0.00000000 -0.70710677 0.70710677
vn 0.00000000 -0.70710677 -0.70710677
vn 0.00000000 -1.00000000 -0.00000000
vn 0.00000000 -1.00000000 0.00000000
vn 0.17407766 -0.69631064 0.69631064
vn 0.00000000 -0.70710677 -0.70710677
vn 0.17407766 -0.69631064 0.69631064
vn 0.00000000 -0.70710677 -0.70710677
vn 0.15617377 -0.31234753 0.93704259
vn 0.00000000 -0.70710677 -0.70710677
vn 0.48507124 -0.48507124 0.72760689
vn 0.00000000 -0.44721359 -0.89442718
vn 0.00000000 -0.70710677 0.70710677
vn -0.14744195 -0.44232586 -0.88465172
vn 0.13608277 -0.27216554 0.95257932
vn 0.00000000 -0.49613893 -0.86824316
vn 0.00000000 -0.55470020 0.83205032
vn -0.14744195 -0.44232586 -0.88465172
vn 0.13608277 -0.27216554 0.95257932
vn 0.00000000 -0.49613893 -0.86824316
vn 0.00000000 0.00000000 1.00000000
vn -0.14744195 -0.44232586 -0.88465172
vn 0.55470020 0.00000000 0.83205032
vn 0.00000000 -0.49613893 -0.86824316
vn 0.48507124 -0.48507124 0.72760689
vn 0.00000000 -0.44721359 -0.89442718
vn 0.13018891 -0.39056674 0.91132236
vn 0.00000000 -0.44721359 -0.89442718
vn 0.16439898 0.00000000 0.98639393
vn 0.00000000 -0.49613893 -0.86824316
vn 0.14142136 0.00000000 0.98994946
vn -0.15617377 -0.31234753 -0.93704259
vn 0.00000000 0.00000000 1.00000000
vn 0.00000000 0.00000000 -1.00000000
vn 0.00000000 0.00000000 1.00000000
vn 0.00000000 0.00000000 -1.00000000
vn 0.55470020 0.00000000 0.83205032
vn 0.00000000 -0.49613893 -0.86824316
vn 0.55470020 0.00000000 0.83205032
vn -0.15617377 -0.31234753 -0.93704259
vn 0.55470020 0.00000000 0.83205032
vn 0.00000000 0.00000000 -1.00000000
vn 0.48507124 -0.48507124 0.72760689
vn 0.00000000 0.00000000 -1.00000000
vn 0.13018891 -0.39056674 0.91132236
vn 0.00000000 0.00000000 -1.00000000
vn 0.16439898 0.00000000 0.98639393
vn 0.00000000 0.00000000 -1.00000000
vn 0.16439898 0.00000000 0.98639393
vn 0.00000000 0.00000000 -1.00000000
vn 0.16439898 0.00000000 0.98639393
vn 0.00000000 0.00000000 -1.00000000
vn 0.16439898 0.00000000 0.98639393
vn 0.00000000 0.00000000 -1.00000000
vn 0.16439898 0.00000000 0.98639393
vn 0.00000000 0.00000000 -1.00000000
vn 0.70710677 0.00000000 0.70710677
vn 0.00000000 0.00000000 -1.00000000
vn 0.55470020 0.00000000 0.83205032
vn 0.00000000 0.00000000 -1.00000000
vn 0.55470020 0.00000000 0.83205032
vn 0.14142136 0.00000000 -0.98994946
vn 0.00000000 0.00000000 1.00000000
vn -0.00000000 0.00000000 -1.00000000
vn 0.27472112 0.00000000 0.96152395
vn 0.00000000 0.00000000 -1.00000000
vn 0.16439898 0.00000000 0.98639393
vn 0.00000000 0.00000000 -1.00000000
vn 0.70710677 0.00000000 0.70710677
vn 0.00000000 0.00000000 -1.00000000
vn 0.55470020 0.00000000 0.83205032
vn 0.00000000 0.00000000 -1.00000000
vn 0.27472112 0.00000000 0.96152395
vn 0.00000000 0.00000000 -1.00000000
vn 0.16439898 0.00000000 0.98639393
vn -0.27472112 0.00000000 -0.96152395
vn 0.16439898 0.00000000 0.98639393
vn -0.00000000 0.00000000 -1.00000000
vn 0.70710677 0.00000000 0.70710677
vn 0.00000000 0.00000000 -1.00000000
vn 0.55470020 0.00000000 0.83205032
vn -0.27472112 0.00000000 -0.96152395
vn 0.00000000 0.00000000 1.00000000
vn -0.00000000 0.00000000 -1.00000000
vn 0.27472112 0.00000000 0.96152395
vn 0.00000000 0.00000000 -1.00000000
vn 0.70710677 0.00000000 0.70710677
vn 0.00000000 0.00000000 -1.00000000
vn 0.00000000 0.00000000 1.00000000
vn 0.00000000 0.00000000 -1.00000000
vn 0.31622776 0.00000000 0.94868332
vn 0.00000000 0.00000000 -1.00000000
vn 0.00000000 0.00000000 1.00000000
vn -0.27472112 0.00000000 -0.96152395
vn 0.00000000 0.00000000 1.00000000
vn -0.00000000 0.00000000 -1.00000000
vn 0.00000000 0.00000000 1.00000000
vn -0.27472112 0.00000000 -0.96152395
vn 0.31622776 0.00000000 0.94868332
vn -0.60000002 0.00000000 -0.80000001
vn 0.00000000 0.00000000 1.00000000
vn -0.60000002 0.00000000 -0.80000001
vn 0.00000000 0.00000000 1.00000000
vn -0.60000002 0.00000000 -0.80000001
vn 0.00000000 0.00000000 1.00000000
vn -0.60000002 0.00000000 -0.80000001
vn -0.37139067 0.00000000 0.92847669
vn -0.00000000 1.00000000 -0.00000000
vn -0.00000000 1.00000000 0.00000000
vn -0.00000000 1.00000000 0.00000000
vn -0.14002801 -0.70014006 -0.70014006
vn 0.00000000 -1.00000000 -0.00000000
vn -0.00000000 -1.00000000 0.00000000
vn 0.00000000 -1.00000000 0.00000000
vn 0.00000000 -1.00000000 0.00000000
vn 0.00000000 -0.70710677 0.70710677
vn 0.00000000 -0.70710677 -0.70710677
vn 0.45749572 -0.76249284 0.45749572
vn 0.00000000 -0.70710677 -0.70710677
vn 0.45749572 -0.76249284 0.45749572
vn 0.00000000 -0.70710677 -0.70710677
vn 0.37139067 -0.74278134 0.55708599
vn 0.00000000 -0.70710677 -0.70710677
vn 0.00000000 -0.70710677 0.70710677
vn 0.00000000 -0.70710677 -0.70710677
vn 0.15617377 -0.31234753 0.93704259
vn -0.15617377 -0.31234753 -0.93704259
vn 0.48507124 -0.48507124 0.72760689
vn 0.00000000 -0.49613893 -0.86824316
vn 0.13018891 -0.39056674 0.91132236
vn -0.15617377 -0.31234753 -0.93704259
vn 0.48507124 -0.48507124 0.72760689
vn 0.00000000 -0.49613893 -0.86824316
vn 0.13018891 -0.39056674 0.91132236
vn -0.15617377 -0.31234753 -0.93704259
vn 0.14142136 0.00000000 0.98994946
vn 0.00000000 0.00000000 -1.00000000
vn 0.00000000 0.00000000 1.00000000
vn 0.00000000 -0.44721359 -0.89442718
vn 0.55470020 0.00000000 0.83205032
vn 0.00000000 -0.44721359 -0.89442718
vn 0.55470020 0.00000000 0.83205032
vn 0.00000000 -0.44721359 -0.89442718
vn 0.48507124 -0.48507124 0.72760689
vn 0.00000000 -0.44721359 -0.89442718
vn 0.13018891 -0.39056674 0.91132236
vn 0.00000000 0.00000000 -1.00000000
vn 0.16439898 0.00000000 0.98639393
vn 0.00000000 0.00000000 -1.00000000
vn 0.16439898 0.00000000 0.98639393
vn -0.14744195 -0.44232586 -0.88465172
vn 0.16439898 0.00000000 0.98639393
vn 0.00000000 -0.49613893 -0.86824316
vn 0.14142136 0.00000000 0.98994946
vn 0.00000000 0.00000000 -1.00000000
vn 0.00000000 0.00000000 1.00000000
vn 0.00000000 0.00000000 -1.00000000
vn 0.55470020 0.00000000 0.83205032
vn 0.00000000 0.00000000 -1.00000000
vn 0.55470020 0.00000000 0.83205032
vn 0.00000000 0.00000000 -1.00000000
vn 0.55470020 0.00000000 0.83205032
vn 0.00000000 0.00000000 -1.00000000
vn 0.55470020 0.00000000 0.83205032
vn 0.00000000 0.00000000 -1.00000000
vn 0.55470020 0.00000000 0.83205032
vn 0.00000000 0.00000000 -1.00000000
vn 0.55470020 0.00000000 0.83205032
vn 0.00000000 0.00000000 -1.00000000
vn 0.00000000 0.00000000 1.00000000
vn 0.00000000 0.00000000 -1.00000000
vn 0.27472112 0.00000000 0.96152395
vn 0.39391929 0.00000000 -0.91914505
vn 0.16439898 0.00000000 0.98639393
vn 0.00000000 0.00000000 -1.00000000
vn 0.16439898 0.00000000 0.98639393
vn 0.00000000 0.00000000 -1.00000000
vn 0.70710677 0.00000000 0.70710677
vn 0.00000000 0.00000000 -1.00000000
vn 0.55470020 0.00000000 0.83205032
vn 0.00000000 0.00000000 -1.00000000
vn 0.27472112 0.00000000 0.96152395
vn -0.27472112 0.00000000 -0.96152395
vn 0.16439898 0.00000000 0.98639393
vn -0.00000000 0.00000000 -1.00000000
vn 0.70710677 0.00000000 0.70710677
vn 0.00000000 0.00000000 -1.00000000
vn 0.55470020 0.00000000 0.83205032
vn 0.00000000 0.00000000 -1.00000000
vn 0.55470020 0.00000000 0.83205032
vn 0.00000000 0.00000000 -1.00000000
vn 0.00000000 0.00000000 1.00000000
vn 0.00000000 0.00000000 -1.00000000
vn 0.27472112 0.00000000 0.96152395
vn 0.00000000 0.00000000 -1.00000000
vn 0.16439898 0.00000000 0.98639393
vn 0.00000000 0.00000000 -1.00000000
vn 0.70710677 0.00000000 0.70710677
vn 0.00000000 0.00000000 -1.00000000
vn 0.00000000 0.00000000 1.00000000
vn -0.27472112 0.00000000 -0.96152395
vn 0.00000000 0.00000000 1.00000000
vn -0.00000000 0.00000000 -1.00000000
vn 0.70710677 0.00000000 0.70710677
vn -0.24253562 0.00000000 -0.97014248
vn 0.00000000 0.00000000 1.00000000
vn -0.00000000 0.00000000 -1.00000000
vn 0.31622776 0.00000000 0.94868332
vn -0.27472112 0.00000000 -0.96152395
vn 0.00000000 0.00000000 1.00000000
vn -0.00000000 0.00000000 -1.00000000
vn 0.70710677 0.00000000 0.70710677
vn -0.31622776 0.00000000 -0.94868332
vn 0.00000000 0.00000000 1.00000000
vn -0.60000002 0.00000000 -0.80000001
vn 0.00000000 0.00000000 1.00000000
vn -0.60000002 0.00000000 -0.80000001
vn 0.00000000 0.00000000 1.00000000
vn -0.60000002 0.00000000 -0.80000001
vn 0.00000000 0.00000000 1.00000000
vn -0.37139067 0.92847669 -0.00000000
vn -0.51449573 0.85749292 0.00000000
vn -0.14142136 0.98994946 0.00000000
vn -0.31622776 0.94868332 0.00000000
vn 0.00000000 -0.70710677 -0.70710677
vn 0.00000000 -1.00000000 -0.00000000
vn 0.00000000 -1.00000000 0.00000000
vn 0.00000000 -1.00000000 0.00000000
vn 0.00000000 -1.00000000 0.00000000
vn 0.14002801 -0.70014006 0.70014006
vn 0.00000000 -0.70710677 -0.70710677
vn 0.00000000 -0.70710677 0.70710677
vn 0.00000000 -0.70710677 -0.70710677
vn 0.00000000 -0.70710677 0.70710677
vn 0.00000000 -0.70710677 -0.70710677
vn 0.00000000 -0.70710677 0.70710677
vn 0.00000000 -0.70710677 -0.70710677
vn 0.15617377 -0.31234753 0.93704259
vn 0.00000000 -0.70710677 -0.70710677
vn 0.48507124 -0.48507124 0.72760689
vn 0.13018891 -0.39056674 -0.91132236
vn 0.13018891 -0.39056674 0.91132236
vn 0.00000000 -0.55470020 -0.83205032
vn 0.48507124 -0.48507124 0.72760689
vn 0.13018891 -0.39056674 -0.91132236
vn 0.13018891 -0.39056674 0.91132236
vn 0.00000000 -0.55470020 -0.83205032
vn 0.55470020 0.00000000 0.83205032
vn 0.13018891 -0.39056674 -0.91132236
vn 0.48507124 -0.48507124 0.72760689
vn 0.00000000 0.00000000 -1.00000000
vn 0.13018891 -0.39056674 0.91132236
vn 0.00000000 -0.44721359 -0.89442718
vn 0.16439898 0.00000000 0.98639393
vn 0.00000000 -0.44721359 -0.89442718
vn 0.16439898 0.00000000 0.98639393
vn 0.00000000 -0.44721359 -0.89442718
vn 0.19611613 0.00000000 0.98058069
vn 0.00000000 -0.44721359 -0.89442718
vn 0.55470020 0.00000000 0.83205032
vn 0.00000000 0.00000000 -1.00000000
vn 0.55470020 0.00000000 0.83205032
vn 0.00000000 -0.52999896 -0.84799832
vn 0.55470020 0.00000000 0.83205032
vn 0.00000000 -0.27472112 -0.96152395
vn 0.55470020 0.00000000 0.83205032
vn 0.00000000 0.00000000 -1.00000000
vn 0.48507124 -0.48507124 0.72760689
vn 0.00000000 0.00000000 -1.00000000
vn 0.13018891 -0.39056674 0.91132236
vn 0.00000000 0.00000000 -1.00000000
vn 0.16439898 0.00000000 0.98639393
vn 0.00000000 0.00000000 -1.00000000
vn 0.16439898 0.00000000 0.98639393
vn 0.00000000 0.00000000 -1.00000000
vn 0.16439898 0.00000000 0.98639393
vn 0.00000000 0.00000000 -1.00000000
vn 0.16439898 0.00000000 0.98639393
vn 0.00000000 0.00000000 -1.00000000
vn 0.16439898 0.00000000 0.98639393
vn 0.00000000 0.00000000 -1.00000000
vn 0.16439898 0.00000000 0.98639393
vn 0.00000000 0.00000000 -1.00000000
vn 0.16439898 0.00000000 0.98639393
vn 0.39391929 0.00000000 -0.91914505
vn 0.70710677 0.00000000 0.70710677
vn 0.00000000 0.00000000 -1.00000000
vn 0.55470020 0.00000000 0.83205032
vn 0.00000000 0.00000000 -1.00000000
vn 0.55470020 0.00000000 0.83205032
vn 0.00000000 0.00000000 -1.00000000
vn 0.16439898 0.00000000 0.98639393
vn 0.00000000 0.00000000 -1.00000000
vn 0.16439898 0.00000000 0.98639393
vn 0.00000000 0.00000000 -1.00000000
vn 0.70710677 0.00000000 0.70710677
vn 0.44721359 0.00000000 -0.89442718
vn 0.55470020 0.00000000 0.83205032
vn 0.00000000 0.00000000 -1.00000000
vn 0.27472112 0.00000000 0.96152395
vn 0.00000000 0.00000000 -1.00000000
vn 0.16439898 0.00000000 0.98639393
vn 0.00000000 0.00000000 -1.00000000
vn 0.16439898 0.00000000 0.98639393
vn 0.00000000 0.00000000 -1.00000000
vn 0.16439898 0.00000000 0.98639393
vn 0.00000000 0.00000000 -1.00000000
vn 0.70710677 0.00000000 0.70710677
vn 0.00000000 0.00000000 -1.00000000
vn 0.55470020 0.00000000 0.83205032
vn -0.27472112 0.00000000 -0.96152395
vn 0.00000000 0.00000000 1.00000000
vn -0.00000000 0.00000000 -1.00000000
vn 0.27472112 0.00000000 0.96152395
vn 0.00000000 0.00000000 -1.00000000
vn 0.19611613 0.00000000 0.98058069
vn 0.00000000 0.00000000 -1.00000000
vn 0.00000000 0.00000000 1.00000000
vn 0.00000000 0.00000000 -1.00000000
vn 0.00000000 0.00000000 1.00000000
vn -0.27472112 0.00000000 -0.96152395
vn 0.70710677 0.00000000 0.70710677
vn -0.00000000 0.00000000 -1.00000000
vn 0.00000000 0.00000000 1.00000000
vn -0.27472112 0.00000000 -0.96152395
vn 0.00000000 0.00000000 1.00000000
vn -0.00000000 0.00000000 -1.00000000
vn 0.31622776 0.00000000 0.94868332
vn 0.00000000 0.00000000 -1.00000000
vn 0.00000000 0.00000000 1.00000000
vn -0.27472112 0.00000000 -0.96152395
vn 0.00000000 0.00000000 1.00000000
vn -0.60000002 0.00000000 -0.80000001
vn 0.00000000 0.00000000 1.00000000
vn -0.60000002 0.00000000 -0.80000001
vn -0.37139067 0.00000000 0.92847669
vn -0.00000000 1.00000000 -0.00000000
vn -0.00000000 1.00000000 0.00000000
vn -0.00000000 1.00000000 0.00000000
vn 0.11704115 -0.70224690 -0.70224690
vn 0.00000000 -1.00000000 -0.00000000
vn 0.00000000 -1.00000000 0.00000000
vn 0.00000000 -1.00000000 0.00000000
vn 0.37139067 -0.74278134 0.55708599
vn 0.00000000 -0.70710677 -0.70710677
vn 0.00000000 -1.00000000 0.00000000
vn 0.17407766 -0.69631064 0.69631064
vn 0.00000000 -0.70710677 -0.70710677
vn 0.17407766 -0.69631064 0.69631064
vn 0.00000000 -0.70710677 -0.70710677
vn 0.15617377 -0.31234753 0.93704259
vn 0.00000000 -0.70710677 -0.70710677
vn 0.48507124 -0.48507124 0.72760689
vn 0.14744195 -0.44232586 -0.88465172
vn 0.13018891 -0.39056674 0.91132236
vn 0.63960212 -0.63960212 -0.42640144
vn 0.48507124 -0.48507124 0.72760689
vn 0.00000000 -0.55470020 -0.83205032
vn 0.13018891 -0.39056674 0.91132236
vn 0.63960212 -0.63960212 -0.42640144
vn 0.48507124 -0.48507124 0.72760689
vn 0.00000000 -0.55470020 -0.83205032
vn 0.13018891 -0.39056674 0.91132236
vn 0.63960212 -0.63960212 -0.42640144
vn 0.19611613 0.00000000 0.98058069
vn 0.00000000 -0.49613893 -0.86824316
vn 0.55470020 0.00000000 0.83205032
vn 0.00000000 -0.44721359 -0.89442718
vn 0.55470020 0.00000000 0.83205032
vn 0.00000000 -0.44721359 -0.89442718
vn 0.55470020 0.00000000 0.83205032
vn 0.00000000 -0.49613893 -0.86824316
vn 0.55470020 0.00000000 0.83205032
vn 0.13018891 -0.39056674 -0.91132236
vn 0.48507124 -0.48507124 0.72760689
vn 0.00000000 0.00000000 -1.00000000
vn 0.13018891 -0.39056674 0.91132236
vn 0.00000000 0.00000000 -1.00000000
vn 0.16439898 0.00000000 0.98639393
vn 0.63960212 -0.63960212 -0.42640144
vn 0.16439898 0.00000000 0.98639393
vn 0.11111111 -0.44444445 -0.88888890
vn 0.16439898 0.00000000 0.98639393
vn 0.00000000 0.00000000 -1.00000000
vn 0.55470020 0.00000000 0.83205032
vn 0.00000000 0.00000000 -1.00000000
vn 0.55470020 0.00000000 0.83205032
vn 0.00000000 0.00000000 -1.00000000
vn 0.55470020 0.00000000 0.83205032
vn 0.00000000 0.00000000 -1.00000000
vn 0.55470020 0.00000000 0.83205032
vn 0.00000000 0.00000000 -1.00000000
vn 0.55470020 0.00000000 0.83205032
vn 0.00000000 0.00000000 -1.00000000
vn 0.55470020 0.00000000 0.83205032
vn 0.00000000 0.00000000 -1.00000000
vn 0.55470020 0.00000000 0.83205032
vn 0.39391929 0.00000000 -0.91914505
vn 0.55470020 0.00000000 0.83205032
vn 0.00000000 0.00000000 -1.00000000
vn 0.16439898 0.00000000 0.98639393
vn 0.00000000 0.00000000 -1.00000000
vn 0.16439898 0.00000000 0.98639393
vn 0.00000000 0.00000000 -1.00000000
vn 0.70710677 0.00000000 0.70710677
vn 0.00000000 0.00000000 -1.00000000
vn 0.55470020 0.00000000 0.83205032
vn 0.00000000 0.00000000 -1.00000000
vn 0.55470020 0.00000000 0.83205032
vn 0.39391929 0.00000000 -0.91914505
vn 0.16439898 0.00000000 0.98639393
vn 0.00000000 0.00000000 -1.00000000
vn 0.16439898 0.00000000 0.98639393
vn 0.00000000 0.00000000 -1.00000000
vn 0.70710677 0.00000000 0.70710677
vn 0.00000000 0.00000000 -1.00000000
vn 0.55470020 0.00000000 0.83205032
vn 0.00000000 0.00000000 -1.00000000
vn 0.55470020 0.00000000 0.83205032
vn 0.00000000 0.00000000 -1.00000000
vn 0.55470020 0.00000000 0.83205032
vn 0.00000000 0.00000000 -1.00000000
vn 0.16439898 0.00000000 0.98639393
vn 0.00000000 0.00000000 -1.00000000
vn 0.16439898 0.00000000 0.98639393
vn 0.00000000 0.00000000 -1.00000000
vn 0.16439898 0.00000000 0.98639393
vn 0.00000000 0.00000000 -1.00000000
vn 0.70710677 0.00000000 0.70710677
vn 0.00000000 0.00000000 -1.00000000
vn 0.55470020 0.00000000 0.83205032
vn -0.27472112 0.00000000 -0.96152395
vn 0.00000000 0.00000000 1.00000000
vn -0.00000000 0.00000000 -1.00000000
vn 0.31622776 0.00000000 0.94868332
vn 0.00000000 0.00000000 -1.00000000
vn 0.00000000 0.00000000 1.00000000
vn 0.00000000 0.00000000 -1.00000000
vn 0.31622776 0.00000000 0.94868332
vn 0.00000000 0.00000000 -1.00000000
vn 0.00000000 0.00000000 1.00000000
vn 0.00000000 0.00000000 -1.00000000
vn 0.70710677 0.00000000 0.70710677
vn -0.27472112 0.00000000 -0.96152395
vn 0.31622776 0.00000000 0.94868332
vn -0.00000000 0.00000000 -1.00000000
vn 0.44721359 0.00000000 0.89442718
vn -0.27472112 0.00000000 -0.96152395
vn 0.44721359 0.00000000 0.89442718
vn -0.60000002 0.00000000 -0.80000001
vn 0.44721359 0.00000000 0.89442718
vn -0.00000000 1.00000000 -0.00000000
vn 0.00000000 1.00000000 0.00000000
vn 0.00000000 1.00000000 0.00000000
vn 0.00000000 1.00000000 0.00000000
vn 0.55708599 -0.74278134 -0.37139067
vn 0.00000000 -1.00000000 0.00000000
vn 0.37139067 -0.74278134 0.55708599
vn 0.11704115 -0.70224690 -0.70224690
vn 0.00000000 -1.00000000 -0.00000000
vn 0.00000000 -1.00000000 0.00000000
vn 0.45749572 -0.76249284 0.45749572
vn 0.00000000 -0.70710677 -0.70710677
vn 0.45749572 -0.76249284 0.45749572
vn 0.00000000 -0.70710677 -0.70710677
vn 0.37139067 -0.74278134 0.55708599
vn 0.14744195 -0.44232586 -0.88465172
vn 0.13018891 -0.39056674 0.91132236
vn 0.63960212 -0.63960212 -0.42640144
vn 0.48507124 -0.48507124 0.72760689
vn 0.00000000 -0.70710677 -0.70710677
vn 0.13018891 -0.39056674 0.91132236
vn 0.13018891 -0.39056674 -0.91132236
vn 0.48507124 -0.48507124 0.72760689
vn 0.00000000 -0.55470020 -0.83205032
vn 0.14744195 -0.44232586 0.88465172
vn 0.13018891 -0.39056674 -0.91132236
vn 0.55470020 0.00000000 0.83205032
vn 0.00000000 -0.55470020 -0.83205032
vn 0.55470020 0.00000000 0.83205032
vn 0.13018891 -0.39056674 -0.91132236
vn 0.55470020 0.00000000 0.83205032
vn 0.00000000 -0.55470020 -0.83205032
vn 0.48507124 -0.48507124 0.72760689
vn 0.13018891 -0.39056674 -0.91132236
vn 0.13018891 -0.39056674 0.91132236
vn 0.00000000 0.00000000 -1.00000000
vn 0.16439898 0.00000000 0.98639393
vn 0.63960212 -0.63960212 -0.42640144
vn 0.19611613 0.00000000 0.98058069
vn 0.11111111 -0.44444445 -0.88888890
vn 0.55470020 0.00000000 0.83205032
vn 0.00000000 0.00000000 -1.00000000
vn 0.55470020 0.00000000 0.83205032
vn 0.00000000 0.00000000 -1.00000000
vn 0.55470020 0.00000000 0.83205032
vn 0.63960212 -0.63960212 -0.42640144
vn 0.48507124 -0.48507124 0.72760689
vn 0.12309149 -0.49236596 -0.86164045
vn 0.13018891 -0.39056674 0.91132236
vn 0.31622776 0.00000000 -0.94868332
vn 0.16439898 0.00000000 0.98639393
vn 0.27472112 0.00000000 -0.96152395
vn 0.16439898 0.00000000 0.98639393
vn 0.00000000 0.00000000 -1.00000000
vn 0.16439898 0.00000000 0.98639393
vn 0.00000000 0.00000000 -1.00000000
vn 0.16439898 0.00000000 0.98639393
vn 0.39391929 0.00000000 -0.91914505
vn 0.16439898 0.00000000 0.98639393
vn 0.31622776 0.00000000 -0.94868332
vn 0.70710677 0.00000000 0.70710677
vn 0.00000000 0.00000000 -1.00000000
vn 0.55470020 0.00000000 0.83205032
vn 0.00000000 0.00000000 -1.00000000
vn 0.55470020 0.00000000 0.83205032
vn 0.00000000 0.00000000 -1.00000000
vn 0.55470020 0.00000000 0.83205032
vn 0.39391929 0.00000000 -0.91914505
vn 0.16439898 0.00000000 0.98639393
vn 0.31622776 0.00000000 -0.94868332
vn 0.70710677 0.00000000 0.70710677
vn 0.31622776 0.00000000 -0.94868332
vn 0.55470020 0.00000000 0.83205032
vn 0.00000000 0.00000000 -1.00000000
vn 0.55470020 0.00000000 0.83205032
vn 0.00000000 0.00000000 -1.00000000
vn 0.55470020 0.00000000 0.83205032
vn 0.00000000 0.00000000 -1.00000000
vn 0.16439898 0.00000000 0.98639393
vn 0.00000000 0.00000000 -1.00000000
vn 0.16439898 0.00000000 0.98639393
vn 0.44721359 0.00000000 -0.89442718
vn 0.16439898 0.00000000 0.98639393
vn 0.00000000 0.00000000 -1.00000000
vn 0.70710677 0.00000000 0.70710677
vn 0.00000000 0.00000000 -1.00000000
vn 0.55470020 0.00000000 0.83205032
vn 0.00000000 0.00000000 -1.00000000
vn 0.55470020 0.00000000 0.83205032
vn 0.00000000 0.00000000 -1.00000000
vn 0.55470020 0.00000000 0.83205032
vn 0.00000000 0.00000000 -1.00000000
vn 0.00000000 0.00000000 1.00000000
vn 0.00000000 0.00000000 -1.00000000
vn 0.27472112 0.00000000 0.96152395
vn 0.00000000 0.00000000 -1.00000000
vn 0.16439898 0.00000000 0.98639393
vn 0.00000000 0.00000000 -1.00000000
vn 0.70710677 0.00000000 0.70710677
vn 0.00000000 0.00000000 -1.00000000
vn 0.27472112 0.00000000 0.96152395
vn 0.00000000 0.00000000 -1.00000000
vn 0.70710677 0.00000000 0.70710677
vn 0.00000000 0.00000000 -1.00000000
vn 0.31622776 0.00000000 0.94868332
vn 0.00000000 0.00000000 -1.00000000
vn 0.44721359 0.00000000 0.89442718
vn 0.00000000 0.00000000 -1.00000000
vn 0.70710677 0.00000000 0.70710677
vn 0.00000000 0.00000000 -1.00000000
vn 0.70710677 0.00000000 0.70710677
vn 0.44721359 0.00000000 -0.89442718
vn 0.70710677 0.00000000 0.70710677
vn 0.51449573 0.00000000 -0.85749292
vn 0.70710677 0.00000000 0.70710677
vn 0.00000000 1.00000000 -0.00000000
vn 0.00000000 1.00000000 0.00000000
vn 0.00000000 1.00000000 0.00000000
vn 0.70710677 -0.70710677 -0.00000000
vn 0.55708599 -0.74278134 -0.37139067
vn 0.00000000 -1.00000000 -0.00000000
vn 0.00000000 -1.00000000 0.00000000
vn 0.45749572 -0.76249284 0.45749572
vn 0.08804509 -0.70436072 -0.70436072
vn 0.00000000 -1.00000000 -0.00000000
vn 0.45749572 -0.76249284 0.45749572
vn 0.14744195 -0.44232586 -0.88465172
vn 0.45749572 -0.76249284 0.45749572
vn 0.63960212 -0.63960212 -0.42640144
vn 0.37139067 -0.74278134 0.55708599
vn 0.07832605 -0.70493442 -0.70493442
vn 0.13018891 -0.39056674 0.91132236
vn 0.14744195 -0.44232586 -0.88465172
vn 0.48507124 -0.48507124 0.72760689
vn 0.63960212 -0.63960212 -0.42640144
vn 0.14744195 -0.44232586 0.88465172
vn 0.12309149 -0.49236596 -0.86164045
vn 0.55470020 0.00000000 0.83205032
vn 0.63960212 -0.63960212 -0.42640144
vn 0.55470020 0.00000000 0.83205032
vn 0.00000000 -0.55470020 -0.83205032
vn 0.48507124 -0.48507124 0.72760689
vn 0.63960212 -0.63960212 -0.42640144
vn 0.13018891 -0.39056674 0.91132236
vn 0.00000000 -0.55470020 -0.83205032
vn 0.19611613 0.00000000 0.98058069
vn 0.63960212 -0.63960212 -0.42640144
vn 0.55470020 0.00000000 0.83205032
vn 0.11111111 -0.44444445 -0.88888890
vn 0.55470020 0.00000000 0.83205032
vn 0.00000000 0.00000000 -1.00000000
vn 0.55470020 0.00000000 0.83205032
vn 0.63960212 -0.63960212 -0.42640144
vn 0.55470020 0.00000000 0.83205032
vn 0.11111111 -0.44444445 -0.88888890
vn 0.55470020 0.00000000 0.83205032
vn 0.00000000 0.00000000 -1.00000000
vn 0.48507124 -0.48507124 0.72760689
vn 0.00000000 0.00000000 -1.00000000
vn 0.14744195 -0.44232586 0.88465172
vn 0.80000001 0.00000000 -0.60000002
vn 0.55470020 0.00000000 0.83205032
vn 0.80000001 0.00000000 -0.60000002
vn 0.55470020 0.00000000 0.83205032
vn 0.63960212 -0.63960212 -0.42640144
vn 0.55470020 0.00000000 0.83205032
vn 0.12309149 -0.49236596 -0.86164045
vn 0.55470020 0.00000000 0.83205032
vn 0.31622776 0.00000000 -0.94868332
vn 0.55470020 0.00000000 0.83205032
vn 0.00000000 0.00000000 -1.00000000
vn 0.55470020 0.00000000 0.83205032
vn 0.70710677 0.00000000 -0.70710677
vn 0.16439898 0.00000000 0.98639393
vn 0.00000000 0.00000000 -1.00000000
vn 0.70710677 0.00000000 0.70710677
vn 0.39391929 0.00000000 -0.91914505
vn 0.55470020 0.00000000 0.83205032
vn 0.31622776 0.00000000 -0.94868332
vn 0.55470020 0.00000000 0.83205032
vn 0.00000000 0.00000000 -1.00000000
vn 0.55470020 0.00000000 0.83205032
vn 0.80000001 0.00000000 -0.60000002
vn 0.16439898 0.00000000 0.98639393
vn 0.70710677 0.00000000 -0.70710677
vn 0.70710677 0.00000000 0.70710677
vn 0.00000000 0.00000000 -1.00000000
vn 0.55470020 0.00000000 0.83205032
vn 0.39391929 0.00000000 -0.91914505
vn 0.55470020 0.00000000 0.83205032
vn 0.31622776 0.00000000 -0.94868332
vn 0.55470020 0.00000000 0.83205032
vn 0.31622776 0.00000000 -0.94868332
vn 0.55470020 0.00000000 0.83205032
vn 0.00000000 0.00000000 -1.00000000
vn 0.55470020 0.00000000 0.83205032
vn 0.00000000 0.00000000 -1.00000000
vn 0.16439898 0.00000000 0.98639393
vn 0.00000000 0.00000000 -1.00000000
vn 0.16439898 0.00000000 0.98639393
vn 0.00000000 0.00000000 -1.00000000
vn 0.16439898 0.00000000 0.98639393
vn 0.44721359 0.00000000 -0.89442718
vn 0.16439898 0.00000000 0.98639393
vn 0.00000000 0.00000000 -1.00000000
vn 0.16439898 0.00000000 0.98639393
vn 0.00000000 0.00000000 -1.00000000
vn 0.70710677 0.00000000 0.70710677
vn 0.44721359 0.00000000 -0.89442718
vn 0.55470020 0.00000000 0.83205032
vn 0.00000000 0.00000000 -1.00000000
vn 0.27472112 0.00000000 0.96152395
vn 0.00000000 0.00000000 -1.00000000
vn 0.70710677 0.00000000 0.70710677
vn 0.00000000 0.00000000 -1.00000000
vn 0.27472112 0.00000000 0.96152395
vn 0.00000000 0.00000000 -1.00000000
vn 0.70710677 0.00000000 0.70710677
vn 0.00000000 0.00000000 -1.00000000
vn 0.70710677 0.00000000 0.70710677
vn 0.44721359 0.00000000 -0.89442718
vn 0.70710677 0.00000000 0.70710677
vn 0.51449573 0.00000000 -0.85749292
vn 0.19611613 0.00000000 0.98058069
vn 0.60000002 0.00000000 -0.80000001
vn 0.44721359 0.00000000 0.89442718
vn 0.70710677 0.00000000 -0.70710677
vn 0.57735026 0.57735026 0.57735026
vn 0.31622776 0.94868332 0.00000000
vn 0.27216554 0.95257932 -0.13608277
vn 0.83205032 -0.55470020 -0.00000000
vn 0.89442718 -0.44721359 0.00000000
vn 0.83205032 -0.55470020 0.00000000
vn 0.83205032 -0.55470020 -0.00000000
vn 0.74535596 -0.59628481 -0.29814240
vn 0.45749572 -0.76249284 0.45749572
vn 0.55708599 -0.74278134 -0.37139067
vn 0.45749572 -0.76249284 0.45749572
vn 0.13736056 -0.54944223 -0.82416338
vn 0.45749572 -0.76249284 0.45749572
vn 0.57735026 -0.57735026 -0.57735026
vn 0.37139067 -0.74278134 0.55708599
vn 0.55708599 -0.74278134 -0.37139067
vn 0.14744195 -0.44232586 0.88465172
vn 0.12309149 -0.49236596 -0.86164045
vn 0.55470020 0.00000000 0.83205032
vn 0.63960212 -0.63960212 -0.42640144
vn 0.48507124 -0.48507124 0.72760689
vn 0.00000000 -0.70710677 -0.70710677
vn 0.13018891 -0.39056674 0.91132236
vn 0.13018891 -0.39056674 -0.91132236
vn 0.19611613 0.00000000 0.98058069
vn 0.00000000 -0.55470020 -0.83205032
vn 0.55470020 0.00000000 0.83205032
vn 0.13018891 -0.39056674 -0.91132236
vn 0.55470020 0.00000000 0.83205032
vn 0.00000000 0.00000000 -1.00000000
vn 0.55470020 0.00000000 0.83205032
vn 0.63960212 -0.63960212 -0.42640144
vn 0.55470020 0.00000000 0.83205032
vn 0.11111111 -0.44444445 -0.88888890
vn 0.55470020 0.00000000 0.83205032
vn 0.00000000 0.00000000 -1.00000000
vn 0.48507124 -0.48507124 0.72760689
vn 0.63960212 -0.63960212 -0.42640144
vn 0.13018891 -0.39056674 0.91132236
vn 0.12309149 -0.49236596 -0.86164045
vn 0.19611613 0.00000000 0.98058069
vn 0.31622776 0.00000000 -0.94868332
vn 0.55470020 0.00000000 0.83205032
vn 0.31622776 0.00000000 -0.94868332
vn 0.55470020 0.00000000 0.83205032
vn 0.31622776 0.00000000 -0.94868332
vn 0.55470020 0.00000000 0.83205032
vn 0.31622776 0.00000000 -0.94868332
vn 0.55470020 0.00000000 0.83205032
vn 0.80000001 0.00000000 -0.60000002
vn 0.55470020 0.00000000 0.83205032
vn 0.70710677 0.00000000 -0.70710677
vn 0.55470020 0.00000000 0.83205032
vn 0.00000000 0.00000000 -1.00000000
vn 0.55470020 0.00000000 0.83205032
vn 0.39391929 0.00000000 -0.91914505
vn 0.55470020 0.00000000 0.83205032
vn 0.31622776 0.00000000 -0.94868332
vn 0.16439898 0.00000000 0.98639393
vn 0.00000000 0.00000000 -1.00000000
vn 0.70710677 0.00000000 0.70710677
vn 0.70710677 0.00000000 -0.70710677
vn 0.55470020 0.00000000 0.83205032
vn 0.31622776 0.00000000 -0.94868332
vn 0.55470020 0.00000000 0.83205032
vn 0.31622776 0.00000000 -0.94868332
vn 0.55470020 0.00000000 0.83205032
vn 0.31622776 0.00000000 -0.94868332
vn 0.16439898 0.00000000 0.98639393
vn 0.31622776 0.00000000 -0.94868332
vn 0.70710677 0.00000000 0.70710677
vn 0.00000000 0.00000000 -1.00000000
vn 0.55470020 0.00000000 0.83205032
vn 0.80000001 0.00000000 -0.60000002
vn 0.55470020 0.00000000 0.83205032
vn 0.70710677 0.00000000 -0.70710677
vn 0.55470020 0.00000000 0.83205032
vn 0.00000000 0.00000000 -1.00000000
vn 0.55470020 0.00000000 0.83205032
vn 0.00000000 0.00000000 -1.00000000
vn 0.55470020 0.00000000 0.83205032
vn 0.00000000 0.00000000 -1.00000000
vn 0.55470020 0.00000000 0.83205032
vn 0.39391929 0.00000000 -0.91914505
vn 0.55470020 0.00000000 0.83205032
vn 0.00000000 0.00000000 -1.00000000
vn 0.55470020 0.00000000 0.83205032
vn 0.00000000 0.00000000 -1.00000000
vn 0.55470020 0.00000000 0.83205032
vn 0.00000000 0.00000000 -1.00000000
vn 0.16439898 0.00000000 0.98639393
vn 0.00000000 0.00000000 -1.00000000
vn 0.16439898 0.00000000 0.98639393
vn 0.00000000 0.00000000 -1.00000000
vn 0.70710677 0.00000000 0.70710677
vn 0.44721359 0.00000000 -0.89442718
vn 0.16439898 0.00000000 0.98639393
vn 0.51449573 0.00000000 -0.85749292
vn 0.70710677 0.00000000 0.70710677
vn 0.37139067 0.00000000 -0.92847669
vn 0.70710677 0.00000000 0.70710677
vn 0.51449573 0.00000000 -0.85749292
vn 0.70710677 0.00000000 0.70710677
vn 0.60000002 0.00000000 -0.80000001
vn 0.70710677 0.00000000 0.70710677
vn 0.70710677 0.00000000 -0.70710677
vn 0.62469506 0.00000000 0.78086883
vn 0.70710677 0.00000000 -0.70710677
vn 0.84270096 0.24077171 0.48154342
vn 0.94868332 0.31622776 0.00000000
vn 1.00000000 0.00000000 0.00000000
vn 0.83205032 -0.55470020 -0.00000000
vn 0.89442718 -0.44721359 0.00000000
vn 0.83205032 -0.55470020 0.00000000
vn 0.83205032 -0.55470020 -0.00000000
vn 0.74535596 -0.59628481 -0.29814240
vn 0.45749572 -0.76249284 0.45749572
vn 0.78446454 -0.19611613 -0.58834839
vn 0.45749572 -0.76249284 0.45749572
vn 0.57735026 -0.57735026 -0.57735026
vn 0.45749572 -0.76249284 0.45749572
vn 0.48507124 -0.72760689 -0.48507124
vn 0.48507124 -0.48507124 0.72760689
vn 0.55708599 -0.74278134 -0.37139067
vn 0.55470020 0.00000000 0.83205032
vn 0.07832605 -0.70493442 -0.70493442
vn 0.57735026 -0.57735026 0.57735026
vn 0.16903085 -0.50709254 -0.84515423
vn 0.48507124 -0.48507124 0.72760689
vn 0.63960212 -0.63960212 -0.42640144
vn 0.55470020 0.00000000 0.83205032
vn 0.12309149 -0.49236596 -0.86164045
vn 0.55470020 0.00000000 0.83205032
vn 0.63960212 -0.63960212 -0.42640144
vn 0.55470020 0.00000000 0.83205032
vn 0.12309149 -0.49236596 -0.86164045
vn 0.55470020 0.00000000 0.83205032
vn 0.31622776 0.00000000 -0.94868332
vn 0.55470020 0.00000000 0.83205032
vn 0.63960212 -0.63960212 -0.42640144
vn 0.48507124 -0.48507124 0.72760689
vn 0.12309149 -0.49236596 -0.86164045
vn 0.14744195 -0.44232586 0.88465172
vn 0.37139067 0.00000000 -0.92847669
vn 0.55470020 0.00000000 0.83205032
vn 0.80000001 0.00000000 -0.60000002
vn 0.55470020 0.00000000 0.83205032
vn 0.80000001 0.00000000 -0.60000002
vn 0.55470020 0.00000000 0.83205032
vn 0.80000001 0.00000000 -0.60000002
vn 0.55470020 0.00000000 0.83205032
vn 0.80000001 0.00000000 -0.60000002
vn 0.55470020 0.00000000 0.83205032
vn 0.63960212 -0.63960212 -0.42640144
vn 0.55470020 0.00000000 0.83205032
vn 0.12309149 -0.49236596 -0.86164045
vn 0.55470020 0.00000000 0.83205032
vn 0.31622776 0.00000000 -0.94868332
vn 0.55470020 0.00000000 0.83205032
vn 0.31622776 0.00000000 -0.94868332
vn 0.55470020 0.00000000 0.83205032
vn 0.00000000 0.00000000 -1.00000000
vn 0.55470020 0.00000000 0.83205032
vn 0.70710677 0.00000000 -0.70710677
vn 0.62469506 0.00000000 0.78086883
vn 0.31622776 0.00000000 -0.94868332
vn 0.70710677 0.00000000 0.70710677
vn 0.00000000 0.00000000 -1.00000000
vn 0.55470020 0.00000000 0.83205032
vn 0.80000001 0.00000000 -0.60000002
vn 0.55470020 0.00000000 0.83205032
vn 0.80000001 0.00000000 -0.60000002
vn 0.55470020 0.00000000 0.83205032
vn 0.80000001 0.00000000 -0.60000002
vn 0.62469506 0.00000000 0.78086883
vn 0.70710677 0.00000000 -0.70710677
vn 0.70710677 0.00000000 0.70710677
vn 0.31622776 0.00000000 -0.94868332
vn 0.55470020 0.00000000 0.83205032
vn 0.31622776 0.00000000 -0.94868332
vn 0.55470020 0.00000000 0.83205032
vn 0.31622776 0.00000000 -0.94868332
vn 0.55470020 0.00000000 0.83205032
vn 0.31622776 0.00000000 -0.94868332
vn 0.55470020 0.00000000 0.83205032
vn 0.31622776 0.00000000 -0.94868332
vn 0.55470020 0.00000000 0.83205032
vn 0.31622776 0.00000000 -0.94868332
vn 0.55470020 0.00000000 0.83205032
vn 0.00000000 0.00000000 -1.00000000
vn 0.55470020 0.00000000 0.83205032
vn 0.00000000 0.00000000 -1.00000000
vn 0.55470020 0.00000000 0.83205032
vn 0.39391929 0.00000000 -0.91914505
vn 0.55470020 0.00000000 0.83205032
vn 0.37139067 0.00000000 -0.92847669
vn 0.55470020 0.00000000 0.83205032
vn 0.51449573 0.00000000 -0.85749292
vn 0.62469506 0.00000000 0.78086883
vn 0.31622776 0.00000000 -0.94868332
vn 0.70710677 0.00000000 0.70710677
vn 0.60000002 0.00000000 -0.80000001
vn 0.62469506 0.00000000 0.78086883
vn 0.80000001 0.00000000 -0.60000002
vn 0.70710677 0.00000000 0.70710677
vn 0.70710677 0.00000000 -0.70710677
vn 0.70710677 0.00000000 0.70710677
vn 0.70710677 0.00000000 -0.70710677
vn 0.70710677 0.00000000 0.70710677
vn 0.70710677 0.00000000 -0.70710677
vn 0.70710677 0.00000000 0.70710677
vn 0.94868332 0.31622776 -0.00000000
vn 0.85749292 0.51449573 0.00000000
vn 0.99227786 0.12403473 0.00000000
vn 0.94868332 0.31622776 0.00000000
vn 1.00000000 0.00000000 0.00000000
vn 1.00000000 -0.00000000 -0.00000000
vn 1.00000000 -0.00000000 0.00000000
vn 1.00000000 -0.00000000 0.00000000
vn 1.00000000 -0.00000000 -0.00000000
vn 0.89442718 -0.44721359 0.00000000
vn 0.85749292 -0.51449573 0.00000000
vn 0.89442718 -0.44721359 0.00000000
vn 0.89442718 -0.44721359 0.00000000
vn 0.86824316 -0.49613893 0.00000000
vn 0.37139067 -0.74278134 -0.55708599
vn 0.63960212 -0.42640144 0.63960212
vn 0.48507124 -0.72760689 -0.48507124
vn 0.68599433 -0.51449573 0.51449573
vn 1.00000000 0.00000000 0.00000000
vn 0.48507124 -0.72760689 -0.48507124
vn 0.42857143 -0.28571430 0.85714287
vn 0.48507124 -0.72760689 -0.48507124
vn 0.57735026 -0.57735026 0.57735026
vn 0.78446454 -0.19611613 -0.58834839
vn 0.48507124 -0.48507124 0.72760689
vn 0.57735026 -0.57735026 -0.57735026
vn 0.55470020 0.00000000 0.83205032
vn 0.55708599 -0.74278134 -0.37139067
vn 0.55470020 0.00000000 0.83205032
vn 0.13736056 -0.54944223 -0.82416338
vn 0.55470020 0.00000000 0.83205032
vn 0.80000001 0.00000000 -0.60000002
vn 0.55470020 0.00000000 0.83205032
vn 0.63960212 -0.63960212 -0.42640144
vn 0.48507124 -0.48507124 0.72760689
vn 0.13736056 -0.54944223 -0.82416338
vn 0.14744195 -0.44232586 0.88465172
vn 0.80000001 0.00000000 -0.60000002
vn 0.55470020 0.00000000 0.83205032
vn 0.80000001 0.00000000 -0.60000002
vn 0.55470020 0.00000000 0.83205032
vn 0.63960212 -0.63960212 -0.42640144
vn 0.55470020 0.00000000 0.83205032
vn 0.12309149 -0.49236596 -0.86164045
vn 0.55470020 0.00000000 0.83205032
vn 0.31622776 0.00000000 -0.94868332
vn 0.55470020 0.00000000 0.83205032
vn 0.31622776 0.00000000 -0.94868332
vn 0.55470020 0.00000000 0.83205032
vn 0.37139067 0.00000000 -0.92847669
vn 0.55470020 0.00000000 0.83205032
vn 0.80000001 0.00000000 -0.60000002
vn 0.55470020 0.00000000 0.83205032
vn 0.80000001 0.00000000 -0.60000002
vn 0.55470020 0.00000000 0.83205032
vn 0.70710677 0.00000000 -0.70710677
vn 0.60000002 0.00000000 0.80000001
vn 0.31622776 0.00000000 -0.94868332
vn 0.94868332 0.00000000 0.31622776
vn 0.94868332 0.31622776 0.00000000
vn 0.60000002 0.00000000 -0.80000001
vn 0.70710677 0.00000000 0.70710677
vn 1.00000000 0.00000000 0.00000000
vn 0.70710677 0.00000000 -0.70710677
vn 0.55470020 0.00000000 0.83205032
vn 0.31622776 0.00000000 -0.94868332
vn 0.55470020 0.00000000 0.83205032
vn 0.60000002 0.00000000 -0.80000001
vn 0.55470020 0.00000000 0.83205032
vn 0.80000001 0.00000000 -0.60000002
vn 0.55470020 0.00000000 0.83205032
vn 0.80000001 0.00000000 -0.60000002
vn 0.62469506 0.00000000 0.78086883
vn 0.80000001 0.00000000 -0.60000002
vn 0.70710677 0.00000000 0.70710677
vn 0.80000001 0.00000000 -0.60000002
vn 0.55470020 0.00000000 0.83205032
vn 0.80000001 0.00000000 -0.60000002
vn 0.55470020 0.00000000 0.83205032
vn 0.80000001 0.00000000 -0.60000002
vn 0.55470020 0.00000000 0.83205032
vn 0.80000001 0.00000000 -0.60000002
vn 0.55470020 0.00000000 0.83205032
vn 0.80000001 0.00000000 -0.60000002
vn 0.55470020 0.00000000 0.83205032
vn 0.70710677 0.00000000 -0.70710677
vn 0.55470020 0.00000000 0.83205032
vn 0.31622776 0.00000000 -0.94868332
vn 0.55470020 0.00000000 0.83205032
vn 0.31622776 0.00000000 -0.94868332
vn 0.55470020 0.00000000 0.83205032
vn 0.60000002 0.00000000 -0.80000001
vn 0.55470020 0.00000000 0.83205032
vn 0.70710677 0.00000000 -0.70710677
vn 0.55470020 0.00000000 0.83205032
vn 0.80000001 0.00000000 -0.60000002
vn 0.62469506 0.00000000 0.78086883
vn 0.70710677 0.00000000 -0.70710677
vn 0.70710677 0.00000000 0.70710677
vn 0.70710677 0.00000000 -0.70710677
vn 0.62469506 0.00000000 0.78086883
vn 0.80000001 0.00000000 -0.60000002
vn 0.70710677 0.00000000 0.70710677
vn 0.70710677 0.00000000 -0.70710677
vn 0.70710677 0.00000000 0.70710677
vn 0.70710677 0.00000000 -0.70710677
vn 0.81110710 0.32444283 0.48666427
vn 0.97014248 0.24253562 0.00000000
vn 0.92847669 0.37139067 -0.00000000
vn 0.98994946 0.14142136 0.00000000
vn 0.94868332 0.31622776 0.00000000
vn 0.83205032 -0.55470020 -0.00000000
vn 0.89442718 -0.44721359 0.00000000
vn 0.86824316 -0.49613893 0.00000000
vn 1.00000000 -0.00000000 0.00000000
vn 1.00000000 -0.00000000 0.00000000
vn 0.48507124 -0.72760689 -0.48507124
vn 0.27216554 -0.68041384 0.68041384
vn 1.00000000 0.00000000 0.00000000
vn 0.48507124 -0.72760689 -0.48507124
vn 0.27216554 -0.68041384 0.68041384
vn 1.00000000 0.00000000 0.00000000
vn 0.48507124 -0.72760689 -0.48507124
vn 0.42857143 -0.28571430 0.85714287
vn 0.55708599 -0.74278134 -0.37139067
vn 0.68599433 -0.51449573 0.51449573
vn 1.00000000 0.00000000 0.00000000
vn 0.13736056 -0.54944223 -0.82416338
vn 0.42857143 -0.28571430 0.85714287
vn 0.57735026 -0.57735026 -0.57735026
vn 0.55470020 0.00000000 0.83205032
vn 0.78446454 -0.19611613 -0.58834839
vn 0.55470020 0.00000000 0.83205032
vn 0.63960212 -0.63960212 -0.42640144
vn 0.55470020 0.00000000 0.83205032
vn 0.13736056 -0.54944223 -0.82416338
vn 0.57735026 -0.57735026 0.57735026
vn 0.80000001 0.00000000 -0.60000002
vn 0.48507124 -0.48507124 0.72760689
vn 0.63960212 -0.63960212 -0.42640144
vn 0.55470020 0.00000000 0.83205032
vn 0.12309149 -0.49236596 -0.86164045
vn 0.55470020 0.00000000 0.83205032
vn 0.37139067 0.00000000 -0.92847669
vn 0.55470020 0.00000000 0.83205032
vn 0.80000001 0.00000000 -0.60000002
vn 0.55470020 0.00000000 0.83205032
vn 0.80000001 0.00000000 -0.60000002
vn 0.55470020 0.00000000 0.83205032
vn 0.80000001 0.00000000 -0.60000002
vn 0.55470020 0.00000000 0.83205032
vn 0.80000001 0.00000000 -0.60000002
vn 0.55470020 0.00000000 0.83205032
vn 0.80000001 0.00000000 -0.60000002
vn 0.55470020 0.00000000 0.83205032
vn 0.80000001 0.00000000 -0.60000002
vn 0.60000002 0.00000000 0.80000001
vn 0.80000001 0.00000000 -0.60000002
vn 0.92847669 0.00000000 0.37139067
vn 0.97014248 0.24253562 0.00000000
vn 0.70710677 0.00000000 -0.70710677
vn 0.55470020 0.00000000 0.83205032
vn 0.80000001 0.00000000 -0.60000002
vn 0.55470020 0.00000000 0.83205032
vn 0.80000001 0.00000000 -0.60000002
vn 0.55470020 0.00000000 0.83205032
vn 0.70710677 0.00000000 -0.70710677
vn 0.55470020 0.00000000 0.83205032
vn 0.80000001 0.00000000 -0.60000002
vn 0.55470020 0.00000000 0.83205032
vn 0.80000001 0.00000000 -0.60000002
vn 0.60000002 0.00000000 0.80000001
vn 0.80000001 0.00000000 -0.60000002
vn 0.92847669 0.00000000 0.37139067
vn 0.97014248 0.24253562 0.00000000
vn 0.80000001 0.00000000 -0.60000002
vn 0.55470020 0.00000000 0.83205032
vn 0.80000001 0.00000000 -0.60000002
vn 0.55470020 0.00000000 0.83205032
vn 0.80000001 0.00000000 -0.60000002
vn 0.55470020 0.00000000 0.83205032
vn 0.80000001 0.00000000 -0.60000002
vn 0.55470020 0.00000000 0.83205032
vn 0.80000001 0.00000000 -0.60000002
vn 0.55470020 0.00000000 0.83205032
vn 0.80000001 0.00000000 -0.60000002
vn 0.55470020 0.00000000 0.83205032
vn 0.80000001 0.00000000 -0.60000002
vn 0.55470020 0.00000000 0.83205032
vn 0.80000001 0.00000000 -0.60000002
vn 0.55470020 0.00000000 0.83205032
vn 0.70710677 0.00000000 -0.70710677
vn 0.55470020 0.00000000 0.83205032
vn 0.80000001 0.00000000 -0.60000002
vn 0.55470020 0.00000000 0.83205032
vn 0.70710677 0.00000000 -0.70710677
vn 0.55470020 0.00000000 0.83205032
vn 0.80000001 0.00000000 -0.60000002
vn 0.62469506 0.00000000 0.78086883
vn 0.70710677 0.00000000 -0.70710677
vn 0.70710677 0.00000000 0.70710677
vn 0.70710677 0.00000000 -0.70710677
vn 0.89442718 0.00000000 0.44721359
vn 0.97014248 0.24253562 0.00000000
vn 0.78086883 0.00000000 -0.62469506
vn 0.89442718 0.00000000 0.44721359
vn 0.97014248 0.24253562 0.00000000
vn 0.98058069 0.19611613 -0.00000000
vn 0.83205032 0.55470020 -0.00000000
vn 0.85749292 0.51449573 0.00000000
vn 0.99227786 0.12403473 0.00000000
vn 0.94868332 0.31622776 0.00000000
vn 1.00000000 0.00000000 -0.00000000
vn 1.00000000 0.00000000 0.00000000
vn 1.00000000 -0.00000000 -0.00000000
vn 1.00000000 -0.00000000 0.00000000
vn 1.00000000 -0.00000000 0.00000000
vn 1.00000000 0.00000000 -0.00000000
vn 0.83205032 -0.55470020 0.00000000
vn 0.89442718 -0.44721359 0.00000000
vn 0.86824316 -0.49613893 0.00000000
vn 1.00000000 0.00000000 0.00000000
vn 0.89442718 -0.44721359 -0.00000000
vn 0.56568545 -0.70710677 -0.42426407
vn 0.27216554 -0.68041384 0.68041384
vn 1.00000000 0.00000000 0.00000000
vn 0.48507124 -0.72760689 -0.48507124
vn 0.42857143 -0.28571430 0.85714287
vn 0.78446454 -0.19611613 -0.58834839
vn 0.68599433 -0.51449573 0.51449573
vn 1.00000000 0.00000000 0.00000000
vn 0.57735026 -0.57735026 -0.57735026
vn 0.42857143 -0.28571430 0.85714287
vn 0.78446454 -0.19611613 -0.58834839
vn 0.55470020 0.00000000 0.83205032
vn 0.57735026 -0.57735026 -0.57735026
vn 0.55470020 0.00000000 0.83205032
vn 0.78446454 -0.19611613 -0.58834839
vn 0.70710677 0.00000000 0.70710677
vn 0.63960212 -0.63960212 -0.42640144
vn 0.68599433 -0.51449573 0.51449573
vn 1.00000000 0.00000000 0.00000000
vn 0.13736056 -0.54944223 -0.82416338
vn 0.42857143 -0.28571430 0.85714287
vn 0.80000001 0.00000000 -0.60000002
vn 0.55470020 0.00000000 0.83205032
vn 0.80000001 0.00000000 -0.60000002
vn 0.55470020 0.00000000 0.83205032
vn 0.80000001 0.00000000 -0.60000002
vn 0.55470020 0.00000000 0.83205032
vn 0.80000001 0.00000000 -0.60000002
vn 0.55470020 0.00000000 0.83205032
vn 0.80000001 0.00000000 -0.60000002
vn 0.55470020 0.00000000 0.83205032
vn 0.80000001 0.00000000 -0.60000002
vn 0.60000002 0.00000000 0.80000001
vn 0.80000001 0.00000000 -0.60000002
vn 0.94868332 0.00000000 0.31622776
vn 0.94868332 0.31622776 0.00000000
vn 0.80000001 0.00000000 -0.60000002
vn 0.70710677 0.00000000 0.70710677
vn 1.00000000 0.00000000 0.00000000
vn 0.80000001 0.00000000 -0.60000002
vn 0.55470020 0.00000000 0.83205032
vn 0.70710677 0.00000000 -0.70710677
vn 0.55470020 0.00000000 0.83205032
vn 0.80000001 0.00000000 -0.60000002
vn 0.55470020 0.00000000 0.83205032
vn 0.80000001 0.00000000 -0.60000002
vn 0.60000002 0.00000000 0.80000001
vn 0.70710677 0.00000000 -0.70710677
vn 0.94868332 0.00000000 0.31622776
vn 0.94868332 0.31622776 0.00000000
vn 0.80000001 0.00000000 -0.60000002
vn 0.80000001 0.00000000 0.60000002
vn 1.00000000 0.00000000 0.00000000
vn 0.80000001 0.00000000 -0.60000002
vn 0.70710677 0.00000000 0.70710677
vn 1.00000000 0.00000000 0.00000000
vn 0.80000001 0.00000000 -0.60000002
vn 0.55470020 0.00000000 0.83205032
vn 0.80000001 0.00000000 -0.60000002
vn 0.55470020 0.00000000 0.83205032
vn 0.80000001 0.00000000 -0.60000002
vn 0.55470020 0.00000000 0.83205032
vn 0.80000001 0.00000000 -0.60000002
vn 0.55470020 0.00000000 0.83205032
vn 0.80000001 0.00000000 -0.60000002
vn 0.55470020 0.00000000 0.83205032
vn 0.80000001 0.00000000 -0.60000002
vn 0.55470020 0.00000000 0.83205032
vn 0.80000001 0.00000000 -0.60000002
vn 0.55470020 0.00000000 0.83205032
vn 0.80000001 0.00000000 -0.60000002
vn 0.55470020 0.00000000 0.83205032
vn 0.80000001 0.00000000 -0.60000002
vn 0.55470020 0.00000000 0.83205032
vn 0.70710677 0.00000000 -0.70710677
vn 0.55470020 0.00000000 0.83205032
vn 0.80000001 0.00000000 -0.60000002
vn 0.55470020 0.00000000 0.83205032
vn 0.70710677 0.00000000 -0.70710677
vn 0.60000002 0.00000000 0.80000001
vn 0.78086883 0.00000000 -0.62469506
vn 0.89442718 0.00000000 0.44721359
vn 0.97014248 0.24253562 0.00000000
vn 0.98058069 0.19611613 -0.00000000
vn 0.83205032 0.00000000 -0.55470020
vn 0.89442718 0.00000000 0.44721359
vn 0.97014248 0.24253562 0.00000000
vn 0.98058069 0.19611613 -0.00000000
vn 0.83205032 0.55470020 -0.00000000
vn 0.89442718 0.44721359 0.00000000
vn 0.98639393 0.16439898 0.00000000
vn 0.97014248 0.24253562 0.00000000
vn 1.00000000 0.00000000 -0.00000000
vn 1.00000000 0.00000000 0.00000000
vn 1.00000000 0.00000000 0.00000000
vn 1.00000000 -0.00000000 -0.00000000
vn 1.00000000 -0.00000000 0.00000000
vn 1.00000000 -0.00000000 0.00000000
vn 1.00000000 -0.00000000 -0.00000000
vn 0.89442718 -0.44721359 0.00000000
vn 0.85749292 -0.51449573 0.00000000
vn 0.86824316 -0.49613893 0.00000000
vn 1.00000000 -0.00000000 0.00000000
vn 1.00000000 0.00000000 0.00000000
vn 1.00000000 0.00000000 -0.00000000
vn 0.59761429 -0.71713716 -0.35856858
vn 0.27216554 -0.68041384 0.68041384
vn 1.00000000 0.00000000 0.00000000
vn 0.37139067 -0.74278134 -0.55708599
vn 0.27216554 -0.68041384 0.68041384
vn 1.00000000 0.00000000 0.00000000
vn 0.78446454 -0.19611613 -0.58834839
vn 0.42857143 -0.28571430 0.85714287
vn 0.57735026 -0.57735026 -0.57735026
vn 0.55470020 0.00000000 0.83205032
vn 0.78446454 -0.19611613 -0.58834839
vn 0.55470020 0.00000000 0.83205032
vn 0.57735026 -0.57735026 -0.57735026
vn 0.70710677 0.00000000 0.70710677
vn 0.78446454 -0.19611613 -0.58834839
vn 0.80000001 -0.00000000 0.60000002
vn 1.00000000 0.00000000 0.00000000
vn 0.80000001 0.00000000 -0.60000002
vn 0.80000001 0.00000000 0.60000002
vn 1.00000000 0.00000000 0.00000000
vn 0.80000001 0.00000000 -0.60000002
vn 0.80000001 0.00000000 0.60000002
vn 1.00000000 0.00000000 0.00000000
vn 0.80000001 0.00000000 -0.60000002
vn 0.80000001 0.00000000 0.60000002
vn 1.00000000 0.00000000 0.00000000
vn 0.80000001 0.00000000 -0.60000002
vn 0.80000001 0.00000000 0.60000002
vn 1.00000000 0.00000000 0.00000000
vn 0.80000001 0.00000000 -0.60000002
vn 0.80000001 0.00000000 0.60000002
vn 1.00000000 0.00000000 0.00000000
vn 0.80000001 0.00000000 -0.60000002
vn 0.70710677 0.00000000 0.70710677
vn 1.00000000 0.00000000 0.00000000
vn 0.80000001 0.00000000 -0.60000002
vn 0.55470020 0.00000000 0.83205032
vn 0.80000001 0.00000000 -0.60000002
vn 0.60000002 0.00000000 0.80000001
vn 0.78086883 0.00000000 -0.62469506
vn 0.94868332 0.00000000 0.31622776
vn 0.94868332 0.31622776 0.00000000
vn 0.98058069 0.19611613 -0.00000000
vn 0.83205032 0.00000000 -0.55470020
vn 0.80000001 0.00000000 0.60000002
vn 1.00000000 0.00000000 0.00000000
vn 0.78086883 0.00000000 -0.62469506
vn 0.80000001 0.00000000 0.60000002
vn 1.00000000 0.00000000 0.00000000
vn 0.98058069 0.19611613 -0.00000000
vn 0.83205032 0.00000000 -0.55470020
vn 0.70710677 0.00000000 0.70710677
vn 1.00000000 0.00000000 0.00000000
vn 1.00000000 0.00000000 -0.00000000
vn 0.85749292 0.00000000 -0.51449573
vn 0.94868332 0.00000000 0.31622776
vn 0.94868332 0.31622776 0.00000000
vn 0.80000001 0.00000000 -0.60000002
vn 0.80000001 0.00000000 0.60000002
vn 1.00000000 0.00000000 0.00000000
vn 0.80000001 0.00000000 -0.60000002
vn 0.80000001 0.00000000 0.60000002
vn 1.00000000 0.00000000 0.00000000
vn 0.80000001 0.00000000 -0.60000002
vn 0.80000001 0.00000000 0.60000002
vn 1.00000000 0.00000000 0.00000000
vn 0.80000001 0.00000000 -0.60000002
vn 0.80000001 0.00000000 0.60000002
vn 1.00000000 0.00000000 0.00000000
vn 0.80000001 0.00000000 -0.60000002
vn 0.80000001 0.00000000 0.60000002
vn 1.00000000 0.00000000 0.00000000
vn 0.80000001 0.00000000 -0.60000002
vn 0.80000001 0.00000000 0.60000002
vn 1.00000000 0.00000000 0.00000000
vn 0.80000001 0.00000000 -0.60000002
vn 0.80000001 0.00000000 0.60000002
vn 1.00000000 0.00000000 0.00000000
vn 0.80000001 0.00000000 -0.60000002
vn 0.80000001 0.00000000 0.60000002
vn 1.00000000 0.00000000 0.00000000
vn 0.80000001 0.00000000 -0.60000002
vn 0.80000001 0.00000000 0.60000002
vn 1.00000000 0.00000000 0.00000000
vn 0.80000001 0.00000000 -0.60000002
vn 0.80000001 0.00000000 0.60000002
vn 1.00000000 0.00000000 0.00000000
vn 0.78086883 0.00000000 -0.62469506
vn 0.78086883 0.00000000 0.62469506
vn 1.00000000 0.00000000 0.00000000
vn 0.98058069 0.19611613 -0.00000000
vn 0.83205032 0.00000000 -0.55470020
vn 0.91914505 0.00000000 0.39391929
vn 0.98058069 0.19611613 0.00000000
vn 1.00000000 0.00000000 0.00000000
vn 0.98058069 0.19611613 -0.00000000
vn 0.83205032 0.00000000 -0.55470020
vn 0.91914505 0.00000000 0.39391929
vn 0.98058069 0.19611613 0.00000000
vn 1.00000000 0.00000000 0.00000000
vn 1.00000000 0.00000000 0.00000000
vn 1.00000000 0.00000000 -0.00000000
vn 0.98639393 0.16439898 0.00000000
vn 1.00000000 0.00000000 -0.00000000
vn 0.98058069 0.19611613 0.00000000
vn 1.00000000 0.00000000 0.00000000
vn 1.00000000 0.00000000 0.00000000
vn 1.00000000 0.00000000 0.00000000
vn 1.00000000 0.00000000 -0.00000000
vn 1.00000000 0.00000000 0.00000000
vn 1.00000000 0.00000000 0.00000000
vn 1.00000000 0.00000000 0.00000000
vn 1.00000000 0.00000000 0.00000000
vn 1.00000000 0.00000000 -0.00000000
vn 1.00000000 0.00000000 0.00000000
vn 1.00000000 0.00000000 0.00000000
vn 1.00000000 -0.00000000 -0.00000000
vn 1.00000000 -0.00000000 0.00000000
vn 1.00000000 -0.00000000 0.00000000
vn 1.00000000 0.00000000 -0.00000000
vn 1.00000000 -0.00000000 0.00000000
vn 1.00000000 0.00000000 0.00000000
vn 1.00000000 -0.00000000 0.00000000
vn 1.00000000 0.00000000 0.00000000
vn 1.00000000 0.00000000 -0.00000000
vn 0.83205032 -0.55470020 0.00000000
vn 0.89442718 -0.44721359 0.00000000
vn 0.86824316 -0.49613893 0.00000000
vn 1.00000000 0.00000000 0.00000000
vn 1.00000000 -0.00000000 0.00000000
vn 1.00000000 0.00000000 0.00000000
vn 0.74535596 -0.29814240 -0.59628481
vn 0.27216554 -0.68041384 0.68041384
vn 1.00000000 0.00000000 0.00000000
vn 1.00000000 0.00000000 0.00000000
vn 1.00000000 0.00000000 -0.00000000
vn 0.74535596 -0.59628481 -0.29814240
vn 0.42857143 -0.28571430 0.85714287
vn 1.00000000 0.00000000 0.00000000
vn 0.74535596 -0.29814240 -0.59628481
vn 0.80000001 0.00000000 0.60000002
vn 1.00000000 0.00000000 0.00000000
vn 1.00000000 0.00000000 -0.00000000
vn 0.74535596 -0.59628481 -0.29814240
vn 0.80000001 0.00000000 0.60000002
vn 1.00000000 0.00000000 0.00000000
vn 0.66666669 -0.33333334 -0.66666669
vn 0.80000001 0.00000000 0.60000002
vn 1.00000000 0.00000000 0.00000000
vn 0.80000001 0.00000000 -0.60000002
vn 0.80000001 0.00000000 0.60000002
vn 1.00000000 0.00000000 0.00000000
vn 0.80000001 0.00000000 -0.60000002
vn 0.80000001 0.00000000 0.60000002
vn 1.00000000 0.00000000 0.00000000
vn 0.80000001 0.00000000 -0.60000002
vn 0.80000001 0.00000000 0.60000002
vn 1.00000000 0.00000000 0.00000000
vn 0.80000001 0.00000000 -0.60000002
vn 0.78086883 0.00000000 0.62469506
vn 1.00000000 0.00000000 0.00000000
vn 0.78086883 0.00000000 -0.62469506
vn 0.94868332 0.00000000 0.31622776
vn 0.98058069 0.19611613 0.00000000
vn 1.00000000 0.00000000 0.00000000
vn 0.98058069 0.19611613 -0.00000000
vn 0.83205032 0.00000000 -0.55470020
vn 0.78086883 0.00000000 0.62469506
vn 1.00000000 0.00000000 0.00000000
vn 1.00000000 0.00000000 0.00000000
vn 1.00000000 0.00000000 -0.00000000
vn 0.83205032 0.00000000 -0.55470020
vn 0.91914505 0.00000000 0.39391929
vn 0.98058069 0.19611613 0.00000000
vn 1.00000000 0.00000000 0.00000000
vn 1.00000000 0.00000000 0.00000000
vn 1.00000000 0.00000000 -0.00000000
vn 0.98639393 0.16439898 0.00000000
vn 0.83205032 0.55470020 -0.00000000
vn 0.89442718 0.44721359 0.00000000
vn 0.98994946 0.14142136 0.00000000
vn 0.98058069 0.19611613 0.00000000
vn 1.00000000 0.00000000 0.00000000
vn 1.00000000 0.00000000 0.00000000
vn 1.00000000 0.00000000 -0.00000000
vn 1.00000000 0.00000000 0.00000000
vn 1.00000000 0.00000000 0.00000000
vn 1.00000000 0.00000000 0.00000000
vn 1.00000000 0.00000000 0.00000000
vn 1.00000000 0.00000000 0.00000000
vn 1.00000000 0.00000000 0.00000000
vn 1.00000000 0.00000000 -0.00000000
vn 1.00000000 0.00000000 0.00000000
vn 1.00000000 0.00000000 0.00000000
vn 1.00000000 0.00000000 0.00000000
vn 1.00000000 0.00000000 0.00000000
vn 1.00000000 0.00000000 0.00000000
vn 1.00000000 0.00000000 0.00000000
vn 1.00000000 0.00000000 -0.00000000
vn 1.00000000 0.00000000 0.00000000
vn 1.00000000 0.00000000 0.00000000
vn 1.00000000 0.00000000 0.00000000
vn 1.00000000 0.00000000 0.00000000
vn 1.00000000 0.00000000 0.00000000
vn 1.00000000 0.00000000 -0.00000000
vn 1.00000000 0.00000000 0.00000000
vn 1.00000000 0.00000000 0.00000000
vn 1.00000000 0.00000000 0.00000000
vn 1.00000000 0.00000000 0.00000000
vn 1.00000000 0.00000000 -0.00000000
vn 1.00000000 0.00000000 0.00000000
vn 1.00000000 0.00000000 0.00000000
vn 1.00000000 0.00000000 0.00000000
vn 1.00000000 0.00000000 0.00000000
vn 1.00000000 0.00000000 -0.00000000
vn 1.00000000 0.00000000 0.00000000
vn 1.00000000 0.00000000 0.00000000
vn 1.00000000 0.00000000 0.00000000
vn 1.00000000 0.00000000 0.00000000
vn 1.00000000 0.00000000 -0.00000000
vn 1.00000000 0.00000000 0.00000000
vn 1.00000000 0.00000000 0.00000000
vn 1.00000000 0.00000000 0.00000000
vn 1.00000000 0.00000000 0.00000000
vn 1.00000000 0.00000000 -0.00000000
vn 1.00000000 0.00000000 0.00000000
vn 1.00000000 0.00000000 0.00000000
vn 1.00000000 0.00000000 0.00000000
vn 1.00000000 0.00000000 0.00000000
vn 1.00000000 0.00000000 -0.00000000
vn 1.00000000 0.00000000 0.00000000
vn 1.00000000 0.00000000 0.00000000
vn 1.00000000 0.00000000 0.00000000
vn 1.00000000 0.00000000 0.00000000
vn 1.00000000 0.00000000 -0.00000000
vn 1.00000000 0.00000000 0.00000000
vn 1.00000000 0.00000000 0.00000000
vn 1.00000000 0.00000000 0.00000000
vn 1.00000000 0.00000000 0.00000000
vn 1.00000000 0.00000000 -0.00000000
vn 1.00000000 0.00000000 0.00000000
vn 1.00000000 0.00000000 0.00000000
vn 1.00000000 0.00000000 0.00000000
vn 1.00000000 0.00000000 0.00000000
vn 1.00000000 0.00000000 -0.00000000
vn 1.00000000 0.00000000 0.00000000
vn 1.00000000 0.00000000 0.00000000
vn 1.00000000 0.00000000 0.00000000
vn 1.00000000 0.00000000 0.00000000
vn 1.00000000 0.00000000 -0.00000000
vn 1.00000000 0.00000000 0.00000000
vn 1.00000000 0.00000000 0.00000000
vn 1.00000000 0.00000000 0.00000000
vn 1.00000000 0.00000000 0.00000000
vn 1.00000000 0.00000000 -0.00000000
vn 1.00000000 0.00000000 0.00000000
vn 1.00000000 0.00000000 0.00000000
vn 1.00000000 0.00000000 0.00000000
vn 1.00000000 0.00000000 0.00000000
vn 1.00000000 0.00000000 -0.00000000
vn 1.00000000 0.00000000 0.00000000
vn 1.00000000 0.00000000 0.00000000
vn 1.00000000 0.00000000 0.00000000
vn 1.00000000 0.00000000 0.00000000
vn 1.00000000 0.00000000 -0.00000000
vn 1.00000000 0.00000000 0.00000000
vn 1.00000000 0.00000000 0.00000000
vn 1.00000000 0.00000000 0.00000000
vn 1.00000000 -0.00000000 -0.00000000
vn 1.00000000 -0.00000000 0.00000000
vn 1.00000000 -0.00000000 0.00000000
vn 1.00000000 0.00000000 -0.00000000
vn 1.00000000 0.00000000 0.00000000
vn 1.00000000 -0.00000000 0.00000000
vn 1.00000000 0.00000000 0.00000000
vn 1.00000000 0.00000000 -0.00000000
vn 1.00000000 -0.00000000 0.00000000
vn 1.00000000 0.00000000 0.00000000
vn 1.00000000 0.00000000 0.00000000
vn 1.00000000 0.00000000 0.00000000
vn 1.00000000 0.00000000 -0.00000000
vn 1.00000000 0.00000000 0.00000000
vn 1.00000000 0.00000000 0.00000000
vn 1.00000000 0.00000000 0.00000000
vn 1.00000000 0.00000000 0.00000000
vn 1.00000000 0.00000000 -0.00000000
vn 1.00000000 -0.00000000 0.00000000
vn 1.00000000 0.00000000 0.00000000
vn 1.00000000 0.00000000 0.00000000
vn 1.00000000 0.00000000 0.00000000
vn 1.00000000 0.00000000 0.00000000
vn 1.00000000 0.00000000 -0.00000000
vn 1.00000000 0.00000000 0.00000000
vn 1.00000000 0.00000000 0.00000000
vn 1.00000000 0.00000000 0.00000000
vn 1.00000000 0.00000000 0.00000000
vn 1.00000000 0.00000000 0.00000000
vn 1.00000000 0.00000000 -0.00000000
vn 1.00000000 0.00000000 0.00000000
vn 1.00000000 0.00000000 0.00000000
vn 1.00000000 0.00000000 0.00000000
vn 1.00000000 0.00000000 0.00000000
vn 1.00000000 0.00000000 0.00000000
vn 1.00000000 0.00000000 -0.00000000
vn 1.00000000 0.00000000 0.00000000
vn 1.00000000 0.00000000 0.00000000
vn 1.00000000 0.00000000 0.00000000
vn 1.00000000 0.00000000 0.00000000
vn 1.00000000 0.00000000 0.00000000
vn 1.00000000 0.00000000 -0.00000000
vn 1.00000000 0.00000000 0.00000000
vn 1.00000000 0.00000000 0.00000000
vn 1.00000000 0.00000000 0.00000000
vn 1.00000000 0.00000000 0.00000000
vn 1.00000000 0.00000000 0.00000000
vn 1.00000000 0.00000000 -0.00000000
vn 1.00000000 0.00000000 0.00000000
vn 1.00000000 0.00000000 0.00000000
vn 1.00000000 0.00000000 0.00000000
vn 1.00000000 0.00000000 0.00000000
vn 1.00000000 0.00000000 -0.00000000
vn 1.00000000 0.00000000 0.00000000
vn 1.00000000 0.00000000 0.00000000
vn 1.00000000 0.00000000 0.00000000
vn 1.00000000 0.00000000 -0.00000000
vn 1.00000000 0.00000000 0.00000000
vn 1.00000000 0.00000000 0.00000000
f 3//3 2//2 1//1
f 1//1 4//4 3//3
f 1//1 2//2 5//5
f 5//5 2//2 6//6
f 4//4 1//1 7//7
f 7//7 1//1 5//5
f 5//5 6//6 8//8
f 8//8 6//6 9//9
f 7//7 5//5 10//10
f 10//10 5//5 8//8
f 9//9 11//11 8//8
f 8//8 11//11 10//10
f 13//13 12//12 3//3
f 15//15 14//14 3//3
f 3//3 14//14 13//13
f 15//15 16//16 14//14
f 12//12 17//17 2//2
f 12//12 2//2 3//3
f 15//15 3//3 4//4
f 16//16 15//15 18//18
f 18//18 15//15 4//4
f 2//2 17//17 6//6
f 6//6 17//17 19//19
f 18//18 4//4 20//20
f 20//20 4//4 7//7
f 6//6 19//19 9//9
f 9//9 19//19 21//21
f 20//20 7//7 22//22
f 22//22 7//7 10//10
f 21//21 23//23 9//9
f 9//9 23//23 11//11
f 11//11 24//24 10//10
f 10//10 24//24 22//22
f 23//23 25//25 11//11
f 11//11 25//25 24//24
f 27//27 26//26 14//14
f 14//14 28//28 27//27
f 26//26 29//29 13//13
f 13//13 29//29 12//12
f 13//13 14//14 26//26
f 16//16 28//28 14//14
f 31//31 30//30 16//16
f 16//16 30//30 28//28
f 31//31 32//32 30//30
f 29//29 33//33 12//12
f 12//12 33//33 17//17
f 16//16 34//34 31//31
f 16//16 18//18 34//34
f 32//32 31//31 35//35
f 35//35 31//31 34//34
f 33//33 19//19 17//17
f 36//36 19//19 33//33
f 18//18 37//37 34//34
f 18//18 20//20 37//37
f 35//35 34//34 38//38
f 38//38 34//34 37//37
f 36//36 21//21 19//19
f 39//39 21//21 36//36
f 37//37 22//22 40//40
f 37//37 20//20 22//22
f 37//37 40//40 38//38
f 39//39 41//41 21//21
f 21//21 41//41 23//23
f 24//24 42//42 22//22
f 22//22 42//42 40//40
f 41//41 43//43 23//23
f 23//23 43//43 25//25
f 25//25 44//44 24//24
f 25//25 43//43 44//44
f 24//24 44//44 42//42
f 46//46 45//45 27//27
f 27//27 45//45 26//26
f 47//47 27//27 28//28
f 47//47 46//46 27//27
f 30//30 48//48 28//28
f 28//28 48//48 47//47
f 30//30 49//49 48//48
f 45//45 50//50 26//26
f 26//26 50//50 29//29
f 32//32 49//49 30//30
f 32//32 51//51 49//49
f 52//52 33//33 29//29
f 50//50 52//52 29//29
f 51//51 32//32 53//53
f 53//53 32//32 35//35
f 54//54 36//36 52//52
f 52//52 36//36 33//33
f 53//53 35//35 55//55
f 55//55 35//35 38//38
f 56//56 39//39 54//54
f 54//54 39//39 36//36
f 40//40 57//57 38//38
f 38//38 57//57 55//55
f 56//56 41//41 39//39
f 56//56 58//58 41//41
f 42//42 59//59 40//40
f 40//40 59//59 57//57
f 58//58 43//43 41//41
f 60//60 43//43 58//58
f 60//60 44//44 43//43
f 44//44 61//61 42//42
f 44//44 60//60 61//61
f 42//42 61//61 59//59
f 63//63 62//62 47//47
f 48//48 64//64 47//47
f 47//47 64//64 63//63
f 48//48 65//65 64//64
f 62//62 66//66 46//46
f 46//46 66//66 45//45
f 46//46 47//47 62//62
f 49//49 65//65 48//48
f 49//49 67//67 65//65
f 66//66 68//68 45//45
f 45//45 68//68 50//50
f 51//51 67//67 49//49
f 51//51 69//69 67//67
f 68//68 52//52 50//50
f 70//70 52//52 68//68
f 69//69 51//51 71//71
f 71//71 51//51 53//53
f 70//70 54//54 52//52
f 72//72 54//54 70//70
f 71//71 53//53 73//73
f 73//73 53//53 55//55
f 72//72 56//56 54//54
f 74//74 56//56 72//72
f 57//57 75//75 55//55
f 55//55 75//75 73//73
f 74//74 76//76 56//56
f 56//56 76//76 58//58
f 77//77 57//57 59//59
f 75//75 57//57 78//78
f 78//78 57//57 77//77
f 76//76 79//79 58//58
f 58//58 79//79 60//60
f 60//60 79//79 61//61
f 61//61 80//80 59//59
f 59//59 80//80 77//77
f 77//77 80//80 81//81
f 77//77 81//81 78//78
f 79//79 82//82 61//61
f 61//61 82//82 80//80
f 84//84 83//83 63//63
f 63//63 83//83 62//62
f 85//85 63//63 64//64
f 85//85 84//84 63//63
f 86//86 64//64 65//65
f 86//86 85//85 64//64
f 65//65 87//87 86//86
f 83//83 88//88 62//62
f 62//62 88//88 66//66
f 67//67 87//87 65//65
f 67//67 89//89 87//87
f 88//88 90//90 66//66
f 66//66 90//90 68//68
f 69//69 89//89 67//67
f 69//69 91//91 89//89
f 90//90 70//70 68//68
f 92//92 70//70 90//90
f 69//69 71//71 91//91
f 71//71 93//93 91//91
f 92//92 72//72 70//70
f 94//94 72//72 92//92
f 93//93 71//71 95//95
f 95//95 71//71 73//73
f 94//94 74//74 72//72
f 96//96 74//74 94//94
f 75//75 97//97 73//73
f 73//73 97//97 95//95
f 74//74 98//98 76//76
f 74//74 96//96 98//98
f 97//97 75//75 99//99
f 99//99 75//75 78//78
f 98//98 100//100 76//76
f 76//76 100//100 79//79
f 81//81 101//101 78//78
f 78//78 101//101 99//99
f 100//100 102//102 79//79
f 102//102 82//82 79//79
f 102//102 103//103 82//82
f 82//82 104//104 80//80
f 82//82 103//103 104//104
f 80//80 104//104 81//81
f 81//81 104//104 105//105
f 81//81 105//105 101//101
f 107//107 106//106 84//84
f 85//85 108//108 84//84
f 84//84 108//108 107//107
f 86//86 109//109 85//85
f 85//85 109//109 108//108
f 86//86 110//110 109//109
f 106//106 111//111 83//83
f 106//106 83//83 84//84
f 87//87 110//110 86//86
f 87//87 112//112 110//110
f 111//111 88//88 83//83
f 111//111 113//113 88//88
f 89//89 112//112 87//87
f 89//89 114//114 112//112
f 113//113 115//115 88//88
f 88//88 115//115 90//90
f 114//114 89//89 116//116
f 116//116 89//89 91//91
f 115//115 92//92 90//90
f 117//117 92//92 115//115
f 93//93 116//116 91//91
f 93//93 118//118 116//116
f 117//117 94//94 92//92
f 119//119 94//94 117//117
f 95//95 118//118 93//93
f 95//95 120//120 118//118
f 119//119 96//96 94//94
f 121//121 96//96 119//119
f 122//122 95//95 97//97
f 122//122 120//120 95//95
f 98//98 121//121 123//123
f 98//98 96//96 121//121
f 122//122 97//97 124//124
f 124//124 97//97 99//99
f 123//123 100//100 98//98
f 123//123 125//125 100//100
f 101//101 126//126 99//99
f 99//99 126//126 124//124
f 125//125 102//102 100//100
f 127//127 102//102 125//125
f 127//127 103//103 102//102
f 103//103 128//128 104//104
f 127//127 128//128 103//103
f 104//104 129//129 105//105
f 128//128 129//129 104//104
f 105//105 130//130 101//101
f 105//105 129//129 130//130
f 101//101 130//130 126//126
f 132//132 131//131 109//109
f 109//109 133//133 132//132
f 135//135 134//134 107//107
f 107//107 134//134 106//106
f 131//131 107//107 108//108
f 131//131 135//135 107//107
f 108//108 109//109 131//131
f 110//110 133//133 109//109
f 110//110 136//136 133//133
f 134//134 137//137 106//106
f 106//106 137//137 111//111
f 112//112 136//136 110//110
f 112//112 138//138 136//136
f 137//137 113//113 111//111
f 139//139 113//113 137//137
f 114//114 138//138 112//112
f 114//114 140//140 138//138
f 141//141 115//115 113//113
f 139//139 141//141 113//113
f 114//114 116//116 140//140
f 116//116 142//142 140//140
f 143//143 115//115 141//141
f 143//143 117//117 115//115
f 142//142 116//116 144//144
f 144//144 116//116 118//118
f 143//143 119//119 117//117
f 145//145 119//119 143//143
f 144//144 118//118 146//146
f 146//146 118//118 120//120
f 121//121 145//145 147//147
f 121//121 119//119 145//145
f 146//146 120//120 148//148
f 148//148 120//120 122//122
f 147//147 123//123 121//121
f 149//149 123//123 147//147
f 148//148 122//122 150//150
f 150//150 122//122 124//124
f 149//149 151//151 123//123
f 123//123 151//151 125//125
f 126//126 152//152 124//124
f 124//124 152//152 150//150
f 151//151 153//153 125//125
f 125//125 153//153 127//127
f 127//127 153//153 128//128
f 130//130 129//129 154//154
f 130//130 155//155 126//126
f 130//130 154//154 155//155
f 126//126 155//155 152//152
f 153//153 156//156 128//128
f 128//128 156//156 129//129
f 129//129 156//156 157//157
f 129//129 157//157 154//154
f 159//159 158//158 131//131
f 132//132 159//159 131//131
f 132//132 160//160 159//159
f 161//161 132//132 133//133
f 161//161 160//160 132//132
f 133//133 162//162 161//161
f 158//158 163//163 135//135
f 135//135 163//163 134//134
f 135//135 131//131 158//158
f 136//136 162//162 133//133
f 136//136 164//164 162//162
f 165//165 137//137 134//134
f 163//163 165//165 134//134
f 138//138 164//164 136//136
f 138//138 166//166 164//164
f 167//167 137//137 165//165
f 167//167 139//139 137//137
f 138//138 140//140 166//166
f 140//140 168//168 166//166
f 167//167 141//141 139//139
f 169//169 141//141 167//167
f 142//142 168//168 140//140
f 142//142 170//170 168//168
f 171//171 143//143 141//141
f 169//169 171//171 141//141
f 144//144 170//170 142//142
f 144//144 172//172 170//170
f 173//173 145//145 171//171
f 171//171 145//145 143//143
f 146//146 172//172 144//144
f 146//146 174//174 172//172
f 173//173 147//147 145//145
f 175//175 147//147 173//173
f 148//148 174//174 146//146
f 148//148 176//176 174//174
f 175//175 149//149 147//147
f 177//177 149//149 175//175
f 150//150 176//176 148//148
f 150//150 178//178 176//176
f 177//177 179//179 149//149
f 149//149 179//179 151//151
f 150//150 152//152 178//178
f 178//178 152//152 180//180
f 179//179 181//181 151//151
f 151//151 181//181 153//153
f 155//155 154//154 182//182
f 152//152 155//155 180//180
f 180//180 155//155 182//182
f 181//181 183//183 153//153
f 153//153 183//183 156//156
f 156//156 184//184 157//157
f 183//183 184//184 156//156
f 157//157 185//185 154//154
f 157//157 184//184 185//185
f 154//154 185//185 182//182
f 187//187 186//186 159//159
f 159//159 186//186 158//158
f 188//188 159//159 160//160
f 188//188 187//187 159//159
f 189//189 160//160 161//161
f 189//189 188//188 160//160
f 161//161 162//162 189//189
f 189//189 162//162 190//190
f 186//186 191//191 158//158
f 158//158 191//191 163//163
f 162//162 164//164 190//190
f 190//190 164//164 192//192
f 191//191 165//165 163//163
f 193//193 165//165 191//191
f 164//164 166//166 192//192
f 166//166 194//194 192//192
f 193//193 195//195 165//165
f 165//165 195//195 167//167
f 168//168 194//194 166//166
f 168//168 196//196 194//194
f 195//195 169//169 167//167
f 197//197 169//169 195//195
f 168//168 170//170 196//196
f 170//170 198//198 196//196
f 197//197 171//171 169//169
f 199//199 171//171 197//197
f 198//198 170//170 200//200
f 200//200 170//170 172//172
f 199//199 173//173 171//171
f 201//201 173//173 199//199
f 200//200 172//172 202//202
f 202//202 172//172 174//174
f 201//201 175//175 173//173
f 203//203 175//175 201//201
f 202//202 174//174 204//204
f 204//204 174//174 176//176
f 177//177 203//203 205//205
f 177//177 175//175 203//203
f 178//178 206//206 176//176
f 176//176 206//206 204//204
f 205//205 179//179 177//177
f 205//205 207//207 179//179
f 208//208 178//178 180//180
f 208//208 206//206 178//178
f 207//207 181//181 179//179
f 207//207 209//209 181//181
f 182//182 210//210 180//180
f 180//180 210//210 208//208
f 209//209 183//183 181//181
f 211//211 183//183 209//209
f 211//211 184//184 183//183
f 184//184 212//212 185//185
f 211//211 212//212 184//184
f 185//185 213//213 182//182
f 185//185 212//212 213//213
f 182//182 213//213 210//210
f 215//215 214//214 187//187
f 187//187 214//214 186//186
f 216//216 187//187 188//188
f 216//216 215//215 187//187
f 217//217 188//188 189//189
f 217//217 216//216 188//188
f 218//218 189//189 190//190
f 218//218 217//217 189//189
f 190//190 219//219 218//218
f 214//214 220//220 186//186
f 186//186 220//220 191//191
f 192//192 219//219 190//190
f 192//192 221//221 219//219
f 220//220 193//193 191//191
f 222//222 193//193 220//220
f 194//194 221//221 192//192
f 194//194 223//223 221//221
f 224//224 195//195 193//193
f 222//222 224//224 193//193
f 194//194 196//196 223//223
f 196//196 225//225 223//223
f 226//226 195//195 224//224
f 226//226 197//197 195//195
f 198//198 225//225 196//196
f 198//198 227//227 225//225
f 226//226 199//199 197//197
f 228//228 199//199 226//226
f 200//200 227//227 198//198
f 200//200 229//229 227//227
f 201//201 228//228 230//230
f 201//201 199//199 228//228
f 202//202 229//229 200//200
f 202//202 231//231 229//229
f 232//232 203//203 230//230
f 230//230 203//203 201//201
f 204//204 231//231 202//202
f 204//204 233//233 231//231
f 232//232 205//205 203//203
f 234//234 205//205 232//232
f 235//235 204//204 206//206
f 235//235 233//233 204//204
f 234//234 236//236 205//205
f 205//205 236//236 207//207
f 235//235 206//206 237//237
f 237//237 206//206 208//208
f 236//236 238//238 207//207
f 207//207 238//238 209//209
f 210//210 239//239 208//208
f 208//208 239//239 237//237
f 238//238 240//240 209//209
f 209//209 240//240 211//211
f 211//211 241//241 212//212
f 240//240 241//241 211//211
f 212//212 242//242 213//213
f 241//241 242//242 212//212
f 213//213 243//243 210//210
f 213//213 242//242 243//243
f 210//210 243//243 239//239
f 245//245 244//244 217//217
f 217//217 246//246 245//245
f 247//247 214//214 215//215
f 215//215 244//244 247//247
f 215//215 216//216 244//244
f 216//216 217//217 244//244
f 218//218 246//246 217//217
f 218//218 219//219 246//246
f 246//246 219//219 248//248
f 249//249 220//220 214//214
f 247//247 249//249 214//214
f 219//219 221//221 248//248
f 248//248 221//221 250//250
f 251//251 220//220 249//249
f 251//251 222//222 220//220
f 221//221 223//223 250//250
f 223//223 252//252 250//250
f 251//251 224//224 222//222
f 253//253 224//224 251//251
f 225//225 252//252 223//223
f 225//225 254//254 252//252
f 255//255 226//226 224//224
f 253//253 255//255 224//224
f 227//227 254//254 225//225
f 227//227 256//256 254//254
f 257//257 228//228 255//255
f 255//255 228//228 226//226
f 227//227 229//229 256//256
f 229//229 258//258 256//256
f 257//257 230//230 228//228
f 259//259 230//230 257//257
f 258//258 229//229 260//260
f 260//260 229//229 231//231
f 259//259 232//232 230//230
f 261//261 232//232 259//259
f 260//260 231//231 262//262
f 262//262 231//231 233//233
f 234//234 261//261 263//263
f 234//234 232//232 261//261
f 262//262 233//233 264//264
f 264//264 233//233 235//235
f 263//263 236//236 234//234
f 265//265 236//236 263//263
f 237//237 266//266 235//235
f 235//235 266//266 264//264
f 265//265 267//267 236//236
f 236//236 267//267 238//238
f 237//237 239//239 266//266
f 266//266 239//239 268//268
f 267//267 269//269 238//238
f 238//238 269//269 240//240
f 240//240 270//270 241//241
f 269//269 270//270 240//240
f 241//241 271//271 242//242
f 270//270 271//271 241//241
f 242//242 272//272 243//243
f 271//271 272//272 242//242
f 239//239 243//243 268//268
f 268//268 243//243 272//272
f 274//274 273//273 245//245
f 245//245 273//273 244//244
f 245//245 246//246 274//274
f 274//274 246//246 275//275
f 273//273 276//276 244//244
f 244//244 276//276 247//247
f 246//246 248//248 275//275
f 275//275 248//248 277//277
f 276//276 278//278 247//247
f 247//247 278//278 249//249
f 248//248 250//250 277//277
f 277//277 250//250 279//279
f 278//278 280//280 249//249
f 249//249 280//280 251//251
f 250//250 252//252 279//279
f 279//279 252//252 281//281
f 280//280 253//253 251//251
f 282//282 253//253 280//280
f 252//252 254//254 281//281
f 254//254 283//283 281//281
f 282//282 255//255 253//253
f 284//284 255//255 282//282
f 283//283 254//254 285//285
f 285//285 254//254 256//256
f 284//284 257//257 255//255
f 286//286 257//257 284//284
f 258//258 285//285 256//256
f 258//258 287//287 285//285
f 259//259 286//286 288//288
f 259//259 257//257 286//286
f 260//260 287//287 258//258
f 260//260 289//289 287//287
f 290//290 261//261 288//288
f 288//288 261//261 259//259
f 262//262 289//289 260//260
f 262//262 291//291 289//289
f 290//290 263//263 261//261
f 292//292 263//263 290//290
f 264//264 291//291 262//262
f 264//264 293//293 291//291
f 292//292 265//265 263//263
f 294//294 265//265 292//292
f 295//295 264//264 266//266
f 295//295 293//293 264//264
f 294//294 296//296 265//265
f 265//265 296//296 267//267
f 268//268 297//297 266//266
f 266//266 297//297 295//295
f 296//296 298//298 267//267
f 267//267 298//298 269//269
f 269//269 298//298 270//270
f 272//272 299//299 268//268
f 268//268 299//299 297//297
f 298//298 300//300 270//270
f 270//270 300//300 271//271
f 271//271 300//300 301//301
f 271//271 301//301 272//272
f 272//272 301//301 302//302
f 272//272 302//302 299//299
f 304//304 303//303 274//274
f 274//274 303//303 273//273
f 274//274 275//275 304//304
f 304//304 275//275 305//305
f 303//303 306//306 273//273
f 273//273 306//306 276//276
f 307//307 275//275 277//277
f 307//307 305//305 275//275
f 277//277 308//308 307//307
f 306//306 309//309 276//276
f 276//276 309//309 278//278
f 279//279 308//308 277//277
f 279//279 310//310 308//308
f 309//309 311//311 278//278
f 278//278 311//311 280//280
f 281//281 310//310 279//279
f 281//281 312//312 310//310
f 311//311 282//282 280//280
f 313//313 282//282 311//311
f 281//281 283//283 312//312
f 312//312 283//283 314//314
f 313//313 284//284 282//282
f 315//315 284//284 313//313
f 285//285 314//314 283//283
f 285//285 316//316 314//314
f 286//286 315//315 317//317
f 286//286 284//284 315//315
f 285//285 287//287 316//316
f 287//287 318//318 316//316
f 317//317 288//288 286//286
f 319//319 288//288 317//317
f 318//318 287//287 320//320
f 320//320 287//287 289//289
f 319//319 290//290 288//288
f 321//321 290//290 319//319
f 320//320 289//289 322//322
f 322//322 289//289 291//291
f 321//321 292//292 290//290
f 323//323 292//292 321//321
f 322//322 291//291 324//324
f 324//324 291//291 293//293
f 323//323 294//294 292//292
f 325//325 294//294 323//323
f 295//295 326//326 293//293
f 293//293 326//326 324//324
f 325//325 327//327 294//294
f 294//294 327//327 296//296
f 328//328 295//295 297//297
f 328//328 326//326 295//295
f 327//327 329//329 296//296
f 296//296 329//329 298//298
f 299//299 330//330 297//297
f 297//297 330//330 328//328
f 329//329 331//331 298//298
f 298//298 331//331 300//300
f 300//300 332//332 301//301
f 331//331 332//332 300//300
f 301//301 333//333 302//302
f 332//332 333//333 301//301
f 302//302 334//334 299//299
f 302//302 333//333 334//334
f 299//299 334//334 330//330
f 335//335 303//303 304//304
f 305//305 335//335 304//304
f 337//337 336//336 303//303
f 303//303 336//336 306//306
f 337//337 303//303 335//335
f 338//338 335//335 305//305
f 339//339 305//305 307//307
f 339//339 338//338 305//305
f 307//307 308//308 339//339
f 339//339 308//308 340//340
f 336//336 341//341 306//306
f 306//306 341//341 309//309
f 308//308 310//310 340//340
f 340//340 310//310 342//342
f 343//343 311//311 309//309
f 341//341 343//343 309//309
f 310//310 312//312 342//342
f 312//312 344//344 342//342
f 345//345 313//313 343//343
f 343//343 313//313 311//311
f 314//314 344//344 312//312
f 314//314 346//346 344//344
f 347//347 315//315 345//345
f 345//345 315//315 313//313
f 314//314 316//316 346//346
f 316//316 348//348 346//346
f 347//347 317//317 315//315
f 349//349 317//317 347//347
f 318//318 348//348 316//316
f 318//318 350//350 348//348
f 349//349 319//319 317//317
f 351//351 319//319 349//349
f 320//320 350//350 318//318
f 320//320 352//352 350//350
f 351//351 321//321 319//319
f 353//353 321//321 351//351
f 322//322 352//352 320//320
f 322//322 354//354 352//352
f 353//353 323//323 321//321
f 355//355 323//323 353//353
f 324//324 354//354 322//322
f 324//324 356//356 354//354
f 355//355 325//325 323//323
f 357//357 325//325 355//355
f 358//358 324//324 326//326
f 358//358 356//356 324//324
f 357//357 359//359 325//325
f 325//325 359//359 327//327
f 328//328 360//360 326//326
f 326//326 360//360 358//358
f 359//359 361//361 327//327
f 327//327 361//361 329//329
f 328//328 330//330 360//360
f 360//360 330//330 362//362
f 361//361 363//363 329//329
f 329//329 363//363 331//331
f 331//331 364//364 332//332
f 363//363 364//364 331//331
f 332//332 365//365 333//333
f 364//364 365//365 332//332
f 333//333 366//366 334//334
f 365//365 366//366 333//333
f 330//330 334//334 362//362
f 362//362 334//334 366//366
f 368//368 367//367 337//337
f 337//337 367//367 336//336
f 369//369 337//337 335//335
f 369//369 368//368 337//337
f 370//370 335//335 338//338
f 370//370 369//369 335//335
f 371//371 338//338 339//339
f 371//371 370//370 338//338
f 339//339 340//340 371//371
f 371//371 340//340 372//372
f 367//367 373//373 336//336
f 336//336 373//373 341//341
f 340//340 342//342 372//372
f 372//372 342//342 374//374
f 373//373 343//343 341//341
f 375//375 343//343 373//373
f 342//342 344//344 374//374
f 374//374 344//344 376//376
f 375//375 345//345 343//343
f 377//377 345//345 375//375
f 344//344 346//346 376//376
f 346//346 378//378 376//376
f 377//377 347//347 345//345
f 379//379 347//347 377//377
f 348//348 378//378 346//346
f 348//348 380//380 378//378
f 379//379 349//349 347//347
f 381//381 349//349 379//379
f 348//348 350//350 380//380
f 350//350 382//382 380//380
f 381//381 351//351 349//349
f 383//383 351//351 381//381
f 382//382 350//350 384//384
f 384//384 350//350 352//352
f 383//383 353//353 351//351
f 385//385 353//353 383//383
f 354//354 386//386 352//352
f 352//352 386//386 384//384
f 385//385 355//355 353//353
f 387//387 355//355 385//385
f 356//356 386//386 354//354
f 356//356 388//388 386//386
f 387//387 357//357 355//355
f 389//389 357//357 387//387
f 358//358 388//388 356//356
f 358//358 390//390 388//388
f 389//389 391//391 357//357
f 357//357 391//391 359//359
f 392//392 358//358 360//360
f 392//392 390//390 358//358
f 391//391 393//393 359//359
f 359//359 393//393 361//361
f 362//362 394//394 360//360
f 360//360 394//394 392//392
f 393//393 395//395 361//361
f 361//361 395//395 363//363
f 363//363 396//396 364//364
f 395//395 396//396 363//363
f 364//364 397//397 365//365
f 396//396 397//397 364//364
f 365//365 398//398 366//366
f 397//397 398//398 365//365
f 366//366 399//399 362//362
f 366//366 398//398 399//399
f 362//362 399//399 394//394
f 400//400 367//367 368//368
f 368//368 401//401 400//400
f 368//368 369//369 401//401
f 402//402 369//369 370//370
f 402//402 401//401 369//369
f 403//403 370//370 371//371
f 403//403 402//402 370//370
f 404//404 371//371 372//372
f 404//404 403//403 371//371
f 372//372 405//405 404//404
f 406//406 373//373 367//367
f 400//400 406//406 367//367
f 374//374 405//405 372//372
f 374//374 407//407 405//405
f 408//408 373//373 406//406
f 408//408 375//375 373//373
f 376//376 407//407 374//374
f 376//376 409//409 407//407
f 408//408 377//377 375//375
f 410//410 377//377 408//408
f 378//378 409//409 376//376
f 378//378 411//411 409//409
f 410//410 379//379 377//377
f 412//412 379//379 410//410
f 378//378 380//380 411//411
f 380//380 413//413 411//411
f 412//412 381//381 379//379
f 414//414 381//381 412//412
f 382//382 413//413 380//380
f 382//382 415//415 413//413
f 414//414 383//383 381//381
f 416//416 383//383 414//414
f 384//384 415//415 382//382
f 384//384 417//417 415//415
f 416//416 385//385 383//383
f 418//418 385//385 416//416
f 419//419 384//384 386//386
f 419//419 417//417 384//384
f 418//418 387//387 385//385
f 420//420 387//387 418//418
f 419//419 386//386 421//421
f 421//421 386//386 388//388
f 420//420 389//389 387//387
f 422//422 389//389 420//420
f 421//421 388//388 423//423
f 423//423 388//388 390//390
f 422//422 424//424 389//389
f 389//389 424//424 391//391
f 423//423 390//390 425//425
f 425//425 390//390 392//392
f 424//424 426//426 391//391
f 391//391 426//426 393//393
f 394//394 427//427 392//392
f 392//392 427//427 425//425
f 426//426 428//428 393//393
f 393//393 428//428 395//395
f 395//395 428//428 396//396
f 399//399 398//398 429//429
f 399//399 430//430 394//394
f 399//399 429//429 430//430
f 394//394 430//430 427//427
f 428//428 431//431 396//396
f 396//396 431//431 397//397
f 397//397 431//431 432//432
f 397//397 432//432 398//398
f 398//398 432//432 433//433
f 398//398 433//433 429//429
f 435//435 434//434 401//401
f 401//401 434//434 400//400
f 436//436 401//401 402//402
f 436//436 435//435 401//401
f 437//437 402//402 403//403
f 437//437 436//436 402//402
f 438//438 403//403 404//404
f 438//438 437//437 403//403
f 404//404 405//405 438//438
f 438//438 405//405 439//439
f 434//434 440//440 400//400
f 400//400 440//440 406//406
f 405//405 407//407 439//439
f 439//439 407//407 441//441
f 442//442 408//408 406//406
f 440//440 442//442 406//406
f 407//407 409//409 441//441
f 441//441 409//409 443//443
f 444//444 408//408 442//442
f 444//444 410//410 408//408
f 409//409 411//411 443//443
f 411//411 445//445 443//443
f 444//444 412//412 410//410
f 446//446 412//412 444//444
f 413//413 445//445 411//411
f 413//413 447//447 445//445
f 446//446 414//414 412//412
f 448//448 414//414 446//446
f 413//413 415//415 447//447
f 415//415 449//449 447//447
f 448//448 416//416 414//414
f 450//450 416//416 448//448
f 449//449 415//415 451//451
f 451//451 415//415 417//417
f 450//450 418//418 416//416
f 452//452 418//418 450//450
f 451//451 417//417 453//453
f 453//453 417//417 419//419
f 452//452 420//420 418//418
f 454//454 420//420 452//452
f 453//453 419//419 455//455
f 455//455 419//419 421//421
f 454//454 422//422 420//420
f 456//456 422//422 454//454
f 423//423 457//457 421//421
f 421//421 457//457 455//455
f 456//456 458//458 422//422
f 422//422 458//458 424//424
f 425//425 457//457 423//423
f 425//425 459//459 457//457
f 458//458 460//460 424//424
f 424//424 460//460 426//426
f 425//425 427//427 459//459
f 459//459 427//427 461//461
f 460//460 462//462 426//426
f 426//426 462//462 428//428
f 430//430 429//429 463//463
f 427//427 430//430 461//461
f 461//461 430//430 463//463
f 462//462 464//464 428//428
f 428//428 464//464 431//431
f 431//431 465//465 432//432
f 464//464 465//465 431//431
f 432//432 466//466 433//433
f 465//465 466//466 432//432
f 433//433 467//467 429//429
f 433//433 466//466 467//467
f 429//429 467//467 463//463
f 469//469 468//468 435//435
f 435//435 468//468 434//434
f 470//470 435//435 436//436
f 470//470 469//469 435//435
f 471//471 436//436 437//437
f 471//471 470//470 436//436
f 472//472 437//437 438//438
f 472//472 471//471 437//437
f 473//473 438//438 439//439
f 473//473 472//472 438//438
f 439//439 474//474 473//473
f 468//468 475//475 434//434
f 434//434 475//475 440//440
f 441//441 474//474 439//439
f 441//441 476//476 474//474
f 475//475 442//442 440//440
f 477//477 442//442 475//475
f 443//443 476//476 441//441
f 443//443 478//478 476//476
f 479//479 444//444 442//442
f 477//477 479//479 442//442
f 445//445 478//478 443//443
f 445//445 480//480 478//478
f 481//481 446//446 479//479
f 479//479 446//446 444//444
f 445//445 447//447 480//480
f 447//447 482//482 480//480
f 483//483 446//446 481//481
f 483//483 448//448 446//446
f 449//449 482//482 447//447
f 449//449 484//484 482//482
f 483//483 450//450 448//448
f 485//485 450//450 483//483
f 451//451 484//484 449//449
f 451//451 486//486 484//484
f 485//485 452//452 450//450
f 487//487 452//452 485//485
f 453//453 486//486 451//451
f 453//453 488//488 486//486
f 487//487 454//454 452//452
f 489//489 454//454 487//487
f 455//455 488//488 453//453
f 455//455 490//490 488//488
f 456//456 489//489 491//491
f 456//456 454//454 489//489
f 492//492 455//455 457//457
f 492//492 490//490 455//455
f 491//491 458//458 456//456
f 493//493 458//458 491//491
f 492//492 457//457 494//494
f 494//494 457//457 459//459
f 493//493 495//495 458//458
f 458//458 495//495 460//460
f 461//461 496//496 459//459
f 459//459 496//496 494//494
f 495//495 497//497 460//460
f 460//460 497//497 462//462
f 463//463 498//498 461//461
f 461//461 498//498 496//496
f 497//497 499//499 462//462
f 462//462 499//499 464//464
f 464//464 500//500 465//465
f 499//499 500//500 464//464
f 465//465 501//501 466//466
f 500//500 501//501 465//465
f 466//466 502//502 467//467
f 501//501 502//502 466//466
f 467//467 503//503 463//463
f 467//467 502//502 503//503
f 463//463 503//503 498//498
f 504//504 468//468 469//469
f 469//469 505//505 504//504
f 469//469 470//470 505//505
f 506//506 470//470 471//471
f 506//506 505//505 470//470
f 507//507 471//471 472//472
f 507//507 506//506 471//471
f 508//508 472//472 473//473
f 508//508 507//507 472//472
f 473//473 474//474 508//508
f 508//508 474//474 509//509
f 510//510 475//475 468//468
f 504//504 510//510 468//468
f 474//474 476//476 509//509
f 509//509 476//476 511//511
f 512//512 475//475 510//510
f 512//512 477//477 475//475
f 476//476 478//478 511//511
f 511//511 478//478 513//513
f 512//512 479//479 477//477
f 514//514 479//479 512//512
f 478//478 480//480 513//513
f 480//480 515//515 513//513
f 514//514 481//481 479//479
f 516//516 481//481 514//514
f 482//482 515//515 480//480
f 482//482 517//517 515//515
f 518//518 483//483 481//481
f 516//516 518//518 481//481
f 482//482 484//484 517//517
f 484//484 519//519 517//517
f 520//520 483//483 518//518
f 520//520 485//485 483//483
f 519//519 484//484 521//521
f 521//521 484//484 486//486
f 520//520 487//487 485//485
f 522//522 487//487 520//520
f 521//521 486//486 523//523
f 523//523 486//486 488//488
f 489//489 522//522 524//524
f 489//489 487//487 522//522
f 523//523 488//488 525//525
f 525//525 488//488 490//490
f 524//524 491//491 489//489
f 526//526 491//491 524//524
f 492//492 527//527 490//490
f 490//490 527//527 525//525
f 526//526 493//493 491//491
f 528//528 493//493 526//526
f 494//494 527//527 492//492
f 494//494 529//529 527//527
f 528//528 530//530 493//493
f 493//493 530//530 495//495
f 494//494 496//496 529//529
f 529//529 496//496 531//531
f 530//530 532//532 495//495
f 495//495 532//532 497//497
f 496//496 498//498 531//531
f 531//531 498//498 533//533
f 532//532 534//534 497//497
f 497//497 534//534 499//499
f 499//499 535//535 500//500
f 534//534 535//535 499//499
f 500//500 536//536 501//501
f 535//535 536//536 500//500
f 501//501 537//537 502//502
f 536//536 537//537 501//501
f 502//502 538//538 503//503
f 537//537 538//538 502//502
f 498//498 503//503 533//533
f 533//533 503//503 538//538
f 540//540 539//539 506//506
f 507//507 541//541 506//506
f 506//506 541//541 540//540
f 507//507 542//542 541//541
f 539//539 543//543 505//505
f 505//505 543//543 504//504
f 505//505 506//506 539//539
f 508//508 542//542 507//507
f 544//544 508//508 509//509
f 544//544 542//542 508//508
f 509//509 545//545 544//544
f 543//543 546//546 504//504
f 504//504 546//546 510//510
f 511//511 545//545 509//509
f 511//511 547//547 545//545
f 546//546 548//548 510//510
f 510//510 548//548 512//512
f 513//513 547//547 511//511
f 513//513 549//549 547//547
f 548//548 514//514 512//512
f 550//550 514//514 548//548
f 515//515 549//549 513//513
f 515//515 551//551 549//549
f 550//550 516//516 514//514
f 552//552 516//516 550//550
f 551//551 515//515 553//553
f 553//553 515//515 517//517
f 552//552 518//518 516//516
f 554//554 518//518 552//552
f 519//519 553//553 517//517
f 519//519 555//555 553//553
f 556//556 520//520 518//518
f 554//554 556//556 518//518
f 521//521 555//555 519//519
f 521//521 557//557 555//555
f 558//558 522//522 556//556
f 556//556 522//522 520//520
f 523//523 557//557 521//521
f 523//523 559//559 557//557
f 558//558 524//524 522//522
f 560//560 524//524 558//558
f 525//525 559//559 523//523
f 525//525 561//561 559//559
f 560//560 526//526 524//524
f 562//562 526//526 560//560
f 563//563 525//525 527//527
f 563//563 561//561 525//525
f 562//562 528//528 526//526
f 564//564 528//528 562//562
f 563//563 527//527 565//565
f 565//565 527//527 529//529
f 564//564 566//566 528//528
f 528//528 566//566 530//530
f 531//531 567//567 529//529
f 529//529 567//567 565//565
f 566//566 568//568 530//530
f 530//530 568//568 532//532
f 533//533 569//569 531//531
f 531//531 569//569 567//567
f 568//568 570//570 532//532
f 532//532 570//570 534//534
f 534//534 571//571 535//535
f 570//570 571//571 534//534
f 535//535 571//571 536//536
f 538//538 537//537 572//572
f 538//538 573//573 533//533
f 538//538 572//572 573//573
f 533//533 573//573 569//569
f 571//571 574//574 536//536
f 536//536 574//574 537//537
f 537//537 574//574 575//575
f 537//537 575//575 572//572
f 577//577 576//576 540//540
f 540//540 576//576 539//539
f 578//578 540//540 541//541
f 578//578 577//577 540//540
f 579//579 541//541 542//542
f 579//579 578//578 541//541
f 542//542 580//580 579//579
f 576//576 581//581 539//539
f 539//539 581//581 543//543
f 544//544 580//580 542//542
f 582//582 544//544 545//545
f 582//582 580//580 544//544
f 545//545 583//583 582//582
f 581//581 584//584 543//543
f 543//543 584//584 546//546
f 547//547 583//583 545//545
f 547//547 585//585 583//583
f 584//584 586//586 546//546
f 546//546 586//586 548//548
f 549//549 585//585 547//547
f 549//549 587//587 585//585
f 586//586 550//550 548//548
f 588//588 550//550 586//586
f 551//551 587//587 549//549
f 551//551 589//589 587//587
f 588//588 552//552 550//550
f 590//590 552//552 588//588
f 551//551 553//553 589//589
f 553//553 591//591 589//589
f 590//590 554//554 552//552
f 592//592 554//554 590//590
f 591//591 553//553 593//593
f 593//593 553//553 555//555
f 592//592 556//556 554//554
f 594//594 556//556 592//592
f 593//593 555//555 595//595
f 595//595 555//555 557//557
f 594//594 558//558 556//556
f 596//596 558//558 594//594
f 595//595 557//557 597//597
f 597//597 557//557 559//559
f 596//596 560//560 558//558
f 598//598 560//560 596//596
f 597//597 559//559 599//599
f 599//599 559//559 561//561
f 598//598 562//562 560//560
f 600//600 562//562 598//598
f 563//563 601//601 561//561
f 561//561 601//601 599//599
f 600//600 564//564 562//562
f 602//602 564//564 600//600
f 565//565 601//601 563//563
f 565//565 603//603 601//601
f 602//602 604//604 564//564
f 564//564 604//604 566//566
f 565//565 567//567 603//603
f 603//603 567//567 605//605
f 604//604 606//606 566//566
f 566//566 606//606 568//568
f 567//567 569//569 605//605
f 605//605 569//569 607//607
f 606//606 608//608 568//568
f 568//568 608//608 570//570
f 570//570 609//609 571//571
f 608//608 609//609 570//570
f 573//573 572//572 610//610
f 569//569 573//573 607//607
f 607//607 573//573 610//610
f 609//609 611//611 571//571
f 571//571 611//611 574//574
f 574//574 612//612 575//575
f 611//611 612//612 574//574
f 575//575 613//613 572//572
f 575//575 612//612 613//613
f 572//572 613//613 610//610
f 615//615 614//614 577//577
f 577//577 614//614 576//576
f 616//616 577//577 578//578
f 616//616 615//615 577//577
f 617//617 578//578 579//579
f 617//617 616//616 578//578
f 618//618 579//579 580//580
f 618//618 617//617 579//579
f 580//580 619//619 618//618
f 614//614 620//620 576//576
f 576//576 620//620 581//581
f 582//582 619//619 580//580
f 621//621 582//582 583//583
f 621//621 619//619 582//582
f 583//583 622//622 621//621
f 620//620 623//623 581//581
f 581//581 623//623 584//584
f 585//585 622//622 583//583
f 585//585 624//624 622//622
f 623//623 625//625 584//584
f 584//584 625//625 586//586
f 587//587 624//624 585//585
f 587//587 626//626 624//624
f 625//625 588//588 586//586
f 627//627 588//588 625//625
f 626//626 587//587 628//628
f 628//628 587//587 589//589
f 627//627 590//590 588//588
f 629//629 590//590 627//627
f 591//591 628//628 589//589
f 591//591 630//630 628//628
f 629//629 592//592 590//590
f 631//631 592//592 629//629
f 593//593 630//630 591//591
f 593//593 632//632 630//630
f 631//631 594//594 592//592
f 633//633 594//594 631//631
f 595//595 632//632 593//593
f 595//595 634//634 632//632
f 633//633 596//596 594//594
f 635//635 596//596 633//633
f 597//597 634//634 595//595
f 597//597 636//636 634//634
f 635//635 598//598 596//596
f 637//637 598//598 635//635
f 599//599 636//636 597//597
f 599//599 638//638 636//636
f 637//637 600//600 598//598
f 639//639 600//600 637//637
f 640//640 599//599 601//601
f 640//640 638//638 599//599
f 602//602 639//639 641//641
f 602//602 600//600 639//639
f 603//603 642//642 601//601
f 601//601 642//642 640//640
f 641//641 604//604 602//602
f 643//643 604//604 641//641
f 644//644 603//603 605//605
f 644//644 642//642 603//603
f 643//643 645//645 604//604
f 604//604 645//645 606//606
f 607//607 646//646 605//605
f 605//605 646//646 644//644
f 645//645 647//647 606//606
f 606//606 647//647 608//608
f 608//608 648//648 609//609
f 647//647 648//648 608//608
f 610//610 650//650 607//607
f 610//610 649//649 650//650
f 607//607 650//650 646//646
f 648//648 651//651 609//609
f 609//609 651//651 611//611
f 611//611 652//652 612//612
f 651//651 652//652 611//611
f 612//612 653//653 613//613
f 652//652 653//653 612//612
f 610//610 613//613 649//649
f 649//649 613//613 653//653
f 655//655 654//654 615//615
f 615//615 654//654 614//614
f 656//656 615//615 616//616
f 656//656 655//655 615//615
f 657//657 616//616 617//617
f 657//657 656//656 616//616
f 658//658 617//617 618//618
f 658//658 657//657 617//617
f 659//659 618//618 619//619
f 659//659 658//658 618//618
f 619//619 660//660 659//659
f 654//654 661//661 614//614
f 614//614 661//661 620//620
f 621//621 660//660 619//619
f 621//621 622//622 660//660
f 660//660 622//622 662//662
f 661//661 663//663 620//620
f 620//620 663//663 623//623
f 622//622 624//624 662//662
f 662//662 624//624 664//664
f 663//663 665//665 623//623
f 623//623 665//665 625//625
f 624//624 626//626 664//664
f 664//664 626//626 666//666
f 665//665 627//627 625//625
f 667//667 627//627 665//665
f 626//626 628//628 666//666
f 628//628 668//668 666//666
f 667//667 629//629 627//627
f 669//669 629//629 667//667
f 668//668 628//628 670//670
f 670//670 628//628 630//630
f 669//669 631//631 629//629
f 671//671 631//631 669//669
f 670//670 630//630 672//672
f 672//672 630//630 632//632
f 671//671 633//633 631//631
f 673//673 633//633 671//671
f 672//672 632//632 674//674
f 674//674 632//632 634//634
f 673//673 635//635 633//633
f 675//675 635//635 673//673
f 674//674 634//634 676//676
f 676//676 634//634 636//636
f 675//675 637//637 635//635
f 677//677 637//637 675//675
f 676//676 636//636 678//678
f 678//678 636//636 638//638
f 677//677 639//639 637//637
f 679//679 639//639 677//677
f 640//640 680//680 638//638
f 638//638 680//680 678//678
f 679//679 681//681 639//639
f 639//639 681//681 641//641
f 682//682 640//640 642//642
f 682//682 680//680 640//640
f 681//681 643//643 641//641
f 683//683 643//643 681//681
f 644//644 684//684 642//642
f 642//642 684//684 682//682
f 683//683 685//685 643//643
f 643//643 685//685 645//645
f 644//644 646//646 684//684
f 684//684 646//646 686//686
f 685//685 687//687 645//645
f 645//645 687//687 647//647
f 647//647 688//688 648//648
f 687//687 688//688 647//647
f 650//650 649//649 689//689
f 646//646 650//650 686//686
f 686//686 650//650 689//689
f 688//688 690//690 648//648
f 648//648 690//690 651//651
f 651//651 691//691 652//652
f 690//690 691//691 651//651
f 652//652 692//692 653//653
f 691//691 692//692 652//652
f 653//653 693//693 649//649
f 653//653 692//692 693//693
f 649//649 693//693 689//689
f 695//695 694//694 656//656
f 657//657 696//696 656//656
f 656//656 696//696 695//695
f 657//657 697//697 696//696
f 699//699 698//698 654//654
f 655//655 699//699 654//654
f 655//655 694//694 699//699
f 655//655 656//656 694//694
f 658//658 697//697 657//657
f 700//700 658//658 659//659
f 700//700 697//697 658//658
f 701//701 659//659 660//660
f 701//701 700//700 659//659
f 660//660 702//702 701//701
f 698//698 703//703 661//661
f 698//698 661//661 654//654
f 662//662 702//702 660//660
f 662//662 704//704 702//702
f 703//703 663//663 661//661
f 703//703 705//705 663//663
f 664//664 704//704 662//662
f 664//664 706//706 704//704
f 705//705 707//707 663//663
f 663//663 707//707 665//665
f 666//666 706//706 664//664
f 666//666 708//708 706//706
f 707//707 667//667 665//665
f 709//709 667//667 707//707
f 668//668 708//708 666//666
f 668//668 710//710 708//708
f 709//709 669//669 667//667
f 711//711 669//669 709//709
f 670//670 710//710 668//668
f 670//670 712//712 710//710
f 711//711 671//671 669//669
f 713//713 671//671 711//711
f 672//672 712//712 670//670
f 672//672 714//714 712//712
f 713//713 673//673 671//671
f 715//715 673//673 713//713
f 674//674 714//714 672//672
f 674//674 716//716 714//714
f 715//715 675//675 673//673
f 717//717 675//675 715//715
f 676//676 716//716 674//674
f 676//676 718//718 716//716
f 717//717 677//677 675//675
f 719//719 677//677 717//717
f 678//678 718//718 676//676
f 678//678 720//720 718//718
f 719//719 679//679 677//677
f 721//721 679//679 719//719
f 722//722 678//678 680//680
f 722//722 720//720 678//678
f 721//721 723//723 679//679
f 679//679 723//723 681//681
f 682//682 724//724 680//680
f 680//680 724//724 722//722
f 683//683 723//723 725//725
f 683//683 681//681 723//723
f 726//726 682//682 684//684
f 726//726 724//724 682//682
f 725//725 685//685 683//683
f 725//725 727//727 685//685
f 686//686 728//728 684//684
f 684//684 728//728 726//726
f 727//727 687//687 685//685
f 729//729 687//687 727//727
f 729//729 688//688 687//687
f 689//689 730//730 686//686
f 686//686 730//730 728//728
f 729//729 731//731 688//688
f 688//688 731//731 690//690
f 690//690 732//732 691//691
f 731//731 732//732 690//690
f 691//691 733//733 692//692
f 732//732 733//733 691//691
f 692//692 734//734 693//693
f 733//733 734//734 692//692
f 693//693 735//735 689//689
f 693//693 734//734 735//735
f 689//689 735//735 730//730
f 737//737 736//736 695//695
f 695//695 736//736 694//694
f 738//738 695//695 696//696
f 738//738 737//737 695//695
f 739//739 696//696 697//697
f 739//739 738//738 696//696
f 700//700 740//740 697//697
f 697//697 740//740 739//739
f 700//700 741//741 740//740
f 743//743 742//742 699//699
f 699//699 742//742 698//698
f 736//736 699//699 694//694
f 736//736 743//743 699//699
f 701//701 741//741 700//700
f 744//744 701//701 702//702
f 744//744 741//741 701//701
f 702//702 745//745 744//744
f 742//742 746//746 698//698
f 698//698 746//746 703//703
f 704//704 745//745 702//702
f 704//704 747//747 745//745
f 746//746 705//705 703//703
f 748//748 705//705 746//746
f 706//706 747//747 704//704
f 706//706 749//749 747//747
f 748//748 750//750 705//705
f 705//705 750//750 707//707
f 708//708 749//749 706//706
f 708//708 751//751 749//749
f 750//750 709//709 707//707
f 752//752 709//709 750//750
f 708//708 710//710 751//751
f 710//710 753//753 751//751
f 752//752 711//711 709//709
f 754//754 711//711 752//752
f 753//753 710//710 755//755
f 755//755 710//710 712//712
f 754//754 713//713 711//711
f 756//756 713//713 754//754
f 755//755 712//712 757//757
f 757//757 712//712 714//714
f 756//756 715//715 713//713
f 758//758 715//715 756//756
f 757//757 714//714 759//759
f 759//759 714//714 716//716
f 758//758 717//717 715//715
f 760//760 717//717 758//758
f 759//759 716//716 761//761
f 761//761 716//716 718//718
f 760//760 719//719 717//717
f 762//762 719//719 760//760
f 720//720 763//763 718//718
f 718//718 763//763 761//761
f 762//762 721//721 719//719
f 764//764 721//721 762//762
f 722//722 763//763 720//720
f 722//722 765//765 763//763
f 764//764 766//766 721//721
f 721//721 766//766 723//723
f 767//767 722//722 724//724
f 767//767 765//765 722//722
f 766//766 768//768 723//723
f 723//723 768//768 725//725
f 726//726 769//769 724//724
f 724//724 769//769 767//767
f 768//768 770//770 725//725
f 725//725 770//770 727//727
f 726//726 728//728 769//769
f 769//769 728//728 771//771
f 770//770 772//772 727//727
f 727//727 772//772 729//729
f 728//728 730//730 771//771
f 771//771 730//730 773//773
f 772//772 774//774 729//729
f 729//729 774//774 731//731
f 731//731 775//775 732//732
f 774//774 775//775 731//731
f 732//732 776//776 733//733
f 775//775 776//776 732//732
f 733//733 777//777 734//734
f 776//776 777//777 733//733
f 734//734 778//778 735//735
f 777//777 778//778 734//734
f 730//730 735//735 773//773
f 773//773 735//735 778//778
f 780//780 779//779 736//736
f 737//737 780//780 736//736
f 737//737 781//781 780//780
f 782//782 737//737 738//738
f 782//782 781//781 737//737
f 783//783 738//738 739//739
f 783//783 782//782 738//738
f 784//784 739//739 740//740
f 784//784 783//783 739//739
f 785//785 740//740 741//741
f 785//785 784//784 740//740
f 741//741 786//786 785//785
f 779//779 787//787 743//743
f 743//743 787//787 742//742
f 743//743 736//736 779//779
f 744//744 786//786 741//741
f 788//788 744//744 745//745
f 788//788 786//786 744//744
f 745//745 789//789 788//788
f 787//787 790//790 742//742
f 742//742 790//790 746//746
f 747//747 789//789 745//745
f 747//747 791//791 789//789
f 790//790 792//792 748//748
f 746//746 790//790 748//748
f 749//749 791//791 747//747
f 749//749 793//793 791//791
f 792//792 750//750 748//748
f 792//792 794//794 750//750
f 749//749 751//751 793//793
f 751//751 795//795 793//793
f 794//794 752//752 750//750
f 796//796 752//752 794//794
f 753//753 795//795 751//751
f 753//753 797//797 795//795
f 796//796 754//754 752//752
f 798//798 754//754 796//796
f 755//755 797//797 753//753
f 755//755 799//799 797//797
f 798//798 756//756 754//754
f 800//800 756//756 798//798
f 757//757 799//799 755//755
f 757//757 801//801 799//799
f 800//800 758//758 756//756
f 802//802 758//758 800//800
f 759//759 801//801 757//757
f 759//759 803//803 801//801
f 802//802 760//760 758//758
f 804//804 760//760 802//802
f 761//761 803//803 759//759
f 761//761 805//805 803//803
f 804//804 762//762 760//760
f 806//806 762//762 804//804
f 807//807 761//761 763//763
f 807//807 805//805 761//761
f 806//806 764//764 762//762
f 808//808 764//764 806//806
f 807//807 763//763 809//809
f 809//809 763//763 765//765
f 808//808 810//810 764//764
f 764//764 810//810 766//766
f 767//767 811//811 765//765
f 765//765 811//811 809//809
f 810//810 812//812 766//766
f 766//766 812//812 768//768
f 813//813 767//767 769//769
f 813//813 811//811 767//767
f 812//812 814//814 768//768
f 768//768 814//814 770//770
f 771//771 815//815 769//769
f 769//769 815//815 813//813
f 814//814 816//816 770//770
f 770//770 816//816 772//772
f 773//773 817//817 771//771
f 771//771 817//817 815//815
f 816//816 818//818 772//772
f 772//772 818//818 774//774
f 774//774 819//819 775//775
f 818//818 819//819 774//774
f 775//775 820//820 776//776
f 819//819 820//820 775//775
f 776//776 821//821 777//777
f 820//820 821//821 776//776
f 777//777 822//822 778//778
f 821//821 822//822 777//777
f 778//778 823//823 773//773
f 778//778 822//822 823//823
f 773//773 823//823 817//817
f 825//825 824//824 780//780
f 780//780 824//824 779//779
f 826//826 780//780 781//781
f 826//826 825//825 780//780
f 827//827 781//781 782//782
f 827//827 826//826 781//781
f 828//828 782//782 783//783
f 828//828 827//827 782//782
f 829//829 783//783 784//784
f 829//829 828//828 783//783
f 830//830 784//784 785//785
f 830//830 829//829 784//784
f 831//831 785//785 786//786
f 831//831 830//830 785//785
f 786//786 832//832 831//831
f 824//824 833//833 779//779
f 779//779 833//833 787//787
f 788//788 832//832 786//786
f 788//788 789//789 832//832
f 832//832 789//789 834//834
f 833//833 835//835 787//787
f 787//787 835//835 790//790
f 789//789 791//791 834//834
f 834//834 791//791 836//836
f 835//835 837//837 790//790
f 790//790 837//837 792//792
f 791//791 793//793 836//836
f 793//793 838//838 836//836
f 837//837 794//794 792//792
f 839//839 794//794 837//837
f 795//795 838//838 793//793
f 795//795 840//840 838//838
f 839//839 796//796 794//794
f 841//841 796//796 839//839
f 797//797 840//840 795//795
f 797//797 842//842 840//840
f 841//841 798//798 796//796
f 843//843 798//798 841//841
f 799//799 842//842 797//797
f 799//799 844//844 842//842
f 843//843 800//800 798//798
f 845//845 800//800 843//843
f 801//801 844//844 799//799
f 801//801 846//846 844//844
f 845//845 802//802 800//800
f 847//847 802//802 845//845
f 803//803 846//846 801//801
f 803//803 848//848 846//846
f 847//847 804//804 802//802
f 849//849 804//804 847//847
f 805//805 848//848 803//803
f 805//805 850//850 848//848
f 849//849 806//806 804//804
f 851//851 806//806 849//849
f 807//807 850//850 805//805
f 807//807 852//852 850//850
f 851//851 808//808 806//806
f 853//853 808//808 851//851
f 809//809 852//852 807//807
f 809//809 854//854 852//852
f 853//853 855//855 808//808
f 808//808 855//855 810//810
f 856//856 809//809 811//811
f 856//856 854//854 809//809
f 855//855 857//857 810//810
f 810//810 857//857 812//812
f 813//813 858//858 811//811
f 811//811 858//858 856//856
f 857//857 859//859 812//812
f 812//812 859//859 814//814
f 813//813 815//815 858//858
f 858//858 815//815 860//860
f 859//859 861//861 814//814
f 814//814 861//861 816//816
f 815//815 817//817 860//860
f 860//860 817//817 862//862
f 861//861 863//863 816//816
f 816//816 863//863 818//818
f 818//818 864//864 819//819
f 863//863 864//864 818//818
f 819//819 865//865 820//820
f 864//864 865//865 819//819
f 820//820 866//866 821//821
f 865//865 866//866 820//820
f 821//821 867//867 822//822
f 866//866 867//867 821//821
f 822//822 868//868 823//823
f 867//867 868//868 822//822
f 817//817 823//823 862//862
f 862//862 823//823 868//868
f 870//870 869//869 827//827
f 828//828 871//871 827//827
f 827//827 871//871 870//870
f 829//829 872//872 828//828
f 828//828 872//872 871//871
f 829//829 873//873 872//872
f 875//875 874//874 825//825
f 825//825 874//874 824//824
f 869//869 825//825 826//826
f 869//869 875//875 825//825
f 826//826 827//827 869//869
f 830//830 873//873 829//829
f 876//876 830//830 831//831
f 876//876 873//873 830//830
f 877//877 831//831 832//832
f 877//877 876//876 831//831
f 832//832 878//878 877//877
f 874//874 879//879 824//824
f 824//824 879//879 833//833
f 834//834 878//878 832//832
f 834//834 880//880 878//878
f 879//879 881//881 833//833
f 833//833 881//881 835//835
f 836//836 880//880 834//834
f 836//836 882//882 880//880
f 881//881 883//883 835//835
f 835//835 883//883 837//837
f 838//838 882//882 836//836
f 838//838 884//884 882//882
f 883//883 839//839 837//837
f 885//885 839//839 883//883
f 840//840 884//884 838//838
f 840//840 886//886 884//884
f 885//885 841//841 839//839
f 887//887 841//841 885//885
f 840//840 842//842 886//886
f 842//842 888//888 886//886
f 887//887 889//889 843//843
f 841//841 887//887 843//843
f 888//888 842//842 890//890
f 890//890 842//842 844//844
f 843//843 889//889 845//845
f 845//845 889//889 891//891
f 890//890 844//844 892//892
f 892//892 844//844 846//846
f 845//845 891//891 847//847
f 847//847 891//891 893//893
f 892//892 846//846 894//894
f 894//894 846//846 848//848
f 893//893 895//895 847//847
f 849//849 847//847 895//895
f 894//894 848//848 896//896
f 896//896 848//848 850//850
f 895//895 851//851 849//849
f 897//897 851//851 895//895
f 852//852 898//898 850//850
f 850//850 898//898 896//896
f 897//897 853//853 851//851
f 899//899 853//853 897//897
f 854//854 898//898 852//852
f 854//854 900//900 898//898
f 899//899 901//901 853//853
f 853//853 901//901 855//855
f 856//856 900//900 854//854
f 856//856 902//902 900//900
f 901//901 903//903 855//855
f 855//855 903//903 857//857
f 856//856 858//858 902//902
f 902//902 858//858 904//904
f 903//903 905//905 857//857
f 857//857 905//905 859//859
f 906//906 858//858 860//860
f 906//906 904//904 858//858
f 905//905 907//907 859//859
f 859//859 907//907 861//861
f 862//862 908//908 860//860
f 860//860 908//908 906//906
f 907//907 909//909 861//861
f 861//861 909//909 863//863
f 863//863 910//910 864//864
f 909//909 910//910 863//863
f 864//864 910//910 865//865
f 867//867 866//866 911//911
f 867//867 912//912 868//868
f 911//911 912//912 867//867
f 868//868 913//913 862//862
f 868//868 912//912 913//913
f 862//862 913//913 908//908
f 910//910 914//914 865//865
f 865//865 914//914 866//866
f 866//866 914//914 915//915
f 866//866 915//915 911//911
f 917//917 916//916 869//869
f 870//870 917//917 869//869
f 870//870 918//918 917//917
f 919//919 870//870 871//871
f 919//919 918//918 870//870
f 920//920 871//871 872//872
f 920//920 919//919 871//871
f 921//921 872//872 873//873
f 921//921 920//920 872//872
f 873//873 922//922 921//921
f 916//916 923//923 875//875
f 875//875 923//923 874//874
f 875//875 869//869 916//916
f 876//876 922//922 873//873
f 924//924 876//876 877//877
f 924//924 922//922 876//876
f 877//877 878//878 924//924
f 924//924 878//878 925//925
f 923//923 926//926 874//874
f 874//874 926//926 879//879
f 878//878 880//880 925//925
f 925//925 880//880 927//927
f 926//926 928//928 879//879
f 879//879 928//928 881//881
f 880//880 882//882 927//927
f 927//927 882//882 929//929
f 928//928 930//930 881//881
f 881//881 930//930 883//883
f 884//884 929//929 882//882
f 884//884 931//931 929//929
f 930//930 885//885 883//883
f 932//932 885//885 930//930
f 884//884 886//886 931//931
f 886//886 933//933 931//931
f 932//932 934//934 887//887
f 885//885 932//932 887//887
f 888//888 933//933 886//886
f 888//888 935//935 933//933
f 934//934 889//889 887//887
f 934//934 936//936 889//889
f 890//890 935//935 888//888
f 890//890 937//937 935//935
f 936//936 891//891 889//889
f 938//938 891//891 936//936
f 892//892 937//937 890//890
f 892//892 939//939 937//937
f 938//938 893//893 891//891
f 940//940 893//893 938//938
f 894//894 939//939 892//892
f 894//894 941//941 939//939
f 940//940 942//942 893//893
f 893//893 942//942 895//895
f 896//896 941//941 894//894
f 896//896 943//943 941//941
f 942//942 897//897 895//895
f 944//944 897//897 942//942
f 945//945 896//896 898//898
f 945//945 943//943 896//896
f 944//944 899//899 897//897
f 946//946 899//899 944//944
f 900//900 947//947 898//898
f 898//898 947//947 945//945
f 946//946 948//948 899//899
f 899//899 948//948 901//901
f 902//902 947//947 900//900
f 902//902 949//949 947//947
f 948//948 950//950 901//901
f 901//901 950//950 903//903
f 951//951 902//902 904//904
f 951//951 949//949 902//902
f 950//950 952//952 903//903
f 903//903 952//952 905//905
f 906//906 953//953 904//904
f 904//904 953//953 951//951
f 952//952 954//954 905//905
f 905//905 954//954 907//907
f 906//906 908//908 953//953
f 953//953 908//908 955//955
f 954//954 956//956 907//907
f 907//907 956//956 909//909
f 909//909 957//957 910//910
f 956//956 957//957 909//909
f 913//913 912//912 958//958
f 908//908 913//913 955//955
f 955//955 913//913 958//958
f 957//957 959//959 910//910
f 910//910 959//959 914//914
f 914//914 960//960 915//915
f 959//959 960//960 914//914
f 915//915 961//961 911//911
f 915//915 960//960 961//961
f 911//911 961//961 912//912
f 912//912 961//961 962//962
f 912//912 962//962 958//958
f 964//964 963//963 919//919
f 920//920 965//965 919//919
f 919//919 965//965 964//964
f 920//920 966//966 965//965
f 968//968 967//967 916//916
f 917//917 968//968 916//916
f 917//917 969//969 968//968
f 963//963 917//917 918//918
f 963//963 969//969 917//917
f 918//918 919//919 963//963
f 921//921 966//966 920//920
f 970//970 921//921 922//922
f 970//970 966//966 921//921
f 922//922 971//971 970//970
f 967//967 972//972 923//923
f 967//967 923//923 916//916
f 924//924 971//971 922//922
f 924//924 925//925 971//971
f 971//971 925//925 973//973
f 972//972 974//974 926//926
f 972//972 926//926 923//923
f 925//925 927//927 973//973
f 973//973 927//927 975//975
f 974//974 976//976 928//928
f 974//974 928//928 926//926
f 927//927 929//929 975//975
f 975//975 929//929 977//977
f 976//976 930//930 928//928
f 976//976 978//978 930//930
f 929//929 931//931 977//977
f 931//931 979//979 977//977
f 978//978 932//932 930//930
f 980//980 932//932 978//978
f 933//933 979//979 931//931
f 933//933 981//981 979//979
f 980//980 982//982 932//932
f 932//932 982//982 934//934
f 935//935 981//981 933//933
f 935//935 983//983 981//981
f 982//982 936//936 934//934
f 984//984 936//936 982//982
f 937//937 983//983 935//935
f 937//937 985//985 983//983
f 984//984 938//938 936//936
f 986//986 938//938 984//984
f 939//939 985//985 937//937
f 939//939 987//987 985//985
f 986//986 940//940 938//938
f 988//988 940//940 986//986
f 941//941 987//987 939//939
f 941//941 989//989 987//987
f 940//940 990//990 942//942
f 940//940 988//988 990//990
f 943//943 989//989 941//941
f 943//943 991//991 989//989
f 990//990 992//992 942//942
f 944//944 942//942 992//992
f 945//945 991//991 943//943
f 945//945 993//993 991//991
f 992//992 946//946 944//944
f 994//994 946//946 992//992
f 995//995 945//945 947//947
f 995//995 993//993 945//945
f 994//994 996//996 946//946
f 946//946 996//996 948//948
f 949//949 997//997 947//947
f 947//947 997//997 995//995
f 948//948 998//998 950//950
f 948//948 996//996 998//998
f 951//951 997//997 949//949
f 951//951 999//999 997//997
f 998//998 1000//1000 950//950
f 950//950 1000//1000 952//952
f 951//951 953//953 999//999
f 999//999 953//953 1001//1001
f 1000//1000 1002//1002 952//952
f 952//952 1002//1002 954//954
f 953//953 955//955 1001//1001
f 1001//1001 955//955 1003//1003
f 1002//1002 1004//1004 954//954
f 1004//1004 956//956 954//954
f 1004//1004 1005//1005 956//956
f 956//956 1005//1005 957//957
f 955//955 958//958 1003//1003
f 1003//1003 958//958 1006//1006
f 1005//1005 1007//1007 957//957
f 1007//1007 959//959 957//957
f 1007//1007 1008//1008 959//959
f 959//959 1009//1009 960//960
f 1008//1008 1009//1009 959//959
f 960//960 1010//1010 961//961
f 1009//1009 1010//1010 960//960
f 961//961 1011//1011 962//962
f 1010//1010 1011//1011 961//961
f 958//958 962//962 1006//1006
f 1006//1006 962//962 1011//1011
f 1013//1013 1012//1012 963//963
f 964//964 1013//1013 963//963
f 964//964 1014//1014 1013//1013
f 1015//1015 964//964 965//965
f 1015//1015 1014//1014 964//964
f 1016//1016 965//965 966//966
f 1016//1016 1015//1015 965//965
f 966//966 1017//1017 1016//1016
f 1019//1019 1018//1018 968//968
f 968//968 1018//1018 967//967
f 1012//1012 968//968 969//969
f 1012//1012 1019//1019 968//968
f 969//969 963//963 1012//1012
f 970//970 1017//1017 966//966
f 1020//1020 970//970 971//971
f 1020//1020 1017//1017 970//970
f 971//971 1021//1021 1020//1020
f 1018//1018 1022//1022 967//967
f 967//967 1022//1022 972//972
f 973//973 1021//1021 971//971
f 973//973 1023//1023 1021//1021
f 1022//1022 1024//1024 972//972
f 972//972 1024//1024 974//974
f 975//975 1023//1023 973//973
f 975//975 1025//1025 1023//1023
f 1024//1024 1026//1026 974//974
f 974//974 1026//1026 976//976
f 977//977 1025//1025 975//975
f 977//977 1027//1027 1025//1025
f 1026//1026 978//978 976//976
f 1028//1028 978//978 1026//1026
f 977//977 979//979 1027//1027
f 1027//1027 979//979 1029//1029
f 1028//1028 1030//1030 980//980
f 978//978 1028//1028 980//980
f 981//981 1029//1029 979//979
f 981//981 1031//1031 1029//1029
f 1030//1030 982//982 980//980
f 1030//1030 1032//1032 982//982
f 983//983 1031//1031 981//981
f 983//983 1033//1033 1031//1031
f 1032//1032 984//984 982//982
f 1034//1034 984//984 1032//1032
f 985//985 1033//1033 983//983
f 985//985 1035//1035 1033//1033
f 1034//1034 986//986 984//984
f 1036//1036 986//986 1034//1034
f 987//987 1035//1035 985//985
f 987//987 1037//1037 1035//1035
f 1036//1036 988//988 986//986
f 1038//1038 988//988 1036//1036
f 989//989 1037//1037 987//987
f 989//989 1039//1039 1037//1037
f 1038//1038 990//990 988//988
f 1040//1040 990//990 1038//1038
f 991//991 1039//1039 989//989
f 991//991 1041//1041 1039//1039
f 1040//1040 1042//1042 990//990
f 990//990 1042//1042 992//992
f 993//993 1041//1041 991//991
f 993//993 1043//1043 1041//1041
f 1042//1042 994//994 992//992
f 1044//1044 994//994 1042//1042
f 995//995 1043//1043 993//993
f 995//995 1045//1045 1043//1043
f 994//994 1046//1046 996//996
f 994//994 1044//1044 1046//1046
f 1047//1047 995//995 997//997
f 1047//1047 1045//1045 995//995
f 1046//1046 1048//1048 996//996
f 998//998 996//996 1048//1048
f 999//999 1049//1049 997//997
f 997//997 1049//1049 1047//1047
f 1048//1048 1050//1050 998//998
f 998//998 1050//1050 1000//1000
f 1051//1051 999//999 1001//1001
f 1051//1051 1049//1049 999//999
f 1050//1050 1052//1052 1000//1000
f 1000//1000 1052//1052 1002//1002
f 1003//1003 1053//1053 1001//1001
f 1001//1001 1053//1053 1051//1051
f 1052//1052 1054//1054 1002//1002
f 1002//1002 1054//1054 1004//1004
f 1004//1004 1054//1054 1005//1005
f 1006//1006 1055//1055 1003//1003
f 1003//1003 1055//1055 1053//1053
f 1054//1054 1056//1056 1005//1005
f 1056//1056 1007//1007 1005//1005
f 1056//1056 1057//1057 1007//1007
f 1007//1007 1058//1058 1008//1008
f 1057//1057 1058//1058 1007//1007
f 1008//1008 1059//1059 1009//1009
f 1058//1058 1059//1059 1008//1008
f 1009//1009 1060//1060 1010//1010
f 1059//1059 1060//1060 1009//1009
f 1010//1010 1061//1061 1011//1011
f 1060//1060 1061//1061 1010//1010
f 1011//1011 1062//1062 1006//1006
f 1011//1011 1061//1061 1062//1062
f 1006//1006 1062//1062 1055//1055
f 1064//1064 1063//1063 1012//1012
f 1013//1013 1064//1064 1012//1012
f 1013//1013 1065//1065 1064//1064
f 1066//1066 1013//1013 1014//1014
f 1066//1066 1065//1065 1013//1013
f 1067//1067 1014//1014 1015//1015
f 1067//1067 1066//1066 1014//1014
f 1068//1068 1015//1015 1016//1016
f 1068//1068 1067//1067 1015//1015
f 1069//1069 1016//1016 1017//1017
f 1069//1069 1068//1068 1016//1016
f 1017//1017 1070//1070 1069//1069
f 1063//1063 1071//1071 1019//1019
f 1019//1019 1071//1071 1018//1018
f 1019//1019 1012//1012 1063//1063
f 1020//1020 1070//1070 1017//1017
f 1020//1020 1021//1021 1070//1070
f 1070//1070 1021//1021 1072//1072
f 1071//1071 1073//1073 1018//1018
f 1018//1018 1073//1073 1022//1022
f 1021//1021 1023//1023 1072//1072
f 1072//1072 1023//1023 1074//1074
f 1073//1073 1075//1075 1022//1022
f 1022//1022 1075//1075 1024//1024
f 1023//1023 1025//1025 1074//1074
f 1074//1074 1025//1025 1076//1076
f 1075//1075 1077//1077 1024//1024
f 1024//1024 1077//1077 1026//1026
f 1025//1025 1027//1027 1076//1076
f 1027//1027 1078//1078 1076//1076
f 1077//1077 1028//1028 1026//1026
f 1079//1079 1028//1028 1077//1077
f 1029//1029 1078//1078 1027//1027
f 1029//1029 1080//1080 1078//1078
f 1079//1079 1081//1081 1028//1028
f 1028//1028 1081//1081 1030//1030
f 1031//1031 1080//1080 1029//1029
f 1031//1031 1082//1082 1080//1080
f 1081//1081 1032//1032 1030//1030
f 1083//1083 1032//1032 1081//1081
f 1033//1033 1082//1082 1031//1031
f 1033//1033 1084//1084 1082//1082
f 1083//1083 1034//1034 1032//1032
f 1085//1085 1034//1034 1083//1083
f 1033//1033 1035//1035 1084//1084
f 1035//1035 1086//1086 1084//1084
f 1085//1085 1036//1036 1034//1034
f 1087//1087 1036//1036 1085//1085
f 1086//1086 1035//1035 1088//1088
f 1088//1088 1035//1035 1037//1037
f 1087//1087 1038//1038 1036//1036
f 1089//1089 1038//1038 1087//1087
f 1088//1088 1037//1037 1090//1090
f 1090//1090 1037//1037 1039//1039
f 1089//1089 1040//1040 1038//1038
f 1091//1091 1040//1040 1089//1089
f 1041//1041 1092//1092 1039//1039
f 1039//1039 1092//1092 1090//1090
f 1040//1040 1093//1093 1042//1042
f 1040//1040 1091//1091 1093//1093
f 1043//1043 1092//1092 1041//1041
f 1043//1043 1094//1094 1092//1092
f 1093//1093 1095//1095 1042//1042
f 1044//1044 1042//1042 1095//1095
f 1045//1045 1094//1094 1043//1043
f 1045//1045 1096//1096 1094//1094
f 1095//1095 1046//1046 1044//1044
f 1097//1097 1046//1046 1095//1095
f 1047//1047 1096//1096 1045//1045
f 1047//1047 1098//1098 1096//1096
f 1097//1097 1099//1099 1046//1046
f 1046//1046 1099//1099 1048//1048
f 1100//1100 1047//1047 1049//1049
f 1100//1100 1098//1098 1047//1047
f 1099//1099 1101//1101 1048//1048
f 1048//1048 1101//1101 1050//1050
f 1051//1051 1102//1102 1049//1049
f 1049//1049 1102//1102 1100//1100
f 1101//1101 1103//1103 1050//1050
f 1050//1050 1103//1103 1052//1052
f 1104//1104 1051//1051 1053//1053
f 1104//1104 1102//1102 1051//1051
f 1103//1103 1105//1105 1052//1052
f 1052//1052 1105//1105 1054//1054
f 1055//1055 1106//1106 1053//1053
f 1053//1053 1106//1106 1104//1104
f 1105//1105 1107//1107 1054//1054
f 1054//1054 1107//1107 1056//1056
f 1056//1056 1108//1108 1057//1057
f 1107//1107 1108//1108 1056//1056
f 1057//1057 1108//1108 1058//1058
f 1062//1062 1061//1061 1109//1109
f 1062//1062 1110//1110 1055//1055
f 1062//1062 1109//1109 1110//1110
f 1055//1055 1110//1110 1106//1106
f 1108//1108 1111//1111 1058//1058
f 1058//1058 1111//1111 1059//1059
f 1059//1059 1111//1111 1112//1112
f 1059//1059 1112//1112 1060//1060
f 1060//1060 1112//1112 1113//1113
f 1060//1060 1113//1113 1061//1061
f 1061//1061 1113//1113 1114//1114
f 1061//1061 1114//1114 1109//1109
f 1116//1116 1115//1115 1066//1066
f 1067//1067 1117//1117 1066//1066
f 1066//1066 1117//1117 1116//1116
f 1067//1067 1118//1118 1117//1117
f 1120//1120 1119//1119 1064//1064
f 1064//1064 1119//1119 1063//1063
f 1115//1115 1064//1064 1065//1065
f 1115//1115 1120//1120 1064//1064
f 1065//1065 1066//1066 1115//1115
f 1068//1068 1118//1118 1067//1067
f 1121//1121 1068//1068 1069//1069
f 1121//1121 1118//1118 1068//1068
f 1069//1069 1070//1070 1121//1121
f 1121//1121 1070//1070 1122//1122
f 1124//1124 1123//1123 1071//1071
f 1063//1063 1124//1124 1071//1071
f 1063//1063 1119//1119 1124//1124
f 1125//1125 1070//1070 1072//1072
f 1125//1125 1122//1122 1070//1070
f 1072//1072 1126//1126 1125//1125
f 1123//1123 1127//1127 1073//1073
f 1123//1123 1073//1073 1071//1071
f 1074//1074 1126//1126 1072//1072
f 1074//1074 1128//1128 1126//1126
f 1127//1127 1075//1075 1073//1073
f 1127//1127 1129//1129 1075//1075
f 1076//1076 1128//1128 1074//1074
f 1076//1076 1130//1130 1128//1128
f 1129//1129 1131//1131 1075//1075
f 1075//1075 1131//1131 1077//1077
f 1076//1076 1078//1078 1130//1130
f 1130//1130 1078//1078 1132//1132
f 1131//1131 1133//1133 1079//1079
f 1077//1077 1131//1131 1079//1079
f 1080//1080 1132//1132 1078//1078
f 1080//1080 1134//1134 1132//1132
f 1133//1133 1081//1081 1079//1079
f 1133//1133 1135//1135 1081//1081
f 1082//1082 1134//1134 1080//1080
f 1082//1082 1136//1136 1134//1134
f 1135//1135 1083//1083 1081//1081
f 1137//1137 1083//1083 1135//1135
f 1082//1082 1084//1084 1136//1136
f 1084//1084 1138//1138 1136//1136
f 1137//1137 1085//1085 1083//1083
f 1139//1139 1085//1085 1137//1137
f 1086//1086 1138//1138 1084//1084
f 1086//1086 1140//1140 1138//1138
f 1139//1139 1087//1087 1085//1085
f 1141//1141 1087//1087 1139//1139
f 1088//1088 1140//1140 1086//1086
f 1088//1088 1142//1142 1140//1140
f 1141//1141 1089//1089 1087//1087
f 1143//1143 1089//1089 1141//1141
f 1090//1090 1142//1142 1088//1088
f 1090//1090 1144//1144 1142//1142
f 1143//1143 1091//1091 1089//1089
f 1145//1145 1091//1091 1143//1143
f 1146//1146 1090//1090 1092//1092
f 1146//1146 1144//1144 1090//1090
f 1145//1145 1093//1093 1091//1091
f 1147//1147 1093//1093 1145//1145
f 1146//1146 1092//1092 1148//1148
f 1148//1148 1092//1092 1094//1094
f 1147//1147 1149//1149 1093//1093
f 1093//1093 1149//1149 1095//1095
f 1096//1096 1150//1150 1094//1094
f 1094//1094 1150//1150 1148//1148
f 1149//1149 1097//1097 1095//1095
f 1151//1151 1097//1097 1149//1149
f 1098//1098 1150//1150 1096//1096
f 1098//1098 1152//1152 1150//1150
f 1151//1151 1153//1153 1097//1097
f 1097//1097 1153//1153 1099//1099
f 1100//1100 1152//1152 1098//1098
f 1100//1100 1154//1154 1152//1152
f 1099//1099 1155//1155 1101//1101
f 1099//1099 1153//1153 1155//1155
f 1156//1156 1100//1100 1102//1102
f 1156//1156 1154//1154 1100//1100
f 1155//1155 1157//1157 1101//1101
f 1101//1101 1157//1157 1103//1103
f 1104//1104 1158//1158 1102//1102
f 1102//1102 1158//1158 1156//1156
f 1157//1157 1159//1159 1103//1103
f 1103//1103 1159//1159 1105//1105
f 1104//1104 1106//1106 1158//1158
f 1158//1158 1106//1106 1160//1160
f 1159//1159 1161//1161 1105//1105
f 1161//1161 1107//1107 1105//1105
f 1161//1161 1162//1162 1107//1107
f 1107//1107 1162//1162 1108//1108
f 1110//1110 1109//1109 1163//1163
f 1106//1106 1110//1110 1160//1160
f 1160//1160 1110//1110 1163//1163
f 1162//1162 1164//1164 1108//1108
f 1164//1164 1111//1111 1108//1108
f 1164//1164 1165//1165 1111//1111
f 1111//1111 1166//1166 1112//1112
f 1165//1165 1166//1166 1111//1111
f 1112//1112 1166//1166 1113//1113
f 1114//1114 1113//1113 1167//1167
f 1114//1114 1168//1168 1109//1109
f 1114//1114 1167//1167 1168//1168
f 1109//1109 1168//1168 1163//1163
f 1166//1166 1169//1169 1113//1113
f 1113//1113 1169//1169 1167//1167
f 1171//1171 1170//1170 1115//1115
f 1116//1116 1171//1171 1115//1115
f 1116//1116 1172//1172 1171//1171
f 1173//1173 1116//1116 1117//1117
f 1173//1173 1172//1172 1116//1116
f 1174//1174 1117//1117 1118//1118
f 1174//1174 1173//1173 1117//1117
f 1118//1118 1175//1175 1174//1174
f 1177//1177 1176//1176 1119//1119
f 1120//1120 1177//1177 1119//1119
f 1120//1120 1170//1170 1177//1177
f 1120//1120 1115//1115 1170//1170
f 1121//1121 1175//1175 1118//1118
f 1178//1178 1121//1121 1122//1122
f 1178//1178 1175//1175 1121//1121
f 1122//1122 1179//1179 1178//1178
f 1176//1176 1180//1180 1124//1124
f 1124//1124 1180//1180 1123//1123
f 1124//1124 1119//1119 1176//1176
f 1125//1125 1179//1179 1122//1122
f 1125//1125 1126//1126 1179//1179
f 1179//1179 1126//1126 1181//1181
f 1180//1180 1182//1182 1123//1123
f 1123//1123 1182//1182 1127//1127
f 1126//1126 1128//1128 1181//1181
f 1181//1181 1128//1128 1183//1183
f 1182//1182 1184//1184 1129//1129
f 1127//1127 1182//1182 1129//1129
f 1128//1128 1130//1130 1183//1183
f 1130//1130 1185//1185 1183//1183
f 1184//1184 1131//1131 1129//1129
f 1184//1184 1186//1186 1131//1131
f 1132//1132 1185//1185 1130//1130
f 1132//1132 1187//1187 1185//1185
f 1186//1186 1188//1188 1131//1131
f 1131//1131 1188//1188 1133//1133
f 1134//1134 1187//1187 1132//1132
f 1134//1134 1189//1189 1187//1187
f 1188//1188 1135//1135 1133//1133
f 1190//1190 1135//1135 1188//1188
f 1134//1134 1136//1136 1189//1189
f 1136//1136 1191//1191 1189//1189
f 1190//1190 1137//1137 1135//1135
f 1192//1192 1137//1137 1190//1190
f 1138//1138 1191//1191 1136//1136
f 1138//1138 1193//1193 1191//1191
f 1192//1192 1139//1139 1137//1137
f 1194//1194 1139//1139 1192//1192
f 1140//1140 1193//1193 1138//1138
f 1140//1140 1195//1195 1193//1193
f 1194//1194 1141//1141 1139//1139
f 1196//1196 1141//1141 1194//1194
f 1142//1142 1195//1195 1140//1140
f 1142//1142 1197//1197 1195//1195
f 1196//1196 1143//1143 1141//1141
f 1198//1198 1143//1143 1196//1196
f 1144//1144 1197//1197 1142//1142
f 1144//1144 1199//1199 1197//1197
f 1198//1198 1145//1145 1143//1143
f 1200//1200 1145//1145 1198//1198
f 1146//1146 1199//1199 1144//1144
f 1146//1146 1201//1201 1199//1199
f 1200//1200 1147//1147 1145//1145
f 1202//1202 1147//1147 1200//1200
f 1148//1148 1201//1201 1146//1146
f 1148//1148 1203//1203 1201//1201
f 1202//1202 1204//1204 1147//1147
f 1147//1147 1204//1204 1149//1149
f 1205//1205 1148//1148 1150//1150
f 1205//1205 1203//1203 1148//1148
f 1204//1204 1151//1151 1149//1149
f 1206//1206 1151//1151 1204//1204
f 1205//1205 1150//1150 1207//1207
f 1207//1207 1150//1150 1152//1152
f 1151//1151 1208//1208 1153//1153
f 1151//1151 1206//1206 1208//1208
f 1154//1154 1209//1209 1152//1152
f 1152//1152 1209//1209 1207//1207
f 1208//1208 1210//1210 1153//1153
f 1155//1155 1153//1153 1210//1210
f 1156//1156 1209//1209 1154//1154
f 1156//1156 1211//1211 1209//1209
f 1210//1210 1212//1212 1155//1155
f 1155//1155 1212//1212 1157//1157
f 1156//1156 1158//1158 1211//1211
f 1211//1211 1158//1158 1213//1213
f 1212//1212 1214//1214 1157//1157
f 1157//1157 1214//1214 1159//1159
f 1215//1215 1158//1158 1160//1160
f 1215//1215 1213//1213 1158//1158
f 1214//1214 1216//1216 1159//1159
f 1159//1159 1216//1216 1161//1161
f 1161//1161 1216//1216 1162//1162
f 1163//1163 1217//1217 1160//1160
f 1160//1160 1217//1217 1215//1215
f 1216//1216 1218//1218 1162//1162
f 1218//1218 1164//1164 1162//1162
f 1218//1218 1219//1219 1164//1164
f 1164//1164 1219//1219 1165//1165
f 1168//1168 1167//1167 1220//1220
f 1168//1168 1221//1221 1163//1163
f 1168//1168 1220//1220 1221//1221
f 1163//1163 1221//1221 1217//1217
f 1219//1219 1222//1222 1165//1165
f 1165//1165 1222//1222 1166//1166
f 1166//1166 1222//1222 1223//1223
f 1223//1223 1169//1169 1166//1166
f 1223//1223 1224//1224 1169//1169
f 1169//1169 1225//1225 1167//1167
f 1169//1169 1224//1224 1225//1225
f 1167//1167 1225//1225 1220//1220
f 1227//1227 1226//1226 1170//1170
f 1171//1171 1227//1227 1170//1170
f 1171//1171 1228//1228 1227//1227
f 1229//1229 1171//1171 1172//1172
f 1229//1229 1228//1228 1171//1171
f 1230//1230 1172//1172 1173//1173
f 1230//1230 1229//1229 1172//1172
f 1231//1231 1173//1173 1174//1174
f 1231//1231 1230//1230 1173//1173
f 1232//1232 1174//1174 1175//1175
f 1232//1232 1231//1231 1174//1174
f 1175//1175 1233//1233 1232//1232
f 1226//1226 1234//1234 1177//1177
f 1177//1177 1234//1234 1176//1176
f 1177//1177 1170//1170 1226//1226
f 1178//1178 1233//1233 1175//1175
f 1178//1178 1179//1179 1233//1233
f 1233//1233 1179//1179 1235//1235
f 1234//1234 1236//1236 1176//1176
f 1176//1176 1236//1236 1180//1180
f 1179//1179 1181//1181 1235//1235
f 1235//1235 1181//1181 1237//1237
f 1236//1236 1238//1238 1180//1180
f 1180//1180 1238//1238 1182//1182
f 1181//1181 1183//1183 1237//1237
f 1237//1237 1183//1183 1239//1239
f 1238//1238 1240//1240 1182//1182
f 1182//1182 1240//1240 1184//1184
f 1183//1183 1185//1185 1239//1239
f 1239//1239 1185//1185 1241//1241
f 1240//1240 1186//1186 1184//1184
f 1242//1242 1186//1186 1240//1240
f 1187//1187 1241//1241 1185//1185
f 1187//1187 1243//1243 1241//1241
f 1242//1242 1244//1244 1186//1186
f 1186//1186 1244//1244 1188//1188
f 1187//1187 1189//1189 1243//1243
f 1189//1189 1245//1245 1243//1243
f 1244//1244 1190//1190 1188//1188
f 1246//1246 1190//1190 1244//1244
f 1191//1191 1245//1245 1189//1189
f 1191//1191 1247//1247 1245//1245
f 1246//1246 1192//1192 1190//1190
f 1248//1248 1192//1192 1246//1246
f 1193//1193 1247//1247 1191//1191
f 1193//1193 1249//1249 1247//1247
f 1248//1248 1194//1194 1192//1192
f 1250//1250 1194//1194 1248//1248
f 1195//1195 1249//1249 1193//1193
f 1195//1195 1251//1251 1249//1249
f 1250//1250 1196//1196 1194//1194
f 1252//1252 1196//1196 1250//1250
f 1197//1197 1251//1251 1195//1195
f 1197//1197 1253//1253 1251//1251
f 1252//1252 1198//1198 1196//1196
f 1254//1254 1198//1198 1252//1252
f 1199//1199 1253//1253 1197//1197
f 1199//1199 1255//1255 1253//1253
f 1254//1254 1200//1200 1198//1198
f 1256//1256 1200//1200 1254//1254
f 1201//1201 1255//1255 1199//1199
f 1201//1201 1257//1257 1255//1255
f 1256//1256 1202//1202 1200//1200
f 1258//1258 1202//1202 1256//1256
f 1203//1203 1257//1257 1201//1201
f 1203//1203 1259//1259 1257//1257
f 1202//1202 1260//1260 1204//1204
f 1202//1202 1258//1258 1260//1260
f 1205//1205 1259//1259 1203//1203
f 1205//1205 1261//1261 1259//1259
f 1260//1260 1262//1262 1204//1204
f 1206//1206 1204//1204 1262//1262
f 1207//1207 1261//1261 1205//1205
f 1207//1207 1263//1263 1261//1261
f 1262//1262 1208//1208 1206//1206
f 1264//1264 1208//1208 1262//1262
f 1265//1265 1207//1207 1209//1209
f 1265//1265 1263//1263 1207//1207
f 1264//1264 1266//1266 1208//1208
f 1208//1208 1266//1266 1210//1210
f 1211//1211 1267//1267 1209//1209
f 1209//1209 1267//1267 1265//1265
f 1210//1210 1268//1268 1212//1212
f 1210//1210 1266//1266 1268//1268
f 1269//1269 1211//1211 1213//1213
f 1269//1269 1267//1267 1211//1211
f 1268//1268 1270//1270 1212//1212
f 1212//1212 1270//1270 1214//1214
f 1215//1215 1271//1271 1213//1213
f 1213//1213 1271//1271 1269//1269
f 1270//1270 1272//1272 1214//1214
f 1214//1214 1272//1272 1216//1216
f 1215//1215 1217//1217 1271//1271
f 1271//1271 1217//1217 1273//1273
f 1272//1272 1274//1274 1216//1216
f 1274//1274 1218//1218 1216//1216
f 1274//1274 1275//1275 1218//1218
f 1218//1218 1275//1275 1219//1219
f 1221//1221 1220//1220 1276//1276
f 1217//1217 1221//1221 1273//1273
f 1273//1273 1221//1221 1276//1276
f 1275//1275 1277//1277 1219//1219
f 1277//1277 1222//1222 1219//1219
f 1277//1277 1278//1278 1222//1222
f 1222//1222 1278//1278 1223//1223
f 1225//1225 1224//1224 1279//1279
f 1225//1225 1280//1280 1220//1220
f 1225//1225 1279//1279 1280//1280
f 1220//1220 1280//1280 1276//1276
f 1278//1278 1281//1281 1223//1223
f 1223//1223 1281//1281 1224//1224
f 1224//1224 1281//1281 1282//1282
f 1224//1224 1282//1282 1279//1279
f 1284//1284 1283//1283 1229//1229
f 1229//1229 1285//1285 1284//1284
f 1287//1287 1286//1286 1227//1227
f 1227//1227 1286//1286 1226//1226
f 1283//1283 1227//1227 1228//1228
f 1283//1283 1287//1287 1227//1227
f 1228//1228 1229//1229 1283//1283
f 1230//1230 1285//1285 1229//1229
f 1288//1288 1230//1230 1231//1231
f 1288//1288 1285//1285 1230//1230
f 1289//1289 1231//1231 1232//1232
f 1289//1289 1288//1288 1231//1231
f 1232//1232 1233//1233 1289//1289
f 1289//1289 1233//1233 1290//1290
f 1292//1292 1291//1291 1234//1234
f 1226//1226 1292//1292 1234//1234
f 1226//1226 1286//1286 1292//1292
f 1293//1293 1233//1233 1235//1235
f 1293//1293 1290//1290 1233//1233
f 1235//1235 1294//1294 1293//1293
f 1291//1291 1295//1295 1236//1236
f 1291//1291 1236//1236 1234//1234
f 1237//1237 1294//1294 1235//1235
f 1237//1237 1296//1296 1294//1294
f 1295//1295 1297//1297 1238//1238
f 1295//1295 1238//1238 1236//1236
f 1239//1239 1296//1296 1237//1237
f 1239//1239 1298//1298 1296//1296
f 1297//1297 1240//1240 1238//1238
f 1297//1297 1299//1299 1240//1240
f 1241//1241 1298//1298 1239//1239
f 1241//1241 1300//1300 1298//1298
f 1299//1299 1301//1301 1242//1242
f 1240//1240 1299//1299 1242//1242
f 1241//1241 1243//1243 1300//1300
f 1243//1243 1302//1302 1300//1300
f 1301//1301 1244//1244 1242//1242
f 1301//1301 1303//1303 1244//1244
f 1245//1245 1302//1302 1243//1243
f 1245//1245 1304//1304 1302//1302
f 1303//1303 1246//1246 1244//1244
f 1305//1305 1246//1246 1303//1303
f 1247//1247 1304//1304 1245//1245
f 1247//1247 1306//1306 1304//1304
f 1305//1305 1248//1248 1246//1246
f 1307//1307 1248//1248 1305//1305
f 1249//1249 1306//1306 1247//1247
f 1249//1249 1308//1308 1306//1306
f 1307//1307 1250//1250 1248//1248
f 1309//1309 1250//1250 1307//1307
f 1251//1251 1308//1308 1249//1249
f 1251//1251 1310//1310 1308//1308
f 1309//1309 1252//1252 1250//1250
f 1311//1311 1252//1252 1309//1309
f 1253//1253 1310//1310 1251//1251
f 1253//1253 1312//1312 1310//1310
f 1311//1311 1254//1254 1252//1252
f 1313//1313 1254//1254 1311//1311
f 1253//1253 1255//1255 1312//1312
f 1255//1255 1314//1314 1312//1312
f 1313//1313 1256//1256 1254//1254
f 1315//1315 1256//1256 1313//1313
f 1314//1314 1255//1255 1316//1316
f 1316//1316 1255//1255 1257//1257
f 1315//1315 1258//1258 1256//1256
f 1317//1317 1258//1258 1315//1315
f 1316//1316 1257//1257 1318//1318
f 1318//1318 1257//1257 1259//1259
f 1317//1317 1260//1260 1258//1258
f 1319//1319 1260//1260 1317//1317
f 1261//1261 1320//1320 1259//1259
f 1259//1259 1320//1320 1318//1318
f 1260//1260 1321//1321 1262//1262
f 1260//1260 1319//1319 1321//1321
f 1263//1263 1320//1320 1261//1261
f 1263//1263 1322//1322 1320//1320
f 1321//1321 1323//1323 1262//1262
f 1264//1264 1262//1262 1323//1323
f 1265//1265 1322//1322 1263//1263
f 1265//1265 1324//1324 1322//1322
f 1264//1264 1325//1325 1266//1266
f 1264//1264 1323//1323 1325//1325
f 1326//1326 1265//1265 1267//1267
f 1326//1326 1324//1324 1265//1265
f 1325//1325 1327//1327 1266//1266
f 1268//1268 1266//1266 1327//1327
f 1269//1269 1328//1328 1267//1267
f 1267//1267 1328//1328 1326//1326
f 1327//1327 1329//1329 1268//1268
f 1268//1268 1329//1329 1270//1270
f 1330//1330 1269//1269 1271//1271
f 1330//1330 1328//1328 1269//1269
f 1329//1329 1331//1331 1270//1270
f 1270//1270 1331//1331 1272//1272
f 1273//1273 1332//1332 1271//1271
f 1271//1271 1332//1332 1330//1330
f 1331//1331 1333//1333 1272//1272
f 1272//1272 1333//1333 1274//1274
f 1274//1274 1333//1333 1275//1275
f 1276//1276 1334//1334 1273//1273
f 1273//1273 1334//1334 1332//1332
f 1333//1333 1335//1335 1275//1275
f 1335//1335 1277//1277 1275//1275
f 1335//1335 1336//1336 1277//1277
f 1277//1277 1336//1336 1278//1278
f 1280//1280 1337//1337 1276//1276
f 1276//1276 1337//1337 1334//1334
f 1336//1336 1338//1338 1278//1278
f 1338//1338 1281//1281 1278//1278
f 1338//1338 1339//1339 1281//1281
f 1281//1281 1340//1340 1282//1282
f 1339//1339 1340//1340 1281//1281
f 1282//1282 1341//1341 1279//1279
f 1282//1282 1340//1340 1341//1341
f 1279//1279 1341//1341 1280//1280
f 1280//1280 1341//1341 1342//1342
f 1280//1280 1342//1342 1337//1337
f 1344//1344 1343//1343 1283//1283
f 1284//1284 1344//1344 1283//1283
f 1284//1284 1345//1345 1344//1344
f 1346//1346 1284//1284 1285//1285
f 1346//1346 1345//1345 1284//1284
f 1288//1288 1347//1347 1285//1285
f 1285//1285 1347//1347 1346//1346
f 1288//1288 1348//1348 1347//1347
f 1350//1350 1349//1349 1286//1286
f 1287//1287 1350//1350 1286//1286
f 1287//1287 1343//1343 1350//1350
f 1287//1287 1283//1283 1343//1343
f 1289//1289 1348//1348 1288//1288
f 1351//1351 1289//1289 1290//1290
f 1351//1351 1348//1348 1289//1289
f 1290//1290 1352//1352 1351//1351
f 1349//1349 1353//1353 1292//1292
f 1292//1292 1353//1353 1291//1291
f 1292//1292 1286//1286 1349//1349
f 1293//1293 1352//1352 1290//1290
f 1293//1293 1294//1294 1352//1352
f 1352//1352 1294//1294 1354//1354
f 1353//1353 1355//1355 1291//1291
f 1291//1291 1355//1355 1295//1295
f 1294//1294 1296//1296 1354//1354
f 1354//1354 1296//1296 1356//1356
f 1355//1355 1357//1357 1295//1295
f 1295//1295 1357//1357 1297//1297
f 1296//1296 1298//1298 1356//1356
f 1356//1356 1298//1298 1358//1358
f 1357//1357 1359//1359 1299//1299
f 1297//1297 1357//1357 1299//1299
f 1300//1300 1358//1358 1298//1298
f 1300//1300 1360//1360 1358//1358
f 1359//1359 1301//1301 1299//1299
f 1359//1359 1361//1361 1301//1301
f 1300//1300 1302//1302 1360//1360
f 1360//1360 1302//1302 1362//1362
f 1361//1361 1303//1303 1301//1301
f 1363//1363 1303//1303 1361//1361
f 1304//1304 1362//1362 1302//1302
f 1304//1304 1364//1364 1362//1362
f 1363//1363 1305//1305 1303//1303
f 1365//1365 1305//1305 1363//1363
f 1306//1306 1364//1364 1304//1304
f 1306//1306 1366//1366 1364//1364
f 1365//1365 1307//1307 1305//1305
f 1367//1367 1307//1307 1365//1365
f 1308//1308 1366//1366 1306//1306
f 1308//1308 1368//1368 1366//1366
f 1367//1367 1369//1369 1309//1309
f 1307//1307 1367//1367 1309//1309
f 1308//1308 1310//1310 1368//1368
f 1310//1310 1370//1370 1368//1368
f 1369//1369 1371//1371 1309//1309
f 1311//1311 1309//1309 1371//1371
f 1370//1370 1310//1310 1372//1372
f 1372//1372 1310//1310 1312//1312
f 1371//1371 1313//1313 1311//1311
f 1373//1373 1313//1313 1371//1371
f 1314//1314 1372//1372 1312//1312
f 1314//1314 1374//1374 1372//1372
f 1373//1373 1315//1315 1313//1313
f 1375//1375 1315//1315 1373//1373
f 1316//1316 1374//1374 1314//1314
f 1316//1316 1376//1376 1374//1374
f 1375//1375 1317//1317 1315//1315
f 1377//1377 1317//1317 1375//1375
f 1318//1318 1376//1376 1316//1316
f 1318//1318 1378//1378 1376//1376
f 1377//1377 1319//1319 1317//1317
f 1379//1379 1319//1319 1377//1377
f 1380//1380 1318//1318 1320//1320
f 1380//1380 1378//1378 1318//1318
f 1379//1379 1321//1321 1319//1319
f 1381//1381 1321//1321 1379//1379
f 1380//1380 1320//1320 1382//1382
f 1382//1382 1320//1320 1322//1322
f 1381//1381 1383//1383 1321//1321
f 1321//1321 1383//1383 1323//1323
f 1324//1324 1384//1384 1322//1322
f 1322//1322 1384//1384 1382//1382
f 1383//1383 1325//1325 1323//1323
f 1385//1385 1325//1325 1383//1383
f 1326//1326 1384//1384 1324//1324
f 1326//1326 1386//1386 1384//1384
f 1325//1325 1387//1387 1327//1327
f 1325//1325 1385//1385 1387//1387
f 1388//1388 1326//1326 1328//1328
f 1388//1388 1386//1386 1326//1326
f 1387//1387 1389//1389 1327//1327
f 1327//1327 1389//1389 1329//1329
f 1330//1330 1390//1390 1328//1328
f 1328//1328 1390//1390 1388//1388
f 1389//1389 1391//1391 1329//1329
f 1329//1329 1391//1391 1331//1331
f 1392//1392 1330//1330 1332//1332
f 1392//1392 1390//1390 1330//1330
f 1391//1391 1393//1393 1331//1331
f 1331//1331 1393//1393 1333//1333
f 1334//1334 1394//1394 1332//1332
f 1332//1332 1394//1394 1392//1392
f 1393//1393 1395//1395 1333//1333
f 1395//1395 1335//1335 1333//1333
f 1395//1395 1396//1396 1335//1335
f 1335//1335 1396//1396 1336//1336
f 1337//1337 1397//1397 1334//1334
f 1334//1334 1397//1397 1394//1394
f 1396//1396 1398//1398 1336//1336
f 1398//1398 1338//1338 1336//1336
f 1398//1398 1399//1399 1338//1338
f 1338//1338 1400//1400 1339//1339
f 1399//1399 1400//1400 1338//1338
f 1339//1339 1400//1400 1340//1340
f 1341//1341 1340//1340 1401//1401
f 1341//1341 1402//1402 1342//1342
f 1401//1401 1402//1402 1341//1341
f 1342//1342 1403//1403 1337//1337
f 1342//1342 1402//1402 1403//1403
f 1337//1337 1403//1403 1397//1397
f 1400//1400 1404//1404 1340//1340
f 1340//1340 1404//1404 1401//1401
f 1406//1406 1405//1405 1343//1343
f 1344//1344 1406//1406 1343//1343
f 1344//1344 1407//1407 1406//1406
f 1408//1408 1344//1344 1345//1345
f 1408//1408 1407//1407 1344//1344
f 1409//1409 1345//1345 1346//1346
f 1409//1409 1408//1408 1345//1345
f 1410//1410 1346//1346 1347//1347
f 1410//1410 1409//1409 1346//1346
f 1411//1411 1347//1347 1348//1348
f 1411//1411 1410//1410 1347//1347
f 1348//1348 1412//1412 1411//1411
f 1414//1414 1413//1413 1349//1349
f 1350//1350 1414//1414 1349//1349
f 1350//1350 1405//1405 1414//1414
f 1350//1350 1343//1343 1405//1405
f 1351//1351 1412//1412 1348//1348
f 1351//1351 1352//1352 1412//1412
f 1412//1412 1352//1352 1415//1415
f 1413//1413 1416//1416 1353//1353
f 1413//1413 1353//1353 1349//1349
f 1352//1352 1354//1354 1415//1415
f 1415//1415 1354//1354 1417//1417
f 1416//1416 1418//1418 1355//1355
f 1416//1416 1355//1355 1353//1353
f 1354//1354 1356//1356 1417//1417
f 1417//1417 1356//1356 1419//1419
f 1418//1418 1357//1357 1355//1355
f 1418//1418 1420//1420 1357//1357
f 1356//1356 1358//1358 1419//1419
f 1419//1419 1358//1358 1421//1421
f 1420//1420 1422//1422 1357//1357
f 1357//1357 1422//1422 1359//1359
f 1358//1358 1360//1360 1421//1421
f 1360//1360 1423//1423 1421//1421
f 1422//1422 1361//1361 1359//1359
f 1424//1424 1361//1361 1422//1422
f 1362//1362 1423//1423 1360//1360
f 1362//1362 1425//1425 1423//1423
f 1424//1424 1426//1426 1363//1363
f 1361//1361 1424//1424 1363//1363
f 1364//1364 1425//1425 1362//1362
f 1364//1364 1427//1427 1425//1425
f 1363//1363 1426//1426 1365//1365
f 1365//1365 1426//1426 1428//1428
f 1364//1364 1366//1366 1427//1427
f 1366//1366 1429//1429 1427//1427
f 1365//1365 1428//1428 1367//1367
f 1367//1367 1428//1428 1430//1430
f 1429//1429 1366//1366 1431//1431
f 1431//1431 1366//1366 1368//1368
f 1430//1430 1369//1369 1367//1367
f 1430//1430 1432//1432 1369//1369
f 1370//1370 1431//1431 1368//1368
f 1370//1370 1433//1433 1431//1431
f 1369//1369 1434//1434 1371//1371
f 1369//1369 1432//1432 1434//1434
f 1372//1372 1433//1433 1370//1370
f 1372//1372 1435//1435 1433//1433
f 1371//1371 1434//1434 1373//1373
f 1373//1373 1434//1434 1436//1436
f 1374//1374 1435//1435 1372//1372
f 1374//1374 1437//1437 1435//1435
f 1436//1436 1438//1438 1373//1373
f 1375//1375 1373//1373 1438//1438
f 1376//1376 1437//1437 1374//1374
f 1376//1376 1439//1439 1437//1437
f 1438//1438 1377//1377 1375//1375
f 1440//1440 1377//1377 1438//1438
f 1378//1378 1439//1439 1376//1376
f 1378//1378 1441//1441 1439//1439
f 1440//1440 1379//1379 1377//1377
f 1442//1442 1379//1379 1440//1440
f 1380//1380 1441//1441 1378//1378
f 1380//1380 1443//1443 1441//1441
f 1442//1442 1381//1381 1379//1379
f 1444//1444 1381//1381 1442//1442
f 1382//1382 1443//1443 1380//1380
f 1382//1382 1445//1445 1443//1443
f 1381//1381 1446//1446 1383//1383
f 1381//1381 1444//1444 1446//1446
f 1447//1447 1382//1382 1384//1384
f 1447//1447 1445//1445 1382//1382
f 1446//1446 1448//1448 1383//1383
f 1385//1385 1383//1383 1448//1448
f 1447//1447 1384//1384 1449//1449
f 1449//1449 1384//1384 1386//1386
f 1448//1448 1387//1387 1385//1385
f 1450//1450 1387//1387 1448//1448
f 1388//1388 1451//1451 1386//1386
f 1386//1386 1451//1451 1449//1449
f 1450//1450 1452//1452 1387//1387
f 1387//1387 1452//1452 1389//1389
f 1453//1453 1388//1388 1390//1390
f 1453//1453 1451//1451 1388//1388
f 1452//1452 1454//1454 1389//1389
f 1389//1389 1454//1454 1391//1391
f 1392//1392 1455//1455 1390//1390
f 1390//1390 1455//1455 1453//1453
f 1454//1454 1456//1456 1391//1391
f 1391//1391 1456//1456 1393//1393
f 1392//1392 1394//1394 1455//1455
f 1455//1455 1394//1394 1457//1457
f 1456//1456 1458//1458 1393//1393
f 1393//1393 1458//1458 1395//1395
f 1395//1395 1458//1458 1396//1396
f 1394//1394 1397//1397 1457//1457
f 1457//1457 1397//1397 1459//1459
f 1458//1458 1460//1460 1396//1396
f 1460//1460 1398//1398 1396//1396
f 1460//1460 1461//1461 1398//1398
f 1398//1398 1461//1461 1399//1399
f 1403//1403 1402//1402 1462//1462
f 1397//1397 1403//1403 1459//1459
f 1459//1459 1403//1403 1462//1462
f 1461//1461 1463//1463 1399//1399
f 1399//1399 1463//1463 1400//1400
f 1400//1400 1463//1463 1464//1464
f 1464//1464 1404//1404 1400//1400
f 1464//1464 1465//1465 1404//1404
f 1404//1404 1466//1466 1401//1401
f 1404//1404 1465//1465 1466//1466
f 1401//1401 1466//1466 1402//1402
f 1402//1402 1466//1466 1467//1467
f 1402//1402 1467//1467 1462//1462
f 1469//1469 1468//1468 1408//1408
f 1408//1408 1470//1470 1469//1469
f 1472//1472 1471//1471 1405//1405
f 1406//1406 1472//1472 1405//1405
f 1406//1406 1473//1473 1472//1472
f 1468//1468 1406//1406 1407//1407
f 1468//1468 1473//1473 1406//1406
f 1407//1407 1408//1408 1468//1468
f 1409//1409 1470//1470 1408//1408
f 1474//1474 1409//1409 1410//1410
f 1474//1474 1470//1470 1409//1409
f 1475//1475 1410//1410 1411//1411
f 1475//1475 1474//1474 1410//1410
f 1411//1411 1412//1412 1475//1475
f 1475//1475 1412//1412 1476//1476
f 1471//1471 1477//1477 1414//1414
f 1414//1414 1477//1477 1413//1413
f 1414//1414 1405//1405 1471//1471
f 1478//1478 1412//1412 1415//1415
f 1478//1478 1476//1476 1412//1412
f 1415//1415 1479//1479 1478//1478
f 1477//1477 1480//1480 1413//1413
f 1413//1413 1480//1480 1416//1416
f 1417//1417 1479//1479 1415//1415
f 1417//1417 1481//1481 1479//1479
f 1480//1480 1482//1482 1416//1416
f 1416//1416 1482//1482 1418//1418
f 1419//1419 1481//1481 1417//1417
f 1419//1419 1483//1483 1481//1481
f 1482//1482 1484//1484 1420//1420
f 1418//1418 1482//1482 1420//1420
f 1421//1421 1483//1483 1419//1419
f 1421//1421 1485//1485 1483//1483
f 1484//1484 1422//1422 1420//1420
f 1484//1484 1486//1486 1422//1422
f 1421//1421 1423//1423 1485//1485
f 1485//1485 1423//1423 1487//1487
f 1486//1486 1488//1488 1424//1424
f 1422//1422 1486//1486 1424//1424
f 1425//1425 1487//1487 1423//1423
f 1425//1425 1489//1489 1487//1487
f 1488//1488 1426//1426 1424//1424
f 1488//1488 1490//1490 1426//1426
f 1425//1425 1427//1427 1489//1489
f 1427//1427 1491//1491 1489//1489
f 1490//1490 1428//1428 1426//1426
f 1492//1492 1428//1428 1490//1490
f 1429//1429 1491//1491 1427//1427
f 1429//1429 1493//1493 1491//1491
f 1492//1492 1430//1430 1428//1428
f 1494//1494 1430//1430 1492//1492
f 1431//1431 1493//1493 1429//1429
f 1431//1431 1495//1495 1493//1493
f 1494//1494 1432//1432 1430//1430
f 1496//1496 1432//1432 1494//1494
f 1433//1433 1495//1495 1431//1431
f 1433//1433 1497//1497 1495//1495
f 1496//1496 1434//1434 1432//1432
f 1498//1498 1434//1434 1496//1496
f 1435//1435 1497//1497 1433//1433
f 1435//1435 1499//1499 1497//1497
f 1498//1498 1436//1436 1434//1434
f 1500//1500 1436//1436 1498//1498
f 1437//1437 1499//1499 1435//1435
f 1437//1437 1501//1501 1499//1499
f 1436//1436 1502//1502 1438//1438
f 1436//1436 1500//1500 1502//1502
f 1439//1439 1501//1501 1437//1437
f 1439//1439 1503//1503 1501//1501
f 1438//1438 1502//1502 1440//1440
f 1440//1440 1502//1502 1504//1504
f 1441//1441 1503//1503 1439//1439
f 1441//1441 1505//1505 1503//1503
f 1504//1504 1506//1506 1440//1440
f 1442//1442 1440//1440 1506//1506
f 1443//1443 1505//1505 1441//1441
f 1443//1443 1507//1507 1505//1505
f 1506//1506 1444//1444 1442//1442
f 1508//1508 1444//1444 1506//1506
f 1445//1445 1507//1507 1443//1443
f 1445//1445 1509//1509 1507//1507
f 1508//1508 1446//1446 1444//1444
f 1510//1510 1446//1446 1508//1508
f 1447//1447 1509//1509 1445//1445
f 1447//1447 1511//1511 1509//1509
f 1446//1446 1512//1512 1448//1448
f 1446//1446 1510//1510 1512//1512
f 1449//1449 1511//1511 1447//1447
f 1449//1449 1513//1513 1511//1511
f 1512//1512 1514//1514 1448//1448
f 1450//1450 1448//1448 1514//1514
f 1515//1515 1449//1449 1451//1451
f 1515//1515 1513//1513 1449//1449
f 1450//1450 1516//1516 1452//1452
f 1450//1450 1514//1514 1516//1516
f 1453//1453 1517//1517 1451//1451
f 1451//1451 1517//1517 1515//1515
f 1516//1516 1518//1518 1452//1452
f 1452//1452 1518//1518 1454//1454
f 1519//1519 1453//1453 1455//1455
f 1519//1519 1517//1517 1453//1453
f 1518//1518 1520//1520 1454//1454
f 1454//1454 1520//1520 1456//1456
f 1457//1457 1521//1521 1455//1455
f 1455//1455 1521//1521 1519//1519
f 1520//1520 1522//1522 1456//1456
f 1456//1456 1522//1522 1458//1458
f 1459//1459 1523//1523 1457//1457
f 1457//1457 1523//1523 1521//1521
f 1522//1522 1524//1524 1458//1458
f 1524//1524 1460//1460 1458//1458
f 1524//1524 1525//1525 1460//1460
f 1460//1460 1525//1525 1461//1461
f 1462//1462 1526//1526 1459//1459
f 1459//1459 1526//1526 1523//1523
f 1525//1525 1527//1527 1461//1461
f 1527//1527 1463//1463 1461//1461
f 1527//1527 1528//1528 1463//1463
f 1463//1463 1529//1529 1464//1464
f 1528//1528 1529//1529 1463//1463
f 1464//1464 1530//1530 1465//1465
f 1529//1529 1530//1530 1464//1464
f 1465//1465 1531//1531 1466//1466
f 1530//1530 1531//1531 1465//1465
f 1466//1466 1532//1532 1467//1467
f 1531//1531 1532//1532 1466//1466
f 1467//1467 1533//1533 1462//1462
f 1467//1467 1532//1532 1533//1533
f 1462//1462 1533//1533 1526//1526
f 1535//1535 1534//1534 1473//1473
f 1468//1468 1536//1536 1473//1473
f 1473//1473 1536//1536 1535//1535
f 1469//1469 1536//1536 1468//1468
f 1469//1469 1537//1537 1536//1536
f 1538//1538 1469//1469 1470//1470
f 1538//1538 1537//1537 1469//1469
f 1474//1474 1539//1539 1470//1470
f 1470//1470 1539//1539 1538//1538
f 1474//1474 1540//1540 1539//1539
f 1534//1534 1541//1541 1472//1472
f 1472//1472 1541//1541 1471//1471
f 1472//1472 1473//1473 1534//1534
f 1475//1475 1540//1540 1474//1474
f 1542//1542 1475//1475 1476//1476
f 1542//1542 1540//1540 1475//1475
f 1476//1476 1543//1543 1542//1542
f 1545//1545 1544//1544 1477//1477
f 1471//1471 1545//1545 1477//1477
f 1471//1471 1541//1541 1545//1545
f 1478//1478 1543//1543 1476//1476
f 1478//1478 1479//1479 1543//1543
f 1543//1543 1479//1479 1546//1546
f 1544//1544 1547//1547 1480//1480
f 1544//1544 1480//1480 1477//1477
f 1479//1479 1481//1481 1546//1546
f 1546//1546 1481//1481 1548//1548
f 1547//1547 1482//1482 1480//1480
f 1547//1547 1549//1549 1482//1482
f 1481//1481 1483//1483 1548//1548
f 1548//1548 1483//1483 1550//1550
f 1549//1549 1551//1551 1482//1482
f 1482//1482 1551//1551 1484//1484
f 1483//1483 1485//1485 1550//1550
f 1485//1485 1552//1552 1550//1550
f 1551//1551 1553//1553 1486//1486
f 1484//1484 1551//1551 1486//1486
f 1487//1487 1552//1552 1485//1485
f 1487//1487 1554//1554 1552//1552
f 1553//1553 1488//1488 1486//1486
f 1553//1553 1555//1555 1488//1488
f 1487//1487 1489//1489 1554//1554
f 1489//1489 1556//1556 1554//1554
f 1555//1555 1490//1490 1488//1488
f 1557//1557 1490//1490 1555//1555
f 1491//1491 1556//1556 1489//1489
f 1491//1491 1558//1558 1556//1556
f 1557//1557 1492//1492 1490//1490
f 1559//1559 1492//1492 1557//1557
f 1493//1493 1558//1558 1491//1491
f 1493//1493 1560//1560 1558//1558
f 1559//1559 1494//1494 1492//1492
f 1561//1561 1494//1494 1559//1559
f 1495//1495 1560//1560 1493//1493
f 1495//1495 1562//1562 1560//1560
f 1561//1561 1496//1496 1494//1494
f 1563//1563 1496//1496 1561//1561
f 1497//1497 1562//1562 1495//1495
f 1497//1497 1564//1564 1562//1562
f 1563//1563 1498//1498 1496//1496
f 1565//1565 1498//1498 1563//1563
f 1499//1499 1564//1564 1497//1497
f 1499//1499 1566//1566 1564//1564
f 1565//1565 1500//1500 1498//1498
f 1567//1567 1500//1500 1565//1565
f 1499//1499 1501//1501 1566//1566
f 1501//1501 1568//1568 1566//1566
f 1567//1567 1502//1502 1500//1500
f 1569//1569 1502//1502 1567//1567
f 1568//1568 1501//1501 1570//1570
f 1570//1570 1501//1501 1503//1503
f 1569//1569 1504//1504 1502//1502
f 1571//1571 1504//1504 1569//1569
f 1570//1570 1503//1503 1572//1572
f 1572//1572 1503//1503 1505//1505
f 1504//1504 1573//1573 1506//1506
f 1504//1504 1571//1571 1573//1573
f 1572//1572 1505//1505 1574//1574
f 1574//1574 1505//1505 1507//1507
f 1573//1573 1575//1575 1506//1506
f 1508//1508 1506//1506 1575//1575
f 1574//1574 1507//1507 1576//1576
f 1576//1576 1507//1507 1509//1509
f 1575//1575 1510//1510 1508//1508
f 1577//1577 1510//1510 1575//1575
f 1511//1511 1578//1578 1509//1509
f 1509//1509 1578//1578 1576//1576
f 1577//1577 1512//1512 1510//1510
f 1579//1579 1512//1512 1577//1577
f 1513//1513 1578//1578 1511//1511
f 1513//1513 1580//1580 1578//1578
f 1579//1579 1581//1581 1512//1512
f 1512//1512 1581//1581 1514//1514
f 1515//1515 1580//1580 1513//1513
f 1515//1515 1582//1582 1580//1580
f 1581//1581 1516//1516 1514//1514
f 1583//1583 1516//1516 1581//1581
f 1515//1515 1517//1517 1582//1582
f 1582//1582 1517//1517 1584//1584
f 1583//1583 1585//1585 1516//1516
f 1516//1516 1585//1585 1518//1518
f 1519//1519 1584//1584 1517//1517
f 1519//1519 1586//1586 1584//1584
f 1585//1585 1587//1587 1518//1518
f 1518//1518 1587//1587 1520//1520
f 1519//1519 1521//1521 1586//1586
f 1586//1586 1521//1521 1588//1588
f 1587//1587 1589//1589 1520//1520
f 1520//1520 1589//1589 1522//1522
f 1521//1521 1523//1523 1588//1588
f 1588//1588 1523//1523 1590//1590
f 1589//1589 1591//1591 1522//1522
f 1522//1522 1591//1591 1524//1524
f 1524//1524 1591//1591 1525//1525
f 1523//1523 1526//1526 1590//1590
f 1590//1590 1526//1526 1592//1592
f 1591//1591 1593//1593 1525//1525
f 1593//1593 1527//1527 1525//1525
f 1593//1593 1594//1594 1527//1527
f 1527//1527 1594//1594 1528//1528
f 1532//1532 1531//1531 1595//1595
f 1532//1532 1596//1596 1533//1533
f 1595//1595 1596//1596 1532//1532
f 1526//1526 1533//1533 1592//1592
f 1592//1592 1533//1533 1596//1596
f 1594//1594 1597//1597 1528//1528
f 1528//1528 1597//1597 1529//1529
f 1529//1529 1597//1597 1598//1598
f 1529//1529 1598//1598 1530//1530
f 1530//1530 1598//1598 1599//1599
f 1530//1530 1599//1599 1531//1531
f 1531//1531 1599//1599 1600//1600
f 1531//1531 1600//1600 1595//1595
f 1602//1602 1601//1601 1534//1534
f 1535//1535 1602//1602 1534//1534
f 1535//1535 1603//1603 1602//1602
f 1604//1604 1535//1535 1536//1536
f 1604//1604 1603//1603 1535//1535
f 1605//1605 1536//1536 1537//1537
f 1605//1605 1604//1604 1536//1536
f 1606//1606 1537//1537 1538//1538
f 1606//1606 1605//1605 1537//1537
f 1607//1607 1538//1538 1539//1539
f 1607//1607 1606//1606 1538//1538
f 1608//1608 1539//1539 1540//1540
f 1608//1608 1607//1607 1539//1539
f 1540//1540 1609//1609 1608//1608
f 1601//1601 1610//1610 1541//1541
f 1601//1601 1541//1541 1534//1534
f 1542//1542 1609//1609 1540//1540
f 1542//1542 1543//1543 1609//1609
f 1609//1609 1543//1543 1611//1611
f 1610//1610 1612//1612 1545//1545
f 1545//1545 1612//1612 1544//1544
f 1545//1545 1541//1541 1610//1610
f 1543//1543 1546//1546 1611//1611
f 1611//1611 1546//1546 1613//1613
f 1612//1612 1614//1614 1544//1544
f 1544//1544 1614//1614 1547//1547
f 1546//1546 1548//1548 1613//1613
f 1613//1613 1548//1548 1615//1615
f 1614//1614 1616//1616 1549//1549
f 1547//1547 1614//1614 1549//1549
f 1548//1548 1550//1550 1615//1615
f 1615//1615 1550//1550 1617//1617
f 1616//1616 1618//1618 1551//1551
f 1616//1616 1551//1551 1549//1549
f 1550//1550 1552//1552 1617//1617
f 1617//1617 1552//1552 1619//1619
f 1618//1618 1553//1553 1551//1551
f 1618//1618 1620//1620 1553//1553
f 1554//1554 1619//1619 1552//1552
f 1554//1554 1621//1621 1619//1619
f 1620//1620 1555//1555 1553//1553
f 1622//1622 1555//1555 1620//1620
f 1554//1554 1556//1556 1621//1621
f 1621//1621 1556//1556 1623//1623
f 1622//1622 1557//1557 1555//1555
f 1624//1624 1557//1557 1622//1622
f 1558//1558 1623//1623 1556//1556
f 1558//1558 1625//1625 1623//1623
f 1624//1624 1559//1559 1557//1557
f 1626//1626 1559//1559 1624//1624
f 1560//1560 1625//1625 1558//1558
f 1560//1560 1627//1627 1625//1625
f 1626//1626 1561//1561 1559//1559
f 1628//1628 1561//1561 1626//1626
f 1562//1562 1627//1627 1560//1560
f 1562//1562 1629//1629 1627//1627
f 1628//1628 1563//1563 1561//1561
f 1630//1630 1563//1563 1628//1628
f 1564//1564 1629//1629 1562//1562
f 1564//1564 1631//1631 1629//1629
f 1630//1630 1565//1565 1563//1563
f 1632//1632 1565//1565 1630//1630
f 1564//1564 1566//1566 1631//1631
f 1566//1566 1633//1633 1631//1631
f 1632//1632 1567//1567 1565//1565
f 1634//1634 1567//1567 1632//1632
f 1568//1568 1633//1633 1566//1566
f 1568//1568 1635//1635 1633//1633
f 1634//1634 1569//1569 1567//1567
f 1636//1636 1569//1569 1634//1634
f 1570//1570 1635//1635 1568//1568
f 1570//1570 1637//1637 1635//1635
f 1636//1636 1571//1571 1569//1569
f 1638//1638 1571//1571 1636//1636
f 1572//1572 1637//1637 1570//1570
f 1572//1572 1639//1639 1637//1637
f 1638//1638 1573//1573 1571//1571
f 1640//1640 1573//1573 1638//1638
f 1574//1574 1639//1639 1572//1572
f 1574//1574 1641//1641 1639//1639
f 1573//1573 1642//1642 1575//1575
f 1573//1573 1640//1640 1642//1642
f 1576//1576 1641//1641 1574//1574
f 1576//1576 1643//1643 1641//1641
f 1642//1642 1644//1644 1575//1575
f 1577//1577 1575//1575 1644//1644
f 1645//1645 1576//1576 1578//1578
f 1645//1645 1643//1643 1576//1576
f 1644//1644 1579//1579 1577//1577
f 1646//1646 1579//1579 1644//1644
f 1580//1580 1647//1647 1578//1578
f 1578//1578 1647//1647 1645//1645
f 1579//1579 1648//1648 1581//1581
f 1579//1579 1646//1646 1648//1648
f 1582//1582 1647//1647 1580//1580
f 1582//1582 1649//1649 1647//1647
f 1648//1648 1650//1650 1581//1581
f 1583//1583 1581//1581 1650//1650
f 1651//1651 1582//1582 1584//1584
f 1651//1651 1649//1649 1582//1582
f 1583//1583 1652//1652 1585//1585
f 1583//1583 1650//1650 1652//1652
f 1586//1586 1653//1653 1584//1584
f 1584//1584 1653//1653 1651//1651
f 1652//1652 1654//1654 1585//1585
f 1585//1585 1654//1654 1587//1587
f 1586//1586 1588//1588 1653//1653
f 1653//1653 1588//1588 1655//1655
f 1654//1654 1656//1656 1587//1587
f 1587//1587 1656//1656 1589//1589
f 1657//1657 1588//1588 1590//1590
f 1657//1657 1655//1655 1588//1588
f 1656//1656 1658//1658 1589//1589
f 1658//1658 1591//1591 1589//1589
f 1658//1658 1659//1659 1591//1591
f 1592//1592 1660//1660 1590//1590
f 1590//1590 1660//1660 1657//1657
f 1659//1659 1661//1661 1591//1591
f 1591//1591 1661//1661 1593//1593
f 1593//1593 1661//1661 1594//1594
f 1596//1596 1595//1595 1662//1662
f 1596//1596 1663//1663 1592//1592
f 1596//1596 1662//1662 1663//1663
f 1592//1592 1663//1663 1660//1660
f 1661//1661 1664//1664 1594//1594
f 1664//1664 1597//1597 1594//1594
f 1664//1664 1665//1665 1597//1597
f 1597//1597 1666//1666 1598//1598
f 1665//1665 1666//1666 1597//1597
f 1598//1598 1667//1667 1599//1599
f 1666//1666 1667//1667 1598//1598
f 1599//1599 1668//1668 1600//1600
f 1667//1667 1668//1668 1599//1599
f 1600//1600 1669//1669 1595//1595
f 1600//1600 1668//1668 1669//1669
f 1595//1595 1669//1669 1662//1662
f 1671//1671 1670//1670 1604//1604
f 1605//1605 1672//1672 1604//1604
f 1604//1604 1672//1672 1671//1671
f 1606//1606 1673//1673 1605//1605
f 1605//1605 1673//1673 1672//1672
f 1606//1606 1674//1674 1673//1673
f 1676//1676 1675//1675 1602//1602
f 1602//1602 1675//1675 1601//1601
f 1670//1670 1602//1602 1603//1603
f 1670//1670 1676//1676 1602//1602
f 1603//1603 1604//1604 1670//1670
f 1607//1607 1674//1674 1606//1606
f 1677//1677 1607//1607 1608//1608
f 1677//1677 1674//1674 1607//1607
f 1608//1608 1609//1609 1677//1677
f 1677//1677 1609//1609 1678//1678
f 1680//1680 1679//1679 1610//1610
f 1601//1601 1680//1680 1610//1610
f 1601//1601 1675//1675 1680//1680
f 1681//1681 1609//1609 1611//1611
f 1681//1681 1678//1678 1609//1609
f 1611//1611 1682//1682 1681//1681
f 1679//1679 1683//1683 1612//1612
f 1679//1679 1612//1612 1610//1610
f 1613//1613 1682//1682 1611//1611
f 1613//1613 1684//1684 1682//1682
f 1683//1683 1685//1685 1614//1614
f 1683//1683 1614//1614 1612//1612
f 1615//1615 1684//1684 1613//1613
f 1615//1615 1686//1686 1684//1684
f 1685//1685 1616//1616 1614//1614
f 1685//1685 1687//1687 1616//1616
f 1617//1617 1686//1686 1615//1615
f 1617//1617 1688//1688 1686//1686
f 1687//1687 1689//1689 1616//1616
f 1616//1616 1689//1689 1618//1618
f 1617//1617 1619//1619 1688//1688
f 1688//1688 1619//1619 1690//1690
f 1689//1689 1620//1620 1618//1618
f 1691//1691 1620//1620 1689//1689
f 1619//1619 1621//1621 1690//1690
f 1621//1621 1692//1692 1690//1690
f 1691//1691 1693//1693 1622//1622
f 1620//1620 1691//1691 1622//1622
f 1623//1623 1692//1692 1621//1621
f 1623//1623 1694//1694 1692//1692
f 1622//1622 1693//1693 1624//1624
f 1624//1624 1693//1693 1695//1695
f 1625//1625 1694//1694 1623//1623
f 1625//1625 1696//1696 1694//1694
f 1624//1624 1695//1695 1626//1626
f 1626//1626 1695//1695 1697//1697
f 1627//1627 1696//1696 1625//1625
f 1627//1627 1698//1698 1696//1696
f 1626//1626 1697//1697 1628//1628
f 1628//1628 1697//1697 1699//1699
f 1627//1627 1629//1629 1698//1698
f 1629//1629 1700//1700 1698//1698
f 1699//1699 1701//1701 1628//1628
f 1630//1630 1628//1628 1701//1701
f 1700//1700 1629//1629 1702//1702
f 1702//1702 1629//1629 1631//1631
f 1701//1701 1632//1632 1630//1630
f 1703//1703 1632//1632 1701//1701
f 1633//1633 1702//1702 1631//1631
f 1633//1633 1704//1704 1702//1702
f 1703//1703 1634//1634 1632//1632
f 1705//1705 1634//1634 1703//1703
f 1635//1635 1704//1704 1633//1633
f 1635//1635 1706//1706 1704//1704
f 1705//1705 1636//1636 1634//1634
f 1707//1707 1636//1636 1705//1705
f 1637//1637 1706//1706 1635//1635
f 1637//1637 1708//1708 1706//1706
f 1707//1707 1638//1638 1636//1636
f 1709//1709 1638//1638 1707//1707
f 1639//1639 1708//1708 1637//1637
f 1639//1639 1710//1710 1708//1708
f 1709//1709 1640//1640 1638//1638
f 1711//1711 1640//1640 1709//1709
f 1641//1641 1710//1710 1639//1639
f 1641//1641 1712//1712 1710//1710
f 1711//1711 1642//1642 1640//1640
f 1713//1713 1642//1642 1711//1711
f 1643//1643 1712//1712 1641//1641
f 1643//1643 1714//1714 1712//1712
f 1642//1642 1715//1715 1644//1644
f 1642//1642 1713//1713 1715//1715
f 1645//1645 1714//1714 1643//1643
f 1645//1645 1716//1716 1714//1714
f 1715//1715 1717//1717 1644//1644
f 1646//1646 1644//1644 1717//1717
f 1718//1718 1645//1645 1647//1647
f 1718//1718 1716//1716 1645//1645
f 1717//1717 1648//1648 1646//1646
f 1719//1719 1648//1648 1717//1717
f 1649//1649 1720//1720 1647//1647
f 1647//1647 1720//1720 1718//1718
f 1719//1719 1721//1721 1648//1648
f 1648//1648 1721//1721 1650//1650
f 1651//1651 1720//1720 1649//1649
f 1651//1651 1722//1722 1720//1720
f 1721//1721 1652//1652 1650//1650
f 1723//1723 1652//1652 1721//1721
f 1651//1651 1653//1653 1722//1722
f 1722//1722 1653//1653 1724//1724
f 1723//1723 1725//1725 1652//1652
f 1652//1652 1725//1725 1654//1654
f 1726//1726 1653//1653 1655//1655
f 1726//1726 1724//1724 1653//1653
f 1725//1725 1727//1727 1654//1654
f 1654//1654 1727//1727 1656//1656
f 1657//1657 1728//1728 1655//1655
f 1655//1655 1728//1728 1726//1726
f 1727//1727 1729//1729 1656//1656
f 1656//1656 1729//1729 1658//1658
f 1658//1658 1729//1729 1659//1659
f 1657//1657 1660//1660 1728//1728
f 1728//1728 1660//1660 1730//1730
f 1729//1729 1731//1731 1659//1659
f 1731//1731 1661//1661 1659//1659
f 1731//1731 1732//1732 1661//1661
f 1663//1663 1662//1662 1733//1733
f 1660//1660 1663//1663 1730//1730
f 1730//1730 1663//1663 1733//1733
f 1732//1732 1734//1734 1661//1661
f 1661//1661 1734//1734 1664//1664
f 1664//1664 1735//1735 1665//1665
f 1734//1734 1735//1735 1664//1664
f 1665//1665 1736//1736 1666//1666
f 1735//1735 1736//1736 1665//1665
f 1666//1666 1737//1737 1667//1667
f 1736//1736 1737//1737 1666//1666
f 1667//1667 1738//1738 1668//1668
f 1737//1737 1738//1738 1667//1667
f 1668//1668 1739//1739 1669//1669
f 1738//1738 1739//1739 1668//1668
f 1669//1669 1740//1740 1662//1662
f 1669//1669 1739//1739 1740//1740
f 1662//1662 1740//1740 1733//1733
f 1742//1742 1741//1741 1670//1670
f 1671//1671 1742//1742 1670//1670
f 1671//1671 1743//1743 1742//1742
f 1744//1744 1671//1671 1672//1672
f 1744//1744 1743//1743 1671//1671
f 1745//1745 1672//1672 1673//1673
f 1745//1745 1744//1744 1672//1672
f 1746//1746 1673//1673 1674//1674
f 1746//1746 1745//1745 1673//1673
f 1674//1674 1747//1747 1746//1746
f 1749//1749 1748//1748 1675//1675
f 1676//1676 1749//1749 1675//1675
f 1676//1676 1741//1741 1749//1749
f 1676//1676 1670//1670 1741//1741
f 1677//1677 1747//1747 1674//1674
f 1750//1750 1677//1677 1678//1678
f 1750//1750 1747//1747 1677//1677
f 1678//1678 1751//1751 1750//1750
f 1748//1748 1752//1752 1680//1680
f 1680//1680 1752//1752 1679//1679
f 1680//1680 1675//1675 1748//1748
f 1681//1681 1751//1751 1678//1678
f 1681//1681 1682//1682 1751//1751
f 1751//1751 1682//1682 1753//1753
f 1752//1752 1754//1754 1679//1679
f 1679//1679 1754//1754 1683//1683
f 1682//1682 1684//1684 1753//1753
f 1753//1753 1684//1684 1755//1755
f 1754//1754 1756//1756 1683//1683
f 1683//1683 1756//1756 1685//1685
f 1684//1684 1686//1686 1755//1755
f 1755//1755 1686//1686 1757//1757
f 1756//1756 1758//1758 1687//1687
f 1685//1685 1756//1756 1687//1687
f 1686//1686 1688//1688 1757//1757
f 1688//1688 1759//1759 1757//1757
f 1758//1758 1689//1689 1687//1687
f 1758//1758 1760//1760 1689//1689
f 1690//1690 1759//1759 1688//1688
f 1690//1690 1761//1761 1759//1759
f 1760//1760 1762//1762 1691//1691
f 1689//1689 1760//1760 1691//1691
f 1690//1690 1692//1692 1761//1761
f 1761//1761 1692//1692 1763//1763
f 1762//1762 1693//1693 1691//1691
f 1762//1762 1764//1764 1693//1693
f 1694//1694 1763//1763 1692//1692
f 1694//1694 1765//1765 1763//1763
f 1764//1764 1695//1695 1693//1693
f 1766//1766 1695//1695 1764//1764
f 1696//1696 1765//1765 1694//1694
f 1696//1696 1767//1767 1765//1765
f 1766//1766 1697//1697 1695//1695
f 1768//1768 1697//1697 1766//1766
f 1696//1696 1698//1698 1767//1767
f 1698//1698 1769//1769 1767//1767
f 1768//1768 1699//1699 1697//1697
f 1770//1770 1699//1699 1768//1768
f 1700//1700 1769//1769 1698//1698
f 1700//1700 1771//1771 1769//1769
f 1699//1699 1772//1772 1701//1701
f 1699//1699 1770//1770 1772//1772
f 1702//1702 1771//1771 1700//1700
f 1702//1702 1773//1773 1771//1771
f 1701//1701 1772//1772 1703//1703
f 1703//1703 1772//1772 1774//1774
f 1704//1704 1773//1773 1702//1702
f 1704//1704 1775//1775 1773//1773
f 1703//1703 1774//1774 1705//1705
f 1705//1705 1774//1774 1776//1776
f 1706//1706 1775//1775 1704//1704
f 1706//1706 1777//1777 1775//1775
f 1705//1705 1776//1776 1707//1707
f 1707//1707 1776//1776 1778//1778
f 1708//1708 1777//1777 1706//1706
f 1708//1708 1779//1779 1777//1777
f 1778//1778 1780//1780 1707//1707
f 1709//1709 1707//1707 1780//1780
f 1710//1710 1779//1779 1708//1708
f 1710//1710 1781//1781 1779//1779
f 1780//1780 1711//1711 1709//1709
f 1782//1782 1711//1711 1780//1780
f 1712//1712 1781//1781 1710//1710
f 1712//1712 1783//1783 1781//1781
f 1782//1782 1713//1713 1711//1711
f 1784//1784 1713//1713 1782//1782
f 1714//1714 1783//1783 1712//1712
f 1714//1714 1785//1785 1783//1783
f 1784//1784 1715//1715 1713//1713
f 1786//1786 1715//1715 1784//1784
f 1716//1716 1785//1785 1714//1714
f 1716//1716 1787//1787 1785//1785
f 1715//1715 1788//1788 1717//1717
f 1715//1715 1786//1786 1788//1788
f 1718//1718 1787//1787 1716//1716
f 1718//1718 1789//1789 1787//1787
f 1788//1788 1790//1790 1717//1717
f 1719//1719 1717//1717 1790//1790
f 1718//1718 1720//1720 1789//1789
f 1789//1789 1720//1720 1791//1791
f 1719//1719 1792//1792 1721//1721
f 1719//1719 1790//1790 1792//1792
f 1722//1722 1791//1791 1720//1720
f 1722//1722 1793//1793 1791//1791
f 1792//1792 1794//1794 1721//1721
f 1723//1723 1721//1721 1794//1794
f 1795//1795 1722//1722 1724//1724
f 1795//1795 1793//1793 1722//1722
f 1794//1794 1796//1796 1723//1723
f 1723//1723 1796//1796 1725//1725
f 1726//1726 1797//1797 1724//1724
f 1724//1724 1797//1797 1795//1795
f 1796//1796 1798//1798 1725//1725
f 1725//1725 1798//1798 1727//1727
f 1726//1726 1728//1728 1797//1797
f 1797//1797 1728//1728 1799//1799
f 1798//1798 1800//1800 1727//1727
f 1727//1727 1800//1800 1729//1729
f 1728//1728 1730//1730 1799//1799
f 1799//1799 1730//1730 1801//1801
f 1800//1800 1802//1802 1729//1729
f 1729//1729 1802//1802 1731//1731
f 1731//1731 1802//1802 1732//1732
f 1730//1730 1733//1733 1801//1801
f 1801//1801 1733//1733 1803//1803
f 1802//1802 1804//1804 1732//1732
f 1804//1804 1734//1734 1732//1732
f 1804//1804 1805//1805 1734//1734
f 1734//1734 1805//1805 1735//1735
f 1739//1739 1738//1738 1806//1806
f 1739//1739 1807//1807 1740//1740
f 1806//1806 1807//1807 1739//1739
f 1733//1733 1740//1740 1803//1803
f 1803//1803 1740//1740 1807//1807
f 1805//1805 1808//1808 1735//1735
f 1735//1735 1808//1808 1736//1736
f 1736//1736 1808//1808 1809//1809
f 1736//1736 1809//1809 1737//1737
f 1737//1737 1809//1809 1810//1810
f 1737//1737 1810//1810 1738//1738
f 1738//1738 1810//1810 1811//1811
f 1738//1738 1811//1811 1806//1806
f 1813//1813 1812//1812 1741//1741
f 1742//1742 1813//1813 1741//1741
f 1742//1742 1814//1814 1813//1813
f 1815//1815 1742//1742 1743//1743
f 1815//1815 1814//1814 1742//1742
f 1816//1816 1743//1743 1744//1744
f 1816//1816 1815//1815 1743//1743
f 1817//1817 1744//1744 1745//1745
f 1817//1817 1816//1816 1744//1744
f 1818//1818 1745//1745 1746//1746
f 1818//1818 1817//1817 1745//1745
f 1746//1746 1747//1747 1818//1818
f 1818//1818 1747//1747 1819//1819
f 1821//1821 1820//1820 1748//1748
f 1749//1749 1821//1821 1748//1748
f 1749//1749 1812//1812 1821//1821
f 1749//1749 1741//1741 1812//1812
f 1822//1822 1747//1747 1750//1750
f 1822//1822 1819//1819 1747//1747
f 1750//1750 1751//1751 1822//1822
f 1822//1822 1751//1751 1823//1823
f 1820//1820 1824//1824 1752//1752
f 1820//1820 1752//1752 1748//1748
f 1751//1751 1753//1753 1823//1823
f 1823//1823 1753//1753 1825//1825
f 1824//1824 1826//1826 1754//1754
f 1824//1824 1754//1754 1752//1752
f 1753//1753 1755//1755 1825//1825
f 1825//1825 1755//1755 1827//1827
f 1826//1826 1828//1828 1756//1756
f 1826//1826 1756//1756 1754//1754
f 1755//1755 1757//1757 1827//1827
f 1827//1827 1757//1757 1829//1829
f 1828//1828 1758//1758 1756//1756
f 1828//1828 1830//1830 1758//1758
f 1757//1757 1759//1759 1829//1829
f 1829//1829 1759//1759 1831//1831
f 1830//1830 1832//1832 1760//1760
f 1758//1758 1830//1830 1760//1760
f 1761//1761 1831//1831 1759//1759
f 1761//1761 1833//1833 1831//1831
f 1832//1832 1762//1762 1760//1760
f 1832//1832 1834//1834 1762//1762
f 1761//1761 1763//1763 1833//1833
f 1833//1833 1763//1763 1835//1835
f 1834//1834 1764//1764 1762//1762
f 1836//1836 1764//1764 1834//1834
f 1765//1765 1835//1835 1763//1763
f 1765//1765 1837//1837 1835//1835
f 1836//1836 1766//1766 1764//1764
f 1838//1838 1766//1766 1836//1836
f 1765//1765 1767//1767 1837//1837
f 1767//1767 1839//1839 1837//1837
f 1838//1838 1768//1768 1766//1766
f 1840//1840 1768//1768 1838//1838
f 1769//1769 1839//1839 1767//1767
f 1769//1769 1841//1841 1839//1839
f 1840//1840 1770//1770 1768//1768
f 1842//1842 1770//1770 1840//1840
f 1771//1771 1841//1841 1769//1769
f 1771//1771 1843//1843 1841//1841
f 1842//1842 1772//1772 1770//1770
f 1844//1844 1772//1772 1842//1842
f 1773//1773 1843//1843 1771//1771
f 1773//1773 1845//1845 1843//1843
f 1844//1844 1774//1774 1772//1772
f 1846//1846 1774//1774 1844//1844
f 1775//1775 1845//1845 1773//1773
f 1775//1775 1847//1847 1845//1845
f 1846//1846 1776//1776 1774//1774
f 1848//1848 1776//1776 1846//1846
f 1777//1777 1847//1847 1775//1775
f 1777//1777 1849//1849 1847//1847
f 1848//1848 1778//1778 1776//1776
f 1850//1850 1778//1778 1848//1848
f 1779//1779 1849//1849 1777//1777
f 1779//1779 1851//1851 1849//1849
f 1778//1778 1852//1852 1780//1780
f 1778//1778 1850//1850 1852//1852
f 1781//1781 1851//1851 1779//1779
f 1781//1781 1853//1853 1851//1851
f 1780//1780 1852//1852 1782//1782
f 1782//1782 1852//1852 1854//1854
f 1783//1783 1853//1853 1781//1781
f 1783//1783 1855//1855 1853//1853
f 1854//1854 1856//1856 1782//1782
f 1784//1784 1782//1782 1856//1856
f 1785//1785 1855//1855 1783//1783
f 1785//1785 1857//1857 1855//1855
f 1856//1856 1786//1786 1784//1784
f 1858//1858 1786//1786 1856//1856
f 1787//1787 1857//1857 1785//1785
f 1787//1787 1859//1859 1857//1857
f 1858//1858 1788//1788 1786//1786
f 1860//1860 1788//1788 1858//1858
f 1789//1789 1859//1859 1787//1787
f 1789//1789 1861//1861 1859//1859
f 1788//1788 1862//1862 1790//1790
f 1788//1788 1860//1860 1862//1862
f 1863//1863 1789//1789 1791//1791
f 1863//1863 1861//1861 1789//1789
f 1862//1862 1864//1864 1790//1790
f 1792//1792 1790//1790 1864//1864
f 1793//1793 1865//1865 1791//1791
f 1791//1791 1865//1865 1863//1863
f 1792//1792 1866//1866 1794//1794
f 1792//1792 1864//1864 1866//1866
f 1795//1795 1865//1865 1793//1793
f 1795//1795 1867//1867 1865//1865
f 1866//1866 1868//1868 1794//1794
f 1794//1794 1868//1868 1796//1796
f 1795//1795 1797//1797 1867//1867
f 1867//1867 1797//1797 1869//1869
f 1868//1868 1870//1870 1796//1796
f 1796//1796 1870//1870 1798//1798
f 1797//1797 1799//1799 1869//1869
f 1869//1869 1799//1799 1871//1871
f 1870//1870 1872//1872 1798//1798
f 1798//1798 1872//1872 1800//1800
f 1799//1799 1801//1801 1871//1871
f 1871//1871 1801//1801 1873//1873
f 1872//1872 1874//1874 1800//1800
f 1800//1800 1874//1874 1802//1802
f 1801//1801 1803//1803 1873//1873
f 1873//1873 1803//1803 1875//1875
f 1874//1874 1876//1876 1802//1802
f 1876//1876 1804//1804 1802//1802
f 1876//1876 1877//1877 1804//1804
f 1804//1804 1877//1877 1805//1805
f 1807//1807 1806//1806 1878//1878
f 1803//1803 1807//1807 1875//1875
f 1875//1875 1807//1807 1878//1878
f 1877//1877 1879//1879 1805//1805
f 1879//1879 1808//1808 1805//1805
f 1879//1879 1880//1880 1808//1808
f 1808//1808 1881//1881 1809//1809
f 1880//1880 1881//1881 1808//1808
f 1809//1809 1882//1882 1810//1810
f 1881//1881 1882//1882 1809//1809
f 1810//1810 1883//1883 1811//1811
f 1882//1882 1883//1883 1810//1810
f 1811//1811 1884//1884 1806//1806
f 1811//1811 1883//1883 1884//1884
f 1806//1806 1884//1884 1878//1878
f 1886//1886 1885//1885 1812//1812
f 1813//1813 1886//1886 1812//1812
f 1813//1813 1887//1887 1886//1886
f 1888//1888 1813//1813 1814//1814
f 1888//1888 1887//1887 1813//1813
f 1889//1889 1814//1814 1815//1815
f 1889//1889 1888//1888 1814//1814
f 1890//1890 1815//1815 1816//1816
f 1890//1890 1889//1889 1815//1815
f 1891//1891 1816//1816 1817//1817
f 1891//1891 1890//1890 1816//1816
f 1892//1892 1817//1817 1818//1818
f 1892//1892 1891//1891 1817//1817
f 1893//1893 1818//1818 1819//1819
f 1893//1893 1892//1892 1818//1818
f 1819//1819 1894//1894 1893//1893
f 1885//1885 1895//1895 1821//1821
f 1821//1821 1895//1895 1820//1820
f 1821//1821 1812//1812 1885//1885
f 1822//1822 1894//1894 1819//1819
f 1896//1896 1822//1822 1823//1823
f 1896//1896 1894//1894 1822//1822
f 1823//1823 1897//1897 1896//1896
f 1899//1899 1898//1898 1824//1824
f 1820//1820 1899//1899 1824//1824
f 1820//1820 1895//1895 1899//1899
f 1825//1825 1897//1897 1823//1823
f 1825//1825 1900//1900 1897//1897
f 1898//1898 1901//1901 1826//1826
f 1898//1898 1826//1826 1824//1824
f 1827//1827 1900//1900 1825//1825
f 1827//1827 1902//1902 1900//1900
f 1901//1901 1828//1828 1826//1826
f 1901//1901 1903//1903 1828//1828
f 1829//1829 1902//1902 1827//1827
f 1829//1829 1904//1904 1902//1902
f 1903//1903 1905//1905 1830//1830
f 1828//1828 1903//1903 1830//1830
f 1829//1829 1831//1831 1904//1904
f 1904//1904 1831//1831 1906//1906
f 1905//1905 1832//1832 1830//1830
f 1905//1905 1907//1907 1832//1832
f 1831//1831 1833//1833 1906//1906
f 1833//1833 1908//1908 1906//1906
f 1907//1907 1834//1834 1832//1832
f 1909//1909 1834//1834 1907//1907
f 1835//1835 1908//1908 1833//1833
f 1835//1835 1910//1910 1908//1908
f 1909//1909 1836//1836 1834//1834
f 1911//1911 1836//1836 1909//1909
f 1837//1837 1910//1910 1835//1835
f 1837//1837 1912//1912 1910//1910
f 1911//1911 1838//1838 1836//1836
f 1913//1913 1838//1838 1911//1911
f 1837//1837 1839//1839 1912//1912
f 1912//1912 1839//1839 1914//1914
f 1913//1913 1840//1840 1838//1838
f 1915//1915 1840//1840 1913//1913
f 1841//1841 1914//1914 1839//1839
f 1841//1841 1916//1916 1914//1914
f 1915//1915 1842//1842 1840//1840
f 1917//1917 1842//1842 1915//1915
f 1843//1843 1916//1916 1841//1841
f 1843//1843 1918//1918 1916//1916
f 1917//1917 1844//1844 1842//1842
f 1919//1919 1844//1844 1917//1917
f 1845//1845 1918//1918 1843//1843
f 1845//1845 1920//1920 1918//1918
f 1919//1919 1846//1846 1844//1844
f 1921//1921 1846//1846 1919//1919
f 1847//1847 1920//1920 1845//1845
f 1847//1847 1922//1922 1920//1920
f 1921//1921 1848//1848 1846//1846
f 1923//1923 1848//1848 1921//1921
f 1849//1849 1922//1922 1847//1847
f 1849//1849 1924//1924 1922//1922
f 1923//1923 1850//1850 1848//1848
f 1925//1925 1850//1850 1923//1923
f 1851//1851 1924//1924 1849//1849
f 1851//1851 1926//1926 1924//1924
f 1925//1925 1852//1852 1850//1850
f 1927//1927 1852//1852 1925//1925
f 1853//1853 1926//1926 1851//1851
f 1853//1853 1928//1928 1926//1926
f 1927//1927 1854//1854 1852//1852
f 1929//1929 1854//1854 1927//1927
f 1855//1855 1928//1928 1853//1853
f 1855//1855 1930//1930 1928//1928
f 1854//1854 1931//1931 1856//1856
f 1854//1854 1929//1929 1931//1931
f 1857//1857 1930//1930 1855//1855
f 1857//1857 1932//1932 1930//1930
f 1931//1931 1933//1933 1856//1856
f 1858//1858 1856//1856 1933//1933
f 1859//1859 1932//1932 1857//1857
f 1859//1859 1934//1934 1932//1932
f 1933//1933 1860//1860 1858//1858
f 1935//1935 1860//1860 1933//1933
f 1861//1861 1934//1934 1859//1859
f 1861//1861 1936//1936 1934//1934
f 1935//1935 1862//1862 1860//1860
f 1937//1937 1862//1862 1935//1935
f 1863//1863 1936//1936 1861//1861
f 1863//1863 1938//1938 1936//1936
f 1937//1937 1939//1939 1862//1862
f 1862//1862 1939//1939 1864//1864
f 1863//1863 1865//1865 1938//1938
f 1938//1938 1865//1865 1940//1940
f 1939//1939 1866//1866 1864//1864
f 1941//1941 1866//1866 1939//1939
f 1867//1867 1940//1940 1865//1865
f 1867//1867 1942//1942 1940//1940
f 1941//1941 1943//1943 1866//1866
f 1866//1866 1943//1943 1868//1868
f 1867//1867 1869//1869 1942//1942
f 1942//1942 1869//1869 1944//1944
f 1943//1943 1945//1945 1868//1868
f 1868//1868 1945//1945 1870//1870
f 1869//1869 1871//1871 1944//1944
f 1944//1944 1871//1871 1946//1946
f 1945//1945 1947//1947 1870//1870
f 1870//1870 1947//1947 1872//1872
f 1871//1871 1873//1873 1946//1946
f 1946//1946 1873//1873 1948//1948
f 1947//1947 1949//1949 1872//1872
f 1872//1872 1949//1949 1874//1874
f 1873//1873 1875//1875 1948//1948
f 1948//1948 1875//1875 1950//1950
f 1949//1949 1951//1951 1874//1874
f 1874//1874 1951//1951 1876//1876
f 1876//1876 1951//1951 1877//1877
f 1875//1875 1878//1878 1950//1950
f 1950//1950 1878//1878 1952//1952
f 1951//1951 1953//1953 1877//1877
f 1953//1953 1879//1879 1877//1877
f 1953//1953 1954//1954 1879//1879
f 1879//1879 1955//1955 1880//1880
f 1954//1954 1955//1955 1879//1879
f 1880//1880 1956//1956 1881//1881
f 1955//1955 1956//1956 1880//1880
f 1881//1881 1957//1957 1882//1882
f 1956//1956 1957//1957 1881//1881
f 1882//1882 1958//1958 1883//1883
f 1957//1957 1958//1958 1882//1882
f 1883//1883 1959//1959 1884//1884
f 1958//1958 1959//1959 1883//1883
f 1878//1878 1884//1884 1952//1952
f 1952//1952 1884//1884 1959//1959
f 1961//1961 1960//1960 1889//1889
f 1890//1890 1962//1962 1889//1889
f 1889//1889 1962//1962 1961//1961
f 1891//1891 1963//1963 1890//1890
f 1890//1890 1963//1963 1962//1962
f 1891//1891 1964//1964 1963//1963
f 1966//1966 1965//1965 1886//1886
f 1886//1886 1965//1965 1885//1885
f 1967//1967 1886//1886 1887//1887
f 1967//1967 1966//1966 1886//1886
f 1960//1960 1887//1887 1888//1888
f 1960//1960 1967//1967 1887//1887
f 1888//1888 1889//1889 1960//1960
f 1892//1892 1964//1964 1891//1891
f 1968//1968 1892//1892 1893//1893
f 1968//1968 1964//1964 1892//1892
f 1969//1969 1893//1893 1894//1894
f 1969//1969 1968//1968 1893//1893
f 1894//1894 1970//1970 1969//1969
f 1972//1972 1971//1971 1895//1895
f 1885//1885 1972//1972 1895//1895
f 1885//1885 1965//1965 1972//1972
f 1896//1896 1970//1970 1894//1894
f 1896//1896 1897//1897 1970//1970
f 1970//1970 1897//1897 1973//1973
f 1971//1971 1974//1974 1899//1899
f 1899//1899 1974//1974 1898//1898
f 1899//1899 1895//1895 1971//1971
f 1897//1897 1900//1900 1973//1973
f 1973//1973 1900//1900 1975//1975
f 1974//1974 1976//1976 1898//1898
f 1898//1898 1976//1976 1901//1901
f 1900//1900 1902//1902 1975//1975
f 1975//1975 1902//1902 1977//1977
f 1976//1976 1978//1978 1903//1903
f 1901//1901 1976//1976 1903//1903
f 1902//1902 1904//1904 1977//1977
f 1904//1904 1979//1979 1977//1977
f 1978//1978 1905//1905 1903//1903
f 1978//1978 1980//1980 1905//1905
f 1906//1906 1979//1979 1904//1904
f 1906//1906 1981//1981 1979//1979
f 1980//1980 1982//1982 1907//1907
f 1905//1905 1980//1980 1907//1907
f 1906//1906 1908//1908 1981//1981
f 1981//1981 1908//1908 1983//1983
f 1907//1907 1982//1982 1909//1909
f 1909//1909 1982//1982 1984//1984
f 1910//1910 1983//1983 1908//1908
f 1910//1910 1985//1985 1983//1983
f 1909//1909 1984//1984 1911//1911
f 1911//1911 1984//1984 1986//1986
f 1910//1910 1912//1912 1985//1985
f 1912//1912 1987//1987 1985//1985
f 1911//1911 1986//1986 1913//1913
f 1913//1913 1986//1986 1988//1988
f 1914//1914 1987//1987 1912//1912
f 1914//1914 1989//1989 1987//1987
f 1913//1913 1988//1988 1915//1915
f 1915//1915 1988//1988 1990//1990
f 1916//1916 1989//1989 1914//1914
f 1916//1916 1991//1991 1989//1989
f 1990//1990 1992//1992 1915//1915
f 1917//1917 1915//1915 1992//1992
f 1918//1918 1991//1991 1916//1916
f 1918//1918 1993//1993 1991//1991
f 1992//1992 1919//1919 1917//1917
f 1994//1994 1919//1919 1992//1992
f 1920//1920 1993//1993 1918//1918
f 1920//1920 1995//1995 1993//1993
f 1994//1994 1921//1921 1919//1919
f 1996//1996 1921//1921 1994//1994
f 1922//1922 1995//1995 1920//1920
f 1922//1922 1997//1997 1995//1995
f 1996//1996 1923//1923 1921//1921
f 1998//1998 1923//1923 1996//1996
f 1924//1924 1997//1997 1922//1922
f 1924//1924 1999//1999 1997//1997
f 1998//1998 1925//1925 1923//1923
f 2000//2000 1925//1925 1998//1998
f 1926//1926 1999//1999 1924//1924
f 1926//1926 2001//2001 1999//1999
f 2000//2000 1927//1927 1925//1925
f 2002//2002 1927//1927 2000//2000
f 1928//1928 2001//2001 1926//1926
f 1928//1928 2003//2003 2001//2001
f 2002//2002 1929//1929 1927//1927
f 2004//2004 1929//1929 2002//2002
f 1930//1930 2003//2003 1928//1928
f 1930//1930 2005//2005 2003//2003
f 2004//2004 1931//1931 1929//1929
f 2006//2006 1931//1931 2004//2004
f 1932//1932 2005//2005 1930//1930
f 1932//1932 2007//2007 2005//2005
f 1931//1931 2008//2008 1933//1933
f 1931//1931 2006//2006 2008//2008
f 1934//1934 2007//2007 1932//1932
f 1934//1934 2009//2009 2007//2007
f 1933//1933 2008//2008 1935//1935
f 1935//1935 2008//2008 2010//2010
f 1936//1936 2009//2009 1934//1934
f 1936//1936 2011//2011 2009//2009
f 2010//2010 2012//2012 1935//1935
f 1937//1937 1935//1935 2012//2012
f 1938//1938 2011//2011 1936//1936
f 1938//1938 2013//2013 2011//2011
f 1937//1937 2014//2014 1939//1939
f 1937//1937 2012//2012 2014//2014
f 1938//1938 1940//1940 2013//2013
f 2013//2013 1940//1940 2015//2015
f 2014//2014 2016//2016 1939//1939
f 1941//1941 1939//1939 2016//2016
f 1942//1942 2015//2015 1940//1940
f 1942//1942 2017//2017 2015//2015
f 1941//1941 2018//2018 1943//1943
f 1941//1941 2016//2016 2018//2018
f 1942//1942 1944//1944 2017//2017
f 2017//2017 1944//1944 2019//2019
f 2018//2018 2020//2020 1943//1943
f 1943//1943 2020//2020 1945//1945
f 1944//1944 1946//1946 2019//2019
f 2019//2019 1946//1946 2021//2021
f 2020//2020 2022//2022 1945//1945
f 1945//1945 2022//2022 1947//1947
f 2023//2023 1946//1946 1948//1948
f 2023//2023 2021//2021 1946//1946
f 2022//2022 2024//2024 1947//1947
f 1947//1947 2024//2024 1949//1949
f 1950//1950 2025//2025 1948//1948
f 1948//1948 2025//2025 2023//2023
f 2024//2024 2026//2026 1949//1949
f 2026//2026 1951//1951 1949//1949
f 2026//2026 2027//2027 1951//1951
f 1952//1952 2029//2029 1950//1950
f 1952//1952 2028//2028 2029//2029
f 1950//1950 2029//2029 2025//2025
f 2027//2027 2030//2030 1951//1951
f 1951//1951 2030//2030 1953//1953
f 1953//1953 2031//2031 1954//1954
f 2030//2030 2031//2031 1953//1953
f 1954//1954 2031//2031 1955//1955
f 1958//1958 1957//1957 2032//2032
f 1958//1958 2033//2033 1959//1959
f 2032//2032 2033//2033 1958//1958
f 1952//1952 1959//1959 2028//2028
f 2028//2028 1959//1959 2033//2033
f 2031//2031 2034//2034 1955//1955
f 1955//1955 2034//2034 1956//1956
f 1956//1956 2034//2034 2035//2035
f 1956//1956 2035//2035 1957//1957
f 1957//1957 2035//2035 2036//2036
f 1957//1957 2036//2036 2032//2032
f 2038//2038 2037//2037 1960//1960
f 1961//1961 2038//2038 1960//1960
f 1961//1961 2039//2039 2038//2038
f 2040//2040 1961//1961 1962//1962
f 2040//2040 2039//2039 1961//1961
f 2041//2041 1962//1962 1963//1963
f 2041//2041 2040//2040 1962//1962
f 2042//2042 1963//1963 1964//1964
f 2042//2042 2041//2041 1963//1963
f 1964//1964 2043//2043 2042//2042
f 2045//2045 2044//2044 1965//1965
f 1966//1966 2045//2045 1965//1965
f 1966//1966 2046//2046 2045//2045
f 2037//2037 1966//1966 1967//1967
f 2037//2037 2046//2046 1966//1966
f 1967//1967 1960//1960 2037//2037
f 1968//1968 2043//2043 1964//1964
f 2047//2047 1968//1968 1969//1969
f 2047//2047 2043//2043 1968//1968
f 1969//1969 1970//1970 2047//2047
f 2047//2047 1970//1970 2048//2048
f 2050//2050 2049//2049 1971//1971
f 1972//1972 2050//2050 1971//1971
f 1972//1972 2044//2044 2050//2050
f 1972//1972 1965//1965 2044//2044
f 1970//1970 1973//1973 2048//2048
f 2048//2048 1973//1973 2051//2051
f 2049//2049 2052//2052 1974//1974
f 2049//2049 1974//1974 1971//1971
f 1973//1973 1975//1975 2051//2051
f 2051//2051 1975//1975 2053//2053
f 2052//2052 2054//2054 1976//1976
f 2052//2052 1976//1976 1974//1974
f 1975//1975 1977//1977 2053//2053
f 2053//2053 1977//1977 2055//2055
f 2054//2054 1978//1978 1976//1976
f 2054//2054 2056//2056 1978//1978
f 1977//1977 1979//1979 2055//2055
f 2055//2055 1979//1979 2057//2057
f 2056//2056 2058//2058 1980//1980
f 1978//1978 2056//2056 1980//1980
f 1981//1981 2057//2057 1979//1979
f 1981//1981 2059//2059 2057//2057
f 2058//2058 1982//1982 1980//1980
f 2058//2058 2060//2060 1982//1982
f 1981//1981 1983//1983 2059//2059
f 2059//2059 1983//1983 2061//2061
f 2060//2060 1984//1984 1982//1982
f 2062//2062 1984//1984 2060//2060
f 1985//1985 2061//2061 1983//1983
f 1985//1985 2063//2063 2061//2061
f 2062//2062 1986//1986 1984//1984
f 2064//2064 1986//1986 2062//2062
f 1985//1985 1987//1987 2063//2063
f 2063//2063 1987//1987 2065//2065
f 2064//2064 1988//1988 1986//1986
f 2066//2066 1988//1988 2064//2064
f 1989//1989 2065//2065 1987//1987
f 1989//1989 2067//2067 2065//2065
f 2066//2066 1990//1990 1988//1988
f 2068//2068 1990//1990 2066//2066
f 1991//1991 2067//2067 1989//1989
f 1991//1991 2069//2069 2067//2067
f 1990//1990 2070//2070 1992//1992
f 1990//1990 2068//2068 2070//2070
f 1993//1993 2069//2069 1991//1991
f 1993//1993 2071//2071 2069//2069
f 1992//1992 2070//2070 1994//1994
f 1994//1994 2070//2070 2072//2072
f 1995//1995 2071//2071 1993//1993
f 1995//1995 2073//2073 2071//2071
f 1994//1994 2072//2072 1996//1996
f 1996//1996 2072//2072 2074//2074
f 1997//1997 2073//2073 1995//1995
f 1997//1997 2075//2075 2073//2073
f 1996//1996 2074//2074 1998//1998
f 1998//1998 2074//2074 2076//2076
f 1999//1999 2075//2075 1997//1997
f 1999//1999 2077//2077 2075//2075
f 1998//1998 2076//2076 2000//2000
f 2000//2000 2076//2076 2078//2078
f 2001//2001 2077//2077 1999//1999
f 2001//2001 2079//2079 2077//2077
f 2078//2078 2080//2080 2000//2000
f 2002//2002 2000//2000 2080//2080
f 2003//2003 2079//2079 2001//2001
f 2003//2003 2081//2081 2079//2079
f 2080//2080 2004//2004 2002//2002
f 2082//2082 2004//2004 2080//2080
f 2005//2005 2081//2081 2003//2003
f 2005//2005 2083//2083 2081//2081
f 2082//2082 2006//2006 2004//2004
f 2084//2084 2006//2006 2082//2082
f 2007//2007 2083//2083 2005//2005
f 2007//2007 2085//2085 2083//2083
f 2084//2084 2008//2008 2006//2006
f 2086//2086 2008//2008 2084//2084
f 2009//2009 2085//2085 2007//2007
f 2009//2009 2087//2087 2085//2085
f 2086//2086 2010//2010 2008//2008
f 2088//2088 2010//2010 2086//2086
f 2011//2011 2087//2087 2009//2009
f 2011//2011 2089//2089 2087//2087
f 2010//2010 2090//2090 2012//2012
f 2010//2010 2088//2088 2090//2090
f 2013//2013 2089//2089 2011//2011
f 2013//2013 2091//2091 2089//2089
f 2090//2090 2092//2092 2012//2012
f 2014//2014 2012//2012 2092//2092
f 2013//2013 2015//2015 2091//2091
f 2091//2091 2015//2015 2093//2093
f 2014//2014 2094//2094 2016//2016
f 2014//2014 2092//2092 2094//2094
f 2017//2017 2093//2093 2015//2015
f 2017//2017 2095//2095 2093//2093
f 2094//2094 2096//2096 2016//2016
f 2018//2018 2016//2016 2096//2096
f 2017//2017 2019//2019 2095//2095
f 2095//2095 2019//2019 2097//2097
f 2096//2096 2098//2098 2018//2018
f 2018//2018 2098//2098 2020//2020
f 2099//2099 2019//2019 2021//2021
f 2099//2099 2097//2097 2019//2019
f 2098//2098 2100//2100 2020//2020
f 2020//2020 2100//2100 2022//2022
f 2023//2023 2101//2101 2021//2021
f 2021//2021 2101//2101 2099//2099
f 2100//2100 2102//2102 2022//2022
f 2022//2022 2102//2102 2024//2024
f 2023//2023 2025//2025 2101//2101
f 2101//2101 2025//2025 2103//2103
f 2102//2102 2104//2104 2024//2024
f 2024//2024 2104//2104 2026//2026
f 2026//2026 2104//2104 2027//2027
f 2029//2029 2028//2028 2105//2105
f 2025//2025 2029//2029 2103//2103
f 2103//2103 2029//2029 2105//2105
f 2104//2104 2106//2106 2027//2027
f 2106//2106 2030//2030 2027//2027
f 2106//2106 2107//2107 2030//2030
f 2030//2030 2107//2107 2031//2031
f 2033//2033 2032//2032 2108//2108
f 2033//2033 2109//2109 2028//2028
f 2033//2033 2108//2108 2109//2109
f 2028//2028 2109//2109 2105//2105
f 2107//2107 2110//2110 2031//2031
f 2110//2110 2034//2034 2031//2031
f 2110//2110 2111//2111 2034//2034
f 2034//2034 2112//2112 2035//2035
f 2111//2111 2112//2112 2034//2034
f 2035//2035 2113//2113 2036//2036
f 2112//2112 2113//2113 2035//2035
f 2036//2036 2114//2114 2032//2032
f 2036//2036 2113//2113 2114//2114
f 2032//2032 2114//2114 2108//2108
f 2116//2116 2115//2115 2037//2037
f 2038//2038 2116//2116 2037//2037
f 2038//2038 2117//2117 2116//2116
f 2118//2118 2038//2038 2039//2039
f 2118//2118 2117//2117 2038//2038
f 2119//2119 2039//2039 2040//2040
f 2119//2119 2118//2118 2039//2039
f 2120//2120 2040//2040 2041//2041
f 2120//2120 2119//2119 2040//2040
f 2121//2121 2041//2041 2042//2042
f 2121//2121 2120//2120 2041//2041
f 2122//2122 2042//2042 2043//2043
f 2122//2122 2121//2121 2042//2042
f 2043//2043 2123//2123 2122//2122
f 2125//2125 2124//2124 2045//2045
f 2045//2045 2124//2124 2044//2044
f 2115//2115 2045//2045 2046//2046
f 2115//2115 2125//2125 2045//2045
f 2046//2046 2037//2037 2115//2115
f 2047//2047 2123//2123 2043//2043
f 2047//2047 2048//2048 2123//2123
f 2123//2123 2048//2048 2126//2126
f 2128//2128 2127//2127 2050//2050
f 2050//2050 2127//2127 2049//2049
f 2124//2124 2050//2050 2044//2044
f 2124//2124 2128//2128 2050//2050
f 2048//2048 2051//2051 2126//2126
f 2126//2126 2051//2051 2129//2129
f 2127//2127 2130//2130 2049//2049
f 2049//2049 2130//2130 2052//2052
f 2051//2051 2053//2053 2129//2129
f 2129//2129 2053//2053 2131//2131
f 2130//2130 2132//2132 2052//2052
f 2052//2052 2132//2132 2054//2054
f 2053//2053 2055//2055 2131//2131
f 2131//2131 2055//2055 2133//2133
f 2132//2132 2134//2134 2056//2056
f 2054//2054 2132//2132 2056//2056
f 2055//2055 2057//2057 2133//2133
f 2133//2133 2057//2057 2135//2135
f 2134//2134 2058//2058 2056//2056
f 2134//2134 2136//2136 2058//2058
f 2059//2059 2135//2135 2057//2057
f 2059//2059 2137//2137 2135//2135
f 2136//2136 2060//2060 2058//2058
f 2138//2138 2060//2060 2136//2136
f 2059//2059 2061//2061 2137//2137
f 2137//2137 2061//2061 2139//2139
f 2138//2138 2062//2062 2060//2060
f 2140//2140 2062//2062 2138//2138
f 2063//2063 2139//2139 2061//2061
f 2063//2063 2141//2141 2139//2139
f 2140//2140 2064//2064 2062//2062
f 2142//2142 2064//2064 2140//2140
f 2063//2063 2065//2065 2141//2141
f 2141//2141 2065//2065 2143//2143
f 2142//2142 2066//2066 2064//2064
f 2144//2144 2066//2066 2142//2142
f 2067//2067 2143//2143 2065//2065
f 2067//2067 2145//2145 2143//2143
f 2144//2144 2068//2068 2066//2066
f 2146//2146 2068//2068 2144//2144
f 2069//2069 2145//2145 2067//2067
f 2069//2069 2147//2147 2145//2145
f 2146//2146 2070//2070 2068//2068
f 2148//2148 2070//2070 2146//2146
f 2071//2071 2147//2147 2069//2069
f 2071//2071 2149//2149 2147//2147
f 2148//2148 2072//2072 2070//2070
f 2150//2150 2072//2072 2148//2148
f 2073//2073 2149//2149 2071//2071
f 2073//2073 2151//2151 2149//2149
f 2150//2150 2074//2074 2072//2072
f 2152//2152 2074//2074 2150//2150
f 2075//2075 2151//2151 2073//2073
f 2075//2075 2153//2153 2151//2151
f 2152//2152 2076//2076 2074//2074
f 2154//2154 2076//2076 2152//2152
f 2077//2077 2153//2153 2075//2075
f 2077//2077 2155//2155 2153//2153
f 2154//2154 2078//2078 2076//2076
f 2156//2156 2078//2078 2154//2154
f 2079//2079 2155//2155 2077//2077
f 2079//2079 2157//2157 2155//2155
f 2078//2078 2158//2158 2080//2080
f 2078//2078 2156//2156 2158//2158
f 2081//2081 2157//2157 2079//2079
f 2081//2081 2159//2159 2157//2157
f 2080//2080 2158//2158 2082//2082
f 2082//2082 2158//2158 2160//2160
f 2083//2083 2159//2159 2081//2081
f 2083//2083 2161//2161 2159//2159
f 2082//2082 2160//2160 2084//2084
f 2084//2084 2160//2160 2162//2162
f 2085//2085 2161//2161 2083//2083
f 2085//2085 2163//2163 2161//2161
f 2162//2162 2164//2164 2084//2084
f 2086//2086 2084//2084 2164//2164
f 2087//2087 2163//2163 2085//2085
f 2087//2087 2165//2165 2163//2163
f 2164//2164 2088//2088 2086//2086
f 2166//2166 2088//2088 2164//2164
f 2089//2089 2165//2165 2087//2087
f 2089//2089 2167//2167 2165//2165
f 2166//2166 2090//2090 2088//2088
f 2168//2168 2090//2090 2166//2166
f 2091//2091 2167//2167 2089//2089
f 2091//2091 2169//2169 2167//2167
f 2090//2090 2170//2170 2092//2092
f 2090//2090 2168//2168 2170//2170
f 2091//2091 2093//2093 2169//2169
f 2169//2169 2093//2093 2171//2171
f 2170//2170 2172//2172 2092//2092
f 2094//2094 2092//2092 2172//2172
f 2095//2095 2171//2171 2093//2093
f 2095//2095 2173//2173 2171//2171
f 2094//2094 2174//2174 2096//2096
f 2094//2094 2172//2172 2174//2174
f 2095//2095 2097//2097 2173//2173
f 2173//2173 2097//2097 2175//2175
f 2174//2174 2176//2176 2096//2096
f 2096//2096 2176//2176 2098//2098
f 2099//2099 2175//2175 2097//2097
f 2099//2099 2177//2177 2175//2175
f 2176//2176 2178//2178 2098//2098
f 2098//2098 2178//2178 2100//2100
f 2099//2099 2101//2101 2177//2177
f 2177//2177 2101//2101 2179//2179
f 2178//2178 2180//2180 2100//2100
f 2100//2100 2180//2180 2102//2102
f 2101//2101 2103//2103 2179//2179
f 2179//2179 2103//2103 2181//2181
f 2180//2180 2182//2182 2102//2102
f 2102//2102 2182//2182 2104//2104
f 2103//2103 2105//2105 2181//2181
f 2181//2181 2105//2105 2183//2183
f 2182//2182 2184//2184 2104//2104
f 2184//2184 2106//2106 2104//2104
f 2184//2184 2185//2185 2106//2106
f 2106//2106 2185//2185 2107//2107
f 2108//2108 2187//2187 2109//2109
f 2186//2186 2187//2187 2108//2108
f 2105//2105 2109//2109 2183//2183
f 2183//2183 2109//2109 2187//2187
f 2185//2185 2188//2188 2107//2107
f 2188//2188 2110//2110 2107//2107
f 2188//2188 2189//2189 2110//2110
f 2110//2110 2190//2190 2111//2111
f 2189//2189 2190//2190 2110//2110
f 2111//2111 2191//2191 2112//2112
f 2190//2190 2191//2191 2111//2111
f 2112//2112 2192//2192 2113//2113
f 2191//2191 2192//2192 2112//2112
f 2113//2113 2193//2193 2114//2114
f 2192//2192 2193//2193 2113//2113
f 2108//2108 2114//2114 2186//2186
f 2186//2186 2114//2114 2193//2193
f 2195//2195 2194//2194 2116//2116
f 2116//2116 2194//2194 2115//2115
f 2196//2196 2116//2116 2117//2117
f 2196//2196 2195//2195 2116//2116
f 2197//2197 2117//2117 2118//2118
f 2197//2197 2196//2196 2117//2117
f 2198//2198 2118//2118 2119//2119
f 2198//2198 2197//2197 2118//2118
f 2199//2199 2119//2119 2120//2120
f 2199//2199 2198//2198 2119//2119
f 2200//2200 2120//2120 2121//2121
f 2200//2200 2199//2199 2120//2120
f 2201//2201 2121//2121 2122//2122
f 2201//2201 2200//2200 2121//2121
f 2122//2122 2123//2123 2201//2201
f 2201//2201 2123//2123 2202//2202
f 2204//2204 2203//2203 2124//2124
f 2125//2125 2204//2204 2124//2124
f 2125//2125 2205//2205 2204//2204
f 2194//2194 2125//2125 2115//2115
f 2194//2194 2205//2205 2125//2125
f 2206//2206 2123//2123 2126//2126
f 2206//2206 2202//2202 2123//2123
f 2126//2126 2207//2207 2206//2206
f 2209//2209 2208//2208 2127//2127
f 2128//2128 2209//2209 2127//2127
f 2128//2128 2203//2203 2209//2209
f 2128//2128 2124//2124 2203//2203
f 2129//2129 2207//2207 2126//2126
f 2129//2129 2210//2210 2207//2207
f 2208//2208 2211//2211 2130//2130
f 2208//2208 2130//2130 2127//2127
f 2131//2131 2210//2210 2129//2129
f 2131//2131 2212//2212 2210//2210
f 2211//2211 2132//2132 2130//2130
f 2211//2211 2213//2213 2132//2132
f 2133//2133 2212//2212 2131//2131
f 2133//2133 2214//2214 2212//2212
f 2213//2213 2215//2215 2132//2132
f 2132//2132 2215//2215 2134//2134
f 2133//2133 2135//2135 2214//2214
f 2214//2214 2135//2135 2216//2216
f 2215//2215 2136//2136 2134//2134
f 2217//2217 2136//2136 2215//2215
f 2135//2135 2137//2137 2216//2216
f 2137//2137 2218//2218 2216//2216
f 2217//2217 2138//2138 2136//2136
f 2219//2219 2138//2138 2217//2217
f 2139//2139 2218//2218 2137//2137
f 2139//2139 2220//2220 2218//2218
f 2219//2219 2221//2221 2140//2140
f 2138//2138 2219//2219 2140//2140
f 2141//2141 2220//2220 2139//2139
f 2141//2141 2222//2222 2220//2220
f 2140//2140 2221//2221 2142//2142
f 2142//2142 2221//2221 2223//2223
f 2141//2141 2143//2143 2222//2222
f 2222//2222 2143//2143 2224//2224
f 2223//2223 2225//2225 2142//2142
f 2144//2144 2142//2142 2225//2225
f 2145//2145 2224//2224 2143//2143
f 2145//2145 2226//2226 2224//2224
f 2225//2225 2146//2146 2144//2144
f 2227//2227 2146//2146 2225//2225
f 2147//2147 2226//2226 2145//2145
f 2147//2147 2228//2228 2226//2226
f 2227//2227 2148//2148 2146//2146
f 2229//2229 2148//2148 2227//2227
f 2149//2149 2228//2228 2147//2147
f 2149//2149 2230//2230 2228//2228
f 2229//2229 2150//2150 2148//2148
f 2231//2231 2150//2150 2229//2229
f 2151//2151 2230//2230 2149//2149
f 2151//2151 2232//2232 2230//2230
f 2231//2231 2152//2152 2150//2150
f 2233//2233 2152//2152 2231//2231
f 2153//2153 2232//2232 2151//2151
f 2153//2153 2234//2234 2232//2232
f 2233//2233 2154//2154 2152//2152
f 2235//2235 2154//2154 2233//2233
f 2155//2155 2234//2234 2153//2153
f 2155//2155 2236//2236 2234//2234
f 2235//2235 2156//2156 2154//2154
f 2237//2237 2156//2156 2235//2235
f 2157//2157 2236//2236 2155//2155
f 2157//2157 2238//2238 2236//2236
f 2237//2237 2158//2158 2156//2156
f 2239//2239 2158//2158 2237//2237
f 2159//2159 2238//2238 2157//2157
f 2159//2159 2240//2240 2238//2238
f 2239//2239 2160//2160 2158//2158
f 2241//2241 2160//2160 2239//2239
f 2161//2161 2240//2240 2159//2159
f 2161//2161 2242//2242 2240//2240
f 2241//2241 2162//2162 2160//2160
f 2243//2243 2162//2162 2241//2241
f 2163//2163 2242//2242 2161//2161
f 2163//2163 2244//2244 2242//2242
f 2162//2162 2245//2245 2164//2164
f 2162//2162 2243//2243 2245//2245
f 2165//2165 2244//2244 2163//2163
f 2165//2165 2246//2246 2244//2244
f 2164//2164 2245//2245 2166//2166
f 2166//2166 2245//2245 2247//2247
f 2167//2167 2246//2246 2165//2165
f 2167//2167 2248//2248 2246//2246
f 2247//2247 2249//2249 2166//2166
f 2168//2168 2166//2166 2249//2249
f 2169//2169 2248//2248 2167//2167
f 2169//2169 2250//2250 2248//2248
f 2249//2249 2170//2170 2168//2168
f 2251//2251 2170//2170 2249//2249
f 2169//2169 2171//2171 2250//2250
f 2250//2250 2171//2171 2252//2252
f 2170//2170 2253//2253 2172//2172
f 2170//2170 2251//2251 2253//2253
f 2173//2173 2252//2252 2171//2171
f 2173//2173 2254//2254 2252//2252
f 2253//2253 2255//2255 2172//2172
f 2174//2174 2172//2172 2255//2255
f 2173//2173 2175//2175 2254//2254
f 2254//2254 2175//2175 2256//2256
f 2255//2255 2257//2257 2174//2174
f 2174//2174 2257//2257 2176//2176
f 2177//2177 2256//2256 2175//2175
f 2177//2177 2258//2258 2256//2256
f 2257//2257 2259//2259 2176//2176
f 2176//2176 2259//2259 2178//2178
f 2177//2177 2179//2179 2258//2258
f 2258//2258 2179//2179 2260//2260
f 2259//2259 2261//2261 2178//2178
f 2178//2178 2261//2261 2180//2180
f 2179//2179 2181//2181 2260//2260
f 2260//2260 2181//2181 2262//2262
f 2261//2261 2263//2263 2180//2180
f 2180//2180 2263//2263 2182//2182
f 2181//2181 2183//2183 2262//2262
f 2262//2262 2183//2183 2264//2264
f 2263//2263 2265//2265 2182//2182
f 2182//2182 2265//2265 2184//2184
f 2184//2184 2265//2265 2185//2185
f 2186//2186 2267//2267 2187//2187
f 2266//2266 2267//2267 2186//2186
f 2183//2183 2187//2187 2264//2264
f 2264//2264 2187//2187 2267//2267
f 2265//2265 2268//2268 2185//2185
f 2268//2268 2188//2188 2185//2185
f 2268//2268 2269//2269 2188//2188
f 2188//2188 2270//2270 2189//2189
f 2269//2269 2270//2270 2188//2188
f 2189//2189 2271//2271 2190//2190
f 2270//2270 2271//2271 2189//2189
f 2190//2190 2272//2272 2191//2191
f 2271//2271 2272//2272 2190//2190
f 2191//2191 2273//2273 2192//2192
f 2272//2272 2273//2273 2191//2191
f 2192//2192 2274//2274 2193//2193
f 2273//2273 2274//2274 2192//2192
f 2186//2186 2193//2193 2266//2266
f 2266//2266 2193//2193 2274//2274
f 2276//2276 2275//2275 2198//2198
f 2198//2198 2277//2277 2276//2276
f 2279//2279 2278//2278 2194//2194
f 2195//2195 2279//2279 2194//2194
f 2195//2195 2280//2280 2279//2279
f 2281//2281 2195//2195 2196//2196
f 2281//2281 2280//2280 2195//2195
f 2275//2275 2196//2196 2197//2197
f 2275//2275 2281//2281 2196//2196
f 2197//2197 2198//2198 2275//2275
f 2199//2199 2277//2277 2198//2198
f 2282//2282 2199//2199 2200//2200
f 2282//2282 2277//2277 2199//2199
f 2283//2283 2200//2200 2201//2201
f 2283//2283 2282//2282 2200//2200
f 2284//2284 2201//2201 2202//2202
f 2284//2284 2283//2283 2201//2201
f 2202//2202 2285//2285 2284//2284
f 2287//2287 2286//2286 2204//2204
f 2204//2204 2286//2286 2203//2203
f 2278//2278 2204//2204 2205//2205
f 2278//2278 2287//2287 2204//2204
f 2205//2205 2194//2194 2278//2278
f 2206//2206 2285//2285 2202//2202
f 2206//2206 2207//2207 2285//2285
f 2285//2285 2207//2207 2288//2288
f 2290//2290 2289//2289 2209//2209
f 2209//2209 2289//2289 2208//2208
f 2286//2286 2209//2209 2203//2203
f 2286//2286 2290//2290 2209//2209
f 2207//2207 2210//2210 2288//2288
f 2288//2288 2210//2210 2291//2291
f 2289//2289 2292//2292 2208//2208
f 2208//2208 2292//2292 2211//2211
f 2210//2210 2212//2212 2291//2291
f 2291//2291 2212//2212 2293//2293
f 2292//2292 2294//2294 2213//2213
f 2211//2211 2292//2292 2213//2213
f 2212//2212 2214//2214 2293//2293
f 2214//2214 2295//2295 2293//2293
f 2294//2294 2215//2215 2213//2213
f 2294//2294 2296//2296 2215//2215
f 2216//2216 2295//2295 2214//2214
f 2216//2216 2297//2297 2295//2295
f 2296//2296 2298//2298 2217//2217
f 2215//2215 2296//2296 2217//2217
f 2216//2216 2218//2218 2297//2297
f 2297//2297 2218//2218 2299//2299
f 2217//2217 2298//2298 2219//2219
f 2219//2219 2298//2298 2300//2300
f 2220//2220 2299//2299 2218//2218
f 2220//2220 2301//2301 2299//2299
f 2300//2300 2221//2221 2219//2219
f 2300//2300 2302//2302 2221//2221
f 2222//2222 2301//2301 2220//2220
f 2222//2222 2303//2303 2301//2301
f 2302//2302 2223//2223 2221//2221
f 2304//2304 2223//2223 2302//2302
f 2222//2222 2224//2224 2303//2303
f 2303//2303 2224//2224 2305//2305
f 2223//2223 2306//2306 2225//2225
f 2223//2223 2304//2304 2306//2306
f 2226//2226 2305//2305 2224//2224
f 2226//2226 2307//2307 2305//2305
f 2225//2225 2306//2306 2227//2227
f 2227//2227 2306//2306 2308//2308
f 2228//2228 2307//2307 2226//2226
f 2228//2228 2309//2309 2307//2307
f 2308//2308 2310//2310 2227//2227
f 2229//2229 2227//2227 2310//2310
f 2230//2230 2309//2309 2228//2228
f 2230//2230 2311//2311 2309//2309
f 2310//2310 2231//2231 2229//2229
f 2312//2312 2231//2231 2310//2310
f 2232//2232 2311//2311 2230//2230
f 2232//2232 2313//2313 2311//2311
f 2312//2312 2233//2233 2231//2231
f 2314//2314 2233//2233 2312//2312
f 2234//2234 2313//2313 2232//2232
f 2234//2234 2315//2315 2313//2313
f 2314//2314 2235//2235 2233//2233
f 2316//2316 2235//2235 2314//2314
f 2236//2236 2315//2315 2234//2234
f 2236//2236 2317//2317 2315//2315
f 2316//2316 2237//2237 2235//2235
f 2318//2318 2237//2237 2316//2316
f 2238//2238 2317//2317 2236//2236
f 2238//2238 2319//2319 2317//2317
f 2318//2318 2239//2239 2237//2237
f 2320//2320 2239//2239 2318//2318
f 2240//2240 2319//2319 2238//2238
f 2240//2240 2321//2321 2319//2319
f 2320//2320 2241//2241 2239//2239
f 2322//2322 2241//2241 2320//2320
f 2242//2242 2321//2321 2240//2240
f 2242//2242 2323//2323 2321//2321
f 2322//2322 2243//2243 2241//2241
f 2324//2324 2243//2243 2322//2322
f 2244//2244 2323//2323 2242//2242
f 2244//2244 2325//2325 2323//2323
f 2324//2324 2245//2245 2243//2243
f 2326//2326 2245//2245 2324//2324
f 2246//2246 2325//2325 2244//2244
f 2246//2246 2327//2327 2325//2325
f 2326//2326 2247//2247 2245//2245
f 2328//2328 2247//2247 2326//2326
f 2248//2248 2327//2327 2246//2246
f 2248//2248 2329//2329 2327//2327
f 2247//2247 2330//2330 2249//2249
f 2247//2247 2328//2328 2330//2330
f 2250//2250 2329//2329 2248//2248
f 2250//2250 2331//2331 2329//2329
f 2330//2330 2332//2332 2249//2249
f 2251//2251 2249//2249 2332//2332
f 2250//2250 2252//2252 2331//2331
f 2331//2331 2252//2252 2333//2333
f 2332//2332 2253//2253 2251//2251
f 2334//2334 2253//2253 2332//2332
f 2254//2254 2333//2333 2252//2252
f 2254//2254 2335//2335 2333//2333
f 2253//2253 2336//2336 2255//2255
f 2253//2253 2334//2334 2336//2336
f 2254//2254 2256//2256 2335//2335
f 2335//2335 2256//2256 2337//2337
f 2336//2336 2338//2338 2255//2255
f 2255//2255 2338//2338 2257//2257
f 2258//2258 2337//2337 2256//2256
f 2258//2258 2339//2339 2337//2337
f 2338//2338 2340//2340 2257//2257
f 2257//2257 2340//2340 2259//2259
f 2258//2258 2260//2260 2339//2339
f 2339//2339 2260//2260 2341//2341
f 2340//2340 2342//2342 2259//2259
f 2259//2259 2342//2342 2261//2261
f 2260//2260 2262//2262 2341//2341
f 2341//2341 2262//2262 2343//2343
f 2342//2342 2344//2344 2261//2261
f 2261//2261 2344//2344 2263//2263
f 2262//2262 2264//2264 2343//2343
f 2343//2343 2264//2264 2345//2345
f 2344//2344 2346//2346 2263//2263
f 2346//2346 2265//2265 2263//2263
f 2346//2346 2347//2347 2265//2265
f 2267//2267 2266//2266 2348//2348
f 2264//2264 2267//2267 2345//2345
f 2345//2345 2267//2267 2348//2348
f 2347//2347 2349//2349 2265//2265
f 2265//2265 2349//2349 2268//2268
f 2268//2268 2350//2350 2269//2269
f 2349//2349 2350//2350 2268//2268
f 2269//2269 2351//2351 2270//2270
f 2350//2350 2351//2351 2269//2269
f 2270//2270 2351//2351 2271//2271
f 2273//2273 2272//2272 2352//2352
f 2273//2273 2353//2353 2274//2274
f 2352//2352 2353//2353 2273//2273
f 2274//2274 2354//2354 2266//2266
f 2274//2274 2353//2353 2354//2354
f 2266//2266 2354//2354 2348//2348
f 2351//2351 2355//2355 2271//2271
f 2271//2271 2355//2355 2272//2272
f 2272//2272 2355//2355 2356//2356
f 2272//2272 2356//2356 2352//2352
f 2358//2358 2357//2357 2281//2281
f 2275//2275 2359//2359 2281//2281
f 2281//2281 2359//2359 2358//2358
f 2276//2276 2359//2359 2275//2275
f 2276//2276 2360//2360 2359//2359
f 2361//2361 2276//2276 2277//2277
f 2361//2361 2360//2360 2276//2276
f 2282//2282 2362//2362 2277//2277
f 2277//2277 2362//2362 2361//2361
f 2282//2282 2363//2363 2362//2362
f 2365//2365 2364//2364 2278//2278
f 2279//2279 2365//2365 2278//2278
f 2279//2279 2366//2366 2365//2365
f 2357//2357 2279//2279 2280//2280
f 2357//2357 2366//2366 2279//2279
f 2280//2280 2281//2281 2357//2357
f 2283//2283 2363//2363 2282//2282
f 2367//2367 2283//2283 2284//2284
f 2367//2367 2363//2363 2283//2283
f 2284//2284 2285//2285 2367//2367
f 2367//2367 2285//2285 2368//2368
f 2370//2370 2369//2369 2286//2286
f 2287//2287 2370//2370 2286//2286
f 2287//2287 2364//2364 2370//2370
f 2287//2287 2278//2278 2364//2364
f 2285//2285 2288//2288 2368//2368
f 2368//2368 2288//2288 2371//2371
f 2369//2369 2372//2372 2290//2290
f 2290//2290 2372//2372 2289//2289
f 2290//2290 2286//2286 2369//2369
f 2288//2288 2291//2291 2371//2371
f 2371//2371 2291//2291 2373//2373
f 2372//2372 2374//2374 2289//2289
f 2289//2289 2374//2374 2292//2292
f 2291//2291 2293//2293 2373//2373
f 2373//2373 2293//2293 2375//2375
f 2374//2374 2376//2376 2292//2292
f 2292//2292 2376//2376 2294//2294
f 2293//2293 2295//2295 2375//2375
f 2375//2375 2295//2295 2377//2377
f 2376//2376 2296//2296 2294//2294
f 2378//2378 2296//2296 2376//2376
f 2297//2297 2377//2377 2295//2295
f 2297//2297 2379//2379 2377//2377
f 2378//2378 2380//2380 2296//2296
f 2296//2296 2380//2380 2298//2298
f 2297//2297 2299//2299 2379//2379
f 2379//2379 2299//2299 2381//2381
f 2380//2380 2300//2300 2298//2298
f 2382//2382 2300//2300 2380//2380
f 2301//2301 2381//2381 2299//2299
f 2301//2301 2383//2383 2381//2381
f 2382//2382 2302//2302 2300//2300
f 2384//2384 2302//2302 2382//2382
f 2303//2303 2383//2383 2301//2301
f 2303//2303 2385//2385 2383//2383
f 2384//2384 2304//2304 2302//2302
f 2386//2386 2304//2304 2384//2384
f 2303//2303 2305//2305 2385//2385
f 2385//2385 2305//2305 2387//2387
f 2386//2386 2306//2306 2304//2304
f 2388//2388 2306//2306 2386//2386
f 2307//2307 2387//2387 2305//2305
f 2307//2307 2389//2389 2387//2387
f 2388//2388 2308//2308 2306//2306
f 2390//2390 2308//2308 2388//2388
f 2309//2309 2389//2389 2307//2307
f 2309//2309 2391//2391 2389//2389
f 2308//2308 2392//2392 2310//2310
f 2308//2308 2390//2390 2392//2392
f 2311//2311 2391//2391 2309//2309
f 2311//2311 2393//2393 2391//2391
f 2310//2310 2392//2392 2312//2312
f 2312//2312 2392//2392 2394//2394
f 2313//2313 2393//2393 2311//2311
f 2313//2313 2395//2395 2393//2393
f 2312//2312 2394//2394 2314//2314
f 2314//2314 2394//2394 2396//2396
f 2315//2315 2395//2395 2313//2313
f 2315//2315 2397//2397 2395//2395
f 2314//2314 2396//2396 2316//2316
f 2316//2316 2396//2396 2398//2398
f 2317//2317 2397//2397 2315//2315
f 2317//2317 2399//2399 2397//2397
f 2316//2316 2398//2398 2318//2318
f 2318//2318 2398//2398 2400//2400
f 2319//2319 2399//2399 2317//2317
f 2319//2319 2401//2401 2399//2399
f 2318//2318 2400//2400 2320//2320
f 2320//2320 2400//2400 2402//2402
f 2321//2321 2401//2401 2319//2319
f 2321//2321 2403//2403 2401//2401
f 2320//2320 2402//2402 2322//2322
f 2322//2322 2402//2402 2404//2404
f 2323//2323 2403//2403 2321//2321
f 2323//2323 2405//2405 2403//2403
f 2322//2322 2404//2404 2324//2324
f 2324//2324 2404//2404 2406//2406
f 2325//2325 2405//2405 2323//2323
f 2325//2325 2407//2407 2405//2405
f 2406//2406 2408//2408 2324//2324
f 2326//2326 2324//2324 2408//2408
f 2327//2327 2407//2407 2325//2325
f 2327//2327 2409//2409 2407//2407
f 2408//2408 2328//2328 2326//2326
f 2410//2410 2328//2328 2408//2408
f 2329//2329 2409//2409 2327//2327
f 2329//2329 2411//2411 2409//2409
f 2410//2410 2330//2330 2328//2328
f 2412//2412 2330//2330 2410//2410
f 2411//2411 2331//2331 2413//2413
f 2411//2411 2329//2329 2331//2331
f 2330//2330 2414//2414 2332//2332
f 2330//2330 2412//2412 2414//2414
f 2415//2415 2413//2413 2333//2333
f 2333//2333 2413//2413 2331//2331
f 2414//2414 2416//2416 2332//2332
f 2334//2334 2332//2332 2416//2416
f 2335//2335 2415//2415 2333//2333
f 2335//2335 2417//2417 2415//2415
f 2416//2416 2336//2336 2334//2334
f 2418//2418 2336//2336 2416//2416
f 2335//2335 2337//2337 2417//2417
f 2417//2417 2337//2337 2419//2419
f 2418//2418 2420//2420 2336//2336
f 2336//2336 2420//2420 2338//2338
f 2419//2419 2339//2339 2421//2421
f 2419//2419 2337//2337 2339//2339
f 2420//2420 2422//2422 2338//2338
f 2338//2338 2422//2422 2340//2340
f 2423//2423 2421//2421 2341//2341
f 2341//2341 2421//2421 2339//2339
f 2422//2422 2424//2424 2340//2340
f 2340//2340 2424//2424 2342//2342
f 2341//2341 2343//2343 2423//2423
f 2423//2423 2343//2343 2425//2425
f 2424//2424 2426//2426 2342//2342
f 2342//2342 2426//2426 2344//2344
f 2343//2343 2345//2345 2425//2425
f 2425//2425 2345//2345 2427//2427
f 2426//2426 2428//2428 2344//2344
f 2344//2344 2428//2428 2346//2346
f 2346//2346 2428//2428 2347//2347
f 2345//2345 2348//2348 2427//2427
f 2427//2427 2348//2348 2429//2429
f 2428//2428 2430//2430 2347//2347
f 2430//2430 2349//2349 2347//2347
f 2430//2430 2431//2431 2349//2349
f 2349//2349 2432//2432 2350//2350
f 2431//2431 2432//2432 2349//2349
f 2350//2350 2432//2432 2351//2351
f 2353//2353 2352//2352 2433//2433
f 2353//2353 2434//2434 2354//2354
f 2433//2433 2434//2434 2353//2353
f 2348//2348 2354//2354 2429//2429
f 2429//2429 2354//2354 2434//2434
f 2432//2432 2435//2435 2351//2351
f 2435//2435 2355//2355 2351//2351
f 2435//2435 2436//2436 2355//2355
f 2355//2355 2437//2437 2356//2356
f 2436//2436 2437//2437 2355//2355
f 2356//2356 2438//2438 2352//2352
f 2356//2356 2437//2437 2438//2438
f 2352//2352 2438//2438 2433//2433
f 2440//2440 2439//2439 2357//2357
f 2358//2358 2440//2440 2357//2357
f 2358//2358 2441//2441 2440//2440
f 2442//2442 2358//2358 2359//2359
f 2442//2442 2441//2441 2358//2358
f 2443//2443 2359//2359 2360//2360
f 2443//2443 2442//2442 2359//2359
f 2444//2444 2360//2360 2361//2361
f 2444//2444 2443//2443 2360//2360
f 2445//2445 2361//2361 2362//2362
f 2445//2445 2444//2444 2361//2361
f 2446//2446 2362//2362 2363//2363
f 2446//2446 2445//2445 2362//2362
f 2363//2363 2447//2447 2446//2446
f 2449//2449 2448//2448 2365//2365
f 2365//2365 2448//2448 2364//2364
f 2439//2439 2365//2365 2366//2366
f 2439//2439 2449//2449 2365//2365
f 2366//2366 2357//2357 2439//2439
f 2367//2367 2447//2447 2363//2363
f 2367//2367 2368//2368 2447//2447
f 2447//2447 2368//2368 2450//2450
f 2452//2452 2451//2451 2370//2370
f 2370//2370 2451//2451 2369//2369
f 2448//2448 2370//2370 2364//2364
f 2448//2448 2452//2452 2370//2370
f 2453//2453 2368//2368 2371//2371
f 2453//2453 2450//2450 2368//2368
f 2371//2371 2454//2454 2453//2453
f 2451//2451 2455//2455 2369//2369
f 2369//2369 2455//2455 2372//2372
f 2373//2373 2454//2454 2371//2371
f 2373//2373 2456//2456 2454//2454
f 2455//2455 2457//2457 2372//2372
f 2372//2372 2457//2457 2374//2374
f 2375//2375 2456//2456 2373//2373
f 2375//2375 2458//2458 2456//2456
f 2457//2457 2459//2459 2374//2374
f 2374//2374 2459//2459 2376//2376
f 2375//2375 2377//2377 2458//2458
f 2458//2458 2377//2377 2460//2460
f 2459//2459 2461//2461 2378//2378
f 2376//2376 2459//2459 2378//2378
f 2379//2379 2460//2460 2377//2377
f 2379//2379 2462//2462 2460//2460
f 2461//2461 2380//2380 2378//2378
f 2461//2461 2463//2463 2380//2380
f 2379//2379 2381//2381 2462//2462
f 2462//2462 2381//2381 2464//2464
f 2463//2463 2382//2382 2380//2380
f 2465//2465 2382//2382 2463//2463
f 2383//2383 2464//2464 2381//2381
f 2383//2383 2466//2466 2464//2464
f 2465//2465 2384//2384 2382//2382
f 2467//2467 2384//2384 2465//2465
f 2385//2385 2466//2466 2383//2383
f 2385//2385 2468//2468 2466//2466
f 2467//2467 2386//2386 2384//2384
f 2469//2469 2386//2386 2467//2467
f 2385//2385 2387//2387 2468//2468
f 2468//2468 2387//2387 2470//2470
f 2469//2469 2388//2388 2386//2386
f 2471//2471 2388//2388 2469//2469
f 2389//2389 2470//2470 2387//2387
f 2389//2389 2472//2472 2470//2470
f 2471//2471 2390//2390 2388//2388
f 2473//2473 2390//2390 2471//2471
f 2391//2391 2472//2472 2389//2389
f 2391//2391 2474//2474 2472//2472
f 2473//2473 2392//2392 2390//2390
f 2475//2475 2392//2392 2473//2473
f 2393//2393 2474//2474 2391//2391
f 2393//2393 2476//2476 2474//2474
f 2475//2475 2394//2394 2392//2392
f 2477//2477 2394//2394 2475//2475
f 2395//2395 2476//2476 2393//2393
f 2395//2395 2478//2478 2476//2476
f 2477//2477 2396//2396 2394//2394
f 2479//2479 2396//2396 2477//2477
f 2397//2397 2478//2478 2395//2395
f 2397//2397 2480//2480 2478//2478
f 2479//2479 2398//2398 2396//2396
f 2481//2481 2398//2398 2479//2479
f 2399//2399 2480//2480 2397//2397
f 2399//2399 2482//2482 2480//2480
f 2481//2481 2400//2400 2398//2398
f 2483//2483 2400//2400 2481//2481
f 2401//2401 2482//2482 2399//2399
f 2401//2401 2484//2484 2482//2482
f 2483//2483 2402//2402 2400//2400
f 2485//2485 2402//2402 2483//2483
f 2403//2403 2484//2484 2401//2401
f 2403//2403 2486//2486 2484//2484
f 2485//2485 2404//2404 2402//2402
f 2487//2487 2404//2404 2485//2485
f 2405//2405 2486//2486 2403//2403
f 2405//2405 2488//2488 2486//2486
f 2487//2487 2406//2406 2404//2404
f 2489//2489 2406//2406 2487//2487
f 2407//2407 2488//2488 2405//2405
f 2407//2407 2490//2490 2488//2488
f 2406//2406 2491//2491 2408//2408
f 2406//2406 2489//2489 2491//2491
f 2409//2409 2490//2490 2407//2407
f 2409//2409 2492//2492 2490//2490
f 2408//2408 2491//2491 2410//2410
f 2410//2410 2491//2491 2493//2493
f 2492//2492 2411//2411 2494//2494
f 2492//2492 2409//2409 2411//2411
f 2493//2493 2495//2495 2410//2410
f 2412//2412 2410//2410 2495//2495
f 2496//2496 2494//2494 2413//2413
f 2413//2413 2494//2494 2411//2411
f 2495//2495 2414//2414 2412//2412
f 2497//2497 2414//2414 2495//2495
f 2415//2415 2496//2496 2413//2413
f 2415//2415 2498//2498 2496//2496
f 2414//2414 2499//2499 2416//2416
f 2414//2414 2497//2497 2499//2499
f 2498//2498 2417//2417 2500//2500
f 2498//2498 2415//2415 2417//2417
f 2499//2499 2501//2501 2416//2416
f 2418//2418 2416//2416 2501//2501
f 2502//2502 2500//2500 2419//2419
f 2419//2419 2500//2500 2417//2417
f 2418//2418 2503//2503 2420//2420
f 2418//2418 2501//2501 2503//2503
f 2419//2419 2421//2421 2502//2502
f 2502//2502 2421//2421 2504//2504
f 2503//2503 2505//2505 2420//2420
f 2420//2420 2505//2505 2422//2422
f 2423//2423 2504//2504 2421//2421
f 2423//2423 2506//2506 2504//2504
f 2505//2505 2507//2507 2422//2422
f 2422//2422 2507//2507 2424//2424
f 2423//2423 2425//2425 2506//2506
f 2506//2506 2425//2425 2508//2508
f 2507//2507 2509//2509 2424//2424
f 2424//2424 2509//2509 2426//2426
f 2425//2425 2427//2427 2508//2508
f 2508//2508 2427//2427 2510//2510
f 2509//2509 2511//2511 2426//2426
f 2511//2511 2428//2428 2426//2426
f 2511//2511 2512//2512 2428//2428
f 2427//2427 2429//2429 2510//2510
f 2510//2510 2429//2429 2513//2513
f 2512//2512 2514//2514 2428//2428
f 2428//2428 2514//2514 2430//2430
f 2430//2430 2515//2515 2431//2431
f 2514//2514 2515//2515 2430//2430
f 2431//2431 2515//2515 2432//2432
f 2433//2433 2517//2517 2434//2434
f 2516//2516 2517//2517 2433//2433
f 2429//2429 2434//2434 2513//2513
f 2513//2513 2434//2434 2517//2517
f 2515//2515 2518//2518 2432//2432
f 2518//2518 2435//2435 2432//2432
f 2518//2518 2519//2519 2435//2435
f 2435//2435 2520//2520 2436//2436
f 2519//2519 2520//2520 2435//2435
f 2436//2436 2521//2521 2437//2437
f 2520//2520 2521//2521 2436//2436
f 2437//2437 2522//2522 2438//2438
f 2521//2521 2522//2522 2437//2437
f 2433//2433 2438//2438 2516//2516
f 2516//2516 2438//2438 2522//2522
f 2524//2524 2523//2523 2439//2439
f 2440//2440 2524//2524 2439//2439
f 2440//2440 2525//2525 2524//2524
f 2526//2526 2440//2440 2441//2441
f 2526//2526 2525//2525 2440//2440
f 2527//2527 2441//2441 2442//2442
f 2527//2527 2526//2526 2441//2441
f 2528//2528 2442//2442 2443//2443
f 2528//2528 2527//2527 2442//2442
f 2529//2529 2443//2443 2444//2444
f 2529//2529 2528//2528 2443//2443
f 2530//2530 2444//2444 2445//2445
f 2530//2530 2529//2529 2444//2444
f 2531//2531 2445//2445 2446//2446
f 2531//2531 2530//2530 2445//2445
f 2446//2446 2447//2447 2531//2531
f 2531//2531 2447//2447 2532//2532
f 2534//2534 2533//2533 2448//2448
f 2449//2449 2534//2534 2448//2448
f 2449//2449 2523//2523 2534//2534
f 2449//2449 2439//2439 2523//2523
f 2535//2535 2447//2447 2450//2450
f 2535//2535 2532//2532 2447//2447
f 2450//2450 2536//2536 2535//2535
f 2533//2533 2537//2537 2452//2452
f 2452//2452 2537//2537 2451//2451
f 2452//2452 2448//2448 2533//2533
f 2453//2453 2536//2536 2450//2450
f 2453//2453 2454//2454 2536//2536
f 2536//2536 2454//2454 2538//2538
f 2540//2540 2539//2539 2455//2455
f 2451//2451 2540//2540 2455//2455
f 2451//2451 2537//2537 2540//2540
f 2454//2454 2456//2456 2538//2538
f 2538//2538 2456//2456 2541//2541
f 2539//2539 2542//2542 2457//2457
f 2539//2539 2457//2457 2455//2455
f 2458//2458 2541//2541 2456//2456
f 2458//2458 2543//2543 2541//2541
f 2542//2542 2459//2459 2457//2457
f 2542//2542 2544//2544 2459//2459
f 2458//2458 2460//2460 2543//2543
f 2543//2543 2460//2460 2545//2545
f 2544//2544 2546//2546 2459//2459
f 2459//2459 2546//2546 2461//2461
f 2462//2462 2545//2545 2460//2460
f 2462//2462 2547//2547 2545//2545
f 2546//2546 2463//2463 2461//2461
f 2548//2548 2463//2463 2546//2546
f 2462//2462 2464//2464 2547//2547
f 2547//2547 2464//2464 2549//2549
f 2548//2548 2465//2465 2463//2463
f 2550//2550 2465//2465 2548//2548
f 2466//2466 2549//2549 2464//2464
f 2466//2466 2551//2551 2549//2549
f 2550//2550 2467//2467 2465//2465
f 2552//2552 2467//2467 2550//2550
f 2468//2468 2551//2551 2466//2466
f 2468//2468 2553//2553 2551//2551
f 2552//2552 2469//2469 2467//2467
f 2554//2554 2469//2469 2552//2552
f 2468//2468 2470//2470 2553//2553
f 2553//2553 2470//2470 2555//2555
f 2554//2554 2471//2471 2469//2469
f 2556//2556 2471//2471 2554//2554
f 2472//2472 2555//2555 2470//2470
f 2472//2472 2557//2557 2555//2555
f 2556//2556 2473//2473 2471//2471
f 2558//2558 2473//2473 2556//2556
f 2474//2474 2557//2557 2472//2472
f 2474//2474 2559//2559 2557//2557
f 2558//2558 2475//2475 2473//2473
f 2560//2560 2475//2475 2558//2558
f 2476//2476 2559//2559 2474//2474
f 2476//2476 2561//2561 2559//2559
f 2560//2560 2477//2477 2475//2475
f 2562//2562 2477//2477 2560//2560
f 2478//2478 2561//2561 2476//2476
f 2478//2478 2563//2563 2561//2561
f 2562//2562 2479//2479 2477//2477
f 2564//2564 2479//2479 2562//2562
f 2480//2480 2563//2563 2478//2478
f 2480//2480 2565//2565 2563//2563
f 2564//2564 2481//2481 2479//2479
f 2566//2566 2481//2481 2564//2564
f 2482//2482 2565//2565 2480//2480
f 2482//2482 2567//2567 2565//2565
f 2566//2566 2483//2483 2481//2481
f 2568//2568 2483//2483 2566//2566
f 2484//2484 2567//2567 2482//2482
f 2484//2484 2569//2569 2567//2567
f 2568//2568 2485//2485 2483//2483
f 2570//2570 2485//2485 2568//2568
f 2486//2486 2569//2569 2484//2484
f 2486//2486 2571//2571 2569//2569
f 2570//2570 2487//2487 2485//2485
f 2572//2572 2487//2487 2570//2570
f 2488//2488 2571//2571 2486//2486
f 2488//2488 2573//2573 2571//2571
f 2572//2572 2489//2489 2487//2487
f 2574//2574 2489//2489 2572//2572
f 2490//2490 2573//2573 2488//2488
f 2490//2490 2575//2575 2573//2573
f 2574//2574 2491//2491 2489//2489
f 2576//2576 2491//2491 2574//2574
f 2575//2575 2492//2492 2577//2577
f 2575//2575 2490//2490 2492//2492
f 2576//2576 2493//2493 2491//2491
f 2578//2578 2493//2493 2576//2576
f 2579//2579 2577//2577 2494//2494
f 2494//2494 2577//2577 2492//2492
f 2493//2493 2580//2580 2495//2495
f 2493//2493 2578//2578 2580//2580
f 2496//2496 2579//2579 2494//2494
f 2496//2496 2581//2581 2579//2579
f 2580//2580 2582//2582 2495//2495
f 2497//2497 2495//2495 2582//2582
f 2498//2498 2581//2581 2496//2496
f 2498//2498 2583//2583 2581//2581
f 2582//2582 2499//2499 2497//2497
f 2584//2584 2499//2499 2582//2582
f 2498//2498 2500//2500 2583//2583
f 2583//2583 2500//2500 2585//2585
f 2499//2499 2586//2586 2501//2501
f 2499//2499 2584//2584 2586//2586
f 2502//2502 2585//2585 2500//2500
f 2502//2502 2587//2587 2585//2585
f 2586//2586 2588//2588 2501//2501
f 2503//2503 2501//2501 2588//2588
f 2502//2502 2504//2504 2587//2587
f 2587//2587 2504//2504 2589//2589
f 2588//2588 2590//2590 2503//2503
f 2503//2503 2590//2590 2505//2505
f 2506//2506 2589//2589 2504//2504
f 2506//2506 2591//2591 2589//2589
f 2590//2590 2592//2592 2505//2505
f 2505//2505 2592//2592 2507//2507
f 2506//2506 2508//2508 2591//2591
f 2591//2591 2508//2508 2593//2593
f 2592//2592 2594//2594 2507//2507
f 2507//2507 2594//2594 2509//2509
f 2508//2508 2510//2510 2593//2593
f 2593//2593 2510//2510 2595//2595
f 2594//2594 2596//2596 2509//2509
f 2509//2509 2596//2596 2511//2511
f 2511//2511 2596//2596 2512//2512
f 2510//2510 2513//2513 2595//2595
f 2595//2595 2513//2513 2597//2597
f 2596//2596 2598//2598 2512//2512
f 2598//2598 2514//2514 2512//2512
f 2598//2598 2599//2599 2514//2514
f 2514//2514 2599//2599 2515//2515
f 2516//2516 2601//2601 2517//2517
f 2600//2600 2601//2601 2516//2516
f 2513//2513 2517//2517 2597//2597
f 2597//2597 2517//2517 2601//2601
f 2599//2599 2602//2602 2515//2515
f 2602//2602 2518//2518 2515//2515
f 2602//2602 2603//2603 2518//2518
f 2518//2518 2604//2604 2519//2519
f 2603//2603 2604//2604 2518//2518
f 2519//2519 2605//2605 2520//2520
f 2604//2604 2605//2605 2519//2519
f 2520//2520 2606//2606 2521//2521
f 2605//2605 2606//2606 2520//2520
f 2521//2521 2607//2607 2522//2522
f 2606//2606 2607//2607 2521//2521
f 2516//2516 2522//2522 2600//2600
f 2600//2600 2522//2522 2607//2607
f 2609//2609 2608//2608 2527//2527
f 2528//2528 2610//2610 2527//2527
f 2527//2527 2610//2610 2609//2609
f 2529//2529 2611//2611 2528//2528
f 2528//2528 2611//2611 2610//2610
f 2529//2529 2612//2612 2611//2611
f 2614//2614 2613//2613 2524//2524
f 2524//2524 2613//2613 2523//2523
f 2615//2615 2524//2524 2525//2525
f 2615//2615 2614//2614 2524//2524
f 2608//2608 2525//2525 2526//2526
f 2608//2608 2615//2615 2525//2525
f 2526//2526 2527//2527 2608//2608
f 2530//2530 2612//2612 2529//2529
f 2616//2616 2530//2530 2531//2531
f 2616//2616 2612//2612 2530//2530
f 2617//2617 2531//2531 2532//2532
f 2617//2617 2616//2616 2531//2531
f 2532//2532 2618//2618 2617//2617
f 2620//2620 2619//2619 2534//2534
f 2534//2534 2619//2619 2533//2533
f 2613//2613 2534//2534 2523//2523
f 2613//2613 2620//2620 2534//2534
f 2535//2535 2618//2618 2532//2532
f 2535//2535 2536//2536 2618//2618
f 2618//2618 2536//2536 2621//2621
f 2623//2623 2622//2622 2537//2537
f 2533//2533 2623//2623 2537//2537
f 2533//2533 2619//2619 2623//2623
f 2536//2536 2538//2538 2621//2621
f 2621//2621 2538//2538 2624//2624
f 2622//2622 2625//2625 2540//2540
f 2540//2540 2625//2625 2539//2539
f 2540//2540 2537//2537 2622//2622
f 2538//2538 2541//2541 2624//2624
f 2624//2624 2541//2541 2626//2626
f 2625//2625 2627//2627 2539//2539
f 2539//2539 2627//2627 2542//2542
f 2541//2541 2543//2543 2626//2626
f 2543//2543 2628//2628 2626//2626
f 2627//2627 2544//2544 2542//2542
f 2629//2629 2544//2544 2627//2627
f 2545//2545 2628//2628 2543//2543
f 2545//2545 2630//2630 2628//2628
f 2629//2629 2631//2631 2544//2544
f 2544//2544 2631//2631 2546//2546
f 2547//2547 2630//2630 2545//2545
f 2547//2547 2632//2632 2630//2630
f 2631//2631 2548//2548 2546//2546
f 2633//2633 2548//2548 2631//2631
f 2547//2547 2549//2549 2632//2632
f 2632//2632 2549//2549 2634//2634
f 2633//2633 2550//2550 2548//2548
f 2635//2635 2550//2550 2633//2633
f 2551//2551 2634//2634 2549//2549
f 2551//2551 2636//2636 2634//2634
f 2635//2635 2637//2637 2552//2552
f 2550//2550 2635//2635 2552//2552
f 2553//2553 2636//2636 2551//2551
f 2553//2553 2638//2638 2636//2636
f 2552//2552 2637//2637 2554//2554
f 2554//2554 2637//2637 2639//2639
f 2553//2553 2555//2555 2638//2638
f 2638//2638 2555//2555 2640//2640
f 2639//2639 2641//2641 2554//2554
f 2556//2556 2554//2554 2641//2641
f 2557//2557 2640//2640 2555//2555
f 2557//2557 2642//2642 2640//2640
f 2641//2641 2558//2558 2556//2556
f 2643//2643 2558//2558 2641//2641
f 2559//2559 2642//2642 2557//2557
f 2559//2559 2644//2644 2642//2642
f 2643//2643 2645//2645 2560//2560
f 2558//2558 2643//2643 2560//2560
f 2561//2561 2644//2644 2559//2559
f 2561//2561 2646//2646 2644//2644
f 2560//2560 2645//2645 2562//2562
f 2562//2562 2645//2645 2647//2647
f 2563//2563 2646//2646 2561//2561
f 2563//2563 2648//2648 2646//2646
f 2562//2562 2647//2647 2564//2564
f 2564//2564 2647//2647 2649//2649
f 2565//2565 2648//2648 2563//2563
f 2565//2565 2650//2650 2648//2648
f 2564//2564 2649//2649 2566//2566
f 2566//2566 2649//2649 2651//2651
f 2567//2567 2650//2650 2565//2565
f 2567//2567 2652//2652 2650//2650
f 2566//2566 2651//2651 2568//2568
f 2568//2568 2651//2651 2653//2653
f 2569//2569 2652//2652 2567//2567
f 2569//2569 2654//2654 2652//2652
f 2568//2568 2653//2653 2570//2570
f 2570//2570 2653//2653 2655//2655
f 2571//2571 2654//2654 2569//2569
f 2571//2571 2656//2656 2654//2654
f 2570//2570 2655//2655 2572//2572
f 2572//2572 2655//2655 2657//2657
f 2573//2573 2656//2656 2571//2571
f 2573//2573 2658//2658 2656//2656
f 2657//2657 2659//2659 2572//2572
f 2574//2574 2572//2572 2659//2659
f 2658//2658 2575//2575 2660//2660
f 2658//2658 2573//2573 2575//2575
f 2659//2659 2576//2576 2574//2574
f 2661//2661 2576//2576 2659//2659
f 2662//2662 2660//2660 2577//2577
f 2577//2577 2660//2660 2575//2575
f 2661//2661 2578//2578 2576//2576
f 2663//2663 2578//2578 2661//2661
f 2579//2579 2662//2662 2577//2577
f 2579//2579 2664//2664 2662//2662
f 2663//2663 2580//2580 2578//2578
f 2665//2665 2580//2580 2663//2663
f 2581//2581 2664//2664 2579//2579
f 2581//2581 2666//2666 2664//2664
f 2580//2580 2667//2667 2582//2582
f 2580//2580 2665//2665 2667//2667
f 2583//2583 2666//2666 2581//2581
f 2583//2583 2668//2668 2666//2666
f 2667//2667 2669//2669 2582//2582
f 2584//2584 2582//2582 2669//2669
f 2583//2583 2585//2585 2668//2668
f 2668//2668 2585//2585 2670//2670
f 2669//2669 2586//2586 2584//2584
f 2671//2671 2586//2586 2669//2669
f 2587//2587 2670//2670 2585//2585
f 2587//2587 2672//2672 2670//2670
f 2671//2671 2673//2673 2586//2586
f 2586//2586 2673//2673 2588//2588
f 2587//2587 2589//2589 2672//2672
f 2672//2672 2589//2589 2674//2674
f 2588//2588 2675//2675 2590//2590
f 2588//2588 2673//2673 2675//2675
f 2674//2674 2591//2591 2676//2676
f 2674//2674 2589//2589 2591//2591
f 2675//2675 2677//2677 2590//2590
f 2590//2590 2677//2677 2592//2592
f 2678//2678 2676//2676 2593//2593
f 2593//2593 2676//2676 2591//2591
f 2677//2677 2679//2679 2592//2592
f 2679//2679 2594//2594 2592//2592
f 2679//2679 2680//2680 2594//2594
f 2593//2593 2595//2595 2678//2678
f 2678//2678 2595//2595 2681//2681
f 2680//2680 2682//2682 2594//2594
f 2594//2594 2682//2682 2596//2596
f 2595//2595 2597//2597 2681//2681
f 2681//2681 2597//2597 2683//2683
f 2682//2682 2684//2684 2596//2596
f 2596//2596 2684//2684 2598//2598
f 2598//2598 2685//2685 2599//2599
f 2684//2684 2685//2685 2598//2598
f 2600//2600 2687//2687 2601//2601
f 2686//2686 2687//2687 2600//2600
f 2597//2597 2601//2601 2683//2683
f 2683//2683 2601//2601 2687//2687
f 2685//2685 2688//2688 2599//2599
f 2599//2599 2688//2688 2602//2602
f 2602//2602 2689//2689 2603//2603
f 2688//2688 2689//2689 2602//2602
f 2603//2603 2690//2690 2604//2604
f 2689//2689 2690//2690 2603//2603
f 2604//2604 2691//2691 2605//2605
f 2690//2690 2691//2691 2604//2604
f 2605//2605 2692//2692 2606//2606
f 2691//2691 2692//2692 2605//2605
f 2606//2606 2693//2693 2607//2607
f 2692//2692 2693//2693 2606//2606
f 2600//2600 2607//2607 2686//2686
f 2686//2686 2607//2607 2693//2693
f 2695//2695 2694//2694 2608//2608
f 2609//2609 2695//2695 2608//2608
f 2609//2609 2696//2696 2695//2695
f 2697//2697 2609//2609 2610//2610
f 2697//2697 2696//2696 2609//2609
f 2698//2698 2610//2610 2611//2611
f 2698//2698 2697//2697 2610//2610
f 2699//2699 2611//2611 2612//2612
f 2699//2699 2698//2698 2611//2611
f 2612//2612 2700//2700 2699//2699
f 2702//2702 2701//2701 2613//2613
f 2614//2614 2702//2702 2613//2613
f 2614//2614 2703//2703 2702//2702
f 2694//2694 2614//2614 2615//2615
f 2694//2694 2703//2703 2614//2614
f 2615//2615 2608//2608 2694//2694
f 2616//2616 2700//2700 2612//2612
f 2704//2704 2616//2616 2617//2617
f 2704//2704 2700//2700 2616//2616
f 2617//2617 2618//2618 2704//2704
f 2704//2704 2618//2618 2705//2705
f 2707//2707 2706//2706 2619//2619
f 2620//2620 2707//2707 2619//2619
f 2620//2620 2701//2701 2707//2707
f 2620//2620 2613//2613 2701//2701
f 2618//2618 2621//2621 2705//2705
f 2705//2705 2621//2621 2708//2708
f 2706//2706 2709//2709 2623//2623
f 2623//2623 2709//2709 2622//2622
f 2623//2623 2619//2619 2706//2706
f 2621//2621 2624//2624 2708//2708
f 2708//2708 2624//2624 2710//2710
f 2709//2709 2711//2711 2622//2622
f 2622//2622 2711//2711 2625//2625
f 2624//2624 2626//2626 2710//2710
f 2710//2710 2626//2626 2712//2712
f 2711//2711 2713//2713 2625//2625
f 2625//2625 2713//2713 2627//2627
f 2626//2626 2628//2628 2712//2712
f 2712//2712 2628//2628 2714//2714
f 2713//2713 2715//2715 2629//2629
f 2627//2627 2713//2713 2629//2629
f 2630//2630 2714//2714 2628//2628
f 2630//2630 2716//2716 2714//2714
f 2715//2715 2631//2631 2629//2629
f 2715//2715 2717//2717 2631//2631
f 2630//2630 2632//2632 2716//2716
f 2632//2632 2718//2718 2716//2716
f 2717//2717 2633//2633 2631//2631
f 2719//2719 2633//2633 2717//2717
f 2634//2634 2718//2718 2632//2632
f 2634//2634 2720//2720 2718//2718
f 2719//2719 2721//2721 2635//2635
f 2633//2633 2719//2719 2635//2635
f 2636//2636 2720//2720 2634//2634
f 2636//2636 2722//2722 2720//2720
f 2721//2721 2637//2637 2635//2635
f 2721//2721 2723//2723 2637//2637
f 2638//2638 2722//2722 2636//2636
f 2638//2638 2724//2724 2722//2722
f 2723//2723 2639//2639 2637//2637
f 2725//2725 2639//2639 2723//2723
f 2638//2638 2640//2640 2724//2724
f 2724//2724 2640//2640 2726//2726
f 2639//2639 2727//2727 2641//2641
f 2639//2639 2725//2725 2727//2727
f 2642//2642 2726//2726 2640//2640
f 2642//2642 2728//2728 2726//2726
f 2641//2641 2727//2727 2643//2643
f 2643//2643 2727//2727 2729//2729
f 2644//2644 2728//2728 2642//2642
f 2644//2644 2730//2730 2728//2728
f 2729//2729 2645//2645 2643//2643
f 2729//2729 2731//2731 2645//2645
f 2646//2646 2730//2730 2644//2644
f 2646//2646 2732//2732 2730//2730
f 2731//2731 2647//2647 2645//2645
f 2733//2733 2647//2647 2731//2731
f 2648//2648 2732//2732 2646//2646
f 2648//2648 2734//2734 2732//2732
f 2733//2733 2649//2649 2647//2647
f 2735//2735 2649//2649 2733//2733
f 2650//2650 2734//2734 2648//2648
f 2650//2650 2736//2736 2734//2734
f 2735//2735 2651//2651 2649//2649
f 2737//2737 2651//2651 2735//2735
f 2652//2652 2736//2736 2650//2650
f 2652//2652 2738//2738 2736//2736
f 2737//2737 2653//2653 2651//2651
f 2739//2739 2653//2653 2737//2737
f 2654//2654 2738//2738 2652//2652
f 2654//2654 2740//2740 2738//2738
f 2739//2739 2655//2655 2653//2653
f 2741//2741 2655//2655 2739//2739
f 2740//2740 2656//2656 2742//2742
f 2740//2740 2654//2654 2656//2656
f 2741//2741 2657//2657 2655//2655
f 2743//2743 2657//2657 2741//2741
f 2658//2658 2744//2744 2656//2656
f 2656//2656 2744//2744 2742//2742
f 2657//2657 2745//2745 2659//2659
f 2657//2657 2743//2743 2745//2745
f 2746//2746 2744//2744 2660//2660
f 2660//2660 2744//2744 2658//2658
f 2659//2659 2745//2745 2661//2661
f 2661//2661 2745//2745 2747//2747
f 2662//2662 2746//2746 2660//2660
f 2662//2662 2748//2748 2746//2746
f 2661//2661 2747//2747 2663//2663
f 2663//2663 2747//2747 2749//2749
f 2664//2664 2748//2748 2662//2662
f 2664//2664 2750//2750 2748//2748
f 2749//2749 2751//2751 2663//2663
f 2665//2665 2663//2663 2751//2751
f 2666//2666 2750//2750 2664//2664
f 2666//2666 2752//2752 2750//2750
f 2751//2751 2667//2667 2665//2665
f 2753//2753 2667//2667 2751//2751
f 2752//2752 2668//2668 2754//2754
f 2752//2752 2666//2666 2668//2668
f 2667//2667 2755//2755 2669//2669
f 2667//2667 2753//2753 2755//2755
f 2756//2756 2754//2754 2670//2670
f 2670//2670 2754//2754 2668//2668
f 2755//2755 2757//2757 2669//2669
f 2671//2671 2669//2669 2757//2757
f 2672//2672 2756//2756 2670//2670
f 2672//2672 2758//2758 2756//2756
f 2671//2671 2759//2759 2673//2673
f 2671//2671 2757//2757 2759//2759
f 2672//2672 2674//2674 2758//2758
f 2758//2758 2674//2674 2760//2760
f 2759//2759 2761//2761 2673//2673
f 2675//2675 2673//2673 2761//2761
f 2674//2674 2676//2676 2760//2760
f 2760//2760 2676//2676 2762//2762
f 2761//2761 2763//2763 2675//2675
f 2675//2675 2763//2763 2677//2677
f 2678//2678 2762//2762 2676//2676
f 2678//2678 2764//2764 2762//2762
f 2763//2763 2765//2765 2677//2677
f 2677//2677 2765//2765 2679//2679
f 2679//2679 2765//2765 2680//2680
f 2678//2678 2681//2681 2764//2764
f 2764//2764 2681//2681 2766//2766
f 2765//2765 2767//2767 2680//2680
f 2767//2767 2682//2682 2680//2680
f 2767//2767 2768//2768 2682//2682
f 2681//2681 2683//2683 2766//2766
f 2766//2766 2683//2683 2769//2769
f 2768//2768 2770//2770 2682//2682
f 2682//2682 2770//2770 2684//2684
f 2684//2684 2771//2771 2685//2685
f 2770//2770 2771//2771 2684//2684
f 2686//2686 2773//2773 2687//2687
f 2772//2772 2773//2773 2686//2686
f 2683//2683 2687//2687 2769//2769
f 2769//2769 2687//2687 2773//2773
f 2771//2771 2774//2774 2685//2685
f 2685//2685 2774//2774 2688//2688
f 2688//2688 2775//2775 2689//2689
f 2774//2774 2775//2775 2688//2688
f 2689//2689 2776//2776 2690//2690
f 2775//2775 2776//2776 2689//2689
f 2690//2690 2777//2777 2691//2691
f 2776//2776 2777//2777 2690//2690
f 2691//2691 2778//2778 2692//2692
f 2777//2777 2778//2778 2691//2691
f 2692//2692 2779//2779 2693//2693
f 2778//2778 2779//2779 2692//2692
f 2686//2686 2693//2693 2772//2772
f 2772//2772 2693//2693 2779//2779
f 2781//2781 2780//2780 2694//2694
f 2695//2695 2781//2781 2694//2694
f 2695//2695 2782//2782 2781//2781
f 2783//2783 2695//2695 2696//2696
f 2783//2783 2782//2782 2695//2695
f 2784//2784 2696//2696 2697//2697
f 2784//2784 2783//2783 2696//2696
f 2785//2785 2697//2697 2698//2698
f 2785//2785 2784//2784 2697//2697
f 2786//2786 2698//2698 2699//2699
f 2786//2786 2785//2785 2698//2698
f 2787//2787 2699//2699 2700//2700
f 2787//2787 2786//2786 2699//2699
f 2700//2700 2788//2788 2787//2787
f 2790//2790 2789//2789 2702//2702
f 2702//2702 2789//2789 2701//2701
f 2780//2780 2702//2702 2703//2703
f 2780//2780 2790//2790 2702//2702
f 2703//2703 2694//2694 2780//2780
f 2704//2704 2788//2788 2700//2700
f 2704//2704 2705//2705 2788//2788
f 2788//2788 2705//2705 2791//2791
f 2793//2793 2792//2792 2707//2707
f 2707//2707 2792//2792 2706//2706
f 2789//2789 2707//2707 2701//2701
f 2789//2789 2793//2793 2707//2707
f 2705//2705 2708//2708 2791//2791
f 2791//2791 2708//2708 2794//2794
f 2792//2792 2795//2795 2706//2706
f 2706//2706 2795//2795 2709//2709
f 2708//2708 2710//2710 2794//2794
f 2794//2794 2710//2710 2796//2796
f 2795//2795 2797//2797 2709//2709
f 2709//2709 2797//2797 2711//2711
f 2710//2710 2712//2712 2796//2796
f 2796//2796 2712//2712 2798//2798
f 2797//2797 2799//2799 2711//2711
f 2711//2711 2799//2799 2713//2713
f 2712//2712 2714//2714 2798//2798
f 2798//2798 2714//2714 2800//2800
f 2799//2799 2801//2801 2713//2713
f 2713//2713 2801//2801 2715//2715
f 2716//2716 2800//2800 2714//2714
f 2716//2716 2802//2802 2800//2800
f 2801//2801 2717//2717 2715//2715
f 2803//2803 2717//2717 2801//2801
f 2802//2802 2716//2716 2804//2804
f 2718//2718 2804//2804 2716//2716
f 2803//2803 2805//2805 2719//2719
f 2717//2717 2803//2803 2719//2719
f 2718//2718 2806//2806 2804//2804
f 2718//2718 2720//2720 2806//2806
f 2805//2805 2721//2721 2719//2719
f 2805//2805 2807//2807 2721//2721
f 2722//2722 2806//2806 2720//2720
f 2722//2722 2808//2808 2806//2806
f 2807//2807 2723//2723 2721//2721
f 2809//2809 2723//2723 2807//2807
f 2724//2724 2808//2808 2722//2722
f 2724//2724 2810//2810 2808//2808
f 2809//2809 2725//2725 2723//2723
f 2811//2811 2725//2725 2809//2809
f 2810//2810 2724//2724 2812//2812
f 2726//2726 2812//2812 2724//2724
f 2811//2811 2727//2727 2725//2725
f 2813//2813 2727//2727 2811//2811
f 2728//2728 2814//2814 2726//2726
f 2726//2726 2814//2814 2812//2812
f 2813//2813 2729//2729 2727//2727
f 2815//2815 2729//2729 2813//2813
f 2728//2728 2816//2816 2814//2814
f 2728//2728 2730//2730 2816//2816
f 2815//2815 2731//2731 2729//2729
f 2817//2817 2731//2731 2815//2815
f 2732//2732 2816//2816 2730//2730
f 2732//2732 2818//2818 2816//2816
f 2817//2817 2733//2733 2731//2731
f 2819//2819 2733//2733 2817//2817
f 2734//2734 2818//2818 2732//2732
f 2734//2734 2820//2820 2818//2818
f 2819//2819 2735//2735 2733//2733
f 2821//2821 2735//2735 2819//2819
f 2820//2820 2736//2736 2822//2822
f 2820//2820 2734//2734 2736//2736
f 2821//2821 2737//2737 2735//2735
f 2823//2823 2737//2737 2821//2821
f 2738//2738 2824//2824 2736//2736
f 2736//2736 2824//2824 2822//2822
f 2823//2823 2739//2739 2737//2737
f 2825//2825 2739//2739 2823//2823
f 2740//2740 2826//2826 2738//2738
f 2738//2738 2826//2826 2824//2824
f 2825//2825 2741//2741 2739//2739
f 2827//2827 2741//2741 2825//2825
f 2828//2828 2826//2826 2742//2742
f 2742//2742 2826//2826 2740//2740
f 2827//2827 2743//2743 2741//2741
f 2829//2829 2743//2743 2827//2827
f 2744//2744 2828//2828 2742//2742
f 2744//2744 2830//2830 2828//2828
f 2829//2829 2745//2745 2743//2743
f 2831//2831 2745//2745 2829//2829
f 2746//2746 2830//2830 2744//2744
f 2746//2746 2832//2832 2830//2830
f 2831//2831 2747//2747 2745//2745
f 2833//2833 2747//2747 2831//2831
f 2748//2748 2832//2832 2746//2746
f 2748//2748 2834//2834 2832//2832
f 2833//2833 2749//2749 2747//2747
f 2835//2835 2749//2749 2833//2833
f 2750//2750 2834//2834 2748//2748
f 2750//2750 2836//2836 2834//2834
f 2749//2749 2837//2837 2751//2751
f 2749//2749 2835//2835 2837//2837
f 2836//2836 2752//2752 2838//2838
f 2836//2836 2750//2750 2752//2752
f 2837//2837 2839//2839 2751//2751
f 2753//2753 2751//2751 2839//2839
f 2840//2840 2838//2838 2754//2754
f 2754//2754 2838//2838 2752//2752
f 2839//2839 2755//2755 2753//2753
f 2841//2841 2755//2755 2839//2839
f 2756//2756 2840//2840 2754//2754
f 2756//2756 2842//2842 2840//2840
f 2755//2755 2843//2843 2757//2757
f 2755//2755 2841//2841 2843//2843
f 2842//2842 2758//2758 2844//2844
f 2842//2842 2756//2756 2758//2758
f 2843//2843 2845//2845 2757//2757
f 2759//2759 2757//2757 2845//2845
f 2846//2846 2844//2844 2760//2760
f 2760//2760 2844//2844 2758//2758
f 2845//2845 2847//2847 2759//2759
f 2759//2759 2847//2847 2761//2761
f 2760//2760 2762//2762 2846//2846
f 2846//2846 2762//2762 2848//2848
f 2847//2847 2849//2849 2761//2761
f 2761//2761 2849//2849 2763//2763
f 2764//2764 2848//2848 2762//2762
f 2764//2764 2850//2850 2848//2848
f 2849//2849 2851//2851 2763//2763
f 2763//2763 2851//2851 2765//2765
f 2764//2764 2766//2766 2850//2850
f 2850//2850 2766//2766 2852//2852
f 2851//2851 2853//2853 2765//2765
f 2765//2765 2853//2853 2767//2767
f 2767//2767 2853//2853 2768//2768
f 2766//2766 2769//2769 2852//2852
f 2852//2852 2769//2769 2854//2854
f 2853//2853 2855//2855 2768//2768
f 2855//2855 2770//2770 2768//2768
f 2855//2855 2856//2856 2770//2770
f 2770//2770 2856//2856 2771//2771
f 2772//2772 2858//2858 2773//2773
f 2857//2857 2858//2858 2772//2772
f 2769//2769 2773//2773 2854//2854
f 2854//2854 2773//2773 2858//2858
f 2856//2856 2859//2859 2771//2771
f 2859//2859 2774//2774 2771//2771
f 2859//2859 2860//2860 2774//2774
f 2774//2774 2861//2861 2775//2775
f 2860//2860 2861//2861 2774//2774
f 2775//2775 2862//2862 2776//2776
f 2861//2861 2862//2862 2775//2775
f 2776//2776 2863//2863 2777//2777
f 2862//2862 2863//2863 2776//2776
f 2777//2777 2864//2864 2778//2778
f 2863//2863 2864//2864 2777//2777
f 2778//2778 2865//2865 2779//2779
f 2864//2864 2865//2865 2778//2778
f 2772//2772 2779//2779 2857//2857
f 2857//2857 2779//2779 2865//2865
f 2867//2867 2866//2866 2780//2780
f 2781//2781 2867//2867 2780//2780
f 2781//2781 2868//2868 2867//2867
f 2869//2869 2781//2781 2782//2782
f 2869//2869 2868//2868 2781//2781
f 2870//2870 2782//2782 2783//2783
f 2870//2870 2869//2869 2782//2782
f 2871//2871 2783//2783 2784//2784
f 2871//2871 2870//2870 2783//2783
f 2872//2872 2784//2784 2785//2785
f 2872//2872 2871//2871 2784//2784
f 2873//2873 2785//2785 2786//2786
f 2873//2873 2872//2872 2785//2785
f 2874//2874 2786//2786 2787//2787
f 2874//2874 2873//2873 2786//2786
f 2787//2787 2788//2788 2874//2874
f 2874//2874 2788//2788 2875//2875
f 2877//2877 2876//2876 2789//2789
f 2790//2790 2877//2877 2789//2789
f 2790//2790 2866//2866 2877//2877
f 2790//2790 2780//2780 2866//2866
f 2878//2878 2788//2788 2791//2791
f 2878//2878 2875//2875 2788//2788
f 2791//2791 2879//2879 2878//2878
f 2876//2876 2880//2880 2793//2793
f 2793//2793 2880//2880 2792//2792
f 2793//2793 2789//2789 2876//2876
f 2794//2794 2879//2879 2791//2791
f 2794//2794 2881//2881 2879//2879
f 2883//2883 2882//2882 2795//2795
f 2792//2792 2883//2883 2795//2795
f 2792//2792 2880//2880 2883//2883
f 2796//2796 2881//2881 2794//2794
f 2796//2796 2884//2884 2881//2881
f 2882//2882 2885//2885 2797//2797
f 2882//2882 2797//2797 2795//2795
f 2798//2798 2884//2884 2796//2796
f 2798//2798 2886//2886 2884//2884
f 2885//2885 2887//2887 2799//2799
f 2885//2885 2799//2799 2797//2797
f 2798//2798 2800//2800 2886//2886
f 2886//2886 2800//2800 2888//2888
f 2887//2887 2801//2801 2799//2799
f 2887//2887 2889//2889 2801//2801
f 2802//2802 2888//2888 2800//2800
f 2802//2802 2890//2890 2888//2888
f 2889//2889 2891//2891 2803//2803
f 2801//2801 2889//2889 2803//2803
f 2804//2804 2890//2890 2802//2802
f 2804//2804 2892//2892 2890//2890
f 2891//2891 2805//2805 2803//2803
f 2891//2891 2893//2893 2805//2805
f 2804//2804 2806//2806 2892//2892
f 2892//2892 2806//2806 2894//2894
f 2893//2893 2807//2807 2805//2805
f 2895//2895 2807//2807 2893//2893
f 2808//2808 2894//2894 2806//2806
f 2808//2808 2896//2896 2894//2894
f 2895//2895 2809//2809 2807//2807
f 2897//2897 2809//2809 2895//2895
f 2810//2810 2896//2896 2808//2808
f 2810//2810 2898//2898 2896//2896
f 2897//2897 2811//2811 2809//2809
f 2899//2899 2811//2811 2897//2897
f 2812//2812 2898//2898 2810//2810
f 2812//2812 2900//2900 2898//2898
f 2899//2899 2813//2813 2811//2811
f 2901//2901 2813//2813 2899//2899
f 2814//2814 2900//2900 2812//2812
f 2814//2814 2902//2902 2900//2900
f 2901//2901 2815//2815 2813//2813
f 2903//2903 2815//2815 2901//2901
f 2902//2902 2814//2814 2904//2904
f 2816//2816 2904//2904 2814//2814
f 2903//2903 2817//2817 2815//2815
f 2905//2905 2817//2817 2903//2903
f 2818//2818 2906//2906 2816//2816
f 2816//2816 2906//2906 2904//2904
f 2905//2905 2819//2819 2817//2817
f 2907//2907 2819//2819 2905//2905
f 2820//2820 2908//2908 2818//2818
f 2818//2818 2908//2908 2906//2906
f 2907//2907 2821//2821 2819//2819
f 2909//2909 2821//2821 2907//2907
f 2910//2910 2908//2908 2822//2822
f 2822//2822 2908//2908 2820//2820
f 2909//2909 2911//2911 2823//2823
f 2821//2821 2909//2909 2823//2823
f 2824//2824 2910//2910 2822//2822
f 2824//2824 2912//2912 2910//2910
f 2823//2823 2911//2911 2825//2825
f 2825//2825 2911//2911 2913//2913
f 2826//2826 2912//2912 2824//2824
f 2826//2826 2914//2914 2912//2912
f 2825//2825 2913//2913 2827//2827
f 2827//2827 2913//2913 2915//2915
f 2828//2828 2914//2914 2826//2826
f 2828//2828 2916//2916 2914//2914
f 2827//2827 2915//2915 2829//2829
f 2829//2829 2915//2915 2917//2917
f 2830//2830 2916//2916 2828//2828
f 2830//2830 2918//2918 2916//2916
f 2829//2829 2917//2917 2831//2831
f 2831//2831 2917//2917 2919//2919
f 2832//2832 2918//2918 2830//2830
f 2832//2832 2920//2920 2918//2918
f 2919//2919 2921//2921 2831//2831
f 2833//2833 2831//2831 2921//2921
f 2834//2834 2920//2920 2832//2832
f 2834//2834 2922//2922 2920//2920
f 2921//2921 2835//2835 2833//2833
f 2923//2923 2835//2835 2921//2921
f 2922//2922 2836//2836 2924//2924
f 2922//2922 2834//2834 2836//2836
f 2923//2923 2837//2837 2835//2835
f 2925//2925 2837//2837 2923//2923
f 2926//2926 2924//2924 2838//2838
f 2838//2838 2924//2924 2836//2836
f 2837//2837 2927//2927 2839//2839
f 2837//2837 2925//2925 2927//2927
f 2840//2840 2926//2926 2838//2838
f 2840//2840 2928//2928 2926//2926
f 2927//2927 2929//2929 2839//2839
f 2841//2841 2839//2839 2929//2929
f 2842//2842 2928//2928 2840//2840
f 2842//2842 2930//2930 2928//2928
f 2929//2929 2843//2843 2841//2841
f 2931//2931 2843//2843 2929//2929
f 2842//2842 2844//2844 2930//2930
f 2930//2930 2844//2844 2932//2932
f 2931//2931 2933//2933 2843//2843
f 2843//2843 2933//2933 2845//2845
f 2846//2846 2932//2932 2844//2844
f 2846//2846 2934//2934 2932//2932
f 2845//2845 2935//2935 2847//2847
f 2845//2845 2933//2933 2935//2935
f 2846//2846 2848//2848 2934//2934
f 2934//2934 2848//2848 2936//2936
f 2935//2935 2937//2937 2847//2847
f 2847//2847 2937//2937 2849//2849
f 2850//2850 2936//2936 2848//2848
f 2850//2850 2938//2938 2936//2936
f 2937//2937 2939//2939 2849//2849
f 2849//2849 2939//2939 2851//2851
f 2850//2850 2852//2852 2938//2938
f 2938//2938 2852//2852 2940//2940
f 2939//2939 2941//2941 2851//2851
f 2941//2941 2853//2853 2851//2851
f 2941//2941 2942//2942 2853//2853
f 2852//2852 2854//2854 2940//2940
f 2940//2940 2854//2854 2943//2943
f 2942//2942 2944//2944 2853//2853
f 2853//2853 2944//2944 2855//2855
f 2855//2855 2945//2945 2856//2856
f 2944//2944 2945//2945 2855//2855
f 2857//2857 2947//2947 2858//2858
f 2946//2946 2947//2947 2857//2857
f 2854//2854 2858//2858 2943//2943
f 2943//2943 2858//2858 2947//2947
f 2945//2945 2948//2948 2856//2856
f 2856//2856 2948//2948 2859//2859
f 2859//2859 2949//2949 2860//2860
f 2948//2948 2949//2949 2859//2859
f 2860//2860 2950//2950 2861//2861
f 2949//2949 2950//2950 2860//2860
f 2861//2861 2951//2951 2862//2862
f 2950//2950 2951//2951 2861//2861
f 2862//2862 2952//2952 2863//2863
f 2951//2951 2952//2952 2862//2862
f 2863//2863 2953//2953 2864//2864
f 2952//2952 2953//2953 2863//2863
f 2864//2864 2954//2954 2865//2865
f 2953//2953 2954//2954 2864//2864
f 2857//2857 2865//2865 2946//2946
f 2946//2946 2865//2865 2954//2954
f 2956//2956 2955//2955 2869//2869
f 2870//2870 2957//2957 2869//2869
f 2869//2869 2957//2957 2956//2956
f 2871//2871 2958//2958 2870//2870
f 2870//2870 2958//2958 2957//2957
f 2872//2872 2959//2959 2871//2871
f 2871//2871 2959//2959 2958//2958
f 2872//2872 2960//2960 2959//2959
f 2962//2962 2961//2961 2867//2867
f 2867//2867 2961//2961 2866//2866
f 2955//2955 2867//2867 2868//2868
f 2955//2955 2962//2962 2867//2867
f 2868//2868 2869//2869 2955//2955
f 2873//2873 2960//2960 2872//2872
f 2963//2963 2873//2873 2874//2874
f 2963//2963 2960//2960 2873//2873
f 2964//2964 2874//2874 2875//2875
f 2964//2964 2963//2963 2874//2874
f 2875//2875 2965//2965 2964//2964
f 2967//2967 2966//2966 2877//2877
f 2877//2877 2966//2966 2876//2876
f 2961//2961 2877//2877 2866//2866
f 2961//2961 2967//2967 2877//2877
f 2878//2878 2965//2965 2875//2875
f 2878//2878 2879//2879 2965//2965
f 2965//2965 2879//2879 2968//2968
f 2970//2970 2969//2969 2880//2880
f 2876//2876 2970//2970 2880//2880
f 2876//2876 2966//2966 2970//2970
f 2879//2879 2881//2881 2968//2968
f 2968//2968 2881//2881 2971//2971
f 2969//2969 2972//2972 2883//2883
f 2883//2883 2972//2972 2882//2882
f 2883//2883 2880//2880 2969//2969
f 2881//2881 2884//2884 2971//2971
f 2971//2971 2884//2884 2973//2973
f 2972//2972 2974//2974 2882//2882
f 2882//2882 2974//2974 2885//2885
f 2886//2886 2973//2973 2884//2884
f 2886//2886 2975//2975 2973//2973
f 2974//2974 2976//2976 2885//2885
f 2885//2885 2976//2976 2887//2887
f 2886//2886 2888//2888 2975//2975
f 2975//2975 2888//2888 2977//2977
f 2976//2976 2978//2978 2889//2889
f 2887//2887 2976//2976 2889//2889
f 2890//2890 2977//2977 2888//2888
f 2890//2890 2979//2979 2977//2977
f 2978//2978 2891//2891 2889//2889
f 2978//2978 2980//2980 2891//2891
f 2892//2892 2979//2979 2890//2890
f 2892//2892 2981//2981 2979//2979
f 2980//2980 2893//2893 2891//2891
f 2982//2982 2893//2893 2980//2980
f 2892//2892 2894//2894 2981//2981
f 2981//2981 2894//2894 2983//2983
f 2982//2982 2895//2895 2893//2893
f 2984//2984 2895//2895 2982//2982
f 2896//2896 2983//2983 2894//2894
f 2896//2896 2985//2985 2983//2983
f 2984//2984 2897//2897 2895//2895
f 2986//2986 2897//2897 2984//2984
f 2898//2898 2985//2985 2896//2896
f 2898//2898 2987//2987 2985//2985
f 2986//2986 2899//2899 2897//2897
f 2988//2988 2899//2899 2986//2986
f 2900//2900 2987//2987 2898//2898
f 2900//2900 2989//2989 2987//2987
f 2988//2988 2990//2990 2901//2901
f 2899//2899 2988//2988 2901//2901
f 2902//2902 2989//2989 2900//2900
f 2902//2902 2991//2991 2989//2989
f 2901//2901 2990//2990 2903//2903
f 2903//2903 2990//2990 2992//2992
f 2904//2904 2991//2991 2902//2902
f 2904//2904 2993//2993 2991//2991
f 2903//2903 2992//2992 2905//2905
f 2905//2905 2992//2992 2994//2994
f 2906//2906 2993//2993 2904//2904
f 2906//2906 2995//2995 2993//2993
f 2905//2905 2994//2994 2907//2907
f 2907//2907 2994//2994 2996//2996
f 2908//2908 2995//2995 2906//2906
f 2908//2908 2997//2997 2995//2995
f 2907//2907 2996//2996 2909//2909
f 2909//2909 2996//2996 2998//2998
f 2910//2910 2997//2997 2908//2908
f 2910//2910 2999//2999 2997//2997
f 2998//2998 2911//2911 2909//2909
f 2998//2998 3000//3000 2911//2911
f 2912//2912 2999//2999 2910//2910
f 2912//2912 3001//3001 2999//2999
f 3000//3000 2913//2913 2911//2911
f 3002//3002 2913//2913 3000//3000
f 2914//2914 3001//3001 2912//2912
f 2914//2914 3003//3003 3001//3001
f 3002//3002 2915//2915 2913//2913
f 3004//3004 2915//2915 3002//3002
f 2916//2916 3003//3003 2914//2914
f 2916//2916 3005//3005 3003//3003
f 3004//3004 2917//2917 2915//2915
f 3006//3006 2917//2917 3004//3004
f 2918//2918 3005//3005 2916//2916
f 2918//2918 3007//3007 3005//3005
f 3006//3006 2919//2919 2917//2917
f 3008//3008 2919//2919 3006//3006
f 3007//3007 2920//2920 3009//3009
f 3007//3007 2918//2918 2920//2920
f 2919//2919 3010//3010 2921//2921
f 2919//2919 3008//3008 3010//3010
f 2922//2922 3011//3011 2920//2920
f 2920//2920 3011//3011 3009//3009
f 2921//2921 3010//3010 2923//2923
f 2923//2923 3010//3010 3012//3012
f 3013//3013 3011//3011 2924//2924
f 2924//2924 3011//3011 2922//2922
f 3012//3012 3014//3014 2923//2923
f 2925//2925 2923//2923 3014//3014
f 2926//2926 3013//3013 2924//2924
f 2926//2926 3015//3015 3013//3013
f 3014//3014 2927//2927 2925//2925
f 3016//3016 2927//2927 3014//3014
f 2928//2928 3015//3015 2926//2926
f 2928//2928 3017//3017 3015//3015
f 2927//2927 3018//3018 2929//2929
f 2927//2927 3016//3016 3018//3018
f 3017//3017 2930//2930 3019//3019
f 3017//3017 2928//2928 2930//2930
f 3018//3018 3020//3020 2929//2929
f 2931//2931 2929//2929 3020//3020
f 3021//3021 3019//3019 2932//2932
f 2932//2932 3019//3019 2930//2930
f 2931//2931 3022//3022 2933//2933
f 2931//2931 3020//3020 3022//3022
f 2934//2934 3021//3021 2932//2932
f 2934//2934 3023//3023 3021//3021
f 3022//3022 3024//3024 2933//2933
f 2935//2935 2933//2933 3024//3024
f 2934//2934 2936//2936 3023//3023
f 3023//3023 2936//2936 3025//3025
f 3024//3024 3026//3026 2935//2935
f 2935//2935 3026//3026 2937//2937
f 3025//3025 2938//2938 3027//3027
f 3025//3025 2936//2936 2938//2938
f 3026//3026 3028//3028 2937//2937
f 2937//2937 3028//3028 2939//2939
f 3029//3029 3027//3027 2940//2940
f 2940//2940 3027//3027 2938//2938
f 3028//3028 3030//3030 2939//2939
f 2939//2939 3030//3030 2941//2941
f 2941//2941 3030//3030 2942//2942
f 2940//2940 2943//2943 3029//3029
f 3029//3029 2943//2943 3031//3031
f 3030//3030 3032//3032 2942//2942
f 3032//3032 2944//2944 2942//2942
f 3032//3032 3033//3033 2944//2944
f 2944//2944 3033//3033 2945//2945
f 2946//2946 3035//3035 2947//2947
f 3034//3034 3035//3035 2946//2946
f 2943//2943 2947//2947 3031//3031
f 3031//3031 2947//2947 3035//3035
f 3033//3033 3036//3036 2945//2945
f 3036//3036 2948//2948 2945//2945
f 3036//3036 3037//3037 2948//2948
f 2948//2948 3038//3038 2949//2949
f 3037//3037 3038//3038 2948//2948
f 2949//2949 3038//3038 2950//2950
f 2953//2953 2952//2952 3039//3039
f 2953//2953 3040//3040 2954//2954
f 3039//3039 3040//3040 2953//2953
f 2946//2946 2954//2954 3034//3034
f 3034//3034 2954//2954 3040//3040
f 3038//3038 3041//3041 2950//2950
f 2950//2950 3041//3041 2951//2951
f 2951//2951 3041//3041 3042//3042
f 2951//2951 3042//3042 2952//2952
f 2952//2952 3042//3042 3043//3043
f 2952//2952 3043//3043 3039//3039
f 3045//3045 3044//3044 2955//2955
f 2956//2956 3045//3045 2955//2955
f 2956//2956 3046//3046 3045//3045
f 3047//3047 2956//2956 2957//2957
f 3047//3047 3046//3046 2956//2956
f 3048//3048 2957//2957 2958//2958
f 3048//3048 3047//3047 2957//2957
f 3049//3049 2958//2958 2959//2959
f 3049//3049 3048//3048 2958//2958
f 3050//3050 2959//2959 2960//2960
f 3050//3050 3049//3049 2959//2959
f 2960//2960 3051//3051 3050//3050
f 3053//3053 3052//3052 2961//2961
f 2962//2962 3053//3053 2961//2961
f 2962//2962 3044//3044 3053//3053
f 2962//2962 2955//2955 3044//3044
f 2963//2963 3051//3051 2960//2960
f 3054//3054 2963//2963 2964//2964
f 3054//3054 3051//3051 2963//2963
f 2964//2964 2965//2965 3054//3054
f 3054//3054 2965//2965 3055//3055
f 3057//3057 3056//3056 2966//2966
f 2967//2967 3057//3057 2966//2966
f 2967//2967 3052//3052 3057//3057
f 2967//2967 2961//2961 3052//3052
f 2965//2965 2968//2968 3055//3055
f 3055//3055 2968//2968 3058//3058
f 3056//3056 3059//3059 2970//2970
f 2970//2970 3059//3059 2969//2969
f 2970//2970 2966//2966 3056//3056
f 2968//2968 2971//2971 3058//3058
f 3058//3058 2971//2971 3060//3060
f 3059//3059 3061//3061 2969//2969
f 2969//2969 3061//3061 2972//2972
f 2971//2971 2973//2973 3060//3060
f 3060//3060 2973//2973 3062//3062
f 3061//3061 3063//3063 2972//2972
f 2972//2972 3063//3063 2974//2974
f 2975//2975 3062//3062 2973//2973
f 2975//2975 3064//3064 3062//3062
f 3063//3063 3065//3065 2974//2974
f 2974//2974 3065//3065 2976//2976
f 2975//2975 2977//2977 3064//3064
f 3064//3064 2977//2977 3066//3066
f 3065//3065 3067//3067 2976//2976
f 2976//2976 3067//3067 2978//2978
f 2979//2979 3066//3066 2977//2977
f 2979//2979 3068//3068 3066//3066
f 3067//3067 2980//2980 2978//2978
f 3069//3069 2980//2980 3067//3067
f 2981//2981 3068//3068 2979//2979
f 2981//2981 3070//3070 3068//3068
f 3069//3069 2982//2982 2980//2980
f 3071//3071 2982//2982 3069//3069
f 3070//3070 2981//2981 3072//3072
f 2983//2983 3072//3072 2981//2981
f 3071//3071 3073//3073 2984//2984
f 2982//2982 3071//3071 2984//2984
f 2983//2983 3074//3074 3072//3072
f 2983//2983 2985//2985 3074//3074
f 2984//2984 3073//3073 2986//2986
f 2986//2986 3073//3073 3075//3075
f 2987//2987 3074//3074 2985//2985
f 2987//2987 3076//3076 3074//3074
f 2986//2986 3075//3075 2988//2988
f 2988//2988 3075//3075 3077//3077
f 2989//2989 3076//3076 2987//2987
f 2989//2989 3078//3078 3076//3076
f 3077//3077 2990//2990 2988//2988
f 3077//3077 3079//3079 2990//2990
f 2991//2991 3078//3078 2989//2989
f 2991//2991 3080//3080 3078//3078
f 3079//3079 2992//2992 2990//2990
f 3081//3081 2992//2992 3079//3079
f 2993//2993 3080//3080 2991//2991
f 2993//2993 3082//3082 3080//3080
f 3081//3081 2994//2994 2992//2992
f 3083//3083 2994//2994 3081//3081
f 2995//2995 3082//3082 2993//2993
f 2995//2995 3084//3084 3082//3082
f 3083//3083 2996//2996 2994//2994
f 3085//3085 2996//2996 3083//3083
f 2997//2997 3084//3084 2995//2995
f 2997//2997 3086//3086 3084//3084
f 3085//3085 2998//2998 2996//2996
f 3087//3087 2998//2998 3085//3085
f 2999//2999 3086//3086 2997//2997
f 2999//2999 3088//3088 3086//3086
f 3087//3087 3000//3000 2998//2998
f 3089//3089 3000//3000 3087//3087
f 3001//3001 3088//3088 2999//2999
f 3001//3001 3090//3090 3088//3088
f 3089//3089 3002//3002 3000//3000
f 3091//3091 3002//3002 3089//3089
f 3003//3003 3090//3090 3001//3001
f 3003//3003 3092//3092 3090//3090
f 3091//3091 3004//3004 3002//3002
f 3093//3093 3004//3004 3091//3091
f 3092//3092 3005//3005 3094//3094
f 3092//3092 3003//3003 3005//3005
f 3093//3093 3006//3006 3004//3004
f 3095//3095 3006//3006 3093//3093
f 3007//3007 3096//3096 3005//3005
f 3005//3005 3096//3096 3094//3094
f 3095//3095 3008//3008 3006//3006
f 3097//3097 3008//3008 3095//3095
f 3098//3098 3096//3096 3009//3009
f 3009//3009 3096//3096 3007//3007
f 3097//3097 3010//3010 3008//3008
f 3099//3099 3010//3010 3097//3097
f 3011//3011 3098//3098 3009//3009
f 3011//3011 3100//3100 3098//3098
f 3099//3099 3012//3012 3010//3010
f 3101//3101 3012//3012 3099//3099
f 3013//3013 3100//3100 3011//3011
f 3013//3013 3102//3102 3100//3100
f 3012//3012 3103//3103 3014//3014
f 3012//3012 3101//3101 3103//3103
f 3015//3015 3102//3102 3013//3013
f 3015//3015 3104//3104 3102//3102
f 3014//3014 3103//3103 3016//3016
f 3016//3016 3103//3103 3105//3105
f 3104//3104 3017//3017 3106//3106
f 3104//3104 3015//3015 3017//3017
f 3105//3105 3107//3107 3016//3016
f 3018//3018 3016//3016 3107//3107
f 3108//3108 3106//3106 3019//3019
f 3019//3019 3106//3106 3017//3017
f 3018//3018 3109//3109 3020//3020
f 3018//3018 3107//3107 3109//3109
f 3021//3021 3108//3108 3019//3019
f 3021//3021 3110//3110 3108//3108
f 3109//3109 3111//3111 3020//3020
f 3022//3022 3020//3020 3111//3111
f 3023//3023 3110//3110 3021//3021
f 3023//3023 3112//3112 3110//3110
f 3022//3022 3113//3113 3024//3024
f 3022//3022 3111//3111 3113//3113
f 3023//3023 3025//3025 3112//3112
f 3112//3112 3025//3025 3114//3114
f 3113//3113 3115//3115 3024//3024
f 3024//3024 3115//3115 3026//3026
f 3025//3025 3027//3027 3114//3114
f 3114//3114 3027//3027 3116//3116
f 3115//3115 3117//3117 3026//3026
f 3117//3117 3028//3028 3026//3026
f 3117//3117 3118//3118 3028//3028
f 3029//3029 3116//3116 3027//3027
f 3029//3029 3119//3119 3116//3116
f 3118//3118 3120//3120 3028//3028
f 3028//3028 3120//3120 3030//3030
f 3029//3029 3031//3031 3119//3119
f 3119//3119 3031//3031 3121//3121
f 3120//3120 3122//3122 3030//3030
f 3030//3030 3122//3122 3032//3032
f 3032//3032 3123//3123 3033//3033
f 3122//3122 3123//3123 3032//3032
f 3034//3034 3125//3125 3035//3035
f 3124//3124 3125//3125 3034//3034
f 3031//3031 3035//3035 3121//3121
f 3121//3121 3035//3035 3125//3125
f 3123//3123 3126//3126 3033//3033
f 3033//3033 3126//3126 3036//3036
f 3036//3036 3127//3127 3037//3037
f 3126//3126 3127//3127 3036//3036
f 3037//3037 3127//3127 3038//3038
f 3039//3039 3129//3129 3040//3040
f 3128//3128 3129//3129 3039//3039
f 3034//3034 3040//3040 3124//3124
f 3124//3124 3040//3040 3129//3129
f 3127//3127 3130//3130 3038//3038
f 3130//3130 3041//3041 3038//3038
f 3130//3130 3131//3131 3041//3041
f 3041//3041 3132//3132 3042//3042
f 3131//3131 3132//3132 3041//3041
f 3042//3042 3133//3133 3043//3043
f 3132//3132 3133//3133 3042//3042
f 3039//3039 3043//3043 3128//3128
f 3128//3128 3043//3043 3133//3133
f 3135//3135 3134//3134 3044//3044
f 3045//3045 3135//3135 3044//3044
f 3045//3045 3136//3136 3135//3135
f 3137//3137 3045//3045 3046//3046
f 3137//3137 3136//3136 3045//3045
f 3138//3138 3046//3046 3047//3047
f 3138//3138 3137//3137 3046//3046
f 3139//3139 3047//3047 3048//3048
f 3139//3139 3138//3138 3047//3047
f 3140//3140 3048//3048 3049//3049
f 3140//3140 3139//3139 3048//3048
f 3141//3141 3049//3049 3050//3050
f 3141//3141 3140//3140 3049//3049
f 3142//3142 3050//3050 3051//3051
f 3142//3142 3141//3141 3050//3050
f 3051//3051 3143//3143 3142//3142
f 3145//3145 3144//3144 3052//3052
f 3053//3053 3145//3145 3052//3052
f 3053//3053 3134//3134 3145//3145
f 3053//3053 3044//3044 3134//3134
f 3054//3054 3143//3143 3051//3051
f 3054//3054 3055//3055 3143//3143
f 3143//3143 3055//3055 3146//3146
f 3144//3144 3147//3147 3057//3057
f 3057//3057 3147//3147 3056//3056
f 3057//3057 3052//3052 3144//3144
f 3055//3055 3058//3058 3146//3146
f 3146//3146 3058//3058 3148//3148
f 3147//3147 3149//3149 3056//3056
f 3056//3056 3149//3149 3059//3059
f 3058//3058 3060//3060 3148//3148
f 3148//3148 3060//3060 3150//3150
f 3152//3152 3151//3151 3061//3061
f 3059//3059 3152//3152 3061//3061
f 3059//3059 3149//3149 3152//3152
f 3060//3060 3062//3062 3150//3150
f 3150//3150 3062//3062 3153//3153
f 3151//3151 3154//3154 3063//3063
f 3151//3151 3063//3063 3061//3061
f 3064//3064 3153//3153 3062//3062
f 3064//3064 3155//3155 3153//3153
f 3154//3154 3156//3156 3065//3065
f 3154//3154 3065//3065 3063//3063
f 3064//3064 3066//3066 3155//3155
f 3155//3155 3066//3066 3157//3157
f 3156//3156 3067//3067 3065//3065
f 3156//3156 3158//3158 3067//3067
f 3068//3068 3157//3157 3066//3066
f 3068//3068 3159//3159 3157//3157
f 3158//3158 3160//3160 3069//3069
f 3067//3067 3158//3158 3069//3069
f 3070//3070 3159//3159 3068//3068
f 3070//3070 3161//3161 3159//3159
f 3069//3069 3160//3160 3071//3071
f 3071//3071 3160//3160 3162//3162
f 3072//3072 3161//3161 3070//3070
f 3072//3072 3163//3163 3161//3161
f 3162//3162 3073//3073 3071//3071
f 3162//3162 3164//3164 3073//3073
f 3163//3163 3072//3072 3165//3165
f 3074//3074 3165//3165 3072//3072
f 3164//3164 3075//3075 3073//3073
f 3166//3166 3075//3075 3164//3164
f 3074//3074 3167//3167 3165//3165
f 3074//3074 3076//3076 3167//3167
f 3166//3166 3077//3077 3075//3075
f 3168//3168 3077//3077 3166//3166
f 3078//3078 3167//3167 3076//3076
f 3078//3078 3169//3169 3167//3167
f 3168//3168 3079//3079 3077//3077
f 3170//3170 3079//3079 3168//3168
f 3080//3080 3169//3169 3078//3078
f 3080//3080 3171//3171 3169//3169
f 3170//3170 3081//3081 3079//3079
f 3172//3172 3081//3081 3170//3170
f 3082//3082 3171//3171 3080//3080
f 3082//3082 3173//3173 3171//3171
f 3172//3172 3083//3083 3081//3081
f 3174//3174 3083//3083 3172//3172
f 3084//3084 3173//3173 3082//3082
f 3084//3084 3175//3175 3173//3173
f 3174//3174 3085//3085 3083//3083
f 3176//3176 3085//3085 3174//3174
f 3086//3086 3175//3175 3084//3084
f 3086//3086 3177//3177 3175//3175
f 3176//3176 3087//3087 3085//3085
f 3178//3178 3087//3087 3176//3176
f 3177//3177 3088//3088 3179//3179
f 3177//3177 3086//3086 3088//3088
f 3178//3178 3089//3089 3087//3087
f 3180//3180 3089//3089 3178//3178
f 3090//3090 3181//3181 3088//3088
f 3088//3088 3181//3181 3179//3179
f 3180//3180 3091//3091 3089//3089
f 3182//3182 3091//3091 3180//3180
f 3092//3092 3183//3183 3090//3090
f 3090//3090 3183//3183 3181//3181
f 3182//3182 3093//3093 3091//3091
f 3184//3184 3093//3093 3182//3182
f 3185//3185 3183//3183 3094//3094
f 3094//3094 3183//3183 3092//3092
f 3184//3184 3095//3095 3093//3093
f 3186//3186 3095//3095 3184//3184
f 3096//3096 3185//3185 3094//3094
f 3096//3096 3187//3187 3185//3185
f 3186//3186 3097//3097 3095//3095
f 3188//3188 3097//3097 3186//3186
f 3098//3098 3187//3187 3096//3096
f 3098//3098 3189//3189 3187//3187
f 3188//3188 3099//3099 3097//3097
f 3190//3190 3099//3099 3188//3188
f 3100//3100 3189//3189 3098//3098
f 3100//3100 3191//3191 3189//3189
f 3190//3190 3101//3101 3099//3099
f 3192//3192 3101//3101 3190//3190
f 3102//3102 3191//3191 3100//3100
f 3102//3102 3193//3193 3191//3191
f 3192//3192 3103//3103 3101//3101
f 3194//3194 3103//3103 3192//3192
f 3193//3193 3104//3104 3195//3195
f 3193//3193 3102//3102 3104//3104
f 3194//3194 3105//3105 3103//3103
f 3196//3196 3105//3105 3194//3194
f 3197//3197 3195//3195 3106//3106
f 3106//3106 3195//3195 3104//3104
f 3105//3105 3198//3198 3107//3107
f 3105//3105 3196//3196 3198//3198
f 3108//3108 3197//3197 3106//3106
f 3108//3108 3199//3199 3197//3197
f 3198//3198 3200//3200 3107//3107
f 3109//3109 3107//3107 3200//3200
f 3110//3110 3199//3199 3108//3108
f 3110//3110 3201//3201 3199//3199
f 3109//3109 3202//3202 3111//3111
f 3109//3109 3200//3200 3202//3202
f 3201//3201 3112//3112 3203//3203
f 3201//3201 3110//3110 3112//3112
f 3202//3202 3204//3204 3111//3111
f 3113//3113 3111//3111 3204//3204
f 3205//3205 3203//3203 3114//3114
f 3114//3114 3203//3203 3112//3112
f 3204//3204 3206//3206 3113//3113
f 3113//3113 3206//3206 3115//3115
f 3114//3114 3116//3116 3205//3205
f 3205//3205 3116//3116 3207//3207
f 3206//3206 3208//3208 3115//3115
f 3115//3115 3208//3208 3117//3117
f 3117//3117 3208//3208 3118//3118
f 3207//3207 3119//3119 3209//3209
f 3207//3207 3116//3116 3119//3119
f 3208//3208 3210//3210 3118//3118
f 3118//3118 3210//3210 3120//3120
f 3121//3121 3211//3211 3209//3209
f 3121//3121 3209//3209 3119//3119
f 3210//3210 3212//3212 3120//3120
f 3212//3212 3122//3122 3120//3120
f 3212//3212 3213//3213 3122//3122
f 3122//3122 3213//3213 3123//3123
f 3125//3125 3214//3214 3211//3211
f 3125//3125 3124//3124 3214//3214
f 3125//3125 3211//3211 3121//3121
f 3213//3213 3215//3215 3123//3123
f 3215//3215 3126//3126 3123//3123
f 3215//3215 3216//3216 3126//3126
f 3126//3126 3216//3216 3127//3127
f 3129//3129 3128//3128 3217//3217
f 3124//3124 3129//3129 3214//3214
f 3214//3214 3129//3129 3217//3217
f 3216//3216 3218//3218 3127//3127
f 3218//3218 3130//3130 3127//3127
f 3218//3218 3219//3219 3130//3130
f 3130//3130 3220//3220 3131//3131
f 3219//3219 3220//3220 3130//3130
f 3131//3131 3221//3221 3132//3132
f 3220//3220 3221//3221 3131//3131
f 3132//3132 3222//3222 3133//3133
f 3221//3221 3222//3222 3132//3132
f 3133//3133 3223//3223 3128//3128
f 3133//3133 3222//3222 3223//3223
f 3128//3128 3223//3223 3217//3217
f 3225//3225 3224//3224 3135//3135
f 3135//3135 3224//3224 3134//3134
f 3226//3226 3135//3135 3136//3136
f 3226//3226 3225//3225 3135//3135
f 3227//3227 3136//3136 3137//3137
f 3227//3227 3226//3226 3136//3136
f 3228//3228 3137//3137 3138//3138
f 3228//3228 3227//3227 3137//3137
f 3229//3229 3138//3138 3139//3139
f 3229//3229 3228//3228 3138//3138
f 3230//3230 3139//3139 3140//3140
f 3230//3230 3229//3229 3139//3139
f 3231//3231 3140//3140 3141//3141
f 3231//3231 3230//3230 3140//3140
f 3232//3232 3141//3141 3142//3142
f 3232//3232 3231//3231 3141//3141
f 3142//3142 3143//3143 3232//3232
f 3232//3232 3143//3143 3233//3233
f 3235//3235 3234//3234 3145//3145
f 3145//3145 3234//3234 3144//3144
f 3224//3224 3145//3145 3134//3134
f 3224//3224 3235//3235 3145//3145
f 3236//3236 3143//3143 3146//3146
f 3236//3236 3233//3233 3143//3143
f 3146//3146 3237//3237 3236//3236
f 3239//3239 3238//3238 3147//3147
f 3144//3144 3239//3239 3147//3147
f 3144//3144 3234//3234 3239//3239
f 3148//3148 3237//3237 3146//3146
f 3148//3148 3240//3240 3237//3237
f 3238//3238 3241//3241 3149//3149
f 3238//3238 3149//3149 3147//3147
f 3150//3150 3240//3240 3148//3148
f 3150//3150 3242//3242 3240//3240
f 3241//3241 3243//3243 3152//3152
f 3152//3152 3243//3243 3151//3151
f 3152//3152 3149//3149 3241//3241
f 3150//3150 3153//3153 3242//3242
f 3242//3242 3153//3153 3244//3244
f 3243//3243 3245//3245 3151//3151
f 3151//3151 3245//3245 3154//3154
f 3155//3155 3244//3244 3153//3153
f 3155//3155 3246//3246 3244//3244
f 3245//3245 3247//3247 3154//3154
f 3154//3154 3247//3247 3156//3156
f 3155//3155 3157//3157 3246//3246
f 3246//3246 3157//3157 3248//3248
f 3247//3247 3158//3158 3156//3156
f 3249//3249 3158//3158 3247//3247
f 3159//3159 3248//3248 3157//3157
f 3159//3159 3250//3250 3248//3248
f 3249//3249 3251//3251 3158//3158
f 3158//3158 3251//3251 3160//3160
f 3161//3161 3250//3250 3159//3159
f 3161//3161 3252//3252 3250//3250
f 3251//3251 3162//3162 3160//3160
f 3253//3253 3162//3162 3251//3251
f 3163//3163 3252//3252 3161//3161
f 3163//3163 3254//3254 3252//3252
f 3253//3253 3164//3164 3162//3162
f 3255//3255 3164//3164 3253//3253
f 3165//3165 3254//3254 3163//3163
f 3165//3165 3256//3256 3254//3254
f 3255//3255 3166//3166 3164//3164
f 3257//3257 3166//3166 3255//3255
f 3256//3256 3165//3165 3258//3258
f 3167//3167 3258//3258 3165//3165
f 3257//3257 3168//3168 3166//3166
f 3259//3259 3168//3168 3257//3257
f 3169//3169 3260//3260 3167//3167
f 3167//3167 3260//3260 3258//3258
f 3259//3259 3170//3170 3168//3168
f 3261//3261 3170//3170 3259//3259
f 3171//3171 3262//3262 3169//3169
f 3169//3169 3262//3262 3260//3260
f 3261//3261 3172//3172 3170//3170
f 3263//3263 3172//3172 3261//3261
f 3173//3173 3264//3264 3171//3171
f 3171//3171 3264//3264 3262//3262
f 3263//3263 3174//3174 3172//3172
f 3265//3265 3174//3174 3263//3263
f 3175//3175 3266//3266 3173//3173
f 3173//3173 3266//3266 3264//3264
f 3265//3265 3267//3267 3176//3176
f 3174//3174 3265//3265 3176//3176
f 3177//3177 3268//3268 3175//3175
f 3175//3175 3268//3268 3266//3266
f 3176//3176 3267//3267 3178//3178
f 3178//3178 3267//3267 3269//3269
f 3270//3270 3268//3268 3179//3179
f 3179//3179 3268//3268 3177//3177
f 3178//3178 3269//3269 3180//3180
f 3180//3180 3269//3269 3271//3271
f 3181//3181 3270//3270 3179//3179
f 3181//3181 3272//3272 3270//3270
f 3180//3180 3271//3271 3182//3182
f 3182//3182 3271//3271 3273//3273
f 3183//3183 3272//3272 3181//3181
f 3183//3183 3274//3274 3272//3272
f 3182//3182 3273//3273 3184//3184
f 3184//3184 3273//3273 3275//3275
f 3185//3185 3274//3274 3183//3183
f 3185//3185 3276//3276 3274//3274
f 3184//3184 3275//3275 3186//3186
f 3186//3186 3275//3275 3277//3277
f 3187//3187 3276//3276 3185//3185
f 3187//3187 3278//3278 3276//3276
f 3186//3186 3277//3277 3188//3188
f 3188//3188 3277//3277 3279//3279
f 3189//3189 3278//3278 3187//3187
f 3189//3189 3280//3280 3278//3278
f 3188//3188 3279//3279 3190//3190
f 3190//3190 3279//3279 3281//3281
f 3191//3191 3280//3280 3189//3189
f 3191//3191 3282//3282 3280//3280
f 3190//3190 3281//3281 3192//3192
f 3192//3192 3281//3281 3283//3283
f 3282//3282 3193//3193 3284//3284
f 3282//3282 3191//3191 3193//3193
f 3283//3283 3285//3285 3192//3192
f 3194//3194 3192//3192 3285//3285
f 3286//3286 3284//3284 3195//3195
f 3195//3195 3284//3284 3193//3193
f 3285//3285 3196//3196 3194//3194
f 3287//3287 3196//3196 3285//3285
f 3197//3197 3286//3286 3195//3195
f 3197//3197 3288//3288 3286//3286
f 3287//3287 3198//3198 3196//3196
f 3289//3289 3198//3198 3287//3287
f 3199//3199 3288//3288 3197//3197
f 3199//3199 3290//3290 3288//3288
f 3289//3289 3291//3291 3198//3198
f 3198//3198 3291//3291 3200//3200
f 3201//3201 3290//3290 3199//3199
f 3201//3201 3292//3292 3290//3290
f 3291//3291 3202//3202 3200//3200
f 3293//3293 3202//3202 3291//3291
f 3201//3201 3203//3203 3292//3292
f 3292//3292 3203//3203 3294//3294
f 3293//3293 3295//3295 3202//3202
f 3202//3202 3295//3295 3204//3204
f 3205//3205 3294//3294 3203//3203
f 3205//3205 3296//3296 3294//3294
f 3295//3295 3297//3297 3204//3204
f 3204//3204 3297//3297 3206//3206
f 3205//3205 3207//3207 3296//3296
f 3296//3296 3207//3207 3298//3298
f 3297//3297 3299//3299 3206//3206
f 3206//3206 3299//3299 3208//3208
f 3207//3207 3209//3209 3298//3298
f 3298//3298 3209//3209 3300//3300
f 3299//3299 3301//3301 3208//3208
f 3208//3208 3301//3301 3210//3210
f 3209//3209 3211//3211 3300//3300
f 3300//3300 3211//3211 3302//3302
f 3301//3301 3303//3303 3210//3210
f 3210//3210 3303//3303 3212//3212
f 3212//3212 3304//3304 3213//3213
f 3303//3303 3304//3304 3212//3212
f 3211//3211 3214//3214 3302//3302
f 3302//3302 3214//3214 3305//3305
f 3304//3304 3306//3306 3213//3213
f 3213//3213 3306//3306 3215//3215
f 3215//3215 3307//3307 3216//3216
f 3306//3306 3307//3307 3215//3215
f 3214//3214 3217//3217 3305//3305
f 3305//3305 3217//3217 3308//3308
f 3307//3307 3309//3309 3216//3216
f 3216//3216 3309//3309 3218//3218
f 3218//3218 3310//3310 3219//3219
f 3309//3309 3310//3310 3218//3218
f 3219//3219 3311//3311 3220//3220
f 3310//3310 3311//3311 3219//3219
f 3220//3220 3312//3312 3221//3221
f 3311//3311 3312//3312 3220//3220
f 3221//3221 3313//3313 3222//3222
f 3312//3312 3313//3313 3221//3221
f 3222//3222 3314//3314 3223//3223
f 3313//3313 3314//3314 3222//3222
f 3217//3217 3223//3223 3308//3308
f 3308//3308 3223//3223 3314//3314
f 3316//3316 3315//3315 3226//3226
f 3227//3227 3317//3317 3226//3226
f 3226//3226 3317//3317 3316//3316
f 3228//3228 3318//3318 3227//3227
f 3227//3227 3318//3318 3317//3317
f 3229//3229 3319//3319 3228//3228
f 3228//3228 3319//3319 3318//3318
f 3230//3230 3320//3320 3229//3229
f 3229//3229 3320//3320 3319//3319
f 3230//3230 3321//3321 3320//3320
f 3323//3323 3322//3322 3224//3224
f 3225//3225 3323//3323 3224//3224
f 3225//3225 3315//3315 3323//3323
f 3225//3225 3226//3226 3315//3315
f 3231//3231 3321//3321 3230//3230
f 3324//3324 3231//3231 3232//3232
f 3324//3324 3321//3321 3231//3231
f 3325//3325 3232//3232 3233//3233
f 3325//3325 3324//3324 3232//3232
f 3233//3233 3326//3326 3325//3325
f 3328//3328 3327//3327 3234//3234
f 3235//3235 3328//3328 3234//3234
f 3235//3235 3322//3322 3328//3328
f 3235//3235 3224//3224 3322//3322
f 3236//3236 3326//3326 3233//3233
f 3236//3236 3237//3237 3326//3326
f 3326//3326 3237//3237 3329//3329
f 3327//3327 3330//3330 3239//3239
f 3239//3239 3330//3330 3238//3238
f 3239//3239 3234//3234 3327//3327
f 3237//3237 3240//3240 3329//3329
f 3329//3329 3240//3240 3331//3331
f 3330//3330 3332//3332 3238//3238
f 3238//3238 3332//3332 3241//3241
f 3240//3240 3242//3242 3331//3331
f 3242//3242 3333//3333 3331//3331
f 3332//3332 3334//3334 3241//3241
f 3241//3241 3334//3334 3243//3243
f 3244//3244 3333//3333 3242//3242
f 3244//3244 3335//3335 3333//3333
f 3334//3334 3336//3336 3243//3243
f 3243//3243 3336//3336 3245//3245
f 3246//3246 3335//3335 3244//3244
f 3246//3246 3337//3337 3335//3335
f 3336//3336 3338//3338 3245//3245
f 3245//3245 3338//3338 3247//3247
f 3246//3246 3248//3248 3337//3337
f 3337//3337 3248//3248 3339//3339
f 3338//3338 3340//3340 3249//3249
f 3247//3247 3338//3338 3249//3249
f 3250//3250 3339//3339 3248//3248
f 3250//3250 3341//3341 3339//3339
f 3340//3340 3251//3251 3249//3249
f 3340//3340 3342//3342 3251//3251
f 3252//3252 3341//3341 3250//3250
f 3252//3252 3343//3343 3341//3341
f 3342//3342 3253//3253 3251//3251
f 3344//3344 3253//3253 3342//3342
f 3254//3254 3343//3343 3252//3252
f 3254//3254 3345//3345 3343//3343
f 3344//3344 3255//3255 3253//3253
f 3346//3346 3255//3255 3344//3344
f 3256//3256 3345//3345 3254//3254
f 3256//3256 3347//3347 3345//3345
f 3346//3346 3257//3257 3255//3255
f 3348//3348 3257//3257 3346//3346
f 3258//3258 3347//3347 3256//3256
f 3258//3258 3349//3349 3347//3347
f 3348//3348 3350//3350 3259//3259
f 3257//3257 3348//3348 3259//3259
f 3260//3260 3349//3349 3258//3258
f 3260//3260 3351//3351 3349//3349
f 3259//3259 3350//3350 3261//3261
f 3261//3261 3350//3350 3352//3352
f 3262//3262 3351//3351 3260//3260
f 3262//3262 3353//3353 3351//3351
f 3261//3261 3352//3352 3263//3263
f 3263//3263 3352//3352 3354//3354
f 3264//3264 3353//3353 3262//3262
f 3264//3264 3355//3355 3353//3353
f 3263//3263 3354//3354 3265//3265
f 3265//3265 3354//3354 3356//3356
f 3266//3266 3355//3355 3264//3264
f 3266//3266 3357//3357 3355//3355
f 3356//3356 3267//3267 3265//3265
f 3356//3356 3358//3358 3267//3267
f 3268//3268 3357//3357 3266//3266
f 3268//3268 3359//3359 3357//3357
f 3358//3358 3269//3269 3267//3267
f 3360//3360 3269//3269 3358//3358
f 3270//3270 3359//3359 3268//3268
f 3270//3270 3361//3361 3359//3359
f 3360//3360 3271//3271 3269//3269
f 3362//3362 3271//3271 3360//3360
f 3272//3272 3361//3361 3270//3270
f 3272//3272 3363//3363 3361//3361
f 3362//3362 3273//3273 3271//3271
f 3364//3364 3273//3273 3362//3362
f 3274//3274 3363//3363 3272//3272
f 3274//3274 3365//3365 3363//3363
f 3364//3364 3275//3275 3273//3273
f 3366//3366 3275//3275 3364//3364
f 3276//3276 3365//3365 3274//3274
f 3276//3276 3367//3367 3365//3365
f 3366//3366 3277//3277 3275//3275
f 3368//3368 3277//3277 3366//3366
f 3278//3278 3367//3367 3276//3276
f 3278//3278 3369//3369 3367//3367
f 3368//3368 3279//3279 3277//3277
f 3370//3370 3279//3279 3368//3368
f 3369//3369 3280//3280 3371//3371
f 3369//3369 3278//3278 3280//3280
f 3370//3370 3281//3281 3279//3279
f 3372//3372 3281//3281 3370//3370
f 3282//3282 3373//3373 3280//3280
f 3280//3280 3373//3373 3371//3371
f 3372//3372 3283//3283 3281//3281
f 3374//3374 3283//3283 3372//3372
f 3375//3375 3373//3373 3284//3284
f 3284//3284 3373//3373 3282//3282
f 3283//3283 3376//3376 3285//3285
f 3283//3283 3374//3374 3376//3376
f 3286//3286 3375//3375 3284//3284
f 3286//3286 3377//3377 3375//3375
f 3285//3285 3376//3376 3287//3287
f 3287//3287 3376//3376 3378//3378
f 3288//3288 3377//3377 3286//3286
f 3288//3288 3379//3379 3377//3377
f 3378//3378 3380//3380 3287//3287
f 3289//3289 3287//3287 3380//3380
f 3290//3290 3379//3379 3288//3288
f 3290//3290 3381//3381 3379//3379
f 3289//3289 3382//3382 3291//3291
f 3289//3289 3380//3380 3382//3382
f 3381//3381 3292//3292 3383//3383
f 3381//3381 3290//3290 3292//3292
f 3382//3382 3384//3384 3291//3291
f 3293//3293 3291//3291 3384//3384
f 3385//3385 3383//3383 3294//3294
f 3294//3294 3383//3383 3292//3292
f 3293//3293 3386//3386 3295//3295
f 3293//3293 3384//3384 3386//3386
f 3296//3296 3385//3385 3294//3294
f 3296//3296 3387//3387 3385//3385
f 3386//3386 3388//3388 3295//3295
f 3295//3295 3388//3388 3297//3297
f 3296//3296 3298//3298 3387//3387
f 3387//3387 3298//3298 3389//3389
f 3388//3388 3390//3390 3297//3297
f 3297//3297 3390//3390 3299//3299
f 3298//3298 3300//3300 3389//3389
f 3389//3389 3300//3300 3391//3391
f 3390//3390 3392//3392 3299//3299
f 3299//3299 3392//3392 3301//3301
f 3300//3300 3302//3302 3391//3391
f 3391//3391 3302//3302 3393//3393
f 3392//3392 3394//3394 3301//3301
f 3394//3394 3303//3303 3301//3301
f 3394//3394 3395//3395 3303//3303
f 3303//3303 3395//3395 3304//3304
f 3302//3302 3305//3305 3393//3393
f 3393//3393 3305//3305 3396//3396
f 3395//3395 3397//3397 3304//3304
f 3397//3397 3306//3306 3304//3304
f 3397//3397 3398//3398 3306//3306
f 3306//3306 3398//3398 3307//3307
f 3305//3305 3308//3308 3396//3396
f 3396//3396 3308//3308 3399//3399
f 3398//3398 3400//3400 3307//3307
f 3400//3400 3309//3309 3307//3307
f 3400//3400 3401//3401 3309//3309
f 3309//3309 3402//3402 3310//3310
f 3401//3401 3402//3402 3309//3309
f 3310//3310 3403//3403 3311//3311
f 3402//3402 3403//3403 3310//3310
f 3311//3311 3404//3404 3312//3312
f 3403//3403 3404//3404 3311//3311
f 3312//3312 3405//3405 3313//3313
f 3404//3404 3405//3405 3312//3312
f 3313//3313 3406//3406 3314//3314
f 3405//3405 3406//3406 3313//3313
f 3308//3308 3314//3314 3399//3399
f 3399//3399 3314//3314 3406//3406
f 3408//3408 3407//3407 3315//3315
f 3316//3316 3408//3408 3315//3315
f 3316//3316 3409//3409 3408//3408
f 3410//3410 3316//3316 3317//3317
f 3410//3410 3409//3409 3316//3316
f 3411//3411 3317//3317 3318//3318
f 3411//3411 3410//3410 3317//3317
f 3412//3412 3318//3318 3319//3319
f 3412//3412 3411//3411 3318//3318
f 3413//3413 3319//3319 3320//3320
f 3413//3413 3412//3412 3319//3319
f 3414//3414 3320//3320 3321//3321
f 3414//3414 3413//3413 3320//3320
f 3321//3321 3415//3415 3414//3414
f 3417//3417 3416//3416 3322//3322
f 3323//3323 3417//3417 3322//3322
f 3323//3323 3407//3407 3417//3417
f 3323//3323 3315//3315 3407//3407
f 3324//3324 3415//3415 3321//3321
f 3418//3418 3324//3324 3325//3325
f 3418//3418 3415//3415 3324//3324
f 3325//3325 3326//3326 3418//3418
f 3418//3418 3326//3326 3419//3419
f 3416//3416 3420//3420 3328//3328
f 3328//3328 3420//3420 3327//3327
f 3328//3328 3322//3322 3416//3416
f 3326//3326 3329//3329 3419//3419
f 3419//3419 3329//3329 3421//3421
f 3423//3423 3422//3422 3330//3330
f 3327//3327 3423//3423 3330//3330
f 3327//3327 3420//3420 3423//3423
f 3329//3329 3331//3331 3421//3421
f 3421//3421 3331//3331 3424//3424
f 3422//3422 3425//3425 3332//3332
f 3422//3422 3332//3332 3330//3330
f 3331//3331 3333//3333 3424//3424
f 3424//3424 3333//3333 3426//3426
f 3425//3425 3427//3427 3334//3334
f 3425//3425 3334//3334 3332//3332
f 3335//3335 3426//3426 3333//3333
f 3335//3335 3428//3428 3426//3426
f 3427//3427 3429//3429 3336//3336
f 3427//3427 3336//3336 3334//3334
f 3337//3337 3428//3428 3335//3335
f 3337//3337 3430//3430 3428//3428
f 3429//3429 3431//3431 3338//3338
f 3429//3429 3338//3338 3336//3336
f 3337//3337 3339//3339 3430//3430
f 3430//3430 3339//3339 3432//3432
f 3431//3431 3340//3340 3338//3338
f 3431//3431 3433//3433 3340//3340
f 3341//3341 3432//3432 3339//3339
f 3341//3341 3434//3434 3432//3432
f 3433//3433 3342//3342 3340//3340
f 3435//3435 3342//3342 3433//3433
f 3343//3343 3434//3434 3341//3341
f 3343//3343 3436//3436 3434//3434
f 3435//3435 3437//3437 3344//3344
f 3342//3342 3435//3435 3344//3344
f 3345//3345 3436//3436 3343//3343
f 3345//3345 3438//3438 3436//3436
f 3344//3344 3437//3437 3346//3346
f 3346//3346 3437//3437 3439//3439
f 3347//3347 3438//3438 3345//3345
f 3347//3347 3440//3440 3438//3438
f 3346//3346 3439//3439 3348//3348
f 3348//3348 3439//3439 3441//3441
f 3349//3349 3440//3440 3347//3347
f 3349//3349 3442//3442 3440//3440
f 3441//3441 3350//3350 3348//3348
f 3441//3441 3443//3443 3350//3350
f 3351//3351 3442//3442 3349//3349
f 3351//3351 3444//3444 3442//3442
f 3443//3443 3352//3352 3350//3350
f 3445//3445 3352//3352 3443//3443
f 3353//3353 3444//3444 3351//3351
f 3353//3353 3446//3446 3444//3444
f 3445//3445 3354//3354 3352//3352
f 3447//3447 3354//3354 3445//3445
f 3355//3355 3446//3446 3353//3353
f 3355//3355 3448//3448 3446//3446
f 3447//3447 3356//3356 3354//3354
f 3449//3449 3356//3356 3447//3447
f 3357//3357 3448//3448 3355//3355
f 3357//3357 3450//3450 3448//3448
f 3449//3449 3358//3358 3356//3356
f 3451//3451 3358//3358 3449//3449
f 3359//3359 3450//3450 3357//3357
f 3359//3359 3452//3452 3450//3450
f 3451//3451 3360//3360 3358//3358
f 3453//3453 3360//3360 3451//3451
f 3361//3361 3452//3452 3359//3359
f 3361//3361 3454//3454 3452//3452
f 3453//3453 3362//3362 3360//3360
f 3455//3455 3362//3362 3453//3453
f 3363//3363 3454//3454 3361//3361
f 3363//3363 3456//3456 3454//3454
f 3455//3455 3364//3364 3362//3362
f 3457//3457 3364//3364 3455//3455
f 3365//3365 3456//3456 3363//3363
f 3365//3365 3458//3458 3456//3456
f 3457//3457 3366//3366 3364//3364
f 3459//3459 3366//3366 3457//3457
f 3458//3458 3367//3367 3460//3460
f 3458//3458 3365//3365 3367//3367
f 3459//3459 3368//3368 3366//3366
f 3461//3461 3368//3368 3459//3459
f 3369//3369 3462//3462 3367//3367
f 3367//3367 3462//3462 3460//3460
f 3461//3461 3370//3370 3368//3368
f 3463//3463 3370//3370 3461//3461
f 3464//3464 3462//3462 3371//3371
f 3371//3371 3462//3462 3369//3369
f 3463//3463 3372//3372 3370//3370
f 3465//3465 3372//3372 3463//3463
f 3373//3373 3464//3464 3371//3371
f 3373//3373 3466//3466 3464//3464
f 3465//3465 3374//3374 3372//3372
f 3467//3467 3374//3374 3465//3465
f 3375//3375 3466//3466 3373//3373
f 3375//3375 3468//3468 3466//3466
f 3467//3467 3376//3376 3374//3374
f 3469//3469 3376//3376 3467//3467
f 3377//3377 3468//3468 3375//3375
f 3377//3377 3470//3470 3468//3468
f 3469//3469 3378//3378 3376//3376
f 3471//3471 3378//3378 3469//3469
f 3379//3379 3470//3470 3377//3377
f 3379//3379 3472//3472 3470//3470
f 3378//3378 3473//3473 3380//3380
f 3378//3378 3471//3471 3473//3473
f 3472//3472 3381//3381 3474//3474
f 3472//3472 3379//3379 3381//3381
f 3473//3473 3475//3475 3380//3380
f 3382//3382 3380//3380 3475//3475
f 3476//3476 3474//3474 3383//3383
f 3383//3383 3474//3474 3381//3381
f 3382//3382 3477//3477 3384//3384
f 3382//3382 3475//3475 3477//3477
f 3385//3385 3476//3476 3383//3383
f 3385//3385 3478//3478 3476//3476
f 3477//3477 3479//3479 3384//3384
f 3386//3386 3384//3384 3479//3479
f 3478//3478 3387//3387 3480//3480
f 3478//3478 3385//3385 3387//3387
f 3479//3479 3481//3481 3386//3386
f 3386//3386 3481//3481 3388//3388
f 3482//3482 3480//3480 3389//3389
f 3389//3389 3480//3480 3387//3387
f 3481//3481 3483//3483 3388//3388
f 3388//3388 3483//3483 3390//3390
f 3389//3389 3391//3391 3482//3482
f 3482//3482 3391//3391 3484//3484
f 3483//3483 3485//3485 3390//3390
f 3390//3390 3485//3485 3392//3392
f 3391//3391 3393//3393 3484//3484
f 3484//3484 3393//3393 3486//3486
f 3485//3485 3487//3487 3392//3392
f 3392//3392 3487//3487 3394//3394
f 3394//3394 3487//3487 3395//3395
f 3393//3393 3396//3396 3486//3486
f 3486//3486 3396//3396 3488//3488
f 3487//3487 3489//3489 3395//3395
f 3489//3489 3397//3397 3395//3395
f 3489//3489 3490//3490 3397//3397
f 3397//3397 3490//3490 3398//3398
f 3396//3396 3399//3399 3488//3488
f 3488//3488 3399//3399 3491//3491
f 3490//3490 3492//3492 3398//3398
f 3492//3492 3400//3400 3398//3398
f 3492//3492 3493//3493 3400//3400
f 3400//3400 3494//3494 3401//3401
f 3493//3493 3494//3494 3400//3400
f 3401//3401 3494//3494 3402//3402
f 3405//3405 3404//3404 3495//3495
f 3405//3405 3496//3496 3406//3406
f 3495//3495 3496//3496 3405//3405
f 3399//3399 3406//3406 3491//3491
f 3491//3491 3406//3406 3496//3496
f 3494//3494 3497//3497 3402//3402
f 3402//3402 3497//3497 3403//3403
f 3403//3403 3497//3497 3498//3498
f 3403//3403 3498//3498 3404//3404
f 3404//3404 3498//3498 3499//3499
f 3404//3404 3499//3499 3495//3495
f 3501//3501 3500//3500 3407//3407
f 3408//3408 3501//3501 3407//3407
f 3408//3408 3502//3502 3501//3501
f 3503//3503 3408//3408 3409//3409
f 3503//3503 3502//3502 3408//3408
f 3504//3504 3409//3409 3410//3410
f 3504//3504 3503//3503 3409//3409
f 3505//3505 3410//3410 3411//3411
f 3505//3505 3504//3504 3410//3410
f 3506//3506 3411//3411 3412//3412
f 3506//3506 3505//3505 3411//3411
f 3507//3507 3412//3412 3413//3413
f 3507//3507 3506//3506 3412//3412
f 3508//3508 3413//3413 3414//3414
f 3508//3508 3507//3507 3413//3413
f 3414//3414 3415//3415 3508//3508
f 3508//3508 3415//3415 3509//3509
f 3511//3511 3510//3510 3416//3416
f 3417//3417 3511//3511 3416//3416
f 3417//3417 3500//3500 3511//3511
f 3417//3417 3407//3407 3500//3500
f 3512//3512 3415//3415 3418//3418
f 3512//3512 3509//3509 3415//3415
f 3418//3418 3419//3419 3512//3512
f 3512//3512 3419//3419 3513//3513
f 3510//3510 3514//3514 3420//3420
f 3510//3510 3420//3420 3416//3416
f 3419//3419 3421//3421 3513//3513
f 3513//3513 3421//3421 3515//3515
f 3514//3514 3516//3516 3423//3423
f 3423//3423 3516//3516 3422//3422
f 3423//3423 3420//3420 3514//3514
f 3421//3421 3424//3424 3515//3515
f 3515//3515 3424//3424 3517//3517
f 3516//3516 3518//3518 3422//3422
f 3422//3422 3518//3518 3425//3425
f 3424//3424 3426//3426 3517//3517
f 3517//3517 3426//3426 3519//3519
f 3518//3518 3520//3520 3425//3425
f 3425//3425 3520//3520 3427//3427
f 3428//3428 3519//3519 3426//3426
f 3428//3428 3521//3521 3519//3519
f 3520//3520 3522//3522 3427//3427
f 3427//3427 3522//3522 3429//3429
f 3430//3430 3521//3521 3428//3428
f 3430//3430 3523//3523 3521//3521
f 3522//3522 3524//3524 3429//3429
f 3429//3429 3524//3524 3431//3431
f 3523//3523 3430//3430 3525//3525
f 3432//3432 3525//3525 3430//3430
f 3524//3524 3433//3433 3431//3431
f 3526//3526 3433//3433 3524//3524
f 3432//3432 3527//3527 3525//3525
f 3432//3432 3434//3434 3527//3527
f 3526//3526 3528//3528 3435//3435
f 3433//3433 3526//3526 3435//3435
f 3436//3436 3527//3527 3434//3434
f 3436//3436 3529//3529 3527//3527
f 3528//3528 3437//3437 3435//3435
f 3528//3528 3530//3530 3437//3437
f 3438//3438 3529//3529 3436//3436
f 3438//3438 3531//3531 3529//3529
f 3530//3530 3439//3439 3437//3437
f 3532//3532 3439//3439 3530//3530
f 3440//3440 3531//3531 3438//3438
f 3440//3440 3533//3533 3531//3531
f 3532//3532 3441//3441 3439//3439
f 3534//3534 3441//3441 3532//3532
f 3442//3442 3533//3533 3440//3440
f 3442//3442 3535//3535 3533//3533
f 3534//3534 3443//3443 3441//3441
f 3536//3536 3443//3443 3534//3534
f 3444//3444 3535//3535 3442//3442
f 3444//3444 3537//3537 3535//3535
f 3536//3536 3445//3445 3443//3443
f 3538//3538 3445//3445 3536//3536
f 3446//3446 3537//3537 3444//3444
f 3446//3446 3539//3539 3537//3537
f 3538//3538 3447//3447 3445//3445
f 3540//3540 3447//3447 3538//3538
f 3448//3448 3539//3539 3446//3446
f 3448//3448 3541//3541 3539//3539
f 3540//3540 3449//3449 3447//3447
f 3542//3542 3449//3449 3540//3540
f 3450//3450 3541//3541 3448//3448
f 3450//3450 3543//3543 3541//3541
f 3542//3542 3451//3451 3449//3449
f 3544//3544 3451//3451 3542//3542
f 3452//3452 3543//3543 3450//3450
f 3452//3452 3545//3545 3543//3543
f 3544//3544 3546//3546 3453//3453
f 3451//3451 3544//3544 3453//3453
f 3454//3454 3545//3545 3452//3452
f 3454//3454 3547//3547 3545//3545
f 3453//3453 3546//3546 3455//3455
f 3455//3455 3546//3546 3548//3548
f 3547//3547 3456//3456 3549//3549
f 3547//3547 3454//3454 3456//3456
f 3455//3455 3548//3548 3457//3457
f 3457//3457 3548//3548 3550//3550
f 3458//3458 3551//3551 3456//3456
f 3456//3456 3551//3551 3549//3549
f 3457//3457 3550//3550 3459//3459
f 3459//3459 3550//3550 3552//3552
f 3553//3553 3551//3551 3460//3460
f 3460//3460 3551//3551 3458//3458
f 3459//3459 3552//3552 3461//3461
f 3461//3461 3552//3552 3554//3554
f 3462//3462 3553//3553 3460//3460
f 3462//3462 3555//3555 3553//3553
f 3461//3461 3554//3554 3463//3463
f 3463//3463 3554//3554 3556//3556
f 3464//3464 3555//3555 3462//3462
f 3464//3464 3557//3557 3555//3555
f 3463//3463 3556//3556 3465//3465
f 3465//3465 3556//3556 3558//3558
f 3466//3466 3557//3557 3464//3464
f 3466//3466 3559//3559 3557//3557
f 3558//3558 3560//3560 3465//3465
f 3467//3467 3465//3465 3560//3560
f 3468//3468 3559//3559 3466//3466
f 3468//3468 3561//3561 3559//3559
f 3560//3560 3469//3469 3467//3467
f 3562//3562 3469//3469 3560//3560
f 3470//3470 3561//3561 3468//3468
f 3470//3470 3563//3563 3561//3561
f 3562//3562 3471//3471 3469//3469
f 3564//3564 3471//3471 3562//3562
f 3563//3563 3472//3472 3565//3565
f 3563//3563 3470//3470 3472//3472
f 3564//3564 3473//3473 3471//3471
f 3566//3566 3473//3473 3564//3564
f 3567//3567 3565//3565 3474//3474
f 3474//3474 3565//3565 3472//3472
f 3473//3473 3568//3568 3475//3475
f 3473//3473 3566//3566 3568//3568
f 3476//3476 3567//3567 3474//3474
f 3476//3476 3569//3569 3567//3567
f 3568//3568 3570//3570 3475//3475
f 3477//3477 3475//3475 3570//3570
f 3478//3478 3569//3569 3476//3476
f 3478//3478 3571//3571 3569//3569
f 3570//3570 3572//3572 3477//3477
f 3477//3477 3572//3572 3479//3479
f 3478//3478 3480//3480 3571//3571
f 3571//3571 3480//3480 3573//3573
f 3479//3479 3574//3574 3481//3481
f 3479//3479 3572//3572 3574//3574
f 3482//3482 3573//3573 3480//3480
f 3482//3482 3575//3575 3573//3573
f 3574//3574 3576//3576 3481//3481
f 3481//3481 3576//3576 3483//3483
f 3482//3482 3484//3484 3575//3575
f 3575//3575 3484//3484 3577//3577
f 3576//3576 3578//3578 3483//3483
f 3483//3483 3578//3578 3485//3485
f 3484//3484 3486//3486 3577//3577
f 3577//3577 3486//3486 3579//3579
f 3578//3578 3580//3580 3485//3485
f 3580//3580 3487//3487 3485//3485
f 3580//3580 3581//3581 3487//3487
f 3486//3486 3488//3488 3579//3579
f 3579//3579 3488//3488 3582//3582
f 3581//3581 3583//3583 3487//3487
f 3487//3487 3583//3583 3489//3489
f 3489//3489 3584//3584 3490//3490
f 3583//3583 3584//3584 3489//3489
f 3488//3488 3491//3491 3582//3582
f 3582//3582 3491//3491 3585//3585
f 3584//3584 3586//3586 3490//3490
f 3490//3490 3586//3586 3492//3492
f 3492//3492 3587//3587 3493//3493
f 3586//3586 3587//3587 3492//3492
f 3493//3493 3587//3587 3494//3494
f 3495//3495 3589//3589 3496//3496
f 3588//3588 3589//3589 3495//3495
f 3491//3491 3496//3496 3585//3585
f 3585//3585 3496//3496 3589//3589
f 3587//3587 3590//3590 3494//3494
f 3590//3590 3497//3497 3494//3494
f 3590//3590 3591//3591 3497//3497
f 3497//3497 3592//3592 3498//3498
f 3591//3591 3592//3592 3497//3497
f 3498//3498 3593//3593 3499//3499
f 3592//3592 3593//3593 3498//3498
f 3495//3495 3499//3499 3588//3588
f 3588//3588 3499//3499 3593//3593
f 3595//3595 3594//3594 3502//3502
f 3503//3503 3596//3596 3502//3502
f 3502//3502 3596//3596 3595//3595
f 3504//3504 3597//3597 3503//3503
f 3503//3503 3597//3597 3596//3596
f 3505//3505 3598//3598 3504//3504
f 3504//3504 3598//3598 3597//3597
f 3506//3506 3599//3599 3505//3505
f 3505//3505 3599//3599 3598//3598
f 3506//3506 3600//3600 3599//3599
f 3602//3602 3601//3601 3500//3500
f 3501//3501 3602//3602 3500//3500
f 3501//3501 3594//3594 3602//3602
f 3501//3501 3502//3502 3594//3594
f 3507//3507 3600//3600 3506//3506
f 3603//3603 3507//3507 3508//3508
f 3603//3603 3600//3600 3507//3507
f 3604//3604 3508//3508 3509//3509
f 3604//3604 3603//3603 3508//3508
f 3509//3509 3605//3605 3604//3604
f 3601//3601 3606//3606 3511//3511
f 3511//3511 3606//3606 3510//3510
f 3511//3511 3500//3500 3601//3601
f 3512//3512 3605//3605 3509//3509
f 3512//3512 3513//3513 3605//3605
f 3605//3605 3513//3513 3607//3607
f 3606//3606 3608//3608 3510//3510
f 3510//3510 3608//3608 3514//3514
f 3513//3513 3515//3515 3607//3607
f 3607//3607 3515//3515 3609//3609
f 3611//3611 3610//3610 3516//3516
f 3514//3514 3611//3611 3516//3516
f 3514//3514 3608//3608 3611//3611
f 3515//3515 3517//3517 3609//3609
f 3609//3609 3517//3517 3612//3612
f 3610//3610 3613//3613 3518//3518
f 3610//3610 3518//3518 3516//3516
f 3612//3612 3517//3517 3614//3614
f 3519//3519 3614//3614 3517//3517
f 3613//3613 3615//3615 3520//3520
f 3613//3613 3520//3520 3518//3518
f 3519//3519 3616//3616 3614//3614
f 3519//3519 3521//3521 3616//3616
f 3615//3615 3617//3617 3522//3522
f 3615//3615 3522//3522 3520//3520
f 3523//3523 3616//3616 3521//3521
f 3523//3523 3618//3618 3616//3616
f 3617//3617 3524//3524 3522//3522
f 3617//3617 3619//3619 3524//3524
f 3525//3525 3618//3618 3523//3523
f 3525//3525 3620//3620 3618//3618
f 3619//3619 3621//3621 3526//3526
f 3524//3524 3619//3619 3526//3526
f 3620//3620 3525//3525 3622//3622
f 3527//3527 3622//3622 3525//3525
f 3621//3621 3528//3528 3526//3526
f 3621//3621 3623//3623 3528//3528
f 3529//3529 3624//3624 3527//3527
f 3527//3527 3624//3624 3622//3622
f 3623//3623 3530//3530 3528//3528
f 3625//3625 3530//3530 3623//3623
f 3531//3531 3626//3626 3529//3529
f 3529//3529 3626//3626 3624//3624
f 3625//3625 3532//3532 3530//3530
f 3627//3627 3532//3532 3625//3625
f 3531//3531 3628//3628 3626//3626
f 3531//3531 3533//3533 3628//3628
f 3627//3627 3534//3534 3532//3532
f 3629//3629 3534//3534 3627//3627
f 3535//3535 3628//3628 3533//3533
f 3535//3535 3630//3630 3628//3628
f 3629//3629 3536//3536 3534//3534
f 3631//3631 3536//3536 3629//3629
f 3537//3537 3630//3630 3535//3535
f 3537//3537 3632//3632 3630//3630
f 3631//3631 3633//3633 3538//3538
f 3536//3536 3631//3631 3538//3538
f 3539//3539 3632//3632 3537//3537
f 3539//3539 3634//3634 3632//3632
f 3538//3538 3633//3633 3540//3540
f 3540//3540 3633//3633 3635//3635
f 3541//3541 3634//3634 3539//3539
f 3541//3541 3636//3636 3634//3634
f 3540//3540 3635//3635 3542//3542
f 3542//3542 3635//3635 3637//3637
f 3636//3636 3543//3543 3638//3638
f 3636//3636 3541//3541 3543//3543
f 3542//3542 3637//3637 3544//3544
f 3544//3544 3637//3637 3639//3639
f 3545//3545 3640//3640 3543//3543
f 3543//3543 3640//3640 3638//3638
f 3639//3639 3546//3546 3544//3544
f 3639//3639 3641//3641 3546//3546
f 3547//3547 3642//3642 3545//3545
f 3545//3545 3642//3642 3640//3640
f 3641//3641 3548//3548 3546//3546
f 3643//3643 3548//3548 3641//3641
f 3644//3644 3642//3642 3549//3549
f 3549//3549 3642//3642 3547//3547
f 3643//3643 3550//3550 3548//3548
f 3645//3645 3550//3550 3643//3643
f 3551//3551 3644//3644 3549//3549
f 3551//3551 3646//3646 3644//3644
f 3645//3645 3552//3552 3550//3550
f 3647//3647 3552//3552 3645//3645
f 3553//3553 3646//3646 3551//3551
f 3553//3553 3648//3648 3646//3646
f 3647//3647 3554//3554 3552//3552
f 3649//3649 3554//3554 3647//3647
f 3555//3555 3648//3648 3553//3553
f 3555//3555 3650//3650 3648//3648
f 3649//3649 3556//3556 3554//3554
f 3651//3651 3556//3556 3649//3649
f 3557//3557 3650//3650 3555//3555
f 3557//3557 3652//3652 3650//3650
f 3651//3651 3558//3558 3556//3556
f 3653//3653 3558//3558 3651//3651
f 3559//3559 3652//3652 3557//3557
f 3559//3559 3654//3654 3652//3652
f 3558//3558 3655//3655 3560//3560
f 3558//3558 3653//3653 3655//3655
f 3654//3654 3561//3561 3656//3656
f 3654//3654 3559//3559 3561//3561
f 3560//3560 3655//3655 3562//3562
f 3562//3562 3655//3655 3657//3657
f 3563//3563 3658//3658 3561//3561
f 3561//3561 3658//3658 3656//3656
f 3657//3657 3659//3659 3562//3562
f 3564//3564 3562//3562 3659//3659
f 3660//3660 3658//3658 3565//3565
f 3565//3565 3658//3658 3563//3563
f 3659//3659 3566//3566 3564//3564
f 3661//3661 3566//3566 3659//3659
f 3567//3567 3660//3660 3565//3565
f 3567//3567 3662//3662 3660//3660
f 3661//3661 3568//3568 3566//3566
f 3663//3663 3568//3568 3661//3661
f 3569//3569 3662//3662 3567//3567
f 3569//3569 3664//3664 3662//3662
f 3663//3663 3665//3665 3568//3568
f 3568//3568 3665//3665 3570//3570
f 3571//3571 3664//3664 3569//3569
f 3571//3571 3666//3666 3664//3664
f 3570//3570 3667//3667 3572//3572
f 3570//3570 3665//3665 3667//3667
f 3571//3571 3573//3573 3666//3666
f 3666//3666 3573//3573 3668//3668
f 3667//3667 3669//3669 3572//3572
f 3574//3574 3572//3572 3669//3669
f 3575//3575 3668//3668 3573//3573
f 3575//3575 3670//3670 3668//3668
f 3669//3669 3671//3671 3574//3574
f 3574//3574 3671//3671 3576//3576
f 3575//3575 3577//3577 3670//3670
f 3670//3670 3577//3577 3672//3672
f 3671//3671 3673//3673 3576//3576
f 3576//3576 3673//3673 3578//3578
f 3577//3577 3579//3579 3672//3672
f 3672//3672 3579//3579 3674//3674
f 3673//3673 3675//3675 3578//3578
f 3578//3578 3675//3675 3580//3580
f 3580//3580 3675//3675 3581//3581
f 3579//3579 3582//3582 3674//3674
f 3674//3674 3582//3582 3676//3676
f 3675//3675 3677//3677 3581//3581
f 3677//3677 3583//3583 3581//3581
f 3677//3677 3678//3678 3583//3583
f 3583//3583 3678//3678 3584//3584
f 3582//3582 3585//3585 3676//3676
f 3676//3676 3585//3585 3679//3679
f 3678//3678 3680//3680 3584//3584
f 3680//3680 3586//3586 3584//3584
f 3680//3680 3681//3681 3586//3586
f 3586//3586 3681//3681 3587//3587
f 3589//3589 3588//3588 3682//3682
f 3585//3585 3589//3589 3679//3679
f 3679//3679 3589//3589 3682//3682
f 3681//3681 3683//3683 3587//3587
f 3683//3683 3590//3590 3587//3587
f 3683//3683 3684//3684 3590//3590
f 3590//3590 3685//3685 3591//3591
f 3684//3684 3685//3685 3590//3590
f 3591//3591 3686//3686 3592//3592
f 3685//3685 3686//3686 3591//3591
f 3592//3592 3687//3687 3593//3593
f 3686//3686 3687//3687 3592//3592
f 3593//3593 3688//3688 3588//3588
f 3593//3593 3687//3687 3688//3688
f 3588//3588 3688//3688 3682//3682
f 3690//3690 3689//3689 3594//3594
f 3595//3595 3690//3690 3594//3594
f 3595//3595 3691//3691 3690//3690
f 3692//3692 3595//3595 3596//3596
f 3692//3692 3691//3691 3595//3595
f 3693//3693 3596//3596 3597//3597
f 3693//3693 3692//3692 3596//3596
f 3694//3694 3597//3597 3598//3598
f 3694//3694 3693//3693 3597//3597
f 3695//3695 3598//3598 3599//3599
f 3695//3695 3694//3694 3598//3598
f 3696//3696 3599//3599 3600//3600
f 3696//3696 3695//3695 3599//3599
f 3600//3600 3697//3697 3696//3696
f 3699//3699 3698//3698 3601//3601
f 3602//3602 3699//3699 3601//3601
f 3602//3602 3689//3689 3699//3699
f 3602//3602 3594//3594 3689//3689
f 3603//3603 3697//3697 3600//3600
f 3700//3700 3603//3603 3604//3604
f 3700//3700 3697//3697 3603//3603
f 3604//3604 3605//3605 3700//3700
f 3700//3700 3605//3605 3701//3701
f 3698//3698 3702//3702 3606//3606
f 3698//3698 3606//3606 3601//3601
f 3605//3605 3607//3607 3701//3701
f 3701//3701 3607//3607 3703//3703
f 3702//3702 3704//3704 3608//3608
f 3702//3702 3608//3608 3606//3606
f 3607//3607 3609//3609 3703//3703
f 3703//3703 3609//3609 3705//3705
f 3704//3704 3706//3706 3611//3611
f 3611//3611 3706//3706 3610//3610
f 3611//3611 3608//3608 3704//3704
f 3609//3609 3612//3612 3705//3705
f 3705//3705 3612//3612 3707//3707
f 3706//3706 3708//3708 3610//3610
f 3610//3610 3708//3708 3613//3613
f 3614//3614 3707//3707 3612//3612
f 3614//3614 3709//3709 3707//3707
f 3708//3708 3710//3710 3613//3613
f 3613//3613 3710//3710 3615//3615
f 3614//3614 3616//3616 3709//3709
f 3709//3709 3616//3616 3711//3711
f 3710//3710 3712//3712 3615//3615
f 3615//3615 3712//3712 3617//3617
f 3618//3618 3711//3711 3616//3616
f 3618//3618 3713//3713 3711//3711
f 3712//3712 3714//3714 3619//3619
f 3617//3617 3712//3712 3619//3619
f 3620//3620 3713//3713 3618//3618
f 3620//3620 3715//3715 3713//3713
f 3714//3714 3621//3621 3619//3619
f 3714//3714 3716//3716 3621//3621
f 3622//3622 3715//3715 3620//3620
f 3622//3622 3717//3717 3715//3715
f 3716//3716 3623//3623 3621//3621
f 3718//3718 3623//3623 3716//3716
f 3624//3624 3717//3717 3622//3622
f 3624//3624 3719//3719 3717//3717
f 3718//3718 3625//3625 3623//3623
f 3720//3720 3625//3625 3718//3718
f 3626//3626 3719//3719 3624//3624
f 3626//3626 3721//3721 3719//3719
f 3720//3720 3722//3722 3627//3627
f 3625//3625 3720//3720 3627//3627
f 3721//3721 3626//3626 3723//3723
f 3628//3628 3723//3723 3626//3626
f 3627//3627 3722//3722 3629//3629
f 3629//3629 3722//3722 3724//3724
f 3630//3630 3725//3725 3628//3628
f 3628//3628 3725//3725 3723//3723
f 3629//3629 3724//3724 3631//3631
f 3631//3631 3724//3724 3726//3726
f 3632//3632 3727//3727 3630//3630
f 3630//3630 3727//3727 3725//3725
f 3726//3726 3633//3633 3631//3631
f 3726//3726 3728//3728 3633//3633
f 3634//3634 3729//3729 3632//3632
f 3632//3632 3729//3729 3727//3727
f 3728//3728 3635//3635 3633//3633
f 3730//3730 3635//3635 3728//3728
f 3636//3636 3731//3731 3634//3634
f 3634//3634 3731//3731 3729//3729
f 3730//3730 3637//3637 3635//3635
f 3732//3732 3637//3637 3730//3730
f 3733//3733 3731//3731 3638//3638
f 3638//3638 3731//3731 3636//3636
f 3732//3732 3639//3639 3637//3637
f 3734//3734 3639//3639 3732//3732
f 3640//3640 3733//3733 3638//3638
f 3640//3640 3735//3735 3733//3733
f 3734//3734 3641//3641 3639//3639
f 3736//3736 3641//3641 3734//3734
f 3642//3642 3735//3735 3640//3640
f 3642//3642 3737//3737 3735//3735
f 3736//3736 3643//3643 3641//3641
f 3738//3738 3643//3643 3736//3736
f 3644//3644 3737//3737 3642//3642
f 3644//3644 3739//3739 3737//3737
f 3738//3738 3645//3645 3643//3643
f 3740//3740 3645//3645 3738//3738
f 3646//3646 3739//3739 3644//3644
f 3646//3646 3741//3741 3739//3739
f 3740//3740 3647//3647 3645//3645
f 3742//3742 3647//3647 3740//3740
f 3648//3648 3741//3741 3646//3646
f 3648//3648 3743//3743 3741//3741
f 3742//3742 3649//3649 3647//3647
f 3744//3744 3649//3649 3742//3742
f 3650//3650 3743//3743 3648//3648
f 3650//3650 3745//3745 3743//3743
f 3744//3744 3651//3651 3649//3649
f 3746//3746 3651//3651 3744//3744
f 3745//3745 3652//3652 3747//3747
f 3745//3745 3650//3650 3652//3652
f 3746//3746 3653//3653 3651//3651
f 3748//3748 3653//3653 3746//3746
f 3654//3654 3749//3749 3652//3652
f 3652//3652 3749//3749 3747//3747
f 3748//3748 3655//3655 3653//3653
f 3750//3750 3655//3655 3748//3748
f 3751//3751 3749//3749 3656//3656
f 3656//3656 3749//3749 3654//3654
f 3750//3750 3657//3657 3655//3655
f 3752//3752 3657//3657 3750//3750
f 3658//3658 3751//3751 3656//3656
f 3658//3658 3753//3753 3751//3751
f 3657//3657 3754//3754 3659//3659
f 3657//3657 3752//3752 3754//3754
f 3660//3660 3753//3753 3658//3658
f 3660//3660 3755//3755 3753//3753
f 3754//3754 3756//3756 3659//3659
f 3661//3661 3659//3659 3756//3756
f 3662//3662 3755//3755 3660//3660
f 3662//3662 3757//3757 3755//3755
f 3756//3756 3663//3663 3661//3661
f 3758//3758 3663//3663 3756//3756
f 3664//3664 3757//3757 3662//3662
f 3664//3664 3759//3759 3757//3757
f 3663//3663 3760//3760 3665//3665
f 3663//3663 3758//3758 3760//3760
f 3759//3759 3666//3666 3761//3761
f 3759//3759 3664//3664 3666//3666
f 3760//3760 3762//3762 3665//3665
f 3667//3667 3665//3665 3762//3762
f 3763//3763 3761//3761 3668//3668
f 3668//3668 3761//3761 3666//3666
f 3762//3762 3764//3764 3667//3667
f 3667//3667 3764//3764 3669//3669
f 3763//3763 3670//3670 3765//3765
f 3763//3763 3668//3668 3670//3670
f 3764//3764 3766//3766 3669//3669
f 3669//3669 3766//3766 3671//3671
f 3767//3767 3765//3765 3672//3672
f 3672//3672 3765//3765 3670//3670
f 3766//3766 3768//3768 3671//3671
f 3671//3671 3768//3768 3673//3673
f 3672//3672 3674//3674 3767//3767
f 3767//3767 3674//3674 3769//3769
f 3768//3768 3770//3770 3673//3673
f 3673//3673 3770//3770 3675//3675
f 3674//3674 3676//3676 3769//3769
f 3769//3769 3676//3676 3771//3771
f 3770//3770 3772//3772 3675//3675
f 3675//3675 3772//3772 3677//3677
f 3677//3677 3772//3772 3678//3678
f 3676//3676 3679//3679 3771//3771
f 3771//3771 3679//3679 3773//3773
f 3772//3772 3774//3774 3678//3678
f 3774//3774 3680//3680 3678//3678
f 3774//3774 3775//3775 3680//3680
f 3680//3680 3775//3775 3681//3681
f 3679//3679 3682//3682 3773//3773
f 3773//3773 3682//3682 3776//3776
f 3775//3775 3777//3777 3681//3681
f 3777//3777 3683//3683 3681//3681
f 3777//3777 3778//3778 3683//3683
f 3683//3683 3779//3779 3684//3684
f 3778//3778 3779//3779 3683//3683
f 3684//3684 3780//3780 3685//3685
f 3779//3779 3780//3780 3684//3684
f 3685//3685 3781//3781 3686//3686
f 3780//3780 3781//3781 3685//3685
f 3686//3686 3782//3782 3687//3687
f 3781//3781 3782//3782 3686//3686
f 3687//3687 3783//3783 3688//3688
f 3782//3782 3783//3783 3687//3687
f 3682//3682 3688//3688 3776//3776
f 3776//3776 3688//3688 3783//3783
f 3785//3785 3784//3784 3692//3692
f 3693//3693 3786//3786 3692//3692
f 3692//3692 3786//3786 3785//3785
f 3693//3693 3787//3787 3786//3786
f 3789//3789 3788//3788 3689//3689
f 3690//3690 3789//3789 3689//3689
f 3690//3690 3790//3790 3789//3789
f 3784//3784 3690//3690 3691//3691
f 3784//3784 3790//3790 3690//3690
f 3691//3691 3692//3692 3784//3784
f 3694//3694 3787//3787 3693//3693
f 3791//3791 3694//3694 3695//3695
f 3791//3791 3787//3787 3694//3694
f 3792//3792 3695//3695 3696//3696
f 3792//3792 3791//3791 3695//3695
f 3696//3696 3697//3697 3792//3792
f 3792//3792 3697//3697 3793//3793
f 3788//3788 3794//3794 3699//3699
f 3699//3699 3794//3794 3698//3698
f 3699//3699 3689//3689 3788//3788
f 3795//3795 3697//3697 3700//3700
f 3795//3795 3793//3793 3697//3697
f 3700//3700 3701//3701 3795//3795
f 3795//3795 3701//3701 3796//3796
f 3798//3798 3797//3797 3702//3702
f 3698//3698 3798//3798 3702//3702
f 3698//3698 3794//3794 3798//3798
f 3701//3701 3703//3703 3796//3796
f 3796//3796 3703//3703 3799//3799
f 3797//3797 3800//3800 3704//3704
f 3797//3797 3704//3704 3702//3702
f 3703//3703 3705//3705 3799//3799
f 3799//3799 3705//3705 3801//3801
f 3800//3800 3802//3802 3706//3706
f 3800//3800 3706//3706 3704//3704
f 3705//3705 3707//3707 3801//3801
f 3801//3801 3707//3707 3803//3803
f 3802//3802 3804//3804 3708//3708
f 3802//3802 3708//3708 3706//3706
f 3709//3709 3803//3803 3707//3707
f 3709//3709 3805//3805 3803//3803
f 3804//3804 3806//3806 3710//3710
f 3804//3804 3710//3710 3708//3708
f 3805//3805 3709//3709 3807//3807
f 3711//3711 3807//3807 3709//3709
f 3806//3806 3712//3712 3710//3710
f 3806//3806 3808//3808 3712//3712
f 3711//3711 3809//3809 3807//3807
f 3711//3711 3713//3713 3809//3809
f 3808//3808 3810//3810 3712//3712
f 3712//3712 3810//3810 3714//3714
f 3715//3715 3809//3809 3713//3713
f 3715//3715 3811//3811 3809//3809
f 3810//3810 3716//3716 3714//3714
f 3812//3812 3716//3716 3810//3810
f 3717//3717 3811//3811 3715//3715
f 3717//3717 3813//3813 3811//3811
f 3812//3812 3814//3814 3718//3718
f 3716//3716 3812//3812 3718//3718
f 3719//3719 3813//3813 3717//3717
f 3719//3719 3815//3815 3813//3813
f 3718//3718 3814//3814 3720//3720
f 3720//3720 3814//3814 3816//3816
f 3721//3721 3815//3815 3719//3719
f 3721//3721 3817//3817 3815//3815
f 3816//3816 3722//3722 3720//3720
f 3816//3816 3818//3818 3722//3722
f 3723//3723 3817//3817 3721//3721
f 3723//3723 3819//3819 3817//3817
f 3818//3818 3724//3724 3722//3722
f 3820//3820 3724//3724 3818//3818
f 3725//3725 3819//3819 3723//3723
f 3725//3725 3821//3821 3819//3819
f 3820//3820 3726//3726 3724//3724
f 3822//3822 3726//3726 3820//3820
f 3727//3727 3821//3821 3725//3725
f 3727//3727 3823//3823 3821//3821
f 3822//3822 3728//3728 3726//3726
f 3824//3824 3728//3728 3822//3822
f 3729//3729 3823//3823 3727//3727
f 3729//3729 3825//3825 3823//3823
f 3824//3824 3730//3730 3728//3728
f 3826//3826 3730//3730 3824//3824
f 3731//3731 3825//3825 3729//3729
f 3731//3731 3827//3827 3825//3825
f 3826//3826 3732//3732 3730//3730
f 3828//3828 3732//3732 3826//3826
f 3733//3733 3827//3827 3731//3731
f 3733//3733 3829//3829 3827//3827
f 3828//3828 3734//3734 3732//3732
f 3830//3830 3734//3734 3828//3828
f 3735//3735 3829//3829 3733//3733
f 3735//3735 3831//3831 3829//3829
f 3830//3830 3832//3832 3736//3736
f 3734//3734 3830//3830 3736//3736
f 3737//3737 3831//3831 3735//3735
f 3737//3737 3833//3833 3831//3831
f 3736//3736 3832//3832 3738//3738
f 3738//3738 3832//3832 3834//3834
f 3739//3739 3833//3833 3737//3737
f 3739//3739 3835//3835 3833//3833
f 3738//3738 3834//3834 3740//3740
f 3740//3740 3834//3834 3836//3836
f 3835//3835 3741//3741 3837//3837
f 3835//3835 3739//3739 3741//3741
f 3740//3740 3836//3836 3742//3742
f 3742//3742 3836//3836 3838//3838
f 3743//3743 3839//3839 3741//3741
f 3741//3741 3839//3839 3837//3837
f 3742//3742 3838//3838 3744//3744
f 3744//3744 3838//3838 3840//3840
f 3745//3745 3841//3841 3743//3743
f 3743//3743 3841//3841 3839//3839
f 3744//3744 3840//3840 3746//3746
f 3746//3746 3840//3840 3842//3842
f 3843//3843 3841//3841 3747//3747
f 3747//3747 3841//3841 3745//3745
f 3746//3746 3842//3842 3748//3748
f 3748//3748 3842//3842 3844//3844
f 3749//3749 3843//3843 3747//3747
f 3749//3749 3845//3845 3843//3843
f 3844//3844 3846//3846 3748//3748
f 3750//3750 3748//3748 3846//3846
f 3751//3751 3845//3845 3749//3749
f 3751//3751 3847//3847 3845//3845
f 3846//3846 3752//3752 3750//3750
f 3848//3848 3752//3752 3846//3846
f 3753//3753 3847//3847 3751//3751
f 3753//3753 3849//3849 3847//3847
f 3848//3848 3754//3754 3752//3752
f 3850//3850 3754//3754 3848//3848
f 3755//3755 3849//3849 3753//3753
f 3755//3755 3851//3851 3849//3849
f 3754//3754 3852//3852 3756//3756
f 3754//3754 3850//3850 3852//3852
f 3757//3757 3851//3851 3755//3755
f 3757//3757 3853//3853 3851//3851
f 3852//3852 3854//3854 3756//3756
f 3758//3758 3756//3756 3854//3854
f 3853//3853 3759//3759 3855//3855
f 3853//3853 3757//3757 3759//3759
f 3854//3854 3760//3760 3758//3758
f 3856//3856 3760//3760 3854//3854
f 3857//3857 3855//3855 3761//3761
f 3761//3761 3855//3855 3759//3759
f 3856//3856 3858//3858 3760//3760
f 3760//3760 3858//3858 3762//3762
f 3763//3763 3857//3857 3761//3761
f 3763//3763 3859//3859 3857//3857
f 3762//3762 3860//3860 3764//3764
f 3762//3762 3858//3858 3860//3860
f 3763//3763 3765//3765 3859//3859
f 3859//3859 3765//3765 3861//3861
f 3860//3860 3862//3862 3764//3764
f 3764//3764 3862//3862 3766//3766
f 3767//3767 3861//3861 3765//3765
f 3767//3767 3863//3863 3861//3861
f 3862//3862 3864//3864 3766//3766
f 3766//3766 3864//3864 3768//3768
f 3767//3767 3769//3769 3863//3863
f 3863//3863 3769//3769 3865//3865
f 3864//3864 3866//3866 3768//3768
f 3768//3768 3866//3866 3770//3770
f 3769//3769 3771//3771 3865//3865
f 3865//3865 3771//3771 3867//3867
f 3866//3866 3868//3868 3770//3770
f 3770//3770 3868//3868 3772//3772
f 3771//3771 3773//3773 3867//3867
f 3867//3867 3773//3773 3869//3869
f 3868//3868 3870//3870 3772//3772
f 3870//3870 3774//3774 3772//3772
f 3870//3870 3871//3871 3774//3774
f 3774//3774 3871//3871 3775//3775
f 3773//3773 3776//3776 3869//3869
f 3869//3869 3776//3776 3872//3872
f 3871//3871 3873//3873 3775//3775
f 3873//3873 3777//3777 3775//3775
f 3873//3873 3874//3874 3777//3777
f 3777//3777 3875//3875 3778//3778
f 3874//3874 3875//3875 3777//3777
f 3778//3778 3875//3875 3779//3779
f 3782//3782 3781//3781 3876//3876
f 3782//3782 3877//3877 3783//3783
f 3876//3876 3877//3877 3782//3782
f 3776//3776 3783//3783 3872//3872
f 3872//3872 3783//3783 3877//3877
f 3875//3875 3878//3878 3779//3779
f 3779//3779 3878//3878 3780//3780
f 3780//3780 3878//3878 3879//3879
f 3780//3780 3879//3879 3781//3781
f 3781//3781 3879//3879 3880//3880
f 3781//3781 3880//3880 3876//3876
f 3882//3882 3881//3881 3790//3790
f 3784//3784 3883//3883 3790//3790
f 3790//3790 3883//3883 3882//3882
f 3785//3785 3883//3883 3784//3784
f 3785//3785 3884//3884 3883//3883
f 3885//3885 3785//3785 3786//3786
f 3885//3885 3884//3884 3785//3785
f 3886//3886 3786//3786 3787//3787
f 3886//3886 3885//3885 3786//3786
f 3791//3791 3887//3887 3787//3787
f 3787//3787 3887//3887 3886//3886
f 3791//3791 3888//3888 3887//3887
f 3890//3890 3889//3889 3788//3788
f 3789//3789 3890//3890 3788//3788
f 3789//3789 3881//3881 3890//3890
f 3789//3789 3790//3790 3881//3881
f 3792//3792 3888//3888 3791//3791
f 3891//3891 3792//3792 3793//3793
f 3891//3891 3888//3888 3792//3792
f 3793//3793 3892//3892 3891//3891
f 3889//3889 3893//3893 3794//3794
f 3889//3889 3794//3794 3788//3788
f 3795//3795 3892//3892 3793//3793
f 3795//3795 3796//3796 3892//3892
f 3892//3892 3796//3796 3894//3894
f 3893//3893 3895//3895 3798//3798
f 3798//3798 3895//3895 3797//3797
f 3798//3798 3794//3794 3893//3893
f 3796//3796 3799//3799 3894//3894
f 3894//3894 3799//3799 3896//3896
f 3895//3895 3897//3897 3797//3797
f 3797//3797 3897//3897 3800//3800
f 3799//3799 3801//3801 3896//3896
f 3896//3896 3801//3801 3898//3898
f 3897//3897 3899//3899 3800//3800
f 3800//3800 3899//3899 3802//3802
f 3898//3898 3801//3801 3900//3900
f 3803//3803 3900//3900 3801//3801
f 3899//3899 3901//3901 3802//3802
f 3802//3802 3901//3901 3804//3804
f 3803//3803 3902//3902 3900//3900
f 3803//3803 3805//3805 3902//3902
f 3901//3901 3903//3903 3804//3804
f 3804//3804 3903//3903 3806//3806
f 3807//3807 3902//3902 3805//3805
f 3807//3807 3904//3904 3902//3902
f 3903//3903 3905//3905 3808//3808
f 3806//3806 3903//3903 3808//3808
f 3904//3904 3807//3807 3906//3906
f 3809//3809 3906//3906 3807//3807
f 3905//3905 3810//3810 3808//3808
f 3905//3905 3907//3907 3810//3810
f 3809//3809 3908//3908 3906//3906
f 3809//3809 3811//3811 3908//3908
f 3907//3907 3909//3909 3812//3812
f 3810//3810 3907//3907 3812//3812
f 3813//3813 3908//3908 3811//3811
f 3813//3813 3910//3910 3908//3908
f 3909//3909 3814//3814 3812//3812
f 3909//3909 3911//3911 3814//3814
f 3815//3815 3910//3910 3813//3813
f 3815//3815 3912//3912 3910//3910
f 3911//3911 3816//3816 3814//3814
f 3913//3913 3816//3816 3911//3911
f 3817//3817 3912//3912 3815//3815
f 3817//3817 3914//3914 3912//3912
f 3913//3913 3818//3818 3816//3816
f 3915//3915 3818//3818 3913//3913
f 3819//3819 3914//3914 3817//3817
f 3819//3819 3916//3916 3914//3914
f 3915//3915 3820//3820 3818//3818
f 3917//3917 3820//3820 3915//3915
f 3821//3821 3916//3916 3819//3819
f 3821//3821 3918//3918 3916//3916
f 3917//3917 3822//3822 3820//3820
f 3919//3919 3822//3822 3917//3917
f 3823//3823 3918//3918 3821//3821
f 3823//3823 3920//3920 3918//3918
f 3919//3919 3824//3824 3822//3822
f 3921//3921 3824//3824 3919//3919
f 3825//3825 3920//3920 3823//3823
f 3825//3825 3922//3922 3920//3920
f 3921//3921 3923//3923 3826//3826
f 3824//3824 3921//3921 3826//3826
f 3827//3827 3922//3922 3825//3825
f 3827//3827 3924//3924 3922//3922
f 3826//3826 3923//3923 3828//3828
f 3828//3828 3923//3923 3925//3925
f 3829//3829 3924//3924 3827//3827
f 3829//3829 3926//3926 3924//3924
f 3828//3828 3925//3925 3830//3830
f 3830//3830 3925//3925 3927//3927
f 3831//3831 3926//3926 3829//3829
f 3831//3831 3928//3928 3926//3926
f 3927//3927 3832//3832 3830//3830
f 3927//3927 3929//3929 3832//3832
f 3928//3928 3833//3833 3930//3930
f 3928//3928 3831//3831 3833//3833
f 3929//3929 3834//3834 3832//3832
f 3931//3931 3834//3834 3929//3929
f 3835//3835 3932//3932 3833//3833
f 3833//3833 3932//3932 3930//3930
f 3931//3931 3836//3836 3834//3834
f 3933//3933 3836//3836 3931//3931
f 3934//3934 3932//3932 3837//3837
f 3837//3837 3932//3932 3835//3835
f 3933//3933 3838//3838 3836//3836
f 3935//3935 3838//3838 3933//3933
f 3839//3839 3934//3934 3837//3837
f 3839//3839 3936//3936 3934//3934
f 3935//3935 3840//3840 3838//3838
f 3937//3937 3840//3840 3935//3935
f 3841//3841 3936//3936 3839//3839
f 3841//3841 3938//3938 3936//3936
f 3937//3937 3842//3842 3840//3840
f 3939//3939 3842//3842 3937//3937
f 3843//3843 3938//3938 3841//3841
f 3843//3843 3940//3940 3938//3938
f 3939//3939 3844//3844 3842//3842
f 3941//3941 3844//3844 3939//3939
f 3845//3845 3940//3940 3843//3843
f 3845//3845 3942//3942 3940//3940
f 3844//3844 3943//3943 3846//3846
f 3844//3844 3941//3941 3943//3943
f 3847//3847 3942//3942 3845//3845
f 3847//3847 3944//3944 3942//3942
f 3846//3846 3943//3943 3848//3848
f 3848//3848 3943//3943 3945//3945
f 3849//3849 3944//3944 3847//3847
f 3849//3849 3946//3946 3944//3944
f 3945//3945 3947//3947 3848//3848
f 3850//3850 3848//3848 3947//3947
f 3851//3851 3946//3946 3849//3849
f 3851//3851 3948//3948 3946//3946
f 3947//3947 3852//3852 3850//3850
f 3949//3949 3852//3852 3947//3947
f 3948//3948 3853//3853 3950//3950
f 3948//3948 3851//3851 3853//3853
f 3852//3852 3951//3951 3854//3854
f 3852//3852 3949//3949 3951//3951
f 3952//3952 3950//3950 3855//3855
f 3855//3855 3950//3950 3853//3853
f 3951//3951 3953//3953 3854//3854
f 3856//3856 3854//3854 3953//3953
f 3857//3857 3952//3952 3855//3855
f 3857//3857 3954//3954 3952//3952
f 3856//3856 3955//3955 3858//3858
f 3856//3856 3953//3953 3955//3955
f 3954//3954 3859//3859 3956//3956
f 3954//3954 3857//3857 3859//3859
f 3955//3955 3957//3957 3858//3858
f 3860//3860 3858//3858 3957//3957
f 3958//3958 3956//3956 3861//3861
f 3861//3861 3956//3956 3859//3859
f 3957//3957 3959//3959 3860//3860
f 3860//3860 3959//3959 3862//3862
f 3863//3863 3958//3958 3861//3861
f 3863//3863 3960//3960 3958//3958
f 3959//3959 3961//3961 3862//3862
f 3862//3862 3961//3961 3864//3864
f 3863//3863 3865//3865 3960//3960
f 3960//3960 3865//3865 3962//3962
f 3961//3961 3963//3963 3864//3864
f 3864//3864 3963//3963 3866//3866
f 3865//3865 3867//3867 3962//3962
f 3962//3962 3867//3867 3964//3964
f 3963//3963 3965//3965 3866//3866
f 3866//3866 3965//3965 3868//3868
f 3867//3867 3869//3869 3964//3964
f 3964//3964 3869//3869 3966//3966
f 3965//3965 3967//3967 3868//3868
f 3868//3868 3967//3967 3870//3870
f 3870//3870 3967//3967 3871//3871
f 3869//3869 3872//3872 3966//3966
f 3966//3966 3872//3872 3968//3968
f 3967//3967 3969//3969 3871//3871
f 3969//3969 3873//3873 3871//3871
f 3969//3969 3970//3970 3873//3873
f 3873//3873 3970//3970 3874//3874
f 3876//3876 3972//3972 3877//3877
f 3971//3971 3972//3972 3876//3876
f 3872//3872 3877//3877 3968//3968
f 3968//3968 3877//3877 3972//3972
f 3970//3970 3973//3973 3874//3874
f 3874//3874 3973//3973 3875//3875
f 3875//3875 3973//3973 3974//3974
f 3974//3974 3878//3878 3875//3875
f 3974//3974 3975//3975 3878//3878
f 3878//3878 3976//3976 3879//3879
f 3975//3975 3976//3976 3878//3878
f 3879//3879 3977//3977 3880//3880
f 3976//3976 3977//3977 3879//3879
f 3876//3876 3880//3880 3971//3971
f 3971//3971 3880//3880 3977//3977
f 3979//3979 3978//3978 3884//3884
f 3884//3884 3980//3980 3979//3979
f 3982//3982 3981//3981 3881//3881
f 3882//3882 3982//3982 3881//3881
f 3882//3882 3983//3983 3982//3982
f 3978//3978 3882//3882 3883//3883
f 3978//3978 3983//3983 3882//3882
f 3883//3883 3884//3884 3978//3978
f 3885//3885 3980//3980 3884//3884
f 3984//3984 3885//3885 3886//3886
f 3984//3984 3980//3980 3885//3885
f 3985//3985 3886//3886 3887//3887
f 3985//3985 3984//3984 3886//3886
f 3887//3887 3888//3888 3985//3985
f 3985//3985 3888//3888 3986//3986
f 3988//3988 3987//3987 3889//3889
f 3890//3890 3988//3988 3889//3889
f 3890//3890 3981//3981 3988//3988
f 3890//3890 3881//3881 3981//3981
f 3989//3989 3888//3888 3891//3891
f 3989//3989 3986//3986 3888//3888
f 3891//3891 3892//3892 3989//3989
f 3989//3989 3892//3892 3990//3990
f 3987//3987 3991//3991 3893//3893
f 3987//3987 3893//3893 3889//3889
f 3892//3892 3894//3894 3990//3990
f 3990//3990 3894//3894 3992//3992
f 3991//3991 3993//3993 3895//3895
f 3991//3991 3895//3895 3893//3893
f 3894//3894 3896//3896 3992//3992
f 3992//3992 3896//3896 3994//3994
f 3993//3993 3995//3995 3897//3897
f 3993//3993 3897//3897 3895//3895
f 3896//3896 3898//3898 3994//3994
f 3994//3994 3898//3898 3996//3996
f 3995//3995 3997//3997 3899//3899
f 3995//3995 3899//3899 3897//3897
f 3900//3900 3996//3996 3898//3898
f 3900//3900 3998//3998 3996//3996
f 3997//3997 3999//3999 3901//3901
f 3997//3997 3901//3901 3899//3899
f 3900//3900 3902//3902 3998//3998
f 3998//3998 3902//3902 4000//4000
f 3999//3999 4001//4001 3903//3903
f 3999//3999 3903//3903 3901//3901
f 3904//3904 4000//4000 3902//3902
f 3904//3904 4002//4002 4000//4000
f 4001//4001 3905//3905 3903//3903
f 4001//4001 4003//4003 3905//3905
f 3906//3906 4002//4002 3904//3904
f 3906//3906 4004//4004 4002//4002
f 4003//4003 4005//4005 3907//3907
f 3905//3905 4003//4003 3907//3907
f 4004//4004 3906//3906 4006//4006
f 3908//3908 4006//4006 3906//3906
f 4005//4005 3909//3909 3907//3907
f 4005//4005 4007//4007 3909//3909
f 3910//3910 4008//4008 3908//3908
f 3908//3908 4008//4008 4006//4006
f 4007//4007 3911//3911 3909//3909
f 4009//4009 3911//3911 4007//4007
f 3912//3912 4010//4010 3910//3910
f 3910//3910 4010//4010 4008//4008
f 4009//4009 3913//3913 3911//3911
f 4011//4011 3913//3913 4009//4009
f 3914//3914 4012//4012 3912//3912
f 3912//3912 4012//4012 4010//4010
f 4011//4011 3915//3915 3913//3913
f 4013//4013 3915//3915 4011//4011
f 3916//3916 4014//4014 3914//3914
f 3914//3914 4014//4014 4012//4012
f 4013//4013 4015//4015 3917//3917
f 3915//3915 4013//4013 3917//3917
f 3916//3916 4016//4016 4014//4014
f 3916//3916 3918//3918 4016//4016
f 3917//3917 4015//4015 3919//3919
f 3919//3919 4015//4015 4017//4017
f 3920//3920 4016//4016 3918//3918
f 3920//3920 4018//4018 4016//4016
f 3919//3919 4017//4017 3921//3921
f 3921//3921 4017//4017 4019//4019
f 3922//3922 4018//4018 3920//3920
f 3922//3922 4020//4020 4018//4018
f 4019//4019 3923//3923 3921//3921
f 4019//4019 4021//4021 3923//3923
f 4020//4020 3924//3924 4022//4022
f 4020//4020 3922//3922 3924//3924
f 4021//4021 3925//3925 3923//3923
f 4023//4023 3925//3925 4021//4021
f 3926//3926 4024//4024 3924//3924
f 3924//3924 4024//4024 4022//4022
f 4023//4023 3927//3927 3925//3925
f 4025//4025 3927//3927 4023//4023
f 3928//3928 4026//4026 3926//3926
f 3926//3926 4026//4026 4024//4024
f 4025//4025 3929//3929 3927//3927
f 4027//4027 3929//3929 4025//4025
f 4028//4028 4026//4026 3930//3930
f 3930//3930 4026//4026 3928//3928
f 4027//4027 3931//3931 3929//3929
f 4029//4029 3931//3931 4027//4027
f 3932//3932 4028//4028 3930//3930
f 3932//3932 4030//4030 4028//4028
f 4029//4029 3933//3933 3931//3931
f 4031//4031 3933//3933 4029//4029
f 3934//3934 4030//4030 3932//3932
f 3934//3934 4032//4032 4030//4030
f 4031//4031 3935//3935 3933//3933
f 4033//4033 3935//3935 4031//4031
f 3936//3936 4032//4032 3934//3934
f 3936//3936 4034//4034 4032//4032
f 4033//4033 3937//3937 3935//3935
f 4035//4035 3937//3937 4033//4033
f 3938//3938 4034//4034 3936//3936
f 3938//3938 4036//4036 4034//4034
f 4035//4035 3939//3939 3937//3937
f 4037//4037 3939//3939 4035//4035
f 3940//3940 4036//4036 3938//3938
f 3940//3940 4038//4038 4036//4036
f 4037//4037 3941//3941 3939//3939
f 4039//4039 3941//3941 4037//4037
f 3942//3942 4038//4038 3940//3940
f 3942//3942 4040//4040 4038//4038
f 4039//4039 3943//3943 3941//3941
f 4041//4041 3943//3943 4039//4039
f 3944//3944 4040//4040 3942//3942
f 3944//3944 4042//4042 4040//4040
f 4041//4041 3945//3945 3943//3943
f 4043//4043 3945//3945 4041//4041
f 4042//4042 3946//3946 4044//4044
f 4042//4042 3944//3944 3946//3946
f 3945//3945 4045//4045 3947//3947
f 3945//3945 4043//4043 4045//4045
f 3948//3948 4046//4046 3946//3946
f 3946//3946 4046//4046 4044//4044
f 4045//4045 4047//4047 3947//3947
f 3949//3949 3947//3947 4047//4047
f 4048//4048 4046//4046 3950//3950
f 3950//3950 4046//4046 3948//3948
f 4047//4047 3951//3951 3949//3949
f 4049//4049 3951//3951 4047//4047
f 3952//3952 4048//4048 3950//3950
f 3952//3952 4050//4050 4048//4048
f 4049//4049 4051//4051 3951//3951
f 3951//3951 4051//4051 3953//3953
f 3954//3954 4050//4050 3952//3952
f 3954//3954 4052//4052 4050//4050
f 4051//4051 3955//3955 3953//3953
f 4053//4053 3955//3955 4051//4051
f 3954//3954 3956//3956 4052//4052
f 4052//4052 3956//3956 4054//4054
f 4053//4053 4055//4055 3955//3955
f 3955//3955 4055//4055 3957//3957
f 3958//3958 4054//4054 3956//3956
f 3958//3958 4056//4056 4054//4054
f 4055//4055 4057//4057 3957//3957
f 3957//3957 4057//4057 3959//3959
f 4056//4056 3960//3960 4058//4058
f 4056//4056 3958//3958 3960//3960
f 3959//3959 4059//4059 3961//3961
f 3959//3959 4057//4057 4059//4059
f 4060//4060 4058//4058 3962//3962
f 3962//3962 4058//4058 3960//3960
f 4059//4059 4061//4061 3961//3961
f 3961//3961 4061//4061 3963//3963
f 3962//3962 3964//3964 4060//4060
f 4060//4060 3964//3964 4062//4062
f 4061//4061 4063//4063 3963//3963
f 3963//3963 4063//4063 3965//3965
f 3964//3964 3966//3966 4062//4062
f 4062//4062 3966//3966 4064//4064
f 4063//4063 4065//4065 3965//3965
f 4065//4065 3967//3967 3965//3965
f 4065//4065 4066//4066 3967//3967
f 3966//3966 3968//3968 4064//4064
f 4064//4064 3968//3968 4067//4067
f 4066//4066 4068//4068 3967//3967
f 3967//3967 4068//4068 3969//3969
f 3969//3969 4068//4068 3970//3970
f 3972//3972 3971//3971 4069//4069
f 3968//3968 3972//3972 4067//4067
f 4067//4067 3972//3972 4069//4069
f 4068//4068 4070//4070 3970//3970
f 4070//4070 3973//3973 3970//3970
f 4070//4070 4071//4071 3973//3973
f 3973//3973 4072//4072 3974//3974
f 4071//4071 4072//4072 3973//3973
f 3974//3974 4073//4073 3975//3975
f 4072//4072 4073//4073 3974//3974
f 3975//3975 4074//4074 3976//3976
f 4073//4073 4074//4074 3975//3975
f 3976//3976 4075//4075 3977//3977
f 4074//4074 4075//4075 3976//3976
f 3977//3977 4076//4076 3971//3971
f 3977//3977 4075//4075 4076//4076
f 3971//3971 4076//4076 4069//4069
f 4078//4078 4077//4077 3982//3982
f 3983//3983 4079//4079 3982//3982
f 3982//3982 4079//4079 4078//4078
f 3978//3978 4080//4080 3983//3983
f 3983//3983 4080//4080 4079//4079
f 3979//3979 4080//4080 3978//3978
f 3979//3979 4081//4081 4080//4080
f 4082//4082 3979//3979 3980//3980
f 4082//4082 4081//4081 3979//3979
f 3984//3984 4083//4083 3980//3980
f 3980//3980 4083//4083 4082//4082
f 3984//3984 4084//4084 4083//4083
f 4086//4086 4085//4085 3988//3988
f 3981//3981 4077//4077 3988//3988
f 3988//3988 4077//4077 4086//4086
f 4077//4077 3981//3981 3982//3982
f 3985//3985 4084//4084 3984//3984
f 4087//4087 3985//3985 3986//3986
f 4087//4087 4084//4084 3985//3985
f 3986//3986 4088//4088 4087//4087
f 4085//4085 4089//4089 3987//3987
f 4085//4085 3987//3987 3988//3988
f 3989//3989 4088//4088 3986//3986
f 3989//3989 3990//3990 4088//4088
f 4088//4088 3990//3990 4090//4090
f 4089//4089 4091//4091 3991//3991
f 4089//4089 3991//3991 3987//3987
f 3990//3990 3992//3992 4090//4090
f 4090//4090 3992//3992 4092//4092
f 4091//4091 4093//4093 3993//3993
f 4091//4091 3993//3993 3991//3991
f 3992//3992 3994//3994 4092//4092
f 4092//4092 3994//3994 4094//4094
f 4093//4093 4095//4095 3995//3995
f 4093//4093 3995//3995 3993//3993
f 3994//3994 3996//3996 4094//4094
f 4094//4094 3996//3996 4096//4096
f 4095//4095 4097//4097 3997//3997
f 4095//4095 3997//3997 3995//3995
f 3998//3998 4096//4096 3996//3996
f 3998//3998 4098//4098 4096//4096
f 4097//4097 3999//3999 3997//3997
f 4097//4097 4099//4099 3999//3999
f 4098//4098 3998//3998 4100//4100
f 4000//4000 4100//4100 3998//3998
f 4099//4099 4101//4101 3999//3999
f 3999//3999 4101//4101 4001//4001
f 4000//4000 4102//4102 4100//4100
f 4000//4000 4002//4002 4102//4102
f 4101//4101 4103//4103 4003//4003
f 4001//4001 4101//4101 4003//4003
f 4004//4004 4102//4102 4002//4002
f 4004//4004 4104//4104 4102//4102
f 4103//4103 4005//4005 4003//4003
f 4103//4103 4105//4105 4005//4005
f 4006//4006 4104//4104 4004//4004
f 4006//4006 4106//4106 4104//4104
f 4105//4105 4007//4007 4005//4005
f 4107//4107 4007//4007 4105//4105
f 4008//4008 4106//4106 4006//4006
f 4008//4008 4108//4108 4106//4106
f 4107//4107 4009//4009 4007//4007
f 4109//4109 4009//4009 4107//4107
f 4010//4010 4108//4108 4008//4008
f 4010//4010 4110//4110 4108//4108
f 4109//4109 4011//4011 4009//4009
f 4111//4111 4011//4011 4109//4109
f 4012//4012 4110//4110 4010//4010
f 4012//4012 4112//4112 4110//4110
f 4111//4111 4113//4113 4013//4013
f 4011//4011 4111//4111 4013//4013
f 4014//4014 4112//4112 4012//4012
f 4014//4014 4114//4114 4112//4112
f 4113//4113 4015//4015 4013//4013
f 4113//4113 4115//4115 4015//4015
f 4114//4114 4014//4014 4116//4116
f 4016//4016 4116//4116 4014//4014
f 4115//4115 4017//4017 4015//4015
f 4117//4117 4017//4017 4115//4115
f 4018//4018 4118//4118 4016//4016
f 4016//4016 4118//4118 4116//4116
f 4117//4117 4019//4019 4017//4017
f 4119//4119 4019//4019 4117//4117
f 4020//4020 4120//4120 4018//4018
f 4018//4018 4120//4120 4118//4118
f 4119//4119 4021//4021 4019//4019
f 4121//4121 4021//4021 4119//4119
f 4122//4122 4120//4120 4022//4022
f 4022//4022 4120//4120 4020//4020
f 4121//4121 4023//4023 4021//4021
f 4123//4123 4023//4023 4121//4121
f 4024//4024 4122//4122 4022//4022
f 4024//4024 4124//4124 4122//4122
f 4123//4123 4125//4125 4025//4025
f 4023//4023 4123//4123 4025//4025
f 4026//4026 4124//4124 4024//4024
f 4026//4026 4126//4126 4124//4124
f 4025//4025 4125//4125 4027//4027
f 4027//4027 4125//4125 4127//4127
f 4028//4028 4126//4126 4026//4026
f 4028//4028 4128//4128 4126//4126
f 4027//4027 4127//4127 4029//4029
f 4029//4029 4127//4127 4129//4129
f 4030//4030 4128//4128 4028//4028
f 4030//4030 4130//4130 4128//4128
f 4029//4029 4129//4129 4031//4031
f 4031//4031 4129//4129 4131//4131
f 4032//4032 4130//4130 4030//4030
f 4032//4032 4132//4132 4130//4130
f 4031//4031 4131//4131 4033//4033
f 4033//4033 4131//4131 4133//4133
f 4034//4034 4132//4132 4032//4032
f 4034//4034 4134//4134 4132//4132
f 4033//4033 4133//4133 4035//4035
f 4035//4035 4133//4133 4135//4135
f 4036//4036 4134//4134 4034//4034
f 4036//4036 4136//4136 4134//4134
f 4035//4035 4135//4135 4037//4037
f 4037//4037 4135//4135 4137//4137
f 4136//4136 4038//4038 4138//4138
f 4136//4136 4036//4036 4038//4038
f 4137//4137 4139//4139 4037//4037
f 4039//4039 4037//4037 4139//4139
f 4040//4040 4140//4140 4038//4038
f 4038//4038 4140//4140 4138//4138
f 4139//4139 4041//4041 4039//4039
f 4141//4141 4041//4041 4139//4139
f 4042//4042 4142//4142 4040//4040
f 4040//4040 4142//4142 4140//4140
f 4141//4141 4043//4043 4041//4041
f 4143//4143 4043//4043 4141//4141
f 4144//4144 4142//4142 4044//4044
f 4044//4044 4142//4142 4042//4042
f 4143//4143 4045//4045 4043//4043
f 4145//4145 4045//4045 4143//4143
f 4046//4046 4144//4144 4044//4044
f 4046//4046 4146//4146 4144//4144
f 4045//4045 4147//4147 4047//4047
f 4045//4045 4145//4145 4147//4147
f 4048//4048 4146//4146 4046//4046
f 4048//4048 4148//4148 4146//4146
f 4147//4147 4149//4149 4047//4047
f 4049//4049 4047//4047 4149//4149
f 4050//4050 4148//4148 4048//4048
f 4050//4050 4150//4150 4148//4148
f 4049//4049 4151//4151 4051//4051
f 4049//4049 4149//4149 4151//4151
f 4150//4150 4052//4052 4152//4152
f 4150//4150 4050//4050 4052//4052
f 4151//4151 4153//4153 4051//4051
f 4053//4053 4051//4051 4153//4153
f 4154//4154 4152//4152 4054//4054
f 4054//4054 4152//4152 4052//4052
f 4153//4153 4155//4155 4053//4053
f 4053//4053 4155//4155 4055//4055
f 4056//4056 4154//4154 4054//4054
f 4056//4056 4156//4156 4154//4154
f 4055//4055 4157//4157 4057//4057
f 4055//4055 4155//4155 4157//4157
f 4056//4056 4058//4058 4156//4156
f 4156//4156 4058//4058 4158//4158
f 4157//4157 4159//4159 4057//4057
f 4059//4059 4057//4057 4159//4159
f 4060//4060 4158//4158 4058//4058
f 4060//4060 4160//4160 4158//4158
f 4159//4159 4161//4161 4059//4059
f 4059//4059 4161//4161 4061//4061
f 4060//4060 4062//4062 4160//4160
f 4160//4160 4062//4062 4162//4162
f 4161//4161 4163//4163 4061//4061
f 4061//4061 4163//4163 4063//4063
f 4062//4062 4064//4064 4162//4162
f 4162//4162 4064//4064 4164//4164
f 4163//4163 4165//4165 4063//4063
f 4063//4063 4165//4165 4065//4065
f 4065//4065 4165//4165 4066//4066
f 4064//4064 4067//4067 4164//4164
f 4164//4164 4067//4067 4166//4166
f 4165//4165 4167//4167 4066//4066
f 4066//4066 4167//4167 4068//4068
f 4067//4067 4069//4069 4166//4166
f 4166//4166 4069//4069 4168//4168
f 4167//4167 4169//4169 4068//4068
f 4169//4169 4070//4070 4068//4068
f 4169//4169 4170//4170 4070//4070
f 4070//4070 4171//4171 4071//4071
f 4170//4170 4171//4171 4070//4070
f 4071//4071 4171//4171 4072//4072
f 4075//4075 4074//4074 4172//4172
f 4075//4075 4173//4173 4076//4076
f 4172//4172 4173//4173 4075//4075
f 4069//4069 4076//4076 4168//4168
f 4168//4168 4076//4076 4173//4173
f 4171//4171 4174//4174 4072//4072
f 4072//4072 4174//4174 4073//4073
f 4073//4073 4174//4174 4175//4175
f 4073//4073 4175//4175 4074//4074
f 4074//4074 4175//4175 4176//4176
f 4074//4074 4176//4176 4172//4172
f 4178//4178 4177//4177 4080//4080
f 4080//4080 4179//4179 4178//4178
f 4181//4181 4180//4180 4077//4077
f 4078//4078 4181//4181 4077//4077
f 4078//4078 4182//4182 4181//4181
f 4177//4177 4078//4078 4079//4079
f 4177//4177 4182//4182 4078//4078
f 4079//4079 4080//4080 4177//4177
f 4081//4081 4179//4179 4080//4080
f 4183//4183 4081//4081 4082//4082
f 4183//4183 4179//4179 4081//4081
f 4184//4184 4082//4082 4083//4083
f 4184//4184 4183//4183 4082//4082
f 4083//4083 4084//4084 4184//4184
f 4184//4184 4084//4084 4185//4185
f 4180//4180 4186//4186 4086//4086
f 4086//4086 4186//4186 4085//4085
f 4086//4086 4077//4077 4180//4180
f 4187//4187 4084//4084 4087//4087
f 4187//4187 4185//4185 4084//4084
f 4087//4087 4088//4088 4187//4187
f 4187//4187 4088//4088 4188//4188
f 4186//4186 4189//4189 4085//4085
f 4085//4085 4189//4189 4089//4089
f 4088//4088 4090//4090 4188//4188
f 4188//4188 4090//4090 4190//4190
f 4189//4189 4191//4191 4089//4089
f 4089//4089 4191//4191 4091//4091
f 4090//4090 4092//4092 4190//4190
f 4190//4190 4092//4092 4192//4192
f 4191//4191 4193//4193 4091//4091
f 4091//4091 4193//4193 4093//4093
f 4092//4092 4094//4094 4192//4192
f 4192//4192 4094//4094 4194//4194
f 4193//4193 4195//4195 4093//4093
f 4093//4093 4195//4195 4095//4095
f 4194//4194 4094//4094 4196//4196
f 4096//4096 4196//4196 4094//4094
f 4195//4195 4197//4197 4095//4095
f 4095//4095 4197//4197 4097//4097
f 4096//4096 4198//4198 4196//4196
f 4096//4096 4098//4098 4198//4198
f 4197//4197 4199//4199 4099//4099
f 4097//4097 4197//4197 4099//4099
f 4100//4100 4198//4198 4098//4098
f 4100//4100 4200//4200 4198//4198
f 4199//4199 4101//4101 4099//4099
f 4199//4199 4201//4201 4101//4101
f 4200//4200 4100//4100 4202//4202
f 4102//4102 4202//4202 4100//4100
f 4201//4201 4203//4203 4101//4101
f 4101//4101 4203//4203 4103//4103
f 4102//4102 4204//4204 4202//4202
f 4102//4102 4104//4104 4204//4204
f 4203//4203 4105//4105 4103//4103
f 4205//4205 4105//4105 4203//4203
f 4106//4106 4204//4204 4104//4104
f 4106//4106 4206//4206 4204//4204
f 4205//4205 4107//4107 4105//4105
f 4207//4207 4107//4107 4205//4205
f 4108//4108 4206//4206 4106//4106
f 4108//4108 4208//4208 4206//4206
f 4207//4207 4209//4209 4109//4109
f 4107//4107 4207//4207 4109//4109
f 4110//4110 4208//4208 4108//4108
f 4110//4110 4210//4210 4208//4208
f 4109//4109 4209//4209 4111//4111
f 4111//4111 4209//4209 4211//4211
f 4112//4112 4210//4210 4110//4110
f 4112//4112 4212//4212 4210//4210
f 4211//4211 4113//4113 4111//4111
f 4211//4211 4213//4213 4113//4113
f 4114//4114 4212//4212 4112//4112
f 4114//4114 4214//4214 4212//4212
f 4213//4213 4115//4115 4113//4113
f 4215//4215 4115//4115 4213//4213
f 4116//4116 4214//4214 4114//4114
f 4116//4116 4216//4216 4214//4214
f 4215//4215 4117//4117 4115//4115
f 4217//4217 4117//4117 4215//4215
f 4118//4118 4216//4216 4116//4116
f 4118//4118 4218//4218 4216//4216
f 4217//4217 4119//4119 4117//4117
f 4219//4219 4119//4119 4217//4217
f 4120//4120 4218//4218 4118//4118
f 4120//4120 4220//4220 4218//4218
f 4219//4219 4221//4221 4121//4121
f 4119//4119 4219//4219 4121//4121
f 4122//4122 4220//4220 4120//4120
f 4122//4122 4222//4222 4220//4220
f 4121//4121 4221//4221 4123//4123
f 4123//4123 4221//4221 4223//4223
f 4124//4124 4222//4222 4122//4122
f 4124//4124 4224//4224 4222//4222
f 4223//4223 4125//4125 4123//4123
f 4223//4223 4225//4225 4125//4125
f 4126//4126 4224//4224 4124//4124
f 4126//4126 4226//4226 4224//4224
f 4225//4225 4127//4127 4125//4125
f 4227//4227 4127//4127 4225//4225
f 4128//4128 4226//4226 4126//4126
f 4128//4128 4228//4228 4226//4226
f 4227//4227 4129//4129 4127//4127
f 4229//4229 4129//4129 4227//4227
f 4130//4130 4228//4228 4128//4128
f 4130//4130 4230//4230 4228//4228
f 4229//4229 4131//4131 4129//4129
f 4231//4231 4131//4131 4229//4229
f 4132//4132 4230//4230 4130//4130
f 4132//4132 4232//4232 4230//4230
f 4231//4231 4133//4133 4131//4131
f 4233//4233 4133//4133 4231//4231
f 4232//4232 4134//4134 4234//4234
f 4232//4232 4132//4132 4134//4134
f 4233//4233 4135//4135 4133//4133
f 4235//4235 4135//4135 4233//4233
f 4136//4136 4236//4236 4134//4134
f 4134//4134 4236//4236 4234//4234
f 4235//4235 4137//4137 4135//4135
f 4237//4237 4137//4137 4235//4235
f 4238//4238 4236//4236 4138//4138
f 4138//4138 4236//4236 4136//4136
f 4137//4137 4239//4239 4139//4139
f 4137//4137 4237//4237 4239//4239
f 4140//4140 4238//4238 4138//4138
f 4140//4140 4240//4240 4238//4238
f 4139//4139 4239//4239 4141//4141
f 4141//4141 4239//4239 4241//4241
f 4142//4142 4240//4240 4140//4140
f 4142//4142 4242//4242 4240//4240
f 4241//4241 4243//4243 4141//4141
f 4143//4143 4141//4141 4243//4243
f 4144//4144 4242//4242 4142//4142
f 4144//4144 4244//4244 4242//4242
f 4243//4243 4145//4145 4143//4143
f 4245//4245 4145//4145 4243//4243
f 4146//4146 4244//4244 4144//4144
f 4146//4146 4246//4246 4244//4244
f 4245//4245 4147//4147 4145//4145
f 4247//4247 4147//4147 4245//4245
f 4246//4246 4148//4148 4248//4248
f 4246//4246 4146//4146 4148//4148
f 4247//4247 4249//4249 4147//4147
f 4147//4147 4249//4249 4149//4149
f 4150//4150 4250//4250 4148//4148
f 4148//4148 4250//4250 4248//4248
f 4249//4249 4151//4151 4149//4149
f 4251//4251 4151//4151 4249//4249
f 4252//4252 4250//4250 4152//4152
f 4152//4152 4250//4250 4150//4150
f 4251//4251 4253//4253 4151//4151
f 4151//4151 4253//4253 4153//4153
f 4154//4154 4252//4252 4152//4152
f 4154//4154 4254//4254 4252//4252
f 4153//4153 4255//4255 4155//4155
f 4153//4153 4253//4253 4255//4255
f 4254//4254 4156//4156 4256//4256
f 4254//4254 4154//4154 4156//4156
f 4255//4255 4257//4257 4155//4155
f 4157//4157 4155//4155 4257//4257
f 4258//4258 4256//4256 4158//4158
f 4158//4158 4256//4256 4156//4156
f 4257//4257 4259//4259 4157//4157
f 4157//4157 4259//4259 4159//4159
f 4258//4258 4160//4160 4260//4260
f 4258//4258 4158//4158 4160//4160
f 4159//4159 4261//4261 4161//4161
f 4159//4159 4259//4259 4261//4261
f 4262//4262 4260//4260 4162//4162
f 4162//4162 4260//4260 4160//4160
f 4261//4261 4263//4263 4161//4161
f 4161//4161 4263//4263 4163//4163
f 4162//4162 4164//4164 4262//4262
f 4262//4262 4164//4164 4264//4264
f 4263//4263 4265//4265 4163//4163
f 4163//4163 4265//4265 4165//4165
f 4164//4164 4166//4166 4264//4264
f 4264//4264 4166//4166 4266//4266
f 4265//4265 4267//4267 4165//4165
f 4267//4267 4167//4167 4165//4165
f 4267//4267 4268//4268 4167//4167
f 4166//4166 4168//4168 4266//4266
f 4266//4266 4168//4168 4269//4269
f 4268//4268 4270//4270 4167//4167
f 4167//4167 4270//4270 4169//4169
f 4169//4169 4270//4270 4170//4170
f 4173//4173 4172//4172 4271//4271
f 4168//4168 4173//4173 4269//4269
f 4269//4269 4173//4173 4271//4271
f 4270//4270 4272//4272 4170//4170
f 4170//4170 4272//4272 4171//4171
f 4171//4171 4272//4272 4273//4273
f 4273//4273 4174//4174 4171//4171
f 4273//4273 4274//4274 4174//4174
f 4174//4174 4275//4275 4175//4175
f 4274//4274 4275//4275 4174//4174
f 4175//4175 4276//4276 4176//4176
f 4275//4275 4276//4276 4175//4175
f 4176//4176 4277//4277 4172//4172
f 4176//4176 4276//4276 4277//4277
f 4172//4172 4277//4277 4271//4271
f 4279//4279 4278//4278 4182//4182
f 4177//4177 4280//4280 4182//4182
f 4182//4182 4280//4280 4279//4279
f 4178//4178 4280//4280 4177//4177
f 4178//4178 4281//4281 4280//4280
f 4282//4282 4178//4178 4179//4179
f 4282//4282 4281//4281 4178//4178
f 4183//4183 4283//4283 4179//4179
f 4179//4179 4283//4283 4282//4282
f 4183//4183 4284//4284 4283//4283
f 4286//4286 4285//4285 4180//4180
f 4181//4181 4286//4286 4180//4180
f 4181//4181 4278//4278 4286//4286
f 4181//4181 4182//4182 4278//4278
f 4184//4184 4284//4284 4183//4183
f 4184//4184 4185//4185 4284//4284
f 4284//4284 4185//4185 4287//4287
f 4285//4285 4288//4288 4186//4186
f 4285//4285 4186//4186 4180//4180
f 4289//4289 4185//4185 4187//4187
f 4289//4289 4287//4287 4185//4185
f 4187//4187 4188//4188 4289//4289
f 4289//4289 4188//4188 4290//4290
f 4288//4288 4291//4291 4189//4189
f 4288//4288 4189//4189 4186//4186
f 4188//4188 4190//4190 4290//4290
f 4290//4290 4190//4190 4292//4292
f 4291//4291 4293//4293 4191//4191
f 4291//4291 4191//4191 4189//4189
f 4190//4190 4192//4192 4292//4292
f 4292//4292 4192//4192 4294//4294
f 4293//4293 4295//4295 4193//4193
f 4293//4293 4193//4193 4191//4191
f 4192//4192 4194//4194 4294//4294
f 4294//4294 4194//4194 4296//4296
f 4295//4295 4297//4297 4195//4195
f 4295//4295 4195//4195 4193//4193
f 4196//4196 4296//4296 4194//4194
f 4196//4196 4298//4298 4296//4296
f 4297//4297 4299//4299 4197//4197
f 4297//4297 4197//4197 4195//4195
f 4196//4196 4198//4198 4298//4298
f 4298//4298 4198//4198 4300//4300
f 4299//4299 4199//4199 4197//4197
f 4299//4299 4301//4301 4199//4199
f 4200//4200 4300//4300 4198//4198
f 4200//4200 4302//4302 4300//4300
f 4301//4301 4303//4303 4201//4201
f 4199//4199 4301//4301 4201//4201
f 4202//4202 4302//4302 4200//4200
f 4202//4202 4304//4304 4302//4302
f 4303//4303 4203//4203 4201//4201
f 4303//4303 4305//4305 4203//4203
f 4304//4304 4202//4202 4306//4306
f 4204//4204 4306//4306 4202//4202
f 4305//4305 4307//4307 4205//4205
f 4203//4203 4305//4305 4205//4205
f 4206//4206 4308//4308 4204//4204
f 4204//4204 4308//4308 4306//4306
f 4205//4205 4307//4307 4207//4207
f 4207//4207 4307//4307 4309//4309
f 4208//4208 4310//4310 4206//4206
f 4206//4206 4310//4310 4308//4308
f 4309//4309 4209//4209 4207//4207
f 4309//4309 4311//4311 4209//4209
f 4210//4210 4312//4312 4208//4208
f 4208//4208 4312//4312 4310//4310
f 4311//4311 4211//4211 4209//4209
f 4313//4313 4211//4211 4311//4311
f 4212//4212 4314//4314 4210//4210
f 4210//4210 4314//4314 4312//4312
f 4313//4313 4213//4213 4211//4211
f 4315//4315 4213//4213 4313//4313
f 4212//4212 4316//4316 4314//4314
f 4212//4212 4214//4214 4316//4316
f 4315//4315 4215//4215 4213//4213
f 4317//4317 4215//4215 4315//4315
f 4216//4216 4316//4316 4214//4214
f 4216//4216 4318//4318 4316//4316
f 4317//4317 4319//4319 4217//4217
f 4215//4215 4317//4317 4217//4217
f 4218//4218 4318//4318 4216//4216
f 4218//4218 4320//4320 4318//4318
f 4217//4217 4319//4319 4219//4219
f 4219//4219 4319//4319 4321//4321
f 4220//4220 4320//4320 4218//4218
f 4220//4220 4322//4322 4320//4320
f 4321//4321 4221//4221 4219//4219
f 4321//4321 4323//4323 4221//4221
f 4222//4222 4322//4322 4220//4220
f 4222//4222 4324//4324 4322//4322
f 4323//4323 4223//4223 4221//4221
f 4325//4325 4223//4223 4323//4323
f 4224//4224 4324//4324 4222//4222
f 4224//4224 4326//4326 4324//4324
f 4325//4325 4225//4225 4223//4223
f 4327//4327 4225//4225 4325//4325
f 4226//4226 4326//4326 4224//4224
f 4226//4226 4328//4328 4326//4326
f 4327//4327 4227//4227 4225//4225
f 4329//4329 4227//4227 4327//4327
f 4228//4228 4328//4328 4226//4226
f 4228//4228 4330//4330 4328//4328
f 4329//4329 4229//4229 4227//4227
f 4331//4331 4229//4229 4329//4329
f 4230//4230 4330//4330 4228//4228
f 4230//4230 4332//4332 4330//4330
f 4331//4331 4231//4231 4229//4229
f 4333//4333 4231//4231 4331//4331
f 4332//4332 4232//4232 4334//4334
f 4332//4332 4230//4230 4232//4232
f 4333//4333 4233//4233 4231//4231
f 4335//4335 4233//4233 4333//4333
f 4336//4336 4334//4334 4234//4234
f 4234//4234 4334//4334 4232//4232
f 4335//4335 4235//4235 4233//4233
f 4337//4337 4235//4235 4335//4335
f 4236//4236 4336//4336 4234//4234
f 4236//4236 4338//4338 4336//4336
f 4337//4337 4237//4237 4235//4235
f 4339//4339 4237//4237 4337//4337
f 4238//4238 4338//4338 4236//4236
f 4238//4238 4340//4340 4338//4338
f 4339//4339 4239//4239 4237//4237
f 4341//4341 4239//4239 4339//4339
f 4240//4240 4340//4340 4238//4238
f 4240//4240 4342//4342 4340//4340
f 4341//4341 4241//4241 4239//4239
f 4343//4343 4241//4241 4341//4341
f 4242//4242 4342//4342 4240//4240
f 4242//4242 4344//4344 4342//4342
f 4241//4241 4345//4345 4243//4243
f 4241//4241 4343//4343 4345//4345
f 4244//4244 4344//4344 4242//4242
f 4244//4244 4346//4346 4344//4344
f 4345//4345 4347//4347 4243//4243
f 4245//4245 4243//4243 4347//4347
f 4346//4346 4246//4246 4348//4348
f 4346//4346 4244//4244 4246//4246
f 4347//4347 4247//4247 4245//4245
f 4349//4349 4247//4247 4347//4347
f 4350//4350 4348//4348 4248//4248
f 4248//4248 4348//4348 4246//4246
f 4349//4349 4351//4351 4247//4247
f 4247//4247 4351//4351 4249//4249
f 4250//4250 4350//4350 4248//4248
f 4250//4250 4352//4352 4350//4350
f 4351//4351 4251//4251 4249//4249
f 4353//4353 4251//4251 4351//4351
f 4252//4252 4352//4352 4250//4250
f 4252//4252 4354//4354 4352//4352
f 4251//4251 4355//4355 4253//4253
f 4251//4251 4353//4353 4355//4355
f 4354//4354 4254//4254 4356//4356
f 4354//4354 4252//4252 4254//4254
f 4355//4355 4357//4357 4253//4253
f 4255//4255 4253//4253 4357//4357
f 4358//4358 4356//4356 4256//4256
f 4256//4256 4356//4356 4254//4254
f 4357//4357 4359//4359 4255//4255
f 4255//4255 4359//4359 4257//4257
f 4258//4258 4358//4358 4256//4256
f 4258//4258 4360//4360 4358//4358
f 4257//4257 4361//4361 4259//4259
f 4257//4257 4359//4359 4361//4361
f 4258//4258 4260//4260 4360//4360
f 4360//4360 4260//4260 4362//4362
f 4361//4361 4363//4363 4259//4259
f 4261//4261 4259//4259 4363//4363
f 4262//4262 4362//4362 4260//4260
f 4262//4262 4364//4364 4362//4362
f 4363//4363 4365//4365 4261//4261
f 4261//4261 4365//4365 4263//4263
f 4262//4262 4264//4264 4364//4364
f 4364//4364 4264//4264 4366//4366
f 4365//4365 4367//4367 4263//4263
f 4263//4263 4367//4367 4265//4265
f 4264//4264 4266//4266 4366//4366
f 4366//4366 4266//4266 4368//4368
f 4367//4367 4369//4369 4265//4265
f 4265//4265 4369//4369 4267//4267
f 4267//4267 4369//4369 4268//4268
f 4266//4266 4269//4269 4368//4368
f 4368//4368 4269//4269 4370//4370
f 4369//4369 4371//4371 4268//4268
f 4268//4268 4371//4371 4270//4270
f 4269//4269 4271//4271 4370//4370
f 4370//4370 4271//4271 4372//4372
f 4371//4371 4373//4373 4270//4270
f 4373//4373 4272//4272 4270//4270
f 4373//4373 4374//4374 4272//4272
f 4272//4272 4374//4374 4273//4273
f 4276//4276 4275//4275 4375//4375
f 4276//4276 4376//4376 4277//4277
f 4375//4375 4376//4376 4276//4276
f 4271//4271 4277//4277 4372//4372
f 4372//4372 4277//4277 4376//4376
f 4374//4374 4377//4377 4273//4273
f 4273//4273 4377//4377 4274//4274
f 4274//4274 4377//4377 4378//4378
f 4274//4274 4378//4378 4275//4275
f 4275//4275 4378//4378 4379//4379
f 4275//4275 4379//4379 4375//4375
f 4381//4381 4380//4380 4286//4286
f 4278//4278 4382//4382 4286//4286
f 4286//4286 4382//4382 4381//4381
f 4279//4279 4382//4382 4278//4278
f 4279//4279 4383//4383 4382//4382
f 4384//4384 4279//4279 4280//4280
f 4384//4384 4383//4383 4279//4279
f 4385//4385 4280//4280 4281//4281
f 4385//4385 4384//4384 4280//4280
f 4386//4386 4281//4281 4282//4282
f 4386//4386 4385//4385 4281//4281
f 4387//4387 4282//4282 4283//4283
f 4387//4387 4386//4386 4282//4282
f 4283//4283 4284//4284 4387//4387
f 4387//4387 4284//4284 4388//4388
f 4380//4380 4389//4389 4285//4285
f 4380//4380 4285//4285 4286//4286
f 4390//4390 4284//4284 4287//4287
f 4390//4390 4388//4388 4284//4284
f 4287//4287 4391//4391 4390//4390
f 4389//4389 4392//4392 4288//4288
f 4389//4389 4288//4288 4285//4285
f 4289//4289 4391//4391 4287//4287
f 4289//4289 4290//4290 4391//4391
f 4391//4391 4290//4290 4393//4393
f 4392//4392 4394//4394 4291//4291
f 4392//4392 4291//4291 4288//4288
f 4290//4290 4292//4292 4393//4393
f 4393//4393 4292//4292 4395//4395
f 4394//4394 4396//4396 4293//4293
f 4394//4394 4293//4293 4291//4291
f 4292//4292 4294//4294 4395//4395
f 4395//4395 4294//4294 4397//4397
f 4396//4396 4295//4295 4293//4293
f 4396//4396 4398//4398 4295//4295
f 4397//4397 4294//4294 4399//4399
f 4296//4296 4399//4399 4294//4294
f 4398//4398 4400//4400 4295//4295
f 4295//4295 4400//4400 4297//4297
f 4296//4296 4401//4401 4399//4399
f 4296//4296 4298//4298 4401//4401
f 4400//4400 4402//4402 4297//4297
f 4297//4297 4402//4402 4299//4299
f 4401//4401 4298//4298 4403//4403
f 4300//4300 4403//4403 4298//4298
f 4402//4402 4404//4404 4301//4301
f 4299//4299 4402//4402 4301//4301
f 4300//4300 4405//4405 4403//4403
f 4300//4300 4302//4302 4405//4405
f 4404//4404 4303//4303 4301//4301
f 4404//4404 4406//4406 4303//4303
f 4304//4304 4405//4405 4302//4302
f 4304//4304 4407//4407 4405//4405
f 4406//4406 4305//4305 4303//4303
f 4408//4408 4305//4305 4406//4406
f 4306//4306 4407//4407 4304//4304
f 4306//4306 4409//4409 4407//4407
f 4408//4408 4410//4410 4305//4305
f 4305//4305 4410//4410 4307//4307
f 4308//4308 4409//4409 4306//4306
f 4308//4308 4411//4411 4409//4409
f 4410//4410 4309//4309 4307//4307
f 4412//4412 4309//4309 4410//4410
f 4310//4310 4411//4411 4308//4308
f 4310//4310 4413//4413 4411//4411
f 4412//4412 4311//4311 4309//4309
f 4414//4414 4311//4311 4412//4412
f 4312//4312 4413//4413 4310//4310
f 4312//4312 4415//4415 4413//4413
f 4414//4414 4313//4313 4311//4311
f 4416//4416 4313//4313 4414//4414
f 4314//4314 4415//4415 4312//4312
f 4314//4314 4417//4417 4415//4415
f 4416//4416 4418//4418 4315//4315
f 4313//4313 4416//4416 4315//4315
f 4417//4417 4314//4314 4419//4419
f 4316//4316 4419//4419 4314//4314
f 4315//4315 4418//4418 4317//4317
f 4317//4317 4418//4418 4420//4420
f 4318//4318 4421//4421 4316//4316
f 4316//4316 4421//4421 4419//4419
f 4420//4420 4319//4319 4317//4317
f 4420//4420 4422//4422 4319//4319
f 4320//4320 4423//4423 4318//4318
f 4318//4318 4423//4423 4421//4421
f 4422//4422 4321//4321 4319//4319
f 4424//4424 4321//4321 4422//4422
f 4320//4320 4425//4425 4423//4423
f 4320//4320 4322//4322 4425//4425
f 4424//4424 4323//4323 4321//4321
f 4426//4426 4323//4323 4424//4424
f 4324//4324 4425//4425 4322//4322
f 4324//4324 4427//4427 4425//4425
f 4426//4426 4325//4325 4323//4323
f 4428//4428 4325//4325 4426//4426
f 4326//4326 4427//4427 4324//4324
f 4326//4326 4429//4429 4427//4427
f 4428//4428 4430//4430 4327//4327
f 4325//4325 4428//4428 4327//4327
f 4429//4429 4328//4328 4431//4431
f 4429//4429 4326//4326 4328//4328
f 4327//4327 4430//4430 4329//4329
f 4329//4329 4430//4430 4432//4432
f 4330//4330 4433//4433 4328//4328
f 4328//4328 4433//4433 4431//4431
f 4329//4329 4432//4432 4331//4331
f 4331//4331 4432//4432 4434//4434
f 4332//4332 4435//4435 4330//4330
f 4330//4330 4435//4435 4433//4433
f 4331//4331 4434//4434 4333//4333
f 4333//4333 4434//4434 4436//4436
f 4437//4437 4435//4435 4334//4334
f 4334//4334 4435//4435 4332//4332
f 4333//4333 4436//4436 4335//4335
f 4335//4335 4436//4436 4438//4438
f 4336//4336 4437//4437 4334//4334
f 4336//4336 4439//4439 4437//4437
f 4335//4335 4438//4438 4337//4337
f 4337//4337 4438//4438 4440//4440
f 4338//4338 4439//4439 4336//4336
f 4338//4338 4441//4441 4439//4439
f 4440//4440 4442//4442 4337//4337
f 4339//4339 4337//4337 4442//4442
f 4340//4340 4441//4441 4338//4338
f 4340//4340 4443//4443 4441//4441
f 4442//4442 4341//4341 4339//4339
f 4444//4444 4341//4341 4442//4442
f 4342//4342 4443//4443 4340//4340
f 4342//4342 4445//4445 4443//4443
f 4444//4444 4343//4343 4341//4341
f 4446//4446 4343//4343 4444//4444
f 4445//4445 4344//4344 4447//4447
f 4445//4445 4342//4342 4344//4344
f 4446//4446 4345//4345 4343//4343
f 4448//4448 4345//4345 4446//4446
f 4346//4346 4449//4449 4344//4344
f 4344//4344 4449//4449 4447//4447
f 4448//4448 4450//4450 4345//4345
f 4345//4345 4450//4450 4347//4347
f 4451//4451 4449//4449 4348//4348
f 4348//4348 4449//4449 4346//4346
f 4450//4450 4349//4349 4347//4347
f 4452//4452 4349//4349 4450//4450
f 4350//4350 4451//4451 4348//4348
f 4350//4350 4453//4453 4451//4451
f 4349//4349 4454//4454 4351//4351
f 4349//4349 4452//4452 4454//4454
f 4352//4352 4453//4453 4350//4350
f 4352//4352 4455//4455 4453//4453
f 4454//4454 4456//4456 4351//4351
f 4353//4353 4351//4351 4456//4456
f 4455//4455 4354//4354 4457//4457
f 4455//4455 4352//4352 4354//4354
f 4456//4456 4355//4355 4353//4353
f 4458//4458 4355//4355 4456//4456
f 4459//4459 4457//4457 4356//4356
f 4356//4356 4457//4457 4354//4354
f 4458//4458 4460//4460 4355//4355
f 4355//4355 4460//4460 4357//4357
f 4358//4358 4459//4459 4356//4356
f 4358//4358 4461//4461 4459//4459
f 4357//4357 4462//4462 4359//4359
f 4357//4357 4460//4460 4462//4462
f 4461//4461 4360//4360 4463//4463
f 4461//4461 4358//4358 4360//4360
f 4462//4462 4464//4464 4359//4359
f 4361//4361 4359//4359 4464//4464
f 4465//4465 4463//4463 4362//4362
f 4362//4362 4463//4463 4360//4360
f 4464//4464 4466//4466 4361//4361
f 4361//4361 4466//4466 4363//4363
f 4465//4465 4364//4364 4467//4467
f 4465//4465 4362//4362 4364//4364
f 4363//4363 4468//4468 4365//4365
f 4363//4363 4466//4466 4468//4468
f 4469//4469 4467//4467 4366//4366
f 4366//4366 4467//4467 4364//4364
f 4468//4468 4470//4470 4365//4365
f 4365//4365 4470//4470 4367//4367
f 4366//4366 4368//4368 4469//4469
f 4469//4469 4368//4368 4471//4471
f 4470//4470 4472//4472 4367//4367
f 4367//4367 4472//4472 4369//4369
f 4368//4368 4370//4370 4471//4471
f 4471//4471 4370//4370 4473//4473
f 4472//4472 4474//4474 4369//4369
f 4369//4369 4474//4474 4371//4371
f 4370//4370 4372//4372 4473//4473
f 4473//4473 4372//4372 4475//4475
f 4474//4474 4476//4476 4371//4371
f 4476//4476 4373//4373 4371//4371
f 4476//4476 4477//4477 4373//4373
f 4373//4373 4477//4477 4374//4374
f 4376//4376 4375//4375 4478//4478
f 4372//4372 4376//4376 4475//4475
f 4475//4475 4376//4376 4478//4478
f 4477//4477 4479//4479 4374//4374
f 4479//4479 4377//4377 4374//4374
f 4479//4479 4480//4480 4377//4377
f 4377//4377 4480//4480 4378//4378
f 4379//4379 4378//4378 4481//4481
f 4379//4379 4482//4482 4375//4375
f 4379//4379 4481//4481 4482//4482
f 4375//4375 4482//4482 4478//4478
f 4480//4480 4483//4483 4378//4378
f 4378//4378 4483//4483 4481//4481
f 4485//4485 4484//4484 4382//4382
f 4383//4383 4486//4486 4382//4382
f 4382//4382 4486//4486 4485//4485
f 4384//4384 4487//4487 4383//4383
f 4383//4383 4487//4487 4486//4486
f 4385//4385 4488//4488 4384//4384
f 4384//4384 4488//4488 4487//4487
f 4386//4386 4489//4489 4385//4385
f 4385//4385 4489//4489 4488//4488
f 4386//4386 4490//4490 4489//4489
f 4484//4484 4491//4491 4381//4381
f 4381//4381 4491//4491 4380//4380
f 4381//4381 4382//4382 4484//4484
f 4387//4387 4490//4490 4386//4386
f 4492//4492 4387//4387 4388//4388
f 4492//4492 4490//4490 4387//4387
f 4388//4388 4493//4493 4492//4492
f 4495//4495 4494//4494 4389//4389
f 4380//4380 4495//4495 4389//4389
f 4380//4380 4491//4491 4495//4495
f 4390//4390 4493//4493 4388//4388
f 4390//4390 4391//4391 4493//4493
f 4493//4493 4391//4391 4496//4496
f 4494//4494 4497//4497 4392//4392
f 4494//4494 4392//4392 4389//4389
f 4391//4391 4393//4393 4496//4496
f 4496//4496 4393//4393 4498//4498
f 4497//4497 4394//4394 4392//4392
f 4497//4497 4499//4499 4394//4394
f 4393//4393 4395//4395 4498//4498
f 4498//4498 4395//4395 4500//4500
f 4499//4499 4501//4501 4394//4394
f 4394//4394 4501//4501 4396//4396
f 4500//4500 4395//4395 4502//4502
f 4397//4397 4502//4502 4395//4395
f 4501//4501 4503//4503 4398//4398
f 4396//4396 4501//4501 4398//4398
f 4397//4397 4504//4504 4502//4502
f 4397//4397 4399//4399 4504//4504
f 4503//4503 4505//4505 4400//4400
f 4503//4503 4400//4400 4398//4398
f 4399//4399 4401//4401 4504//4504
f 4504//4504 4401//4401 4506//4506
f 4505//4505 4402//4402 4400//4400
f 4505//4505 4507//4507 4402//4402
f 4403//4403 4506//4506 4401//4401
f 4403//4403 4508//4508 4506//4506
f 4507//4507 4509//4509 4402//4402
f 4402//4402 4509//4509 4404//4404
f 4508//4508 4403//4403 4510//4510
f 4405//4405 4510//4510 4403//4403
f 4509//4509 4406//4406 4404//4404
f 4511//4511 4406//4406 4509//4509
f 4405//4405 4512//4512 4510//4510
f 4405//4405 4407//4407 4512//4512
f 4511//4511 4513//4513 4408//4408
f 4406//4406 4511//4511 4408//4408
f 4409//4409 4512//4512 4407//4407
f 4409//4409 4514//4514 4512//4512
f 4513//4513 4410//4410 4408//4408
f 4513//4513 4515//4515 4410//4410
f 4411//4411 4514//4514 4409//4409
f 4411//4411 4516//4516 4514//4514
f 4515//4515 4412//4412 4410//4410
f 4517//4517 4412//4412 4515//4515
f 4413//4413 4516//4516 4411//4411
f 4413//4413 4518//4518 4516//4516
f 4517//4517 4519//4519 4414//4414
f 4412//4412 4517//4517 4414//4414
f 4415//4415 4518//4518 4413//4413
f 4415//4415 4520//4520 4518//4518
f 4414//4414 4519//4519 4416//4416
f 4416//4416 4519//4519 4521//4521
f 4417//4417 4520//4520 4415//4415
f 4417//4417 4522//4522 4520//4520
f 4521//4521 4418//4418 4416//4416
f 4521//4521 4523//4523 4418//4418
f 4419//4419 4522//4522 4417//4417
f 4419//4419 4524//4524 4522//4522
f 4523//4523 4420//4420 4418//4418
f 4525//4525 4420//4420 4523//4523
f 4421//4421 4524//4524 4419//4419
f 4421//4421 4526//4526 4524//4524
f 4525//4525 4422//4422 4420//4420
f 4527//4527 4422//4422 4525//4525
f 4423//4423 4526//4526 4421//4421
f 4423//4423 4528//4528 4526//4526
f 4527//4527 4529//4529 4424//4424
f 4422//4422 4527//4527 4424//4424
f 4528//4528 4423//4423 4530//4530
f 4425//4425 4530//4530 4423//4423
f 4424//4424 4529//4529 4426//4426
f 4426//4426 4529//4529 4531//4531
f 4427//4427 4532//4532 4425//4425
f 4425//4425 4532//4532 4530//4530
f 4426//4426 4531//4531 4428//4428
f 4428//4428 4531//4531 4533//4533
f 4429//4429 4534//4534 4427//4427
f 4427//4427 4534//4534 4532//4532
f 4533//4533 4430//4430 4428//4428
f 4533//4533 4535//4535 4430//4430
f 4536//4536 4534//4534 4431//4431
f 4431//4431 4534//4534 4429//4429
f 4535//4535 4432//4432 4430//4430
f 4537//4537 4432//4432 4535//4535
f 4433//4433 4536//4536 4431//4431
f 4433//4433 4538//4538 4536//4536
f 4537//4537 4434//4434 4432//4432
f 4539//4539 4434//4434 4537//4537
f 4435//4435 4538//4538 4433//4433
f 4435//4435 4540//4540 4538//4538
f 4539//4539 4436//4436 4434//4434
f 4541//4541 4436//4436 4539//4539
f 4437//4437 4540//4540 4435//4435
f 4437//4437 4542//4542 4540//4540
f 4541//4541 4438//4438 4436//4436
f 4543//4543 4438//4438 4541//4541
f 4439//4439 4542//4542 4437//4437
f 4439//4439 4544//4544 4542//4542
f 4543//4543 4440//4440 4438//4438
f 4545//4545 4440//4440 4543//4543
f 4441//4441 4544//4544 4439//4439
f 4441//4441 4546//4546 4544//4544
f 4440//4440 4547//4547 4442//4442
f 4440//4440 4545//4545 4547//4547
f 4546//4546 4443//4443 4548//4548
f 4546//4546 4441//4441 4443//4443
f 4547//4547 4549//4549 4442//4442
f 4444//4444 4442//4442 4549//4549
f 4445//4445 4550//4550 4443//4443
f 4443//4443 4550//4550 4548//4548
f 4549//4549 4446//4446 4444//4444
f 4551//4551 4446//4446 4549//4549
f 4552//4552 4550//4550 4447//4447
f 4447//4447 4550//4550 4445//4445
f 4551//4551 4448//4448 4446//4446
f 4553//4553 4448//4448 4551//4551
f 4449//4449 4552//4552 4447//4447
f 4449//4449 4554//4554 4552//4552
f 4448//4448 4555//4555 4450//4450
f 4448//4448 4553//4553 4555//4555
f 4451//4451 4554//4554 4449//4449
f 4451//4451 4556//4556 4554//4554
f 4555//4555 4557//4557 4450//4450
f 4452//4452 4450//4450 4557//4557
f 4453//4453 4556//4556 4451//4451
f 4453//4453 4558//4558 4556//4556
f 4557//4557 4454//4454 4452//4452
f 4559//4559 4454//4454 4557//4557
f 4558//4558 4455//4455 4560//4560
f 4558//4558 4453//4453 4455//4455
f 4559//4559 4561//4561 4454//4454
f 4454//4454 4561//4561 4456//4456
f 4562//4562 4560//4560 4457//4457
f 4457//4457 4560//4560 4455//4455
f 4561//4561 4458//4458 4456//4456
f 4563//4563 4458//4458 4561//4561
f 4459//4459 4562//4562 4457//4457
f 4459//4459 4564//4564 4562//4562
f 4458//4458 4565//4565 4460//4460
f 4458//4458 4563//4563 4565//4565
f 4461//4461 4564//4564 4459//4459
f 4461//4461 4566//4566 4564//4564
f 4565//4565 4567//4567 4460//4460
f 4462//4462 4460//4460 4567//4567
f 4461//4461 4463//4463 4566//4566
f 4566//4566 4463//4463 4568//4568
f 4567//4567 4569//4569 4462//4462
f 4462//4462 4569//4569 4464//4464
f 4465//4465 4568//4568 4463//4463
f 4465//4465 4570//4570 4568//4568
f 4464//4464 4571//4571 4466//4466
f 4464//4464 4569//4569 4571//4571
f 4465//4465 4467//4467 4570//4570
f 4570//4570 4467//4467 4572//4572
f 4571//4571 4573//4573 4466//4466
f 4468//4468 4466//4466 4573//4573
f 4469//4469 4572//4572 4467//4467
f 4469//4469 4574//4574 4572//4572
f 4573//4573 4575//4575 4468//4468
f 4468//4468 4575//4575 4470//4470
f 4469//4469 4471//4471 4574//4574
f 4574//4574 4471//4471 4576//4576
f 4470//4470 4577//4577 4472//4472
f 4470//4470 4575//4575 4577//4577
f 4471//4471 4473//4473 4576//4576
f 4576//4576 4473//4473 4578//4578
f 4577//4577 4579//4579 4472//4472
f 4472//4472 4579//4579 4474//4474
f 4580//4580 4473//4473 4475//4475
f 4580//4580 4578//4578 4473//4473
f 4579//4579 4581//4581 4474//4474
f 4581//4581 4476//4476 4474//4474
f 4581//4581 4582//4582 4476//4476
f 4476//4476 4582//4582 4477//4477
f 4478//4478 4583//4583 4475//4475
f 4475//4475 4583//4583 4580//4580
f 4582//4582 4584//4584 4477//4477
f 4477//4477 4584//4584 4479//4479
f 4482//4482 4481//4481 4585//4585
f 4482//4482 4586//4586 4478//4478
f 4482//4482 4585//4585 4586//4586
f 4478//4478 4586//4586 4583//4583
f 4584//4584 4587//4587 4479//4479
f 4479//4479 4587//4587 4480//4480
f 4480//4480 4587//4587 4588//4588
f 4588//4588 4483//4483 4480//4480
f 4588//4588 4589//4589 4483//4483
f 4483//4483 4590//4590 4481//4481
f 4483//4483 4589//4589 4590//4590
f 4481//4481 4590//4590 4585//4585
f 4592//4592 4591//4591 4484//4484
f 4485//4485 4592//4592 4484//4484
f 4485//4485 4593//4593 4592//4592
f 4594//4594 4485//4485 4486//4486
f 4594//4594 4593//4593 4485//4485
f 4595//4595 4486//4486 4487//4487
f 4595//4595 4594//4594 4486//4486
f 4596//4596 4487//4487 4488//4488
f 4596//4596 4595//4595 4487//4487
f 4597//4597 4488//4488 4489//4489
f 4597//4597 4596//4596 4488//4488
f 4489//4489 4490//4490 4597//4597
f 4597//4597 4490//4490 4598//4598
f 4591//4591 4599//4599 4491//4491
f 4591//4591 4491//4491 4484//4484
f 4600//4600 4490//4490 4492//4492
f 4600//4600 4598//4598 4490//4490
f 4492//4492 4493//4493 4600//4600
f 4600//4600 4493//4493 4601//4601
f 4599//4599 4602//4602 4495//4495
f 4495//4495 4602//4602 4494//4494
f 4495//4495 4491//4491 4599//4599
f 4493//4493 4496//4496 4601//4601
f 4601//4601 4496//4496 4603//4603
f 4602//4602 4604//4604 4494//4494
f 4494//4494 4604//4604 4497//4497
f 4496//4496 4498//4498 4603//4603
f 4603//4603 4498//4498 4605//4605
f 4604//4604 4606//4606 4499//4499
f 4497//4497 4604//4604 4499//4499
f 4498//4498 4500//4500 4605//4605
f 4605//4605 4500//4500 4607//4607
f 4606//4606 4608//4608 4501//4501
f 4606//4606 4501//4501 4499//4499
f 4502//4502 4607//4607 4500//4500
f 4502//4502 4609//4609 4607//4607
f 4608//4608 4503//4503 4501//4501
f 4608//4608 4610//4610 4503//4503
f 4502//4502 4504//4504 4609//4609
f 4609//4609 4504//4504 4611//4611
f 4610//4610 4612//4612 4503//4503
f 4503//4503 4612//4612 4505//4505
f 4611//4611 4504//4504 4613//4613
f 4506//4506 4613//4613 4504//4504
f 4612//4612 4614//4614 4507//4507
f 4505//4505 4612//4612 4507//4507
f 4506//4506 4615//4615 4613//4613
f 4506//4506 4508//4508 4615//4615
f 4614//4614 4509//4509 4507//4507
f 4614//4614 4616//4616 4509//4509
f 4510//4510 4615//4615 4508//4508
f 4510//4510 4617//4617 4615//4615
f 4616//4616 4618//4618 4511//4511
f 4509//4509 4616//4616 4511//4511
f 4617//4617 4510//4510 4619//4619
f 4512//4512 4619//4619 4510//4510
f 4618//4618 4513//4513 4511//4511
f 4618//4618 4620//4620 4513//4513
f 4514//4514 4621//4621 4512//4512
f 4512//4512 4621//4621 4619//4619
f 4620//4620 4515//4515 4513//4513
f 4622//4622 4515//4515 4620//4620
f 4516//4516 4623//4623 4514//4514
f 4514//4514 4623//4623 4621//4621
f 4622//4622 4624//4624 4517//4517
f 4515//4515 4622//4622 4517//4517
f 4518//4518 4625//4625 4516//4516
f 4516//4516 4625//4625 4623//4623
f 4624//4624 4519//4519 4517//4517
f 4624//4624 4626//4626 4519//4519
f 4518//4518 4627//4627 4625//4625
f 4518//4518 4520//4520 4627//4627
f 4626//4626 4521//4521 4519//4519
f 4628//4628 4521//4521 4626//4626
f 4522//4522 4627//4627 4520//4520
f 4522//4522 4629//4629 4627//4627
f 4628//4628 4523//4523 4521//4521
f 4630//4630 4523//4523 4628//4628
f 4524//4524 4629//4629 4522//4522
f 4524//4524 4631//4631 4629//4629
f 4630//4630 4632//4632 4525//4525
f 4523//4523 4630//4630 4525//4525
f 4526//4526 4631//4631 4524//4524
f 4526//4526 4633//4633 4631//4631
f 4525//4525 4632//4632 4527//4527
f 4527//4527 4632//4632 4634//4634
f 4528//4528 4633//4633 4526//4526
f 4528//4528 4635//4635 4633//4633
f 4634//4634 4529//4529 4527//4527
f 4634//4634 4636//4636 4529//4529
f 4530//4530 4635//4635 4528//4528
f 4530//4530 4637//4637 4635//4635
f 4636//4636 4531//4531 4529//4529
f 4638//4638 4531//4531 4636//4636
f 4532//4532 4637//4637 4530//4530
f 4532//4532 4639//4639 4637//4637
f 4638//4638 4533//4533 4531//4531
f 4640//4640 4533//4533 4638//4638
f 4534//4534 4639//4639 4532//4532
f 4534//4534 4641//4641 4639//4639
f 4640//4640 4535//4535 4533//4533
f 4642//4642 4535//4535 4640//4640
f 4536//4536 4641//4641 4534//4534
f 4536//4536 4643//4643 4641//4641
f 4642//4642 4537//4537 4535//4535
f 4644//4644 4537//4537 4642//4642
f 4538//4538 4643//4643 4536//4536
f 4538//4538 4645//4645 4643//4643
f 4644//4644 4539//4539 4537//4537
f 4646//4646 4539//4539 4644//4644
f 4540//4540 4645//4645 4538//4538
f 4540//4540 4647//4647 4645//4645
f 4646//4646 4541//4541 4539//4539
f 4648//4648 4541//4541 4646//4646
f 4542//4542 4647//4647 4540//4540
f 4542//4542 4649//4649 4647//4647
f 4648//4648 4543//4543 4541//4541
f 4650//4650 4543//4543 4648//4648
f 4544//4544 4649//4649 4542//4542
f 4544//4544 4651//4651 4649//4649
f 4650//4650 4545//4545 4543//4543
f 4652//4652 4545//4545 4650//4650
f 4651//4651 4546//4546 4653//4653
f 4651//4651 4544//4544 4546//4546
f 4652//4652 4547//4547 4545//4545
f 4654//4654 4547//4547 4652//4652
f 4655//4655 4653//4653 4548//4548
f 4548//4548 4653//4653 4546//4546
f 4547//4547 4656//4656 4549//4549
f 4547//4547 4654//4654 4656//4656
f 4550//4550 4655//4655 4548//4548
f 4550//4550 4657//4657 4655//4655
f 4656//4656 4658//4658 4549//4549
f 4551//4551 4549//4549 4658//4658
f 4552//4552 4657//4657 4550//4550
f 4552//4552 4659//4659 4657//4657
f 4658//4658 4553//4553 4551//4551
f 4660//4660 4553//4553 4658//4658
f 4554//4554 4659//4659 4552//4552
f 4554//4554 4661//4661 4659//4659
f 4660//4660 4555//4555 4553//4553
f 4662//4662 4555//4555 4660//4660
f 4661//4661 4556//4556 4663//4663
f 4661//4661 4554//4554 4556//4556
f 4662//4662 4664//4664 4555//4555
f 4555//4555 4664//4664 4557//4557
f 4558//4558 4665//4665 4556//4556
f 4556//4556 4665//4665 4663//4663
f 4664//4664 4559//4559 4557//4557
f 4666//4666 4559//4559 4664//4664
f 4667//4667 4665//4665 4560//4560
f 4560//4560 4665//4665 4558//4558
f 4559//4559 4668//4668 4561//4561
f 4559//4559 4666//4666 4668//4668
f 4562//4562 4667//4667 4560//4560
f 4562//4562 4669//4669 4667//4667
f 4668//4668 4670//4670 4561//4561
f 4563//4563 4561//4561 4670//4670
f 4564//4564 4669//4669 4562//4562
f 4564//4564 4671//4671 4669//4669
f 4670//4670 4565//4565 4563//4563
f 4672//4672 4565//4565 4670//4670
f 4671//4671 4566//4566 4673//4673
f 4671//4671 4564//4564 4566//4566
f 4672//4672 4674//4674 4565//4565
f 4565//4565 4674//4674 4567//4567
f 4675//4675 4673//4673 4568//4568
f 4568//4568 4673//4673 4566//4566
f 4567//4567 4676//4676 4569//4569
f 4567//4567 4674//4674 4676//4676
f 4570//4570 4675//4675 4568//4568
f 4570//4570 4677//4677 4675//4675
f 4676//4676 4678//4678 4569//4569
f 4571//4571 4569//4569 4678//4678
f 4570//4570 4572//4572 4677//4677
f 4677//4677 4572//4572 4679//4679
f 4571//4571 4680//4680 4573//4573
f 4571//4571 4678//4678 4680//4680
f 4574//4574 4679//4679 4572//4572
f 4574//4574 4681//4681 4679//4679
f 4680//4680 4682//4682 4573//4573
f 4573//4573 4682//4682 4575//4575
f 4574//4574 4576//4576 4681//4681
f 4681//4681 4576//4576 4683//4683
f 4682//4682 4684//4684 4575//4575
f 4577//4577 4575//4575 4684//4684
f 4576//4576 4578//4578 4683//4683
f 4683//4683 4578//4578 4685//4685
f 4684//4684 4686//4686 4577//4577
f 4577//4577 4686//4686 4579//4579
f 4580//4580 4685//4685 4578//4578
f 4580//4580 4687//4687 4685//4685
f 4686//4686 4688//4688 4579//4579
f 4579//4579 4688//4688 4581//4581
f 4581//4581 4688//4688 4582//4582
f 4580//4580 4583//4583 4687//4687
f 4687//4687 4583//4583 4689//4689
f 4688//4688 4690//4690 4582//4582
f 4582//4582 4690//4690 4584//4584
f 4586//4586 4585//4585 4691//4691
f 4583//4583 4586//4586 4689//4689
f 4689//4689 4586//4586 4691//4691
f 4690//4690 4692//4692 4584//4584
f 4584//4584 4692//4692 4587//4587
f 4590//4590 4693//4693 4585//4585
f 4585//4585 4693//4693 4691//4691
f 4692//4692 4694//4694 4587//4587
f 4587//4587 4694//4694 4588//4588
f 4588//4588 4694//4694 4695//4695
f 4588//4588 4695//4695 4589//4589
f 4589//4589 4695//4695 4696//4696
f 4589//4589 4696//4696 4590//4590
f 4590//4590 4696//4696 4697//4697
f 4590//4590 4697//4697 4693//4693
f 4699//4699 4698//4698 4593//4593
f 4594//4594 4700//4700 4593//4593
f 4593//4593 4700//4700 4699//4699
f 4595//4595 4701//4701 4594//4594
f 4594//4594 4701//4701 4700//4700
f 4596//4596 4702//4702 4595//4595
f 4595//4595 4702//4702 4701//4701
f 4596//4596 4703//4703 4702//4702
f 4705//4705 4704//4704 4591//4591
f 4592//4592 4705//4705 4591//4591
f 4592//4592 4698//4698 4705//4705
f 4592//4592 4593//4593 4698//4698
f 4597//4597 4703//4703 4596//4596
f 4706//4706 4597//4597 4598//4598
f 4706//4706 4703//4703 4597//4597
f 4598//4598 4707//4707 4706//4706
f 4704//4704 4708//4708 4599//4599
f 4704//4704 4599//4599 4591//4591
f 4600//4600 4707//4707 4598//4598
f 4600//4600 4601//4601 4707//4707
f 4707//4707 4601//4601 4709//4709
f 4708//4708 4710//4710 4602//4602
f 4708//4708 4602//4602 4599//4599
f 4601//4601 4603//4603 4709//4709
f 4709//4709 4603//4603 4711//4711
f 4710//4710 4712//4712 4604//4604
f 4710//4710 4604//4604 4602//4602
f 4603//4603 4605//4605 4711//4711
f 4711//4711 4605//4605 4713//4713
f 4712//4712 4606//4606 4604//4604
f 4712//4712 4714//4714 4606//4606
f 4713//4713 4605//4605 4715//4715
f 4607//4607 4715//4715 4605//4605
f 4714//4714 4716//4716 4606//4606
f 4606//4606 4716//4716 4608//4608
f 4607//4607 4717//4717 4715//4715
f 4607//4607 4609//4609 4717//4717
f 4716//4716 4718//4718 4610//4610
f 4608//4608 4716//4716 4610//4610
f 4609//4609 4611//4611 4717//4717
f 4717//4717 4611//4611 4719//4719
f 4718//4718 4612//4612 4610//4610
f 4718//4718 4720//4720 4612//4612
f 4613//4613 4719//4719 4611//4611
f 4613//4613 4721//4721 4719//4719
f 4720//4720 4722//4722 4612//4612
f 4612//4612 4722//4722 4614//4614
f 4721//4721 4613//4613 4723//4723
f 4615//4615 4723//4723 4613//4613
f 4722//4722 4616//4616 4614//4614
f 4724//4724 4616//4616 4722//4722
f 4615//4615 4725//4725 4723//4723
f 4615//4615 4617//4617 4725//4725
f 4724//4724 4726//4726 4616//4616
f 4616//4616 4726//4726 4618//4618
f 4619//4619 4725//4725 4617//4617
f 4619//4619 4727//4727 4725//4725
f 4726//4726 4620//4620 4618//4618
f 4728//4728 4620//4620 4726//4726
f 4621//4621 4727//4727 4619//4619
f 4621//4621 4729//4729 4727//4727
f 4728//4728 4730//4730 4622//4622
f 4620//4620 4728//4728 4622//4622
f 4623//4623 4729//4729 4621//4621
f 4623//4623 4731//4731 4729//4729
f 4730//4730 4624//4624 4622//4622
f 4730//4730 4732//4732 4624//4624
f 4625//4625 4731//4731 4623//4623
f 4625//4625 4733//4733 4731//4731
f 4732//4732 4626//4626 4624//4624
f 4734//4734 4626//4626 4732//4732
f 4733//4733 4625//4625 4735//4735
f 4627//4627 4735//4735 4625//4625
f 4734//4734 4628//4628 4626//4626
f 4736//4736 4628//4628 4734//4734
f 4629//4629 4737//4737 4627//4627
f 4627//4627 4737//4737 4735//4735
f 4736//4736 4738//4738 4630//4630
f 4628//4628 4736//4736 4630//4630
f 4631//4631 4739//4739 4629//4629
f 4629//4629 4739//4739 4737//4737
f 4738//4738 4632//4632 4630//4630
f 4738//4738 4740//4740 4632//4632
f 4633//4633 4741//4741 4631//4631
f 4631//4631 4741//4741 4739//4739
f 4740//4740 4634//4634 4632//4632
f 4742//4742 4634//4634 4740//4740
f 4633//4633 4743//4743 4741//4741
f 4633//4633 4635//4635 4743//4743
f 4742//4742 4636//4636 4634//4634
f 4744//4744 4636//4636 4742//4742
f 4637//4637 4743//4743 4635//4635
f 4637//4637 4745//4745 4743//4743
f 4744//4744 4638//4638 4636//4636
f 4746//4746 4638//4638 4744//4744
f 4639//4639 4745//4745 4637//4637
f 4639//4639 4747//4747 4745//4745
f 4746//4746 4640//4640 4638//4638
f 4748//4748 4640//4640 4746//4746
f 4641//4641 4747//4747 4639//4639
f 4641//4641 4749//4749 4747//4747
f 4748//4748 4750//4750 4642//4642
f 4640//4640 4748//4748 4642//4642
f 4643//4643 4749//4749 4641//4641
f 4643//4643 4751//4751 4749//4749
f 4642//4642 4750//4750 4644//4644
f 4644//4644 4750//4750 4752//4752
f 4645//4645 4751//4751 4643//4643
f 4645//4645 4753//4753 4751//4751
f 4644//4644 4752//4752 4646//4646
f 4646//4646 4752//4752 4754//4754
f 4647//4647 4753//4753 4645//4645
f 4647//4647 4755//4755 4753//4753
f 4646//4646 4754//4754 4648//4648
f 4648//4648 4754//4754 4756//4756
f 4755//4755 4649//4649 4757//4757
f 4755//4755 4647//4647 4649//4649
f 4648//4648 4756//4756 4650//4650
f 4650//4650 4756//4756 4758//4758
f 4651//4651 4759//4759 4649//4649
f 4649//4649 4759//4759 4757//4757
f 4758//4758 4760//4760 4650//4650
f 4652//4652 4650//4650 4760//4760
f 4761//4761 4759//4759 4653//4653
f 4653//4653 4759//4759 4651//4651
f 4760//4760 4654//4654 4652//4652
f 4762//4762 4654//4654 4760//4760
f 4655//4655 4761//4761 4653//4653
f 4655//4655 4763//4763 4761//4761
f 4762//4762 4656//4656 4654//4654
f 4764//4764 4656//4656 4762//4762
f 4657//4657 4763//4763 4655//4655
f 4657//4657 4765//4765 4763//4763
f 4656//4656 4766//4766 4658//4658
f 4656//4656 4764//4764 4766//4766
f 4659//4659 4765//4765 4657//4657
f 4659//4659 4767//4767 4765//4765
f 4766//4766 4768//4768 4658//4658
f 4660//4660 4658//4658 4768//4768
f 4767//4767 4661//4661 4769//4769
f 4767//4767 4659//4659 4661//4661
f 4768//4768 4662//4662 4660//4660
f 4770//4770 4662//4662 4768//4768
f 4771//4771 4769//4769 4663//4663
f 4663//4663 4769//4769 4661//4661
f 4662//4662 4772//4772 4664//4664
f 4662//4662 4770//4770 4772//4772
f 4665//4665 4771//4771 4663//4663
f 4665//4665 4773//4773 4771//4771
f 4772//4772 4774//4774 4664//4664
f 4666//4666 4664//4664 4774//4774
f 4667//4667 4773//4773 4665//4665
f 4667//4667 4775//4775 4773//4773
f 4774//4774 4668//4668 4666//4666
f 4776//4776 4668//4668 4774//4774
f 4669//4669 4775//4775 4667//4667
f 4669//4669 4777//4777 4775//4775
f 4668//4668 4778//4778 4670//4670
f 4668//4668 4776//4776 4778//4778
f 4777//4777 4671//4671 4779//4779
f 4777//4777 4669//4669 4671//4671
f 4778//4778 4780//4780 4670//4670
f 4672//4672 4670//4670 4780//4780
f 4781//4781 4779//4779 4673//4673
f 4673//4673 4779//4779 4671//4671
f 4672//4672 4782//4782 4674//4674
f 4672//4672 4780//4780 4782//4782
f 4675//4675 4781//4781 4673//4673
f 4675//4675 4783//4783 4781//4781
f 4782//4782 4784//4784 4674//4674
f 4676//4676 4674//4674 4784//4784
f 4783//4783 4677//4677 4785//4785
f 4783//4783 4675//4675 4677//4677
f 4676//4676 4786//4786 4678//4678
f 4676//4676 4784//4784 4786//4786
f 4787//4787 4785//4785 4679//4679
f 4679//4679 4785//4785 4677//4677
f 4786//4786 4788//4788 4678//4678
f 4680//4680 4678//4678 4788//4788
f 4787//4787 4681//4681 4789//4789
f 4787//4787 4679//4679 4681//4681
f 4680//4680 4790//4790 4682//4682
f 4680//4680 4788//4788 4790//4790
f 4791//4791 4789//4789 4683//4683
f 4683//4683 4789//4789 4681//4681
f 4790//4790 4792//4792 4682//4682
f 4682//4682 4792//4792 4684//4684
f 4683//4683 4685//4685 4791//4791
f 4791//4791 4685//4685 4793//4793
f 4792//4792 4794//4794 4684//4684
f 4684//4684 4794//4794 4686//4686
f 4687//4687 4793//4793 4685//4685
f 4687//4687 4795//4795 4793//4793
f 4794//4794 4796//4796 4686//4686
f 4686//4686 4796//4796 4688//4688
f 4687//4687 4689//4689 4795//4795
f 4795//4795 4689//4689 4797//4797
f 4796//4796 4798//4798 4688//4688
f 4688//4688 4798//4798 4690//4690
f 4689//4689 4691//4691 4797//4797
f 4797//4797 4691//4691 4799//4799
f 4798//4798 4800//4800 4690//4690
f 4690//4690 4800//4800 4692//4692
f 4691//4691 4693//4693 4799//4799
f 4799//4799 4693//4693 4801//4801
f 4800//4800 4802//4802 4692//4692
f 4802//4802 4694//4694 4692//4692
f 4802//4802 4803//4803 4694//4694
f 4694//4694 4803//4803 4695//4695
f 4697//4697 4696//4696 4804//4804
f 4693//4693 4697//4697 4801//4801
f 4801//4801 4697//4697 4804//4804
f 4803//4803 4805//4805 4695//4695
f 4695//4695 4805//4805 4696//4696
f 4696//4696 4805//4805 4806//4806
f 4696//4696 4806//4806 4804//4804
f 4808//4808 4807//4807 4698//4698
f 4699//4699 4808//4808 4698//4698
f 4699//4699 4809//4809 4808//4808
f 4810//4810 4699//4699 4700//4700
f 4810//4810 4809//4809 4699//4699
f 4811//4811 4700//4700 4701//4701
f 4811//4811 4810//4810 4700//4700
f 4812//4812 4701//4701 4702//4702
f 4812//4812 4811//4811 4701//4701
f 4813//4813 4702//4702 4703//4703
f 4813//4813 4812//4812 4702//4702
f 4703//4703 4814//4814 4813//4813
f 4807//4807 4815//4815 4705//4705
f 4705//4705 4815//4815 4704//4704
f 4705//4705 4698//4698 4807//4807
f 4706//4706 4814//4814 4703//4703
f 4706//4706 4707//4707 4814//4814
f 4814//4814 4707//4707 4816//4816
f 4815//4815 4817//4817 4704//4704
f 4704//4704 4817//4817 4708//4708
f 4707//4707 4709//4709 4816//4816
f 4816//4816 4709//4709 4818//4818
f 4817//4817 4819//4819 4708//4708
f 4708//4708 4819//4819 4710//4710
f 4709//4709 4711//4711 4818//4818
f 4818//4818 4711//4711 4820//4820
f 4819//4819 4821//4821 4710//4710
f 4710//4710 4821//4821 4712//4712
f 4711//4711 4713//4713 4820//4820
f 4820//4820 4713//4713 4822//4822
f 4821//4821 4823//4823 4714//4714
f 4712//4712 4821//4821 4714//4714
f 4715//4715 4822//4822 4713//4713
f 4715//4715 4824//4824 4822//4822
f 4823//4823 4716//4716 4714//4714
f 4823//4823 4825//4825 4716//4716
f 4715//4715 4717//4717 4824//4824
f 4824//4824 4717//4717 4826//4826
f 4825//4825 4827//4827 4716//4716
f 4716//4716 4827//4827 4718//4718
f 4826//4826 4717//4717 4828//4828
f 4719//4719 4828//4828 4717//4717
f 4827//4827 4829//4829 4720//4720
f 4718//4718 4827//4827 4720//4720
f 4719//4719 4830//4830 4828//4828
f 4719//4719 4721//4721 4830//4830
f 4829//4829 4722//4722 4720//4720
f 4829//4829 4831//4831 4722//4722
f 4723//4723 4830//4830 4721//4721
f 4723//4723 4832//4832 4830//4830
f 4831//4831 4833//4833 4724//4724
f 4722//4722 4831//4831 4724//4724
f 4832//4832 4723//4723 4834//4834
f 4725//4725 4834//4834 4723//4723
f 4833//4833 4726//4726 4724//4724
f 4833//4833 4835//4835 4726//4726
f 4727//4727 4836//4836 4725//4725
f 4725//4725 4836//4836 4834//4834
f 4835//4835 4837//4837 4728//4728
f 4726//4726 4835//4835 4728//4728
f 4727//4727 4838//4838 4836//4836
f 4727//4727 4729//4729 4838//4838
f 4837//4837 4730//4730 4728//4728
f 4837//4837 4839//4839 4730//4730
f 4731//4731 4838//4838 4729//4729
f 4731//4731 4840//4840 4838//4838
f 4839//4839 4732//4732 4730//4730
f 4841//4841 4732//4732 4839//4839
f 4733//4733 4840//4840 4731//4731
f 4733//4733 4842//4842 4840//4840
f 4841//4841 4843//4843 4734//4734
f 4732//4732 4841//4841 4734//4734
f 4735//4735 4842//4842 4733//4733
f 4735//4735 4844//4844 4842//4842
f 4734//4734 4843//4843 4736//4736
f 4736//4736 4843//4843 4845//4845
f 4737//4737 4844//4844 4735//4735
f 4737//4737 4846//4846 4844//4844
f 4845//4845 4738//4738 4736//4736
f 4845//4845 4847//4847 4738//4738
f 4739//4739 4846//4846 4737//4737
f 4739//4739 4848//4848 4846//4846
f 4847//4847 4740//4740 4738//4738
f 4849//4849 4740//4740 4847//4847
f 4741//4741 4848//4848 4739//4739
f 4741//4741 4850//4850 4848//4848
f 4849//4849 4742//4742 4740//4740
f 4851//4851 4742//4742 4849//4849
f 4850//4850 4741//4741 4852//4852
f 4743//4743 4852//4852 4741//4741
f 4851//4851 4744//4744 4742//4742
f 4853//4853 4744//4744 4851//4851
f 4745//4745 4854//4854 4743//4743
f 4743//4743 4854//4854 4852//4852
f 4853//4853 4855//4855 4746//4746
f 4744//4744 4853//4853 4746//4746
f 4747//4747 4856//4856 4745//4745
f 4745//4745 4856//4856 4854//4854
f 4746//4746 4855//4855 4748//4748
f 4748//4748 4855//4855 4857//4857
f 4749//4749 4858//4858 4747//4747
f 4747//4747 4858//4858 4856//4856
f 4857//4857 4750//4750 4748//4748
f 4857//4857 4859//4859 4750//4750
f 4751//4751 4860//4860 4749//4749
f 4749//4749 4860//4860 4858//4858
f 4859//4859 4752//4752 4750//4750
f 4861//4861 4752//4752 4859//4859
f 4753//4753 4862//4862 4751//4751
f 4751//4751 4862//4862 4860//4860
f 4861//4861 4754//4754 4752//4752
f 4863//4863 4754//4754 4861//4861
f 4755//4755 4864//4864 4753//4753
f 4753//4753 4864//4864 4862//4862
f 4863//4863 4756//4756 4754//4754
f 4865//4865 4756//4756 4863//4863
f 4866//4866 4864//4864 4757//4757
f 4757//4757 4864//4864 4755//4755
f 4865//4865 4758//4758 4756//4756
f 4867//4867 4758//4758 4865//4865
f 4759//4759 4866//4866 4757//4757
f 4759//4759 4868//4868 4866//4866
f 4758//4758 4869//4869 4760//4760
f 4758//4758 4867//4867 4869//4869
f 4761//4761 4868//4868 4759//4759
f 4761//4761 4870//4870 4868//4868
f 4869//4869 4871//4871 4760//4760
f 4762//4762 4760//4760 4871//4871
f 4763//4763 4870//4870 4761//4761
f 4763//4763 4872//4872 4870//4870
f 4871//4871 4764//4764 4762//4762
f 4873//4873 4764//4764 4871//4871
f 4872//4872 4765//4765 4874//4874
f 4872//4872 4763//4763 4765//4765
f 4873//4873 4766//4766 4764//4764
f 4875//4875 4766//4766 4873//4873
f 4767//4767 4876//4876 4765//4765
f 4765//4765 4876//4876 4874//4874
f 4766//4766 4877//4877 4768//4768
f 4766//4766 4875//4875 4877//4877
f 4878//4878 4876//4876 4769//4769
f 4769//4769 4876//4876 4767//4767
f 4877//4877 4879//4879 4768//4768
f 4770//4770 4768//4768 4879//4879
f 4771//4771 4878//4878 4769//4769
f 4771//4771 4880//4880 4878//4878
f 4879//4879 4772//4772 4770//4770
f 4881//4881 4772//4772 4879//4879
f 4773//4773 4880//4880 4771//4771
f 4773//4773 4882//4882 4880//4880
f 4772//4772 4883//4883 4774//4774
f 4772//4772 4881//4881 4883//4883
f 4882//4882 4775//4775 4884//4884
f 4882//4882 4773//4773 4775//4775
f 4883//4883 4885//4885 4774//4774
f 4776//4776 4774//4774 4885//4885
f 4777//4777 4886//4886 4775//4775
f 4775//4775 4886//4886 4884//4884
f 4885//4885 4778//4778 4776//4776
f 4887//4887 4778//4778 4885//4885
f 4888//4888 4886//4886 4779//4779
f 4779//4779 4886//4886 4777//4777
f 4887//4887 4889//4889 4778//4778
f 4778//4778 4889//4889 4780//4780
f 4781//4781 4888//4888 4779//4779
f 4781//4781 4890//4890 4888//4888
f 4889//4889 4782//4782 4780//4780
f 4891//4891 4782//4782 4889//4889
f 4783//4783 4890//4890 4781//4781
f 4783//4783 4892//4892 4890//4890
f 4782//4782 4893//4893 4784//4784
f 4782//4782 4891//4891 4893//4893
f 4783//4783 4785//4785 4892//4892
f 4892//4892 4785//4785 4894//4894
f 4893//4893 4895//4895 4784//4784
f 4786//4786 4784//4784 4895//4895
f 4787//4787 4894//4894 4785//4785
f 4787//4787 4896//4896 4894//4894
f 4786//4786 4897//4897 4788//4788
f 4786//4786 4895//4895 4897//4897
f 4787//4787 4789//4789 4896//4896
f 4896//4896 4789//4789 4898//4898
f 4897//4897 4899//4899 4788//4788
f 4790//4790 4788//4788 4899//4899
f 4791//4791 4898//4898 4789//4789
f 4791//4791 4900//4900 4898//4898
f 4790//4790 4901//4901 4792//4792
f 4790//4790 4899//4899 4901//4901
f 4791//4791 4793//4793 4900//4900
f 4900//4900 4793//4793 4902//4902
f 4901//4901 4903//4903 4792//4792
f 4792//4792 4903//4903 4794//4794
f 4795//4795 4902//4902 4793//4793
f 4795//4795 4904//4904 4902//4902
f 4903//4903 4905//4905 4794//4794
f 4794//4794 4905//4905 4796//4796
f 4795//4795 4797//4797 4904//4904
f 4904//4904 4797//4797 4906//4906
f 4905//4905 4907//4907 4796//4796
f 4796//4796 4907//4907 4798//4798
f 4797//4797 4799//4799 4906//4906
f 4906//4906 4799//4799 4908//4908
f 4907//4907 4909//4909 4798//4798
f 4798//4798 4909//4909 4800//4800
f 4799//4799 4801//4801 4908//4908
f 4908//4908 4801//4801 4910//4910
f 4909//4909 4911//4911 4800//4800
f 4800//4800 4911//4911 4802//4802
f 4801//4801 4804//4804 4910//4910
f 4910//4910 4804//4804 4912//4912
f 4911//4911 4913//4913 4802//4802
f 4802//4802 4913//4913 4803//4803
f 4803//4803 4913//4913 4914//4914
f 4914//4914 4805//4805 4803//4803
f 4914//4914 4915//4915 4805//4805
f 4805//4805 4916//4916 4806//4806
f 4915//4915 4916//4916 4805//4805
f 4804//4804 4806//4806 4912//4912
f 4912//4912 4806//4806 4916//4916
f 4918//4918 4917//4917 4810//4810
f 4811//4811 4919//4919 4810//4810
f 4810//4810 4919//4919 4918//4918
f 4811//4811 4920//4920 4919//4919
f 4922//4922 4921//4921 4807//4807
f 4808//4808 4922//4922 4807//4807
f 4808//4808 4923//4923 4922//4922
f 4917//4917 4808//4808 4809//4809
f 4917//4917 4923//4923 4808//4808
f 4809//4809 4810//4810 4917//4917
f 4812//4812 4920//4920 4811//4811
f 4924//4924 4812//4812 4813//4813
f 4924//4924 4920//4920 4812//4812
f 4813//4813 4814//4814 4924//4924
f 4924//4924 4814//4814 4925//4925
f 4921//4921 4926//4926 4815//4815
f 4921//4921 4815//4815 4807//4807
f 4814//4814 4816//4816 4925//4925
f 4925//4925 4816//4816 4927//4927
f 4926//4926 4928//4928 4817//4817
f 4926//4926 4817//4817 4815//4815
f 4816//4816 4818//4818 4927//4927
f 4927//4927 4818//4818 4929//4929
f 4928//4928 4930//4930 4819//4819
f 4928//4928 4819//4819 4817//4817
f 4818//4818 4820//4820 4929//4929
f 4929//4929 4820//4820 4931//4931
f 4930//4930 4932//4932 4821//4821
f 4930//4930 4821//4821 4819//4819
f 4931//4931 4820//4820 4933//4933
f 4822//4822 4933//4933 4820//4820
f 4932//4932 4823//4823 4821//4821
f 4932//4932 4934//4934 4823//4823
f 4822//4822 4935//4935 4933//4933
f 4822//4822 4824//4824 4935//4935
f 4934//4934 4936//4936 4825//4825
f 4823//4823 4934//4934 4825//4825
f 4935//4935 4824//4824 4937//4937
f 4826//4826 4937//4937 4824//4824
f 4936//4936 4827//4827 4825//4825
f 4936//4936 4938//4938 4827//4827
f 4826//4826 4939//4939 4937//4937
f 4826//4826 4828//4828 4939//4939
f 4938//4938 4940//4940 4827//4827
f 4827//4827 4940//4940 4829//4829
f 4939//4939 4828//4828 4941//4941
f 4830//4830 4941//4941 4828//4828
f 4940//4940 4831//4831 4829//4829
f 4942//4942 4831//4831 4940//4940
f 4830//4830 4943//4943 4941//4941
f 4830//4830 4832//4832 4943//4943
f 4942//4942 4944//4944 4831//4831
f 4831//4831 4944//4944 4833//4833
f 4834//4834 4943//4943 4832//4832
f 4834//4834 4945//4945 4943//4943
f 4944//4944 4835//4835 4833//4833
f 4946//4946 4835//4835 4944//4944
f 4836//4836 4945//4945 4834//4834
f 4836//4836 4947//4947 4945//4945
f 4946//4946 4948//4948 4835//4835
f 4835//4835 4948//4948 4837//4837
f 4947//4947 4836//4836 4949//4949
f 4838//4838 4949//4949 4836//4836
f 4948//4948 4839//4839 4837//4837
f 4950//4950 4839//4839 4948//4948
f 4840//4840 4951//4951 4838//4838
f 4838//4838 4951//4951 4949//4949
f 4950//4950 4841//4841 4839//4839
f 4952//4952 4841//4841 4950//4950
f 4842//4842 4953//4953 4840//4840
f 4840//4840 4953//4953 4951//4951
f 4952//4952 4954//4954 4841//4841
f 4841//4841 4954//4954 4843//4843
f 4844//4844 4955//4955 4842//4842
f 4842//4842 4955//4955 4953//4953
f 4954//4954 4845//4845 4843//4843
f 4956//4956 4845//4845 4954//4954
f 4844//4844 4957//4957 4955//4955
f 4844//4844 4846//4846 4957//4957
f 4956//4956 4847//4847 4845//4845
f 4958//4958 4847//4847 4956//4956
f 4848//4848 4957//4957 4846//4846
f 4848//4848 4959//4959 4957//4957
f 4958//4958 4849//4849 4847//4847
f 4960//4960 4849//4849 4958//4958
f 4850//4850 4959//4959 4848//4848
f 4850//4850 4961//4961 4959//4959
f 4960//4960 4962//4962 4851//4851
f 4849//4849 4960//4960 4851//4851
f 4852//4852 4961//4961 4850//4850
f 4852//4852 4963//4963 4961//4961
f 4851//4851 4962//4962 4853//4853
f 4853//4853 4962//4962 4964//4964
f 4854//4854 4963//4963 4852//4852
f 4854//4854 4965//4965 4963//4963
f 4964//4964 4855//4855 4853//4853
f 4964//4964 4966//4966 4855//4855
f 4856//4856 4965//4965 4854//4854
f 4856//4856 4967//4967 4965//4965
f 4966//4966 4857//4857 4855//4855
f 4968//4968 4857//4857 4966//4966
f 4858//4858 4967//4967 4856//4856
f 4858//4858 4969//4969 4967//4967
f 4968//4968 4859//4859 4857//4857
f 4970//4970 4859//4859 4968//4968
f 4860//4860 4969//4969 4858//4858
f 4860//4860 4971//4971 4969//4969
f 4970//4970 4861//4861 4859//4859
f 4972//4972 4861//4861 4970//4970
f 4862//4862 4971//4971 4860//4860
f 4862//4862 4973//4973 4971//4971
f 4972//4972 4863//4863 4861//4861
f 4974//4974 4863//4863 4972//4972
f 4864//4864 4973//4973 4862//4862
f 4864//4864 4975//4975 4973//4973
f 4974//4974 4865//4865 4863//4863
f 4976//4976 4865//4865 4974//4974
f 4866//4866 4975//4975 4864//4864
f 4866//4866 4977//4977 4975//4975
f 4976//4976 4867//4867 4865//4865
f 4978//4978 4867//4867 4976//4976
f 4868//4868 4977//4977 4866//4866
f 4868//4868 4979//4979 4977//4977
f 4978//4978 4869//4869 4867//4867
f 4980//4980 4869//4869 4978//4978
f 4870//4870 4979//4979 4868//4868
f 4870//4870 4981//4981 4979//4979
f 4980//4980 4982//4982 4869//4869
f 4869//4869 4982//4982 4871//4871
f 4981//4981 4872//4872 4983//4983
f 4981//4981 4870//4870 4872//4872
f 4982//4982 4873//4873 4871//4871
f 4984//4984 4873//4873 4982//4982
f 4985//4985 4983//4983 4874//4874
f 4874//4874 4983//4983 4872//4872
f 4984//4984 4875//4875 4873//4873
f 4986//4986 4875//4875 4984//4984
f 4876//4876 4985//4985 4874//4874
f 4876//4876 4987//4987 4985//4985
f 4986//4986 4877//4877 4875//4875
f 4988//4988 4877//4877 4986//4986
f 4878//4878 4987//4987 4876//4876
f 4878//4878 4989//4989 4987//4987
f 4988//4988 4990//4990 4877//4877
f 4877//4877 4990//4990 4879//4879
f 4880//4880 4989//4989 4878//4878
f 4880//4880 4991//4991 4989//4989
f 4990//4990 4881//4881 4879//4879
f 4992//4992 4881//4881 4990//4990
f 4991//4991 4882//4882 4993//4993
f 4991//4991 4880//4880 4882//4882
f 4992//4992 4883//4883 4881//4881
f 4994//4994 4883//4883 4992//4992
f 4995//4995 4993//4993 4884//4884
f 4884//4884 4993//4993 4882//4882
f 4994//4994 4996//4996 4883//4883
f 4883//4883 4996//4996 4885//4885
f 4886//4886 4995//4995 4884//4884
f 4886//4886 4997//4997 4995//4995
f 4996//4996 4887//4887 4885//4885
f 4998//4998 4887//4887 4996//4996
f 4888//4888 4997//4997 4886//4886
f 4888//4888 4999//4999 4997//4997
f 4887//4887 5000//5000 4889//4889
f 4887//4887 4998//4998 5000//5000
f 4890//4890 4999//4999 4888//4888
f 4890//4890 5001//5001 4999//4999
f 5000//5000 5002//5002 4889//4889
f 4891//4891 4889//4889 5002//5002
f 5001//5001 4892//4892 5003//5003
f 5001//5001 4890//4890 4892//4892
f 5002//5002 4893//4893 4891//4891
f 5004//5004 4893//4893 5002//5002
f 5005//5005 5003//5003 4894//4894
f 4894//4894 5003//5003 4892//4892
f 4893//4893 5006//5006 4895//4895
f 4893//4893 5004//5004 5006//5006
f 4896//4896 5005//5005 4894//4894
f 4896//4896 5007//5007 5005//5005
f 5006//5006 5008//5008 4895//4895
f 4897//4897 4895//4895 5008//5008
f 4896//4896 4898//4898 5007//5007
f 5007//5007 4898//4898 5009//5009
f 4897//4897 5010//5010 4899//4899
f 4897//4897 5008//5008 5010//5010
f 4900//4900 5009//5009 4898//4898
f 4900//4900 5011//5011 5009//5009
f 5010//5010 5012//5012 4899//4899
f 4901//4901 4899//4899 5012//5012
f 4900//4900 4902//4902 5011//5011
f 5011//5011 4902//4902 5013//5013
f 5012//5012 5014//5014 4901//4901
f 4901//4901 5014//5014 4903//4903
f 4904//4904 5013//5013 4902//4902
f 4904//4904 5015//5015 5013//5013
f 4903//4903 5016//5016 4905//4905
f 4903//4903 5014//5014 5016//5016
f 4904//4904 4906//4906 5015//5015
f 5015//5015 4906//4906 5017//5017
f 5016//5016 5018//5018 4905//4905
f 4905//4905 5018//5018 4907//4907
f 5019//5019 4906//4906 4908//4908
f 5019//5019 5017//5017 4906//4906
f 5018//5018 5020//5020 4907//4907
f 4907//4907 5020//5020 4909//4909
f 4910//4910 5021//5021 4908//4908
f 4908//4908 5021//5021 5019//5019
f 5020//5020 5022//5022 4909//4909
f 4909//4909 5022//5022 4911//4911
f 4912//4912 5023//5023 4910//4910
f 4910//4910 5023//5023 5021//5021
f 5022//5022 5024//5024 4911//4911
f 4911//4911 5024//5024 4913//4913
f 4916//4916 5025//5025 4912//4912
f 4912//4912 5025//5025 5023//5023
f 5024//5024 5026//5026 4913//4913
f 4913//4913 5026//5026 4914//4914
f 4914//4914 5026//5026 5027//5027
f 4914//4914 5027//5027 4915//4915
f 4915//4915 5027//5027 5028//5028
f 4915//4915 5028//5028 4916//4916
f 4916//4916 5028//5028 5029//5029
f 4916//4916 5029//5029 5025//5025
f 5031//5031 5030//5030 4917//4917
f 4918//4918 5031//5031 4917//4917
f 4918//4918 5032//5032 5031//5031
f 5033//5033 4918//4918 4919//4919
f 5033//5033 5032//5032 4918//4918
f 4919//4919 4920//4920 5033//5033
f 5033//5033 4920//4920 5034//5034
f 5036//5036 5035//5035 4922//4922
f 4922//4922 5035//5035 4921//4921
f 5030//5030 4922//4922 4923//4923
f 5030//5030 5036//5036 4922//4922
f 4923//4923 4917//4917 5030//5030
f 5037//5037 4920//4920 4924//4924
f 5037//5037 5034//5034 4920//4920
f 4924//4924 4925//4925 5037//5037
f 5037//5037 4925//4925 5038//5038
f 5035//5035 5039//5039 4921//4921
f 4921//4921 5039//5039 4926//4926
f 4925//4925 4927//4927 5038//5038
f 5038//5038 4927//4927 5040//5040
f 5039//5039 5041//5041 4926//4926
f 4926//4926 5041//5041 4928//4928
f 4927//4927 4929//4929 5040//5040
f 5040//5040 4929//4929 5042//5042
f 5041//5041 5043//5043 4928//4928
f 4928//4928 5043//5043 4930//4930
f 5042//5042 4929//4929 5044//5044
f 4931//4931 5044//5044 4929//4929
f 5043//5043 5045//5045 4930//4930
f 4930//4930 5045//5045 4932//4932
f 4931//4931 5046//5046 5044//5044
f 4931//4931 4933//4933 5046//5046
f 5045//5045 4934//4934 4932//4932
f 5047//5047 4934//4934 5045//5045
f 4933//4933 4935//4935 5046//5046
f 5046//5046 4935//4935 5048//5048
f 5047//5047 5049//5049 4934//4934
f 4934//4934 5049//5049 4936//4936
f 4937//4937 5048//5048 4935//4935
f 4937//4937 5050//5050 5048//5048
f 5049//5049 4938//4938 4936//4936
f 5051//5051 4938//4938 5049//5049
f 4937//4937 4939//4939 5050//5050
f 5050//5050 4939//4939 5052//5052
f 5051//5051 5053//5053 4938//4938
f 4938//4938 5053//5053 4940//4940
f 4941//4941 5052//5052 4939//4939
f 4941//4941 5054//5054 5052//5052
f 5053//5053 4942//4942 4940//4940
f 5055//5055 4942//4942 5053//5053
f 5054//5054 4941//4941 5056//5056
f 4943//4943 5056//5056 4941//4941
f 5055//5055 5057//5057 4942//4942
f 4942//4942 5057//5057 4944//4944
f 4945//4945 5058//5058 4943//4943
f 4943//4943 5058//5058 5056//5056
f 5057//5057 4946//4946 4944//4944
f 5059//5059 4946//4946 5057//5057
f 4945//4945 5060//5060 5058//5058
f 4945//4945 4947//4947 5060//5060
f 5059//5059 5061//5061 4946//4946
f 4946//4946 5061//5061 4948//4948
f 4949//4949 5060//5060 4947//4947
f 4949//4949 5062//5062 5060//5060
f 5061//5061 4950//4950 4948//4948
f 5063//5063 4950//4950 5061//5061
f 4951//4951 5062//5062 4949//4949
f 4951//4951 5064//5064 5062//5062
f 5063//5063 5065//5065 4952//4952
f 4950//4950 5063//5063 4952//4952
f 4953//4953 5064//5064 4951//4951
f 4953//4953 5066//5066 5064//5064
f 5065//5065 4954//4954 4952//4952
f 5065//5065 5067//5067 4954//4954
f 4955//4955 5066//5066 4953//4953
f 4955//4955 5068//5068 5066//5066
f 5067//5067 4956//4956 4954//4954
f 5069//5069 4956//4956 5067//5067
f 5068//5068 4955//4955 5070//5070
f 4957//4957 5070//5070 4955//4955
f 5069//5069 4958//4958 4956//4956
f 5071//5071 4958//4958 5069//5069
f 4959//4959 5072//5072 4957//4957
f 4957//4957 5072//5072 5070//5070
f 5071//5071 5073//5073 4960//4960
f 4958//4958 5071//5071 4960//4960
f 4961//4961 5074//5074 4959//4959
f 4959//4959 5074//5074 5072//5072
f 5073//5073 4962//4962 4960//4960
f 5073//5073 5075//5075 4962//4962
f 4963//4963 5076//5076 4961//4961
f 4961//4961 5076//5076 5074//5074
f 5075//5075 4964//4964 4962//4962
f 5077//5077 4964//4964 5075//5075
f 4963//4963 5078//5078 5076//5076
f 4963//4963 4965//4965 5078//5078
f 5077//5077 4966//4966 4964//4964
f 5079//5079 4966//4966 5077//5077
f 4967//4967 5078//5078 4965//4965
f 4967//4967 5080//5080 5078//5078
f 5079//5079 4968//4968 4966//4966
f 5081//5081 4968//4968 5079//5079
f 4969//4969 5080//5080 4967//4967
f 4969//4969 5082//5082 5080//5080
f 5081//5081 4970//4970 4968//4968
f 5083//5083 4970//4970 5081//5081
f 4971//4971 5082//5082 4969//4969
f 4971//4971 5084//5084 5082//5082
f 5083//5083 4972//4972 4970//4970
f 5085//5085 4972//4972 5083//5083
f 4973//4973 5084//5084 4971//4971
f 4973//4973 5086//5086 5084//5084
f 5085//5085 4974//4974 4972//4972
f 5087//5087 4974//4974 5085//5085
f 4975//4975 5086//5086 4973//4973
f 4975//4975 5088//5088 5086//5086
f 5087//5087 4976//4976 4974//4974
f 5089//5089 4976//4976 5087//5087
f 5088//5088 4977//4977 5090//5090
f 5088//5088 4975//4975 4977//4977
f 5089//5089 4978//4978 4976//4976
f 5091//5091 4978//4978 5089//5089
f 4979//4979 5092//5092 4977//4977
f 4977//4977 5092//5092 5090//5090
f 5091//5091 4980//4980 4978//4978
f 5093//5093 4980//4980 5091//5091
f 4981//4981 5094//5094 4979//4979
f 4979//4979 5094//5094 5092//5092
f 4980//4980 5095//5095 4982//4982
f 4980//4980 5093//5093 5095//5095
f 5096//5096 5094//5094 4983//4983
f 4983//4983 5094//5094 4981//4981
f 5095//5095 5097//5097 4982//4982
f 4984//4984 4982//4982 5097//5097
f 4985//4985 5096//5096 4983//4983
f 4985//4985 5098//5098 5096//5096
f 5097//5097 4986//4986 4984//4984
f 5099//5099 4986//4986 5097//5097
f 4987//4987 5098//5098 4985//4985
f 4987//4987 5100//5100 5098//5098
f 5099//5099 4988//4988 4986//4986
f 5101//5101 4988//4988 5099//5099
f 5100//5100 4989//4989 5102//5102
f 5100//5100 4987//4987 4989//4989
f 5101//5101 5103//5103 4988//4988
f 4988//4988 5103//5103 4990//4990
f 4991//4991 5104//5104 4989//4989
f 4989//4989 5104//5104 5102//5102
f 5103//5103 4992//4992 4990//4990
f 5105//5105 4992//4992 5103//5103
f 5106//5106 5104//5104 4993//4993
f 4993//4993 5104//5104 4991//4991
f 5105//5105 4994//4994 4992//4992
f 5107//5107 4994//4994 5105//5105
f 4995//4995 5106//5106 4993//4993
f 4995//4995 5108//5108 5106//5106
f 4994//4994 5109//5109 4996//4996
f 4994//4994 5107//5107 5109//5109
f 4997//4997 5108//5108 4995//4995
f 4997//4997 5110//5110 5108//5108
f 5109//5109 5111//5111 4996//4996
f 4998//4998 4996//4996 5111//5111
f 5110//5110 4999//4999 5112//5112
f 5110//5110 4997//4997 4999//4999
f 5111//5111 5000//5000 4998//4998
f 5113//5113 5000//5000 5111//5111
f 5001//5001 5114//5114 4999//4999
f 4999//4999 5114//5114 5112//5112
f 5000//5000 5115//5115 5002//5002
f 5000//5000 5113//5113 5115//5115
f 5116//5116 5114//5114 5003//5003
f 5003//5003 5114//5114 5001//5001
f 5115//5115 5117//5117 5002//5002
f 5004//5004 5002//5002 5117//5117
f 5005//5005 5116//5116 5003//5003
f 5005//5005 5118//5118 5116//5116
f 5117//5117 5006//5006 5004//5004
f 5119//5119 5006//5006 5117//5117
f 5118//5118 5007//5007 5120//5120
f 5118//5118 5005//5005 5007//5007
f 5119//5119 5121//5121 5006//5006
f 5006//5006 5121//5121 5008//5008
f 5122//5122 5120//5120 5009//5009
f 5009//5009 5120//5120 5007//5007
f 5121//5121 5010//5010 5008//5008
f 5123//5123 5010//5010 5121//5121
f 5011//5011 5122//5122 5009//5009
f 5011//5011 5124//5124 5122//5122
f 5123//5123 5125//5125 5010//5010
f 5010//5010 5125//5125 5012//5012
f 5011//5011 5013//5013 5124//5124
f 5124//5124 5013//5013 5126//5126
f 5012//5012 5127//5127 5014//5014
f 5012//5012 5125//5125 5127//5127
f 5015//5015 5126//5126 5013//5013
f 5015//5015 5128//5128 5126//5126
f 5127//5127 5129//5129 5014//5014
f 5016//5016 5014//5014 5129//5129
f 5015//5015 5017//5017 5128//5128
f 5128//5128 5017//5017 5130//5130
f 5016//5016 5131//5131 5018//5018
f 5016//5016 5129//5129 5131//5131
f 5019//5019 5130//5130 5017//5017
f 5019//5019 5132//5132 5130//5130
f 5131//5131 5133//5133 5018//5018
f 5018//5018 5133//5133 5020//5020
f 5019//5019 5021//5021 5132//5132
f 5132//5132 5021//5021 5134//5134
f 5133//5133 5135//5135 5020//5020
f 5020//5020 5135//5135 5022//5022
f 5021//5021 5023//5023 5134//5134
f 5134//5134 5023//5023 5136//5136
f 5135//5135 5137//5137 5022//5022
f 5022//5022 5137//5137 5024//5024
f 5023//5023 5025//5025 5136//5136
f 5136//5136 5025//5025 5138//5138
f 5137//5137 5139//5139 5024//5024
f 5024//5024 5139//5139 5026//5026
f 5029//5029 5028//5028 5140//5140
f 5025//5025 5029//5029 5138//5138
f 5138//5138 5029//5029 5140//5140
f 5139//5139 5141//5141 5026//5026
f 5026//5026 5141//5141 5027//5027
f 5027//5027 5141//5141 5142//5142
f 5027//5027 5142//5142 5028//5028
f 5028//5028 5142//5142 5143//5143
f 5028//5028 5143//5143 5140//5140
f 5145//5145 5144//5144 5030//5030
f 5031//5031 5145//5145 5030//5030
f 5031//5031 5146//5146 5145//5145
f 5147//5147 5031//5031 5032//5032
f 5147//5147 5146//5146 5031//5031
f 5148//5148 5032//5032 5033//5033
f 5148//5148 5147//5147 5032//5032
f 5033//5033 5034//5034 5148//5148
f 5148//5148 5034//5034 5149//5149
f 5144//5144 5150//5150 5036//5036
f 5036//5036 5150//5150 5035//5035
f 5036//5036 5030//5030 5144//5144
f 5149//5149 5037//5037 5151//5151
f 5149//5149 5034//5034 5037//5037
f 5038//5038 5151//5151 5037//5037
f 5150//5150 5152//5152 5035//5035
f 5035//5035 5152//5152 5039//5039
f 5153//5153 5151//5151 5038//5038
f 5040//5040 5153//5153 5038//5038
f 5152//5152 5154//5154 5039//5039
f 5039//5039 5154//5154 5041//5041
f 5155//5155 5153//5153 5040//5040
f 5042//5042 5155//5155 5040//5040
f 5154//5154 5156//5156 5041//5041
f 5041//5041 5156//5156 5043//5043
f 5042//5042 5157//5157 5155//5155
f 5042//5042 5044//5044 5157//5157
f 5156//5156 5158//5158 5043//5043
f 5043//5043 5158//5158 5045//5045
f 5044//5044 5046//5046 5157//5157
f 5157//5157 5046//5046 5159//5159
f 5158//5158 5160//5160 5047//5047
f 5045//5045 5158//5158 5047//5047
f 5159//5159 5046//5046 5161//5161
f 5048//5048 5161//5161 5046//5046
f 5160//5160 5049//5049 5047//5047
f 5160//5160 5162//5162 5049//5049
f 5048//5048 5163//5163 5161//5161
f 5048//5048 5050//5050 5163//5163
f 5162//5162 5164//5164 5051//5051
f 5049//5049 5162//5162 5051//5051
f 5163//5163 5050//5050 5165//5165
f 5052//5052 5165//5165 5050//5050
f 5164//5164 5053//5053 5051//5051
f 5164//5164 5166//5166 5053//5053
f 5052//5052 5167//5167 5165//5165
f 5052//5052 5054//5054 5167//5167
f 5166//5166 5168//5168 5055//5055
f 5053//5053 5166//5166 5055//5055
f 5056//5056 5167//5167 5054//5054
f 5056//5056 5169//5169 5167//5167
f 5168//5168 5057//5057 5055//5055
f 5168//5168 5170//5170 5057//5057
f 5058//5058 5169//5169 5056//5056
f 5058//5058 5171//5171 5169//5169
f 5170//5170 5059//5059 5057//5057
f 5172//5172 5059//5059 5170//5170
f 5171//5171 5058//5058 5173//5173
f 5060//5060 5173//5173 5058//5058
f 5172//5172 5174//5174 5059//5059
f 5059//5059 5174//5174 5061//5061
f 5062//5062 5175//5175 5060//5060
f 5060//5060 5175//5175 5173//5173
f 5174//5174 5063//5063 5061//5061
f 5176//5176 5063//5063 5174//5174
f 5064//5064 5177//5177 5062//5062
f 5062//5062 5177//5177 5175//5175
f 5176//5176 5178//5178 5063//5063
f 5063//5063 5178//5178 5065//5065
f 5064//5064 5179//5179 5177//5177
f 5064//5064 5066//5066 5179//5179
f 5178//5178 5067//5067 5065//5065
f 5180//5180 5067//5067 5178//5178
f 5068//5068 5179//5179 5066//5066
f 5068//5068 5181//5181 5179//5179
f 5180//5180 5069//5069 5067//5067
f 5182//5182 5069//5069 5180//5180
f 5070//5070 5181//5181 5068//5068
f 5070//5070 5183//5183 5181//5181
f 5182//5182 5071//5071 5069//5069
f 5184//5184 5071//5071 5182//5182
f 5072//5072 5183//5183 5070//5070
f 5072//5072 5185//5185 5183//5183
f 5184//5184 5186//5186 5071//5071
f 5071//5071 5186//5186 5073//5073
f 5074//5074 5185//5185 5072//5072
f 5074//5074 5187//5187 5185//5185
f 5186//5186 5075//5075 5073//5073
f 5188//5188 5075//5075 5186//5186
f 5076//5076 5187//5187 5074//5074
f 5076//5076 5189//5189 5187//5187
f 5188//5188 5077//5077 5075//5075
f 5190//5190 5077//5077 5188//5188
f 5189//5189 5076//5076 5191//5191
f 5078//5078 5191//5191 5076//5076
f 5190//5190 5079//5079 5077//5077
f 5192//5192 5079//5079 5190//5190
f 5080//5080 5193//5193 5078//5078
f 5078//5078 5193//5193 5191//5191
f 5192//5192 5081//5081 5079//5079
f 5194//5194 5081//5081 5192//5192
f 5082//5082 5195//5195 5080//5080
f 5080//5080 5195//5195 5193//5193
f 5194//5194 5083//5083 5081//5081
f 5196//5196 5083//5083 5194//5194
f 5084//5084 5197//5197 5082//5082
f 5082//5082 5197//5197 5195//5195
f 5196//5196 5085//5085 5083//5083
f 5198//5198 5085//5085 5196//5196
f 5086//5086 5199//5199 5084//5084
f 5084//5084 5199//5199 5197//5197
f 5198//5198 5087//5087 5085//5085
f 5200//5200 5087//5087 5198//5198
f 5088//5088 5201//5201 5086//5086
f 5086//5086 5201//5201 5199//5199
f 5200//5200 5089//5089 5087//5087
f 5202//5202 5089//5089 5200//5200
f 5203//5203 5201//5201 5090//5090
f 5090//5090 5201//5201 5088//5088
f 5202//5202 5091//5091 5089//5089
f 5204//5204 5091//5091 5202//5202
f 5092//5092 5203//5203 5090//5090
f 5092//5092 5205//5205 5203//5203
f 5204//5204 5093//5093 5091//5091
f 5206//5206 5093//5093 5204//5204
f 5094//5094 5205//5205 5092//5092
f 5094//5094 5207//5207 5205//5205
f 5095//5095 5206//5206 5208//5208
f 5095//5095 5093//5093 5206//5206
f 5096//5096 5207//5207 5094//5094
f 5096//5096 5209//5209 5207//5207
f 5208//5208 5097//5097 5095//5095
f 5210//5210 5097//5097 5208//5208
f 5209//5209 5098//5098 5211//5211
f 5209//5209 5096//5096 5098//5098
f 5210//5210 5099//5099 5097//5097
f 5212//5212 5099//5099 5210//5210
f 5100//5100 5213//5213 5098//5098
f 5098//5098 5213//5213 5211//5211
f 5212//5212 5101//5101 5099//5099
f 5214//5214 5101//5101 5212//5212
f 5215//5215 5213//5213 5102//5102
f 5102//5102 5213//5213 5100//5100
f 5101//5101 5216//5216 5103//5103
f 5101//5101 5214//5214 5216//5216
f 5104//5104 5215//5215 5102//5102
f 5104//5104 5217//5217 5215//5215
f 5216//5216 5218//5218 5103//5103
f 5105//5105 5103//5103 5218//5218
f 5217//5217 5106//5106 5219//5219
f 5217//5217 5104//5104 5106//5106
f 5218//5218 5107//5107 5105//5105
f 5220//5220 5107//5107 5218//5218
f 5108//5108 5221//5221 5106//5106
f 5106//5106 5221//5221 5219//5219
f 5220//5220 5109//5109 5107//5107
f 5222//5222 5109//5109 5220//5220
f 5110//5110 5223//5223 5108//5108
f 5108//5108 5223//5223 5221//5221
f 5222//5222 5224//5224 5109//5109
f 5109//5109 5224//5224 5111//5111
f 5225//5225 5223//5223 5112//5112
f 5112//5112 5223//5223 5110//5110
f 5224//5224 5113//5113 5111//5111
f 5226//5226 5113//5113 5224//5224
f 5114//5114 5225//5225 5112//5112
f 5114//5114 5227//5227 5225//5225
f 5226//5226 5115//5115 5113//5113
f 5228//5228 5115//5115 5226//5226
f 5116//5116 5227//5227 5114//5114
f 5116//5116 5229//5229 5227//5227
f 5228//5228 5230//5230 5115//5115
f 5115//5115 5230//5230 5117//5117
f 5229//5229 5118//5118 5231//5231
f 5229//5229 5116//5116 5118//5118
f 5230//5230 5119//5119 5117//5117
f 5232//5232 5119//5119 5230//5230
f 5233//5233 5231//5231 5120//5120
f 5120//5120 5231//5231 5118//5118
f 5119//5119 5234//5234 5121//5121
f 5119//5119 5232//5232 5234//5234
f 5122//5122 5233//5233 5120//5120
f 5122//5122 5235//5235 5233//5233
f 5234//5234 5236//5236 5121//5121
f 5123//5123 5121//5121 5236//5236
f 5235//5235 5124//5124 5237//5237
f 5235//5235 5122//5122 5124//5124
f 5123//5123 5238//5238 5125//5125
f 5123//5123 5236//5236 5238//5238
f 5239//5239 5237//5237 5126//5126
f 5126//5126 5237//5237 5124//5124
f 5238//5238 5240//5240 5125//5125
f 5127//5127 5125//5125 5240//5240
f 5128//5128 5239//5239 5126//5126
f 5128//5128 5241//5241 5239//5239
f 5127//5127 5242//5242 5129//5129
f 5127//5127 5240//5240 5242//5242
f 5128//5128 5130//5130 5241//5241
f 5241//5241 5130//5130 5243//5243
f 5242//5242 5244//5244 5129//5129
f 5131//5131 5129//5129 5244//5244
f 5243//5243 5132//5132 5245//5245
f 5243//5243 5130//5130 5132//5132
f 5131//5131 5246//5246 5133//5133
f 5131//5131 5244//5244 5246//5246
f 5247//5247 5245//5245 5134//5134
f 5134//5134 5245//5245 5132//5132
f 5246//5246 5248//5248 5133//5133
f 5133//5133 5248//5248 5135//5135
f 5134//5134 5136//5136 5247//5247
f 5247//5247 5136//5136 5249//5249
f 5248//5248 5250//5250 5135//5135
f 5135//5135 5250//5250 5137//5137
f 5136//5136 5138//5138 5249//5249
f 5249//5249 5138//5138 5251//5251
f 5250//5250 5252//5252 5137//5137
f 5137//5137 5252//5252 5139//5139
f 5138//5138 5140//5140 5251//5251
f 5251//5251 5140//5140 5253//5253
f 5252//5252 5254//5254 5139//5139
f 5254//5254 5141//5141 5139//5139
f 5254//5254 5255//5255 5141//5141
f 5141//5141 5256//5256 5142//5142
f 5255//5255 5256//5256 5141//5141
f 5142//5142 5257//5257 5143//5143
f 5256//5256 5257//5257 5142//5142
f 5140//5140 5143//5143 5253//5253
f 5253//5253 5143//5143 5257//5257
f 5259//5259 5258//5258 5145//5145
f 5145//5145 5258//5258 5144//5144
f 5260//5260 5145//5145 5146//5146
f 5260//5260 5259//5259 5145//5145
f 5261//5261 5146//5146 5147//5147
f 5261//5261 5260//5260 5146//5146
f 5262//5262 5147//5147 5148//5148
f 5262//5262 5261//5261 5147//5147
f 5148//5148 5149//5149 5262//5262
f 5262//5262 5149//5149 5263//5263
f 5258//5258 5264//5264 5144//5144
f 5144//5144 5264//5264 5150//5150
f 5149//5149 5151//5151 5263//5263
f 5263//5263 5151//5151 5265//5265
f 5264//5264 5266//5266 5150//5150
f 5150//5150 5266//5266 5152//5152
f 5151//5151 5153//5153 5265//5265
f 5265//5265 5153//5153 5267//5267
f 5266//5266 5268//5268 5152//5152
f 5152//5152 5268//5268 5154//5154
f 5153//5153 5155//5155 5267//5267
f 5267//5267 5155//5155 5269//5269
f 5268//5268 5270//5270 5154//5154
f 5154//5154 5270//5270 5156//5156
f 5155//5155 5157//5157 5269//5269
f 5269//5269 5157//5157 5271//5271
f 5270//5270 5272//5272 5156//5156
f 5156//5156 5272//5272 5158//5158
f 5271//5271 5157//5157 5273//5273
f 5159//5159 5273//5273 5157//5157
f 5272//5272 5274//5274 5158//5158
f 5158//5158 5274//5274 5160//5160
f 5159//5159 5275//5275 5273//5273
f 5159//5159 5161//5161 5275//5275
f 5274//5274 5162//5162 5160//5160
f 5276//5276 5162//5162 5274//5274
f 5275//5275 5161//5161 5277//5277
f 5163//5163 5277//5277 5161//5161
f 5276//5276 5278//5278 5162//5162
f 5162//5162 5278//5278 5164//5164
f 5163//5163 5279//5279 5277//5277
f 5163//5163 5165//5165 5279//5279
f 5278//5278 5166//5166 5164//5164
f 5280//5280 5166//5166 5278//5278
f 5279//5279 5165//5165 5281//5281
f 5167//5167 5281//5281 5165//5165
f 5280//5280 5282//5282 5166//5166
f 5166//5166 5282//5282 5168//5168
f 5169//5169 5283//5283 5167//5167
f 5167//5167 5283//5283 5281//5281
f 5282//5282 5170//5170 5168//5168
f 5284//5284 5170//5170 5282//5282
f 5169//5169 5285//5285 5283//5283
f 5169//5169 5171//5171 5285//5285
f 5284//5284 5172//5172 5170//5170
f 5286//5286 5172//5172 5284//5284
f 5173//5173 5285//5285 5171//5171
f 5173//5173 5287//5287 5285//5285
f 5286//5286 5288//5288 5172//5172
f 5172//5172 5288//5288 5174//5174
f 5175//5175 5287//5287 5173//5173
f 5175//5175 5289//5289 5287//5287
f 5288//5288 5176//5176 5174//5174
f 5290//5290 5176//5176 5288//5288
f 5177//5177 5289//5289 5175//5175
f 5177//5177 5291//5291 5289//5289
f 5290//5290 5292//5292 5176//5176
f 5176//5176 5292//5292 5178//5178
f 5291//5291 5177//5177 5293//5293
f 5179//5179 5293//5293 5177//5177
f 5292//5292 5180//5180 5178//5178
f 5294//5294 5180//5180 5292//5292
f 5181//5181 5295//5295 5179//5179
f 5179//5179 5295//5295 5293//5293
f 5294//5294 5182//5182 5180//5180
f 5296//5296 5182//5182 5294//5294
f 5183//5183 5297//5297 5181//5181
f 5181//5181 5297//5297 5295//5295
f 5296//5296 5298//5298 5184//5184
f 5182//5182 5296//5296 5184//5184
f 5185//5185 5299//5299 5183//5183
f 5183//5183 5299//5299 5297//5297
f 5298//5298 5186//5186 5184//5184
f 5298//5298 5300//5300 5186//5186
f 5187//5187 5301//5301 5185//5185
f 5185//5185 5301//5301 5299//5299
f 5300//5300 5188//5188 5186//5186
f 5302//5302 5188//5188 5300//5300
f 5187//5187 5303//5303 5301//5301
f 5187//5187 5189//5189 5303//5303
f 5302//5302 5190//5190 5188//5188
f 5304//5304 5190//5190 5302//5302
f 5191//5191 5303//5303 5189//5189
f 5191//5191 5305//5305 5303//5303
f 5304//5304 5192//5192 5190//5190
f 5306//5306 5192//5192 5304//5304
f 5193//5193 5305//5305 5191//5191
f 5193//5193 5307//5307 5305//5305
f 5306//5306 5194//5194 5192//5192
f 5308//5308 5194//5194 5306//5306
f 5195//5195 5307//5307 5193//5193
f 5195//5195 5309//5309 5307//5307
f 5308//5308 5196//5196 5194//5194
f 5310//5310 5196//5196 5308//5308
f 5197//5197 5309//5309 5195//5195
f 5197//5197 5311//5311 5309//5309
f 5310//5310 5198//5198 5196//5196
f 5312//5312 5198//5198 5310//5310
f 5199//5199 5311//5311 5197//5197
f 5199//5199 5313//5313 5311//5311
f 5312//5312 5200//5200 5198//5198
f 5314//5314 5200//5200 5312//5312
f 5201//5201 5313//5313 5199//5199
f 5201//5201 5315//5315 5313//5313
f 5314//5314 5202//5202 5200//5200
f 5316//5316 5202//5202 5314//5314
f 5203//5203 5315//5315 5201//5201
f 5203//5203 5317//5317 5315//5315
f 5316//5316 5204//5204 5202//5202
f 5318//5318 5204//5204 5316//5316
f 5317//5317 5205//5205 5319//5319
f 5317//5317 5203//5203 5205//5205
f 5206//5206 5318//5318 5320//5320
f 5206//5206 5204//5204 5318//5318
f 5207//5207 5321//5321 5205//5205
f 5205//5205 5321//5321 5319//5319
f 5320//5320 5208//5208 5206//5206
f 5322//5322 5208//5208 5320//5320
f 5209//5209 5323//5323 5207//5207
f 5207//5207 5323//5323 5321//5321
f 5322//5322 5210//5210 5208//5208
f 5324//5324 5210//5210 5322//5322
f 5325//5325 5323//5323 5211//5211
f 5211//5211 5323//5323 5209//5209
f 5324//5324 5212//5212 5210//5210
f 5326//5326 5212//5212 5324//5324
f 5213//5213 5325//5325 5211//5211
f 5213//5213 5327//5327 5325//5325
f 5326//5326 5214//5214 5212//5212
f 5328//5328 5214//5214 5326//5326
f 5327//5327 5215//5215 5329//5329
f 5327//5327 5213//5213 5215//5215
f 5328//5328 5216//5216 5214//5214
f 5330//5330 5216//5216 5328//5328
f 5217//5217 5331//5331 5215//5215
f 5215//5215 5331//5331 5329//5329
f 5330//5330 5332//5332 5216//5216
f 5216//5216 5332//5332 5218//5218
f 5333//5333 5331//5331 5219//5219
f 5219//5219 5331//5331 5217//5217
f 5332//5332 5220//5220 5218//5218
f 5334//5334 5220//5220 5332//5332
f 5221//5221 5333//5333 5219//5219
f 5221//5221 5335//5335 5333//5333
f 5334//5334 5222//5222 5220//5220
f 5336//5336 5222//5222 5334//5334
f 5223//5223 5335//5335 5221//5221
f 5223//5223 5337//5337 5335//5335
f 5336//5336 5338//5338 5222//5222
f 5222//5222 5338//5338 5224//5224
f 5225//5225 5337//5337 5223//5223
f 5225//5225 5339//5339 5337//5337
f 5338//5338 5226//5226 5224//5224
f 5340//5340 5226//5226 5338//5338
f 5339//5339 5227//5227 5341//5341
f 5339//5339 5225//5225 5227//5227
f 5340//5340 5228//5228 5226//5226
f 5342//5342 5228//5228 5340//5340
f 5229//5229 5343//5343 5227//5227
f 5227//5227 5343//5343 5341//5341
f 5228//5228 5344//5344 5230//5230
f 5228//5228 5342//5342 5344//5344
f 5345//5345 5343//5343 5231//5231
f 5231//5231 5343//5343 5229//5229
f 5344//5344 5346//5346 5230//5230
f 5232//5232 5230//5230 5346//5346
f 5233//5233 5345//5345 5231//5231
f 5233//5233 5347//5347 5345//5345
f 5346//5346 5234//5234 5232//5232
f 5348//5348 5234//5234 5346//5346
f 5235//5235 5347//5347 5233//5233
f 5235//5235 5349//5349 5347//5347
f 5348//5348 5350//5350 5234//5234
f 5234//5234 5350//5350 5236//5236
f 5235//5235 5237//5237 5349//5349
f 5349//5349 5237//5237 5351//5351
f 5350//5350 5238//5238 5236//5236
f 5352//5352 5238//5238 5350//5350
f 5239//5239 5351//5351 5237//5237
f 5239//5239 5353//5353 5351//5351
f 5238//5238 5354//5354 5240//5240
f 5238//5238 5352//5352 5354//5354
f 5353//5353 5241//5241 5355//5355
f 5353//5353 5239//5239 5241//5241
f 5354//5354 5356//5356 5240//5240
f 5242//5242 5240//5240 5356//5356
f 5357//5357 5355//5355 5243//5243
f 5243//5243 5355//5355 5241//5241
f 5242//5242 5358//5358 5244//5244
f 5242//5242 5356//5356 5358//5358
f 5243//5243 5245//5245 5357//5357
f 5357//5357 5245//5245 5359//5359
f 5358//5358 5360//5360 5244//5244
f 5246//5246 5244//5244 5360//5360
f 5247//5247 5359//5359 5245//5245
f 5247//5247 5361//5361 5359//5359
f 5360//5360 5362//5362 5246//5246
f 5246//5246 5362//5362 5248//5248
f 5247//5247 5249//5249 5361//5361
f 5361//5361 5249//5249 5363//5363
f 5248//5248 5364//5364 5250//5250
f 5248//5248 5362//5362 5364//5364
f 5249//5249 5251//5251 5363//5363
f 5363//5363 5251//5251 5365//5365
f 5364//5364 5366//5366 5250//5250
f 5250//5250 5366//5366 5252//5252
f 5251//5251 5253//5253 5365//5365
f 5365//5365 5253//5253 5367//5367
f 5366//5366 5368//5368 5252//5252
f 5252//5252 5368//5368 5254//5254
f 5257//5257 5256//5256 5369//5369
f 5253//5253 5257//5257 5367//5367
f 5367//5367 5257//5257 5369//5369
f 5368//5368 5370//5370 5254//5254
f 5254//5254 5370//5370 5255//5255
f 5255//5255 5370//5370 5371//5371
f 5255//5255 5371//5371 5256//5256
f 5256//5256 5371//5371 5372//5372
f 5256//5256 5372//5372 5369//5369
f 5374//5374 5373//5373 5259//5259
f 5259//5259 5373//5373 5258//5258
f 5375//5375 5259//5259 5260//5260
f 5375//5375 5374//5374 5259//5259
f 5376//5376 5260//5260 5261//5261
f 5376//5376 5375//5375 5260//5260
f 5376//5376 5262//5262 5377//5377
f 5376//5376 5261//5261 5262//5262
f 5263//5263 5377//5377 5262//5262
f 5373//5373 5378//5378 5258//5258
f 5258//5258 5378//5378 5264//5264
f 5379//5379 5377//5377 5263//5263
f 5263//5263 5265//5265 5379//5379
f 5379//5379 5265//5265 5380//5380
f 5378//5378 5381//5381 5264//5264
f 5264//5264 5381//5381 5266//5266
f 5265//5265 5267//5267 5380//5380
f 5380//5380 5267//5267 5382//5382
f 5381//5381 5383//5383 5266//5266
f 5266//5266 5383//5383 5268//5268
f 5267//5267 5269//5269 5382//5382
f 5382//5382 5269//5269 5384//5384
f 5383//5383 5385//5385 5268//5268
f 5268//5268 5385//5385 5270//5270
f 5384//5384 5269//5269 5386//5386
f 5271//5271 5386//5386 5269//5269
f 5385//5385 5387//5387 5270//5270
f 5270//5270 5387//5387 5272//5272
f 5271//5271 5388//5388 5386//5386
f 5271//5271 5273//5273 5388//5388
f 5389//5389 5274//5274 5272//5272
f 5387//5387 5389//5389 5272//5272
f 5388//5388 5273//5273 5390//5390
f 5275//5275 5390//5390 5273//5273
f 5391//5391 5274//5274 5389//5389
f 5391//5391 5276//5276 5274//5274
f 5275//5275 5392//5392 5390//5390
f 5275//5275 5277//5277 5392//5392
f 5393//5393 5278//5278 5276//5276
f 5391//5391 5393//5393 5276//5276
f 5392//5392 5277//5277 5394//5394
f 5279//5279 5394//5394 5277//5277
f 5395//5395 5278//5278 5393//5393
f 5395//5395 5280//5280 5278//5278
f 5279//5279 5396//5396 5394//5394
f 5279//5279 5281//5281 5396//5396
f 5397//5397 5282//5282 5280//5280
f 5395//5395 5397//5397 5280//5280
f 5283//5283 5396//5396 5281//5281
f 5283//5283 5398//5398 5396//5396
f 5399//5399 5282//5282 5397//5397
f 5399//5399 5284//5284 5282//5282
f 5398//5398 5283//5283 5400//5400
f 5285//5285 5400//5400 5283//5283
f 5399//5399 5286//5286 5284//5284
f 5401//5401 5286//5286 5399//5399
f 5287//5287 5402//5402 5285//5285
f 5285//5285 5402//5402 5400//5400
f 5401//5401 5403//5403 5286//5286
f 5286//5286 5403//5403 5288//5288
f 5289//5289 5404//5404 5287//5287
f 5287//5287 5404//5404 5402//5402
f 5403//5403 5290//5290 5288//5288
f 5405//5405 5290//5290 5403//5403
f 5291//5291 5406//5406 5289//5289
f 5289//5289 5406//5406 5404//5404
f 5405//5405 5407//5407 5290//5290
f 5290//5290 5407//5407 5292//5292
f 5293//5293 5408//5408 5291//5291
f 5291//5291 5408//5408 5406//5406
f 5407//5407 5294//5294 5292//5292
f 5409//5409 5294//5294 5407//5407
f 5293//5293 5410//5410 5408//5408
f 5293//5293 5295//5295 5410//5410
f 5409//5409 5296//5296 5294//5294
f 5411//5411 5296//5296 5409//5409
f 5297//5297 5410//5410 5295//5295
f 5297//5297 5412//5412 5410//5410
f 5413//5413 5298//5298 5296//5296
f 5411//5411 5413//5413 5296//5296
f 5299//5299 5412//5412 5297//5297
f 5299//5299 5414//5414 5412//5412
f 5415//5415 5298//5298 5413//5413
f 5415//5415 5300//5300 5298//5298
f 5301//5301 5414//5414 5299//5299
f 5301//5301 5416//5416 5414//5414
f 5415//5415 5302//5302 5300//5300
f 5417//5417 5302//5302 5415//5415
f 5416//5416 5301//5301 5418//5418
f 5303//5303 5418//5418 5301//5301
f 5417//5417 5304//5304 5302//5302
f 5419//5419 5304//5304 5417//5417
f 5305//5305 5420//5420 5303//5303
f 5303//5303 5420//5420 5418//5418
f 5419//5419 5306//5306 5304//5304
f 5421//5421 5306//5306 5419//5419
f 5307//5307 5422//5422 5305//5305
f 5305//5305 5422//5422 5420//5420
f 5421//5421 5308//5308 5306//5306
f 5423//5423 5308//5308 5421//5421
f 5309//5309 5424//5424 5307//5307
f 5307//5307 5424//5424 5422//5422
f 5423//5423 5310//5310 5308//5308
f 5425//5425 5310//5310 5423//5423
f 5311//5311 5426//5426 5309//5309
f 5309//5309 5426//5426 5424//5424
f 5425//5425 5312//5312 5310//5310
f 5427//5427 5312//5312 5425//5425
f 5313//5313 5428//5428 5311//5311
f 5311//5311 5428//5428 5426//5426
f 5427//5427 5314//5314 5312//5312
f 5429//5429 5314//5314 5427//5427
f 5315//5315 5430//5430 5313//5313
f 5313//5313 5430//5430 5428//5428
f 5429//5429 5316//5316 5314//5314
f 5431//5431 5316//5316 5429//5429
f 5317//5317 5432//5432 5315//5315
f 5315//5315 5432//5432 5430//5430
f 5318//5318 5431//5431 5433//5433
f 5318//5318 5316//5316 5431//5431
f 5434//5434 5432//5432 5319//5319
f 5319//5319 5432//5432 5317//5317
f 5433//5433 5320//5320 5318//5318
f 5435//5435 5320//5320 5433//5433
f 5321//5321 5434//5434 5319//5319
f 5321//5321 5436//5436 5434//5434
f 5435//5435 5322//5322 5320//5320
f 5437//5437 5322//5322 5435//5435
f 5436//5436 5323//5323 5438//5438
f 5436//5436 5321//5321 5323//5323
f 5437//5437 5324//5324 5322//5322
f 5439//5439 5324//5324 5437//5437
f 5325//5325 5440//5440 5323//5323
f 5323//5323 5440//5440 5438//5438
f 5439//5439 5326//5326 5324//5324
f 5441//5441 5326//5326 5439//5439
f 5327//5327 5442//5442 5325//5325
f 5325//5325 5442//5442 5440//5440
f 5441//5441 5328//5328 5326//5326
f 5443//5443 5328//5328 5441//5441
f 5444//5444 5442//5442 5329//5329
f 5329//5329 5442//5442 5327//5327
f 5330//5330 5443//5443 5445//5445
f 5330//5330 5328//5328 5443//5443
f 5331//5331 5444//5444 5329//5329
f 5331//5331 5446//5446 5444//5444
f 5445//5445 5332//5332 5330//5330
f 5447//5447 5332//5332 5445//5445
f 5446//5446 5333//5333 5448//5448
f 5446//5446 5331//5331 5333//5333
f 5447//5447 5334//5334 5332//5332
f 5449//5449 5334//5334 5447//5447
f 5335//5335 5450//5450 5333//5333
f 5333//5333 5450//5450 5448//5448
f 5449//5449 5336//5336 5334//5334
f 5451//5451 5336//5336 5449//5449
f 5337//5337 5452//5452 5335//5335
f 5335//5335 5452//5452 5450//5450
f 5451//5451 5453//5453 5336//5336
f 5336//5336 5453//5453 5338//5338
f 5339//5339 5454//5454 5337//5337
f 5337//5337 5454//5454 5452//5452
f 5453//5453 5340//5340 5338//5338
f 5455//5455 5340//5340 5453//5453
f 5456//5456 5454//5454 5341//5341
f 5341//5341 5454//5454 5339//5339
f 5455//5455 5342//5342 5340//5340
f 5457//5457 5342//5342 5455//5455
f 5343//5343 5456//5456 5341//5341
f 5343//5343 5458//5458 5456//5456
f 5457//5457 5344//5344 5342//5342
f 5459//5459 5344//5344 5457//5457
f 5345//5345 5458//5458 5343//5343
f 5345//5345 5460//5460 5458//5458
f 5459//5459 5461//5461 5344//5344
f 5344//5344 5461//5461 5346//5346
f 5460//5460 5347//5347 5462//5462
f 5460//5460 5345//5345 5347//5347
f 5461//5461 5348//5348 5346//5346
f 5463//5463 5348//5348 5461//5461
f 5349//5349 5464//5464 5347//5347
f 5347//5347 5464//5464 5462//5462
f 5348//5348 5465//5465 5350//5350
f 5348//5348 5463//5463 5465//5465
f 5466//5466 5464//5464 5351//5351
f 5351//5351 5464//5464 5349//5349
f 5465//5465 5467//5467 5350//5350
f 5352//5352 5350//5350 5467//5467
f 5353//5353 5466//5466 5351//5351
f 5353//5353 5468//5468 5466//5466
f 5467//5467 5354//5354 5352//5352
f 5469//5469 5354//5354 5467//5467
f 5353//5353 5355//5355 5468//5468
f 5468//5468 5355//5355 5470//5470
f 5469//5469 5471//5471 5354//5354
f 5354//5354 5471//5471 5356//5356
f 5357//5357 5470//5470 5355//5355
f 5357//5357 5472//5472 5470//5470
f 5471//5471 5358//5358 5356//5356
f 5473//5473 5358//5358 5471//5471
f 5357//5357 5359//5359 5472//5472
f 5472//5472 5359//5359 5474//5474
f 5473//5473 5475//5475 5358//5358
f 5358//5358 5475//5475 5360//5360
f 5474//5474 5361//5361 5476//5476
f 5474//5474 5359//5359 5361//5361
f 5360//5360 5477//5477 5362//5362
f 5360//5360 5475//5475 5477//5477
f 5478//5478 5476//5476 5363//5363
f 5363//5363 5476//5476 5361//5361
f 5477//5477 5479//5479 5362//5362
f 5364//5364 5362//5362 5479//5479
f 5363//5363 5365//5365 5478//5478
f 5478//5478 5365//5365 5480//5480
f 5364//5364 5481//5481 5366//5366
f 5364//5364 5479//5479 5481//5481
f 5365//5365 5367//5367 5480//5480
f 5480//5480 5367//5367 5482//5482
f 5481//5481 5483//5483 5366//5366
f 5366//5366 5483//5483 5368//5368
f 5367//5367 5369//5369 5482//5482
f 5482//5482 5369//5369 5484//5484
f 5483//5483 5485//5485 5368//5368
f 5485//5485 5370//5370 5368//5368
f 5485//5485 5486//5486 5370//5370
f 5370//5370 5487//5487 5371//5371
f 5486//5486 5487//5487 5370//5370
f 5371//5371 5488//5488 5372//5372
f 5487//5487 5488//5488 5371//5371
f 5369//5369 5372//5372 5484//5484
f 5484//5484 5372//5372 5488//5488
f 5489//5489 5373//5373 5374//5374
f 5374//5374 5490//5490 5489//5489
f 5374//5374 5375//5375 5490//5490
f 5490//5490 5376//5376 5491//5491
f 5490//5490 5375//5375 5376//5376
f 5377//5377 5491//5491 5376//5376
f 5493//5493 5492//5492 5373//5373
f 5373//5373 5492//5492 5378//5378
f 5493//5493 5373//5373 5489//5489
f 5494//5494 5491//5491 5377//5377
f 5494//5494 5379//5379 5495//5495
f 5494//5494 5377//5377 5379//5379
f 5380//5380 5495//5495 5379//5379
f 5492//5492 5496//5496 5378//5378
f 5378//5378 5496//5496 5381//5381
f 5497//5497 5495//5495 5380//5380
f 5382//5382 5497//5497 5380//5380
f 5496//5496 5498//5498 5381//5381
f 5381//5381 5498//5498 5383//5383
f 5499//5499 5497//5497 5382//5382
f 5384//5384 5499//5499 5382//5382
f 5498//5498 5500//5500 5383//5383
f 5383//5383 5500//5500 5385//5385
f 5384//5384 5501//5501 5499//5499
f 5384//5384 5386//5386 5501//5501
f 5502//5502 5387//5387 5385//5385
f 5500//5500 5502//5502 5385//5385
f 5501//5501 5386//5386 5503//5503
f 5388//5388 5503//5503 5386//5386
f 5504//5504 5387//5387 5502//5502
f 5504//5504 5389//5389 5387//5387
f 5388//5388 5505//5505 5503//5503
f 5388//5388 5390//5390 5505//5505
f 5504//5504 5506//5506 5389//5389
f 5389//5389 5506//5506 5391//5391
f 5505//5505 5390//5390 5507//5507
f 5392//5392 5507//5507 5390//5390
f 5506//5506 5393//5393 5391//5391
f 5508//5508 5393//5393 5506//5506
f 5392//5392 5509//5509 5507//5507
f 5392//5392 5394//5394 5509//5509
f 5508//5508 5510//5510 5393//5393
f 5393//5393 5510//5510 5395//5395
f 5509//5509 5394//5394 5511//5511
f 5396//5396 5511//5511 5394//5394
f 5510//5510 5397//5397 5395//5395
f 5512//5512 5397//5397 5510//5510
f 5398//5398 5513//5513 5396//5396
f 5396//5396 5513//5513 5511//5511
f 5512//5512 5514//5514 5397//5397
f 5397//5397 5514//5514 5399//5399
f 5400//5400 5515//5515 5398//5398
f 5398//5398 5515//5515 5513//5513
f 5514//5514 5401//5401 5399//5399
f 5516//5516 5401//5401 5514//5514
f 5402//5402 5517//5517 5400//5400
f 5400//5400 5517//5517 5515//5515
f 5516//5516 5518//5518 5401//5401
f 5401//5401 5518//5518 5403//5403
f 5402//5402 5519//5519 5517//5517
f 5402//5402 5404//5404 5519//5519
f 5518//5518 5405//5405 5403//5403
f 5520//5520 5405//5405 5518//5518
f 5406//5406 5519//5519 5404//5404
f 5406//5406 5521//5521 5519//5519
f 5522//5522 5407//5407 5405//5405
f 5520//5520 5522//5522 5405//5405
f 5408//5408 5521//5521 5406//5406
f 5408//5408 5523//5523 5521//5521
f 5524//5524 5407//5407 5522//5522
f 5524//5524 5409//5409 5407//5407
f 5523//5523 5408//5408 5525//5525
f 5410//5410 5525//5525 5408//5408
f 5524//5524 5411//5411 5409//5409
f 5526//5526 5411//5411 5524//5524
f 5412//5412 5527//5527 5410//5410
f 5410//5410 5527//5527 5525//5525
f 5526//5526 5413//5413 5411//5411
f 5528//5528 5413//5413 5526//5526
f 5414//5414 5529//5529 5412//5412
f 5412//5412 5529//5529 5527//5527
f 5530//5530 5415//5415 5413//5413
f 5528//5528 5530//5530 5413//5413
f 5416//5416 5531//5531 5414//5414
f 5414//5414 5531//5531 5529//5529
f 5532//5532 5415//5415 5530//5530
f 5532//5532 5417//5417 5415//5415
f 5416//5416 5533//5533 5531//5531
f 5416//5416 5418//5418 5533//5533
f 5532//5532 5419//5419 5417//5417
f 5534//5534 5419//5419 5532//5532
f 5420//5420 5533//5533 5418//5418
f 5420//5420 5535//5535 5533//5533
f 5534//5534 5421//5421 5419//5419
f 5536//5536 5421//5421 5534//5534
f 5422//5422 5535//5535 5420//5420
f 5422//5422 5537//5537 5535//5535
f 5536//5536 5423//5423 5421//5421
f 5538//5538 5423//5423 5536//5536
f 5424//5424 5537//5537 5422//5422
f 5424//5424 5539//5539 5537//5537
f 5538//5538 5425//5425 5423//5423
f 5540//5540 5425//5425 5538//5538
f 5426//5426 5539//5539 5424//5424
f 5426//5426 5541//5541 5539//5539
f 5540//5540 5427//5427 5425//5425
f 5542//5542 5427//5427 5540//5540
f 5428//5428 5541//5541 5426//5426
f 5428//5428 5543//5543 5541//5541
f 5542//5542 5429//5429 5427//5427
f 5544//5544 5429//5429 5542//5542
f 5543//5543 5430//5430 5545//5545
f 5543//5543 5428//5428 5430//5430
f 5431//5431 5544//5544 5546//5546
f 5431//5431 5429//5429 5544//5544
f 5432//5432 5547//5547 5430//5430
f 5430//5430 5547//5547 5545//5545
f 5546//5546 5433//5433 5431//5431
f 5548//5548 5433//5433 5546//5546
f 5434//5434 5549//5549 5432//5432
f 5432//5432 5549//5549 5547//5547
f 5548//5548 5435//5435 5433//5433
f 5550//5550 5435//5435 5548//5548
f 5436//5436 5551//5551 5434//5434
f 5434//5434 5551//5551 5549//5549
f 5550//5550 5437//5437 5435//5435
f 5552//5552 5437//5437 5550//5550
f 5553//5553 5551//5551 5438//5438
f 5438//5438 5551//5551 5436//5436
f 5552//5552 5439//5439 5437//5437
f 5554//5554 5439//5439 5552//5552
f 5553//5553 5440//5440 5555//5555
f 5553//5553 5438//5438 5440//5440
f 5554//5554 5441//5441 5439//5439
f 5556//5556 5441//5441 5554//5554
f 5442//5442 5557//5557 5440//5440
f 5440//5440 5557//5557 5555//5555
f 5443//5443 5556//5556 5558//5558
f 5443//5443 5441//5441 5556//5556
f 5444//5444 5559//5559 5442//5442
f 5442//5442 5559//5559 5557//5557
f 5558//5558 5445//5445 5443//5443
f 5560//5560 5445//5445 5558//5558
f 5446//5446 5561//5561 5444//5444
f 5444//5444 5561//5561 5559//5559
f 5560//5560 5447//5447 5445//5445
f 5562//5562 5447//5447 5560//5560
f 5563//5563 5561//5561 5448//5448
f 5448//5448 5561//5561 5446//5446
f 5562//5562 5449//5449 5447//5447
f 5564//5564 5449//5449 5562//5562
f 5450//5450 5563//5563 5448//5448
f 5450//5450 5565//5565 5563//5563
f 5564//5564 5451//5451 5449//5449
f 5566//5566 5451//5451 5564//5564
f 5452//5452 5565//5565 5450//5450
f 5452//5452 5567//5567 5565//5565
f 5566//5566 5568//5568 5451//5451
f 5451//5451 5568//5568 5453//5453
f 5567//5567 5454//5454 5569//5569
f 5567//5567 5452//5452 5454//5454
f 5568//5568 5455//5455 5453//5453
f 5570//5570 5455//5455 5568//5568
f 5456//5456 5571//5571 5454//5454
f 5454//5454 5571//5571 5569//5569
f 5570//5570 5457//5457 5455//5455
f 5572//5572 5457//5457 5570//5570
f 5458//5458 5573//5573 5456//5456
f 5456//5456 5573//5573 5571//5571
f 5572//5572 5459//5459 5457//5457
f 5574//5574 5459//5459 5572//5572
f 5460//5460 5575//5575 5458//5458
f 5458//5458 5575//5575 5573//5573
f 5574//5574 5576//5576 5459//5459
f 5459//5459 5576//5576 5461//5461
f 5577//5577 5575//5575 5462//5462
f 5462//5462 5575//5575 5460//5460
f 5576//5576 5463//5463 5461//5461
f 5578//5578 5463//5463 5576//5576
f 5464//5464 5577//5577 5462//5462
f 5464//5464 5579//5579 5577//5577
f 5578//5578 5465//5465 5463//5463
f 5580//5580 5465//5465 5578//5578
f 5466//5466 5579//5579 5464//5464
f 5466//5466 5581//5581 5579//5579
f 5580//5580 5582//5582 5465//5465
f 5465//5465 5582//5582 5467//5467
f 5581//5581 5468//5468 5583//5583
f 5581//5581 5466//5466 5468//5468
f 5582//5582 5469//5469 5467//5467
f 5584//5584 5469//5469 5582//5582
f 5585//5585 5583//5583 5470//5470
f 5470//5470 5583//5583 5468//5468
f 5584//5584 5586//5586 5469//5469
f 5469//5469 5586//5586 5471//5471
f 5585//5585 5472//5472 5587//5587
f 5585//5585 5470//5470 5472//5472
f 5586//5586 5473//5473 5471//5471
f 5588//5588 5473//5473 5586//5586
f 5589//5589 5587//5587 5474//5474
f 5474//5474 5587//5587 5472//5472
f 5588//5588 5590//5590 5473//5473
f 5473//5473 5590//5590 5475//5475
f 5474//5474 5476//5476 5589//5589
f 5589//5589 5476//5476 5591//5591
f 5590//5590 5477//5477 5475//5475
f 5592//5592 5477//5477 5590//5590
f 5591//5591 5478//5478 5593//5593
f 5591//5591 5476//5476 5478//5478
f 5592//5592 5594//5594 5477//5477
f 5477//5477 5594//5594 5479//5479
f 5480//5480 5595//5595 5593//5593
f 5480//5480 5593//5593 5478//5478
f 5594//5594 5481//5481 5479//5479
f 5596//5596 5481//5481 5594//5594
f 5482//5482 5597//5597 5595//5595
f 5482//5482 5595//5595 5480//5480
f 5596//5596 5598//5598 5481//5481
f 5481//5481 5598//5598 5483//5483
f 5484//5484 5599//5599 5597//5597
f 5484//5484 5597//5597 5482//5482
f 5598//5598 5600//5600 5483//5483
f 5483//5483 5600//5600 5485//5485
f 5485//5485 5601//5601 5486//5486
f 5600//5600 5601//5601 5485//5485
f 5486//5486 5602//5602 5487//5487
f 5601//5601 5602//5602 5486//5486
f 5488//5488 5602//5602 5599//5599
f 5488//5488 5487//5487 5602//5602
f 5488//5488 5599//5599 5484//5484
f 5603//5603 5489//5489 5490//5490
f 5491//5491 5603//5603 5490//5490
f 5604//5604 5492//5492 5493//5493
f 5493//5493 5605//5605 5604//5604
f 5493//5493 5489//5489 5605//5605
f 5605//5605 5489//5489 5603//5603
f 5606//5606 5603//5603 5491//5491
f 5606//5606 5494//5494 5607//5607
f 5606//5606 5491//5491 5494//5494
f 5495//5495 5607//5607 5494//5494
f 5609//5609 5608//5608 5492//5492
f 5492//5492 5608//5608 5496//5496
f 5609//5609 5492//5492 5604//5604
f 5610//5610 5607//5607 5495//5495
f 5497//5497 5610//5610 5495//5495
f 5608//5608 5611//5611 5496//5496
f 5496//5496 5611//5611 5498//5498
f 5612//5612 5610//5610 5497//5497
f 5499//5499 5612//5612 5497//5497
f 5613//5613 5500//5500 5498//5498
f 5611//5611 5613//5613 5498//5498
f 5614//5614 5612//5612 5499//5499
f 5501//5501 5614//5614 5499//5499
f 5615//5615 5500//5500 5613//5613
f 5615//5615 5502//5502 5500//5500
f 5501//5501 5616//5616 5614//5614
f 5501//5501 5503//5503 5616//5616
f 5615//5615 5617//5617 5502//5502
f 5502//5502 5617//5617 5504//5504
f 5616//5616 5503//5503 5618//5618
f 5505//5505 5618//5618 5503//5503
f 5619//5619 5506//5506 5504//5504
f 5617//5617 5619//5619 5504//5504
f 5505//5505 5620//5620 5618//5618
f 5505//5505 5507//5507 5620//5620
f 5621//5621 5506//5506 5619//5619
f 5621//5621 5508//5508 5506//5506
f 5620//5620 5507//5507 5622//5622
f 5509//5509 5622//5622 5507//5507
f 5623//5623 5510//5510 5508//5508
f 5621//5621 5623//5623 5508//5508
f 5511//5511 5624//5624 5509//5509
f 5509//5509 5624//5624 5622//5622
f 5625//5625 5510//5510 5623//5623
f 5625//5625 5512//5512 5510//5510
f 5513//5513 5626//5626 5511//5511
f 5511//5511 5626//5626 5624//5624
f 5627//5627 5514//5514 5512//5512
f 5625//5625 5627//5627 5512//5512
f 5513//5513 5628//5628 5626//5626
f 5513//5513 5515//5515 5628//5628
f 5629//5629 5514//5514 5627//5627
f 5629//5629 5516//5516 5514//5514
f 5517//5517 5628//5628 5515//5515
f 5517//5517 5630//5630 5628//5628
f 5631//5631 5518//5518 5516//5516
f 5629//5629 5631//5631 5516//5516
f 5630//5630 5517//5517 5632//5632
f 5519//5519 5632//5632 5517//5517
f 5633//5633 5518//5518 5631//5631
f 5633//5633 5520//5520 5518//5518
f 5521//5521 5634//5634 5519//5519
f 5519//5519 5634//5634 5632//5632
f 5633//5633 5522//5522 5520//5520
f 5635//5635 5522//5522 5633//5633
f 5523//5523 5636//5636 5521//5521
f 5521//5521 5636//5636 5634//5634
f 5637//5637 5524//5524 5522//5522
f 5635//5635 5637//5637 5522//5522
f 5525//5525 5638//5638 5523//5523
f 5523//5523 5638//5638 5636//5636
f 5639//5639 5524//5524 5637//5637
f 5639//5639 5526//5526 5524//5524
f 5527//5527 5640//5640 5525//5525
f 5525//5525 5640//5640 5638//5638
f 5639//5639 5528//5528 5526//5526
f 5641//5641 5528//5528 5639//5639
f 5529//5529 5642//5642 5527//5527
f 5527//5527 5642//5642 5640//5640
f 5641//5641 5530//5530 5528//5528
f 5643//5643 5530//5530 5641//5641
f 5529//5529 5644//5644 5642//5642
f 5529//5529 5531//5531 5644//5644
f 5645//5645 5532//5532 5530//5530
f 5643//5643 5645//5645 5530//5530
f 5644//5644 5531//5531 5646//5646
f 5533//5533 5646//5646 5531//5531
f 5647//5647 5534//5534 5645//5645
f 5645//5645 5534//5534 5532//5532
f 5535//5535 5648//5648 5533//5533
f 5533//5533 5648//5648 5646//5646
f 5649//5649 5536//5536 5647//5647
f 5647//5647 5536//5536 5534//5534
f 5537//5537 5650//5650 5535//5535
f 5535//5535 5650//5650 5648//5648
f 5651//5651 5536//5536 5649//5649
f 5651//5651 5538//5538 5536//5536
f 5539//5539 5652//5652 5537//5537
f 5537//5537 5652//5652 5650//5650
f 5651//5651 5540//5540 5538//5538
f 5653//5653 5540//5540 5651//5651
f 5541//5541 5654//5654 5539//5539
f 5539//5539 5654//5654 5652//5652
f 5542//5542 5653//5653 5655//5655
f 5542//5542 5540//5540 5653//5653
f 5543//5543 5656//5656 5541//5541
f 5541//5541 5656//5656 5654//5654
f 5657//5657 5544//5544 5655//5655
f 5655//5655 5544//5544 5542//5542
f 5658//5658 5656//5656 5545//5545
f 5545//5545 5656//5656 5543//5543
f 5657//5657 5546//5546 5544//5544
f 5659//5659 5546//5546 5657//5657
f 5658//5658 5547//5547 5660//5660
f 5658//5658 5545//5545 5547//5547
f 5659//5659 5548//5548 5546//5546
f 5661//5661 5548//5548 5659//5659
f 5549//5549 5662//5662 5547//5547
f 5547//5547 5662//5662 5660//5660
f 5661//5661 5550//5550 5548//5548
f 5663//5663 5550//5550 5661//5661
f 5551//5551 5664//5664 5549//5549
f 5549//5549 5664//5664 5662//5662
f 5552//5552 5663//5663 5665//5665
f 5552//5552 5550//5550 5663//5663
f 5553//5553 5666//5666 5551//5551
f 5551//5551 5666//5666 5664//5664
f 5667//5667 5554//5554 5665//5665
f 5665//5665 5554//5554 5552//5552
f 5668//5668 5666//5666 5555//5555
f 5555//5555 5666//5666 5553//5553
f 5669//5669 5556//5556 5667//5667
f 5667//5667 5556//5556 5554//5554
f 5668//5668 5557//5557 5670//5670
f 5668//5668 5555//5555 5557//5557
f 5669//5669 5558//5558 5556//5556
f 5671//5671 5558//5558 5669//5669
f 5559//5559 5672//5672 5557//5557
f 5557//5557 5672//5672 5670//5670
f 5671//5671 5560//5560 5558//5558
f 5673//5673 5560//5560 5671//5671
f 5561//5561 5674//5674 5559//5559
f 5559//5559 5674//5674 5672//5672
f 5673//5673 5562//5562 5560//5560
f 5675//5675 5562//5562 5673//5673
f 5563//5563 5676//5676 5561//5561
f 5561//5561 5676//5676 5674//5674
f 5675//5675 5564//5564 5562//5562
f 5677//5677 5564//5564 5675//5675
f 5565//5565 5678//5678 5563//5563
f 5563//5563 5678//5678 5676//5676
f 5566//5566 5677//5677 5679//5679
f 5566//5566 5564//5564 5677//5677
f 5567//5567 5680//5680 5565//5565
f 5565//5565 5680//5680 5678//5678
f 5679//5679 5568//5568 5566//5566
f 5681//5681 5568//5568 5679//5679
f 5682//5682 5680//5680 5569//5569
f 5569//5569 5680//5680 5567//5567
f 5681//5681 5570//5570 5568//5568
f 5683//5683 5570//5570 5681//5681
f 5571//5571 5682//5682 5569//5569
f 5571//5571 5684//5684 5682//5682
f 5683//5683 5572//5572 5570//5570
f 5685//5685 5572//5572 5683//5683
f 5573//5573 5684//5684 5571//5571
f 5573//5573 5686//5686 5684//5684
f 5685//5685 5574//5574 5572//5572
f 5687//5687 5574//5574 5685//5685
f 5575//5575 5686//5686 5573//5573
f 5575//5575 5688//5688 5686//5686
f 5687//5687 5689//5689 5574//5574
f 5574//5574 5689//5689 5576//5576
f 5577//5577 5688//5688 5575//5575
f 5577//5577 5690//5690 5688//5688
f 5689//5689 5578//5578 5576//5576
f 5691//5691 5578//5578 5689//5689
f 5690//5690 5579//5579 5692//5692
f 5690//5690 5577//5577 5579//5579
f 5691//5691 5580//5580 5578//5578
f 5693//5693 5580//5580 5691//5691
f 5581//5581 5694//5694 5579//5579
f 5579//5579 5694//5694 5692//5692
f 5693//5693 5695//5695 5580//5580
f 5580//5580 5695//5695 5582//5582
f 5696//5696 5694//5694 5583//5583
f 5583//5583 5694//5694 5581//5581
f 5695//5695 5584//5584 5582//5582
f 5697//5697 5584//5584 5695//5695
f 5696//5696 5585//5585 5698//5698
f 5696//5696 5583//5583 5585//5585
f 5697//5697 5699//5699 5584//5584
f 5584//5584 5699//5699 5586//5586
f 5700//5700 5698//5698 5587//5587
f 5587//5587 5698//5698 5585//5585
f 5699//5699 5588//5588 5586//5586
f 5701//5701 5588//5588 5699//5699
f 5700//5700 5589//5589 5702//5702
f 5700//5700 5587//5587 5589//5589
f 5701//5701 5703//5703 5588//5588
f 5588//5588 5703//5703 5590//5590
f 5591//5591 5704//5704 5702//5702
f 5591//5591 5702//5702 5589//5589
f 5703//5703 5592//5592 5590//5590
f 5705//5705 5592//5592 5703//5703
f 5593//5593 5706//5706 5704//5704
f 5593//5593 5704//5704 5591//5591
f 5705//5705 5707//5707 5592//5592
f 5592//5592 5707//5707 5594//5594
f 5708//5708 5706//5706 5595//5595
f 5595//5595 5706//5706 5593//5593
f 5596//5596 5707//5707 5709//5709
f 5596//5596 5594//5594 5707//5707
f 5595//5595 5597//5597 5708//5708
f 5708//5708 5597//5597 5710//5710
f 5709//5709 5598//5598 5596//5596
f 5709//5709 5711//5711 5598//5598
f 5713//5713 5599//5599 5712//5712
f 5597//5597 5599//5599 5710//5710
f 5710//5710 5599//5599 5713//5713
f 5711//5711 5600//5600 5598//5598
f 5714//5714 5600//5600 5711//5711
f 5714//5714 5601//5601 5600//5600
f 5602//5602 5714//5714 5712//5712
f 5602//5602 5601//5601 5714//5714
f 5602//5602 5712//5712 5599//5599
f 5715//5715 5604//5604 5605//5605
f 5603//5603 5716//5716 5605//5605
f 5605//5605 5716//5716 5715//5715
f 5606//5606 5717//5717 5603//5603
f 5603//5603 5717//5717 5716//5716
f 5607//5607 5717//5717 5606//5606
f 5718//5718 5608//5608 5609//5609
f 5604//5604 5719//5719 5609//5609
f 5609//5609 5719//5719 5718//5718
f 5715//5715 5719//5719 5604//5604
f 5720//5720 5717//5717 5607//5607
f 5610//5610 5720//5720 5607//5607
f 5721//5721 5611//5611 5608//5608
f 5718//5718 5721//5721 5608//5608
f 5722//5722 5720//5720 5610//5610
f 5612//5612 5722//5722 5610//5610
f 5723//5723 5611//5611 5721//5721
f 5723//5723 5613//5613 5611//5611
f 5724//5724 5722//5722 5612//5612
f 5614//5614 5724//5724 5612//5612
f 5725//5725 5615//5615 5613//5613
f 5723//5723 5725//5725 5613//5613
f 5726//5726 5724//5724 5614//5614
f 5616//5616 5726//5726 5614//5614
f 5727//5727 5617//5617 5615//5615
f 5725//5725 5727//5727 5615//5615
f 5616//5616 5728//5728 5726//5726
f 5616//5616 5618//5618 5728//5728
f 5729//5729 5617//5617 5727//5727
f 5729//5729 5619//5619 5617//5617
f 5728//5728 5618//5618 5730//5730
f 5620//5620 5730//5730 5618//5618
f 5731//5731 5621//5621 5619//5619
f 5729//5729 5731//5731 5619//5619
f 5622//5622 5732//5732 5620//5620
f 5620//5620 5732//5732 5730//5730
f 5733//5733 5621//5621 5731//5731
f 5733//5733 5623//5623 5621//5621
f 5622//5622 5734//5734 5732//5732
f 5622//5622 5624//5624 5734//5734
f 5733//5733 5735//5735 5623//5623
f 5623//5623 5735//5735 5625//5625
f 5626//5626 5734//5734 5624//5624
f 5626//5626 5736//5736 5734//5734
f 5735//5735 5627//5627 5625//5625
f 5737//5737 5627//5627 5735//5735
f 5736//5736 5626//5626 5738//5738
f 5628//5628 5738//5738 5626//5626
f 5737//5737 5739//5739 5627//5627
f 5627//5627 5739//5739 5629//5629
f 5630//5630 5740//5740 5628//5628
f 5628//5628 5740//5740 5738//5738
f 5739//5739 5631//5631 5629//5629
f 5741//5741 5631//5631 5739//5739
f 5632//5632 5742//5742 5630//5630
f 5630//5630 5742//5742 5740//5740
f 5743//5743 5633//5633 5631//5631
f 5741//5741 5743//5743 5631//5631
f 5634//5634 5744//5744 5632//5632
f 5632//5632 5744//5744 5742//5742
f 5745//5745 5633//5633 5743//5743
f 5745//5745 5635//5635 5633//5633
f 5636//5636 5746//5746 5634//5634
f 5634//5634 5746//5746 5744//5744
f 5745//5745 5637//5637 5635//5635
f 5747//5747 5637//5637 5745//5745
f 5638//5638 5748//5748 5636//5636
f 5636//5636 5748//5748 5746//5746
f 5749//5749 5639//5639 5637//5637
f 5747//5747 5749//5749 5637//5637
f 5638//5638 5750//5750 5748//5748
f 5638//5638 5640//5640 5750//5750
f 5751//5751 5639//5639 5749//5749
f 5751//5751 5641//5641 5639//5639
f 5642//5642 5750//5750 5640//5640
f 5642//5642 5752//5752 5750//5750
f 5751//5751 5643//5643 5641//5641
f 5753//5753 5643//5643 5751//5751
f 5752//5752 5642//5642 5754//5754
f 5644//5644 5754//5754 5642//5642
f 5753//5753 5645//5645 5643//5643
f 5755//5755 5645//5645 5753//5753
f 5646//5646 5756//5756 5644//5644
f 5644//5644 5756//5756 5754//5754
f 5755//5755 5647//5647 5645//5645
f 5757//5757 5647//5647 5755//5755
f 5648//5648 5758//5758 5646//5646
f 5646//5646 5758//5758 5756//5756
f 5757//5757 5649//5649 5647//5647
f 5759//5759 5649//5649 5757//5757
f 5650//5650 5760//5760 5648//5648
f 5648//5648 5760//5760 5758//5758
f 5761//5761 5651//5651 5649//5649
f 5759//5759 5761//5761 5649//5649
f 5652//5652 5762//5762 5650//5650
f 5650//5650 5762//5762 5760//5760
f 5763//5763 5653//5653 5761//5761
f 5761//5761 5653//5653 5651//5651
f 5654//5654 5764//5764 5652//5652
f 5652//5652 5764//5764 5762//5762
f 5763//5763 5655//5655 5653//5653
f 5765//5765 5655//5655 5763//5763
f 5656//5656 5766//5766 5654//5654
f 5654//5654 5766//5766 5764//5764
f 5765//5765 5657//5657 5655//5655
f 5767//5767 5657//5657 5765//5765
f 5658//5658 5768//5768 5656//5656
f 5656//5656 5768//5768 5766//5766
f 5767//5767 5659//5659 5657//5657
f 5769//5769 5659//5659 5767//5767
f 5770//5770 5768//5768 5660//5660
f 5660//5660 5768//5768 5658//5658
f 5661//5661 5769//5769 5771//5771
f 5661//5661 5659//5659 5769//5769
f 5770//5770 5662//5662 5772//5772
f 5770//5770 5660//5660 5662//5662
f 5773//5773 5663//5663 5771//5771
f 5771//5771 5663//5663 5661//5661
f 5664//5664 5774//5774 5662//5662
f 5662//5662 5774//5774 5772//5772
f 5773//5773 5665//5665 5663//5663
f 5775//5775 5665//5665 5773//5773
f 5666//5666 5776//5776 5664//5664
f 5664//5664 5776//5776 5774//5774
f 5775//5775 5667//5667 5665//5665
f 5777//5777 5667//5667 5775//5775
f 5668//5668 5778//5778 5666//5666
f 5666//5666 5778//5778 5776//5776
f 5777//5777 5669//5669 5667//5667
f 5779//5779 5669//5669 5777//5777
f 5780//5780 5778//5778 5670//5670
f 5670//5670 5778//5778 5668//5668
f 5779//5779 5671//5671 5669//5669
f 5781//5781 5671//5671 5779//5779
f 5780//5780 5672//5672 5782//5782
f 5780//5780 5670//5670 5672//5672
f 5673//5673 5781//5781 5783//5783
f 5673//5673 5671//5671 5781//5781
f 5674//5674 5784//5784 5672//5672
f 5672//5672 5784//5784 5782//5782
f 5785//5785 5675//5675 5783//5783
f 5783//5783 5675//5675 5673//5673
f 5676//5676 5786//5786 5674//5674
f 5674//5674 5786//5786 5784//5784
f 5787//5787 5677//5677 5785//5785
f 5785//5785 5677//5677 5675//5675
f 5678//5678 5788//5788 5676//5676
f 5676//5676 5788//5788 5786//5786
f 5787//5787 5679//5679 5677//5677
f 5789//5789 5679//5679 5787//5787
f 5680//5680 5790//5790 5678//5678
f 5678//5678 5790//5790 5788//5788
f 5789//5789 5681//5681 5679//5679
f 5791//5791 5681//5681 5789//5789
f 5682//5682 5792//5792 5680//5680
f 5680//5680 5792//5792 5790//5790
f 5791//5791 5683//5683 5681//5681
f 5793//5793 5683//5683 5791//5791
f 5684//5684 5794//5794 5682//5682
f 5682//5682 5794//5794 5792//5792
f 5793//5793 5685//5685 5683//5683
f 5795//5795 5685//5685 5793//5793
f 5686//5686 5796//5796 5684//5684
f 5684//5684 5796//5796 5794//5794
f 5687//5687 5795//5795 5797//5797
f 5687//5687 5685//5685 5795//5795
f 5688//5688 5798//5798 5686//5686
f 5686//5686 5798//5798 5796//5796
f 5797//5797 5689//5689 5687//5687
f 5799//5799 5689//5689 5797//5797
f 5690//5690 5800//5800 5688//5688
f 5688//5688 5800//5800 5798//5798
f 5799//5799 5691//5691 5689//5689
f 5801//5801 5691//5691 5799//5799
f 5802//5802 5800//5800 5692//5692
f 5692//5692 5800//5800 5690//5690
f 5693//5693 5801//5801 5803//5803
f 5693//5693 5691//5691 5801//5801
f 5694//5694 5802//5802 5692//5692
f 5694//5694 5804//5804 5802//5802
f 5803//5803 5695//5695 5693//5693
f 5805//5805 5695//5695 5803//5803
f 5804//5804 5696//5696 5806//5806
f 5804//5804 5694//5694 5696//5696
f 5805//5805 5697//5697 5695//5695
f 5807//5807 5697//5697 5805//5805
f 5808//5808 5806//5806 5698//5698
f 5698//5698 5806//5806 5696//5696
f 5807//5807 5809//5809 5697//5697
f 5697//5697 5809//5809 5699//5699
f 5808//5808 5700//5700 5810//5810
f 5808//5808 5698//5698 5700//5700
f 5809//5809 5701//5701 5699//5699
f 5811//5811 5701//5701 5809//5809
f 5702//5702 5812//5812 5810//5810
f 5702//5702 5810//5810 5700//5700
f 5811//5811 5813//5813 5701//5701
f 5701//5701 5813//5813 5703//5703
f 5704//5704 5814//5814 5812//5812
f 5704//5704 5812//5812 5702//5702
f 5705//5705 5813//5813 5815//5815
f 5705//5705 5703//5703 5813//5813
f 5706//5706 5816//5816 5814//5814
f 5706//5706 5814//5814 5704//5704
f 5815//5815 5707//5707 5705//5705
f 5815//5815 5817//5817 5707//5707
f 5708//5708 5818//5818 5706//5706
f 5706//5706 5818//5818 5816//5816
f 5817//5817 5709//5709 5707//5707
f 5817//5817 5819//5819 5709//5709
f 5710//5710 5821//5821 5818//5818
f 5710//5710 5818//5818 5708//5708
f 5819//5819 5711//5711 5709//5709
f 5819//5819 5822//5822 5711//5711
f 5712//5712 5822//5822 5820//5820
f 5712//5712 5820//5820 5713//5713
f 5713//5713 5820//5820 5821//5821
f 5713//5713 5821//5821 5710//5710
f 5822//5822 5714//5714 5711//5711
f 5714//5714 5822//5822 5712//5712
f 5823//5823 5719//5719 5715//5715
f 5716//5716 5824//5824 5715//5715
f 5715//5715 5824//5824 5823//5823
f 5717//5717 5825//5825 5716//5716
f 5716//5716 5825//5825 5824//5824
f 5720//5720 5825//5825 5717//5717
f 5826//5826 5721//5721 5718//5718
f 5719//5719 5827//5827 5718//5718
f 5718//5718 5827//5827 5826//5826
f 5823//5823 5827//5827 5719//5719
f 5828//5828 5825//5825 5720//5720
f 5722//5722 5828//5828 5720//5720
f 5829//5829 5723//5723 5721//5721
f 5826//5826 5829//5829 5721//5721
f 5830//5830 5828//5828 5722//5722
f 5724//5724 5830//5830 5722//5722
f 5831//5831 5725//5725 5829//5829
f 5829//5829 5725//5725 5723//5723
f 5832//5832 5830//5830 5724//5724
f 5726//5726 5832//5832 5724//5724
f 5833//5833 5727//5727 5725//5725
f 5831//5831 5833//5833 5725//5725
f 5834//5834 5832//5832 5726//5726
f 5728//5728 5834//5834 5726//5726
f 5835//5835 5729//5729 5727//5727
f 5833//5833 5835//5835 5727//5727
f 5730//5730 5836//5836 5728//5728
f 5728//5728 5836//5836 5834//5834
f 5837//5837 5729//5729 5835//5835
f 5837//5837 5731//5731 5729//5729
f 5732//5732 5838//5838 5730//5730
f 5730//5730 5838//5838 5836//5836
f 5837//5837 5839//5839 5731//5731
f 5731//5731 5839//5839 5733//5733
f 5840//5840 5838//5838 5732//5732
f 5734//5734 5840//5840 5732//5732
f 5841//5841 5735//5735 5733//5733
f 5839//5839 5841//5841 5733//5733
f 5736//5736 5842//5842 5734//5734
f 5734//5734 5842//5842 5840//5840
f 5843//5843 5735//5735 5841//5841
f 5843//5843 5737//5737 5735//5735
f 5738//5738 5844//5844 5736//5736
f 5736//5736 5844//5844 5842//5842
f 5845//5845 5739//5739 5737//5737
f 5843//5843 5845//5845 5737//5737
f 5740//5740 5846//5846 5738//5738
f 5738//5738 5846//5846 5844//5844
f 5847//5847 5739//5739 5845//5845
f 5847//5847 5741//5741 5739//5739
f 5742//5742 5848//5848 5740//5740
f 5740//5740 5848//5848 5846//5846
f 5847//5847 5743//5743 5741//5741
f 5849//5849 5743//5743 5847//5847
f 5744//5744 5850//5850 5742//5742
f 5742//5742 5850//5850 5848//5848
f 5851//5851 5745//5745 5743//5743
f 5849//5849 5851//5851 5743//5743
f 5746//5746 5852//5852 5744//5744
f 5744//5744 5852//5852 5850//5850
f 5853//5853 5745//5745 5851//5851
f 5853//5853 5747//5747 5745//5745
f 5746//5746 5854//5854 5852//5852
f 5746//5746 5748//5748 5854//5854
f 5853//5853 5749//5749 5747//5747
f 5855//5855 5749//5749 5853//5853
f 5854//5854 5748//5748 5856//5856
f 5750//5750 5856//5856 5748//5748
f 5857//5857 5751//5751 5749//5749
f 5855//5855 5857//5857 5749//5749
f 5752//5752 5858//5858 5750//5750
f 5750//5750 5858//5858 5856//5856
f 5859//5859 5753//5753 5857//5857
f 5857//5857 5753//5753 5751//5751
f 5754//5754 5860//5860 5752//5752
f 5752//5752 5860//5860 5858//5858
f 5861//5861 5755//5755 5859//5859
f 5859//5859 5755//5755 5753//5753
f 5756//5756 5862//5862 5754//5754
f 5754//5754 5862//5862 5860//5860
f 5863//5863 5757//5757 5861//5861
f 5861//5861 5757//5757 5755//5755
f 5758//5758 5864//5864 5756//5756
f 5756//5756 5864//5864 5862//5862
f 5865//5865 5759//5759 5863//5863
f 5863//5863 5759//5759 5757//5757
f 5760//5760 5866//5866 5758//5758
f 5758//5758 5866//5866 5864//5864
f 5867//5867 5759//5759 5865//5865
f 5867//5867 5761//5761 5759//5759
f 5762//5762 5868//5868 5760//5760
f 5760//5760 5868//5868 5866//5866
f 5867//5867 5763//5763 5761//5761
f 5869//5869 5763//5763 5867//5867
f 5764//5764 5870//5870 5762//5762
f 5762//5762 5870//5870 5868//5868
f 5869//5869 5765//5765 5763//5763
f 5871//5871 5765//5765 5869//5869
f 5766//5766 5872//5872 5764//5764
f 5764//5764 5872//5872 5870//5870
f 5767//5767 5871//5871 5873//5873
f 5767//5767 5765//5765 5871//5871
f 5768//5768 5874//5874 5766//5766
f 5766//5766 5874//5874 5872//5872
f 5875//5875 5769//5769 5873//5873
f 5873//5873 5769//5769 5767//5767
f 5770//5770 5876//5876 5768//5768
f 5768//5768 5876//5876 5874//5874
f 5875//5875 5771//5771 5769//5769
f 5877//5877 5771//5771 5875//5875
f 5772//5772 5878//5878 5876//5876
f 5772//5772 5876//5876 5770//5770
f 5773//5773 5877//5877 5879//5879
f 5773//5773 5771//5771 5877//5877
f 5774//5774 5880//5880 5772//5772
f 5772//5772 5880//5880 5878//5878
f 5881//5881 5775//5775 5879//5879
f 5879//5879 5775//5775 5773//5773
f 5776//5776 5882//5882 5774//5774
f 5774//5774 5882//5882 5880//5880
f 5883//5883 5777//5777 5881//5881
f 5881//5881 5777//5777 5775//5775
f 5778//5778 5884//5884 5776//5776
f 5776//5776 5884//5884 5882//5882
f 5885//5885 5779//5779 5883//5883
f 5883//5883 5779//5779 5777//5777
f 5780//5780 5886//5886 5778//5778
f 5778//5778 5886//5886 5884//5884
f 5887//5887 5781//5781 5885//5885
f 5885//5885 5781//5781 5779//5779
f 5782//5782 5888//5888 5886//5886
f 5782//5782 5886//5886 5780//5780
f 5887//5887 5783//5783 5781//5781
f 5889//5889 5783//5783 5887//5887
f 5784//5784 5890//5890 5782//5782
f 5782//5782 5890//5890 5888//5888
f 5889//5889 5785//5785 5783//5783
f 5891//5891 5785//5785 5889//5889
f 5786//5786 5892//5892 5784//5784
f 5784//5784 5892//5892 5890//5890
f 5891//5891 5787//5787 5785//5785
f 5893//5893 5787//5787 5891//5891
f 5788//5788 5894//5894 5786//5786
f 5786//5786 5894//5894 5892//5892
f 5893//5893 5789//5789 5787//5787
f 5895//5895 5789//5789 5893//5893
f 5790//5790 5896//5896 5788//5788
f 5788//5788 5896//5896 5894//5894
f 5895//5895 5791//5791 5789//5789
f 5897//5897 5791//5791 5895//5895
f 5792//5792 5898//5898 5790//5790
f 5790//5790 5898//5898 5896//5896
f 5897//5897 5793//5793 5791//5791
f 5899//5899 5793//5793 5897//5897
f 5794//5794 5900//5900 5792//5792
f 5792//5792 5900//5900 5898//5898
f 5795//5795 5899//5899 5901//5901
f 5795//5795 5793//5793 5899//5899
f 5796//5796 5902//5902 5794//5794
f 5794//5794 5902//5902 5900//5900
f 5901//5901 5797//5797 5795//5795
f 5903//5903 5797//5797 5901//5901
f 5798//5798 5904//5904 5796//5796
f 5796//5796 5904//5904 5902//5902
f 5903//5903 5799//5799 5797//5797
f 5905//5905 5799//5799 5903//5903
f 5800//5800 5906//5906 5798//5798
f 5798//5798 5906//5906 5904//5904
f 5905//5905 5801//5801 5799//5799
f 5907//5907 5801//5801 5905//5905
f 5802//5802 5908//5908 5800//5800
f 5800//5800 5908//5908 5906//5906
f 5907//5907 5909//5909 5801//5801
f 5801//5801 5909//5909 5803//5803
f 5804//5804 5910//5910 5802//5802
f 5802//5802 5910//5910 5908//5908
f 5909//5909 5805//5805 5803//5803
f 5911//5911 5805//5805 5909//5909
f 5806//5806 5912//5912 5910//5910
f 5806//5806 5910//5910 5804//5804
f 5807//5807 5911//5911 5913//5913
f 5807//5807 5805//5805 5911//5911
f 5808//5808 5914//5914 5806//5806
f 5806//5806 5914//5914 5912//5912
f 5913//5913 5809//5809 5807//5807
f 5913//5913 5915//5915 5809//5809
f 5810//5810 5916//5916 5914//5914
f 5810//5810 5914//5914 5808//5808
f 5917//5917 5811//5811 5915//5915
f 5915//5915 5811//5811 5809//5809
f 5812//5812 5918//5918 5916//5916
f 5812//5812 5916//5916 5810//5810
f 5917//5917 5813//5813 5811//5811
f 5917//5917 5919//5919 5813//5813
f 5814//5814 5920//5920 5918//5918
f 5814//5814 5918//5918 5812//5812
f 5919//5919 5815//5815 5813//5813
f 5919//5919 5921//5921 5815//5815
f 5816//5816 5922//5922 5920//5920
f 5816//5816 5920//5920 5814//5814
f 5921//5921 5817//5817 5815//5815
f 5921//5921 5923//5923 5817//5817
f 5926//5926 5925//5925 5922//5922
f 5818//5818 5926//5926 5816//5816
f 5816//5816 5926//5926 5922//5922
f 5923//5923 5819//5819 5817//5817
f 5923//5923 5927//5927 5819//5819
f 5923//5923 5924//5924 5927//5927
f 5927//5927 5925//5925 5820//5820
f 5927//5927 5924//5924 5925//5925
f 5820//5820 5925//5925 5821//5821
f 5821//5821 5925//5925 5926//5926
f 5821//5821 5926//5926 5818//5818
f 5927//5927 5822//5822 5819//5819
f 5822//5822 5927//5927 5820//5820
f 5928//5928 5827//5827 5823//5823
f 5824//5824 5929//5929 5823//5823
f 5823//5823 5929//5929 5928//5928
f 5825//5825 5930//5930 5824//5824
f 5824//5824 5930//5930 5929//5929
f 5828//5828 5930//5930 5825//5825
f 5931//5931 5829//5829 5826//5826
f 5827//5827 5932//5932 5826//5826
f 5826//5826 5932//5932 5931//5931
f 5928//5928 5932//5932 5827//5827
f 5928//5928 5933//5933 5932//5932
f 5934//5934 5928//5928 5929//5929
f 5933//5933 5928//5928 5934//5934
f 5935//5935 5929//5929 5930//5930
f 5934//5934 5929//5929 5935//5935
f 5936//5936 5930//5930 5828//5828
f 5936//5936 5935//5935 5930//5930
f 5830//5830 5936//5936 5828//5828
f 5937//5937 5831//5831 5931//5931
f 5931//5931 5831//5831 5829//5829
f 5931//5931 5932//5932 5937//5937
f 5938//5938 5936//5936 5830//5830
f 5832//5832 5938//5938 5830//5830
f 5939//5939 5833//5833 5831//5831
f 5937//5937 5939//5939 5831//5831
f 5941//5941 5938//5938 5832//5832
f 5941//5941 5940//5940 5938//5938
f 5834//5834 5941//5941 5832//5832
f 5942//5942 5835//5835 5833//5833
f 5939//5939 5942//5942 5833//5833
f 5941//5941 5943//5943 5940//5940
f 5836//5836 5943//5943 5834//5834
f 5834//5834 5943//5943 5941//5941
f 5944//5944 5837//5837 5835//5835
f 5942//5942 5944//5944 5835//5835
f 5838//5838 5945//5945 5836//5836
f 5836//5836 5945//5945 5943//5943
f 5946//5946 5839//5839 5837//5837
f 5944//5944 5946//5946 5837//5837
f 5947//5947 5945//5945 5838//5838
f 5840//5840 5947//5947 5838//5838
f 5948//5948 5841//5841 5946//5946
f 5946//5946 5841//5841 5839//5839
f 5842//5842 5949//5949 5840//5840
f 5840//5840 5949//5949 5947//5947
f 5950//5950 5843//5843 5841//5841
f 5948//5948 5950//5950 5841//5841
f 5844//5844 5951//5951 5842//5842
f 5842//5842 5951//5951 5949//5949
f 5952//5952 5843//5843 5950//5950
f 5952//5952 5845//5845 5843//5843
f 5846//5846 5953//5953 5844//5844
f 5844//5844 5953//5953 5951//5951
f 5954//5954 5847//5847 5845//5845
f 5952//5952 5954//5954 5845//5845
f 5848//5848 5955//5955 5846//5846
f 5846//5846 5955//5955 5953//5953
f 5956//5956 5849//5849 5954//5954
f 5954//5954 5849//5849 5847//5847
f 5850//5850 5957//5957 5848//5848
f 5848//5848 5957//5957 5955//5955
f 5958//5958 5849//5849 5956//5956
f 5958//5958 5851//5851 5849//5849
f 5850//5850 5959//5959 5957//5957
f 5850//5850 5852//5852 5959//5959
f 5960//5960 5853//5853 5851//5851
f 5958//5958 5960//5960 5851//5851
f 5959//5959 5852//5852 5961//5961
f 5854//5854 5961//5961 5852//5852
f 5962//5962 5855//5855 5960//5960
f 5960//5960 5855//5855 5853//5853
f 5856//5856 5963//5963 5854//5854
f 5854//5854 5963//5963 5961//5961
f 5964//5964 5857//5857 5962//5962
f 5962//5962 5857//5857 5855//5855
f 5858//5858 5965//5965 5856//5856
f 5856//5856 5965//5965 5963//5963
f 5966//5966 5857//5857 5964//5964
f 5966//5966 5859//5859 5857//5857
f 5860//5860 5967//5967 5858//5858
f 5858//5858 5967//5967 5965//5965
f 5966//5966 5861//5861 5859//5859
f 5968//5968 5861//5861 5966//5966
f 5862//5862 5969//5969 5860//5860
f 5860//5860 5969//5969 5967//5967
f 5968//5968 5863//5863 5861//5861
f 5970//5970 5863//5863 5968//5968
f 5864//5864 5971//5971 5862//5862
f 5862//5862 5971//5971 5969//5969
f 5970//5970 5865//5865 5863//5863
f 5972//5972 5865//5865 5970//5970
f 5866//5866 5973//5973 5864//5864
f 5864//5864 5973//5973 5971//5971
f 5974//5974 5867//5867 5865//5865
f 5972//5972 5974//5974 5865//5865
f 5868//5868 5975//5975 5866//5866
f 5866//5866 5975//5975 5973//5973
f 5976//5976 5869//5869 5974//5974
f 5974//5974 5869//5869 5867//5867
f 5870//5870 5977//5977 5868//5868
f 5868//5868 5977//5977 5975//5975
f 5978//5978 5871//5871 5976//5976
f 5976//5976 5871//5871 5869//5869
f 5872//5872 5979//5979 5870//5870
f 5870//5870 5979//5979 5977//5977
f 5978//5978 5873//5873 5871//5871
f 5980//5980 5873//5873 5978//5978
f 5982//5982 5981//5981 5979//5979
f 5874//5874 5982//5982 5872//5872
f 5872//5872 5982//5982 5979//5979
f 5875//5875 5980//5980 5983//5983
f 5875//5875 5873//5873 5980//5980
f 5985//5985 5981//5981 5982//5982
f 5984//5984 5981//5981 5985//5985
f 5876//5876 5985//5985 5874//5874
f 5874//5874 5985//5985 5982//5982
f 5986//5986 5877//5877 5983//5983
f 5983//5983 5877//5877 5875//5875
f 5987//5987 5985//5985 5878//5878
f 5987//5987 5984//5984 5985//5985
f 5878//5878 5985//5985 5876//5876
f 5986//5986 5879//5879 5877//5877
f 5988//5988 5879//5879 5986//5986
f 5880//5880 5989//5989 5878//5878
f 5878//5878 5989//5989 5987//5987
f 5881//5881 5988//5988 5990//5990
f 5881//5881 5879//5879 5988//5988
f 5882//5882 5991//5991 5880//5880
f 5880//5880 5991//5991 5989//5989
f 5992//5992 5883//5883 5990//5990
f 5990//5990 5883//5883 5881//5881
f 5884//5884 5993//5993 5882//5882
f 5882//5882 5993//5993 5991//5991
f 5994//5994 5885//5885 5992//5992
f 5992//5992 5885//5885 5883//5883
f 5886//5886 5995//5995 5884//5884
f 5884//5884 5995//5995 5993//5993
f 5996//5996 5887//5887 5994//5994
f 5994//5994 5887//5887 5885//5885
f 5888//5888 5997//5997 5995//5995
f 5888//5888 5995//5995 5886//5886
f 5998//5998 5889//5889 5996//5996
f 5996//5996 5889//5889 5887//5887
f 5890//5890 5999//5999 5888//5888
f 5888//5888 5999//5999 5997//5997
f 6000//6000 5891//5891 5998//5998
f 5998//5998 5891//5891 5889//5889
f 5892//5892 6001//6001 5890//5890
f 5890//5890 6001//6001 5999//5999
f 6002//6002 5893//5893 6000//6000
f 6000//6000 5893//5893 5891//5891
f 5894//5894 6003//6003 5892//5892
f 5892//5892 6003//6003 6001//6001
f 6004//6004 5895//5895 6002//6002
f 6002//6002 5895//5895 5893//5893
f 5896//5896 6005//6005 5894//5894
f 5894//5894 6005//6005 6003//6003
f 6006//6006 5897//5897 6004//6004
f 6004//6004 5897//5897 5895//5895
f 5898//5898 6007//6007 5896//5896
f 5896//5896 6007//6007 6005//6005
f 6008//6008 5899//5899 6006//6006
f 6006//6006 5899//5899 5897//5897
f 5900//5900 6009//6009 5898//5898
f 5898//5898 6009//6009 6007//6007
f 6008//6008 5901//5901 5899//5899
f 6010//6010 5901//5901 6008//6008
f 5902//5902 6011//6011 5900//5900
f 5900//5900 6011//6011 6009//6009
f 6010//6010 5903//5903 5901//5901
f 6012//6012 5903//5903 6010//6010
f 5904//5904 6013//6013 5902//5902
f 5902//5902 6013//6013 6011//6011
f 5905//5905 6012//6012 6014//6014
f 5905//5905 5903//5903 6012//6012
f 5906//5906 6015//6015 5904//5904
f 5904//5904 6015//6015 6013//6013
f 6016//6016 5907//5907 6014//6014
f 6014//6014 5907//5907 5905//5905
f 5908//5908 6017//6017 5906//5906
f 5906//5906 6017//6017 6015//6015
f 6016//6016 5909//5909 5907//5907
f 6016//6016 6018//6018 5909//5909
f 5910//5910 6019//6019 5908//5908
f 5908//5908 6019//6019 6017//6017
f 6020//6020 5911//5911 6018//6018
f 6018//6018 5911//5911 5909//5909
f 5912//5912 6021//6021 6019//6019
f 5912//5912 6019//6019 5910//5910
f 6020//6020 5913//5913 5911//5911
f 6020//6020 6022//6022 5913//5913
f 5914//5914 6023//6023 5912//5912
f 5912//5912 6023//6023 6021//6021
f 6022//6022 5915//5915 5913//5913
f 6022//6022 6024//6024 5915//5915
f 5916//5916 6025//6025 6023//6023
f 5916//5916 6023//6023 5914//5914
f 6026//6026 5917//5917 6024//6024
f 6024//6024 5917//5917 5915//5915
f 5918//5918 6027//6027 6025//6025
f 5918//5918 6025//6025 5916//5916
f 6026//6026 5919//5919 5917//5917
f 6026//6026 6028//6028 5919//5919
f 5920//5920 6030//6030 6027//6027
f 5920//5920 6027//6027 5918//5918
f 6028//6028 5921//5921 5919//5919
f 6028//6028 6031//6031 5921//5921
f 6033//6033 6032//6032 6029//6029
f 6033//6033 6030//6030 5922//5922
f 6033//6033 6029//6029 6030//6030
f 5922//5922 6030//6030 5920//5920
f 6031//6031 5923//5923 5921//5921
f 5923//5923 6031//6031 5924//5924
f 5924//5924 6031//6031 6032//6032
f 5924//5924 6032//6032 5925//5925
f 5925//5925 6032//6032 6033//6033
f 5925//5925 6033//6033 5922//5922
f 6034//6034 5937//5937 5932//5932
f 5933//5933 6035//6035 5932//5932
f 5932//5932 6035//6035 6034//6034
f 5934//5934 6036//6036 5933//5933
f 5933//5933 6036//6036 6035//6035
f 5935//5935 6037//6037 5934//5934
f 5934//5934 6037//6037 6036//6036
f 5936//5936 6038//6038 5935//5935
f 5935//5935 6038//6038 6037//6037
f 5938//5938 6038//6038 5936//5936
f 6039//6039 5939//5939 5937//5937
f 6034//6034 6039//6039 5937//5937
f 6037//6037 6040//6040 6036//6036
f 6041//6041 6037//6037 6038//6038
f 6040//6040 6037//6037 6041//6041
f 5940//5940 6041//6041 5938//5938
f 5938//5938 6041//6041 6038//6038
f 6042//6042 5942//5942 5939//5939
f 6039//6039 6042//6042 5939//5939
f 6041//6041 6043//6043 6040//6040
f 6044//6044 6041//6041 5940//5940
f 6044//6044 6043//6043 6041//6041
f 5943//5943 6044//6044 5940//5940
f 6045//6045 5944//5944 5942//5942
f 6042//6042 6045//6045 5942//5942
f 6044//6044 6046//6046 6043//6043
f 5945//5945 6046//6046 5943//5943
f 5943//5943 6046//6046 6044//6044
f 6047//6047 5946//5946 5944//5944
f 6045//6045 6047//6047 5944//5944
f 6049//6049 6046//6046 5945//5945
f 6049//6049 6048//6048 6046//6046
f 5947//5947 6049//6049 5945//5945
f 6050//6050 5946//5946 6047//6047
f 6050//6050 5948//5948 5946//5946
f 6049//6049 6051//6051 6048//6048
f 5949//5949 6051//6051 5947//5947
f 5947//5947 6051//6051 6049//6049
f 6052//6052 5950//5950 5948//5948
f 6050//6050 6052//6052 5948//5948
f 5951//5951 6053//6053 5949//5949
f 5949//5949 6053//6053 6051//6051
f 6054//6054 5952//5952 5950//5950
f 6052//6052 6054//6054 5950//5950
f 5953//5953 6055//6055 5951//5951
f 5951//5951 6055//6055 6053//6053
f 6056//6056 5954//5954 6054//6054
f 6054//6054 5954//5954 5952//5952
f 5955//5955 6057//6057 5953//5953
f 5953//5953 6057//6057 6055//6055
f 6058//6058 5954//5954 6056//6056
f 6058//6058 5956//5956 5954//5954
f 5957//5957 6059//6059 5955//5955
f 5955//5955 6059//6059 6057//6057
f 6060//6060 5958//5958 5956//5956
f 6058//6058 6060//6060 5956//5956
f 6061//6061 6059//6059 5957//5957
f 5959//5959 6061//6061 5957//5957
f 6062//6062 5960//5960 6060//6060
f 6060//6060 5960//5960 5958//5958
f 5961//5961 6063//6063 5959//5959
f 5959//5959 6063//6063 6061//6061
f 6064//6064 5960//5960 6062//6062
f 6064//6064 5962//5962 5960//5960
f 5963//5963 6065//6065 5961//5961
f 5961//5961 6065//6065 6063//6063
f 6064//6064 5964//5964 5962//5962
f 6066//6066 5964//5964 6064//6064
f 5965//5965 6067//6067 5963//5963
f 5963//5963 6067//6067 6065//6065
f 6068//6068 5966//5966 5964//5964
f 6066//6066 6068//6068 5964//5964
f 5967//5967 6069//6069 5965//5965
f 5965//5965 6069//6069 6067//6067
f 6070//6070 5968//5968 6068//6068
f 6068//6068 5968//5968 5966//5966
f 5969//5969 6071//6071 5967//5967
f 5967//5967 6071//6071 6069//6069
f 6072//6072 5970//5970 6070//6070
f 6070//6070 5970//5970 5968//5968
f 5971//5971 6073//6073 5969//5969
f 5969//5969 6073//6073 6071//6071
f 6074//6074 5972//5972 6072//6072
f 6072//6072 5972//5972 5970//5970
f 5973//5973 6075//6075 5971//5971
f 5971//5971 6075//6075 6073//6073
f 6076//6076 5974//5974 6074//6074
f 6074//6074 5974//5974 5972//5972
f 5975//5975 6077//6077 5973//5973
f 5973//5973 6077//6077 6075//6075
f 6078//6078 5976//5976 6076//6076
f 6076//6076 5976//5976 5974//5974
f 5977//5977 6079//6079 5975//5975
f 5975//5975 6079//6079 6077//6077
f 6080//6080 5978//5978 6078//6078
f 6078//6078 5978//5978 5976//5976
f 6082//6082 6081//6081 6079//6079
f 5979//5979 6082//6082 5977//5977
f 5977//5977 6082//6082 6079//6079
f 6083//6083 5980//5980 6080//6080
f 6080//6080 5980//5980 5978//5978
f 6084//6084 6082//6082 5981//5981
f 6084//6084 6081//6081 6082//6082
f 5981//5981 6082//6082 5979//5979
f 6083//6083 5983//5983 5980//5980
f 6083//6083 6085//6085 5983//5983
f 5984//5984 6086//6086 5981//5981
f 5981//5981 6086//6086 6084//6084
f 6087//6087 5986//5986 6085//6085
f 6085//6085 5986//5986 5983//5983
f 5987//5987 6088//6088 5984//5984
f 5984//5984 6088//6088 6086//6086
f 6089//6089 5988//5988 6087//6087
f 6087//6087 5988//5988 5986//5986
f 5989//5989 6090//6090 5987//5987
f 5987//5987 6090//6090 6088//6088
f 6089//6089 5990//5990 5988//5988
f 6089//6089 6091//6091 5990//5990
f 5991//5991 6092//6092 5989//5989
f 5989//5989 6092//6092 6090//6090
f 6093//6093 5992//5992 6091//6091
f 6091//6091 5992//5992 5990//5990
f 5993//5993 6094//6094 5991//5991
f 5991//5991 6094//6094 6092//6092
f 6095//6095 5994//5994 6093//6093
f 6093//6093 5994//5994 5992//5992
f 6097//6097 6096//6096 6094//6094
f 5995//5995 6097//6097 5993//5993
f 5993//5993 6097//6097 6094//6094
f 6098//6098 5996//5996 6095//6095
f 6095//6095 5996//5996 5994//5994
f 6099//6099 6097//6097 5997//5997
f 6099//6099 6096//6096 6097//6097
f 5997//5997 6097//6097 5995//5995
f 6100//6100 5998//5998 6098//6098
f 6098//6098 5998//5998 5996//5996
f 5999//5999 6101//6101 5997//5997
f 5997//5997 6101//6101 6099//6099
f 6102//6102 6000//6000 6100//6100
f 6100//6100 6000//6000 5998//5998
f 6001//6001 6103//6103 5999//5999
f 5999//5999 6103//6103 6101//6101
f 6104//6104 6002//6002 6102//6102
f 6102//6102 6002//6002 6000//6000
f 6003//6003 6105//6105 6001//6001
f 6001//6001 6105//6105 6103//6103
f 6106//6106 6004//6004 6104//6104
f 6104//6104 6004//6004 6002//6002
f 6005//6005 6107//6107 6003//6003
f 6003//6003 6107//6107 6105//6105
f 6108//6108 6006//6006 6106//6106
f 6106//6106 6006//6006 6004//6004
f 6007//6007 6109//6109 6005//6005
f 6005//6005 6109//6109 6107//6107
f 6110//6110 6008//6008 6108//6108
f 6108//6108 6008//6008 6006//6006
f 6009//6009 6111//6111 6007//6007
f 6007//6007 6111//6111 6109//6109
f 6112//6112 6010//6010 6110//6110
f 6110//6110 6010//6010 6008//6008
f 6011//6011 6113//6113 6009//6009
f 6009//6009 6113//6113 6111//6111
f 6114//6114 6012//6012 6112//6112
f 6112//6112 6012//6012 6010//6010
f 6013//6013 6115//6115 6011//6011
f 6011//6011 6115//6115 6113//6113
f 6114//6114 6014//6014 6012//6012
f 6114//6114 6116//6116 6014//6014
f 6015//6015 6117//6117 6013//6013
f 6013//6013 6117//6117 6115//6115
f 6118//6118 6016//6016 6116//6116
f 6116//6116 6016//6016 6014//6014
f 6017//6017 6119//6119 6015//6015
f 6015//6015 6119//6119 6117//6117
f 6118//6118 6018//6018 6016//6016
f 6118//6118 6120//6120 6018//6018
f 6019//6019 6121//6121 6017//6017
f 6017//6017 6121//6121 6119//6119
f 6122//6122 6020//6020 6120//6120
f 6120//6120 6020//6020 6018//6018
f 6021//6021 6123//6123 6121//6121
f 6021//6021 6121//6121 6019//6019
f 6122//6122 6022//6022 6020//6020
f 6122//6122 6124//6124 6022//6022
f 6126//6126 6125//6125 6123//6123
f 6023//6023 6126//6126 6021//6021
f 6021//6021 6126//6126 6123//6123
f 6124//6124 6024//6024 6022//6022
f 6124//6124 6127//6127 6024//6024
f 6129//6129 6128//6128 6125//6125
f 6129//6129 6126//6126 6025//6025
f 6129//6129 6125//6125 6126//6126
f 6025//6025 6126//6126 6023//6023
f 6130//6130 6026//6026 6127//6127
f 6127//6127 6026//6026 6024//6024
f 6130//6130 6127//6127 6131//6131
f 6134//6134 6133//6133 6128//6128
f 6134//6134 6129//6129 6027//6027
f 6134//6134 6128//6128 6129//6129
f 6027//6027 6129//6129 6025//6025
f 6130//6130 6028//6028 6026//6026
f 6130//6130 6135//6135 6028//6028
f 6130//6130 6131//6131 6135//6135
f 6136//6136 6131//6131 6132//6132
f 6135//6135 6131//6131 6136//6136
f 6136//6136 6133//6133 6029//6029
f 6136//6136 6132//6132 6133//6133
f 6029//6029 6133//6133 6030//6030
f 6030//6030 6133//6133 6134//6134
f 6030//6030 6134//6134 6027//6027
f 6135//6135 6031//6031 6028//6028
f 6031//6031 6135//6135 6032//6032
f 6032//6032 6135//6135 6136//6136
f 6032//6032 6136//6136 6029//6029
f 6137//6137 6039//6039 6034//6034
f 6035//6035 6138//6138 6034//6034
f 6034//6034 6138//6138 6137//6137
f 6036//6036 6139//6139 6035//6035
f 6035//6035 6139//6139 6138//6138
f 6040//6040 6139//6139 6036//6036
f 6140//6140 6042//6042 6039//6039
f 6137//6137 6140//6140 6039//6039
f 6137//6137 6141//6141 6140//6140
f 6142//6142 6137//6137 6138//6138
f 6141//6141 6137//6137 6142//6142
f 6143//6143 6138//6138 6139//6139
f 6142//6142 6138//6138 6143//6143
f 6144//6144 6139//6139 6040//6040
f 6144//6144 6143//6143 6139//6139
f 6043//6043 6144//6144 6040//6040
f 6145//6145 6045//6045 6042//6042
f 6140//6140 6145//6145 6042//6042
f 6140//6140 6146//6146 6145//6145
f 6140//6140 6141//6141 6146//6146
f 6144//6144 6147//6147 6143//6143
f 6148//6148 6144//6144 6043//6043
f 6148//6148 6147//6147 6144//6144
f 6046//6046 6148//6148 6043//6043
f 6149//6149 6047//6047 6045//6045
f 6145//6145 6149//6149 6045//6045
f 6148//6148 6150//6150 6147//6147
f 6048//6048 6150//6150 6046//6046
f 6046//6046 6150//6150 6148//6148
f 6151//6151 6050//6050 6047//6047
f 6149//6149 6151//6151 6047//6047
f 6153//6153 6150//6150 6048//6048
f 6153//6153 6152//6152 6150//6150
f 6051//6051 6153//6153 6048//6048
f 6154//6154 6052//6052 6151//6151
f 6151//6151 6052//6052 6050//6050
f 6153//6153 6155//6155 6152//6152
f 6053//6053 6155//6155 6051//6051
f 6051//6051 6155//6155 6153//6153
f 6156//6156 6054//6054 6052//6052
f 6154//6154 6156//6156 6052//6052
f 6055//6055 6157//6157 6053//6053
f 6053//6053 6157//6157 6155//6155
f 6158//6158 6056//6056 6156//6156
f 6156//6156 6056//6056 6054//6054
f 6057//6057 6159//6159 6055//6055
f 6055//6055 6159//6159 6157//6157
f 6160//6160 6058//6058 6056//6056
f 6158//6158 6160//6160 6056//6056
f 6059//6059 6161//6161 6057//6057
f 6057//6057 6161//6161 6159//6159
f 6162//6162 6060//6060 6160//6160
f 6160//6160 6060//6060 6058//6058
f 6164//6164 6161//6161 6059//6059
f 6164//6164 6163//6163 6161//6161
f 6061//6061 6164//6164 6059//6059
f 6165//6165 6060//6060 6162//6162
f 6165//6165 6062//6062 6060//6060
f 6164//6164 6166//6166 6163//6163
f 6063//6063 6166//6166 6061//6061
f 6061//6061 6166//6166 6164//6164
f 6167//6167 6064//6064 6062//6062
f 6165//6165 6167//6167 6062//6062
f 6065//6065 6168//6168 6063//6063
f 6063//6063 6168//6168 6166//6166
f 6169//6169 6066//6066 6167//6167
f 6167//6167 6066//6066 6064//6064
f 6067//6067 6170//6170 6065//6065
f 6065//6065 6170//6170 6168//6168
f 6171//6171 6068//6068 6169//6169
f 6169//6169 6068//6068 6066//6066
f 6069//6069 6172//6172 6067//6067
f 6067//6067 6172//6172 6170//6170
f 6173//6173 6070//6070 6171//6171
f 6171//6171 6070//6070 6068//6068
f 6071//6071 6174//6174 6069//6069
f 6069//6069 6174//6174 6172//6172
f 6175//6175 6072//6072 6173//6173
f 6173//6173 6072//6072 6070//6070
f 6073//6073 6176//6176 6071//6071
f 6071//6071 6176//6176 6174//6174
f 6177//6177 6074//6074 6175//6175
f 6175//6175 6074//6074 6072//6072
f 6075//6075 6178//6178 6073//6073
f 6073//6073 6178//6178 6176//6176
f 6179//6179 6076//6076 6177//6177
f 6177//6177 6076//6076 6074//6074
f 6181//6181 6180//6180 6178//6178
f 6077//6077 6181//6181 6075//6075
f 6075//6075 6181//6181 6178//6178
f 6182//6182 6078//6078 6179//6179
f 6179//6179 6078//6078 6076//6076
f 6184//6184 6180//6180 6181//6181
f 6183//6183 6180//6180 6184//6184
f 6079//6079 6184//6184 6077//6077
f 6077//6077 6184//6184 6181//6181
f 6185//6185 6080//6080 6182//6182
f 6182//6182 6080//6080 6078//6078
f 6186//6186 6184//6184 6081//6081
f 6186//6186 6183//6183 6184//6184
f 6081//6081 6184//6184 6079//6079
f 6187//6187 6083//6083 6185//6185
f 6185//6185 6083//6083 6080//6080
f 6084//6084 6188//6188 6081//6081
f 6081//6081 6188//6188 6186//6186
f 6187//6187 6085//6085 6083//6083
f 6187//6187 6189//6189 6085//6085
f 6086//6086 6190//6190 6084//6084
f 6084//6084 6190//6190 6188//6188
f 6191//6191 6087//6087 6189//6189
f 6189//6189 6087//6087 6085//6085
f 6088//6088 6192//6192 6086//6086
f 6086//6086 6192//6192 6190//6190
f 6193//6193 6089//6089 6191//6191
f 6191//6191 6089//6089 6087//6087
f 6195//6195 6194//6194 6192//6192
f 6090//6090 6195//6195 6088//6088
f 6088//6088 6195//6195 6192//6192
f 6193//6193 6091//6091 6089//6089
f 6193//6193 6196//6196 6091//6091
f 6198//6198 6194//6194 6195//6195
f 6197//6197 6194//6194 6198//6198
f 6092//6092 6198//6198 6090//6090
f 6090//6090 6198//6198 6195//6195
f 6199//6199 6093//6093 6196//6196
f 6196//6196 6093//6093 6091//6091
f 6201//6201 6197//6197 6198//6198
f 6200//6200 6197//6197 6201//6201
f 6094//6094 6201//6201 6092//6092
f 6092//6092 6201//6201 6198//6198
f 6202//6202 6095//6095 6199//6199
f 6199//6199 6095//6095 6093//6093
f 6203//6203 6201//6201 6096//6096
f 6203//6203 6200//6200 6201//6201
f 6096//6096 6201//6201 6094//6094
f 6204//6204 6098//6098 6202//6202
f 6202//6202 6098//6098 6095//6095
f 6099//6099 6205//6205 6096//6096
f 6096//6096 6205//6205 6203//6203
f 6206//6206 6100//6100 6204//6204
f 6204//6204 6100//6100 6098//6098
f 6101//6101 6207//6207 6099//6099
f 6099//6099 6207//6207 6205//6205
f 6208//6208 6102//6102 6206//6206
f 6206//6206 6102//6102 6100//6100
f 6103//6103 6209//6209 6101//6101
f 6101//6101 6209//6209 6207//6207
f 6210//6210 6104//6104 6208//6208
f 6208//6208 6104//6104 6102//6102
f 6105//6105 6211//6211 6103//6103
f 6103//6103 6211//6211 6209//6209
f 6212//6212 6106//6106 6210//6210
f 6210//6210 6106//6106 6104//6104
f 6107//6107 6213//6213 6105//6105
f 6105//6105 6213//6213 6211//6211
f 6214//6214 6108//6108 6212//6212
f 6212//6212 6108//6108 6106//6106
f 6109//6109 6215//6215 6107//6107
f 6107//6107 6215//6215 6213//6213
f 6216//6216 6110//6110 6214//6214
f 6214//6214 6110//6110 6108//6108
f 6111//6111 6217//6217 6109//6109
f 6109//6109 6217//6217 6215//6215
f 6218//6218 6112//6112 6216//6216
f 6216//6216 6112//6112 6110//6110
f 6113//6113 6219//6219 6111//6111
f 6111//6111 6219//6219 6217//6217
f 6220//6220 6114//6114 6218//6218
f 6218//6218 6114//6114 6112//6112
f 6115//6115 6221//6221 6113//6113
f 6113//6113 6221//6221 6219//6219
f 6220//6220 6116//6116 6114//6114
f 6220//6220 6222//6222 6116//6116
f 6117//6117 6223//6223 6115//6115
f 6115//6115 6223//6223 6221//6221
f 6224//6224 6118//6118 6222//6222
f 6222//6222 6118//6118 6116//6116
f 6119//6119 6225//6225 6117//6117
f 6117//6117 6225//6225 6223//6223
f 6224//6224 6120//6120 6118//6118
f 6224//6224 6226//6226 6120//6120
f 6228//6228 6227//6227 6225//6225
f 6121//6121 6228//6228 6119//6119
f 6119//6119 6228//6228 6225//6225
f 6229//6229 6122//6122 6226//6226
f 6226//6226 6122//6122 6120//6120
f 6229//6229 6226//6226 6230//6230
f 6232//6232 6231//6231 6227//6227
f 6232//6232 6228//6228 6123//6123
f 6232//6232 6227//6227 6228//6228
f 6123//6123 6228//6228 6121//6121
f 6229//6229 6124//6124 6122//6122
f 6229//6229 6233//6233 6124//6124
f 6229//6229 6230//6230 6233//6233
f 6233//6233 6230//6230 6234//6234
f 6237//6237 6236//6236 6231//6231
f 6237//6237 6232//6232 6125//6125
f 6237//6237 6231//6231 6232//6232
f 6125//6125 6232//6232 6123//6123
f 6233//6233 6127//6127 6124//6124
f 6233//6233 6238//6238 6127//6127
f 6233//6233 6234//6234 6238//6238
f 6239//6239 6234//6234 6235//6235
f 6238//6238 6234//6234 6239//6239
f 6240//6240 6235//6235 6236//6236
f 6239//6239 6235//6235 6240//6240
f 6240//6240 6237//6237 6128//6128
f 6240//6240 6236//6236 6237//6237
f 6128//6128 6237//6237 6125//6125
f 6238//6238 6131//6131 6127//6127
f 6131//6131 6238//6238 6132//6132
f 6132//6132 6238//6238 6239//6239
f 6132//6132 6239//6239 6133//6133
f 6133//6133 6239//6239 6240//6240
f 6133//6133 6240//6240 6128//6128
f 6241//6241 6146//6146 6141//6141
f 6142//6142 6242//6242 6141//6141
f 6141//6141 6242//6242 6241//6241
f 6143//6143 6243//6243 6142//6142
f 6142//6142 6243//6243 6242//6242
f 6147//6147 6243//6243 6143//6143
f 6244//6244 6149//6149 6145//6145
f 6146//6146 6245//6245 6145//6145
f 6145//6145 6245//6245 6244//6244
f 6241//6241 6245//6245 6146//6146
f 6241//6241 6246//6246 6245//6245
f 6247//6247 6241//6241 6242//6242
f 6246//6246 6241//6241 6247//6247
f 6248//6248 6242//6242 6243//6243
f 6247//6247 6242//6242 6248//6248
f 6249//6249 6243//6243 6147//6147
f 6249//6249 6248//6248 6243//6243
f 6150//6150 6249//6249 6147//6147
f 6250//6250 6151//6151 6149//6149
f 6244//6244 6250//6250 6149//6149
f 6244//6244 6251//6251 6250//6250
f 6244//6244 6245//6245 6251//6251
f 6248//6248 6252//6252 6247//6247
f 6253//6253 6248//6248 6249//6249
f 6252//6252 6248//6248 6253//6253
f 6152//6152 6253//6253 6150//6150
f 6150//6150 6253//6253 6249//6249
f 6254//6254 6154//6154 6250//6250
f 6250//6250 6154//6154 6151//6151
f 6250//6250 6251//6251 6254//6254
f 6253//6253 6255//6255 6252//6252
f 6256//6256 6253//6253 6152//6152
f 6256//6256 6255//6255 6253//6253
f 6155//6155 6256//6256 6152//6152
f 6257//6257 6156//6156 6154//6154
f 6254//6254 6257//6257 6154//6154
f 6256//6256 6258//6258 6255//6255
f 6157//6157 6258//6258 6155//6155
f 6155//6155 6258//6258 6256//6256
f 6259//6259 6158//6158 6257//6257
f 6257//6257 6158//6158 6156//6156
f 6159//6159 6260//6260 6157//6157
f 6157//6157 6260//6260 6258//6258
f 6261//6261 6160//6160 6158//6158
f 6259//6259 6261//6261 6158//6158
f 6161//6161 6262//6262 6159//6159
f 6159//6159 6262//6262 6260//6260
f 6263//6263 6162//6162 6261//6261
f 6261//6261 6162//6162 6160//6160
f 6163//6163 6264//6264 6161//6161
f 6161//6161 6264//6264 6262//6262
f 6265//6265 6165//6165 6162//6162
f 6263//6263 6265//6265 6162//6162
f 6267//6267 6264//6264 6163//6163
f 6267//6267 6266//6266 6264//6264
f 6166//6166 6267//6267 6163//6163
f 6268//6268 6167//6167 6265//6265
f 6265//6265 6167//6167 6165//6165
f 6270//6270 6266//6266 6267//6267
f 6269//6269 6266//6266 6270//6270
f 6168//6168 6270//6270 6166//6166
f 6166//6166 6270//6270 6267//6267
f 6271//6271 6169//6169 6268//6268
f 6268//6268 6169//6169 6167//6167
f 6273//6273 6269//6269 6270//6270
f 6272//6272 6269//6269 6273//6273
f 6170//6170 6273//6273 6168//6168
f 6168//6168 6273//6273 6270//6270
f 6274//6274 6171//6171 6271//6271
f 6271//6271 6171//6171 6169//6169
f 6276//6276 6272//6272 6273//6273
f 6275//6275 6272//6272 6276//6276
f 6172//6172 6276//6276 6170//6170
f 6170//6170 6276//6276 6273//6273
f 6277//6277 6173//6173 6274//6274
f 6274//6274 6173//6173 6171//6171
f 6279//6279 6275//6275 6276//6276
f 6278//6278 6275//6275 6279//6279
f 6174//6174 6279//6279 6172//6172
f 6172//6172 6279//6279 6276//6276
f 6280//6280 6175//6175 6277//6277
f 6277//6277 6175//6175 6173//6173
f 6282//6282 6278//6278 6279//6279
f 6281//6281 6278//6278 6282//6282
f 6176//6176 6282//6282 6174//6174
f 6174//6174 6282//6282 6279//6279
f 6283//6283 6177//6177 6280//6280
f 6280//6280 6177//6177 6175//6175
f 6285//6285 6281//6281 6282//6282
f 6284//6284 6281//6281 6285//6285
f 6178//6178 6285//6285 6176//6176
f 6176//6176 6285//6285 6282//6282
f 6286//6286 6179//6179 6283//6283
f 6283//6283 6179//6179 6177//6177
f 6287//6287 6285//6285 6180//6180
f 6287//6287 6284//6284 6285//6285
f 6180//6180 6285//6285 6178//6178
f 6288//6288 6182//6182 6286//6286
f 6286//6286 6182//6182 6179//6179
f 6183//6183 6289//6289 6180//6180
f 6180//6180 6289//6289 6287//6287
f 6290//6290 6185//6185 6288//6288
f 6288//6288 6185//6185 6182//6182
f 6292//6292 6291//6291 6289//6289
f 6186//6186 6292//6292 6183//6183
f 6183//6183 6292//6292 6289//6289
f 6293//6293 6187//6187 6290//6290
f 6290//6290 6187//6187 6185//6185
f 6293//6293 6290//6290 6294//6294
f 6296//6296 6291//6291 6292//6292
f 6295//6295 6291//6291 6296//6296
f 6188//6188 6296//6296 6186//6186
f 6186//6186 6296//6296 6292//6292
f 6293//6293 6189//6189 6187//6187
f 6293//6293 6297//6297 6189//6189
f 6293//6293 6294//6294 6297//6297
f 6299//6299 6295//6295 6296//6296
f 6298//6298 6295//6295 6299//6299
f 6190//6190 6299//6299 6188//6188
f 6188//6188 6299//6299 6296//6296
f 6300//6300 6191//6191 6297//6297
f 6297//6297 6191//6191 6189//6189
f 6300//6300 6297//6297 6301//6301
f 6303//6303 6298//6298 6299//6299
f 6302//6302 6298//6298 6303//6303
f 6192//6192 6303//6303 6190//6190
f 6190//6190 6303//6303 6299//6299
f 6304//6304 6193//6193 6300//6300
f 6300//6300 6193//6193 6191//6191
f 6305//6305 6300//6300 6301//6301
f 6304//6304 6300//6300 6305//6305
f 6307//6307 6306//6306 6302//6302
f 6307//6307 6303//6303 6194//6194
f 6307//6307 6302//6302 6303//6303
f 6194//6194 6303//6303 6192//6192
f 6304//6304 6196//6196 6193//6193
f 6304//6304 6308//6308 6196//6196
f 6304//6304 6305//6305 6308//6308
f 6310//6310 6306//6306 6307//6307
f 6309//6309 6306//6306 6310//6310
f 6197//6197 6310//6310 6194//6194
f 6194//6194 6310//6310 6307//6307
f 6311//6311 6199//6199 6308//6308
f 6308//6308 6199//6199 6196//6196
f 6313//6313 6309//6309 6310//6310
f 6312//6312 6309//6309 6313//6313
f 6200//6200 6313//6313 6197//6197
f 6197//6197 6313//6313 6310//6310
f 6314//6314 6202//6202 6311//6311
f 6311//6311 6202//6202 6199//6199
f 6316//6316 6312//6312 6313//6313
f 6315//6315 6312//6312 6316//6316
f 6203//6203 6316//6316 6200//6200
f 6200//6200 6316//6316 6313//6313
f 6317//6317 6204//6204 6314//6314
f 6314//6314 6204//6204 6202//6202
f 6319//6319 6315//6315 6316//6316
f 6318//6318 6315//6315 6319//6319
f 6205//6205 6319//6319 6203//6203
f 6203//6203 6319//6319 6316//6316
f 6320//6320 6206//6206 6317//6317
f 6317//6317 6206//6206 6204//6204
f 6322//6322 6318//6318 6319//6319
f 6321//6321 6318//6318 6322//6322
f 6207//6207 6322//6322 6205//6205
f 6205//6205 6322//6322 6319//6319
f 6323//6323 6208//6208 6320//6320
f 6320//6320 6208//6208 6206//6206
f 6325//6325 6321//6321 6322//6322
f 6324//6324 6321//6321 6325//6325
f 6209//6209 6325//6325 6207//6207
f 6207//6207 6325//6325 6322//6322
f 6326//6326 6210//6210 6323//6323
f 6323//6323 6210//6210 6208//6208
f 6328//6328 6324//6324 6325//6325
f 6327//6327 6324//6324 6328//6328
f 6211//6211 6328//6328 6209//6209
f 6209//6209 6328//6328 6325//6325
f 6329//6329 6212//6212 6326//6326
f 6326//6326 6212//6212 6210//6210
f 6331//6331 6327//6327 6328//6328
f 6330//6330 6327//6327 6331//6331
f 6213//6213 6331//6331 6211//6211
f 6211//6211 6331//6331 6328//6328
f 6332//6332 6214//6214 6329//6329
f 6329//6329 6214//6214 6212//6212
f 6334//6334 6330//6330 6331//6331
f 6333//6333 6330//6330 6334//6334
f 6215//6215 6334//6334 6213//6213
f 6213//6213 6334//6334 6331//6331
f 6335//6335 6216//6216 6332//6332
f 6332//6332 6216//6216 6214//6214
f 6337//6337 6333//6333 6334//6334
f 6336//6336 6333//6333 6337//6337
f 6217//6217 6337//6337 6215//6215
f 6215//6215 6337//6337 6334//6334
f 6338//6338 6218//6218 6335//6335
f 6335//6335 6218//6218 6216//6216
f 6340//6340 6336//6336 6337//6337
f 6339//6339 6336//6336 6340//6340
f 6219//6219 6340//6340 6217//6217
f 6217//6217 6340//6340 6337//6337
f 6341//6341 6220//6220 6338//6338
f 6338//6338 6220//6220 6218//6218
f 6341//6341 6338//6338 6342//6342
f 6344//6344 6343//6343 6339//6339
f 6345//6345 6339//6339 6340//6340
f 6344//6344 6339//6339 6345//6345
f 6221//6221 6345//6345 6219//6219
f 6219//6219 6345//6345 6340//6340
f 6341//6341 6222//6222 6220//6220
f 6341//6341 6346//6346 6222//6222
f 6341//6341 6342//6342 6346//6346
f 6346//6346 6342//6342 6347//6347
f 6349//6349 6348//6348 6343//6343
f 6350//6350 6343//6343 6344//6344
f 6349//6349 6343//6343 6350//6350
f 6351//6351 6344//6344 6345//6345
f 6350//6350 6344//6344 6351//6351
f 6223//6223 6351//6351 6221//6221
f 6221//6221 6351//6351 6345//6345
f 6352//6352 6224//6224 6346//6346
f 6346//6346 6224//6224 6222//6222
f 6353//6353 6346//6346 6347//6347
f 6352//6352 6346//6346 6353//6353
f 6353//6353 6347//6347 6354//6354
f 6355//6355 6354//6354 6348//6348
f 6356//6356 6348//6348 6349//6349
f 6355//6355 6348//6348 6356//6356
f 6357//6357 6349//6349 6350//6350
f 6356//6356 6349//6349 6357//6357
f 6358//6358 6350//6350 6351//6351
f 6357//6357 6350//6350 6358//6358
f 6225//6225 6358//6358 6223//6223
f 6223//6223 6358//6358 6351//6351
f 6352//6352 6226//6226 6224//6224
f 6352//6352 6359//6359 6226//6226
f 6352//6352 6353//6353 6359//6359
f 6360//6360 6353//6353 6354//6354
f 6359//6359 6353//6353 6360//6360
f 6361//6361 6354//6354 6355//6355
f 6360//6360 6354//6354 6361//6361
f 6362//6362 6355//6355 6356//6356
f 6361//6361 6355//6355 6362//6362
f 6363//6363 6356//6356 6357//6357
f 6362//6362 6356//6356 6363//6363
f 6363//6363 6358//6358 6227//6227
f 6363//6363 6357//6357 6358//6358
f 6227//6227 6358//6358 6225//6225
f 6359//6359 6230//6230 6226//6226
f 6359//6359 6364//6364 6230//6230
f 6359//6359 6360//6360 6364//6364
f 6365//6365 6360//6360 6361//6361
f 6364//6364 6360//6360 6365//6365
f 6366//6366 6361//6361 6362//6362
f 6365//6365 6361//6361 6366//6366
f 6366//6366 6363//6363 6231//6231
f 6366//6366 6362//6362 6363//6363
f 6231//6231 6363//6363 6227//6227
f 6364//6364 6234//6234 6230//6230
f 6234//6234 6364//6364 6235//6235
f 6235//6235 6364//6364 6365//6365
f 6235//6235 6365//6365 6236//6236
f 6236//6236 6365//6365 6366//6366
f 6236//6236 6366//6366 6231//6231
f 6367//6367 6251//6251 6245//6245
f 6246//6246 6368//6368 6245//6245
f 6245//6245 6368//6368 6367//6367
f 6247//6247 6369//6369 6246//6246
f 6246//6246 6369//6369 6368//6368
f 6252//6252 6369//6369 6247//6247
f 6370//6370 6254//6254 6251//6251
f 6367//6367 6370//6370 6251//6251
f 6367//6367 6371//6371 6370//6370
f 6372//6372 6367//6367 6368//6368
f 6371//6371 6367//6367 6372//6372
f 6373//6373 6368//6368 6369//6369
f 6372//6372 6368//6368 6373//6373
f 6374//6374 6369//6369 6252//6252
f 6374//6374 6373//6373 6369//6369
f 6255//6255 6374//6374 6252//6252
f 6375//6375 6257//6257 6254//6254
f 6370//6370 6375//6375 6254//6254
f 6370//6370 6376//6376 6375//6375
f 6377//6377 6370//6370 6371//6371
f 6376//6376 6370//6370 6377//6377
f 6378//6378 6371//6371 6372//6372
f 6377//6377 6371//6371 6378//6378
f 6379//6379 6372//6372 6373//6373
f 6378//6378 6372//6372 6379//6379
f 6380//6380 6373//6373 6374//6374
f 6379//6379 6373//6373 6380//6380
f 6381//6381 6374//6374 6255//6255
f 6381//6381 6380//6380 6374//6374
f 6258//6258 6381//6381 6255//6255
f 6382//6382 6259//6259 6375//6375
f 6375//6375 6259//6259 6257//6257
f 6375//6375 6376//6376 6382//6382
f 6379//6379 6383//6383 6378//6378
f 6384//6384 6379//6379 6380//6380
f 6383//6383 6379//6379 6384//6384
f 6385//6385 6380//6380 6381//6381
f 6384//6384 6380//6380 6385//6385
f 6260//6260 6385//6385 6258//6258
f 6258//6258 6385//6385 6381//6381
f 6386//6386 6261//6261 6259//6259
f 6382//6382 6386//6386 6259//6259
f 6382//6382 6387//6387 6386//6386
f 6384//6384 6388//6388 6383//6383
f 6389//6389 6384//6384 6385//6385
f 6388//6388 6384//6384 6389//6389
f 6262//6262 6389//6389 6260//6260
f 6260//6260 6389//6389 6385//6385
f 6390//6390 6263//6263 6386//6386
f 6386//6386 6263//6263 6261//6261
f 6386//6386 6387//6387 6390//6390
f 6392//6392 6388//6388 6389//6389
f 6391//6391 6388//6388 6392//6392
f 6264//6264 6392//6392 6262//6262
f 6262//6262 6392//6392 6389//6389
f 6393//6393 6265//6265 6263//6263
f 6390//6390 6393//6393 6263//6263
f 6390//6390 6394//6394 6393//6393
f 6396//6396 6391//6391 6392//6392
f 6395//6395 6391//6391 6396//6396
f 6266//6266 6396//6396 6264//6264
f 6264//6264 6396//6396 6392//6392
f 6397//6397 6268//6268 6393//6393
f 6393//6393 6268//6268 6265//6265
f 6393//6393 6394//6394 6397//6397
f 6399//6399 6395//6395 6396//6396
f 6398//6398 6395//6395 6399//6399
f 6269//6269 6399//6399 6266//6266
f 6266//6266 6399//6399 6396//6396
f 6400//6400 6271//6271 6397//6397
f 6397//6397 6271//6271 6268//6268
f 6402//6402 6398//6398 6399//6399
f 6401//6401 6398//6398 6402//6402
f 6272//6272 6402//6402 6269//6269
f 6269//6269 6402//6402 6399//6399
f 6403//6403 6274//6274 6400//6400
f 6400//6400 6274//6274 6271//6271
f 6405//6405 6401//6401 6402//6402
f 6404//6404 6401//6401 6405//6405
f 6275//6275 6405//6405 6272//6272
f 6272//6272 6405//6405 6402//6402
f 6406//6406 6277//6277 6403//6403
f 6403//6403 6277//6277 6274//6274
f 6408//6408 6404//6404 6405//6405
f 6407//6407 6404//6404 6408//6408
f 6278//6278 6408//6408 6275//6275
f 6275//6275 6408//6408 6405//6405
f 6409//6409 6280//6280 6406//6406
f 6406//6406 6280//6280 6277//6277
f 6411//6411 6407//6407 6408//6408
f 6410//6410 6407//6407 6411//6411
f 6281//6281 6411//6411 6278//6278
f 6278//6278 6411//6411 6408//6408
f 6412//6412 6283//6283 6409//6409
f 6409//6409 6283//6283 6280//6280
f 6414//6414 6413//6413 6410//6410
f 6415//6415 6410//6410 6411//6411
f 6414//6414 6410//6410 6415//6415
f 6284//6284 6415//6415 6281//6281
f 6281//6281 6415//6415 6411//6411
f 6416//6416 6286//6286 6412//6412
f 6412//6412 6286//6286 6283//6283
f 6416//6416 6412//6412 6417//6417
f 6419//6419 6413//6413 6414//6414
f 6418//6418 6413//6413 6419//6419
f 6420//6420 6414//6414 6415//6415
f 6419//6419 6414//6414 6420//6420
f 6287//6287 6420//6420 6284//6284
f 6284//6284 6420//6420 6415//6415
f 6421//6421 6288//6288 6416//6416
f 6416//6416 6288//6288 6286//6286
f 6422//6422 6416//6416 6417//6417
f 6421//6421 6416//6416 6422//6422
f 6424//6424 6423//6423 6418//6418
f 6425//6425 6418//6418 6419//6419
f 6424//6424 6418//6418 6425//6425
f 6426//6426 6419//6419 6420//6420
f 6425//6425 6419//6419 6426//6426
f 6289//6289 6426//6426 6287//6287
f 6287//6287 6426//6426 6420//6420
f 6427//6427 6290//6290 6421//6421
f 6421//6421 6290//6290 6288//6288
f 6428//6428 6421//6421 6422//6422
f 6427//6427 6421//6421 6428//6428
f 6428//6428 6422//6422 6429//6429
f 6432//6432 6431//6431 6423//6423
f 6433//6433 6423//6423 6424//6424
f 6432//6432 6423//6423 6433//6433
f 6434//6434 6424//6424 6425//6425
f 6433//6433 6424//6424 6434//6434
f 6434//6434 6426//6426 6291//6291
f 6434//6434 6425//6425 6426//6426
f 6291//6291 6426//6426 6289//6289
f 6427//6427 6294//6294 6290//6290
f 6427//6427 6435//6435 6294//6294
f 6427//6427 6428//6428 6435//6435
f 6436//6436 6428//6428 6429//6429
f 6435//6435 6428//6428 6436//6436
f 6437//6437 6429//6429 6430//6430
f 6436//6436 6429//6429 6437//6437
f 6438//6438 6430//6430 6431//6431
f 6437//6437 6430//6430 6438//6438
f 6439//6439 6431//6431 6432//6432
f 6438//6438 6431//6431 6439//6439
f 6440//6440 6432//6432 6433//6433
f 6439//6439 6432//6432 6440//6440
f 6441//6441 6433//6433 6434//6434
f 6440//6440 6433//6433 6441//6441
f 6295//6295 6441//6441 6291//6291
f 6291//6291 6441//6441 6434//6434
f 6442//6442 6297//6297 6435//6435
f 6435//6435 6297//6297 6294//6294
f 6443//6443 6435//6435 6436//6436
f 6442//6442 6435//6435 6443//6443
f 6444//6444 6436//6436 6437//6437
f 6443//6443 6436//6436 6444//6444
f 6445//6445 6437//6437 6438//6438
f 6444//6444 6437//6437 6445//6445
f 6446//6446 6438//6438 6439//6439
f 6445//6445 6438//6438 6446//6446
f 6447//6447 6439//6439 6440//6440
f 6446//6446 6439//6439 6447//6447
f 6448//6448 6440//6440 6441//6441
f 6447//6447 6440//6440 6448//6448
f 6298//6298 6448//6448 6295//6295
f 6295//6295 6448//6448 6441//6441
f 6442//6442 6301//6301 6297//6297
f 6442//6442 6449//6449 6301//6301
f 6442//6442 6443//6443 6449//6449
f 6450//6450 6443//6443 6444//6444
f 6449//6449 6443//6443 6450//6450
f 6451//6451 6444//6444 6445//6445
f 6450//6450 6444//6444 6451//6451
f 6452//6452 6445//6445 6446//6446
f 6451//6451 6445//6445 6452//6452
f 6453//6453 6446//6446 6447//6447
f 6452//6452 6446//6446 6453//6453
f 6454//6454 6447//6447 6448//6448
f 6453//6453 6447//6447 6454//6454
f 6302//6302 6454//6454 6298//6298
f 6298//6298 6454//6454 6448//6448
f 6455//6455 6305//6305 6449//6449
f 6449//6449 6305//6305 6301//6301
f 6456//6456 6449//6449 6450//6450
f 6455//6455 6449//6449 6456//6456
f 6457//6457 6450//6450 6451//6451
f 6456//6456 6450//6450 6457//6457
f 6458//6458 6451//6451 6452//6452
f 6457//6457 6451//6451 6458//6458
f 6459//6459 6452//6452 6453//6453
f 6458//6458 6452//6452 6459//6459
f 6459//6459 6454//6454 6306//6306
f 6459//6459 6453//6453 6454//6454
f 6306//6306 6454//6454 6302//6302
f 6460//6460 6308//6308 6455//6455
f 6455//6455 6308//6308 6305//6305
f 6461//6461 6455//6455 6456//6456
f 6460//6460 6455//6455 6461//6461
f 6462//6462 6456//6456 6457//6457
f 6461//6461 6456//6456 6462//6462
f 6463//6463 6457//6457 6458//6458
f 6462//6462 6457//6457 6463//6463
f 6464//6464 6458//6458 6459//6459
f 6463//6463 6458//6458 6464//6464
f 6309//6309 6464//6464 6306//6306
f 6306//6306 6464//6464 6459//6459
f 6465//6465 6311//6311 6460//6460
f 6460//6460 6311//6311 6308//6308
f 6466//6466 6460//6460 6461//6461
f 6465//6465 6460//6460 6466//6466
f 6467//6467 6461//6461 6462//6462
f 6466//6466 6461//6461 6467//6467
f 6468//6468 6462//6462 6463//6463
f 6467//6467 6462//6462 6468//6468
f 6469//6469 6463//6463 6464//6464
f 6468//6468 6463//6463 6469//6469
f 6312//6312 6469//6469 6309//6309
f 6309//6309 6469//6469 6464//6464
f 6470//6470 6314//6314 6465//6465
f 6465//6465 6314//6314 6311//6311
f 6471//6471 6465//6465 6466//6466
f 6470//6470 6465//6465 6471//6471
f 6472//6472 6466//6466 6467//6467
f 6471//6471 6466//6466 6472//6472
f 6473//6473 6467//6467 6468//6468
f 6472//6472 6467//6467 6473//6473
f 6474//6474 6468//6468 6469//6469
f 6473//6473 6468//6468 6474//6474
f 6315//6315 6474//6474 6312//6312
f 6312//6312 6474//6474 6469//6469
f 6475//6475 6317//6317 6470//6470
f 6470//6470 6317//6317 6314//6314
f 6476//6476 6470//6470 6471//6471
f 6475//6475 6470//6470 6476//6476
f 6477//6477 6471//6471 6472//6472
f 6476//6476 6471//6471 6477//6477
f 6478//6478 6472//6472 6473//6473
f 6477//6477 6472//6472 6478//6478
f 6479//6479 6473//6473 6474//6474
f 6478//6478 6473//6473 6479//6479
f 6318//6318 6479//6479 6315//6315
f 6315//6315 6479//6479 6474//6474
f 6480//6480 6320//6320 6475//6475
f 6475//6475 6320//6320 6317//6317
f 6481//6481 6475//6475 6476//6476
f 6480//6480 6475//6475 6481//6481
f 6482//6482 6476//6476 6477//6477
f 6481//6481 6476//6476 6482//6482
f 6483//6483 6477//6477 6478//6478
f 6482//6482 6477//6477 6483//6483
f 6484//6484 6478//6478 6479//6479
f 6483//6483 6478//6478 6484//6484
f 6321//6321 6484//6484 6318//6318
f 6318//6318 6484//6484 6479//6479
f 6485//6485 6323//6323 6480//6480
f 6480//6480 6323//6323 6320//6320
f 6486//6486 6480//6480 6481//6481
f 6485//6485 6480//6480 6486//6486
f 6487//6487 6481//6481 6482//6482
f 6486//6486 6481//6481 6487//6487
f 6488//6488 6482//6482 6483//6483
f 6487//6487 6482//6482 6488//6488
f 6489//6489 6483//6483 6484//6484
f 6488//6488 6483//6483 6489//6489
f 6324//6324 6489//6489 6321//6321
f 6321//6321 6489//6489 6484//6484
f 6490//6490 6326//6326 6485//6485
f 6485//6485 6326//6326 6323//6323
f 6491//6491 6485//6485 6486//6486
f 6490//6490 6485//6485 6491//6491
f 6492//6492 6486//6486 6487//6487
f 6491//6491 6486//6486 6492//6492
f 6493//6493 6487//6487 6488//6488
f 6492//6492 6487//6487 6493//6493
f 6494//6494 6488//6488 6489//6489
f 6493//6493 6488//6488 6494//6494
f 6327//6327 6494//6494 6324//6324
f 6324//6324 6494//6494 6489//6489
f 6495//6495 6329//6329 6490//6490
f 6490//6490 6329//6329 6326//6326
f 6496//6496 6490//6490 6491//6491
f 6495//6495 6490//6490 6496//6496
f 6497//6497 6491//6491 6492//6492
f 6496//6496 6491//6491 6497//6497
f 6498//6498 6492//6492 6493//6493
f 6497//6497 6492//6492 6498//6498
f 6499//6499 6493//6493 6494//6494
f 6498//6498 6493//6493 6499//6499
f 6330//6330 6499//6499 6327//6327
f 6327//6327 6499//6499 6494//6494
f 6500//6500 6332//6332 6495//6495
f 6495//6495 6332//6332 6329//6329
f 6501//6501 6495//6495 6496//6496
f 6500//6500 6495//6495 6501//6501
f 6502//6502 6496//6496 6497//6497
f 6501//6501 6496//6496 6502//6502
f 6503//6503 6497//6497 6498//6498
f 6502//6502 6497//6497 6503//6503
f 6504//6504 6498//6498 6499//6499
f 6503//6503 6498//6498 6504//6504
f 6333//6333 6504//6504 6330//6330
f 6330//6330 6504//6504 6499//6499
f 6505//6505 6335//6335 6500//6500
f 6500//6500 6335//6335 6332//6332
f 6506//6506 6500//6500 6501//6501
f 6505//6505 6500//6500 6506//6506
f 6507//6507 6501//6501 6502//6502
f 6506//6506 6501//6501 6507//6507
f 6508//6508 6502//6502 6503//6503
f 6507//6507 6502//6502 6508//6508
f 6509//6509 6503//6503 6504//6504
f 6508//6508 6503//6503 6509//6509
f 6336//6336 6509//6509 6333//6333
f 6333//6333 6509//6509 6504//6504
f 6510//6510 6338//6338 6505//6505
f 6505//6505 6338//6338 6335//6335
f 6511//6511 6505//6505 6506//6506
f 6510//6510 6505//6505 6511//6511
f 6512//6512 6506//6506 6507//6507
f 6511//6511 6506//6506 6512//6512
f 6513//6513 6507//6507 6508//6508
f 6512//6512 6507//6507 6513//6513
f 6514//6514 6508//6508 6509//6509
f 6513//6513 6508//6508 6514//6514
f 6339//6339 6514//6514 6336//6336
f 6336//6336 6514//6514 6509//6509
f 6510//6510 6342//6342 6338//6338
f 6510//6510 6515//6515 6342//6342
f 6510//6510 6511//6511 6515//6515
f 6516//6516 6511//6511 6512//6512
f 6515//6515 6511//6511 6516//6516
f 6517//6517 6512//6512 6513//6513
f 6516//6516 6512//6512 6517//6517
f 6517//6517 6514//6514 6343//6343
f 6517//6517 6513//6513 6514//6514
f 6343//6343 6514//6514 6339//6339
f 6515//6515 6347//6347 6342//6342
f 6515//6515 6518//6518 6347//6347
f 6515//6515 6516//6516 6518//6518
f 6518//6518 6517//6517 6348//6348
f 6518//6518 6516//6516 6517//6517
f 6348//6348 6517//6517 6343//6343
f 6518//6518 6354//6354 6347//6347
f 6354//6354 6518//6518 6348//6348
f 6519//6519 6382//6382 6376//6376
f 6377//6377 6520//6520 6376//6376
f 6376//6376 6520//6520 6519//6519
f 6378//6378 6521//6521 6377//6377
f 6377//6377 6521//6521 6520//6520
f 6383//6383 6521//6521 6378//6378
f 6522//6522 6387//6387 6519//6519
f 6519//6519 6387//6387 6382//6382
f 6523//6523 6519//6519 6520//6520
f 6522//6522 6519//6519 6523//6523
f 6524//6524 6520//6520 6521//6521
f 6523//6523 6520//6520 6524//6524
f 6525//6525 6521//6521 6383//6383
f 6525//6525 6524//6524 6521//6521
f 6388//6388 6525//6525 6383//6383
f 6526//6526 6390//6390 6387//6387
f 6522//6522 6526//6526 6387//6387
f 6522//6522 6527//6527 6526//6526
f 6528//6528 6522//6522 6523//6523
f 6527//6527 6522//6522 6528//6528
f 6529//6529 6523//6523 6524//6524
f 6528//6528 6523//6523 6529//6529
f 6530//6530 6524//6524 6525//6525
f 6529//6529 6524//6524 6530//6530
f 6391//6391 6530//6530 6388//6388
f 6388//6388 6530//6530 6525//6525
f 6531//6531 6394//6394 6526//6526
f 6526//6526 6394//6394 6390//6390
f 6532//6532 6526//6526 6527//6527
f 6531//6531 6526//6526 6532//6532
f 6533//6533 6527//6527 6528//6528
f 6532//6532 6527//6527 6533//6533
f 6534//6534 6528//6528 6529//6529
f 6533//6533 6528//6528 6534//6534
f 6535//6535 6529//6529 6530//6530
f 6534//6534 6529//6529 6535//6535
f 6395//6395 6535//6535 6391//6391
f 6391//6391 6535//6535 6530//6530
f 6536//6536 6397//6397 6394//6394
f 6531//6531 6536//6536 6394//6394
f 6531//6531 6537//6537 6536//6536
f 6538//6538 6531//6531 6532//6532
f 6537//6537 6531//6531 6538//6538
f 6539//6539 6532//6532 6533//6533
f 6538//6538 6532//6532 6539//6539
f 6540//6540 6533//6533 6534//6534
f 6539//6539 6533//6533 6540//6540
f 6541//6541 6534//6534 6535//6535
f 6540//6540 6534//6534 6541//6541
f 6398//6398 6541//6541 6395//6395
f 6395//6395 6541//6541 6535//6535
f 6542//6542 6400//6400 6536//6536
f 6536//6536 6400//6400 6397//6397
f 6543//6543 6536//6536 6537//6537
f 6542//6542 6536//6536 6543//6543
f 6544//6544 6537//6537 6538//6538
f 6543//6543 6537//6537 6544//6544
f 6545//6545 6538//6538 6539//6539
f 6544//6544 6538//6538 6545//6545
f 6546//6546 6539//6539 6540//6540
f 6545//6545 6539//6539 6546//6546
f 6547//6547 6540//6540 6541//6541
f 6546//6546 6540//6540 6547//6547
f 6401//6401 6547//6547 6398//6398
f 6398//6398 6547//6547 6541//6541
f 6548//6548 6403//6403 6542//6542
f 6542//6542 6403//6403 6400//6400
f 6549//6549 6542//6542 6543//6543
f 6548//6548 6542//6542 6549//6549
f 6550//6550 6543//6543 6544//6544
f 6549//6549 6543//6543 6550//6550
f 6551//6551 6544//6544 6545//6545
f 6550//6550 6544//6544 6551//6551
f 6552//6552 6545//6545 6546//6546
f 6551//6551 6545//6545 6552//6552
f 6553//6553 6546//6546 6547//6547
f 6552//6552 6546//6546 6553//6553
f 6404//6404 6553//6553 6401//6401
f 6401//6401 6553//6553 6547//6547
f 6554//6554 6406//6406 6548//6548
f 6548//6548 6406//6406 6403//6403
f 6555//6555 6548//6548 6549//6549
f 6554//6554 6548//6548 6555//6555
f 6556//6556 6549//6549 6550//6550
f 6555//6555 6549//6549 6556//6556
f 6557//6557 6550//6550 6551//6551
f 6556//6556 6550//6550 6557//6557
f 6558//6558 6551//6551 6552//6552
f 6557//6557 6551//6551 6558//6558
f 6559//6559 6552//6552 6553//6553
f 6558//6558 6552//6552 6559//6559
f 6407//6407 6559//6559 6404//6404
f 6404//6404 6559//6559 6553//6553
f 6560//6560 6409//6409 6554//6554
f 6554//6554 6409//6409 6406//6406
f 6561//6561 6554//6554 6555//6555
f 6560//6560 6554//6554 6561//6561
f 6562//6562 6555//6555 6556//6556
f 6561//6561 6555//6555 6562//6562
f 6563//6563 6556//6556 6557//6557
f 6562//6562 6556//6556 6563//6563
f 6564//6564 6557//6557 6558//6558
f 6563//6563 6557//6557 6564//6564
f 6565//6565 6558//6558 6559//6559
f 6564//6564 6558//6558 6565//6565
f 6410//6410 6565//6565 6407//6407
f 6407//6407 6565//6565 6559//6559
f 6566//6566 6412//6412 6560//6560
f 6560//6560 6412//6412 6409//6409
f 6567//6567 6560//6560 6561//6561
f 6566//6566 6560//6560 6567//6567
f 6568//6568 6561//6561 6562//6562
f 6567//6567 6561//6561 6568//6568
f 6569//6569 6562//6562 6563//6563
f 6568//6568 6562//6562 6569//6569
f 6570//6570 6563//6563 6564//6564
f 6569//6569 6563//6563 6570//6570
f 6570//6570 6565//6565 6413//6413
f 6570//6570 6564//6564 6565//6565
f 6413//6413 6565//6565 6410//6410
f 6566//6566 6417//6417 6412//6412
f 6566//6566 6571//6571 6417//6417
f 6566//6566 6567//6567 6571//6571
f 6572//6572 6567//6567 6568//6568
f 6571//6571 6567//6567 6572//6572
f 6573//6573 6568//6568 6569//6569
f 6572//6572 6568//6568 6573//6573
f 6574//6574 6569//6569 6570//6570
f 6573//6573 6569//6569 6574//6574
f 6418//6418 6574//6574 6413//6413
f 6413//6413 6574//6574 6570//6570
f 6575//6575 6422//6422 6571//6571
f 6571//6571 6422//6422 6417//6417
f 6576//6576 6571//6571 6572//6572
f 6575//6575 6571//6571 6576//6576
f 6577//6577 6572//6572 6573//6573
f 6576//6576 6572//6572 6577//6577
f 6577//6577 6574//6574 6423//6423
f 6577//6577 6573//6573 6574//6574
f 6423//6423 6574//6574 6418//6418
f 6575//6575 6429//6429 6422//6422
f 6429//6429 6575//6575 6430//6430
f 6430//6430 6575//6575 6576//6576
f 6430//6430 6576//6576 6431//6431
f 6431//6431 6576//6576 6577//6577
f 6431//6431 6577//6577 6423//6423

