# https://github.com/mikedh/trimesh
v -12.69528723 -9.25296044 27.62249857
v -12.19277489 -9.25296044 27.11858916
v -12.19277489 -9.75312060 27.62249857
v -12.19277489 -9.75312060 28.12640798
v -12.69528723 -9.25296044 28.12640798
v -12.19277489 -9.25296044 28.63031739
v -12.69528723 -8.75280029 27.62249857
v -12.19277489 -8.75280029 27.11858916
v -12.69528723 -8.75280029 28.12640798
v -12.69528723 -8.75280029 28.63031739
v -12.19277489 -8.75280029 29.13422680
v -12.69528723 -8.25264013 27.62249857
v -12.19277489 -8.25264013 27.11858916
v -12.69528723 -8.25264013 28.12640798
v -12.69528723 -8.25264013 28.63031739
v -12.19277489 -8.25264013 29.13422680
v -12.69528723 -7.75247997 27.62249857
v -12.19277489 -7.75247997 27.11858916
v -12.69528723 -7.75247997 28.12640798
v -12.69528723 -7.75247997 28.63031739
v -12.19277489 -7.75247997 29.13422680
v -12.69528723 -7.25231981 27.62249857
v -12.19277489 -7.25231981 27.11858916
v -12.69528723 -7.25231981 28.12640798
v -12.69528723 -7.25231981 28.63031739
v -12.69528723 -7.25231981 29.13422680
v -12.19277489 -7.25231981 29.63813621
v -12.69528723 -6.75215966 27.62249857
v -12.19277489 -6.75215966 27.11858916
v -12.69528723 -6.75215966 28.12640798
v -12.69528723 -6.75215966 28.63031739
v -12.69528723 -6.75215966 29.13422680
v -12.19277489 -6.75215966 29.63813621
v -12.19277489 -6.25199950 27.62249857
v -12.69528723 -6.25199950 28.12640798
v -12.69528723 -6.25199950 28.63031739
v -12.69528723 -6.25199950 29.13422680
v -12.19277489 -6.25199950 29.63813621
v -12.69528723 -5.75183934 28.12640798
v -12.19277489 -5.75183934 27.62249857
v -12.69528723 -5.75183934 28.63031739
v -12.69528723 -5.75183934 29.13422680
v -12.69528723 -5.75183934 29.63813621
v -12.19277489 -5.75183934 30.14204562
v -12.69528723 -5.25167918 28.12640798
v -12.19277489 -5.25167918 27.62249857
v -12.69528723 -5.25167918 28.63031739
v -12.69528723 -5.25167918 29.13422680
v -12.69528723 -5.25167918 29.63813621
v -12.19277489 -5.25167918 30.14204562
v -12.19277489 -4.75151902 28.12640798
v -12.69528723 -4.75151902 28.63031739
v -12.69528723 -4.75151902 29.13422680
v -12.69528723 -4.75151902 29.63813621
v -12.19277489 -4.75151902 30.14204562
v -12.69528723 -4.25135887 28.63031739
v -12.19277489 -4.25135887 28.12640798
v -12.69528723 -4.25135887 29.13422680
v -12.69528723 -4.25135887 29.63813621
v -12.19277489 -4.25135887 30.14204562
v -12.69528723 -3.75119871 28.63031739
v -12.19277489 -3.75119871 28.12640798
v -12.69528723 -3.75119871 29.13422680
v -12.69528723 -3.75119871 29.63813621
v -12.69528723 -3.75119871 30.14204562
v -12.19277489 -3.75119871 30.64595503
v -12.69528723 -3.25103855 28.63031739
v -12.19277489 -3.25103855 28.12640798
v -12.69528723 -3.25103855 29.13422680
v -12.69528723 -3.25103855 29.63813621
v -12.69528723 -3.25103855 30.14204562
v -12.19277489 -3.25103855 30.64595503
v -12.19277489 -2.75087839 28.63031739
v -12.69528723 -2.75087839 29.13422680
v -12.69528723 -2.75087839 29.63813621
v -12.69528723 -2.75087839 30.14204562
v -12.69528723 -2.75087839 30.64595503
v -12.19277489 -2.75087839 31.14986444
v -12.69528723 -2.25071824 28.63031739
v -12.19277489 -2.25071824 28.12640798
v -12.69528723 -2.25071824 29.13422680
v -12.69528723 -2.25071824 29.63813621
v -12.69528723 -2.25071824 30.14204562
v -12.69528723 -2.25071824 30.64595503
v -12.19277489 -2.25071824 31.14986444
v -12.69528723 -1.75055808 28.63031739
v -12.19277489 -1.75055808 28.12640798
v -12.69528723 -1.75055808 29.13422680
v -12.69528723 -1.75055808 29.63813621
v -12.69528723 -1.75055808 30.14204562
v -12.69528723 -1.75055808 30.64595503
v -12.19277489 -1.75055808 31.14986444
v -12.69528723 -1.25039792 28.63031739
v -12.19277489 -1.25039792 28.12640798
v -12.69528723 -1.25039792 29.13422680
v -12.69528723 -1.25039792 29.63813621
v -12.69528723 -1.25039792 30.14204562
v -12.69528723 -1.25039792 30.64595503
v -12.69528723 -1.25039792 31.14986444
v -12.19277489 -1.25039792 31.65377384
v -12.69528723 -0.75023776 28.63031739
v -12.19277489 -0.75023776 28.12640798
v -12.69528723 -0.75023776 29.13422680
v -12.69528723 -0.75023776 29.63813621
v -12.69528723 -0.75023776 30.14204562
v -12.69528723 -0.75023776 30.64595503
v -12.69528723 -0.75023776 31.14986444
v -12.19277489 -0.75023776 31.65377384
v -12.69528723 -0.25007761 28.63031739
v -12.19277489 -0.25007761 28.12640798
v -12.69528723 -0.25007761 29.13422680
v -12.69528723 -0.25007761 29.63813621
v -12.69528723 -0.25007761 30.14204562
v -12.69528723 -0.25007761 30.64595503
v -12.69528723 -0.25007761 31.14986444
v -12.69528723 -0.25007761 31.65377384
v -12.19277489 -0.25007761 32.15768325
v -12.69528723 0.25008255 28.63031739
v -12.19277489 0.25008255 28.12640798
v -12.69528723 0.25008255 29.13422680
v -12.69528723 0.25008255 29.63813621
v -12.69528723 0.25008255 30.14204562
v -12.69528723 0.25008255 30.64595503
v -12.69528723 0.25008255 31.14986444
v -12.69528723 0.25008255 31.65377384
v -12.19277489 0.25008255 32.15768325
v -12.69528723 0.75024271 28.63031739
v -12.19277489 0.75024271 28.12640798
v -12.69528723 0.75024271 29.13422680
v -12.69528723 0.75024271 29.63813621
v -12.69528723 0.75024271 30.14204562
v -12.69528723 0.75024271 30.64595503
v -12.69528723 0.75024271 31.14986444
v -12.69528723 0.75024271 31.65377384
v -12.19277489 0.75024271 32.15768325
v -12.69528723 1.25040287 28.63031739
v -12.19277489 1.25040287 28.12640798
v -12.69528723 1.25040287 29.13422680
v -12.69528723 1.25040287 29.63813621
v -12.69528723 1.25040287 30.14204562
v -12.69528723 1.25040287 30.64595503
v -12.69528723 1.25040287 31.14986444
v -12.69528723 1.25040287 31.65377384
v -12.19277489 1.25040287 32.15768325
v -12.69528723 1.75056303 28.63031739
v -12.19277489 1.75056303 28.12640798
v -12.69528723 1.75056303 29.13422680
v -12.69528723 1.75056303 29.63813621
v -12.69528723 1.75056303 30.14204562
v -12.69528723 1.75056303 30.64595503
v -12.69528723 1.75056303 31.14986444
v -12.69528723 1.75056303 31.65377384
v -12.19277489 1.75056303 32.15768325
v -12.69528723 2.25072318 28.63031739
v -12.19277489 2.25072318 28.12640798
v -12.69528723 2.25072318 29.13422680
v -12.69528723 2.25072318 29.63813621
v -12.69528723 2.25072318 30.14204562
v -12.69528723 2.25072318 30.64595503
v -12.69528723 2.25072318 31.14986444
v -12.69528723 2.25072318 31.65377384
v -12.19277489 2.25072318 32.15768325
v -12.69528723 2.75088334 28.63031739
v -12.19277489 2.75088334 28.12640798
v -12.69528723 2.75088334 29.13422680
v -12.69528723 2.75088334 29.63813621
v -12.69528723 2.75088334 30.14204562
v -12.69528723 2.75088334 30.64595503
v -12.69528723 2.75088334 31.14986444
v -12.69528723 2.75088334 31.65377384
v -12.19277489 2.75088334 32.15768325
v -12.19277489 3.25104350 28.63031739
v -12.69528723 3.25104350 29.13422680
v -12.69528723 3.25104350 29.63813621
v -12.69528723 3.25104350 30.14204562
v -12.69528723 3.25104350 30.64595503
v -12.69528723 3.25104350 31.14986444
v -12.69528723 3.25104350 31.65377384
v -12.19277489 3.25104350 32.15768325
v -12.69528723 3.75120366 29.13422680
v -12.19277489 3.75120366 28.63031739
v -12.69528723 3.75120366 29.63813621
v -12.69528723 3.75120366 30.14204562
v -12.69528723 3.75120366 30.64595503
v -12.69528723 3.75120366 31.14986444
v -12.69528723 3.75120366 31.65377384
v -12.19277489 3.75120366 32.15768325
v -12.69528723 4.25136381 29.13422680
v -12.19277489 4.25136381 28.63031739
v -12.69528723 4.25136381 29.63813621
v -12.69528723 4.25136381 30.14204562
v -12.69528723 4.25136381 30.64595503
v -12.69528723 4.25136381 31.14986444
v -12.69528723 4.25136381 31.65377384
v -12.19277489 4.25136381 32.15768325
v -12.69528723 4.75152397 29.13422680
v -12.19277489 4.75152397 28.63031739
v -12.69528723 4.75152397 29.63813621
v -12.69528723 4.75152397 30.14204562
v -12.69528723 4.75152397 30.64595503
v -12.69528723 4.75152397 31.14986444
v -12.69528723 4.75152397 31.65377384
v -12.19277489 4.75152397 32.15768325
v -12.19277489 5.25168413 29.13422680
v -12.69528723 5.25168413 29.63813621
v -12.69528723 5.25168413 30.14204562
v -12.69528723 5.25168413 30.64595503
v -12.69528723 5.25168413 31.14986444
v -12.69528723 5.25168413 31.65377384
v -12.19277489 5.25168413 32.15768325
v -12.69528723 5.75184429 29.63813621
v -12.19277489 5.75184429 29.13422680
v -12.69528723 5.75184429 30.14204562
v -12.69528723 5.75184429 30.64595503
v -12.69528723 5.75184429 31.14986444
v -12.69528723 5.75184429 31.65377384
v -12.19277489 5.75184429 32.15768325
v -12.69528723 6.25200444 29.63813621
v -12.19277489 6.25200444 29.13422680
v -12.69528723 6.25200444 30.14204562
v -12.69528723 6.25200444 30.64595503
v -12.69528723 6.25200444 31.14986444
v -12.69528723 6.25200444 31.65377384
v -12.19277489 6.25200444 32.15768325
v -12.69528723 6.75216460 29.63813621
v -12.19277489 6.75216460 29.13422680
v -12.69528723 6.75216460 30.14204562
v -12.69528723 6.75216460 30.64595503
v -12.69528723 6.75216460 31.14986444
v -12.69528723 6.75216460 31.65377384
v -12.69528723 6.75216460 32.15768325
v -12.19277489 6.75216460 32.66159266
v -12.19277489 7.25232476 29.63813621
v -12.69528723 7.25232476 30.14204562
v -12.69528723 7.25232476 30.64595503
v -12.69528723 7.25232476 31.14986444
v -12.69528723 7.25232476 31.65377384
v -12.69528723 7.25232476 32.15768325
v -12.19277489 7.25232476 32.66159266
v -12.69528723 7.75248492 30.14204562
v -12.19277489 7.75248492 29.63813621
v -12.69528723 7.75248492 30.64595503
v -12.69528723 7.75248492 31.14986444
v -12.69528723 7.75248492 31.65377384
v -12.69528723 7.75248492 32.15768325
v -12.19277489 7.75248492 32.66159266
v -12.69528723 8.25264508 30.14204562
v -12.19277489 8.25264508 29.63813621
v -12.69528723 8.25264508 30.64595503
v -12.69528723 8.25264508 31.14986444
v -12.69528723 8.25264508 31.65377384
v -12.69528723 8.25264508 32.15768325
v -12.69528723 8.25264508 32.66159266
v -12.19277489 8.25264508 33.16550207
v -12.19277489 8.75280523 30.14204562
v -12.69528723 8.75280523 30.64595503
v -12.69528723 8.75280523 31.14986444
v -12.69528723 8.75280523 31.65377384
v -12.69528723 8.75280523 32.15768325
v -12.69528723 8.75280523 32.66159266
v -12.19277489 8.75280523 33.16550207
v -12.69528723 9.25296539 30.64595503
v -12.19277489 9.25296539 30.14204562
v -12.69528723 9.25296539 31.14986444
v -12.69528723 9.25296539 31.65377384
v -12.69528723 9.25296539 32.15768325
v -12.69528723 9.25296539 32.66159266
v -12.69528723 9.25296539 33.16550207
v -12.19277489 9.25296539 33.66941148
v -12.69528723 9.75312555 30.64595503
v -12.19277489 9.75312555 30.14204562
v -12.69528723 9.75312555 31.14986444
v -12.69528723 9.75312555 31.65377384
v -12.69528723 9.75312555 32.15768325
v -12.69528723 9.75312555 32.66159266
v -12.69528723 9.75312555 33.16550207
v -12.19277489 9.75312555 33.66941148
v -12.19277489 10.25328571 30.64595503
v -12.69528723 10.25328571 31.14986444
v -12.69528723 10.25328571 31.65377384
v -12.69528723 10.25328571 32.15768325
v -12.69528723 10.25328571 32.66159266
v -12.69528723 10.25328571 33.16550207
v -12.19277489 10.25328571 33.66941148
v -12.69528723 10.75344586 31.14986444
v -12.19277489 10.75344586 30.64595503
v -12.69528723 10.75344586 31.65377384
v -12.69528723 10.75344586 32.15768325
v -12.69528723 10.75344586 32.66159266
v -12.69528723 10.75344586 33.16550207
v -12.19277489 10.75344586 33.66941148
v -12.69528723 11.25360602 31.14986444
v -12.19277489 11.25360602 30.64595503
v -12.69528723 11.25360602 31.65377384
v -12.69528723 11.25360602 32.15768325
v -12.69528723 11.25360602 32.66159266
v -12.69528723 11.25360602 33.16550207
v -12.19277489 11.25360602 33.66941148
v -12.19277489 11.75376618 31.14986444
v -12.69528723 11.75376618 31.65377384
v -12.69528723 11.75376618 32.15768325
v -12.69528723 11.75376618 32.66159266
v -12.69528723 11.75376618 33.16550207
v -12.19277489 11.75376618 33.66941148
v -12.19277489 12.25392634 31.65377384
v -12.69528723 12.25392634 32.15768325
v -12.69528723 12.25392634 32.66159266
v -12.19277489 12.25392634 33.16550207
v -12.19277489 12.75408649 32.15768325
v -12.19277489 12.75408649 32.66159266
v -11.69026256 -9.25296044 27.11858916
v -11.69026256 -9.75312060 27.62249857
v -11.69026256 -9.75312060 28.12640798
v -11.69026256 -9.75312060 28.63031739
v -11.69026256 -9.25296044 29.13422680
v -11.69026256 -8.75280029 26.61467975
v -11.69026256 -8.75280029 29.63813621
v -11.69026256 -8.25264013 26.61467975
v -11.69026256 -8.25264013 29.63813621
v -11.69026256 -7.75247997 26.61467975
v -12.19277489 -7.75247997 29.63813621
v -11.69026256 -7.75247997 30.14204562
v -11.69026256 -7.25231981 26.61467975
v -11.69026256 -7.25231981 30.14204562
v -11.69026256 -6.75215966 26.61467975
v -12.19277489 -6.75215966 30.14204562
v -11.69026256 -6.75215966 30.64595503
v -12.19277489 -6.25199950 27.11858916
v -11.69026256 -6.25199950 26.61467975
v -12.19277489 -6.25199950 30.14204562
v -11.69026256 -6.25199950 30.64595503
v -11.69026256 -5.75183934 27.11858916
v -11.69026256 -5.75183934 30.64595503
v -11.69026256 -5.25167918 27.11858916
v -12.19277489 -5.25167918 30.64595503
v -11.69026256 -5.25167918 31.14986444
v -12.19277489 -4.75151902 27.62249857
v -11.69026256 -4.75151902 27.11858916
v -12.19277489 -4.75151902 30.64595503
v -11.69026256 -4.75151902 31.14986444
v -12.19277489 -4.25135887 27.62249857
v -11.69026256 -4.25135887 27.11858916
v -12.19277489 -4.25135887 30.64595503
v -11.69026256 -4.25135887 31.14986444
v -11.69026256 -3.75119871 27.62249857
v -12.19277489 -3.75119871 31.14986444
v -11.69026256 -3.75119871 31.65377384
v -11.69026256 -3.25103855 27.62249857
v -12.19277489 -3.25103855 31.14986444
v -11.69026256 -3.25103855 31.65377384
v -12.19277489 -2.75087839 28.12640798
v -11.69026256 -2.75087839 27.62249857
v -11.69026256 -2.75087839 31.65377384
v -11.69026256 -2.25071824 27.62249857
v -12.19277489 -2.25071824 31.65377384
v -11.69026256 -2.25071824 32.15768325
v -11.69026256 -1.75055808 27.62249857
v -12.19277489 -1.75055808 31.65377384
v -11.69026256 -1.75055808 32.15768325
v -11.69026256 -1.25039792 27.62249857
v -11.69026256 -1.25039792 32.15768325
v -11.69026256 -0.75023776 27.62249857
v -12.19277489 -0.75023776 32.15768325
v -11.69026256 -0.75023776 32.66159266
v -11.69026256 -0.25007761 27.62249857
v -11.69026256 -0.25007761 32.66159266
v -11.69026256 0.25008255 27.62249857
v -11.69026256 0.25008255 32.66159266
v -11.69026256 0.75024271 27.62249857
v -11.69026256 0.75024271 32.66159266
v -11.69026256 1.25040287 27.62249857
v -11.69026256 1.25040287 32.66159266
v -11.69026256 1.75056303 27.62249857
v -11.69026256 1.75056303 32.66159266
v -11.69026256 2.25072318 27.62249857
v -12.19277489 2.25072318 32.66159266
v -11.69026256 2.25072318 33.16550207
v -11.69026256 2.75088334 27.62249857
v -12.19277489 2.75088334 32.66159266
v -11.69026256 2.75088334 33.16550207
v -12.19277489 3.25104350 28.12640798
v -11.69026256 3.25104350 27.62249857
v -12.19277489 3.25104350 32.66159266
v -11.69026256 3.25104350 33.16550207
v -12.19277489 3.75120366 28.12640798
v -11.69026256 3.75120366 27.62249857
v -12.19277489 3.75120366 32.66159266
v -11.69026256 3.75120366 33.16550207
v -11.69026256 4.25136381 28.12640798
v -12.19277489 4.25136381 32.66159266
v -11.69026256 4.25136381 33.16550207
v -11.69026256 4.75152397 28.12640798
v -12.19277489 4.75152397 32.66159266
v -11.69026256 4.75152397 33.16550207
v -12.19277489 5.25168413 28.63031739
v -11.69026256 5.25168413 28.12640798
v -12.19277489 5.25168413 32.66159266
v -11.69026256 5.25168413 33.16550207
v -12.19277489 5.75184429 28.63031739
v -11.69026256 5.75184429 28.12640798
v -12.19277489 5.75184429 32.66159266
v -11.69026256 5.75184429 33.16550207
v -12.19277489 6.25200444 28.63031739
v -11.69026256 6.25200444 28.12640798
v -12.19277489 6.25200444 32.66159266
v -11.69026256 6.25200444 33.16550207
v -11.69026256 6.75216460 28.63031739
v -11.69026256 6.75216460 33.16550207
v -12.19277489 7.25232476 29.13422680
v -11.69026256 7.25232476 28.63031739
v -12.19277489 7.25232476 33.16550207
v -11.69026256 7.25232476 33.66941148
v -12.19277489 7.75248492 29.13422680
v -11.69026256 7.75248492 28.63031739
v -12.19277489 7.75248492 33.16550207
v -11.69026256 7.75248492 33.66941148
v -11.69026256 8.25264508 29.13422680
v -11.69026256 8.25264508 33.66941148
v -12.19277489 8.75280523 29.63813621
v -11.69026256 8.75280523 29.13422680
v -11.69026256 8.75280523 33.66941148
v -12.19277489 9.25296539 29.63813621
v -11.69026256 9.25296539 29.13422680
v -11.69026256 9.25296539 34.17332089
v -11.69026256 9.75312555 29.63813621
v -11.69026256 9.75312555 34.17332089
v -12.19277489 10.25328571 30.14204562
v -11.69026256 10.25328571 29.63813621
v -11.69026256 10.25328571 34.17332089
v -12.19277489 10.75344586 30.14204562
v -11.69026256 10.75344586 29.63813621
v -11.69026256 10.75344586 34.17332089
v -11.69026256 11.25360602 30.14204562
v -11.69026256 11.25360602 34.17332089
v -12.19277489 11.75376618 30.64595503
v -11.69026256 11.75376618 30.14204562
v -11.69026256 11.75376618 34.17332089
v -11.69026256 12.25392634 30.64595503
v -12.19277489 12.25392634 31.14986444
v -12.19277489 12.25392634 33.66941148
v -11.69026256 12.25392634 34.17332089
v -11.69026256 12.75408649 31.14986444
v -12.19277489 12.75408649 31.65377384
v -12.19277489 12.75408649 33.16550207
v -11.69026256 12.75408649 33.66941148
v -11.69026256 13.25424665 31.65377384
v -12.19277489 13.25424665 32.15768325
v -12.19277489 13.25424665 32.66159266
v -11.69026256 13.25424665 33.16550207
v -11.69026256 13.75440681 32.15768325
v -11.69026256 13.75440681 32.66159266
v -11.18775022 -9.25296044 27.11858916
v -11.18775022 -9.75312060 27.62249857
v -11.18775022 -9.75312060 28.12640798
v -11.18775022 -9.75312060 28.63031739
v -11.18775022 -9.25296044 29.13422680
v -11.18775022 -8.75280029 26.61467975
v -11.18775022 -8.75280029 29.63813621
v -11.18775022 -8.25264013 26.61467975
v -11.18775022 -8.25264013 30.14204562
v -11.18775022 -7.75247997 26.61467975
v -11.18775022 -7.75247997 30.64595503
v -11.18775022 -7.25231981 26.61467975
v -11.18775022 -7.25231981 30.64595503
v -11.18775022 -6.75215966 26.61467975
v -11.18775022 -6.75215966 30.64595503
v -11.18775022 -6.25199950 26.61467975
v -11.18775022 -6.25199950 31.14986444
v -11.18775022 -5.75183934 26.61467975
v -11.18775022 -5.75183934 31.14986444
v -11.18775022 -5.25167918 26.61467975
v -11.18775022 -5.25167918 31.65377384
v -11.18775022 -4.75151902 26.61467975
v -11.18775022 -4.75151902 31.65377384
v -11.18775022 -4.25135887 27.11858916
v -11.18775022 -4.25135887 31.65377384
v -11.18775022 -3.75119871 27.11858916
v -11.18775022 -3.75119871 31.65377384
v -11.18775022 -3.25103855 27.11858916
v -11.18775022 -3.25103855 32.15768325
v -11.18775022 -2.75087839 27.11858916
v -11.18775022 -2.75087839 32.15768325
v -11.18775022 -2.25071824 27.11858916
v -11.18775022 -2.25071824 32.15768325
v -11.18775022 -1.75055808 27.11858916
v -11.18775022 -1.75055808 32.66159266
v -11.18775022 -1.25039792 27.11858916
v -11.18775022 -1.25039792 32.66159266
v -11.18775022 -0.75023776 27.11858916
v -11.18775022 -0.75023776 32.66159266
v -11.18775022 -0.25007761 27.11858916
v -11.18775022 -0.25007761 32.66159266
v -11.18775022 0.25008255 27.11858916
v -11.18775022 0.25008255 33.16550207
v -11.18775022 0.75024271 27.11858916
v -11.18775022 0.75024271 33.16550207
v -11.18775022 1.25040287 27.11858916
v -11.18775022 1.25040287 33.16550207
v -11.18775022 1.75056303 27.11858916
v -11.18775022 1.75056303 33.16550207
v -11.18775022 2.25072318 27.62249857
v -11.18775022 2.25072318 33.16550207
v -11.18775022 2.75088334 27.62249857
v -11.18775022 2.75088334 33.16550207
v -11.18775022 3.25104350 27.62249857
v -11.18775022 3.25104350 33.16550207
v -11.18775022 3.75120366 27.62249857
v -11.18775022 3.75120366 33.16550207
v -11.18775022 4.25136381 27.62249857
v -11.18775022 4.25136381 33.16550207
v -11.18775022 4.75152397 27.62249857
v -11.18775022 4.75152397 33.66941148
v -11.18775022 5.25168413 27.62249857
v -11.18775022 5.25168413 33.66941148
v -11.18775022 5.75184429 28.12640798
v -11.18775022 5.75184429 33.66941148
v -11.18775022 6.25200444 28.12640798
v -11.18775022 6.25200444 33.66941148
v -11.18775022 6.75216460 28.12640798
v -11.18775022 6.75216460 33.66941148
v -11.18775022 7.25232476 28.12640798
v -11.18775022 7.25232476 33.66941148
v -11.18775022 7.75248492 28.63031739
v -11.18775022 7.75248492 33.66941148
v -11.18775022 8.25264508 28.63031739
v -11.18775022 8.25264508 34.17332089
v -11.18775022 8.75280523 28.63031739
v -11.18775022 8.75280523 34.17332089
v -11.18775022 9.25296539 29.13422680
v -11.18775022 9.25296539 34.17332089
v -11.18775022 9.75312555 29.13422680
v -11.18775022 9.75312555 34.17332089
v -11.18775022 10.25328571 29.13422680
v -11.18775022 10.25328571 34.67723030
v -11.18775022 10.75344586 29.63813621
v -11.18775022 10.75344586 34.67723030
v -11.18775022 11.25360602 29.63813621
v -11.18775022 11.25360602 34.67723030
v -11.18775022 11.75376618 29.63813621
v -11.18775022 11.75376618 34.17332089
v -11.18775022 12.25392634 30.14204562
v -11.18775022 12.25392634 34.17332089
v -11.18775022 12.75408649 30.64595503
v -11.18775022 12.75408649 34.17332089
v -11.18775022 13.25424665 31.14986444
v -11.18775022 13.25424665 33.66941148
v -11.18775022 13.75440681 31.65377384
v -11.18775022 13.75440681 32.15768325
v -11.18775022 13.75440681 32.66159266
v -11.18775022 13.75440681 33.16550207
v -10.68523788 -9.25296044 27.62249857
v -10.68523788 -9.75312060 28.12640798
v -10.68523788 -9.25296044 28.63031739
v -10.68523788 -8.75280029 26.61467975
v -10.68523788 -9.25296044 27.11858916
v -10.68523788 -9.25296044 29.13422680
v -10.68523788 -8.75280029 29.63813621
v -10.68523788 -8.25264013 26.61467975
v -10.68523788 -8.25264013 30.14204562
v -10.68523788 -7.75247997 26.11077034
v -10.68523788 -7.75247997 30.64595503
v -10.68523788 -7.25231981 26.11077034
v -10.68523788 -7.25231981 30.64595503
v -10.68523788 -6.75215966 26.11077034
v -10.68523788 -6.75215966 31.14986444
v -10.68523788 -6.25199950 26.11077034
v -10.68523788 -6.25199950 31.14986444
v -10.68523788 -5.75183934 26.61467975
v -10.68523788 -5.75183934 31.65377384
v -10.68523788 -5.25167918 26.61467975
v -10.68523788 -5.25167918 31.65377384
v -10.68523788 -4.75151902 26.61467975
v -10.68523788 -4.75151902 31.65377384
v -10.68523788 -4.25135887 26.61467975
v -10.68523788 -4.25135887 32.15768325
v -10.68523788 -3.75119871 26.61467975
v -10.68523788 -3.75119871 32.15768325
v -10.68523788 -3.25103855 26.61467975
v -10.68523788 -3.25103855 32.15768325
v -10.68523788 -2.75087839 26.61467975
v -10.68523788 -2.75087839 32.66159266
v -10.68523788 -2.25071824 27.11858916
v -10.68523788 -2.25071824 32.66159266
v -10.68523788 -1.75055808 27.11858916
v -10.68523788 -1.75055808 32.66159266
v -10.68523788 -1.25039792 27.11858916
v -10.68523788 -1.25039792 32.66159266
v -10.68523788 -0.75023776 27.11858916
v -10.68523788 -0.75023776 33.16550207
v -10.68523788 -0.25007761 27.11858916
v -10.68523788 -0.25007761 33.16550207
v -10.68523788 0.25008255 27.11858916
v -10.68523788 0.25008255 33.16550207
v -10.68523788 0.75024271 27.11858916
v -10.68523788 0.75024271 33.16550207
v -10.68523788 1.25040287 27.11858916
v -10.68523788 1.25040287 33.16550207
v -10.68523788 1.75056303 27.11858916
v -10.68523788 1.75056303 33.66941148
v -10.68523788 2.25072318 27.11858916
v -10.68523788 2.25072318 33.66941148
v -10.68523788 2.75088334 27.11858916
v -10.68523788 2.75088334 33.66941148
v -10.68523788 3.25104350 27.11858916
v -10.68523788 3.25104350 33.66941148
v -10.68523788 3.75120366 27.11858916
v -10.68523788 3.75120366 33.66941148
v -10.68523788 4.25136381 27.11858916
v -10.68523788 4.25136381 33.66941148
v -10.68523788 4.75152397 27.62249857
v -10.68523788 4.75152397 33.66941148
v -10.68523788 5.25168413 27.62249857
v -10.68523788 5.25168413 33.66941148
v -10.68523788 5.75184429 27.62249857
v -10.68523788 5.75184429 33.66941148
v -10.68523788 6.25200444 27.62249857
v -10.68523788 6.25200444 34.17332089
v -10.68523788 6.75216460 27.62249857
v -10.68523788 6.75216460 34.17332089
v -10.68523788 7.25232476 28.12640798
v -10.68523788 7.25232476 34.17332089
v -10.68523788 7.75248492 28.12640798
v -10.68523788 7.75248492 34.17332089
v -10.68523788 8.25264508 28.12640798
v -10.68523788 8.25264508 34.17332089
v -10.68523788 8.75280523 28.63031739
v -10.68523788 8.75280523 34.17332089
v -10.68523788 9.25296539 28.63031739
v -10.68523788 9.25296539 34.67723030
v -10.68523788 9.75312555 28.63031739
v -10.68523788 9.75312555 34.67723030
v -10.68523788 10.25328571 29.13422680
v -10.68523788 10.25328571 34.67723030
v -10.68523788 10.75344586 29.13422680
v -10.68523788 10.75344586 34.67723030
v -10.68523788 11.25360602 29.13422680
v -10.68523788 11.25360602 34.67723030
v -10.68523788 11.75376618 29.63813621
v -10.68523788 11.75376618 34.67723030
v -10.68523788 12.25392634 29.63813621
v -10.68523788 12.25392634 34.17332089
v -10.68523788 12.75408649 30.14204562
v -10.68523788 12.75408649 34.17332089
v -10.68523788 13.25424665 30.64595503
v -10.68523788 13.25424665 33.66941148
v -10.68523788 13.75440681 31.14986444
v -10.68523788 13.75440681 31.65377384
v -10.68523788 13.75440681 32.15768325
v -10.68523788 13.75440681 32.66159266
v -10.68523788 13.75440681 33.16550207
v -10.18272555 -9.25296044 28.12640798
v -10.18272555 -8.75280029 27.11858916
v -10.18272555 -9.25296044 27.62249857
v -10.18272555 -9.25296044 28.63031739
v -10.18272555 -9.25296044 29.13422680
v -10.18272555 -8.75280029 29.63813621
v -10.18272555 -8.25264013 26.61467975
v -10.18272555 -8.25264013 30.14204562
v -10.18272555 -7.75247997 26.11077034
v -10.18272555 -7.75247997 30.64595503
v -10.18272555 -7.25231981 26.11077034
v -10.18272555 -7.25231981 31.14986444
v -10.18272555 -6.75215966 26.11077034
v -10.18272555 -6.75215966 31.14986444
v -10.18272555 -6.25199950 26.11077034
v -10.18272555 -6.25199950 31.65377384
v -10.18272555 -5.75183934 26.11077034
v -10.18272555 -5.75183934 31.65377384
v -10.18272555 -5.25167918 26.11077034
v -10.18272555 -5.25167918 31.65377384
v -10.18272555 -4.75151902 26.61467975
v -10.18272555 -4.75151902 32.15768325
v -10.18272555 -4.25135887 26.61467975
v -10.18272555 -4.25135887 32.15768325
v -10.18272555 -3.75119871 26.61467975
v -10.18272555 -3.75119871 32.15768325
v -10.18272555 -3.25103855 26.61467975
v -10.18272555 -3.25103855 32.66159266
v -10.18272555 -2.75087839 26.61467975
v -10.18272555 -2.75087839 32.66159266
v -10.18272555 -2.25071824 26.61467975
v -10.18272555 -2.25071824 32.66159266
v -10.18272555 -1.75055808 26.61467975
v -10.18272555 -1.75055808 33.16550207
v -10.18272555 -1.25039792 26.61467975
v -10.18272555 -1.25039792 33.16550207
v -10.18272555 -0.75023776 26.61467975
v -10.18272555 -0.75023776 33.16550207
v -10.18272555 -0.25007761 26.61467975
v -10.18272555 -0.25007761 33.16550207
v -10.18272555 0.25008255 26.61467975
v -10.18272555 0.25008255 33.16550207
v -10.18272555 0.75024271 27.11858916
v -10.18272555 0.75024271 33.66941148
v -10.18272555 1.25040287 27.11858916
v -10.18272555 1.25040287 33.66941148
v -10.18272555 1.75056303 27.11858916
v -10.18272555 1.75056303 33.66941148
v -10.18272555 2.25072318 27.11858916
v -10.18272555 2.25072318 33.66941148
v -10.18272555 2.75088334 27.11858916
v -10.18272555 2.75088334 33.66941148
v -10.18272555 3.25104350 27.11858916
v -10.18272555 3.25104350 33.66941148
v -10.18272555 3.75120366 27.11858916
v -10.18272555 3.75120366 33.66941148
v -10.18272555 4.25136381 27.11858916
v -10.18272555 4.25136381 34.17332089
v -10.18272555 4.75152397 27.11858916
v -10.18272555 4.75152397 34.17332089
v -10.18272555 5.25168413 27.11858916
v -10.18272555 5.25168413 34.17332089
v -10.18272555 5.75184429 27.62249857
v -10.18272555 5.75184429 34.17332089
v -10.18272555 6.25200444 27.62249857
v -10.18272555 6.25200444 34.17332089
v -10.18272555 6.75216460 27.62249857
v -10.18272555 6.75216460 34.17332089
v -10.18272555 7.25232476 27.62249857
v -10.18272555 7.25232476 34.17332089
v -10.18272555 7.75248492 28.12640798
v -10.18272555 7.75248492 34.17332089
v -10.18272555 8.25264508 28.12640798
v -10.18272555 8.25264508 34.67723030
v -10.18272555 8.75280523 28.12640798
v -10.18272555 8.75280523 34.67723030
v -10.18272555 9.25296539 28.12640798
v -10.18272555 9.25296539 34.67723030
v -10.18272555 9.75312555 28.63031739
v -10.18272555 9.75312555 34.67723030
v -10.18272555 10.25328571 28.63031739
v -10.18272555 10.25328571 34.67723030
v -10.18272555 10.75344586 29.13422680
v -10.18272555 10.75344586 34.67723030
v -10.18272555 11.25360602 29.13422680
v -10.18272555 11.25360602 34.67723030
v -10.18272555 11.75376618 29.13422680
v -10.18272555 11.75376618 34.67723030
v -10.18272555 12.25392634 29.63813621
v -10.18272555 12.25392634 34.17332089
v -10.18272555 12.75408649 30.14204562
v -10.18272555 12.75408649 34.17332089
v -10.18272555 13.25424665 30.64595503
v -10.18272555 13.25424665 33.66941148
v -10.18272555 13.75440681 31.14986444
v -10.18272555 13.75440681 31.65377384
v -10.18272555 13.75440681 32.15768325
v -10.18272555 13.75440681 32.66159266
v -10.18272555 13.75440681 33.16550207
v -9.68021321 -8.75280029 27.11858916
v -9.68021321 -9.25296044 27.62249857
v -9.68021321 -9.25296044 28.12640798
v -9.68021321 -9.25296044 28.63031739
v -9.68021321 -9.25296044 29.13422680
v -9.68021321 -8.75280029 29.63813621
v -9.68021321 -8.25264013 26.61467975
v -9.68021321 -8.25264013 30.14204562
v -9.68021321 -7.75247997 26.11077034
v -9.68021321 -7.75247997 30.64595503
v -9.68021321 -7.25231981 26.11077034
v -9.68021321 -7.25231981 31.14986444
v -9.68021321 -6.75215966 26.11077034
v -9.68021321 -6.75215966 31.14986444
v -9.68021321 -6.25199950 26.11077034
v -9.68021321 -6.25199950 31.65377384
v -9.68021321 -5.75183934 26.11077034
v -9.68021321 -5.75183934 31.65377384
v -9.68021321 -5.25167918 26.11077034
v -9.68021321 -5.25167918 32.15768325
v -9.68021321 -4.75151902 26.11077034
v -9.68021321 -4.75151902 32.15768325
v -9.68021321 -4.25135887 26.11077034
v -9.68021321 -4.25135887 32.15768325
v -9.68021321 -3.75119871 26.11077034
v -9.68021321 -3.75119871 32.66159266
v -9.68021321 -3.25103855 26.61467975
v -9.68021321 -3.25103855 32.66159266
v -9.68021321 -2.75087839 26.61467975
v -9.68021321 -2.75087839 32.66159266
v -9.68021321 -2.25071824 26.61467975
v -9.68021321 -2.25071824 33.16550207
v -9.68021321 -1.75055808 26.61467975
v -9.68021321 -1.75055808 33.16550207
v -9.68021321 -1.25039792 26.61467975
v -9.68021321 -1.25039792 33.16550207
v -9.68021321 -0.75023776 26.61467975
v -9.68021321 -0.75023776 33.16550207
v -9.68021321 -0.25007761 26.61467975
v -9.68021321 -0.25007761 33.66941148
v -9.68021321 0.25008255 26.61467975
v -9.68021321 0.25008255 33.66941148
v -9.68021321 0.75024271 26.61467975
v -9.68021321 0.75024271 33.66941148
v -9.68021321 1.25040287 26.61467975
v -9.68021321 1.25040287 33.66941148
v -9.68021321 1.75056303 26.61467975
v -9.68021321 1.75056303 33.66941148
v -9.68021321 2.25072318 26.61467975
v -9.68021321 2.25072318 33.66941148
v -9.68021321 2.75088334 26.61467975
v -9.68021321 2.75088334 34.17332089
v -9.68021321 3.25104350 27.11858916
v -9.68021321 3.25104350 34.17332089
v -9.68021321 3.75120366 27.11858916
v -9.68021321 3.75120366 34.17332089
v -9.68021321 4.25136381 27.11858916
v -9.68021321 4.25136381 34.17332089
v -9.68021321 4.75152397 27.11858916
v -9.68021321 4.75152397 34.17332089
v -9.68021321 5.25168413 27.11858916
v -9.68021321 5.25168413 34.17332089
v -9.68021321 5.75184429 27.11858916
v -9.68021321 5.75184429 34.17332089
v -9.68021321 6.25200444 27.62249857
v -9.68021321 6.25200444 34.17332089
v -9.68021321 6.75216460 27.62249857
v -9.68021321 6.75216460 34.67723030
v -9.68021321 7.25232476 27.62249857
v -9.68021321 7.25232476 34.67723030
v -9.68021321 7.75248492 27.62249857
v -9.68021321 7.75248492 34.67723030
v -9.68021321 8.25264508 27.62249857
v -9.68021321 8.25264508 34.67723030
v -9.68021321 8.75280523 28.12640798
v -9.68021321 8.75280523 34.67723030
v -9.68021321 9.25296539 28.12640798
v -9.68021321 9.25296539 34.67723030
v -9.68021321 9.75312555 28.12640798
v -9.68021321 9.75312555 34.67723030
v -9.68021321 10.25328571 28.63031739
v -9.68021321 10.25328571 34.67723030
v -9.68021321 10.75344586 28.63031739
v -9.68021321 10.75344586 34.67723030
v -9.68021321 11.25360602 29.13422680
v -9.68021321 11.25360602 34.67723030
v -9.68021321 11.75376618 29.13422680
v -9.68021321 11.75376618 34.67723030
v -9.68021321 12.25392634 29.63813621
v -9.68021321 12.25392634 34.17332089
v -9.68021321 12.75408649 30.14204562
v -9.68021321 12.75408649 34.17332089
v -9.68021321 13.25424665 30.64595503
v -9.68021321 13.25424665 33.66941148
v -9.68021321 13.75440681 31.14986444
v -9.68021321 13.75440681 31.65377384
v -9.68021321 13.75440681 32.15768325
v -9.68021321 13.75440681 32.66159266
v -9.68021321 13.75440681 33.16550207
v -9.17770088 -8.75280029 27.62249857
v -9.17770088 -9.25296044 28.12640798
v -9.17770088 -9.25296044 28.63031739
v -9.17770088 -8.75280029 29.13422680
v -9.17770088 -8.25264013 26.61467975
v -9.17770088 -8.75280029 27.11858916
v -9.17770088 -8.75280029 29.63813621
v -9.17770088 -8.25264013 30.14204562
v -9.17770088 -7.75247997 26.61467975
v -9.17770088 -7.75247997 30.64595503
v -9.17770088 -7.25231981 26.11077034
v -9.17770088 -7.25231981 31.14986444
v -9.17770088 -6.75215966 26.11077034
v -9.17770088 -6.75215966 31.14986444
v -9.17770088 -6.25199950 26.11077034
v -9.17770088 -6.25199950 31.65377384
v -9.17770088 -5.75183934 26.11077034
v -9.17770088 -5.75183934 31.65377384
v -9.17770088 -5.25167918 26.11077034
v -9.17770088 -5.25167918 32.15768325
v -9.17770088 -4.75151902 26.11077034
v -9.17770088 -4.75151902 32.15768325
v -9.17770088 -4.25135887 26.11077034
v -9.17770088 -4.25135887 32.66159266
v -9.17770088 -3.75119871 26.11077034
v -9.17770088 -3.75119871 32.66159266
v -9.17770088 -3.25103855 26.11077034
v -9.17770088 -3.25103855 32.66159266
v -9.17770088 -2.75087839 26.11077034
v -9.17770088 -2.75087839 33.16550207
v -9.17770088 -2.25071824 26.61467975
v -9.17770088 -2.25071824 33.16550207
v -9.17770088 -1.75055808 26.61467975
v -9.17770088 -1.75055808 33.16550207
v -9.17770088 -1.25039792 26.61467975
v -9.17770088 -1.25039792 33.16550207
v -9.17770088 -0.75023776 26.61467975
v -9.17770088 -0.75023776 33.66941148
v -9.17770088 -0.25007761 26.61467975
v -9.17770088 -0.25007761 33.66941148
v -9.17770088 0.25008255 26.61467975
v -9.17770088 0.25008255 33.66941148
v -9.17770088 0.75024271 26.61467975
v -9.17770088 0.75024271 33.66941148
v -9.17770088 1.25040287 26.61467975
v -9.17770088 1.25040287 33.66941148
v -9.17770088 1.75056303 26.61467975
v -9.17770088 1.75056303 33.66941148
v -9.17770088 2.25072318 26.61467975
v -9.17770088 2.25072318 34.17332089
v -9.17770088 2.75088334 26.61467975
v -9.17770088 2.75088334 34.17332089
v -9.17770088 3.25104350 26.61467975
v -9.17770088 3.25104350 34.17332089
v -9.17770088 3.75120366 26.61467975
v -9.17770088 3.75120366 34.17332089
v -9.17770088 4.25136381 27.11858916
v -9.17770088 4.25136381 34.17332089
v -9.17770088 4.75152397 27.11858916
v -9.17770088 4.75152397 34.17332089
v -9.17770088 5.25168413 27.11858916
v -9.17770088 5.25168413 34.17332089
v -9.17770088 5.75184429 27.11858916
v -9.17770088 5.75184429 34.67723030
v -9.17770088 6.25200444 27.11858916
v -9.17770088 6.25200444 34.67723030
v -9.17770088 6.75216460 27.62249857
v -9.17770088 6.75216460 34.67723030
v -9.17770088 7.25232476 27.62249857
v -9.17770088 7.25232476 34.67723030
v -9.17770088 7.75248492 27.62249857
v -9.17770088 7.75248492 34.67723030
v -9.17770088 8.25264508 27.62249857
v -9.17770088 8.25264508 34.67723030
v -9.17770088 8.75280523 27.62249857
v -9.17770088 8.75280523 34.67723030
v -9.17770088 9.25296539 28.12640798
v -9.17770088 9.25296539 34.67723030
v -9.17770088 9.75312555 28.12640798
v -9.17770088 9.75312555 34.67723030
v -9.17770088 10.25328571 28.12640798
v -9.17770088 10.25328571 34.67723030
v -9.17770088 10.75344586 28.63031739
v -9.17770088 10.75344586 34.67723030
v -9.17770088 11.25360602 28.63031739
v -9.17770088 11.25360602 34.67723030
v -9.17770088 11.75376618 29.13422680
v -9.17770088 11.75376618 34.67723030
v -9.17770088 12.25392634 29.63813621
v -9.17770088 12.25392634 34.17332089
v -9.17770088 12.75408649 30.14204562
v -9.17770088 12.75408649 34.17332089
v -9.17770088 13.25424665 30.64595503
v -9.17770088 13.25424665 33.16550207
v -9.17770088 13.25424665 33.66941148
v -9.17770088 13.75440681 31.14986444
v -9.17770088 13.75440681 31.65377384
v -9.17770088 13.75440681 32.15768325
v -9.17770088 13.75440681 32.66159266
v -8.67518854 -8.75280029 28.12640798
v -8.67518854 -8.75280029 28.63031739
v -8.67518854 -8.25264013 27.11858916
v -8.67518854 -8.75280029 27.62249857
v -8.67518854 -8.75280029 29.13422680
v -8.67518854 -8.75280029 29.63813621
v -8.67518854 -8.25264013 30.14204562
v -8.67518854 -7.75247997 26.61467975
v -8.67518854 -7.75247997 30.64595503
v -8.67518854 -7.25231981 26.11077034
v -8.67518854 -7.25231981 31.14986444
v -8.67518854 -6.75215966 26.11077034
v -8.67518854 -6.75215966 31.14986444
v -8.67518854 -6.25199950 26.11077034
v -8.67518854 -6.25199950 31.65377384
v -8.67518854 -5.75183934 26.11077034
v -8.67518854 -5.75183934 31.65377384
v -8.67518854 -5.25167918 26.11077034
v -8.67518854 -5.25167918 32.15768325
v -8.67518854 -4.75151902 26.11077034
v -8.67518854 -4.75151902 32.15768325
v -8.67518854 -4.25135887 26.11077034
v -8.67518854 -4.25135887 32.66159266
v -8.67518854 -3.75119871 26.11077034
v -8.67518854 -3.75119871 32.66159266
v -8.67518854 -3.25103855 26.11077034
v -8.67518854 -3.25103855 32.66159266
v -8.67518854 -2.75087839 26.11077034
v -8.67518854 -2.75087839 33.16550207
v -8.67518854 -2.25071824 26.11077034
v -8.67518854 -2.25071824 33.16550207
v -8.67518854 -1.75055808 26.11077034
v -8.67518854 -1.75055808 33.16550207
v -8.67518854 -1.25039792 26.61467975
v -8.67518854 -1.25039792 33.66941148
v -8.67518854 -0.75023776 26.61467975
v -8.67518854 -0.75023776 33.66941148
v -8.67518854 -0.25007761 26.61467975
v -8.67518854 -0.25007761 33.66941148
v -8.67518854 0.25008255 26.61467975
v -8.67518854 0.25008255 33.66941148
v -8.67518854 0.75024271 26.61467975
v -8.67518854 0.75024271 33.66941148
v -8.67518854 1.25040287 26.61467975
v -8.67518854 1.25040287 33.66941148
v -8.67518854 1.75056303 26.61467975
v -8.67518854 1.75056303 34.17332089
v -8.67518854 2.25072318 26.61467975
v -8.67518854 2.25072318 34.17332089
v -8.67518854 2.75088334 26.61467975
v -8.67518854 2.75088334 34.17332089
v -8.67518854 3.25104350 26.61467975
v -8.67518854 3.25104350 34.17332089
v -8.67518854 3.75120366 26.61467975
v -8.67518854 3.75120366 34.17332089
v -8.67518854 4.25136381 27.11858916
v -8.67518854 4.25136381 34.17332089
v -8.67518854 4.75152397 27.11858916
v -8.67518854 4.75152397 34.67723030
v -8.67518854 5.25168413 27.11858916
v -8.67518854 5.25168413 34.67723030
v -8.67518854 5.75184429 27.11858916
v -8.67518854 5.75184429 34.67723030
v -8.67518854 6.25200444 27.11858916
v -8.67518854 6.25200444 34.67723030
v -8.67518854 6.75216460 27.62249857
v -8.67518854 6.75216460 34.67723030
v -8.67518854 7.25232476 27.62249857
v -8.67518854 7.25232476 34.67723030
v -8.67518854 7.75248492 27.62249857
v -8.67518854 7.75248492 34.67723030
v -8.67518854 8.25264508 27.62249857
v -8.67518854 8.25264508 34.67723030
v -8.67518854 8.75280523 27.62249857
v -8.67518854 8.75280523 34.67723030
v -8.67518854 9.25296539 27.62249857
v -8.67518854 9.25296539 34.67723030
v -8.67518854 9.75312555 28.12640798
v -8.67518854 9.75312555 34.67723030
v -8.67518854 10.25328571 28.12640798
v -8.67518854 10.25328571 34.67723030
v -8.67518854 10.75344586 28.63031739
v -8.67518854 10.75344586 34.67723030
v -8.67518854 11.25360602 28.63031739
v -8.67518854 11.25360602 34.67723030
v -8.67518854 11.75376618 29.13422680
v -8.67518854 11.75376618 34.17332089
v -8.67518854 12.25392634 29.13422680
v -8.67518854 12.25392634 34.17332089
v -8.67518854 12.75408649 29.63813621
v -8.67518854 12.75408649 30.14204562
v -8.67518854 12.75408649 33.66941148
v -8.67518854 13.25424665 30.64595503
v -8.67518854 13.25424665 31.14986444
v -8.67518854 13.25424665 32.66159266
v -8.67518854 13.25424665 33.16550207
v -8.67518854 13.75440681 31.65377384
v -8.67518854 13.75440681 32.15768325
v -8.17267621 -8.25264013 27.11858916
v -8.17267621 -8.75280029 27.62249857
v -8.17267621 -8.75280029 28.12640798
v -8.17267621 -8.75280029 28.63031739
v -8.17267621 -8.75280029 29.13422680
v -8.17267621 -8.75280029 29.63813621
v -8.17267621 -8.25264013 30.14204562
v -8.17267621 -7.75247997 26.61467975
v -8.17267621 -7.75247997 30.64595503
v -8.17267621 -7.25231981 26.61467975
v -8.17267621 -7.25231981 31.14986444
v -8.17267621 -6.75215966 26.11077034
v -8.17267621 -6.75215966 31.14986444
v -8.17267621 -6.25199950 26.11077034
v -8.17267621 -6.25199950 31.65377384
v -8.17267621 -5.75183934 26.11077034
v -8.17267621 -5.75183934 31.65377384
v -8.17267621 -5.25167918 26.11077034
v -8.17267621 -5.25167918 32.15768325
v -8.17267621 -4.75151902 26.11077034
v -8.17267621 -4.75151902 32.15768325
v -8.17267621 -4.25135887 26.11077034
v -8.17267621 -4.25135887 32.66159266
v -8.17267621 -3.75119871 26.11077034
v -8.17267621 -3.75119871 32.66159266
v -8.17267621 -3.25103855 26.11077034
v -8.17267621 -3.25103855 32.66159266
v -8.17267621 -2.75087839 26.11077034
v -8.17267621 -2.75087839 33.16550207
v -8.17267621 -2.25071824 26.11077034
v -8.17267621 -2.25071824 33.16550207
v -8.17267621 -1.75055808 26.11077034
v -8.17267621 -1.75055808 33.16550207
v -8.17267621 -1.25039792 26.11077034
v -8.17267621 -1.25039792 33.66941148
v -8.17267621 -0.75023776 26.11077034
v -8.17267621 -0.75023776 33.66941148
v -8.17267621 -0.25007761 26.61467975
v -8.17267621 -0.25007761 33.66941148
v -8.17267621 0.25008255 26.61467975
v -8.17267621 0.25008255 33.66941148
v -8.17267621 0.75024271 26.61467975
v -8.17267621 0.75024271 34.17332089
v -8.17267621 1.25040287 26.61467975
v -8.17267621 1.25040287 34.17332089
v -8.17267621 1.75056303 26.61467975
v -8.17267621 1.75056303 34.17332089
v -8.17267621 2.25072318 26.61467975
v -8.17267621 2.25072318 34.17332089
v -8.17267621 2.75088334 26.61467975
v -8.17267621 2.75088334 34.17332089
v -8.17267621 3.25104350 26.61467975
v -8.17267621 3.25104350 34.17332089
v -8.17267621 3.75120366 26.61467975
v -8.17267621 3.75120366 34.17332089
v -8.17267621 4.25136381 26.61467975
v -8.17267621 4.25136381 34.67723030
v -8.17267621 4.75152397 27.11858916
v -8.17267621 4.75152397 34.67723030
v -8.17267621 5.25168413 27.11858916
v -8.17267621 5.25168413 34.67723030
v -8.17267621 5.75184429 27.11858916
v -8.17267621 5.75184429 34.67723030
v -8.17267621 6.25200444 27.11858916
v -8.17267621 6.25200444 34.67723030
v -8.17267621 6.75216460 27.11858916
v -8.17267621 6.75216460 34.67723030
v -8.17267621 7.25232476 27.62249857
v -8.17267621 7.25232476 34.67723030
v -8.17267621 7.75248492 27.62249857
v -8.17267621 7.75248492 34.67723030
v -8.17267621 8.25264508 27.62249857
v -8.17267621 8.25264508 34.67723030
v -8.17267621 8.75280523 27.62249857
v -8.17267621 8.75280523 34.67723030
v -8.17267621 9.25296539 27.62249857
v -8.17267621 9.25296539 34.67723030
v -8.17267621 9.75312555 28.12640798
v -8.17267621 9.75312555 34.67723030
v -8.17267621 10.25328571 28.12640798
v -8.17267621 10.25328571 34.67723030
v -8.17267621 10.75344586 28.12640798
v -8.17267621 10.75344586 34.67723030
v -8.17267621 11.25360602 28.63031739
v -8.17267621 11.25360602 34.17332089
v -8.17267621 11.75376618 29.13422680
v -8.17267621 11.75376618 34.17332089
v -8.17267621 12.25392634 29.13422680
v -8.17267621 12.25392634 33.66941148
v -8.17267621 12.75408649 29.63813621
v -8.17267621 12.75408649 30.14204562
v -8.17267621 12.75408649 33.16550207
v -8.17267621 13.25424665 30.64595503
v -8.17267621 13.25424665 31.14986444
v -8.17267621 13.25424665 31.65377384
v -8.17267621 13.25424665 32.15768325
v -8.17267621 13.25424665 32.66159266
v -7.67016387 -8.25264013 27.62249857
v -7.67016387 -8.25264013 28.12640798
v -7.67016387 -8.75280029 28.63031739
v -7.67016387 -8.25264013 29.13422680
v -7.67016387 -8.25264013 29.63813621
v -7.67016387 -7.75247997 26.61467975
v -7.67016387 -8.25264013 27.11858916
v -7.67016387 -8.25264013 30.14204562
v -7.67016387 -7.75247997 30.64595503
v -7.67016387 -7.25231981 26.61467975
v -7.67016387 -7.25231981 31.14986444
v -7.67016387 -6.75215966 26.11077034
v -7.67016387 -6.75215966 31.14986444
v -7.67016387 -6.25199950 26.11077034
v -7.67016387 -6.25199950 31.65377384
v -7.67016387 -5.75183934 26.11077034
v -7.67016387 -5.75183934 31.65377384
v -7.67016387 -5.25167918 26.11077034
v -7.67016387 -5.25167918 32.15768325
v -7.67016387 -4.75151902 26.11077034
v -7.67016387 -4.75151902 32.15768325
v -7.67016387 -4.25135887 26.11077034
v -7.67016387 -4.25135887 32.66159266
v -7.67016387 -3.75119871 26.11077034
v -7.67016387 -3.75119871 32.66159266
v -7.67016387 -3.25103855 26.11077034
v -7.67016387 -3.25103855 32.66159266
v -7.67016387 -2.75087839 26.11077034
v -7.67016387 -2.75087839 33.16550207
v -7.67016387 -2.25071824 26.11077034
v -7.67016387 -2.25071824 33.16550207
v -7.67016387 -1.75055808 26.11077034
v -7.67016387 -1.75055808 33.16550207
v -7.67016387 -1.25039792 26.11077034
v -7.67016387 -1.25039792 33.66941148
v -7.67016387 -0.75023776 26.11077034
v -7.67016387 -0.75023776 33.66941148
v -7.67016387 -0.25007761 26.11077034
v -7.67016387 -0.25007761 33.66941148
v -7.67016387 0.25008255 26.61467975
v -7.67016387 0.25008255 34.17332089
v -7.67016387 0.75024271 26.61467975
v -7.67016387 0.75024271 34.17332089
v -7.67016387 1.25040287 26.61467975
v -7.67016387 1.25040287 34.17332089
v -7.67016387 1.75056303 26.61467975
v -7.67016387 1.75056303 34.17332089
v -7.67016387 2.25072318 26.61467975
v -7.67016387 2.25072318 34.17332089
v -7.67016387 2.75088334 26.61467975
v -7.67016387 2.75088334 34.17332089
v -7.67016387 3.25104350 26.61467975
v -7.67016387 3.25104350 34.17332089
v -7.67016387 3.75120366 26.61467975
v -7.67016387 3.75120366 34.67723030
v -7.67016387 4.25136381 26.61467975
v -7.67016387 4.25136381 34.67723030
v -7.67016387 4.75152397 27.11858916
v -7.67016387 4.75152397 34.67723030
v -7.67016387 5.25168413 27.11858916
v -7.67016387 5.25168413 34.67723030
v -7.67016387 5.75184429 27.11858916
v -7.67016387 5.75184429 34.67723030
v -7.67016387 6.25200444 27.11858916
v -7.67016387 6.25200444 34.67723030
v -7.67016387 6.75216460 27.11858916
v -7.67016387 6.75216460 34.67723030
v -7.67016387 7.25232476 27.62249857
v -7.67016387 7.25232476 34.67723030
v -7.67016387 7.75248492 27.62249857
v -7.67016387 7.75248492 34.67723030
v -7.67016387 8.25264508 27.62249857
v -7.67016387 8.25264508 34.67723030
v -7.67016387 8.75280523 27.62249857
v -7.67016387 8.75280523 34.67723030
v -7.67016387 9.25296539 27.62249857
v -7.67016387 9.25296539 34.67723030
v -7.67016387 9.75312555 28.12640798
v -7.67016387 9.75312555 34.67723030
v -7.67016387 10.25328571 28.12640798
v -7.67016387 10.25328571 34.67723030
v -7.67016387 10.75344586 28.12640798
v -7.67016387 10.75344586 34.67723030
v -7.67016387 11.25360602 28.63031739
v -7.67016387 11.25360602 34.17332089
v -7.67016387 11.75376618 29.13422680
v -7.67016387 11.75376618 34.17332089
v -7.67016387 12.25392634 29.63813621
v -7.67016387 12.25392634 33.66941148
v -7.67016387 12.75408649 30.14204562
v -7.67016387 12.75408649 30.64595503
v -7.67016387 12.75408649 32.66159266
v -7.67016387 12.75408649 33.16550207
v -7.67016387 13.25424665 31.14986444
v -7.67016387 13.25424665 31.65377384
v -7.67016387 13.25424665 32.15768325
v -7.16765153 -8.25264013 28.63031739
v -7.16765153 -7.75247997 27.11858916
v -7.16765153 -8.25264013 27.62249857
v -7.16765153 -8.25264013 28.12640798
v -7.16765153 -8.25264013 29.13422680
v -7.16765153 -8.25264013 29.63813621
v -7.16765153 -7.75247997 30.14204562
v -7.16765153 -7.25231981 26.61467975
v -7.16765153 -7.25231981 30.64595503
v -7.16765153 -6.75215966 26.61467975
v -7.16765153 -6.75215966 31.14986444
v -7.16765153 -6.25199950 26.11077034
v -7.16765153 -6.25199950 31.65377384
v -7.16765153 -5.75183934 26.11077034
v -7.16765153 -5.75183934 31.65377384
v -7.16765153 -5.25167918 26.11077034
v -7.16765153 -5.25167918 32.15768325
v -7.16765153 -4.75151902 26.11077034
v -7.16765153 -4.75151902 32.15768325
v -7.16765153 -4.25135887 26.11077034
v -7.16765153 -4.25135887 32.15768325
v -7.16765153 -3.75119871 26.11077034
v -7.16765153 -3.75119871 32.66159266
v -7.16765153 -3.25103855 26.11077034
v -7.16765153 -3.25103855 32.66159266
v -7.16765153 -2.75087839 26.11077034
v -7.16765153 -2.75087839 33.16550207
v -7.16765153 -2.25071824 26.11077034
v -7.16765153 -2.25071824 33.16550207
v -7.16765153 -1.75055808 26.11077034
v -7.16765153 -1.75055808 33.16550207
v -7.16765153 -1.25039792 26.11077034
v -7.16765153 -1.25039792 33.66941148
v -7.16765153 -0.75023776 26.11077034
v -7.16765153 -0.75023776 33.66941148
v -7.16765153 -0.25007761 26.11077034
v -7.16765153 -0.25007761 33.66941148
v -7.16765153 0.25008255 26.11077034
v -7.16765153 0.25008255 34.17332089
v -7.16765153 0.75024271 26.11077034
v -7.16765153 0.75024271 34.17332089
v -7.16765153 1.25040287 26.61467975
v -7.16765153 1.25040287 34.17332089
v -7.16765153 1.75056303 26.61467975
v -7.16765153 1.75056303 34.17332089
v -7.16765153 2.25072318 26.61467975
v -7.16765153 2.25072318 34.17332089
v -7.16765153 2.75088334 26.61467975
v -7.16765153 2.75088334 34.67723030
v -7.16765153 3.25104350 26.61467975
v -7.16765153 3.25104350 34.67723030
v -7.16765153 3.75120366 26.61467975
v -7.16765153 3.75120366 34.67723030
v -7.16765153 4.25136381 26.61467975
v -7.16765153 4.25136381 34.67723030
v -7.16765153 4.75152397 26.61467975
v -7.16765153 4.75152397 34.67723030
v -7.16765153 5.25168413 27.11858916
v -7.16765153 5.25168413 34.67723030
v -7.16765153 5.75184429 27.11858916
v -7.16765153 5.75184429 34.67723030
v -7.16765153 6.25200444 27.11858916
v -7.16765153 6.25200444 34.67723030
v -7.16765153 6.75216460 27.11858916
v -7.16765153 6.75216460 34.67723030
v -7.16765153 7.25232476 27.11858916
v -7.16765153 7.25232476 34.67723030
v -7.16765153 7.75248492 27.62249857
v -7.16765153 7.75248492 34.67723030
v -7.16765153 8.25264508 27.62249857
v -7.16765153 8.25264508 34.67723030
v -7.16765153 8.75280523 27.62249857
v -7.16765153 8.75280523 34.67723030
v -7.16765153 9.25296539 27.62249857
v -7.16765153 9.25296539 34.67723030
v -7.16765153 9.75312555 27.62249857
v -7.16765153 9.75312555 34.67723030
v -7.16765153 10.25328571 28.12640798
v -7.16765153 10.25328571 34.67723030
v -7.16765153 10.75344586 28.12640798
v -7.16765153 10.75344586 34.17332089
v -7.16765153 11.25360602 28.63031739
v -7.16765153 11.25360602 34.17332089
v -7.16765153 11.75376618 29.13422680
v -7.16765153 11.75376618 33.66941148
v -7.16765153 12.25392634 29.63813621
v -7.16765153 12.25392634 33.16550207
v -7.16765153 12.75408649 30.14204562
v -7.16765153 12.75408649 30.64595503
v -7.16765153 12.75408649 31.14986444
v -7.16765153 12.75408649 31.65377384
v -7.16765153 12.75408649 32.15768325
v -7.16765153 12.75408649 32.66159266
v -6.66513920 -7.75247997 27.62249857
v -6.66513920 -8.25264013 28.12640798
v -6.66513920 -8.25264013 28.63031739
v -6.66513920 -8.25264013 29.13422680
v -6.66513920 -7.75247997 29.63813621
v -6.66513920 -7.25231981 27.11858916
v -6.66513920 -7.75247997 30.14204562
v -6.66513920 -7.25231981 30.64595503
v -6.66513920 -6.75215966 26.61467975
v -6.66513920 -6.75215966 31.14986444
v -6.66513920 -6.25199950 26.61467975
v -6.66513920 -6.25199950 31.14986444
v -6.66513920 -5.75183934 26.11077034
v -6.66513920 -5.75183934 31.65377384
v -6.66513920 -5.25167918 26.11077034
v -6.66513920 -5.25167918 31.65377384
v -6.66513920 -4.75151902 26.11077034
v -6.66513920 -4.75151902 32.15768325
v -6.66513920 -4.25135887 26.11077034
v -6.66513920 -4.25135887 32.15768325
v -6.66513920 -3.75119871 26.11077034
v -6.66513920 -3.75119871 32.66159266
v -6.66513920 -3.25103855 26.11077034
v -6.66513920 -3.25103855 32.66159266
v -6.66513920 -2.75087839 26.11077034
v -6.66513920 -2.75087839 33.16550207
v -6.66513920 -2.25071824 26.11077034
v -6.66513920 -2.25071824 33.16550207
v -6.66513920 -1.75055808 26.11077034
v -6.66513920 -1.75055808 33.16550207
v -6.66513920 -1.25039792 26.11077034
v -6.66513920 -1.25039792 33.66941148
v -6.66513920 -0.75023776 26.11077034
v -6.66513920 -0.75023776 33.66941148
v -6.66513920 -0.25007761 26.11077034
v -6.66513920 -0.25007761 34.17332089
v -6.66513920 0.25008255 26.11077034
v -6.66513920 0.25008255 34.17332089
v -6.66513920 0.75024271 26.11077034
v -6.66513920 0.75024271 34.17332089
v -6.66513920 1.25040287 26.11077034
v -6.66513920 1.25040287 34.17332089
v -6.66513920 1.75056303 26.61467975
v -6.66513920 1.75056303 34.17332089
v -6.66513920 2.25072318 26.61467975
v -6.66513920 2.25072318 34.17332089
v -6.66513920 2.75088334 26.61467975
v -6.66513920 2.75088334 34.67723030
v -6.66513920 3.25104350 26.61467975
v -6.66513920 3.25104350 34.67723030
v -6.66513920 3.75120366 26.61467975
v -6.66513920 3.75120366 34.67723030
v -6.66513920 4.25136381 26.61467975
v -6.66513920 4.25136381 34.67723030
v -6.66513920 4.75152397 26.61467975
v -6.66513920 4.75152397 34.67723030
v -6.66513920 5.25168413 27.11858916
v -6.66513920 5.25168413 34.67723030
v -6.66513920 5.75184429 27.11858916
v -6.66513920 5.75184429 34.67723030
v -6.66513920 6.25200444 27.11858916
v -6.66513920 6.25200444 34.67723030
v -6.66513920 6.75216460 27.11858916
v -6.66513920 6.75216460 34.67723030
v -6.66513920 7.25232476 27.11858916
v -6.66513920 7.25232476 34.67723030
v -6.66513920 7.75248492 27.62249857
v -6.66513920 7.75248492 34.67723030
v -6.66513920 8.25264508 27.62249857
v -6.66513920 8.25264508 34.67723030
v -6.66513920 8.75280523 27.62249857
v -6.66513920 8.75280523 34.67723030
v -6.66513920 9.25296539 27.62249857
v -6.66513920 9.25296539 34.67723030
v -6.66513920 9.75312555 27.62249857
v -6.66513920 9.75312555 34.67723030
v -6.66513920 10.25328571 28.12640798
v -6.66513920 10.25328571 34.17332089
v -6.66513920 10.75344586 28.12640798
v -6.66513920 10.75344586 34.17332089
v -6.66513920 11.25360602 28.63031739
v -6.66513920 11.25360602 33.66941148
v -6.66513920 11.75376618 29.13422680
v -6.66513920 11.75376618 33.66941148
v -6.66513920 12.25392634 29.63813621
v -6.66513920 12.25392634 30.14204562
v -6.66513920 12.25392634 32.66159266
v -6.66513920 12.25392634 33.16550207
v -6.66513920 12.75408649 30.64595503
v -6.66513920 12.75408649 31.14986444
v -6.66513920 12.75408649 31.65377384
v -6.66513920 12.75408649 32.15768325
v -6.16262686 -7.75247997 28.12640798
v -6.16262686 -7.75247997 28.63031739
v -6.16262686 -7.75247997 29.13422680
v -6.16262686 -7.25231981 27.11858916
v -6.16262686 -7.75247997 27.62249857
v -6.16262686 -7.75247997 29.63813621
v -6.16262686 -7.25231981 30.14204562
v -6.16262686 -6.75215966 26.61467975
v -6.16262686 -6.75215966 30.64595503
v -6.16262686 -6.25199950 26.61467975
v -6.16262686 -6.25199950 31.14986444
v -6.16262686 -5.75183934 26.61467975
v -6.16262686 -5.75183934 31.65377384
v -6.16262686 -5.25167918 26.11077034
v -6.16262686 -5.25167918 31.65377384
v -6.16262686 -4.75151902 26.11077034
v -6.16262686 -4.75151902 32.15768325
v -6.16262686 -4.25135887 26.11077034
v -6.16262686 -4.25135887 32.15768325
v -6.16262686 -3.75119871 26.11077034
v -6.16262686 -3.75119871 32.66159266
v -6.16262686 -3.25103855 26.11077034
v -6.16262686 -3.25103855 32.66159266
v -6.16262686 -2.75087839 26.11077034
v -6.16262686 -2.75087839 32.66159266
v -6.16262686 -2.25071824 26.11077034
v -6.16262686 -2.25071824 33.16550207
v -6.16262686 -1.75055808 26.11077034
v -6.16262686 -1.75055808 33.16550207
v -6.16262686 -1.25039792 26.11077034
v -6.16262686 -1.25039792 33.66941148
v -6.16262686 -0.75023776 26.11077034
v -6.16262686 -0.75023776 33.66941148
v -6.16262686 -0.25007761 26.11077034
v -6.16262686 -0.25007761 34.17332089
v -6.16262686 0.25008255 26.11077034
v -6.16262686 0.25008255 34.17332089
v -6.16262686 0.75024271 26.11077034
v -6.16262686 0.75024271 34.17332089
v -6.16262686 1.25040287 26.11077034
v -6.16262686 1.25040287 34.17332089
v -6.16262686 1.75056303 26.11077034
v -6.16262686 1.75056303 34.67723030
v -6.16262686 2.25072318 26.61467975
v -6.16262686 2.25072318 34.67723030
v -6.16262686 2.75088334 26.61467975
v -6.16262686 2.75088334 34.67723030
v -6.16262686 3.25104350 26.61467975
v -6.16262686 3.25104350 34.67723030
v -6.16262686 3.75120366 26.61467975
v -6.16262686 3.75120366 34.67723030
v -6.16262686 4.25136381 26.61467975
v -6.16262686 4.25136381 34.67723030
v -6.16262686 4.75152397 26.61467975
v -6.16262686 4.75152397 34.67723030
v -6.16262686 5.25168413 27.11858916
v -6.16262686 5.25168413 34.67723030
v -6.16262686 5.75184429 27.11858916
v -6.16262686 5.75184429 34.67723030
v -6.16262686 6.25200444 27.11858916
v -6.16262686 6.25200444 35.18113971
v -6.16262686 6.75216460 27.11858916
v -6.16262686 6.75216460 35.18113971
v -6.16262686 7.25232476 27.11858916
v -6.16262686 7.25232476 35.18113971
v -6.16262686 7.75248492 27.11858916
v -6.16262686 7.75248492 34.67723030
v -6.16262686 8.25264508 27.62249857
v -6.16262686 8.25264508 34.67723030
v -6.16262686 8.75280523 27.62249857
v -6.16262686 8.75280523 34.67723030
v -6.16262686 9.25296539 27.62249857
v -6.16262686 9.25296539 34.67723030
v -6.16262686 9.75312555 27.62249857
v -6.16262686 9.75312555 34.17332089
v -6.16262686 10.25328571 28.12640798
v -6.16262686 10.25328571 34.17332089
v -6.16262686 10.75344586 28.63031739
v -6.16262686 10.75344586 34.17332089
v -6.16262686 11.25360602 28.63031739
v -6.16262686 11.25360602 33.66941148
v -6.16262686 11.75376618 29.13422680
v -6.16262686 11.75376618 33.16550207
v -6.16262686 12.25392634 29.63813621
v -6.16262686 12.25392634 30.14204562
v -6.16262686 12.25392634 30.64595503
v -6.16262686 12.25392634 31.14986444
v -6.16262686 12.25392634 31.65377384
v -6.16262686 12.25392634 32.15768325
v -6.16262686 12.25392634 32.66159266
v -5.66011453 -7.25231981 27.62249857
v -5.66011453 -7.25231981 28.12640798
v -5.66011453 -7.75247997 28.63031739
v -5.66011453 -7.75247997 29.13422680
v -5.66011453 -7.25231981 29.63813621
v -5.66011453 -6.75215966 27.11858916
v -5.66011453 -7.25231981 30.14204562
v -5.66011453 -6.75215966 30.64595503
v -5.66011453 -6.25199950 26.61467975
v -5.66011453 -6.25199950 31.14986444
v -5.66011453 -5.75183934 26.61467975
v -5.66011453 -5.75183934 31.14986444
v -5.66011453 -5.25167918 26.61467975
v -5.66011453 -5.25167918 31.65377384
v -5.66011453 -4.75151902 26.11077034
v -5.66011453 -4.75151902 31.65377384
v -5.66011453 -4.25135887 26.11077034
v -5.66011453 -4.25135887 32.15768325
v -5.66011453 -3.75119871 26.11077034
v -5.66011453 -3.75119871 32.15768325
v -5.66011453 -3.25103855 26.11077034
v -5.66011453 -3.25103855 32.66159266
v -5.66011453 -2.75087839 26.11077034
v -5.66011453 -2.75087839 32.66159266
v -5.66011453 -2.25071824 26.11077034
v -5.66011453 -2.25071824 33.16550207
v -5.66011453 -1.75055808 26.11077034
v -5.66011453 -1.75055808 33.16550207
v -5.66011453 -1.25039792 26.11077034
v -5.66011453 -1.25039792 33.66941148
v -5.66011453 -0.75023776 26.11077034
v -5.66011453 -0.75023776 33.66941148
v -5.66011453 -0.25007761 26.11077034
v -5.66011453 -0.25007761 34.17332089
v -5.66011453 0.25008255 26.11077034
v -5.66011453 0.25008255 34.17332089
v -5.66011453 0.75024271 26.11077034
v -5.66011453 0.75024271 34.17332089
v -5.66011453 1.25040287 26.11077034
v -5.66011453 1.25040287 34.17332089
v -5.66011453 1.75056303 26.11077034
v -5.66011453 1.75056303 34.67723030
v -5.66011453 2.25072318 26.61467975
v -5.66011453 2.25072318 34.67723030
v -5.66011453 2.75088334 26.61467975
v -5.66011453 2.75088334 34.67723030
v -5.66011453 3.25104350 26.61467975
v -5.66011453 3.25104350 34.67723030
v -5.66011453 3.75120366 26.61467975
v -5.66011453 3.75120366 34.67723030
v -5.66011453 4.25136381 26.61467975
v -5.66011453 4.25136381 34.67723030
v -5.66011453 4.75152397 26.61467975
v -5.66011453 4.75152397 34.67723030
v -5.66011453 5.25168413 27.11858916
v -5.66011453 5.25168413 35.18113971
v -5.66011453 5.75184429 27.11858916
v -5.66011453 5.75184429 35.18113971
v -5.66011453 6.25200444 27.11858916
v -5.66011453 6.25200444 35.18113971
v -5.66011453 6.75216460 27.11858916
v -5.66011453 6.75216460 35.18113971
v -5.66011453 7.25232476 27.11858916
v -5.66011453 7.25232476 35.18113971
v -5.66011453 7.75248492 27.11858916
v -5.66011453 7.75248492 34.67723030
v -5.66011453 8.25264508 27.62249857
v -5.66011453 8.25264508 34.67723030
v -5.66011453 8.75280523 27.62249857
v -5.66011453 8.75280523 34.67723030
v -5.66011453 9.25296539 27.62249857
v -5.66011453 9.25296539 34.67723030
v -5.66011453 9.75312555 28.12640798
v -5.66011453 9.75312555 34.17332089
v -5.66011453 10.25328571 28.12640798
v -5.66011453 10.25328571 34.17332089
v -5.66011453 10.75344586 28.63031739
v -5.66011453 10.75344586 33.66941148
v -5.66011453 11.25360602 28.63031739
v -5.66011453 11.25360602 33.16550207
v -5.66011453 11.75376618 29.13422680
v -5.66011453 11.75376618 29.63813621
v -5.66011453 11.75376618 32.66159266
v -5.66011453 12.25392634 30.14204562
v -5.66011453 12.25392634 30.64595503
v -5.66011453 12.25392634 31.14986444
v -5.66011453 12.25392634 31.65377384
v -5.66011453 12.25392634 32.15768325
v -5.15760219 -7.25231981 28.63031739
v -5.15760219 -7.25231981 29.13422680
v -5.15760219 -6.75215966 27.62249857
v -5.15760219 -7.25231981 28.12640798
v -5.15760219 -7.25231981 29.63813621
v -5.15760219 -6.75215966 30.14204562
v -5.15760219 -6.25199950 27.11858916
v -5.15760219 -6.25199950 30.64595503
v -5.15760219 -5.75183934 26.61467975
v -5.15760219 -5.75183934 31.14986444
v -5.15760219 -5.25167918 26.61467975
v -5.15760219 -5.25167918 31.65377384
v -5.15760219 -4.75151902 26.61467975
v -5.15760219 -4.75151902 31.65377384
v -5.15760219 -4.25135887 26.61467975
v -5.15760219 -4.25135887 32.15768325
v -5.15760219 -3.75119871 26.11077034
v -5.15760219 -3.75119871 32.15768325
v -5.15760219 -3.25103855 26.11077034
v -5.15760219 -3.25103855 32.66159266
v -5.15760219 -2.75087839 26.11077034
v -5.15760219 -2.75087839 32.66159266
v -5.15760219 -2.25071824 26.11077034
v -5.15760219 -2.25071824 33.16550207
v -5.15760219 -1.75055808 26.11077034
v -5.15760219 -1.75055808 33.16550207
v -5.15760219 -1.25039792 26.11077034
v -5.15760219 -1.25039792 33.66941148
v -5.15760219 -0.75023776 26.11077034
v -5.15760219 -0.75023776 33.66941148
v -5.15760219 -0.25007761 26.11077034
v -5.15760219 -0.25007761 34.17332089
v -5.15760219 0.25008255 26.11077034
v -5.15760219 0.25008255 34.17332089
v -5.15760219 0.75024271 26.11077034
v -5.15760219 0.75024271 34.17332089
v -5.15760219 1.25040287 26.11077034
v -5.15760219 1.25040287 34.67723030
v -5.15760219 1.75056303 26.61467975
v -5.15760219 1.75056303 34.67723030
v -5.15760219 2.25072318 26.61467975
v -5.15760219 2.25072318 34.67723030
v -5.15760219 2.75088334 26.61467975
v -5.15760219 2.75088334 34.67723030
v -5.15760219 3.25104350 26.61467975
v -5.15760219 3.25104350 34.67723030
v -5.15760219 3.75120366 26.61467975
v -5.15760219 3.75120366 34.67723030
v -5.15760219 4.25136381 26.61467975
v -5.15760219 4.25136381 35.18113971
v -5.15760219 4.75152397 26.61467975
v -5.15760219 4.75152397 35.18113971
v -5.15760219 5.25168413 27.11858916
v -5.15760219 5.25168413 35.18113971
v -5.15760219 5.75184429 27.11858916
v -5.15760219 5.75184429 35.18113971
v -5.15760219 6.25200444 27.11858916
v -5.15760219 6.25200444 35.18113971
v -5.15760219 6.75216460 27.11858916
v -5.15760219 6.75216460 35.18113971
v -5.15760219 7.25232476 27.11858916
v -5.15760219 7.25232476 35.18113971
v -5.15760219 7.75248492 27.11858916
v -5.15760219 7.75248492 34.67723030
v -5.15760219 8.25264508 27.62249857
v -5.15760219 8.25264508 34.67723030
v -5.15760219 8.75280523 27.62249857
v -5.15760219 8.75280523 34.67723030
v -5.15760219 9.25296539 27.62249857
v -5.15760219 9.25296539 34.67723030
v -5.15760219 9.75312555 28.12640798
v -5.15760219 9.75312555 34.17332089
v -5.15760219 10.25328571 28.12640798
v -5.15760219 10.25328571 34.17332089
v -5.15760219 10.75344586 28.63031739
v -5.15760219 10.75344586 33.66941148
v -5.15760219 11.25360602 29.13422680
v -5.15760219 11.25360602 32.66159266
v -5.15760219 11.25360602 33.16550207
v -5.15760219 11.75376618 29.63813621
v -5.15760219 11.75376618 30.14204562
v -5.15760219 11.75376618 30.64595503
v -5.15760219 11.75376618 31.14986444
v -5.15760219 11.75376618 31.65377384
v -5.15760219 11.75376618 32.15768325
v -4.65508986 -6.75215966 28.12640798
v -4.65508986 -6.75215966 28.63031739
v -4.65508986 -6.75215966 29.13422680
v -4.65508986 -6.75215966 29.63813621
v -4.65508986 -6.25199950 27.62249857
v -4.65508986 -6.25199950 30.14204562
v -4.65508986 -5.75183934 27.11858916
v -4.65508986 -6.25199950 30.64595503
v -4.65508986 -5.75183934 31.14986444
v -4.65508986 -5.25167918 26.61467975
v -4.65508986 -5.25167918 31.14986444
v -4.65508986 -4.75151902 26.61467975
v -4.65508986 -4.75151902 31.65377384
v -4.65508986 -4.25135887 26.61467975
v -4.65508986 -4.25135887 32.15768325
v -4.65508986 -3.75119871 26.61467975
v -4.65508986 -3.75119871 32.15768325
v -4.65508986 -3.25103855 26.11077034
v -4.65508986 -3.25103855 32.66159266
v -4.65508986 -2.75087839 26.11077034
v -4.65508986 -2.75087839 32.66159266
v -4.65508986 -2.25071824 26.11077034
v -4.65508986 -2.25071824 33.16550207
v -4.65508986 -1.75055808 26.11077034
v -4.65508986 -1.75055808 33.16550207
v -4.65508986 -1.25039792 26.11077034
v -4.65508986 -1.25039792 33.66941148
v -4.65508986 -0.75023776 26.11077034
v -4.65508986 -0.75023776 33.66941148
v -4.65508986 -0.25007761 26.11077034
v -4.65508986 -0.25007761 34.17332089
v -4.65508986 0.25008255 26.11077034
v -4.65508986 0.25008255 34.17332089
v -4.65508986 0.75024271 26.11077034
v -4.65508986 0.75024271 34.17332089
v -4.65508986 1.25040287 26.61467975
v -4.65508986 1.25040287 34.67723030
v -4.65508986 1.75056303 26.61467975
v -4.65508986 1.75056303 34.67723030
v -4.65508986 2.25072318 26.61467975
v -4.65508986 2.25072318 34.67723030
v -4.65508986 2.75088334 26.61467975
v -4.65508986 2.75088334 34.67723030
v -4.65508986 3.25104350 26.61467975
v -4.65508986 3.25104350 34.67723030
v -4.65508986 3.75120366 26.61467975
v -4.65508986 3.75120366 35.18113971
v -4.65508986 4.25136381 26.61467975
v -4.65508986 4.25136381 35.18113971
v -4.65508986 4.75152397 26.61467975
v -4.65508986 4.75152397 35.18113971
v -4.65508986 5.25168413 27.11858916
v -4.65508986 5.25168413 35.18113971
v -4.65508986 5.75184429 27.11858916
v -4.65508986 5.75184429 35.18113971
v -4.65508986 6.25200444 27.11858916
v -4.65508986 6.25200444 35.18113971
v -4.65508986 6.75216460 27.11858916
v -4.65508986 6.75216460 35.18113971
v -4.65508986 7.25232476 27.11858916
v -4.65508986 7.25232476 35.18113971
v -4.65508986 7.75248492 27.11858916
v -4.65508986 7.75248492 35.18113971
v -4.65508986 8.25264508 27.62249857
v -4.65508986 8.25264508 34.67723030
v -4.65508986 8.75280523 27.62249857
v -4.65508986 8.75280523 34.67723030
v -4.65508986 9.25296539 27.62249857
v -4.65508986 9.25296539 34.17332089
v -4.65508986 9.75312555 28.12640798
v -4.65508986 9.75312555 34.17332089
v -4.65508986 10.25328571 28.12640798
v -4.65508986 10.25328571 33.66941148
v -4.65508986 10.75344586 28.63031739
v -4.65508986 10.75344586 33.16550207
v -4.65508986 11.25360602 29.13422680
v -4.65508986 11.25360602 29.63813621
v -4.65508986 11.25360602 32.15768325
v -4.65508986 11.25360602 32.66159266
v -4.65508986 11.75376618 30.14204562
v -4.65508986 11.75376618 30.64595503
v -4.65508986 11.75376618 31.14986444
v -4.65508986 11.75376618 31.65377384
v -4.15257752 -6.25199950 28.12640798
v -4.15257752 -6.75215966 28.63031739
v -4.15257752 -6.75215966 29.13422680
v -4.15257752 -6.25199950 29.63813621
v -4.15257752 -5.75183934 27.11858916
v -4.15257752 -6.25199950 27.62249857
v -4.15257752 -6.25199950 30.14204562
v -4.15257752 -5.75183934 30.64595503
v -4.15257752 -5.25167918 27.11858916
v -4.15257752 -5.25167918 31.14986444
v -4.15257752 -4.75151902 26.61467975
v -4.15257752 -4.75151902 31.65377384
v -4.15257752 -4.25135887 26.61467975
v -4.15257752 -4.25135887 31.65377384
v -4.15257752 -3.75119871 26.61467975
v -4.15257752 -3.75119871 32.15768325
v -4.15257752 -3.25103855 26.61467975
v -4.15257752 -3.25103855 32.15768325
v -4.15257752 -2.75087839 26.61467975
v -4.15257752 -2.75087839 32.66159266
v -4.15257752 -2.25071824 26.61467975
v -4.15257752 -2.25071824 33.16550207
v -4.15257752 -1.75055808 26.11077034
v -4.15257752 -1.75055808 33.16550207
v -4.15257752 -1.25039792 26.11077034
v -4.15257752 -1.25039792 33.66941148
v -4.15257752 -0.75023776 26.61467975
v -4.15257752 -0.75023776 33.66941148
v -4.15257752 -0.25007761 26.61467975
v -4.15257752 -0.25007761 34.17332089
v -4.15257752 0.25008255 26.61467975
v -4.15257752 0.25008255 34.17332089
v -4.15257752 0.75024271 26.61467975
v -4.15257752 0.75024271 34.17332089
v -4.15257752 1.25040287 26.61467975
v -4.15257752 1.25040287 34.67723030
v -4.15257752 1.75056303 26.61467975
v -4.15257752 1.75056303 34.67723030
v -4.15257752 2.25072318 26.61467975
v -4.15257752 2.25072318 34.67723030
v -4.15257752 2.75088334 26.61467975
v -4.15257752 2.75088334 34.67723030
v -4.15257752 3.25104350 26.61467975
v -4.15257752 3.25104350 35.18113971
v -4.15257752 3.75120366 26.61467975
v -4.15257752 3.75120366 35.18113971
v -4.15257752 4.25136381 26.61467975
v -4.15257752 4.25136381 35.18113971
v -4.15257752 4.75152397 26.61467975
v -4.15257752 4.75152397 35.18113971
v -4.15257752 5.25168413 27.11858916
v -4.15257752 5.25168413 35.18113971
v -4.15257752 5.75184429 27.11858916
v -4.15257752 5.75184429 35.18113971
v -4.15257752 6.25200444 27.11858916
v -4.15257752 6.25200444 35.18113971
v -4.15257752 6.75216460 27.11858916
v -4.15257752 6.75216460 35.18113971
v -4.15257752 7.25232476 27.11858916
v -4.15257752 7.25232476 35.18113971
v -4.15257752 7.75248492 27.11858916
v -4.15257752 7.75248492 35.18113971
v -4.15257752 8.25264508 27.62249857
v -4.15257752 8.25264508 34.67723030
v -4.15257752 8.75280523 27.62249857
v -4.15257752 8.75280523 34.67723030
v -4.15257752 9.25296539 27.62249857
v -4.15257752 9.25296539 34.17332089
v -4.15257752 9.75312555 28.12640798
v -4.15257752 9.75312555 34.17332089
v -4.15257752 10.25328571 28.63031739
v -4.15257752 10.25328571 33.66941148
v -4.15257752 10.75344586 29.13422680
v -4.15257752 10.75344586 32.66159266
v -4.15257752 10.75344586 33.16550207
v -4.15257752 11.25360602 29.63813621
v -4.15257752 11.25360602 30.14204562
v -4.15257752 11.25360602 30.64595503
v -4.15257752 11.25360602 31.14986444
v -4.15257752 11.25360602 31.65377384
v -4.15257752 11.25360602 32.15768325
v -3.65006518 -6.25199950 28.63031739
v -3.65006518 -6.25199950 29.13422680
v -3.65006518 -5.75183934 27.62249857
v -3.65006518 -6.25199950 28.12640798
v -3.65006518 -6.25199950 29.63813621
v -3.65006518 -5.75183934 30.14204562
v -3.65006518 -5.25167918 27.11858916
v -3.65006518 -5.75183934 30.64595503
v -3.65006518 -5.25167918 31.14986444
v -3.65006518 -4.75151902 27.11858916
v -3.65006518 -4.75151902 31.14986444
v -3.65006518 -4.25135887 26.61467975
v -3.65006518 -4.25135887 31.65377384
v -3.65006518 -3.75119871 26.61467975
v -3.65006518 -3.75119871 32.15768325
v -3.65006518 -3.25103855 26.61467975
v -3.65006518 -3.25103855 32.15768325
v -3.65006518 -2.75087839 26.61467975
v -3.65006518 -2.75087839 32.66159266
v -3.65006518 -2.25071824 26.61467975
v -3.65006518 -2.25071824 32.66159266
v -3.65006518 -1.75055808 26.61467975
v -3.65006518 -1.75055808 33.16550207
v -3.65006518 -1.25039792 26.61467975
v -3.65006518 -1.25039792 33.66941148
v -3.65006518 -0.75023776 26.61467975
v -3.65006518 -0.75023776 33.66941148
v -3.65006518 -0.25007761 26.61467975
v -3.65006518 -0.25007761 34.17332089
v -3.65006518 0.25008255 26.61467975
v -3.65006518 0.25008255 34.17332089
v -3.65006518 0.75024271 26.61467975
v -3.65006518 0.75024271 34.17332089
v -3.65006518 1.25040287 26.61467975
v -3.65006518 1.25040287 34.67723030
v -3.65006518 1.75056303 26.61467975
v -3.65006518 1.75056303 34.67723030
v -3.65006518 2.25072318 26.61467975
v -3.65006518 2.25072318 34.67723030
v -3.65006518 2.75088334 26.61467975
v -3.65006518 2.75088334 35.18113971
v -3.65006518 3.25104350 26.61467975
v -3.65006518 3.25104350 35.18113971
v -3.65006518 3.75120366 26.61467975
v -3.65006518 3.75120366 35.18113971
v -3.65006518 4.25136381 26.61467975
v -3.65006518 4.25136381 35.18113971
v -3.65006518 4.75152397 27.11858916
v -3.65006518 4.75152397 35.18113971
v -3.65006518 5.25168413 27.11858916
v -3.65006518 5.25168413 35.18113971
v -3.65006518 5.75184429 27.11858916
v -3.65006518 5.75184429 35.18113971
v -3.65006518 6.25200444 27.11858916
v -3.65006518 6.25200444 35.18113971
v -3.65006518 6.75216460 27.11858916
v -3.65006518 6.75216460 35.18113971
v -3.65006518 7.25232476 27.11858916
v -3.65006518 7.25232476 35.18113971
v -3.65006518 7.75248492 27.11858916
v -3.65006518 7.75248492 34.67723030
v -3.65006518 8.25264508 27.62249857
v -3.65006518 8.25264508 34.67723030
v -3.65006518 8.75280523 27.62249857
v -3.65006518 8.75280523 34.67723030
v -3.65006518 9.25296539 28.12640798
v -3.65006518 9.25296539 34.17332089
v -3.65006518 9.75312555 28.12640798
v -3.65006518 9.75312555 33.66941148
v -3.65006518 10.25328571 28.63031739
v -3.65006518 10.25328571 33.66941148
v -3.65006518 10.75344586 29.13422680
v -3.65006518 10.75344586 29.63813621
v -3.65006518 10.75344586 32.15768325
v -3.65006518 10.75344586 32.66159266
v -3.65006518 10.75344586 33.16550207
v -3.65006518 11.25360602 30.14204562
v -3.65006518 11.25360602 30.64595503
v -3.65006518 11.25360602 31.14986444
v -3.65006518 11.25360602 31.65377384
v -3.14755285 -5.75183934 28.12640798
v -3.14755285 -5.75183934 28.63031739
v -3.14755285 -5.75183934 29.13422680
v -3.14755285 -5.75183934 29.63813621
v -3.14755285 -5.25167918 27.62249857
v -3.14755285 -5.75183934 30.14204562
v -3.14755285 -5.25167918 30.64595503
v -3.14755285 -4.75151902 27.11858916
v -3.14755285 -4.75151902 31.14986444
v -3.14755285 -4.25135887 27.11858916
v -3.14755285 -4.25135887 31.65377384
v -3.14755285 -3.75119871 26.61467975
v -3.14755285 -3.75119871 32.15768325
v -3.14755285 -3.25103855 26.61467975
v -3.14755285 -3.25103855 32.15768325
v -3.14755285 -2.75087839 26.61467975
v -3.14755285 -2.75087839 32.66159266
v -3.14755285 -2.25071824 26.61467975
v -3.14755285 -2.25071824 32.66159266
v -3.14755285 -1.75055808 26.61467975
v -3.14755285 -1.75055808 33.16550207
v -3.14755285 -1.25039792 26.61467975
v -3.14755285 -1.25039792 33.66941148
v -3.14755285 -0.75023776 26.61467975
v -3.14755285 -0.75023776 33.66941148
v -3.14755285 -0.25007761 26.61467975
v -3.14755285 -0.25007761 34.17332089
v -3.14755285 0.25008255 26.61467975
v -3.14755285 0.25008255 34.17332089
v -3.14755285 0.75024271 26.61467975
v -3.14755285 0.75024271 34.67723030
v -3.14755285 1.25040287 26.61467975
v -3.14755285 1.25040287 34.67723030
v -3.14755285 1.75056303 26.61467975
v -3.14755285 1.75056303 34.67723030
v -3.14755285 2.25072318 26.61467975
v -3.14755285 2.25072318 34.67723030
v -3.14755285 2.75088334 26.61467975
v -3.14755285 2.75088334 35.18113971
v -3.14755285 3.25104350 26.61467975
v -3.14755285 3.25104350 35.18113971
v -3.14755285 3.75120366 26.61467975
v -3.14755285 3.75120366 35.18113971
v -3.14755285 4.25136381 26.61467975
v -3.14755285 4.25136381 35.18113971
v -3.14755285 4.75152397 27.11858916
v -3.14755285 4.75152397 35.18113971
v -3.14755285 5.25168413 27.11858916
v -3.14755285 5.25168413 35.18113971
v -3.14755285 5.75184429 27.11858916
v -3.14755285 5.75184429 35.18113971
v -3.14755285 6.25200444 27.11858916
v -3.14755285 6.25200444 35.18113971
v -3.14755285 6.75216460 27.11858916
v -3.14755285 6.75216460 35.18113971
v -3.14755285 7.25232476 27.11858916
v -3.14755285 7.25232476 35.18113971
v -3.14755285 7.75248492 27.62249857
v -3.14755285 7.75248492 34.67723030
v -3.14755285 8.25264508 27.62249857
v -3.14755285 8.25264508 34.67723030
v -3.14755285 8.75280523 27.62249857
v -3.14755285 8.75280523 34.67723030
v -3.14755285 9.25296539 28.12640798
v -3.14755285 9.25296539 34.17332089
v -3.14755285 9.75312555 28.12640798
v -3.14755285 9.75312555 33.66941148
v -3.14755285 10.25328571 28.63031739
v -3.14755285 10.25328571 33.16550207
v -3.14755285 10.75344586 29.13422680
v -3.14755285 10.75344586 29.63813621
v -3.14755285 10.75344586 30.14204562
v -3.14755285 10.75344586 30.64595503
v -3.14755285 10.75344586 31.14986444
v -3.14755285 10.75344586 31.65377384
v -3.14755285 10.75344586 32.15768325
v -3.14755285 10.75344586 32.66159266
v -2.64504051 -5.25167918 28.12640798
v -2.64504051 -5.25167918 28.63031739
v -2.64504051 -5.75183934 29.13422680
v -2.64504051 -5.75183934 29.63813621
v -2.64504051 -5.25167918 30.14204562
v -2.64504051 -4.75151902 27.62249857
v -2.64504051 -5.25167918 30.64595503
v -2.64504051 -4.75151902 31.14986444
v -2.64504051 -4.25135887 27.11858916
v -2.64504051 -4.25135887 31.65377384
v -2.64504051 -3.75119871 27.11858916
v -2.64504051 -3.75119871 31.65377384
v -2.64504051 -3.25103855 27.11858916
v -2.64504051 -3.25103855 32.15768325
v -2.64504051 -2.75087839 26.61467975
v -2.64504051 -2.75087839 32.66159266
v -2.64504051 -2.25071824 26.61467975
v -2.64504051 -2.25071824 32.66159266
v -2.64504051 -1.75055808 26.61467975
v -2.64504051 -1.75055808 33.16550207
v -2.64504051 -1.25039792 26.61467975
v -2.64504051 -1.25039792 33.66941148
v -2.64504051 -0.75023776 26.61467975
v -2.64504051 -0.75023776 33.66941148
v -2.64504051 -0.25007761 26.61467975
v -2.64504051 -0.25007761 34.17332089
v -2.64504051 0.25008255 26.61467975
v -2.64504051 0.25008255 34.17332089
v -2.64504051 0.75024271 26.61467975
v -2.64504051 0.75024271 34.67723030
v -2.64504051 1.25040287 26.61467975
v -2.64504051 1.25040287 34.67723030
v -2.64504051 1.75056303 26.61467975
v -2.64504051 1.75056303 34.67723030
v -2.64504051 2.25072318 26.61467975
v -2.64504051 2.25072318 34.67723030
v -2.64504051 2.75088334 26.61467975
v -2.64504051 2.75088334 35.18113971
v -2.64504051 3.25104350 26.61467975
v -2.64504051 3.25104350 35.18113971
v -2.64504051 3.75120366 26.61467975
v -2.64504051 3.75120366 35.18113971
v -2.64504051 4.25136381 27.11858916
v -2.64504051 4.25136381 35.18113971
v -2.64504051 4.75152397 27.11858916
v -2.64504051 4.75152397 35.18113971
v -2.64504051 5.25168413 27.11858916
v -2.64504051 5.25168413 35.18113971
v -2.64504051 5.75184429 27.11858916
v -2.64504051 5.75184429 35.18113971
v -2.64504051 6.25200444 27.11858916
v -2.64504051 6.25200444 35.18113971
v -2.64504051 6.75216460 27.11858916
v -2.64504051 6.75216460 35.18113971
v -2.64504051 7.25232476 27.11858916
v -2.64504051 7.25232476 35.18113971
v -2.64504051 7.75248492 27.62249857
v -2.64504051 7.75248492 34.67723030
v -2.64504051 8.25264508 27.62249857
v -2.64504051 8.25264508 34.67723030
v -2.64504051 8.75280523 27.62249857
v -2.64504051 8.75280523 34.17332089
v -2.64504051 9.25296539 28.12640798
v -2.64504051 9.25296539 34.17332089
v -2.64504051 9.75312555 28.12640798
v -2.64504051 9.75312555 33.66941148
v -2.64504051 10.25328571 28.63031739
v -2.64504051 10.25328571 29.13422680
v -2.64504051 10.25328571 32.66159266
v -2.64504051 10.25328571 33.16550207
v -2.64504051 10.75344586 29.63813621
v -2.64504051 10.75344586 30.14204562
v -2.64504051 10.75344586 30.64595503
v -2.64504051 10.75344586 31.14986444
v -2.64504051 10.75344586 31.65377384
v -2.64504051 10.75344586 32.15768325
v -2.14252818 -5.25167918 29.13422680
v -2.14252818 -5.25167918 29.63813621
v -2.14252818 -4.75151902 28.12640798
v -2.14252818 -5.25167918 28.63031739
v -2.14252818 -5.25167918 30.14204562
v -2.14252818 -4.75151902 30.64595503
v -2.14252818 -4.25135887 27.62249857
v -2.14252818 -4.25135887 31.14986444
v -2.14252818 -3.75119871 27.11858916
v -2.14252818 -3.75119871 31.65377384
v -2.14252818 -3.25103855 27.11858916
v -2.14252818 -3.25103855 32.15768325
v -2.14252818 -2.75087839 27.11858916
v -2.14252818 -2.75087839 32.66159266
v -2.14252818 -2.25071824 26.61467975
v -2.14252818 -2.25071824 32.66159266
v -2.14252818 -1.75055808 26.61467975
v -2.14252818 -1.75055808 33.16550207
v -2.14252818 -1.25039792 26.61467975
v -2.14252818 -1.25039792 33.66941148
v -2.14252818 -0.75023776 26.61467975
v -2.14252818 -0.75023776 33.66941148
v -2.14252818 -0.25007761 26.61467975
v -2.14252818 -0.25007761 34.17332089
v -2.14252818 0.25008255 26.61467975
v -2.14252818 0.25008255 34.17332089
v -2.14252818 0.75024271 26.61467975
v -2.14252818 0.75024271 34.67723030
v -2.14252818 1.25040287 26.61467975
v -2.14252818 1.25040287 34.67723030
v -2.14252818 1.75056303 26.61467975
v -2.14252818 1.75056303 34.67723030
v -2.14252818 2.25072318 26.61467975
v -2.14252818 2.25072318 34.67723030
v -2.14252818 2.75088334 26.61467975
v -2.14252818 2.75088334 35.18113971
v -2.14252818 3.25104350 26.61467975
v -2.14252818 3.25104350 35.18113971
v -2.14252818 3.75120366 27.11858916
v -2.14252818 3.75120366 35.18113971
v -2.14252818 4.25136381 27.11858916
v -2.14252818 4.25136381 35.18113971
v -2.14252818 4.75152397 27.11858916
v -2.14252818 4.75152397 35.18113971
v -2.14252818 5.25168413 27.11858916
v -2.14252818 5.25168413 35.18113971
v -2.14252818 5.75184429 27.11858916
v -2.14252818 5.75184429 35.18113971
v -2.14252818 6.25200444 27.11858916
v -2.14252818 6.25200444 35.18113971
v -2.14252818 6.75216460 27.11858916
v -2.14252818 6.75216460 35.18113971
v -2.14252818 7.25232476 27.11858916
v -2.14252818 7.25232476 35.18113971
v -2.14252818 7.75248492 27.62249857
v -2.14252818 7.75248492 34.67723030
v -2.14252818 8.25264508 27.62249857
v -2.14252818 8.25264508 34.67723030
v -2.14252818 8.75280523 27.62249857
v -2.14252818 8.75280523 34.17332089
v -2.14252818 9.25296539 28.12640798
v -2.14252818 9.25296539 34.17332089
v -2.14252818 9.75312555 28.63031739
v -2.14252818 9.75312555 33.16550207
v -2.14252818 9.75312555 33.66941148
v -2.14252818 10.25328571 29.13422680
v -2.14252818 10.25328571 29.63813621
v -2.14252818 10.25328571 32.15768325
v -2.14252818 10.25328571 32.66159266
v -2.14252818 10.75344586 30.14204562
v -2.14252818 10.75344586 30.64595503
v -2.14252818 10.75344586 31.14986444
v -2.14252818 10.75344586 31.65377384
v -1.64001584 -4.75151902 28.63031739
v -1.64001584 -4.75151902 29.13422680
v -1.64001584 -4.75151902 29.63813621
v -1.64001584 -4.75151902 30.14204562
v -1.64001584 -4.25135887 27.62249857
v -1.64001584 -4.75151902 28.12640798
v -1.64001584 -4.75151902 30.64595503
v -1.64001584 -4.25135887 31.14986444
v -1.64001584 -3.75119871 27.62249857
v -1.64001584 -3.75119871 31.65377384
v -1.64001584 -3.25103855 27.11858916
v -1.64001584 -3.25103855 32.15768325
v -1.64001584 -2.75087839 27.11858916
v -1.64001584 -2.75087839 32.66159266
v -1.64001584 -2.25071824 27.11858916
v -1.64001584 -2.25071824 32.66159266
v -1.64001584 -1.75055808 26.61467975
v -1.64001584 -1.75055808 33.16550207
v -1.64001584 -1.25039792 26.61467975
v -1.64001584 -1.25039792 33.66941148
v -1.64001584 -0.75023776 26.61467975
v -1.64001584 -0.75023776 33.66941148
v -1.64001584 -0.25007761 26.61467975
v -1.64001584 -0.25007761 34.17332089
v -1.64001584 0.25008255 26.61467975
v -1.64001584 0.25008255 34.17332089
v -1.64001584 0.75024271 26.61467975
v -1.64001584 0.75024271 34.67723030
v -1.64001584 1.25040287 26.61467975
v -1.64001584 1.25040287 34.67723030
v -1.64001584 1.75056303 26.61467975
v -1.64001584 1.75056303 34.67723030
v -1.64001584 2.25072318 26.61467975
v -1.64001584 2.25072318 34.67723030
v -1.64001584 2.75088334 26.61467975
v -1.64001584 2.75088334 35.18113971
v -1.64001584 3.25104350 26.61467975
v -1.64001584 3.25104350 35.18113971
v -1.64001584 3.75120366 27.11858916
v -1.64001584 3.75120366 35.18113971
v -1.64001584 4.25136381 27.11858916
v -1.64001584 4.25136381 35.18113971
v -1.64001584 4.75152397 27.11858916
v -1.64001584 4.75152397 35.18113971
v -1.64001584 5.25168413 27.11858916
v -1.64001584 5.25168413 35.18113971
v -1.64001584 5.75184429 27.11858916
v -1.64001584 5.75184429 35.18113971
v -1.64001584 6.25200444 27.11858916
v -1.64001584 6.25200444 35.18113971
v -1.64001584 6.75216460 27.11858916
v -1.64001584 6.75216460 35.18113971
v -1.64001584 7.25232476 27.62249857
v -1.64001584 7.25232476 34.67723030
v -1.64001584 7.75248492 27.62249857
v -1.64001584 7.75248492 34.67723030
v -1.64001584 8.25264508 27.62249857
v -1.64001584 8.25264508 34.67723030
v -1.64001584 8.75280523 27.62249857
v -1.64001584 8.75280523 34.17332089
v -1.64001584 9.25296539 28.12640798
v -1.64001584 9.25296539 33.66941148
v -1.64001584 9.75312555 28.63031739
v -1.64001584 9.75312555 33.16550207
v -1.64001584 10.25328571 29.13422680
v -1.64001584 10.25328571 29.63813621
v -1.64001584 10.25328571 30.14204562
v -1.64001584 10.25328571 30.64595503
v -1.64001584 10.25328571 31.14986444
v -1.64001584 10.25328571 31.65377384
v -1.64001584 10.25328571 32.15768325
v -1.64001584 10.25328571 32.66159266
v -1.13750350 -4.25135887 28.12640798
v -1.13750350 -4.75151902 28.63031739
v -1.13750350 -4.75151902 29.13422680
v -1.13750350 -4.75151902 29.63813621
v -1.13750350 -4.75151902 30.14204562
v -1.13750350 -4.25135887 30.64595503
v -1.13750350 -3.75119871 27.62249857
v -1.13750350 -4.25135887 31.14986444
v -1.13750350 -3.75119871 31.65377384
v -1.13750350 -3.25103855 27.11858916
v -1.13750350 -3.25103855 32.15768325
v -1.13750350 -2.75087839 27.11858916
v -1.13750350 -2.75087839 32.66159266
v -1.13750350 -2.25071824 27.11858916
v -1.13750350 -2.25071824 32.66159266
v -1.13750350 -1.75055808 27.11858916
v -1.13750350 -1.75055808 33.16550207
v -1.13750350 -1.25039792 26.61467975
v -1.13750350 -1.25039792 33.66941148
v -1.13750350 -0.75023776 26.61467975
v -1.13750350 -0.75023776 33.66941148
v -1.13750350 -0.25007761 26.61467975
v -1.13750350 -0.25007761 34.17332089
v -1.13750350 0.25008255 26.61467975
v -1.13750350 0.25008255 34.17332089
v -1.13750350 0.75024271 26.61467975
v -1.13750350 0.75024271 34.67723030
v -1.13750350 1.25040287 26.61467975
v -1.13750350 1.25040287 34.67723030
v -1.13750350 1.75056303 26.61467975
v -1.13750350 1.75056303 34.67723030
v -1.13750350 2.25072318 26.61467975
v -1.13750350 2.25072318 34.67723030
v -1.13750350 2.75088334 27.11858916
v -1.13750350 2.75088334 35.18113971
v -1.13750350 3.25104350 27.11858916
v -1.13750350 3.25104350 35.18113971
v -1.13750350 3.75120366 27.11858916
v -1.13750350 3.75120366 35.18113971
v -1.13750350 4.25136381 27.11858916
v -1.13750350 4.25136381 35.18113971
v -1.13750350 4.75152397 27.11858916
v -1.13750350 4.75152397 35.18113971
v -1.13750350 5.25168413 27.11858916
v -1.13750350 5.25168413 35.18113971
v -1.13750350 5.75184429 27.11858916
v -1.13750350 5.75184429 35.18113971
v -1.13750350 6.25200444 27.11858916
v -1.13750350 6.25200444 35.18113971
v -1.13750350 6.75216460 27.62249857
v -1.13750350 6.75216460 35.18113971
v -1.13750350 7.25232476 27.62249857
v -1.13750350 7.25232476 34.67723030
v -1.13750350 7.75248492 27.62249857
v -1.13750350 7.75248492 34.67723030
v -1.13750350 8.25264508 27.62249857
v -1.13750350 8.25264508 34.17332089
v -1.13750350 8.75280523 28.12640798
v -1.13750350 8.75280523 34.17332089
v -1.13750350 9.25296539 28.12640798
v -1.13750350 9.25296539 33.66941148
v -1.13750350 9.75312555 28.63031739
v -1.13750350 9.75312555 32.66159266
v -1.13750350 9.75312555 33.16550207
v -1.13750350 10.25328571 29.13422680
v -1.13750350 10.25328571 29.63813621
v -1.13750350 10.25328571 30.14204562
v -1.13750350 10.25328571 30.64595503
v -1.13750350 10.25328571 31.14986444
v -1.13750350 10.25328571 31.65377384
v -1.13750350 10.25328571 32.15768325
v -0.63499117 -4.25135887 28.63031739
v -0.63499117 -4.25135887 29.13422680
v -0.63499117 -4.75151902 29.63813621
v -0.63499117 -4.25135887 30.14204562
v -0.63499117 -3.75119871 28.12640798
v -0.63499117 -4.25135887 30.64595503
v -0.63499117 -3.75119871 31.14986444
v -0.63499117 -3.25103855 27.62249857
v -0.63499117 -3.75119871 31.65377384
v -0.63499117 -3.25103855 32.15768325
v -0.63499117 -2.75087839 27.11858916
v -0.63499117 -2.75087839 32.66159266
v -0.63499117 -2.25071824 27.11858916
v -0.63499117 -2.25071824 32.66159266
v -0.63499117 -1.75055808 27.11858916
v -0.63499117 -1.75055808 33.16550207
v -0.63499117 -1.25039792 27.11858916
v -0.63499117 -1.25039792 33.66941148
v -0.63499117 -0.75023776 26.61467975
v -0.63499117 -0.75023776 33.66941148
v -0.63499117 -0.25007761 26.61467975
v -0.63499117 -0.25007761 34.17332089
v -0.63499117 0.25008255 26.61467975
v -0.63499117 0.25008255 34.17332089
v -0.63499117 0.75024271 26.61467975
v -0.63499117 0.75024271 34.67723030
v -0.63499117 1.25040287 27.11858916
v -0.63499117 1.25040287 34.67723030
v -0.63499117 1.75056303 27.11858916
v -0.63499117 1.75056303 34.67723030
v -0.63499117 2.25072318 27.11858916
v -0.63499117 2.25072318 35.18113971
v -0.63499117 2.75088334 27.11858916
v -0.63499117 2.75088334 35.18113971
v -0.63499117 3.25104350 27.11858916
v -0.63499117 3.25104350 35.18113971
v -0.63499117 3.75120366 27.11858916
v -0.63499117 3.75120366 35.18113971
v -0.63499117 4.25136381 27.11858916
v -0.63499117 4.25136381 35.18113971
v -0.63499117 4.75152397 27.11858916
v -0.63499117 4.75152397 35.18113971
v -0.63499117 5.25168413 27.11858916
v -0.63499117 5.25168413 35.18113971
v -0.63499117 5.75184429 27.11858916
v -0.63499117 5.75184429 35.18113971
v -0.63499117 6.25200444 27.11858916
v -0.63499117 6.25200444 35.18113971
v -0.63499117 6.75216460 27.62249857
v -0.63499117 6.75216460 35.18113971
v -0.63499117 7.25232476 27.62249857
v -0.63499117 7.25232476 34.67723030
v -0.63499117 7.75248492 27.62249857
v -0.63499117 7.75248492 34.67723030
v -0.63499117 8.25264508 27.62249857
v -0.63499117 8.25264508 34.17332089
v -0.63499117 8.75280523 28.12640798
v -0.63499117 8.75280523 34.17332089
v -0.63499117 9.25296539 28.12640798
v -0.63499117 9.25296539 33.16550207
v -0.63499117 9.25296539 33.66941148
v -0.63499117 9.75312555 28.63031739
v -0.63499117 9.75312555 29.13422680
v -0.63499117 9.75312555 32.15768325
v -0.63499117 9.75312555 32.66159266
v -0.63499117 10.25328571 29.63813621
v -0.63499117 10.25328571 30.14204562
v -0.63499117 10.25328571 30.64595503
v -0.63499117 10.25328571 31.14986444
v -0.63499117 10.25328571 31.65377384
v -0.13247883 -4.25135887 29.63813621
v -0.13247883 -3.75119871 28.12640798
v -0.13247883 -4.25135887 28.63031739
v -0.13247883 -4.25135887 29.13422680
v -0.13247883 -4.25135887 30.14204562
v -0.13247883 -4.25135887 30.64595503
v -0.13247883 -3.75119871 31.14986444
v -0.13247883 -3.25103855 27.62249857
v -0.13247883 -3.25103855 31.65377384
v -0.13247883 -2.75087839 27.62249857
v -0.13247883 -3.25103855 32.15768325
v -0.13247883 -2.75087839 32.66159266
v -0.13247883 -2.25071824 27.11858916
v -0.13247883 -2.25071824 32.66159266
v -0.13247883 -1.75055808 27.11858916
v -0.13247883 -1.75055808 33.16550207
v -0.13247883 -1.25039792 27.11858916
v -0.13247883 -1.25039792 33.66941148
v -0.13247883 -0.75023776 27.11858916
v -0.13247883 -0.75023776 33.66941148
v -0.13247883 -0.25007761 26.61467975
v -0.13247883 -0.25007761 34.17332089
v -0.13247883 0.25008255 26.61467975
v -0.13247883 0.25008255 34.17332089
v -0.13247883 0.75024271 27.11858916
v -0.13247883 0.75024271 34.67723030
v -0.13247883 1.25040287 27.11858916
v -0.13247883 1.25040287 34.67723030
v -0.13247883 1.75056303 27.11858916
v -0.13247883 1.75056303 34.67723030
v -0.13247883 2.25072318 27.11858916
v -0.13247883 2.25072318 35.18113971
v -0.13247883 2.75088334 27.11858916
v -0.13247883 2.75088334 35.18113971
v -0.13247883 3.25104350 27.11858916
v -0.13247883 3.25104350 35.18113971
v -0.13247883 3.75120366 27.11858916
v -0.13247883 3.75120366 35.18113971
v -0.13247883 4.25136381 27.11858916
v -0.13247883 4.25136381 35.18113971
v -0.13247883 4.75152397 27.11858916
v -0.13247883 4.75152397 35.18113971
v -0.13247883 5.25168413 27.11858916
v -0.13247883 5.25168413 35.18113971
v -0.13247883 5.75184429 27.11858916
v -0.13247883 5.75184429 35.18113971
v -0.13247883 6.25200444 27.11858916
v -0.13247883 6.25200444 35.18113971
v -0.13247883 6.75216460 27.11858916
v -0.13247883 6.75216460 35.18113971
v -0.13247883 7.25232476 27.62249857
v -0.13247883 7.25232476 34.67723030
v -0.13247883 7.75248492 27.62249857
v -0.13247883 7.75248492 34.67723030
v -0.13247883 8.25264508 27.62249857
v -0.13247883 8.25264508 34.17332089
v -0.13247883 8.75280523 28.12640798
v -0.13247883 8.75280523 33.66941148
v -0.13247883 9.25296539 28.63031739
v -0.13247883 9.25296539 33.16550207
v -0.13247883 9.75312555 29.13422680
v -0.13247883 9.75312555 29.63813621
v -0.13247883 9.75312555 31.65377384
v -0.13247883 9.75312555 32.15768325
v -0.13247883 9.75312555 32.66159266
v -0.13247883 10.25328571 30.14204562
v -0.13247883 10.25328571 30.64595503
v -0.13247883 10.25328571 31.14986444
v 0.37003350 -3.75119871 28.63031739
v 0.37003350 -4.25135887 29.13422680
v 0.37003350 -4.25135887 29.63813621
v 0.37003350 -4.25135887 30.14204562
v 0.37003350 -3.75119871 30.64595503
v 0.37003350 -3.25103855 28.12640798
v 0.37003350 -3.75119871 31.14986444
v 0.37003350 -3.25103855 31.65377384
v 0.37003350 -2.75087839 27.62249857
v 0.37003350 -3.25103855 32.15768325
v 0.37003350 -2.75087839 32.66159266
v 0.37003350 -2.25071824 27.62249857
v 0.37003350 -2.25071824 32.66159266
v 0.37003350 -1.75055808 27.11858916
v 0.37003350 -1.75055808 33.16550207
v 0.37003350 -1.25039792 27.11858916
v 0.37003350 -1.25039792 33.66941148
v 0.37003350 -0.75023776 27.11858916
v 0.37003350 -0.75023776 33.66941148
v 0.37003350 -0.25007761 27.11858916
v 0.37003350 -0.25007761 34.17332089
v 0.37003350 0.25008255 27.11858916
v 0.37003350 0.25008255 34.17332089
v 0.37003350 0.75024271 27.11858916
v 0.37003350 0.75024271 34.67723030
v 0.37003350 1.25040287 27.11858916
v 0.37003350 1.25040287 34.67723030
v 0.37003350 1.75056303 27.11858916
v 0.37003350 1.75056303 34.67723030
v 0.37003350 2.25072318 27.11858916
v 0.37003350 2.25072318 35.18113971
v 0.37003350 2.75088334 27.11858916
v 0.37003350 2.75088334 35.18113971
v 0.37003350 3.25104350 27.11858916
v 0.37003350 3.25104350 35.18113971
v 0.37003350 3.75120366 27.11858916
v 0.37003350 3.75120366 35.18113971
v 0.37003350 4.25136381 27.11858916
v 0.37003350 4.25136381 35.18113971
v 0.37003350 4.75152397 27.11858916
v 0.37003350 4.75152397 35.18113971
v 0.37003350 5.25168413 27.11858916
v 0.37003350 5.25168413 35.18113971
v 0.37003350 5.75184429 27.11858916
v 0.37003350 5.75184429 35.18113971
v 0.37003350 6.25200444 27.11858916
v 0.37003350 6.25200444 35.18113971
v 0.37003350 6.75216460 27.11858916
v 0.37003350 6.75216460 34.67723030
v 0.37003350 7.25232476 27.62249857
v 0.37003350 7.25232476 34.67723030
v 0.37003350 7.75248492 27.62249857
v 0.37003350 7.75248492 34.67723030
v 0.37003350 8.25264508 27.62249857
v 0.37003350 8.25264508 34.17332089
v 0.37003350 8.75280523 28.12640798
v 0.37003350 8.75280523 33.66941148
v 0.37003350 9.25296539 28.63031739
v 0.37003350 9.25296539 33.16550207
v 0.37003350 9.75312555 29.13422680
v 0.37003350 9.75312555 29.63813621
v 0.37003350 9.75312555 30.14204562
v 0.37003350 9.75312555 30.64595503
v 0.37003350 9.75312555 31.14986444
v 0.37003350 9.75312555 31.65377384
v 0.37003350 9.75312555 32.15768325
v 0.37003350 9.75312555 32.66159266
v 0.87254584 -3.75119871 29.13422680
v 0.87254584 -4.25135887 29.63813621
v 0.87254584 -4.25135887 30.14204562
v 0.87254584 -3.75119871 30.64595503
v 0.87254584 -3.25103855 28.12640798
v 0.87254584 -3.75119871 28.63031739
v 0.87254584 -3.75119871 31.14986444
v 0.87254584 -3.25103855 31.65377384
v 0.87254584 -2.75087839 27.62249857
v 0.87254584 -3.25103855 32.15768325
v 0.87254584 -2.75087839 32.66159266
v 0.87254584 -2.25071824 27.62249857
v 0.87254584 -2.25071824 32.66159266
v 0.87254584 -1.75055808 27.11858916
v 0.87254584 -1.75055808 33.16550207
v 0.87254584 -1.25039792 27.11858916
v 0.87254584 -1.25039792 33.66941148
v 0.87254584 -0.75023776 27.11858916
v 0.87254584 -0.75023776 33.66941148
v 0.87254584 -0.25007761 27.11858916
v 0.87254584 -0.25007761 34.17332089
v 0.87254584 0.25008255 27.11858916
v 0.87254584 0.25008255 34.17332089
v 0.87254584 0.75024271 27.11858916
v 0.87254584 0.75024271 34.67723030
v 0.87254584 1.25040287 27.11858916
v 0.87254584 1.25040287 34.67723030
v 0.87254584 1.75056303 27.11858916
v 0.87254584 1.75056303 34.67723030
v 0.87254584 2.25072318 27.11858916
v 0.87254584 2.25072318 35.18113971
v 0.87254584 2.75088334 27.11858916
v 0.87254584 2.75088334 35.18113971
v 0.87254584 3.25104350 27.11858916
v 0.87254584 3.25104350 35.18113971
v 0.87254584 3.75120366 27.11858916
v 0.87254584 3.75120366 35.18113971
v 0.87254584 4.25136381 27.11858916
v 0.87254584 4.25136381 35.18113971
v 0.87254584 4.75152397 27.11858916
v 0.87254584 4.75152397 35.18113971
v 0.87254584 5.25168413 27.11858916
v 0.87254584 5.25168413 35.18113971
v 0.87254584 5.75184429 27.11858916
v 0.87254584 5.75184429 35.18113971
v 0.87254584 6.25200444 27.11858916
v 0.87254584 6.25200444 35.18113971
v 0.87254584 6.75216460 27.62249857
v 0.87254584 6.75216460 34.67723030
v 0.87254584 7.25232476 27.62249857
v 0.87254584 7.25232476 34.67723030
v 0.87254584 7.75248492 27.62249857
v 0.87254584 7.75248492 34.17332089
v 0.87254584 8.25264508 27.62249857
v 0.87254584 8.25264508 34.17332089
v 0.87254584 8.75280523 28.12640798
v 0.87254584 8.75280523 33.66941148
v 0.87254584 9.25296539 28.63031739
v 0.87254584 9.25296539 32.66159266
v 0.87254584 9.25296539 33.16550207
v 0.87254584 9.75312555 29.13422680
v 0.87254584 9.75312555 29.63813621
v 0.87254584 9.75312555 30.14204562
v 0.87254584 9.75312555 30.64595503
v 0.87254584 9.75312555 31.14986444
v 0.87254584 9.75312555 31.65377384
v 0.87254584 9.75312555 32.15768325
v 1.37505817 -3.75119871 29.63813621
v 1.37505817 -3.75119871 30.14204562
v 1.37505817 -3.25103855 28.12640798
v 1.37505817 -3.75119871 28.63031739
v 1.37505817 -3.75119871 29.13422680
v 1.37505817 -3.75119871 30.64595503
v 1.37505817 -3.75119871 31.14986444
v 1.37505817 -3.25103855 31.65377384
v 1.37505817 -2.75087839 27.62249857
v 1.37505817 -3.25103855 32.15768325
v 1.37505817 -2.75087839 32.66159266
v 1.37505817 -2.25071824 27.62249857
v 1.37505817 -2.25071824 33.16550207
v 1.37505817 -1.75055808 27.62249857
v 1.37505817 -1.75055808 33.16550207
v 1.37505817 -1.25039792 27.11858916
v 1.37505817 -1.25039792 33.66941148
v 1.37505817 -0.75023776 27.11858916
v 1.37505817 -0.75023776 33.66941148
v 1.37505817 -0.25007761 27.11858916
v 1.37505817 -0.25007761 34.17332089
v 1.37505817 0.25008255 27.11858916
v 1.37505817 0.25008255 34.17332089
v 1.37505817 0.75024271 27.11858916
v 1.37505817 0.75024271 34.67723030
v 1.37505817 1.25040287 27.11858916
v 1.37505817 1.25040287 34.67723030
v 1.37505817 1.75056303 27.11858916
v 1.37505817 1.75056303 34.67723030
v 1.37505817 2.25072318 27.11858916
v 1.37505817 2.25072318 35.18113971
v 1.37505817 2.75088334 27.11858916
v 1.37505817 2.75088334 35.18113971
v 1.37505817 3.25104350 27.11858916
v 1.37505817 3.25104350 35.18113971
v 1.37505817 3.75120366 27.11858916
v 1.37505817 3.75120366 35.18113971
v 1.37505817 4.25136381 27.11858916
v 1.37505817 4.25136381 35.18113971
v 1.37505817 4.75152397 27.11858916
v 1.37505817 4.75152397 35.18113971
v 1.37505817 5.25168413 27.11858916
v 1.37505817 5.25168413 35.18113971
v 1.37505817 5.75184429 27.11858916
v 1.37505817 5.75184429 35.18113971
v 1.37505817 6.25200444 27.11858916
v 1.37505817 6.25200444 35.18113971
v 1.37505817 6.75216460 27.62249857
v 1.37505817 6.75216460 34.67723030
v 1.37505817 7.25232476 27.62249857
v 1.37505817 7.25232476 34.67723030
v 1.37505817 7.75248492 27.62249857
v 1.37505817 7.75248492 34.17332089
v 1.37505817 8.25264508 28.12640798
v 1.37505817 8.25264508 33.66941148
v 1.37505817 8.75280523 28.12640798
v 1.37505817 8.75280523 33.16550207
v 1.37505817 9.25296539 28.63031739
v 1.37505817 9.25296539 29.13422680
v 1.37505817 9.25296539 32.15768325
v 1.37505817 9.25296539 32.66159266
v 1.37505817 9.75312555 29.63813621
v 1.37505817 9.75312555 30.14204562
v 1.37505817 9.75312555 30.64595503
v 1.37505817 9.75312555 31.14986444
v 1.37505817 9.75312555 31.65377384
v 1.87757051 -3.25103855 28.63031739
v 1.87757051 -3.75119871 29.13422680
v 1.87757051 -3.75119871 29.63813621
v 1.87757051 -3.75119871 30.14204562
v 1.87757051 -3.75119871 30.64595503
v 1.87757051 -3.75119871 31.14986444
v 1.87757051 -3.25103855 31.65377384
v 1.87757051 -2.75087839 28.12640798
v 1.87757051 -3.25103855 32.15768325
v 1.87757051 -2.75087839 32.66159266
v 1.87757051 -2.25071824 27.62249857
v 1.87757051 -2.25071824 33.16550207
v 1.87757051 -1.75055808 27.62249857
v 1.87757051 -1.75055808 33.16550207
v 1.87757051 -1.25039792 27.11858916
v 1.87757051 -1.25039792 33.66941148
v 1.87757051 -0.75023776 27.11858916
v 1.87757051 -0.75023776 34.17332089
v 1.87757051 -0.25007761 27.11858916
v 1.87757051 -0.25007761 34.17332089
v 1.87757051 0.25008255 27.11858916
v 1.87757051 0.25008255 34.17332089
v 1.87757051 0.75024271 27.11858916
v 1.87757051 0.75024271 34.67723030
v 1.87757051 1.25040287 27.11858916
v 1.87757051 1.25040287 34.67723030
v 1.87757051 1.75056303 27.11858916
v 1.87757051 1.75056303 34.67723030
v 1.87757051 2.25072318 27.11858916
v 1.87757051 2.25072318 35.18113971
v 1.87757051 2.75088334 27.11858916
v 1.87757051 2.75088334 35.18113971
v 1.87757051 3.25104350 27.11858916
v 1.87757051 3.25104350 35.18113971
v 1.87757051 3.75120366 27.11858916
v 1.87757051 3.75120366 35.18113971
v 1.87757051 4.25136381 27.11858916
v 1.87757051 4.25136381 35.18113971
v 1.87757051 4.75152397 27.11858916
v 1.87757051 4.75152397 35.18113971
v 1.87757051 5.25168413 27.11858916
v 1.87757051 5.25168413 35.18113971
v 1.87757051 5.75184429 27.11858916
v 1.87757051 5.75184429 35.18113971
v 1.87757051 6.25200444 27.11858916
v 1.87757051 6.25200444 35.18113971
v 1.87757051 6.75216460 27.62249857
v 1.87757051 6.75216460 34.67723030
v 1.87757051 7.25232476 27.62249857
v 1.87757051 7.25232476 34.67723030
v 1.87757051 7.75248492 27.62249857
v 1.87757051 7.75248492 34.17332089
v 1.87757051 8.25264508 28.12640798
v 1.87757051 8.25264508 33.66941148
v 1.87757051 8.75280523 28.63031739
v 1.87757051 8.75280523 33.16550207
v 1.87757051 9.25296539 29.13422680
v 1.87757051 9.25296539 32.15768325
v 1.87757051 9.25296539 32.66159266
v 1.87757051 9.75312555 29.63813621
v 1.87757051 9.75312555 30.14204562
v 1.87757051 9.75312555 30.64595503
v 1.87757051 9.75312555 31.14986444
v 1.87757051 9.75312555 31.65377384
v 2.38008285 -3.25103855 28.63031739
v 2.38008285 -3.75119871 29.13422680
v 2.38008285 -3.75119871 29.63813621
v 2.38008285 -3.75119871 30.14204562
v 2.38008285 -3.75119871 30.64595503
v 2.38008285 -3.75119871 31.14986444
v 2.38008285 -3.25103855 31.65377384
v 2.38008285 -2.75087839 28.12640798
v 2.38008285 -3.25103855 32.15768325
v 2.38008285 -2.75087839 32.66159266
v 2.38008285 -2.25071824 27.62249857
v 2.38008285 -2.25071824 33.16550207
v 2.38008285 -1.75055808 27.62249857
v 2.38008285 -1.75055808 33.16550207
v 2.38008285 -1.25039792 27.11858916
v 2.38008285 -1.25039792 33.66941148
v 2.38008285 -0.75023776 27.11858916
v 2.38008285 -0.75023776 34.17332089
v 2.38008285 -0.25007761 27.11858916
v 2.38008285 -0.25007761 34.17332089
v 2.38008285 0.25008255 27.11858916
v 2.38008285 0.25008255 34.67723030
v 2.38008285 0.75024271 27.11858916
v 2.38008285 0.75024271 34.67723030
v 2.38008285 1.25040287 27.11858916
v 2.38008285 1.25040287 34.67723030
v 2.38008285 1.75056303 27.11858916
v 2.38008285 1.75056303 34.67723030
v 2.38008285 2.25072318 27.11858916
v 2.38008285 2.25072318 35.18113971
v 2.38008285 2.75088334 27.11858916
v 2.38008285 2.75088334 35.18113971
v 2.38008285 3.25104350 27.11858916
v 2.38008285 3.25104350 35.18113971
v 2.38008285 3.75120366 27.11858916
v 2.38008285 3.75120366 35.18113971
v 2.38008285 4.25136381 27.11858916
v 2.38008285 4.25136381 35.18113971
v 2.38008285 4.75152397 27.11858916
v 2.38008285 4.75152397 35.18113971
v 2.38008285 5.25168413 27.11858916
v 2.38008285 5.25168413 35.18113971
v 2.38008285 5.75184429 27.11858916
v 2.38008285 5.75184429 35.18113971
v 2.38008285 6.25200444 27.62249857
v 2.38008285 6.25200444 34.67723030
v 2.38008285 6.75216460 27.62249857
v 2.38008285 6.75216460 34.67723030
v 2.38008285 7.25232476 27.62249857
v 2.38008285 7.25232476 34.17332089
v 2.38008285 7.75248492 27.62249857
v 2.38008285 7.75248492 34.17332089
v 2.38008285 8.25264508 28.12640798
v 2.38008285 8.25264508 33.66941148
v 2.38008285 8.75280523 28.63031739
v 2.38008285 8.75280523 32.66159266
v 2.38008285 8.75280523 33.16550207
v 2.38008285 9.25296539 29.13422680
v 2.38008285 9.25296539 29.63813621
v 2.38008285 9.25296539 30.14204562
v 2.38008285 9.25296539 31.65377384
v 2.38008285 9.25296539 32.15768325
v 2.38008285 9.75312555 30.64595503
v 2.38008285 9.75312555 31.14986444
v 2.88259518 -3.25103855 29.13422680
v 2.88259518 -3.75119871 29.63813621
v 2.88259518 -3.75119871 30.14204562
v 2.88259518 -3.75119871 30.64595503
v 2.88259518 -3.75119871 31.14986444
v 2.88259518 -3.25103855 31.65377384
v 2.88259518 -2.75087839 28.12640798
v 2.88259518 -3.25103855 28.63031739
v 2.88259518 -3.25103855 32.15768325
v 2.88259518 -2.75087839 32.66159266
v 2.88259518 -2.25071824 27.62249857
v 2.88259518 -2.25071824 33.16550207
v 2.88259518 -1.75055808 27.62249857
v 2.88259518 -1.75055808 33.66941148
v 2.88259518 -1.25039792 27.62249857
v 2.88259518 -1.25039792 33.66941148
v 2.88259518 -0.75023776 27.11858916
v 2.88259518 -0.75023776 34.17332089
v 2.88259518 -0.25007761 27.11858916
v 2.88259518 -0.25007761 34.17332089
v 2.88259518 0.25008255 27.11858916
v 2.88259518 0.25008255 34.67723030
v 2.88259518 0.75024271 27.11858916
v 2.88259518 0.75024271 34.67723030
v 2.88259518 1.25040287 27.11858916
v 2.88259518 1.25040287 34.67723030
v 2.88259518 1.75056303 27.11858916
v 2.88259518 1.75056303 35.18113971
v 2.88259518 2.25072318 27.11858916
v 2.88259518 2.25072318 35.18113971
v 2.88259518 2.75088334 27.11858916
v 2.88259518 2.75088334 35.18113971
v 2.88259518 3.25104350 27.11858916
v 2.88259518 3.25104350 35.18113971
v 2.88259518 3.75120366 27.11858916
v 2.88259518 3.75120366 35.18113971
v 2.88259518 4.25136381 27.11858916
v 2.88259518 4.25136381 35.18113971
v 2.88259518 4.75152397 27.11858916
v 2.88259518 4.75152397 35.18113971
v 2.88259518 5.25168413 27.11858916
v 2.88259518 5.25168413 35.18113971
v 2.88259518 5.75184429 27.11858916
v 2.88259518 5.75184429 35.18113971
v 2.88259518 6.25200444 27.62249857
v 2.88259518 6.25200444 34.67723030
v 2.88259518 6.75216460 27.62249857
v 2.88259518 6.75216460 34.67723030
v 2.88259518 7.25232476 27.62249857
v 2.88259518 7.25232476 34.17332089
v 2.88259518 7.75248492 27.62249857
v 2.88259518 7.75248492 33.66941148
v 2.88259518 8.25264508 28.12640798
v 2.88259518 8.25264508 33.16550207
v 2.88259518 8.75280523 28.63031739
v 2.88259518 8.75280523 32.66159266
v 2.88259518 9.25296539 29.13422680
v 2.88259518 9.25296539 29.63813621
v 2.88259518 9.25296539 30.14204562
v 2.88259518 9.25296539 30.64595503
v 2.88259518 9.25296539 31.14986444
v 2.88259518 9.25296539 31.65377384
v 2.88259518 9.25296539 32.15768325
v 3.38510752 -3.25103855 29.13422680
v 3.38510752 -3.75119871 29.63813621
v 3.38510752 -3.75119871 30.14204562
v 3.38510752 -3.75119871 30.64595503
v 3.38510752 -3.75119871 31.14986444
v 3.38510752 -3.25103855 31.65377384
v 3.38510752 -2.75087839 28.12640798
v 3.38510752 -3.25103855 28.63031739
v 3.38510752 -3.25103855 32.15768325
v 3.38510752 -2.75087839 32.66159266
v 3.38510752 -2.25071824 28.12640798
v 3.38510752 -2.25071824 33.16550207
v 3.38510752 -1.75055808 27.62249857
v 3.38510752 -1.75055808 33.66941148
v 3.38510752 -1.25039792 27.62249857
v 3.38510752 -1.25039792 33.66941148
v 3.38510752 -0.75023776 27.11858916
v 3.38510752 -0.75023776 34.17332089
v 3.38510752 -0.25007761 27.11858916
v 3.38510752 -0.25007761 34.17332089
v 3.38510752 0.25008255 27.11858916
v 3.38510752 0.25008255 34.67723030
v 3.38510752 0.75024271 27.11858916
v 3.38510752 0.75024271 34.67723030
v 3.38510752 1.25040287 27.11858916
v 3.38510752 1.25040287 34.67723030
v 3.38510752 1.75056303 27.11858916
v 3.38510752 1.75056303 35.18113971
v 3.38510752 2.25072318 27.11858916
v 3.38510752 2.25072318 35.18113971
v 3.38510752 2.75088334 27.11858916
v 3.38510752 2.75088334 35.18113971
v 3.38510752 3.25104350 27.11858916
v 3.38510752 3.25104350 35.18113971
v 3.38510752 3.75120366 27.11858916
v 3.38510752 3.75120366 35.18113971
v 3.38510752 4.25136381 27.11858916
v 3.38510752 4.25136381 35.18113971
v 3.38510752 4.75152397 27.11858916
v 3.38510752 4.75152397 35.18113971
v 3.38510752 5.25168413 27.11858916
v 3.38510752 5.25168413 35.18113971
v 3.38510752 5.75184429 27.11858916
v 3.38510752 5.75184429 34.67723030
v 3.38510752 6.25200444 27.62249857
v 3.38510752 6.25200444 34.67723030
v 3.38510752 6.75216460 27.62249857
v 3.38510752 6.75216460 34.17332089
v 3.38510752 7.25232476 27.62249857
v 3.38510752 7.25232476 34.17332089
v 3.38510752 7.75248492 28.12640798
v 3.38510752 7.75248492 33.66941148
v 3.38510752 8.25264508 28.12640798
v 3.38510752 8.25264508 33.16550207
v 3.38510752 8.75280523 28.63031739
v 3.38510752 8.75280523 29.13422680
v 3.38510752 8.75280523 32.15768325
v 3.38510752 8.75280523 32.66159266
v 3.38510752 9.25296539 29.63813621
v 3.38510752 9.25296539 30.14204562
v 3.38510752 9.25296539 30.64595503
v 3.38510752 9.25296539 31.14986444
v 3.38510752 9.25296539 31.65377384
v 3.88761985 -3.25103855 29.13422680
v 3.88761985 -3.75119871 29.63813621
v 3.88761985 -3.75119871 30.14204562
v 3.88761985 -3.75119871 30.64595503
v 3.88761985 -3.75119871 31.14986444
v 3.88761985 -3.25103855 31.65377384
v 3.88761985 -2.75087839 28.12640798
v 3.88761985 -3.25103855 28.63031739
v 3.88761985 -3.25103855 32.15768325
v 3.88761985 -2.75087839 32.66159266
v 3.88761985 -2.25071824 28.12640798
v 3.88761985 -2.25071824 33.16550207
v 3.88761985 -1.75055808 27.62249857
v 3.88761985 -1.75055808 33.66941148
v 3.88761985 -1.25039792 27.62249857
v 3.88761985 -1.25039792 33.66941148
v 3.88761985 -0.75023776 27.62249857
v 3.88761985 -0.75023776 34.17332089
v 3.88761985 -0.25007761 27.11858916
v 3.88761985 -0.25007761 34.17332089
v 3.88761985 0.25008255 27.11858916
v 3.88761985 0.25008255 34.67723030
v 3.88761985 0.75024271 27.11858916
v 3.88761985 0.75024271 34.67723030
v 3.88761985 1.25040287 27.11858916
v 3.88761985 1.25040287 34.67723030
v 3.88761985 1.75056303 27.11858916
v 3.88761985 1.75056303 35.18113971
v 3.88761985 2.25072318 27.11858916
v 3.88761985 2.25072318 35.18113971
v 3.88761985 2.75088334 27.11858916
v 3.88761985 2.75088334 35.18113971
v 3.88761985 3.25104350 27.11858916
v 3.88761985 3.25104350 35.18113971
v 3.88761985 3.75120366 27.11858916
v 3.88761985 3.75120366 35.18113971
v 3.88761985 4.25136381 27.11858916
v 3.88761985 4.25136381 35.18113971
v 3.88761985 4.75152397 27.11858916
v 3.88761985 4.75152397 35.18113971
v 3.88761985 5.25168413 27.11858916
v 3.88761985 5.25168413 34.67723030
v 3.88761985 5.75184429 27.11858916
v 3.88761985 5.75184429 34.67723030
v 3.88761985 6.25200444 27.62249857
v 3.88761985 6.25200444 34.67723030
v 3.88761985 6.75216460 27.62249857
v 3.88761985 6.75216460 34.17332089
v 3.88761985 7.25232476 27.62249857
v 3.88761985 7.25232476 34.17332089
v 3.88761985 7.75248492 28.12640798
v 3.88761985 7.75248492 33.66941148
v 3.88761985 8.25264508 28.63031739
v 3.88761985 8.25264508 33.16550207
v 3.88761985 8.75280523 29.13422680
v 3.88761985 8.75280523 31.65377384
v 3.88761985 8.75280523 32.15768325
v 3.88761985 8.75280523 32.66159266
v 3.88761985 9.25296539 29.63813621
v 3.88761985 9.25296539 30.14204562
v 3.88761985 9.25296539 30.64595503
v 3.88761985 9.25296539 31.14986444
v 4.39013219 -3.25103855 29.63813621
v 4.39013219 -3.75119871 30.14204562
v 4.39013219 -3.75119871 30.64595503
v 4.39013219 -3.75119871 31.14986444
v 4.39013219 -3.25103855 31.65377384
v 4.39013219 -2.75087839 28.63031739
v 4.39013219 -3.25103855 29.13422680
v 4.39013219 -3.25103855 32.15768325
v 4.39013219 -2.75087839 32.66159266
v 4.39013219 -2.25071824 28.12640798
v 4.39013219 -2.25071824 33.16550207
v 4.39013219 -1.75055808 27.62249857
v 4.39013219 -1.75055808 33.66941148
v 4.39013219 -1.25039792 27.62249857
v 4.39013219 -1.25039792 33.66941148
v 4.39013219 -0.75023776 27.62249857
v 4.39013219 -0.75023776 34.17332089
v 4.39013219 -0.25007761 27.11858916
v 4.39013219 -0.25007761 34.17332089
v 4.39013219 0.25008255 27.11858916
v 4.39013219 0.25008255 34.67723030
v 4.39013219 0.75024271 27.11858916
v 4.39013219 0.75024271 34.67723030
v 4.39013219 1.25040287 27.11858916
v 4.39013219 1.25040287 34.67723030
v 4.39013219 1.75056303 27.11858916
v 4.39013219 1.75056303 34.67723030
v 4.39013219 2.25072318 27.11858916
v 4.39013219 2.25072318 35.18113971
v 4.39013219 2.75088334 27.11858916
v 4.39013219 2.75088334 35.18113971
v 4.39013219 3.25104350 27.11858916
v 4.39013219 3.25104350 35.18113971
v 4.39013219 3.75120366 27.11858916
v 4.39013219 3.75120366 35.18113971
v 4.39013219 4.25136381 27.11858916
v 4.39013219 4.25136381 35.18113971
v 4.39013219 4.75152397 27.11858916
v 4.39013219 4.75152397 35.18113971
v 4.39013219 5.25168413 27.11858916
v 4.39013219 5.25168413 34.67723030
v 4.39013219 5.75184429 27.11858916
v 4.39013219 5.75184429 34.67723030
v 4.39013219 6.25200444 27.62249857
v 4.39013219 6.25200444 34.67723030
v 4.39013219 6.75216460 27.62249857
v 4.39013219 6.75216460 34.17332089
v 4.39013219 7.25232476 27.62249857
v 4.39013219 7.25232476 33.66941148
v 4.39013219 7.75248492 28.12640798
v 4.39013219 7.75248492 33.16550207
v 4.39013219 8.25264508 28.63031739
v 4.39013219 8.25264508 32.66159266
v 4.39013219 8.75280523 29.13422680
v 4.39013219 8.75280523 29.63813621
v 4.39013219 8.75280523 31.14986444
v 4.39013219 8.75280523 31.65377384
v 4.39013219 8.75280523 32.15768325
v 4.39013219 9.25296539 30.14204562
v 4.39013219 9.25296539 30.64595503
v 4.89264452 -3.25103855 29.63813621
v 4.89264452 -3.75119871 30.14204562
v 4.89264452 -3.75119871 30.64595503
v 4.89264452 -3.75119871 31.14986444
v 4.89264452 -3.25103855 31.65377384
v 4.89264452 -2.75087839 28.63031739
v 4.89264452 -3.25103855 29.13422680
v 4.89264452 -3.25103855 32.15768325
v 4.89264452 -2.75087839 32.66159266
v 4.89264452 -2.25071824 28.12640798
v 4.89264452 -2.25071824 33.16550207
v 4.89264452 -1.75055808 27.62249857
v 4.89264452 -1.75055808 33.66941148
v 4.89264452 -1.25039792 27.62249857
v 4.89264452 -1.25039792 34.17332089
v 4.89264452 -0.75023776 27.62249857
v 4.89264452 -0.75023776 34.17332089
v 4.89264452 -0.25007761 27.62249857
v 4.89264452 -0.25007761 34.17332089
v 4.89264452 0.25008255 27.62249857
v 4.89264452 0.25008255 34.67723030
v 4.89264452 0.75024271 27.11858916
v 4.89264452 0.75024271 34.67723030
v 4.89264452 1.25040287 27.11858916
v 4.89264452 1.25040287 34.67723030
v 4.89264452 1.75056303 27.11858916
v 4.89264452 1.75056303 34.67723030
v 4.89264452 2.25072318 27.11858916
v 4.89264452 2.25072318 35.18113971
v 4.89264452 2.75088334 27.11858916
v 4.89264452 2.75088334 35.18113971
v 4.89264452 3.25104350 27.11858916
v 4.89264452 3.25104350 35.18113971
v 4.89264452 3.75120366 27.11858916
v 4.89264452 3.75120366 35.18113971
v 4.89264452 4.25136381 27.11858916
v 4.89264452 4.25136381 35.18113971
v 4.89264452 4.75152397 27.11858916
v 4.89264452 4.75152397 34.67723030
v 4.89264452 5.25168413 27.11858916
v 4.89264452 5.25168413 34.67723030
v 4.89264452 5.75184429 27.62249857
v 4.89264452 5.75184429 34.67723030
v 4.89264452 6.25200444 27.62249857
v 4.89264452 6.25200444 34.17332089
v 4.89264452 6.75216460 27.62249857
v 4.89264452 6.75216460 34.17332089
v 4.89264452 7.25232476 28.12640798
v 4.89264452 7.25232476 33.66941148
v 4.89264452 7.75248492 28.12640798
v 4.89264452 7.75248492 33.16550207
v 4.89264452 8.25264508 28.63031739
v 4.89264452 8.25264508 32.15768325
v 4.89264452 8.25264508 32.66159266
v 4.89264452 8.75280523 29.13422680
v 4.89264452 8.75280523 29.63813621
v 4.89264452 8.75280523 30.14204562
v 4.89264452 8.75280523 30.64595503
v 4.89264452 8.75280523 31.14986444
v 4.89264452 8.75280523 31.65377384
v 5.39515686 -3.25103855 30.14204562
v 5.39515686 -3.75119871 30.64595503
v 5.39515686 -3.25103855 31.14986444
v 5.39515686 -2.75087839 28.63031739
v 5.39515686 -3.25103855 29.13422680
v 5.39515686 -3.25103855 29.63813621
v 5.39515686 -3.25103855 31.65377384
v 5.39515686 -3.25103855 32.15768325
v 5.39515686 -2.75087839 32.66159266
v 5.39515686 -2.25071824 28.12640798
v 5.39515686 -2.25071824 33.16550207
v 5.39515686 -1.75055808 28.12640798
v 5.39515686 -1.75055808 33.66941148
v 5.39515686 -1.25039792 27.62249857
v 5.39515686 -1.25039792 34.17332089
v 5.39515686 -0.75023776 27.62249857
v 5.39515686 -0.75023776 34.17332089
v 5.39515686 -0.25007761 27.62249857
v 5.39515686 -0.25007761 34.17332089
v 5.39515686 0.25008255 27.62249857
v 5.39515686 0.25008255 34.67723030
v 5.39515686 0.75024271 27.62249857
v 5.39515686 0.75024271 34.67723030
v 5.39515686 1.25040287 27.62249857
v 5.39515686 1.25040287 34.67723030
v 5.39515686 1.75056303 27.62249857
v 5.39515686 1.75056303 34.67723030
v 5.39515686 2.25072318 27.62249857
v 5.39515686 2.25072318 35.18113971
v 5.39515686 2.75088334 27.62249857
v 5.39515686 2.75088334 35.18113971
v 5.39515686 3.25104350 27.62249857
v 5.39515686 3.25104350 35.18113971
v 5.39515686 3.75120366 27.11858916
v 5.39515686 3.75120366 35.18113971
v 5.39515686 4.25136381 27.11858916
v 5.39515686 4.25136381 34.67723030
v 5.39515686 4.75152397 27.11858916
v 5.39515686 4.75152397 34.67723030
v 5.39515686 5.25168413 27.11858916
v 5.39515686 5.25168413 34.67723030
v 5.39515686 5.75184429 27.62249857
v 5.39515686 5.75184429 34.67723030
v 5.39515686 6.25200444 27.62249857
v 5.39515686 6.25200444 34.17332089
v 5.39515686 6.75216460 27.62249857
v 5.39515686 6.75216460 34.17332089
v 5.39515686 7.25232476 28.12640798
v 5.39515686 7.25232476 33.66941148
v 5.39515686 7.75248492 28.12640798
v 5.39515686 7.75248492 33.16550207
v 5.39515686 8.25264508 28.63031739
v 5.39515686 8.25264508 29.13422680
v 5.39515686 8.25264508 32.15768325
v 5.39515686 8.25264508 32.66159266
v 5.39515686 8.75280523 29.63813621
v 5.39515686 8.75280523 30.14204562
v 5.39515686 8.75280523 30.64595503
v 5.39515686 8.75280523 31.14986444
v 5.39515686 8.75280523 31.65377384
v 5.89766920 -3.25103855 30.64595503
v 5.89766920 -2.75087839 28.63031739
v 5.89766920 -3.25103855 29.13422680
v 5.89766920 -3.25103855 29.63813621
v 5.89766920 -3.25103855 30.14204562
v 5.89766920 -3.25103855 31.14986444
v 5.89766920 -3.25103855 31.65377384
v 5.89766920 -3.25103855 32.15768325
v 5.89766920 -2.75087839 32.66159266
v 5.89766920 -2.25071824 28.12640798
v 5.89766920 -2.25071824 33.16550207
v 5.89766920 -1.75055808 28.12640798
v 5.89766920 -1.75055808 33.66941148
v 5.89766920 -1.25039792 27.62249857
v 5.89766920 -1.25039792 34.17332089
v 5.89766920 -0.75023776 27.62249857
v 5.89766920 -0.75023776 34.17332089
v 5.89766920 -0.25007761 27.62249857
v 5.89766920 -0.25007761 34.17332089
v 5.89766920 0.25008255 27.62249857
v 5.89766920 0.25008255 34.67723030
v 5.89766920 0.75024271 27.62249857
v 5.89766920 0.75024271 34.67723030
v 5.89766920 1.25040287 27.62249857
v 5.89766920 1.25040287 34.67723030
v 5.89766920 1.75056303 27.62249857
v 5.89766920 1.75056303 34.67723030
v 5.89766920 2.25072318 27.62249857
v 5.89766920 2.25072318 34.67723030
v 5.89766920 2.75088334 27.62249857
v 5.89766920 2.75088334 35.18113971
v 5.89766920 3.25104350 27.62249857
v 5.89766920 3.25104350 35.18113971
v 5.89766920 3.75120366 27.62249857
v 5.89766920 3.75120366 34.67723030
v 5.89766920 4.25136381 27.11858916
v 5.89766920 4.25136381 34.67723030
v 5.89766920 4.75152397 27.11858916
v 5.89766920 4.75152397 34.67723030
v 5.89766920 5.25168413 27.62249857
v 5.89766920 5.25168413 34.67723030
v 5.89766920 5.75184429 27.62249857
v 5.89766920 5.75184429 34.67723030
v 5.89766920 6.25200444 27.62249857
v 5.89766920 6.25200444 34.17332089
v 5.89766920 6.75216460 27.62249857
v 5.89766920 6.75216460 33.66941148
v 5.89766920 7.25232476 28.12640798
v 5.89766920 7.25232476 33.66941148
v 5.89766920 7.75248492 28.63031739
v 5.89766920 7.75248492 32.66159266
v 5.89766920 7.75248492 33.16550207
v 5.89766920 8.25264508 29.13422680
v 5.89766920 8.25264508 29.63813621
v 5.89766920 8.25264508 31.14986444
v 5.89766920 8.25264508 31.65377384
v 5.89766920 8.25264508 32.15768325
v 5.89766920 8.75280523 30.14204562
v 5.89766920 8.75280523 30.64595503
v 6.40018153 -2.75087839 29.13422680
v 6.40018153 -3.25103855 29.63813621
v 6.40018153 -3.25103855 30.14204562
v 6.40018153 -3.25103855 30.64595503
v 6.40018153 -3.25103855 31.14986444
v 6.40018153 -3.25103855 31.65377384
v 6.40018153 -3.25103855 32.15768325
v 6.40018153 -2.75087839 32.66159266
v 6.40018153 -2.25071824 28.12640798
v 6.40018153 -2.75087839 28.63031739
v 6.40018153 -2.25071824 33.16550207
v 6.40018153 -1.75055808 28.12640798
v 6.40018153 -1.75055808 33.66941148
v 6.40018153 -1.25039792 27.62249857
v 6.40018153 -1.25039792 34.17332089
v 6.40018153 -0.75023776 27.62249857
v 6.40018153 -0.75023776 34.17332089
v 6.40018153 -0.25007761 27.62249857
v 6.40018153 -0.25007761 34.17332089
v 6.40018153 0.25008255 27.62249857
v 6.40018153 0.25008255 34.67723030
v 6.40018153 0.75024271 27.62249857
v 6.40018153 0.75024271 34.67723030
v 6.40018153 1.25040287 27.62249857
v 6.40018153 1.25040287 34.67723030
v 6.40018153 1.75056303 27.62249857
v 6.40018153 1.75056303 34.67723030
v 6.40018153 2.25072318 27.62249857
v 6.40018153 2.25072318 34.67723030
v 6.40018153 2.75088334 27.62249857
v 6.40018153 2.75088334 34.67723030
v 6.40018153 3.25104350 27.62249857
v 6.40018153 3.25104350 34.67723030
v 6.40018153 3.75120366 27.62249857
v 6.40018153 3.75120366 34.67723030
v 6.40018153 4.25136381 27.11858916
v 6.40018153 4.25136381 34.67723030
v 6.40018153 4.75152397 27.11858916
v 6.40018153 4.75152397 34.67723030
v 6.40018153 5.25168413 27.62249857
v 6.40018153 5.25168413 34.67723030
v 6.40018153 5.75184429 27.62249857
v 6.40018153 5.75184429 34.17332089
v 6.40018153 6.25200444 27.62249857
v 6.40018153 6.25200444 34.17332089
v 6.40018153 6.75216460 28.12640798
v 6.40018153 6.75216460 33.66941148
v 6.40018153 7.25232476 28.12640798
v 6.40018153 7.25232476 33.16550207
v 6.40018153 7.75248492 28.63031739
v 6.40018153 7.75248492 32.15768325
v 6.40018153 7.75248492 32.66159266
v 6.40018153 8.25264508 29.13422680
v 6.40018153 8.25264508 29.63813621
v 6.40018153 8.25264508 30.14204562
v 6.40018153 8.25264508 30.64595503
v 6.40018153 8.25264508 31.14986444
v 6.40018153 8.25264508 31.65377384
v 6.90269387 -2.75087839 29.13422680
v 6.90269387 -3.25103855 29.63813621
v 6.90269387 -3.25103855 30.14204562
v 6.90269387 -3.25103855 30.64595503
v 6.90269387 -3.25103855 31.14986444
v 6.90269387 -3.25103855 31.65377384
v 6.90269387 -3.25103855 32.15768325
v 6.90269387 -2.75087839 32.66159266
v 6.90269387 -2.25071824 28.12640798
v 6.90269387 -2.75087839 28.63031739
v 6.90269387 -2.25071824 33.16550207
v 6.90269387 -1.75055808 28.12640798
v 6.90269387 -1.75055808 33.66941148
v 6.90269387 -1.25039792 27.62249857
v 6.90269387 -1.25039792 34.17332089
v 6.90269387 -0.75023776 27.62249857
v 6.90269387 -0.75023776 34.17332089
v 6.90269387 -0.25007761 27.62249857
v 6.90269387 -0.25007761 34.17332089
v 6.90269387 0.25008255 27.62249857
v 6.90269387 0.25008255 34.67723030
v 6.90269387 0.75024271 27.62249857
v 6.90269387 0.75024271 34.67723030
v 6.90269387 1.25040287 27.62249857
v 6.90269387 1.25040287 34.67723030
v 6.90269387 1.75056303 27.62249857
v 6.90269387 1.75056303 34.67723030
v 6.90269387 2.25072318 27.62249857
v 6.90269387 2.25072318 34.67723030
v 6.90269387 2.75088334 27.62249857
v 6.90269387 2.75088334 34.67723030
v 6.90269387 3.25104350 27.62249857
v 6.90269387 3.25104350 34.67723030
v 6.90269387 3.75120366 27.62249857
v 6.90269387 3.75120366 34.67723030
v 6.90269387 4.25136381 27.62249857
v 6.90269387 4.25136381 34.67723030
v 6.90269387 4.75152397 27.62249857
v 6.90269387 4.75152397 34.67723030
v 6.90269387 5.25168413 27.62249857
v 6.90269387 5.25168413 34.67723030
v 6.90269387 5.75184429 27.62249857
v 6.90269387 5.75184429 34.17332089
v 6.90269387 6.25200444 27.62249857
v 6.90269387 6.25200444 34.17332089
v 6.90269387 6.75216460 28.12640798
v 6.90269387 6.75216460 33.66941148
v 6.90269387 7.25232476 28.63031739
v 6.90269387 7.25232476 33.16550207
v 6.90269387 7.75248492 29.13422680
v 6.90269387 7.75248492 32.15768325
v 6.90269387 7.75248492 32.66159266
v 6.90269387 8.25264508 29.63813621
v 6.90269387 8.25264508 30.14204562
v 6.90269387 8.25264508 30.64595503
v 6.90269387 8.25264508 31.14986444
v 6.90269387 8.25264508 31.65377384
v 7.40520620 -2.75087839 29.13422680
v 7.40520620 -3.25103855 29.63813621
v 7.40520620 -3.25103855 30.14204562
v 7.40520620 -3.25103855 30.64595503
v 7.40520620 -3.25103855 31.14986444
v 7.40520620 -3.25103855 31.65377384
v 7.40520620 -3.25103855 32.15768325
v 7.40520620 -2.75087839 32.66159266
v 7.40520620 -2.25071824 28.63031739
v 7.40520620 -2.25071824 33.16550207
v 7.40520620 -1.75055808 28.12640798
v 7.40520620 -1.75055808 33.66941148
v 7.40520620 -1.25039792 27.62249857
v 7.40520620 -1.25039792 33.66941148
v 7.40520620 -0.75023776 27.62249857
v 7.40520620 -0.75023776 34.17332089
v 7.40520620 -0.25007761 27.62249857
v 7.40520620 -0.25007761 34.17332089
v 7.40520620 0.25008255 27.62249857
v 7.40520620 0.25008255 34.67723030
v 7.40520620 0.75024271 27.62249857
v 7.40520620 0.75024271 34.67723030
v 7.40520620 1.25040287 27.62249857
v 7.40520620 1.25040287 34.67723030
v 7.40520620 1.75056303 27.62249857
v 7.40520620 1.75056303 34.67723030
v 7.40520620 2.25072318 27.62249857
v 7.40520620 2.25072318 34.67723030
v 7.40520620 2.75088334 27.62249857
v 7.40520620 2.75088334 34.67723030
v 7.40520620 3.25104350 27.62249857
v 7.40520620 3.25104350 34.67723030
v 7.40520620 3.75120366 27.62249857
v 7.40520620 3.75120366 34.67723030
v 7.40520620 4.25136381 27.62249857
v 7.40520620 4.25136381 34.67723030
v 7.40520620 4.75152397 27.62249857
v 7.40520620 4.75152397 34.67723030
v 7.40520620 5.25168413 27.62249857
v 7.40520620 5.25168413 34.17332089
v 7.40520620 5.75184429 27.62249857
v 7.40520620 5.75184429 34.17332089
v 7.40520620 6.25200444 28.12640798
v 7.40520620 6.25200444 33.66941148
v 7.40520620 6.75216460 28.12640798
v 7.40520620 6.75216460 33.16550207
v 7.40520620 7.25232476 28.63031739
v 7.40520620 7.25232476 32.66159266
v 7.40520620 7.75248492 29.13422680
v 7.40520620 7.75248492 29.63813621
v 7.40520620 7.75248492 31.14986444
v 7.40520620 7.75248492 31.65377384
v 7.40520620 7.75248492 32.15768325
v 7.40520620 8.25264508 30.14204562
v 7.40520620 8.25264508 30.64595503
v 7.90771854 -2.75087839 29.13422680
v 7.90771854 -3.25103855 29.63813621
v 7.90771854 -3.25103855 30.14204562
v 7.90771854 -3.25103855 30.64595503
v 7.90771854 -3.25103855 31.14986444
v 7.90771854 -3.25103855 31.65377384
v 7.90771854 -3.25103855 32.15768325
v 7.90771854 -2.75087839 32.66159266
v 7.90771854 -2.25071824 28.63031739
v 7.90771854 -2.25071824 33.16550207
v 7.90771854 -1.75055808 28.12640798
v 7.90771854 -1.75055808 33.66941148
v 7.90771854 -1.25039792 28.12640798
v 7.90771854 -1.25039792 33.66941148
v 7.90771854 -0.75023776 27.62249857
v 7.90771854 -0.75023776 34.17332089
v 7.90771854 -0.25007761 27.62249857
v 7.90771854 -0.25007761 34.17332089
v 7.90771854 0.25008255 27.62249857
v 7.90771854 0.25008255 34.17332089
v 7.90771854 0.75024271 27.62249857
v 7.90771854 0.75024271 34.67723030
v 7.90771854 1.25040287 27.62249857
v 7.90771854 1.25040287 34.67723030
v 7.90771854 1.75056303 27.62249857
v 7.90771854 1.75056303 34.67723030
v 7.90771854 2.25072318 27.62249857
v 7.90771854 2.25072318 34.67723030
v 7.90771854 2.75088334 27.62249857
v 7.90771854 2.75088334 34.67723030
v 7.90771854 3.25104350 27.62249857
v 7.90771854 3.25104350 34.67723030
v 7.90771854 3.75120366 27.62249857
v 7.90771854 3.75120366 34.67723030
v 7.90771854 4.25136381 27.62249857
v 7.90771854 4.25136381 34.67723030
v 7.90771854 4.75152397 27.62249857
v 7.90771854 4.75152397 34.17332089
v 7.90771854 5.25168413 27.62249857
v 7.90771854 5.25168413 34.17332089
v 7.90771854 5.75184429 27.62249857
v 7.90771854 5.75184429 34.17332089
v 7.90771854 6.25200444 28.12640798
v 7.90771854 6.25200444 33.66941148
v 7.90771854 6.75216460 28.63031739
v 7.90771854 6.75216460 33.16550207
v 7.90771854 7.25232476 29.13422680
v 7.90771854 7.25232476 32.15768325
v 7.90771854 7.25232476 32.66159266
v 7.90771854 7.75248492 29.63813621
v 7.90771854 7.75248492 30.14204562
v 7.90771854 7.75248492 30.64595503
v 7.90771854 7.75248492 31.14986444
v 7.90771854 7.75248492 31.65377384
v 8.41023088 -2.75087839 29.63813621
v 8.41023088 -3.25103855 30.14204562
v 8.41023088 -3.25103855 30.64595503
v 8.41023088 -3.25103855 31.14986444
v 8.41023088 -3.25103855 31.65377384
v 8.41023088 -2.75087839 32.15768325
v 8.41023088 -2.25071824 28.63031739
v 8.41023088 -2.75087839 29.13422680
v 8.41023088 -2.75087839 32.66159266
v 8.41023088 -2.25071824 33.16550207
v 8.41023088 -1.75055808 28.12640798
v 8.41023088 -1.75055808 33.66941148
v 8.41023088 -1.25039792 28.12640798
v 8.41023088 -1.25039792 33.66941148
v 8.41023088 -0.75023776 27.62249857
v 8.41023088 -0.75023776 34.17332089
v 8.41023088 -0.25007761 27.62249857
v 8.41023088 -0.25007761 34.17332089
v 8.41023088 0.25008255 27.62249857
v 8.41023088 0.25008255 34.17332089
v 8.41023088 0.75024271 27.62249857
v 8.41023088 0.75024271 34.67723030
v 8.41023088 1.25040287 27.62249857
v 8.41023088 1.25040287 34.67723030
v 8.41023088 1.75056303 27.62249857
v 8.41023088 1.75056303 34.67723030
v 8.41023088 2.25072318 27.62249857
v 8.41023088 2.25072318 34.67723030
v 8.41023088 2.75088334 27.62249857
v 8.41023088 2.75088334 34.67723030
v 8.41023088 3.25104350 27.62249857
v 8.41023088 3.25104350 34.67723030
v 8.41023088 3.75120366 27.62249857
v 8.41023088 3.75120366 34.67723030
v 8.41023088 4.25136381 27.62249857
v 8.41023088 4.25136381 34.17332089
v 8.41023088 4.75152397 27.62249857
v 8.41023088 4.75152397 34.17332089
v 8.41023088 5.25168413 27.62249857
v 8.41023088 5.25168413 34.17332089
v 8.41023088 5.75184429 28.12640798
v 8.41023088 5.75184429 33.66941148
v 8.41023088 6.25200444 28.12640798
v 8.41023088 6.25200444 33.16550207
v 8.41023088 6.75216460 28.63031739
v 8.41023088 6.75216460 32.66159266
v 8.41023088 7.25232476 29.13422680
v 8.41023088 7.25232476 29.63813621
v 8.41023088 7.25232476 31.65377384
v 8.41023088 7.25232476 32.15768325
v 8.41023088 7.75248492 30.14204562
v 8.41023088 7.75248492 30.64595503
v 8.41023088 7.75248492 31.14986444
v 8.91274321 -2.75087839 29.63813621
v 8.91274321 -3.25103855 30.14204562
v 8.91274321 -3.25103855 30.64595503
v 8.91274321 -3.25103855 31.14986444
v 8.91274321 -3.25103855 31.65377384
v 8.91274321 -2.75087839 32.15768325
v 8.91274321 -2.25071824 28.63031739
v 8.91274321 -2.75087839 29.13422680
v 8.91274321 -2.75087839 32.66159266
v 8.91274321 -2.25071824 33.16550207
v 8.91274321 -1.75055808 28.12640798
v 8.91274321 -1.75055808 33.66941148
v 8.91274321 -1.25039792 28.12640798
v 8.91274321 -1.25039792 33.66941148
v 8.91274321 -0.75023776 27.62249857
v 8.91274321 -0.75023776 34.17332089
v 8.91274321 -0.25007761 27.62249857
v 8.91274321 -0.25007761 34.17332089
v 8.91274321 0.25008255 27.62249857
v 8.91274321 0.25008255 34.17332089
v 8.91274321 0.75024271 27.62249857
v 8.91274321 0.75024271 34.17332089
v 8.91274321 1.25040287 27.62249857
v 8.91274321 1.25040287 34.67723030
v 8.91274321 1.75056303 27.62249857
v 8.91274321 1.75056303 34.67723030
v 8.91274321 2.25072318 27.62249857
v 8.91274321 2.25072318 34.67723030
v 8.91274321 2.75088334 27.62249857
v 8.91274321 2.75088334 34.67723030
v 8.91274321 3.25104350 27.62249857
v 8.91274321 3.25104350 34.67723030
v 8.91274321 3.75120366 27.62249857
v 8.91274321 3.75120366 34.17332089
v 8.91274321 4.25136381 27.62249857
v 8.91274321 4.25136381 34.17332089
v 8.91274321 4.75152397 27.62249857
v 8.91274321 4.75152397 34.17332089
v 8.91274321 5.25168413 28.12640798
v 8.91274321 5.25168413 33.66941148
v 8.91274321 5.75184429 28.12640798
v 8.91274321 5.75184429 33.66941148
v 8.91274321 6.25200444 28.63031739
v 8.91274321 6.25200444 33.16550207
v 8.91274321 6.75216460 29.13422680
v 8.91274321 6.75216460 32.15768325
v 8.91274321 6.75216460 32.66159266
v 8.91274321 7.25232476 29.63813621
v 8.91274321 7.25232476 30.14204562
v 8.91274321 7.25232476 30.64595503
v 8.91274321 7.25232476 31.14986444
v 8.91274321 7.25232476 31.65377384
v 9.41525555 -2.75087839 30.14204562
v 9.41525555 -3.25103855 30.64595503
v 9.41525555 -3.25103855 31.14986444
v 9.41525555 -2.75087839 31.65377384
v 9.41525555 -2.25071824 28.63031739
v 9.41525555 -2.75087839 29.13422680
v 9.41525555 -2.75087839 29.63813621
v 9.41525555 -2.75087839 32.15768325
v 9.41525555 -2.25071824 32.66159266
v 9.41525555 -1.75055808 28.12640798
v 9.41525555 -1.75055808 33.16550207
v 9.41525555 -1.25039792 28.12640798
v 9.41525555 -1.25039792 33.66941148
v 9.41525555 -0.75023776 27.62249857
v 9.41525555 -0.75023776 33.66941148
v 9.41525555 -0.25007761 27.62249857
v 9.41525555 -0.25007761 34.17332089
v 9.41525555 0.25008255 27.62249857
v 9.41525555 0.25008255 34.17332089
v 9.41525555 0.75024271 27.62249857
v 9.41525555 0.75024271 34.17332089
v 9.41525555 1.25040287 27.62249857
v 9.41525555 1.25040287 34.17332089
v 9.41525555 1.75056303 27.62249857
v 9.41525555 1.75056303 34.17332089
v 9.41525555 2.25072318 27.62249857
v 9.41525555 2.25072318 34.17332089
v 9.41525555 2.75088334 27.62249857
v 9.41525555 2.75088334 34.17332089
v 9.41525555 3.25104350 27.62249857
v 9.41525555 3.25104350 34.17332089
v 9.41525555 3.75120366 27.62249857
v 9.41525555 3.75120366 34.17332089
v 9.41525555 4.25136381 27.62249857
v 9.41525555 4.25136381 34.17332089
v 9.41525555 4.75152397 27.62249857
v 9.41525555 4.75152397 34.17332089
v 9.41525555 5.25168413 28.12640798
v 9.41525555 5.25168413 33.66941148
v 9.41525555 5.75184429 28.12640798
v 9.41525555 5.75184429 33.16550207
v 9.41525555 6.25200444 28.63031739
v 9.41525555 6.25200444 32.66159266
v 9.41525555 6.75216460 29.13422680
v 9.41525555 6.75216460 29.63813621
v 9.41525555 6.75216460 31.65377384
v 9.41525555 6.75216460 32.15768325
v 9.41525555 7.25232476 30.14204562
v 9.41525555 7.25232476 30.64595503
v 9.41525555 7.25232476 31.14986444
v 9.91776788 -2.75087839 30.64595503
v 9.91776788 -2.75087839 31.14986444
v 9.91776788 -2.25071824 28.63031739
v 9.91776788 -2.75087839 29.13422680
v 9.91776788 -2.75087839 29.63813621
v 9.91776788 -2.75087839 30.14204562
v 9.91776788 -2.75087839 31.65377384
v 9.91776788 -2.75087839 32.15768325
v 9.91776788 -2.25071824 32.66159266
v 9.91776788 -1.75055808 28.63031739
v 9.91776788 -1.75055808 33.16550207
v 9.91776788 -1.25039792 28.12640798
v 9.91776788 -1.25039792 33.66941148
v 9.91776788 -0.75023776 27.62249857
v 9.91776788 -0.75023776 33.66941148
v 9.91776788 -0.25007761 27.62249857
v 9.91776788 -0.25007761 34.17332089
v 9.91776788 0.25008255 27.62249857
v 9.91776788 0.25008255 34.17332089
v 9.91776788 0.75024271 27.62249857
v 9.91776788 0.75024271 34.17332089
v 9.91776788 1.25040287 27.62249857
v 9.91776788 1.25040287 34.17332089
v 9.91776788 1.75056303 27.62249857
v 9.91776788 1.75056303 34.17332089
v 9.91776788 2.25072318 27.62249857
v 9.91776788 2.25072318 34.17332089
v 9.91776788 2.75088334 27.62249857
v 9.91776788 2.75088334 34.17332089
v 9.91776788 3.25104350 27.62249857
v 9.91776788 3.25104350 34.17332089
v 9.91776788 3.75120366 27.62249857
v 9.91776788 3.75120366 34.17332089
v 9.91776788 4.25136381 27.62249857
v 9.91776788 4.25136381 34.17332089
v 9.91776788 4.75152397 28.12640798
v 9.91776788 4.75152397 33.66941148
v 9.91776788 5.25168413 28.12640798
v 9.91776788 5.25168413 33.66941148
v 9.91776788 5.75184429 28.63031739
v 9.91776788 5.75184429 33.16550207
v 9.91776788 6.25200444 29.13422680
v 9.91776788 6.25200444 32.15768325
v 9.91776788 6.25200444 32.66159266
v 9.91776788 6.75216460 29.63813621
v 9.91776788 6.75216460 30.14204562
v 9.91776788 6.75216460 30.64595503
v 9.91776788 6.75216460 31.14986444
v 9.91776788 6.75216460 31.65377384
v 10.42028022 -2.25071824 29.13422680
v 10.42028022 -2.75087839 29.63813621
v 10.42028022 -2.75087839 30.14204562
v 10.42028022 -2.75087839 30.64595503
v 10.42028022 -2.75087839 31.14986444
v 10.42028022 -2.75087839 31.65377384
v 10.42028022 -2.75087839 32.15768325
v 10.42028022 -2.25071824 32.66159266
v 10.42028022 -1.75055808 28.63031739
v 10.42028022 -1.75055808 33.16550207
v 10.42028022 -1.25039792 28.12640798
v 10.42028022 -1.25039792 33.66941148
v 10.42028022 -0.75023776 27.62249857
v 10.42028022 -0.75023776 33.66941148
v 10.42028022 -0.25007761 27.62249857
v 10.42028022 -0.25007761 33.66941148
v 10.42028022 0.25008255 27.62249857
v 10.42028022 0.25008255 34.17332089
v 10.42028022 0.75024271 27.62249857
v 10.42028022 0.75024271 34.17332089
v 10.42028022 1.25040287 27.62249857
v 10.42028022 1.25040287 34.17332089
v 10.42028022 1.75056303 27.62249857
v 10.42028022 1.75056303 34.17332089
v 10.42028022 2.25072318 27.62249857
v 10.42028022 2.25072318 34.17332089
v 10.42028022 2.75088334 27.62249857
v 10.42028022 2.75088334 34.17332089
v 10.42028022 3.25104350 27.62249857
v 10.42028022 3.25104350 34.17332089
v 10.42028022 3.75120366 27.62249857
v 10.42028022 3.75120366 34.17332089
v 10.42028022 4.25136381 28.12640798
v 10.42028022 4.25136381 33.66941148
v 10.42028022 4.75152397 28.12640798
v 10.42028022 4.75152397 33.66941148
v 10.42028022 5.25168413 28.63031739
v 10.42028022 5.25168413 33.16550207
v 10.42028022 5.75184429 28.63031739
v 10.42028022 5.75184429 32.66159266
v 10.42028022 6.25200444 29.13422680
v 10.42028022 6.25200444 29.63813621
v 10.42028022 6.25200444 30.14204562
v 10.42028022 6.25200444 30.64595503
v 10.42028022 6.25200444 31.14986444
v 10.42028022 6.25200444 31.65377384
v 10.42028022 6.25200444 32.15768325
v 10.92279255 -2.25071824 29.13422680
v 10.92279255 -2.75087839 29.63813621
v 10.92279255 -2.75087839 30.14204562
v 10.92279255 -2.75087839 30.64595503
v 10.92279255 -2.75087839 31.14986444
v 10.92279255 -2.75087839 31.65377384
v 10.92279255 -2.25071824 32.15768325
v 10.92279255 -1.75055808 28.63031739
v 10.92279255 -2.25071824 32.66159266
v 10.92279255 -1.75055808 33.16550207
v 10.92279255 -1.25039792 28.12640798
v 10.92279255 -1.25039792 33.16550207
v 10.92279255 -0.75023776 27.62249857
v 10.92279255 -0.75023776 33.66941148
v 10.92279255 -0.25007761 27.62249857
v 10.92279255 -0.25007761 33.66941148
v 10.92279255 0.25008255 27.62249857
v 10.92279255 0.25008255 34.17332089
v 10.92279255 0.75024271 27.62249857
v 10.92279255 0.75024271 34.17332089
v 10.92279255 1.25040287 27.62249857
v 10.92279255 1.25040287 34.17332089
v 10.92279255 1.75056303 27.62249857
v 10.92279255 1.75056303 34.17332089
v 10.92279255 2.25072318 27.62249857
v 10.92279255 2.25072318 34.17332089
v 10.92279255 2.75088334 27.62249857
v 10.92279255 2.75088334 34.17332089
v 10.92279255 3.25104350 27.62249857
v 10.92279255 3.25104350 33.66941148
v 10.92279255 3.75120366 27.62249857
v 10.92279255 3.75120366 33.66941148
v 10.92279255 4.25136381 28.12640798
v 10.92279255 4.25136381 33.66941148
v 10.92279255 4.75152397 28.12640798
v 10.92279255 4.75152397 33.16550207
v 10.92279255 5.25168413 28.63031739
v 10.92279255 5.25168413 32.66159266
v 10.92279255 5.75184429 29.13422680
v 10.92279255 5.75184429 29.63813621
v 10.92279255 5.75184429 31.65377384
v 10.92279255 5.75184429 32.15768325
v 10.92279255 6.25200444 30.14204562
v 10.92279255 6.25200444 30.64595503
v 10.92279255 6.25200444 31.14986444
v 11.42530489 -2.25071824 29.13422680
v 11.42530489 -2.75087839 29.63813621
v 11.42530489 -2.75087839 30.14204562
v 11.42530489 -2.75087839 30.64595503
v 11.42530489 -2.75087839 31.14986444
v 11.42530489 -2.75087839 31.65377384
v 11.42530489 -2.25071824 32.15768325
v 11.42530489 -1.75055808 28.63031739
v 11.42530489 -1.75055808 32.66159266
v 11.42530489 -1.25039792 28.12640798
v 11.42530489 -1.25039792 33.16550207
v 11.42530489 -0.75023776 27.62249857
v 11.42530489 -0.75023776 33.66941148
v 11.42530489 -0.25007761 27.62249857
v 11.42530489 -0.25007761 33.66941148
v 11.42530489 0.25008255 27.62249857
v 11.42530489 0.25008255 33.66941148
v 11.42530489 0.75024271 27.62249857
v 11.42530489 0.75024271 33.66941148
v 11.42530489 1.25040287 27.62249857
v 11.42530489 1.25040287 34.17332089
v 11.42530489 1.75056303 27.62249857
v 11.42530489 1.75056303 34.17332089
v 11.42530489 2.25072318 27.62249857
v 11.42530489 2.25072318 33.66941148
v 11.42530489 2.75088334 27.62249857
v 11.42530489 2.75088334 33.66941148
v 11.42530489 3.25104350 27.62249857
v 11.42530489 3.25104350 33.66941148
v 11.42530489 3.75120366 28.12640798
v 11.42530489 3.75120366 33.66941148
v 11.42530489 4.25136381 28.12640798
v 11.42530489 4.25136381 33.16550207
v 11.42530489 4.75152397 28.63031739
v 11.42530489 4.75152397 32.66159266
v 11.42530489 5.25168413 29.13422680
v 11.42530489 5.25168413 32.15768325
v 11.42530489 5.75184429 29.63813621
v 11.42530489 5.75184429 30.14204562
v 11.42530489 5.75184429 30.64595503
v 11.42530489 5.75184429 31.14986444
v 11.42530489 5.75184429 31.65377384
v 11.92781723 -2.25071824 29.63813621
v 11.92781723 -2.75087839 30.14204562
v 11.92781723 -2.75087839 30.64595503
v 11.92781723 -2.75087839 31.14986444
v 11.92781723 -2.25071824 31.65377384
v 11.92781723 -1.75055808 28.63031739
v 11.92781723 -2.25071824 29.13422680
v 11.92781723 -2.25071824 32.15768325
v 11.92781723 -1.75055808 32.66159266
v 11.92781723 -1.25039792 28.12640798
v 11.92781723 -1.25039792 33.16550207
v 11.92781723 -0.75023776 27.62249857
v 11.92781723 -0.75023776 33.16550207
v 11.92781723 -0.25007761 27.62249857
v 11.92781723 -0.25007761 33.66941148
v 11.92781723 0.25008255 27.62249857
v 11.92781723 0.25008255 33.66941148
v 11.92781723 0.75024271 27.62249857
v 11.92781723 0.75024271 33.66941148
v 11.92781723 1.25040287 27.62249857
v 11.92781723 1.25040287 33.66941148
v 11.92781723 1.75056303 27.62249857
v 11.92781723 1.75056303 33.66941148
v 11.92781723 2.25072318 27.62249857
v 11.92781723 2.25072318 33.66941148
v 11.92781723 2.75088334 27.62249857
v 11.92781723 2.75088334 33.66941148
v 11.92781723 3.25104350 27.62249857
v 11.92781723 3.25104350 33.16550207
v 11.92781723 3.75120366 28.12640798
v 11.92781723 3.75120366 33.16550207
v 11.92781723 4.25136381 28.12640798
v 11.92781723 4.25136381 32.66159266
v 11.92781723 4.75152397 28.63031739
v 11.92781723 4.75152397 32.15768325
v 11.92781723 5.25168413 29.13422680
v 11.92781723 5.25168413 29.63813621
v 11.92781723 5.25168413 30.14204562
v 11.92781723 5.25168413 30.64595503
v 11.92781723 5.25168413 31.14986444
v 11.92781723 5.25168413 31.65377384
v 12.43032956 -2.25071824 29.63813621
v 12.43032956 -2.75087839 30.14204562
v 12.43032956 -2.75087839 30.64595503
v 12.43032956 -2.25071824 31.14986444
v 12.43032956 -1.75055808 28.63031739
v 12.43032956 -2.25071824 29.13422680
v 12.43032956 -2.25071824 31.65377384
v 12.43032956 -1.75055808 32.15768325
v 12.43032956 -1.25039792 28.12640798
v 12.43032956 -1.25039792 32.66159266
v 12.43032956 -0.75023776 27.62249857
v 12.43032956 -0.75023776 33.16550207
v 12.43032956 -0.25007761 27.62249857
v 12.43032956 -0.25007761 33.16550207
v 12.43032956 0.25008255 27.11858916
v 12.43032956 0.25008255 33.66941148
v 12.43032956 0.75024271 27.11858916
v 12.43032956 0.75024271 33.66941148
v 12.43032956 1.25040287 27.11858916
v 12.43032956 1.25040287 33.66941148
v 12.43032956 1.75056303 27.62249857
v 12.43032956 1.75056303 33.66941148
v 12.43032956 2.25072318 27.62249857
v 12.43032956 2.25072318 33.66941148
v 12.43032956 2.75088334 27.62249857
v 12.43032956 2.75088334 33.16550207
v 12.43032956 3.25104350 27.62249857
v 12.43032956 3.25104350 33.16550207
v 12.43032956 3.75120366 28.12640798
v 12.43032956 3.75120366 32.66159266
v 12.43032956 4.25136381 28.63031739
v 12.43032956 4.25136381 32.66159266
v 12.43032956 4.75152397 29.13422680
v 12.43032956 4.75152397 31.65377384
v 12.43032956 4.75152397 32.15768325
v 12.43032956 5.25168413 29.63813621
v 12.43032956 5.25168413 30.14204562
v 12.43032956 5.25168413 30.64595503
v 12.43032956 5.25168413 31.14986444
v 12.93284190 -2.25071824 30.14204562
v 12.93284190 -2.25071824 30.64595503
v 12.93284190 -1.75055808 28.63031739
v 12.93284190 -2.25071824 29.13422680
v 12.93284190 -2.25071824 29.63813621
v 12.93284190 -2.25071824 31.14986444
v 12.93284190 -2.25071824 31.65377384
v 12.93284190 -1.75055808 32.15768325
v 12.93284190 -1.25039792 28.12640798
v 12.93284190 -1.25039792 32.66159266
v 12.93284190 -0.75023776 27.62249857
v 12.93284190 -0.75023776 33.16550207
v 12.93284190 -0.25007761 27.11858916
v 12.93284190 -0.25007761 33.16550207
v 12.93284190 0.25008255 27.11858916
v 12.93284190 0.25008255 33.16550207
v 12.93284190 0.75024271 27.11858916
v 12.93284190 0.75024271 33.16550207
v 12.93284190 1.25040287 27.11858916
v 12.93284190 1.25040287 33.16550207
v 12.93284190 1.75056303 27.11858916
v 12.93284190 1.75056303 33.16550207
v 12.93284190 2.25072318 27.62249857
v 12.93284190 2.25072318 33.16550207
v 12.93284190 2.75088334 27.62249857
v 12.93284190 2.75088334 33.16550207
v 12.93284190 3.25104350 28.12640798
v 12.93284190 3.25104350 32.66159266
v 12.93284190 3.75120366 28.12640798
v 12.93284190 3.75120366 32.66159266
v 12.93284190 4.25136381 28.63031739
v 12.93284190 4.25136381 31.65377384
v 12.93284190 4.25136381 32.15768325
v 12.93284190 4.75152397 29.13422680
v 12.93284190 4.75152397 29.63813621
v 12.93284190 4.75152397 30.14204562
v 12.93284190 4.75152397 30.64595503
v 12.93284190 4.75152397 31.14986444
v 13.43535423 -1.75055808 28.63031739
v 13.43535423 -2.25071824 29.13422680
v 13.43535423 -2.25071824 29.63813621
v 13.43535423 -2.25071824 30.14204562
v 13.43535423 -2.25071824 30.64595503
v 13.43535423 -2.25071824 31.14986444
v 13.43535423 -1.75055808 31.65377384
v 13.43535423 -1.25039792 28.12640798
v 13.43535423 -1.75055808 32.15768325
v 13.43535423 -1.25039792 32.66159266
v 13.43535423 -0.75023776 27.62249857
v 13.43535423 -0.75023776 32.66159266
v 13.43535423 -0.25007761 27.11858916
v 13.43535423 -0.25007761 33.16550207
v 13.43535423 0.25008255 27.11858916
v 13.43535423 0.25008255 33.16550207
v 13.43535423 0.75024271 27.11858916
v 13.43535423 0.75024271 33.16550207
v 13.43535423 1.25040287 27.11858916
v 13.43535423 1.25040287 33.16550207
v 13.43535423 1.75056303 27.11858916
v 13.43535423 1.75056303 33.16550207
v 13.43535423 2.25072318 27.62249857
v 13.43535423 2.25072318 33.16550207
v 13.43535423 2.75088334 27.62249857
v 13.43535423 2.75088334 32.66159266
v 13.43535423 3.25104350 28.12640798
v 13.43535423 3.25104350 32.66159266
v 13.43535423 3.75120366 28.12640798
v 13.43535423 3.75120366 32.15768325
v 13.43535423 4.25136381 28.63031739
v 13.43535423 4.25136381 29.13422680
v 13.43535423 4.25136381 31.14986444
v 13.43535423 4.25136381 31.65377384
v 13.43535423 4.75152397 29.63813621
v 13.43535423 4.75152397 30.14204562
v 13.43535423 4.75152397 30.64595503
v 13.93786657 -1.75055808 28.63031739
v 13.93786657 -2.25071824 29.13422680
v 13.93786657 -2.25071824 29.63813621
v 13.93786657 -2.25071824 30.14204562
v 13.93786657 -2.25071824 30.64595503
v 13.93786657 -2.25071824 31.14986444
v 13.93786657 -1.75055808 31.65377384
v 13.93786657 -1.25039792 27.62249857
v 13.93786657 -1.75055808 28.12640798
v 13.93786657 -1.25039792 32.15768325
v 13.93786657 -0.75023776 27.11858916
v 13.93786657 -0.75023776 32.66159266
v 13.93786657 -0.25007761 27.11858916
v 13.93786657 -0.25007761 32.66159266
v 13.93786657 0.25008255 27.11858916
v 13.93786657 0.25008255 32.66159266
v 13.93786657 0.75024271 27.11858916
v 13.93786657 0.75024271 32.66159266
v 13.93786657 1.25040287 27.11858916
v 13.93786657 1.25040287 32.66159266
v 13.93786657 1.75056303 27.11858916
v 13.93786657 1.75056303 32.66159266
v 13.93786657 2.25072318 27.11858916
v 13.93786657 2.25072318 32.66159266
v 13.93786657 2.75088334 27.62249857
v 13.93786657 2.75088334 32.66159266
v 13.93786657 3.25104350 28.12640798
v 13.93786657 3.25104350 32.15768325
v 13.93786657 3.75120366 28.63031739
v 13.93786657 3.75120366 31.65377384
v 13.93786657 4.25136381 29.13422680
v 13.93786657 4.25136381 29.63813621
v 13.93786657 4.25136381 30.14204562
v 13.93786657 4.25136381 30.64595503
v 13.93786657 4.25136381 31.14986444
v 14.44037890 -1.75055808 28.63031739
v 14.44037890 -2.25071824 29.13422680
v 14.44037890 -2.25071824 29.63813621
v 14.44037890 -2.25071824 30.14204562
v 14.44037890 -2.25071824 30.64595503
v 14.44037890 -1.75055808 31.14986444
v 14.44037890 -1.25039792 27.62249857
v 14.44037890 -1.75055808 28.12640798
v 14.44037890 -1.75055808 31.65377384
v 14.44037890 -1.25039792 32.15768325
v 14.44037890 -0.75023776 27.11858916
v 14.44037890 -0.75023776 32.15768325
v 14.44037890 -0.25007761 27.11858916
v 14.44037890 -0.25007761 32.66159266
v 14.44037890 0.25008255 26.61467975
v 14.44037890 0.25008255 32.66159266
v 14.44037890 0.75024271 26.61467975
v 14.44037890 0.75024271 32.66159266
v 14.44037890 1.25040287 27.11858916
v 14.44037890 1.25040287 32.66159266
v 14.44037890 1.75056303 27.11858916
v 14.44037890 1.75056303 32.66159266
v 14.44037890 2.25072318 27.11858916
v 14.44037890 2.25072318 32.15768325
v 14.44037890 2.75088334 27.62249857
v 14.44037890 2.75088334 32.15768325
v 14.44037890 3.25104350 28.12640798
v 14.44037890 3.25104350 31.65377384
v 14.44037890 3.75120366 28.63031739
v 14.44037890 3.75120366 29.13422680
v 14.44037890 3.75120366 30.64595503
v 14.44037890 3.75120366 31.14986444
v 14.44037890 4.25136381 29.63813621
v 14.44037890 4.25136381 30.14204562
v 14.94289124 -1.75055808 28.63031739
v 14.94289124 -2.25071824 29.13422680
v 14.94289124 -2.25071824 29.63813621
v 14.94289124 -2.25071824 30.14204562
v 14.94289124 -1.75055808 30.64595503
v 14.94289124 -1.25039792 27.62249857
v 14.94289124 -1.75055808 28.12640798
v 14.94289124 -1.75055808 31.14986444
v 14.94289124 -1.25039792 31.65377384
v 14.94289124 -0.75023776 27.11858916
v 14.94289124 -0.75023776 32.15768325
v 14.94289124 -0.25007761 26.61467975
v 14.94289124 -0.25007761 32.15768325
v 14.94289124 0.25008255 26.61467975
v 14.94289124 0.25008255 32.66159266
v 14.94289124 0.75024271 26.61467975
v 14.94289124 0.75024271 32.66159266
v 14.94289124 1.25040287 26.61467975
v 14.94289124 1.25040287 32.15768325
v 14.94289124 1.75056303 27.11858916
v 14.94289124 1.75056303 32.15768325
v 14.94289124 2.25072318 27.11858916
v 14.94289124 2.25072318 32.15768325
v 14.94289124 2.75088334 27.62249857
v 14.94289124 2.75088334 31.65377384
v 14.94289124 3.25104350 28.12640798
v 14.94289124 3.25104350 31.14986444
v 14.94289124 3.75120366 28.63031739
v 14.94289124 3.75120366 29.13422680
v 14.94289124 3.75120366 29.63813621
v 14.94289124 3.75120366 30.14204562
v 14.94289124 3.75120366 30.64595503
v 15.44540358 -1.75055808 28.63031739
v 15.44540358 -2.25071824 29.13422680
v 15.44540358 -2.25071824 29.63813621
v 15.44540358 -1.75055808 30.14204562
v 15.44540358 -1.25039792 27.62249857
v 15.44540358 -1.75055808 28.12640798
v 15.44540358 -1.75055808 30.64595503
v 15.44540358 -1.75055808 31.14986444
v 15.44540358 -1.25039792 31.65377384
v 15.44540358 -0.75023776 27.11858916
v 15.44540358 -0.75023776 32.15768325
v 15.44540358 -0.25007761 26.61467975
v 15.44540358 -0.25007761 32.15768325
v 15.44540358 0.25008255 26.61467975
v 15.44540358 0.25008255 32.15768325
v 15.44540358 0.75024271 26.61467975
v 15.44540358 0.75024271 32.15768325
v 15.44540358 1.25040287 26.61467975
v 15.44540358 1.25040287 32.15768325
v 15.44540358 1.75056303 27.11858916
v 15.44540358 1.75056303 32.15768325
v 15.44540358 2.25072318 27.11858916
v 15.44540358 2.25072318 31.65377384
v 15.44540358 2.75088334 27.62249857
v 15.44540358 2.75088334 31.65377384
v 15.44540358 3.25104350 28.12640798
v 15.44540358 3.25104350 28.63031739
v 15.44540358 3.25104350 30.64595503
v 15.44540358 3.25104350 31.14986444
v 15.44540358 3.75120366 29.13422680
v 15.44540358 3.75120366 29.63813621
v 15.44540358 3.75120366 30.14204562
v 15.94791591 -1.75055808 29.13422680
v 15.94791591 -1.75055808 29.63813621
v 15.94791591 -1.25039792 27.62249857
v 15.94791591 -1.75055808 28.12640798
v 15.94791591 -1.75055808 28.63031739
v 15.94791591 -1.75055808 30.14204562
v 15.94791591 -1.75055808 30.64595503
v 15.94791591 -1.25039792 31.14986444
v 15.94791591 -0.75023776 27.11858916
v 15.94791591 -0.75023776 31.65377384
v 15.94791591 -0.25007761 26.61467975
v 15.94791591 -0.25007761 31.65377384
v 15.94791591 0.25008255 26.61467975
v 15.94791591 0.25008255 32.15768325
v 15.94791591 0.75024271 26.61467975
v 15.94791591 0.75024271 32.15768325
v 15.94791591 1.25040287 26.61467975
v 15.94791591 1.25040287 31.65377384
v 15.94791591 1.75056303 27.11858916
v 15.94791591 1.75056303 31.65377384
v 15.94791591 2.25072318 27.11858916
v 15.94791591 2.25072318 31.65377384
v 15.94791591 2.75088334 27.62249857
v 15.94791591 2.75088334 31.14986444
v 15.94791591 3.25104350 28.12640798
v 15.94791591 3.25104350 28.63031739
v 15.94791591 3.25104350 29.13422680
v 15.94791591 3.25104350 29.63813621
v 15.94791591 3.25104350 30.14204562
v 15.94791591 3.25104350 30.64595503
v 16.45042825 -1.25039792 27.62249857
v 16.45042825 -1.75055808 28.12640798
v 16.45042825 -1.75055808 28.63031739
v 16.45042825 -1.75055808 29.13422680
v 16.45042825 -1.75055808 29.63813621
v 16.45042825 -1.75055808 30.14204562
v 16.45042825 -1.75055808 30.64595503
v 16.45042825 -1.25039792 31.14986444
v 16.45042825 -0.75023776 26.61467975
v 16.45042825 -1.25039792 27.11858916
v 16.45042825 -0.75023776 31.65377384
v 16.45042825 -0.25007761 26.61467975
v 16.45042825 -0.25007761 31.65377384
v 16.45042825 0.25008255 26.61467975
v 16.45042825 0.25008255 31.65377384
v 16.45042825 0.75024271 26.61467975
v 16.45042825 0.75024271 31.65377384
v 16.45042825 1.25040287 26.61467975
v 16.45042825 1.25040287 31.65377384
v 16.45042825 1.75056303 27.11858916
v 16.45042825 1.75056303 31.65377384
v 16.45042825 2.25072318 27.11858916
v 16.45042825 2.25072318 31.14986444
v 16.45042825 2.75088334 27.62249857
v 16.45042825 2.75088334 28.12640798
v 16.45042825 2.75088334 30.64595503
v 16.45042825 3.25104350 28.63031739
v 16.45042825 3.25104350 29.13422680
v 16.45042825 3.25104350 29.63813621
v 16.45042825 3.25104350 30.14204562
v 16.95294058 -1.25039792 27.11858916
v 16.95294058 -1.75055808 27.62249857
v 16.95294058 -1.75055808 28.12640798
v 16.95294058 -1.75055808 28.63031739
v 16.95294058 -1.75055808 29.13422680
v 16.95294058 -1.75055808 29.63813621
v 16.95294058 -1.75055808 30.14204562
v 16.95294058 -1.25039792 30.64595503
v 16.95294058 -0.75023776 26.61467975
v 16.95294058 -0.75023776 31.14986444
v 16.95294058 -0.25007761 26.61467975
v 16.95294058 -0.25007761 31.65377384
v 16.95294058 0.25008255 26.61467975
v 16.95294058 0.25008255 31.65377384
v 16.95294058 0.75024271 26.61467975
v 16.95294058 0.75024271 31.65377384
v 16.95294058 1.25040287 26.61467975
v 16.95294058 1.25040287 31.14986444
v 16.95294058 1.75056303 27.11858916
v 16.95294058 1.75056303 31.14986444
v 16.95294058 2.25072318 27.11858916
v 16.95294058 2.25072318 30.64595503
v 16.95294058 2.75088334 27.62249857
v 16.95294058 2.75088334 28.12640798
v 16.95294058 2.75088334 28.63031739
v 16.95294058 2.75088334 29.63813621
v 16.95294058 2.75088334 30.14204562
v 16.95294058 3.25104350 29.13422680
v 17.45545292 -1.25039792 27.11858916
v 17.45545292 -1.75055808 27.62249857
v 17.45545292 -1.75055808 28.12640798
v 17.45545292 -1.75055808 28.63031739
v 17.45545292 -1.75055808 29.13422680
v 17.45545292 -1.75055808 29.63813621
v 17.45545292 -1.75055808 30.14204562
v 17.45545292 -1.25039792 30.64595503
v 17.45545292 -0.75023776 26.61467975
v 17.45545292 -0.75023776 31.14986444
v 17.45545292 -0.25007761 26.61467975
v 17.45545292 -0.25007761 31.14986444
v 17.45545292 0.25008255 26.61467975
v 17.45545292 0.25008255 31.14986444
v 17.45545292 0.75024271 26.61467975
v 17.45545292 0.75024271 31.14986444
v 17.45545292 1.25040287 26.61467975
v 17.45545292 1.25040287 31.14986444
v 17.45545292 1.75056303 27.11858916
v 17.45545292 1.75056303 30.64595503
v 17.45545292 2.25072318 27.62249857
v 17.45545292 2.25072318 30.64595503
v 17.45545292 2.75088334 28.12640798
v 17.45545292 2.75088334 28.63031739
v 17.45545292 2.75088334 29.13422680
v 17.45545292 2.75088334 29.63813621
v 17.45545292 2.75088334 30.14204562
v 17.95796525 -1.25039792 27.11858916
v 17.95796525 -1.75055808 27.62249857
v 17.95796525 -1.75055808 28.12640798
v 17.95796525 -1.75055808 28.63031739
v 17.95796525 -1.75055808 29.13422680
v 17.95796525 -1.75055808 29.63813621
v 17.95796525 -1.25039792 30.14204562
v 17.95796525 -0.75023776 26.61467975
v 17.95796525 -0.75023776 30.64595503
v 17.95796525 -0.25007761 26.61467975
v 17.95796525 -0.25007761 30.64595503
v 17.95796525 0.25008255 26.61467975
v 17.95796525 0.25008255 30.64595503
v 17.95796525 0.75024271 26.61467975
v 17.95796525 0.75024271 30.64595503
v 17.95796525 1.25040287 26.61467975
v 17.95796525 1.25040287 30.64595503
v 17.95796525 1.75056303 27.11858916
v 17.95796525 1.75056303 30.64595503
v 17.95796525 2.25072318 27.62249857
v 17.95796525 2.25072318 28.12640798
v 17.95796525 2.25072318 29.63813621
v 17.95796525 2.25072318 30.14204562
v 17.95796525 2.75088334 28.63031739
v 17.95796525 2.75088334 29.13422680
v 18.46047759 -1.25039792 27.62249857
v 18.46047759 -1.75055808 28.12640798
v 18.46047759 -1.75055808 28.63031739
v 18.46047759 -1.25039792 29.13422680
v 18.46047759 -1.25039792 29.63813621
v 18.46047759 -0.75023776 26.61467975
v 18.46047759 -1.25039792 27.11858916
v 18.46047759 -0.75023776 30.14204562
v 18.46047759 -0.25007761 26.61467975
v 18.46047759 -0.25007761 30.64595503
v 18.46047759 0.25008255 26.61467975
v 18.46047759 0.25008255 30.64595503
v 18.46047759 0.75024271 26.61467975
v 18.46047759 0.75024271 30.64595503
v 18.46047759 1.25040287 27.11858916
v 18.46047759 1.25040287 30.14204562
v 18.46047759 1.75056303 27.62249857
v 18.46047759 1.75056303 30.14204562
v 18.46047759 2.25072318 28.12640798
v 18.46047759 2.25072318 28.63031739
v 18.46047759 2.25072318 29.13422680
v 18.46047759 2.25072318 29.63813621
v 18.96298993 -1.25039792 28.12640798
v 18.96298993 -1.25039792 28.63031739
v 18.96298993 -0.75023776 26.61467975
v 18.96298993 -1.25039792 27.11858916
v 18.96298993 -1.25039792 27.62249857
v 18.96298993 -1.25039792 29.13422680
v 18.96298993 -0.75023776 29.63813621
v 18.96298993 -0.25007761 26.61467975
v 18.96298993 -0.25007761 30.14204562
v 18.96298993 0.25008255 26.61467975
v 18.96298993 0.25008255 30.14204562
v 18.96298993 0.75024271 27.11858916
v 18.96298993 0.75024271 30.14204562
v 18.96298993 1.25040287 27.11858916
v 18.96298993 1.25040287 29.63813621
v 18.96298993 1.75056303 27.62249857
v 18.96298993 1.75056303 28.12640798
v 18.96298993 1.75056303 28.63031739
v 18.96298993 1.75056303 29.13422680
v 18.96298993 1.75056303 29.63813621
v 19.46550226 -0.75023776 27.11858916
v 19.46550226 -1.25039792 27.62249857
v 19.46550226 -1.25039792 28.12640798
v 19.46550226 -1.25039792 28.63031739
v 19.46550226 -0.75023776 29.13422680
v 19.46550226 -0.25007761 26.61467975
v 19.46550226 -0.25007761 29.63813621
v 19.46550226 0.25008255 26.61467975
v 19.46550226 0.25008255 29.63813621
v 19.46550226 0.75024271 27.11858916
v 19.46550226 0.75024271 29.63813621
v 19.46550226 1.25040287 27.62249857
v 19.46550226 1.25040287 29.13422680
v 19.46550226 1.75056303 28.12640798
v 19.46550226 1.75056303 28.63031739
v 19.96801460 -0.75023776 27.62249857
v 19.96801460 -0.75023776 28.12640798
v 19.96801460 -0.75023776 28.63031739
v 19.96801460 -0.25007761 27.11858916
v 19.96801460 -0.25007761 27.62249857
v 19.96801460 -0.25007761 29.13422680
v 19.96801460 0.25008255 27.11858916
v 19.96801460 0.25008255 27.62249857
v 19.96801460 0.25008255 29.13422680
v 19.96801460 0.75024271 27.62249857
v 19.96801460 0.75024271 28.12640798
v 19.96801460 0.75024271 28.63031739
v 19.96801460 0.75024271 29.13422680
v 19.96801460 1.25040287 28.12640798
v 19.96801460 1.25040287 28.63031739
v 20.47052693 -0.25007761 28.12640798
v 20.47052693 -0.25007761 28.63031739
v 20.47052693 0.25008255 28.12640798
v 20.47052693 0.25008255 28.63031739
vn -1.00000000 -0.00000000 -0.00000000
vn -0.18257418 -0.36514837 -0.91287094
vn -0.00000000 -1.00000000 -0.00000000
vn -0.00000000 -1.00000000 0.00000000
vn -1.00000000 -0.00000000 0.00000000
vn -0.27216554 -0.68041384 0.68041384
vn -1.00000000 0.00000000 -0.00000000
vn -0.39391929 0.00000000 -0.91914505
vn -1.00000000 -0.00000000 0.00000000
vn -1.00000000 0.00000000 0.00000000
vn -0.32444283 -0.48666427 0.81110710
vn -1.00000000 0.00000000 -0.00000000
vn -0.44721359 0.00000000 -0.89442718
vn -1.00000000 0.00000000 0.00000000
vn -1.00000000 0.00000000 0.00000000
vn -0.44721359 0.00000000 0.89442718
vn -1.00000000 0.00000000 -0.00000000
vn -0.44721359 0.00000000 -0.89442718
vn -1.00000000 0.00000000 0.00000000
vn -1.00000000 0.00000000 0.00000000
vn -0.42857143 -0.28571430 0.85714287
vn -1.00000000 0.00000000 -0.00000000
vn -0.44721359 0.00000000 -0.89442718
vn -1.00000000 0.00000000 0.00000000
vn -1.00000000 -0.00000000 0.00000000
vn -1.00000000 0.00000000 0.00000000
vn -0.32444283 -0.48666427 0.81110710
vn -1.00000000 0.00000000 -0.00000000
vn -0.51449573 0.00000000 -0.85749292
vn -1.00000000 0.00000000 0.00000000
vn -1.00000000 0.00000000 0.00000000
vn -1.00000000 0.00000000 0.00000000
vn -0.44721359 0.00000000 0.89442718
vn -0.70710677 0.00000000 -0.70710677
vn -1.00000000 0.00000000 -0.00000000
vn -1.00000000 0.00000000 0.00000000
vn -1.00000000 0.00000000 0.00000000
vn -0.42857143 -0.28571430 0.85714287
vn -1.00000000 0.00000000 -0.00000000
vn -0.44721359 0.00000000 -0.89442718
vn -1.00000000 0.00000000 0.00000000
vn -1.00000000 -0.00000000 0.00000000
vn -1.00000000 0.00000000 0.00000000
vn -0.32444283 -0.48666427 0.81110710
vn -1.00000000 0.00000000 -0.00000000
vn -0.51449573 0.00000000 -0.85749292
vn -1.00000000 0.00000000 0.00000000
vn -1.00000000 0.00000000 0.00000000
vn -1.00000000 0.00000000 0.00000000
vn -0.44721359 0.00000000 0.89442718
vn -0.70710677 0.00000000 -0.70710677
vn -1.00000000 0.00000000 -0.00000000
vn -1.00000000 0.00000000 0.00000000
vn -1.00000000 0.00000000 0.00000000
vn -0.44721359 0.00000000 0.89442718
vn -1.00000000 0.00000000 -0.00000000
vn -0.44721359 0.00000000 -0.89442718
vn -1.00000000 0.00000000 0.00000000
vn -1.00000000 0.00000000 0.00000000
vn -0.42857143 -0.28571430 0.85714287
vn -1.00000000 0.00000000 -0.00000000
vn -0.44721359 0.00000000 -0.89442718
vn -1.00000000 0.00000000 0.00000000
vn -1.00000000 -0.00000000 0.00000000
vn -1.00000000 0.00000000 0.00000000
vn -0.32444283 -0.48666427 0.81110710
vn -1.00000000 0.00000000 -0.00000000
vn -0.51449573 0.00000000 -0.85749292
vn -1.00000000 0.00000000 0.00000000
vn -1.00000000 0.00000000 0.00000000
vn -1.00000000 0.00000000 0.00000000
vn -0.42857143 -0.28571430 0.85714287
vn -0.70710677 0.00000000 -0.70710677
vn -1.00000000 0.00000000 -0.00000000
vn -1.00000000 0.00000000 0.00000000
vn -1.00000000 -0.00000000 0.00000000
vn -1.00000000 0.00000000 0.00000000
vn -0.32444283 -0.48666427 0.81110710
vn -1.00000000 0.00000000 -0.00000000
vn -0.42857143 -0.28571430 -0.85714287
vn -1.00000000 -0.00000000 0.00000000
vn -1.00000000 0.00000000 0.00000000
vn -1.00000000 0.00000000 0.00000000
vn -1.00000000 0.00000000 0.00000000
vn -0.44721359 0.00000000 0.89442718
vn -1.00000000 0.00000000 -0.00000000
vn -0.44721359 0.00000000 -0.89442718
vn -1.00000000 0.00000000 0.00000000
vn -1.00000000 0.00000000 0.00000000
vn -1.00000000 0.00000000 0.00000000
vn -1.00000000 0.00000000 0.00000000
vn -0.42857143 -0.28571430 0.85714287
vn -1.00000000 0.00000000 -0.00000000
vn -0.44721359 0.00000000 -0.89442718
vn -1.00000000 0.00000000 0.00000000
vn -1.00000000 0.00000000 0.00000000
vn -1.00000000 0.00000000 0.00000000
vn -1.00000000 -0.00000000 0.00000000
vn -1.00000000 0.00000000 0.00000000
vn -0.32444283 -0.48666427 0.81110710
vn -1.00000000 0.00000000 -0.00000000
vn -0.44721359 0.00000000 -0.89442718
vn -1.00000000 0.00000000 0.00000000
vn -1.00000000 0.00000000 0.00000000
vn -1.00000000 0.00000000 0.00000000
vn -1.00000000 0.00000000 0.00000000
vn -1.00000000 0.00000000 0.00000000
vn -0.42857143 -0.28571430 0.85714287
vn -1.00000000 0.00000000 -0.00000000
vn -0.44721359 0.00000000 -0.89442718
vn -1.00000000 0.00000000 0.00000000
vn -1.00000000 0.00000000 0.00000000
vn -1.00000000 0.00000000 0.00000000
vn -1.00000000 0.00000000 0.00000000
vn -1.00000000 -0.00000000 0.00000000
vn -1.00000000 0.00000000 0.00000000
vn -0.32444283 -0.48666427 0.81110710
vn -1.00000000 0.00000000 -0.00000000
vn -0.44721359 0.00000000 -0.89442718
vn -1.00000000 0.00000000 0.00000000
vn -1.00000000 0.00000000 0.00000000
vn -1.00000000 0.00000000 0.00000000
vn -1.00000000 0.00000000 0.00000000
vn -1.00000000 0.00000000 0.00000000
vn -1.00000000 0.00000000 0.00000000
vn -0.44721359 0.00000000 0.89442718
vn -1.00000000 0.00000000 -0.00000000
vn -0.44721359 0.00000000 -0.89442718
vn -1.00000000 0.00000000 0.00000000
vn -1.00000000 0.00000000 0.00000000
vn -1.00000000 0.00000000 0.00000000
vn -1.00000000 0.00000000 0.00000000
vn -1.00000000 0.00000000 0.00000000
vn -1.00000000 0.00000000 0.00000000
vn -0.44721359 0.00000000 0.89442718
vn -1.00000000 0.00000000 -0.00000000
vn -0.44721359 0.00000000 -0.89442718
vn -1.00000000 0.00000000 0.00000000
vn -1.00000000 0.00000000 0.00000000
vn -1.00000000 0.00000000 0.00000000
vn -1.00000000 0.00000000 0.00000000
vn -1.00000000 0.00000000 0.00000000
vn -1.00000000 0.00000000 0.00000000
vn -0.44721359 0.00000000 0.89442718
vn -1.00000000 0.00000000 -0.00000000
vn -0.44721359 0.00000000 -0.89442718
vn -1.00000000 0.00000000 0.00000000
vn -1.00000000 0.00000000 0.00000000
vn -1.00000000 0.00000000 0.00000000
vn -1.00000000 0.00000000 0.00000000
vn -1.00000000 0.00000000 0.00000000
vn -1.00000000 0.00000000 0.00000000
vn -0.44721359 0.00000000 0.89442718
vn -1.00000000 0.00000000 -0.00000000
vn -0.44721359 0.00000000 -0.89442718
vn -1.00000000 0.00000000 0.00000000
vn -1.00000000 0.00000000 0.00000000
vn -1.00000000 0.00000000 0.00000000
vn -1.00000000 0.00000000 0.00000000
vn -1.00000000 0.00000000 0.00000000
vn -1.00000000 0.00000000 0.00000000
vn -0.44721359 0.00000000 0.89442718
vn -1.00000000 0.00000000 -0.00000000
vn -0.51449573 0.00000000 -0.85749292
vn -1.00000000 0.00000000 0.00000000
vn -1.00000000 0.00000000 0.00000000
vn -1.00000000 0.00000000 0.00000000
vn -1.00000000 0.00000000 0.00000000
vn -1.00000000 0.00000000 0.00000000
vn -1.00000000 0.00000000 0.00000000
vn -0.44721359 0.00000000 0.89442718
vn -0.70710677 0.00000000 -0.70710677
vn -1.00000000 0.00000000 -0.00000000
vn -1.00000000 0.00000000 0.00000000
vn -1.00000000 0.00000000 0.00000000
vn -1.00000000 0.00000000 0.00000000
vn -1.00000000 0.00000000 0.00000000
vn -1.00000000 0.00000000 0.00000000
vn -0.44721359 0.00000000 0.89442718
vn -1.00000000 0.00000000 -0.00000000
vn -0.44721359 0.00000000 -0.89442718
vn -1.00000000 0.00000000 0.00000000
vn -1.00000000 0.00000000 0.00000000
vn -1.00000000 0.00000000 0.00000000
vn -1.00000000 0.00000000 0.00000000
vn -1.00000000 0.00000000 0.00000000
vn -0.44721359 0.00000000 0.89442718
vn -1.00000000 0.00000000 -0.00000000
vn -0.44721359 0.00000000 -0.89442718
vn -1.00000000 0.00000000 0.00000000
vn -1.00000000 0.00000000 0.00000000
vn -1.00000000 0.00000000 0.00000000
vn -1.00000000 0.00000000 0.00000000
vn -1.00000000 0.00000000 0.00000000
vn -0.44721359 0.00000000 0.89442718
vn -1.00000000 0.00000000 -0.00000000
vn -0.51449573 0.00000000 -0.85749292
vn -1.00000000 0.00000000 0.00000000
vn -1.00000000 0.00000000 0.00000000
vn -1.00000000 0.00000000 0.00000000
vn -1.00000000 0.00000000 0.00000000
vn -1.00000000 0.00000000 0.00000000
vn -0.44721359 0.00000000 0.89442718
vn -0.70710677 0.00000000 -0.70710677
vn -1.00000000 0.00000000 -0.00000000
vn -1.00000000 0.00000000 0.00000000
vn -1.00000000 0.00000000 0.00000000
vn -1.00000000 0.00000000 0.00000000
vn -1.00000000 0.00000000 0.00000000
vn -0.44721359 0.00000000 0.89442718
vn -1.00000000 0.00000000 -0.00000000
vn -0.44721359 0.00000000 -0.89442718
vn -1.00000000 0.00000000 0.00000000
vn -1.00000000 0.00000000 0.00000000
vn -1.00000000 0.00000000 0.00000000
vn -1.00000000 0.00000000 0.00000000
vn -0.44721359 0.00000000 0.89442718
vn -1.00000000 0.00000000 -0.00000000
vn -0.44721359 0.00000000 -0.89442718
vn -1.00000000 0.00000000 0.00000000
vn -1.00000000 0.00000000 0.00000000
vn -1.00000000 0.00000000 0.00000000
vn -1.00000000 0.00000000 0.00000000
vn -0.42857143 -0.28571430 0.85714287
vn -1.00000000 0.00000000 -0.00000000
vn -0.51449573 0.00000000 -0.85749292
vn -1.00000000 0.00000000 0.00000000
vn -1.00000000 0.00000000 0.00000000
vn -1.00000000 0.00000000 0.00000000
vn -1.00000000 -0.00000000 0.00000000
vn -1.00000000 0.00000000 0.00000000
vn -0.32444283 -0.48666427 0.81110710
vn -0.70710677 0.00000000 -0.70710677
vn -1.00000000 0.00000000 -0.00000000
vn -1.00000000 0.00000000 0.00000000
vn -1.00000000 0.00000000 0.00000000
vn -1.00000000 0.00000000 0.00000000
vn -1.00000000 0.00000000 0.00000000
vn -0.44721359 0.00000000 0.89442718
vn -1.00000000 0.00000000 -0.00000000
vn -0.44721359 0.00000000 -0.89442718
vn -1.00000000 0.00000000 0.00000000
vn -1.00000000 0.00000000 0.00000000
vn -1.00000000 0.00000000 0.00000000
vn -1.00000000 0.00000000 0.00000000
vn -0.42857143 -0.28571430 0.85714287
vn -1.00000000 0.00000000 -0.00000000
vn -0.51449573 0.00000000 -0.85749292
vn -1.00000000 0.00000000 0.00000000
vn -1.00000000 0.00000000 0.00000000
vn -1.00000000 0.00000000 0.00000000
vn -1.00000000 -0.00000000 0.00000000
vn -1.00000000 0.00000000 0.00000000
vn -0.32444283 -0.48666427 0.81110710
vn -0.70710677 0.00000000 -0.70710677
vn -1.00000000 0.00000000 -0.00000000
vn -1.00000000 0.00000000 0.00000000
vn -1.00000000 0.00000000 0.00000000
vn -1.00000000 0.00000000 0.00000000
vn -1.00000000 0.00000000 0.00000000
vn -0.42857143 -0.28571430 0.85714287
vn -1.00000000 0.00000000 -0.00000000
vn -0.44721359 0.00000000 -0.89442718
vn -1.00000000 0.00000000 0.00000000
vn -1.00000000 0.00000000 0.00000000
vn -1.00000000 0.00000000 0.00000000
vn -1.00000000 -0.00000000 0.00000000
vn -1.00000000 0.00000000 0.00000000
vn -0.32444283 -0.48666427 0.81110710
vn -1.00000000 0.00000000 -0.00000000
vn -0.51449573 0.00000000 -0.85749292
vn -1.00000000 0.00000000 0.00000000
vn -1.00000000 0.00000000 0.00000000
vn -1.00000000 0.00000000 0.00000000
vn -1.00000000 0.00000000 0.00000000
vn -1.00000000 0.00000000 0.00000000
vn -0.44721359 0.00000000 0.89442718
vn -0.70710677 0.00000000 -0.70710677
vn -1.00000000 0.00000000 -0.00000000
vn -1.00000000 0.00000000 0.00000000
vn -1.00000000 0.00000000 0.00000000
vn -1.00000000 0.00000000 0.00000000
vn -1.00000000 0.00000000 0.00000000
vn -0.44721359 0.00000000 0.89442718
vn -1.00000000 0.00000000 -0.00000000
vn -0.44721359 0.00000000 -0.89442718
vn -1.00000000 0.00000000 0.00000000
vn -1.00000000 0.00000000 0.00000000
vn -1.00000000 0.00000000 0.00000000
vn -1.00000000 0.00000000 0.00000000
vn -0.44721359 0.00000000 0.89442718
vn -1.00000000 0.00000000 -0.00000000
vn -0.51449573 0.00000000 -0.85749292
vn -1.00000000 0.00000000 0.00000000
vn -1.00000000 0.00000000 0.00000000
vn -1.00000000 0.00000000 0.00000000
vn -1.00000000 0.00000000 0.00000000
vn -0.44721359 0.00000000 0.89442718
vn -0.70710677 0.00000000 -0.70710677
vn -1.00000000 0.00000000 -0.00000000
vn -1.00000000 0.00000000 0.00000000
vn -1.00000000 0.00000000 0.00000000
vn -1.00000000 0.00000000 0.00000000
vn -0.44721359 0.00000000 0.89442718
vn -0.70710677 0.00000000 -0.70710677
vn -1.00000000 0.00000000 -0.00000000
vn -1.00000000 0.00000000 0.00000000
vn -0.51449573 0.00000000 0.85749292
vn -0.60000002 0.80000001 -0.00000000
vn -0.83205032 0.55470020 0.00000000
vn 0.00000000 -0.70710677 -0.70710677
vn 0.00000000 -1.00000000 -0.00000000
vn -0.00000000 -1.00000000 0.00000000
vn 0.00000000 -1.00000000 0.00000000
vn -0.10050378 -0.70352650 0.70352650
vn -0.18257418 -0.36514837 -0.91287094
vn -0.16903085 -0.50709254 0.84515423
vn -0.16439898 0.00000000 -0.98639393
vn -0.38100037 -0.25400025 0.88900089
vn -0.16439898 0.00000000 -0.98639393
vn -1.00000000 0.00000000 0.00000000
vn -0.32444283 -0.48666427 0.81110710
vn -0.16439898 0.00000000 -0.98639393
vn -0.42857143 -0.28571430 0.85714287
vn -0.16439898 0.00000000 -0.98639393
vn -1.00000000 0.00000000 0.00000000
vn -0.13736056 -0.54944223 0.82416338
vn -0.97014248 0.24253562 -0.00000000
vn -0.14142136 0.00000000 -0.98994946
vn -1.00000000 0.00000000 0.00000000
vn -0.39391929 0.00000000 0.91914505
vn -0.55470020 0.00000000 -0.83205032
vn -0.42857143 -0.28571430 0.85714287
vn -0.44721359 0.00000000 -0.89442718
vn -1.00000000 0.00000000 0.00000000
vn -0.32444283 -0.48666427 0.81110710
vn -0.97014248 0.24253562 -0.00000000
vn -0.49613893 0.00000000 -0.86824316
vn -1.00000000 0.00000000 0.00000000
vn -0.44721359 0.00000000 0.89442718
vn -1.00000000 0.00000000 -0.00000000
vn -0.16439898 0.00000000 -0.98639393
vn -1.00000000 0.00000000 0.00000000
vn -0.42857143 -0.28571430 0.85714287
vn -0.55470020 0.00000000 -0.83205032
vn -1.00000000 0.00000000 0.00000000
vn -0.13736056 -0.54944223 0.82416338
vn -0.44721359 0.00000000 -0.89442718
vn -1.00000000 0.00000000 0.00000000
vn -0.39391929 0.00000000 0.91914505
vn -0.94868332 0.31622776 -0.00000000
vn -0.44721359 0.00000000 -0.89442718
vn -0.42857143 -0.28571430 0.85714287
vn -0.44721359 0.00000000 -0.89442718
vn -1.00000000 0.00000000 0.00000000
vn -0.13736056 -0.54944223 0.82416338
vn -0.44721359 0.00000000 -0.89442718
vn -1.00000000 0.00000000 0.00000000
vn -0.39391929 0.00000000 0.91914505
vn -0.44721359 0.00000000 -0.89442718
vn -0.42857143 -0.28571430 0.85714287
vn -0.44721359 0.00000000 -0.89442718
vn -1.00000000 0.00000000 0.00000000
vn -0.13736056 -0.54944223 0.82416338
vn -0.44721359 0.00000000 -0.89442718
vn -0.31622776 0.00000000 0.94868332
vn -0.44721359 0.00000000 -0.89442718
vn -0.39391929 0.00000000 0.91914505
vn -0.44721359 0.00000000 -0.89442718
vn -0.44721359 0.00000000 0.89442718
vn -0.44721359 0.00000000 -0.89442718
vn -0.44721359 0.00000000 0.89442718
vn -0.49613893 0.00000000 -0.86824316
vn -0.42857143 -0.28571430 0.85714287
vn -0.19611613 0.00000000 -0.98058069
vn -1.00000000 0.00000000 0.00000000
vn -0.13736056 -0.54944223 0.82416338
vn -0.16439898 0.00000000 -0.98639393
vn -1.00000000 0.00000000 0.00000000
vn -0.31622776 0.00000000 0.94868332
vn -0.97014248 0.24253562 -0.00000000
vn -0.16439898 0.00000000 -0.98639393
vn -1.00000000 0.00000000 0.00000000
vn -0.31622776 0.00000000 0.94868332
vn -1.00000000 0.00000000 -0.00000000
vn -0.14142136 0.00000000 -0.98994946
vn -1.00000000 0.00000000 0.00000000
vn -0.31622776 0.00000000 0.94868332
vn -0.55470020 0.00000000 -0.83205032
vn -1.00000000 0.00000000 0.00000000
vn -0.31622776 0.00000000 0.94868332
vn -0.44721359 0.00000000 -0.89442718
vn -1.00000000 0.00000000 0.00000000
vn -0.39391929 0.00000000 0.91914505
vn -0.97014248 0.24253562 -0.00000000
vn -0.49613893 0.00000000 -0.86824316
vn -1.00000000 0.00000000 0.00000000
vn -0.44721359 0.00000000 0.89442718
vn -1.00000000 0.00000000 -0.00000000
vn -0.19611613 0.00000000 -0.98058069
vn -1.00000000 0.00000000 0.00000000
vn -0.44721359 0.00000000 0.89442718
vn -1.00000000 0.00000000 -0.00000000
vn -0.14142136 0.00000000 -0.98994946
vn -1.00000000 0.00000000 0.00000000
vn -0.44721359 0.00000000 0.89442718
vn -0.55470020 0.00000000 -0.83205032
vn -0.42857143 -0.28571430 0.85714287
vn -0.97014248 0.24253562 -0.00000000
vn -0.49613893 0.00000000 -0.86824316
vn -1.00000000 0.00000000 0.00000000
vn -0.13736056 -0.54944223 0.82416338
vn -1.00000000 0.00000000 -0.00000000
vn -0.16439898 0.00000000 -0.98639393
vn -1.00000000 0.00000000 0.00000000
vn -0.31622776 0.00000000 0.94868332
vn -0.55470020 0.00000000 -0.83205032
vn -0.39391929 0.00000000 0.91914505
vn -0.97014248 0.24253562 -0.00000000
vn -0.49613893 0.00000000 -0.86824316
vn -0.36650833 -0.36650833 0.85518610
vn -1.00000000 0.00000000 -0.00000000
vn -0.16439898 0.00000000 -0.98639393
vn -0.13736056 -0.54944223 0.82416338
vn -0.55470020 0.00000000 -0.83205032
vn -0.31622776 0.00000000 0.94868332
vn -0.97014248 0.24253562 -0.00000000
vn -0.49613893 0.00000000 -0.86824316
vn -0.39391929 0.00000000 0.91914505
vn -1.00000000 0.00000000 -0.00000000
vn -0.16439898 0.00000000 -0.98639393
vn -0.44721359 0.00000000 0.89442718
vn -0.55470020 0.00000000 -0.83205032
vn -0.49613893 0.00000000 0.86824316
vn -0.97014248 0.24253562 -0.00000000
vn -0.44721359 0.00000000 -0.89442718
vn -0.37139067 0.00000000 0.92847669
vn -0.55470020 0.00000000 -0.83205032
vn -0.97014248 0.24253562 -0.00000000
vn -0.98058069 0.19611613 0.00000000
vn -0.27472112 0.00000000 0.96152395
vn -0.55470020 0.00000000 -0.83205032
vn -0.97014248 0.24253562 -0.00000000
vn -0.98058069 0.19611613 0.00000000
vn -0.58123821 0.00000000 0.81373346
vn -0.55470020 0.00000000 -0.83205032
vn -1.00000000 0.00000000 -0.00000000
vn -1.00000000 0.00000000 0.00000000
vn -0.51449573 0.00000000 0.85749292
vn -0.00000000 1.00000000 -0.00000000
vn -0.00000000 1.00000000 0.00000000
vn 0.11704115 -0.70224690 -0.70224690
vn 0.00000000 -1.00000000 -0.00000000
vn 0.00000000 -1.00000000 0.00000000
vn 0.00000000 -1.00000000 0.00000000
vn 0.14002801 -0.70014006 0.70014006
vn 0.00000000 -0.44721359 -0.89442718
vn 0.00000000 -0.70710677 0.70710677
vn 0.00000000 0.00000000 -1.00000000
vn -0.10050378 -0.70352650 0.70352650
vn -0.27472112 0.00000000 -0.96152395
vn -0.16903085 -0.50709254 0.84515423
vn -0.31622776 0.00000000 -0.94868332
vn -0.27472112 0.00000000 0.96152395
vn -0.31622776 0.00000000 -0.94868332
vn -0.13018891 -0.39056674 0.91132236
vn -0.44721359 0.00000000 -0.89442718
vn -0.13736056 -0.54944223 0.82416338
vn -0.31622776 0.00000000 -0.94868332
vn -0.33129457 -0.33129457 0.88345224
vn -0.16439898 0.00000000 -0.98639393
vn -0.13736056 -0.54944223 0.82416338
vn -0.14142136 0.00000000 -0.98994946
vn -0.31622776 0.00000000 0.94868332
vn -0.00000000 0.00000000 -1.00000000
vn -0.35112345 0.00000000 0.93632919
vn -0.49613893 0.00000000 -0.86824316
vn -0.14744195 -0.44232586 0.88465172
vn -0.44721359 0.00000000 -0.89442718
vn -0.13736056 -0.54944223 0.82416338
vn -0.49613893 0.00000000 -0.86824316
vn -0.35112345 0.00000000 0.93632919
vn -0.19611613 0.00000000 -0.98058069
vn -0.14744195 -0.44232586 0.88465172
vn -0.16439898 0.00000000 -0.98639393
vn -0.13736056 -0.54944223 0.82416338
vn -0.16439898 0.00000000 -0.98639393
vn -0.27472112 0.00000000 0.96152395
vn -0.16439898 0.00000000 -0.98639393
vn -0.14142136 0.00000000 0.98994946
vn -0.16439898 0.00000000 -0.98639393
vn -0.14744195 -0.44232586 0.88465172
vn -0.16439898 0.00000000 -0.98639393
vn -0.13736056 -0.54944223 0.82416338
vn -0.16439898 0.00000000 -0.98639393
vn -0.31622776 0.00000000 0.94868332
vn -0.16439898 0.00000000 -0.98639393
vn -0.31622776 0.00000000 0.94868332
vn -0.14142136 0.00000000 -0.98994946
vn -0.35112345 0.00000000 0.93632919
vn -0.00000000 0.00000000 -1.00000000
vn -0.16439898 0.00000000 0.98639393
vn -0.31622776 0.00000000 -0.94868332
vn -0.16439898 0.00000000 0.98639393
vn -0.31622776 0.00000000 -0.94868332
vn -0.16439898 0.00000000 0.98639393
vn -0.37139067 0.00000000 -0.92847669
vn -0.16439898 0.00000000 0.98639393
vn -0.52999896 0.00000000 -0.84799832
vn -0.14744195 -0.44232586 0.88465172
vn -0.19611613 0.00000000 -0.98058069
vn -0.13736056 -0.54944223 0.82416338
vn -0.14142136 0.00000000 -0.98994946
vn -0.31622776 0.00000000 0.94868332
vn -0.00000000 0.00000000 -1.00000000
vn -0.31622776 0.00000000 0.94868332
vn -0.37139067 0.00000000 -0.92847669
vn -0.39391929 0.00000000 0.91914505
vn -0.52999896 0.00000000 -0.84799832
vn -0.39391929 0.00000000 0.91914505
vn -0.16439898 0.00000000 -0.98639393
vn -0.16439898 0.00000000 0.98639393
vn -0.00000000 0.00000000 -1.00000000
vn -0.14744195 -0.44232586 0.88465172
vn -0.52999896 0.00000000 -0.84799832
vn -0.13736056 -0.54944223 0.82416338
vn -0.16439898 0.00000000 -0.98639393
vn -0.27472112 0.00000000 0.96152395
vn -0.00000000 0.00000000 -1.00000000
vn -0.14142136 0.00000000 0.98994946
vn -0.52999896 0.00000000 -0.84799832
vn -0.14744195 -0.44232586 0.88465172
vn -0.16439898 0.00000000 -0.98639393
vn -0.13736056 -0.54944223 0.82416338
vn -0.00000000 0.00000000 -1.00000000
vn -0.31622776 0.00000000 0.94868332
vn -0.52999896 0.00000000 -0.84799832
vn -0.27472112 0.00000000 0.96152395
vn -0.16439898 0.00000000 -0.98639393
vn -0.00000000 0.00000000 1.00000000
vn -0.60000002 0.00000000 -0.80000001
vn 0.00000000 0.00000000 1.00000000
vn -0.60000002 0.00000000 -0.80000001
vn -0.39391929 0.00000000 0.91914505
vn -0.60000002 0.00000000 -0.80000001
vn -0.44721359 0.00000000 0.89442718
vn -0.00000000 1.00000000 -0.00000000
vn 0.00000000 1.00000000 0.00000000
vn 0.00000000 1.00000000 0.00000000
vn -0.00000000 1.00000000 0.00000000
vn 0.55708599 -0.74278134 -0.37139067
vn 0.00000000 -1.00000000 0.00000000
vn 0.37139067 -0.74278134 0.55708599
vn 0.13018891 -0.39056674 -0.91132236
vn 0.00000000 -1.00000000 -0.00000000
vn 0.00000000 -1.00000000 0.00000000
vn 0.00000000 -0.70710677 0.70710677
vn 0.00000000 -0.55470020 -0.83205032
vn 0.00000000 -0.70710677 0.70710677
vn -0.18257418 -0.36514837 -0.91287094
vn 0.00000000 -0.44721359 0.89442718
vn -0.16439898 0.00000000 -0.98639393
vn -0.13018891 -0.39056674 0.91132236
vn -0.16439898 0.00000000 -0.98639393
vn -0.12309149 -0.49236596 0.86164045
vn -0.14142136 0.00000000 -0.98994946
vn -0.13018891 -0.39056674 0.91132236
vn -0.00000000 0.00000000 -1.00000000
vn -0.12309149 -0.49236596 0.86164045
vn -0.39391929 0.00000000 -0.91914505
vn 0.00000000 0.00000000 1.00000000
vn 0.00000000 0.00000000 -1.00000000
vn -0.13018891 -0.39056674 0.91132236
vn -0.27472112 0.00000000 -0.96152395
vn -0.13736056 -0.54944223 0.82416338
vn -0.16439898 0.00000000 -0.98639393
vn -0.27472112 0.00000000 0.96152395
vn -0.16439898 0.00000000 -0.98639393
vn -0.13018891 -0.39056674 0.91132236
vn -0.14142136 0.00000000 -0.98994946
vn -0.13736056 -0.54944223 0.82416338
vn -0.00000000 0.00000000 -1.00000000
vn -0.27472112 0.00000000 0.96152395
vn -0.31622776 0.00000000 -0.94868332
vn -0.14142136 0.00000000 0.98994946
vn -0.31622776 0.00000000 -0.94868332
vn -0.14744195 -0.44232586 0.88465172
vn -0.31622776 0.00000000 -0.94868332
vn -0.13736056 -0.54944223 0.82416338
vn -0.31622776 0.00000000 -0.94868332
vn -0.27472112 0.00000000 0.96152395
vn -0.39391929 0.00000000 -0.91914505
vn 0.00000000 0.00000000 1.00000000
vn 0.00000000 0.00000000 -1.00000000
vn -0.14142136 0.00000000 0.98994946
vn 0.00000000 0.00000000 -1.00000000
vn -0.14744195 -0.44232586 0.88465172
vn 0.00000000 0.00000000 -1.00000000
vn -0.13736056 -0.54944223 0.82416338
vn -0.27472112 0.00000000 -0.96152395
vn -0.31622776 0.00000000 0.94868332
vn -0.16439898 0.00000000 -0.98639393
vn -0.31622776 0.00000000 0.94868332
vn -0.16439898 0.00000000 -0.98639393
vn -0.31622776 0.00000000 0.94868332
vn -0.16439898 0.00000000 -0.98639393
vn -0.31622776 0.00000000 0.94868332
vn -0.14142136 0.00000000 -0.98994946
vn -0.35112345 0.00000000 0.93632919
vn -0.00000000 0.00000000 -1.00000000
vn -0.16439898 0.00000000 0.98639393
vn -0.44721359 0.00000000 -0.89442718
vn -0.16439898 0.00000000 0.98639393
vn -0.31622776 0.00000000 -0.94868332
vn -0.14744195 -0.44232586 0.88465172
vn -0.16439898 0.00000000 -0.98639393
vn -0.13736056 -0.54944223 0.82416338
vn -0.14142136 0.00000000 -0.98994946
vn -0.31622776 0.00000000 0.94868332
vn -0.00000000 0.00000000 -1.00000000
vn -0.31622776 0.00000000 0.94868332
vn -0.31622776 0.00000000 -0.94868332
vn -0.27472112 0.00000000 0.96152395
vn -0.14142136 0.00000000 -0.98994946
vn -0.14142136 0.00000000 0.98994946
vn -0.00000000 0.00000000 -1.00000000
vn -0.14744195 -0.44232586 0.88465172
vn -0.52999896 0.00000000 -0.84799832
vn -0.13736056 -0.54944223 0.82416338
vn -0.16439898 0.00000000 -0.98639393
vn -0.27472112 0.00000000 0.96152395
vn -0.00000000 0.00000000 -1.00000000
vn 0.00000000 0.00000000 1.00000000
vn -0.31622776 0.00000000 -0.94868332
vn 0.00000000 0.00000000 1.00000000
vn -0.14142136 0.00000000 -0.98994946
vn 0.00000000 0.00000000 1.00000000
vn -0.00000000 0.00000000 -1.00000000
vn -0.39391929 0.00000000 0.91914505
vn -0.31622776 0.00000000 -0.94868332
vn -0.00000000 0.00000000 1.00000000
vn -0.60000002 0.00000000 -0.80000001
vn 0.00000000 0.00000000 1.00000000
vn -0.60000002 0.00000000 -0.80000001
vn 0.00000000 0.00000000 1.00000000
vn -0.00000000 1.00000000 -0.00000000
vn 0.00000000 1.00000000 0.00000000
vn 0.00000000 1.00000000 0.00000000
vn 0.00000000 1.00000000 0.00000000
vn 0.00000000 1.00000000 0.00000000
vn 0.70710677 -0.70710677 -0.00000000
vn 0.55708599 -0.74278134 -0.37139067
vn 0.00000000 -1.00000000 -0.00000000
vn 0.00000000 -1.00000000 0.00000000
vn 0.00000000 -1.00000000 0.00000000
vn 0.00000000 -0.70710677 0.70710677
vn 0.00000000 -0.70710677 -0.70710677
vn 0.00000000 -0.70710677 0.70710677
vn 0.00000000 -0.44721359 -0.89442718
vn 0.00000000 -0.70710677 0.70710677
vn 0.00000000 0.00000000 -1.00000000
vn -0.14744195 -0.44232586 0.88465172
vn 0.00000000 0.00000000 -1.00000000
vn 0.00000000 -0.49613893 0.86824316
vn 0.00000000 0.00000000 -1.00000000
vn -0.14744195 -0.44232586 0.88465172
vn -0.27472112 0.00000000 -0.96152395
vn 0.00000000 0.00000000 1.00000000
vn -0.14142136 0.00000000 -0.98994946
vn -0.13018891 -0.39056674 0.91132236
vn -0.00000000 0.00000000 -1.00000000
vn -0.12309149 -0.49236596 0.86164045
vn -0.31622776 0.00000000 -0.94868332
vn 0.00000000 0.00000000 1.00000000
vn -0.39391929 0.00000000 -0.91914505
vn -0.13018891 -0.39056674 0.91132236
vn 0.00000000 0.00000000 -1.00000000
vn -0.12309149 -0.49236596 0.86164045
vn 0.00000000 0.00000000 -1.00000000
vn 0.00000000 0.00000000 1.00000000
vn -0.27472112 0.00000000 -0.96152395
vn -0.13018891 -0.39056674 0.91132236
vn -0.16439898 0.00000000 -0.98639393
vn -0.13736056 -0.54944223 0.82416338
vn -0.16439898 0.00000000 -0.98639393
vn -0.27472112 0.00000000 0.96152395
vn -0.16439898 0.00000000 -0.98639393
vn 0.00000000 0.00000000 1.00000000
vn -0.16439898 0.00000000 -0.98639393
vn -0.14142136 0.00000000 0.98994946
vn -0.14142136 0.00000000 -0.98994946
vn -0.14744195 -0.44232586 0.88465172
vn -0.00000000 0.00000000 -1.00000000
vn -0.13736056 -0.54944223 0.82416338
vn -0.31622776 0.00000000 -0.94868332
vn -0.27472112 0.00000000 0.96152395
vn -0.31622776 0.00000000 -0.94868332
vn 0.00000000 0.00000000 1.00000000
vn -0.31622776 0.00000000 -0.94868332
vn 0.00000000 0.00000000 1.00000000
vn -0.39391929 0.00000000 -0.91914505
vn -0.14142136 0.00000000 0.98994946
vn 0.00000000 0.00000000 -1.00000000
vn -0.16439898 0.00000000 0.98639393
vn 0.00000000 0.00000000 -1.00000000
vn -0.14744195 -0.44232586 0.88465172
vn 0.00000000 0.00000000 -1.00000000
vn -0.13736056 -0.54944223 0.82416338
vn -0.27472112 0.00000000 -0.96152395
vn -0.31622776 0.00000000 0.94868332
vn -0.14142136 0.00000000 -0.98994946
vn -0.31622776 0.00000000 0.94868332
vn -0.00000000 0.00000000 -1.00000000
vn -0.27472112 0.00000000 0.96152395
vn 0.00000000 0.00000000 -1.00000000
vn 0.00000000 0.00000000 1.00000000
vn 0.00000000 0.00000000 -1.00000000
vn -0.14142136 0.00000000 0.98994946
vn -0.24253562 0.00000000 -0.97014248
vn -0.16439898 0.00000000 0.98639393
vn -0.00000000 0.00000000 -1.00000000
vn -0.14744195 -0.44232586 0.88465172
vn -0.44721359 0.00000000 -0.89442718
vn -0.13736056 -0.54944223 0.82416338
vn -0.31622776 0.00000000 -0.94868332
vn -0.27472112 0.00000000 0.96152395
vn -0.14142136 0.00000000 -0.98994946
vn 0.00000000 0.00000000 1.00000000
vn -0.00000000 0.00000000 -1.00000000
vn 0.00000000 0.00000000 1.00000000
vn -0.27472112 0.00000000 -0.96152395
vn 0.00000000 0.00000000 1.00000000
vn -0.00000000 0.00000000 -1.00000000
vn 0.00000000 0.00000000 1.00000000
vn 0.00000000 0.00000000 -1.00000000
vn 0.00000000 0.00000000 1.00000000
vn -0.27472112 0.00000000 -0.96152395
vn 0.00000000 0.00000000 1.00000000
vn -0.00000000 0.00000000 -1.00000000
vn 0.00000000 0.00000000 1.00000000
vn 0.00000000 0.00000000 -1.00000000
vn 0.00000000 0.00000000 1.00000000
vn 0.00000000 0.00000000 -1.00000000
vn 0.00000000 0.00000000 1.00000000
vn 0.00000000 1.00000000 -0.00000000
vn 0.00000000 1.00000000 0.00000000
vn 0.00000000 1.00000000 0.00000000
vn 0.00000000 1.00000000 0.00000000
vn 0.00000000 1.00000000 0.00000000
vn 0.11704115 -0.70224690 -0.70224690
vn 0.00000000 -1.00000000 -0.00000000
vn 0.00000000 -1.00000000 0.00000000
vn 0.00000000 -1.00000000 0.00000000
vn 0.00000000 -1.00000000 0.00000000
vn 0.14002801 -0.70014006 0.70014006
vn 0.00000000 -0.70710677 -0.70710677
vn 0.00000000 -0.70710677 0.70710677
vn 0.13018891 -0.39056674 -0.91132236
vn 0.00000000 -0.70710677 0.70710677
vn 0.00000000 0.00000000 -1.00000000
vn 0.00000000 -0.44721359 0.89442718
vn 0.00000000 0.00000000 -1.00000000
vn 0.00000000 -0.44721359 0.89442718
vn 0.00000000 0.00000000 -1.00000000
vn 0.00000000 -0.44721359 0.89442718
vn 0.00000000 0.00000000 -1.00000000
vn 0.00000000 -0.49613893 0.86824316
vn 0.00000000 0.00000000 -1.00000000
vn -0.14744195 -0.44232586 0.88465172
vn -0.27472112 0.00000000 -0.96152395
vn 0.00000000 0.00000000 1.00000000
vn -0.16439898 0.00000000 -0.98639393
vn -0.13018891 -0.39056674 0.91132236
vn -0.14142136 0.00000000 -0.98994946
vn -0.12309149 -0.49236596 0.86164045
vn -0.00000000 0.00000000 -1.00000000
vn 0.00000000 0.00000000 1.00000000
vn -0.39391929 0.00000000 -0.91914505
vn -0.13018891 -0.39056674 0.91132236
vn 0.00000000 0.00000000 -1.00000000
vn -0.12309149 -0.49236596 0.86164045
vn 0.00000000 0.00000000 -1.00000000
vn 0.00000000 0.00000000 1.00000000
vn 0.00000000 0.00000000 -1.00000000
vn 0.00000000 0.00000000 1.00000000
vn 0.00000000 0.00000000 -1.00000000
vn -0.13018891 -0.39056674 0.91132236
vn 0.00000000 0.00000000 -1.00000000
vn -0.13736056 -0.54944223 0.82416338
vn 0.00000000 0.00000000 -1.00000000
vn -0.27472112 0.00000000 0.96152395
vn -0.27472112 0.00000000 -0.96152395
vn 0.00000000 0.00000000 1.00000000
vn -0.16439898 0.00000000 -0.98639393
vn 0.00000000 0.00000000 1.00000000
vn -0.16439898 0.00000000 -0.98639393
vn 0.00000000 0.00000000 1.00000000
vn -0.16439898 0.00000000 -0.98639393
vn -0.13018891 -0.39056674 0.91132236
vn -0.14142136 0.00000000 -0.98994946
vn -0.13736056 -0.54944223 0.82416338
vn -0.00000000 0.00000000 -1.00000000
vn -0.31622776 0.00000000 0.94868332
vn -0.39391929 0.00000000 -0.91914505
vn -0.27472112 0.00000000 0.96152395
vn 0.00000000 0.00000000 -1.00000000
vn 0.00000000 0.00000000 1.00000000
vn 0.00000000 0.00000000 -1.00000000
vn 0.00000000 0.00000000 1.00000000
vn 0.00000000 0.00000000 -1.00000000
vn 0.00000000 0.00000000 1.00000000
vn -0.24253562 0.00000000 -0.97014248
vn -0.14142136 0.00000000 0.98994946
vn -0.00000000 0.00000000 -1.00000000
vn -0.14744195 -0.44232586 0.88465172
vn 0.00000000 0.00000000 -1.00000000
vn -0.13736056 -0.54944223 0.82416338
vn 0.00000000 0.00000000 -1.00000000
vn -0.31622776 0.00000000 0.94868332
vn -0.27472112 0.00000000 -0.96152395
vn -0.27472112 0.00000000 0.96152395
vn -0.14142136 0.00000000 -0.98994946
vn 0.00000000 0.00000000 1.00000000
vn -0.00000000 0.00000000 -1.00000000
vn 0.00000000 0.00000000 1.00000000
vn 0.00000000 0.00000000 -1.00000000
vn 0.00000000 0.00000000 1.00000000
vn -0.24253562 0.00000000 -0.97014248
vn 0.00000000 0.00000000 1.00000000
vn -0.00000000 0.00000000 -1.00000000
vn 0.00000000 0.00000000 1.00000000
vn -0.27472112 0.00000000 -0.96152395
vn 0.00000000 0.00000000 1.00000000
vn -0.00000000 0.00000000 -1.00000000
vn 0.00000000 0.00000000 1.00000000
vn 0.00000000 0.00000000 -1.00000000
vn 0.00000000 0.00000000 1.00000000
vn 0.00000000 0.00000000 -1.00000000
vn 0.00000000 0.00000000 1.00000000
vn 0.00000000 0.00000000 -1.00000000
vn 0.00000000 0.00000000 1.00000000
vn 0.00000000 0.00000000 -1.00000000
vn 0.60000002 0.00000000 0.80000001
vn 0.00000000 1.00000000 -0.00000000
vn 0.00000000 1.00000000 0.00000000
vn 0.00000000 1.00000000 0.00000000
vn 0.00000000 1.00000000 0.00000000
vn 0.00000000 1.00000000 0.00000000
vn 0.55708599 -0.74278134 -0.37139067
vn 0.00000000 -1.00000000 -0.00000000
vn 0.00000000 -1.00000000 0.00000000
vn 0.37139067 -0.74278134 0.55708599
vn 0.14744195 -0.44232586 -0.88465172
vn 0.00000000 -1.00000000 -0.00000000
vn 0.00000000 -1.00000000 0.00000000
vn 0.00000000 -0.70710677 0.70710677
vn 0.63960212 -0.63960212 -0.42640144
vn 0.00000000 -0.70710677 0.70710677
vn 0.00000000 -0.49613893 -0.86824316
vn 0.00000000 -0.44721359 0.89442718
vn 0.00000000 0.00000000 -1.00000000
vn 0.00000000 -0.44721359 0.89442718
vn 0.00000000 0.00000000 -1.00000000
vn 0.00000000 -0.44721359 0.89442718
vn 0.00000000 0.00000000 -1.00000000
vn 0.00000000 -0.44721359 0.89442718
vn 0.00000000 0.00000000 -1.00000000
vn 0.00000000 -0.44721359 0.89442718
vn 0.00000000 0.00000000 -1.00000000
vn 0.00000000 -0.49613893 0.86824316
vn 0.00000000 0.00000000 -1.00000000
vn -0.14744195 -0.44232586 0.88465172
vn 0.00000000 0.00000000 -1.00000000
vn 0.00000000 0.00000000 1.00000000
vn -0.27472112 0.00000000 -0.96152395
vn 0.00000000 -0.49613893 0.86824316
vn -0.14142136 0.00000000 -0.98994946
vn -0.14744195 -0.44232586 0.88465172
vn -0.00000000 0.00000000 -1.00000000
vn 0.00000000 0.00000000 1.00000000
vn -0.39391929 0.00000000 -0.91914505
vn 0.00000000 0.00000000 1.00000000
vn 0.00000000 0.00000000 -1.00000000
vn -0.13018891 -0.39056674 0.91132236
vn 0.00000000 0.00000000 -1.00000000
vn -0.12309149 -0.49236596 0.86164045
vn 0.00000000 0.00000000 -1.00000000
vn 0.00000000 0.00000000 1.00000000
vn 0.00000000 0.00000000 -1.00000000
vn 0.00000000 0.00000000 1.00000000
vn 0.00000000 0.00000000 -1.00000000
vn 0.00000000 0.00000000 1.00000000
vn 0.00000000 0.00000000 -1.00000000
vn 0.00000000 0.00000000 1.00000000
vn 0.00000000 0.00000000 -1.00000000
vn -0.13018891 -0.39056674 0.91132236
vn 0.00000000 0.00000000 -1.00000000
vn -0.12309149 -0.49236596 0.86164045
vn 0.00000000 0.00000000 -1.00000000
vn 0.00000000 0.00000000 1.00000000
vn -0.27472112 0.00000000 -0.96152395
vn 0.00000000 0.00000000 1.00000000
vn -0.16439898 0.00000000 -0.98639393
vn 0.00000000 0.00000000 1.00000000
vn -0.00000000 0.00000000 -1.00000000
vn 0.00000000 0.00000000 1.00000000
vn 0.00000000 0.00000000 -1.00000000
vn -0.14142136 0.00000000 0.98994946
vn 0.00000000 0.00000000 -1.00000000
vn -0.14744195 -0.44232586 0.88465172
vn 0.00000000 0.00000000 -1.00000000
vn -0.13736056 -0.54944223 0.82416338
vn -0.27472112 0.00000000 -0.96152395
vn -0.27472112 0.00000000 0.96152395
vn -0.00000000 0.00000000 -1.00000000
vn 0.00000000 0.00000000 1.00000000
vn 0.00000000 0.00000000 -1.00000000
vn 0.00000000 0.00000000 1.00000000
vn 0.00000000 0.00000000 -1.00000000
vn 0.00000000 0.00000000 1.00000000
vn 0.00000000 0.00000000 -1.00000000
vn 0.00000000 0.00000000 1.00000000
vn -0.24253562 0.00000000 -0.97014248
vn 0.00000000 0.00000000 1.00000000
vn -0.00000000 0.00000000 -1.00000000
vn 0.00000000 0.00000000 1.00000000
vn 0.00000000 0.00000000 -1.00000000
vn 0.00000000 0.00000000 1.00000000
vn -0.27472112 0.00000000 -0.96152395
vn 0.00000000 0.00000000 1.00000000
vn -0.00000000 0.00000000 -1.00000000
vn 0.00000000 0.00000000 1.00000000
vn -0.27472112 0.00000000 -0.96152395
vn 0.00000000 0.00000000 1.00000000
vn -0.00000000 0.00000000 -1.00000000
vn 0.31622776 0.00000000 0.94868332
vn 0.00000000 0.00000000 -1.00000000
vn 0.00000000 0.00000000 1.00000000
vn 0.00000000 0.00000000 -1.00000000
vn 0.31622776 0.00000000 0.94868332
vn 0.44721359 0.00000000 -0.89442718
vn 0.57735026 0.57735026 0.57735026
vn 0.24253562 0.97014248 0.00000000
vn 0.00000000 1.00000000 -0.00000000
vn 0.00000000 1.00000000 0.00000000
vn 0.00000000 1.00000000 0.00000000
vn 0.00000000 1.00000000 0.00000000
vn 0.80000001 -0.60000002 -0.00000000
vn 0.85749292 -0.51449573 0.00000000
vn 0.55708599 -0.74278134 -0.37139067
vn 0.00000000 -1.00000000 -0.00000000
vn 0.00000000 -1.00000000 0.00000000
vn 0.00000000 -1.00000000 0.00000000
vn 0.00000000 -0.70710677 0.70710677
vn 0.00000000 -0.70710677 -0.70710677
vn 0.00000000 -0.70710677 0.70710677
vn 0.13018891 -0.39056674 -0.91132236
vn 0.00000000 -0.44721359 0.89442718
vn 0.00000000 0.00000000 -1.00000000
vn 0.00000000 -0.44721359 0.89442718
vn 0.00000000 0.00000000 -1.00000000
vn 0.00000000 -0.44721359 0.89442718
vn 0.00000000 0.00000000 -1.00000000
vn 0.00000000 -0.44721359 0.89442718
vn 0.00000000 0.00000000 -1.00000000
vn 0.00000000 -0.44721359 0.89442718
vn 0.00000000 0.00000000 -1.00000000
vn 0.00000000 -0.44721359 0.89442718
vn 0.00000000 0.00000000 -1.00000000
vn 0.00000000 -0.44721359 0.89442718
vn 0.00000000 0.00000000 -1.00000000
vn 0.00000000 0.00000000 1.00000000
vn 0.00000000 0.00000000 -1.00000000
vn 0.00000000 -0.44721359 0.89442718
vn 0.00000000 0.00000000 -1.00000000
vn 0.00000000 -0.44721359 0.89442718
vn -0.27472112 0.00000000 -0.96152395
vn 0.00000000 0.00000000 1.00000000
vn -0.14142136 0.00000000 -0.98994946
vn 0.00000000 -0.49613893 0.86824316
vn -0.00000000 0.00000000 -1.00000000
vn -0.14744195 -0.44232586 0.88465172
vn -0.39391929 0.00000000 -0.91914505
vn 0.00000000 0.00000000 1.00000000
vn 0.00000000 0.00000000 -1.00000000
vn 0.00000000 0.00000000 1.00000000
vn 0.00000000 0.00000000 -1.00000000
vn 0.00000000 0.00000000 1.00000000
vn 0.00000000 0.00000000 -1.00000000
vn -0.14142136 0.00000000 0.98994946
vn 0.00000000 0.00000000 -1.00000000
vn -0.14744195 -0.44232586 0.88465172
vn 0.00000000 0.00000000 -1.00000000
vn -0.12309149 -0.49236596 0.86164045
vn 0.00000000 0.00000000 -1.00000000
vn 0.00000000 0.00000000 1.00000000
vn 0.00000000 0.00000000 -1.00000000
vn 0.00000000 0.00000000 1.00000000
vn 0.00000000 0.00000000 -1.00000000
vn 0.00000000 0.00000000 1.00000000
vn 0.00000000 0.00000000 -1.00000000
vn 0.00000000 0.00000000 1.00000000
vn 0.00000000 0.00000000 -1.00000000
vn -0.13018891 -0.39056674 0.91132236
vn 0.00000000 0.00000000 -1.00000000
vn -0.13736056 -0.54944223 0.82416338
vn 0.00000000 0.00000000 -1.00000000
vn -0.27472112 0.00000000 0.96152395
vn 0.00000000 0.00000000 -1.00000000
vn 0.00000000 0.00000000 1.00000000
vn 0.00000000 0.00000000 -1.00000000
vn 0.00000000 0.00000000 1.00000000
vn 0.00000000 0.00000000 -1.00000000
vn 0.00000000 0.00000000 1.00000000
vn 0.00000000 0.00000000 -1.00000000
vn 0.00000000 0.00000000 1.00000000
vn 0.00000000 0.00000000 -1.00000000
vn 0.00000000 0.00000000 1.00000000
vn 0.00000000 0.00000000 -1.00000000
vn 0.00000000 0.00000000 1.00000000
vn 0.00000000 0.00000000 -1.00000000
vn 0.00000000 0.00000000 1.00000000
vn -0.27472112 0.00000000 -0.96152395
vn 0.00000000 0.00000000 1.00000000
vn -0.00000000 0.00000000 -1.00000000
vn 0.00000000 0.00000000 1.00000000
vn 0.00000000 0.00000000 -1.00000000
vn 0.00000000 0.00000000 1.00000000
vn 0.00000000 0.00000000 -1.00000000
vn 0.00000000 0.00000000 1.00000000
vn 0.00000000 0.00000000 -1.00000000
vn 0.27472112 0.00000000 0.96152395
vn 0.00000000 0.00000000 -1.00000000
vn 0.70710677 0.00000000 0.70710677
vn -0.27472112 0.00000000 -0.96152395
vn 0.27472112 0.00000000 0.96152395
vn -0.00000000 1.00000000 -0.00000000
vn 0.00000000 0.55470020 -0.83205032
vn 0.70710677 0.00000000 0.70710677
vn 0.31622776 0.94868332 -0.00000000
vn 0.68824720 0.22941573 -0.68824720
vn 0.57735026 0.57735026 0.57735026
vn 0.24253562 0.97014248 0.00000000
vn 0.00000000 1.00000000 -0.00000000
vn 0.00000000 1.00000000 0.00000000
vn 0.11704115 -0.70224690 -0.70224690
vn 0.00000000 -1.00000000 -0.00000000
vn 0.00000000 -1.00000000 0.00000000
vn 0.00000000 -1.00000000 0.00000000
vn 0.00000000 -1.00000000 0.00000000
vn 0.00000000 -1.00000000 0.00000000
vn 0.14002801 -0.70014006 0.70014006
vn 0.00000000 -0.51449573 -0.85749292
vn 0.00000000 -0.70710677 0.70710677
vn 0.63960212 -0.63960212 -0.42640144
vn 0.00000000 -0.44721359 0.89442718
vn 0.00000000 -0.49613893 -0.86824316
vn 0.00000000 -0.44721359 0.89442718
vn 0.00000000 0.00000000 -1.00000000
vn 0.00000000 -0.44721359 0.89442718
vn 0.00000000 0.00000000 -1.00000000
vn 0.00000000 -0.44721359 0.89442718
vn 0.00000000 0.00000000 -1.00000000
vn 0.00000000 -0.44721359 0.89442718
vn 0.00000000 0.00000000 -1.00000000
vn 0.00000000 -0.44721359 0.89442718
vn 0.00000000 0.00000000 -1.00000000
vn 0.00000000 -0.44721359 0.89442718
vn 0.00000000 0.00000000 -1.00000000
vn 0.00000000 0.00000000 1.00000000
vn 0.00000000 0.00000000 -1.00000000
vn 0.00000000 -0.44721359 0.89442718
vn 0.00000000 0.00000000 -1.00000000
vn 0.00000000 -0.44721359 0.89442718
vn 0.00000000 0.00000000 -1.00000000
vn 0.00000000 0.00000000 1.00000000
vn 0.00000000 0.00000000 -1.00000000
vn 0.00000000 -0.44721359 0.89442718
vn -0.27472112 0.00000000 -0.96152395
vn 0.00000000 -0.44721359 0.89442718
vn -0.14142136 0.00000000 -0.98994946
vn 0.00000000 0.00000000 1.00000000
vn -0.00000000 0.00000000 -1.00000000
vn 0.00000000 0.00000000 1.00000000
vn 0.00000000 0.00000000 -1.00000000
vn -0.13018891 -0.39056674 0.91132236
vn 0.00000000 0.00000000 -1.00000000
vn -0.13736056 -0.54944223 0.82416338
vn 0.00000000 0.00000000 -1.00000000
vn -0.27472112 0.00000000 0.96152395
vn 0.00000000 0.00000000 -1.00000000
vn 0.00000000 0.00000000 1.00000000
vn 0.00000000 0.00000000 -1.00000000
vn 0.00000000 0.00000000 1.00000000
vn 0.00000000 0.00000000 -1.00000000
vn 0.00000000 0.00000000 1.00000000
vn 0.00000000 0.00000000 -1.00000000
vn 0.00000000 0.00000000 1.00000000
vn 0.00000000 0.00000000 -1.00000000
vn -0.13018891 -0.39056674 0.91132236
vn -0.27472112 0.00000000 -0.96152395
vn -0.12309149 -0.49236596 0.86164045
vn -0.00000000 0.00000000 -1.00000000
vn 0.00000000 0.00000000 1.00000000
vn 0.00000000 0.00000000 -1.00000000
vn 0.00000000 0.00000000 1.00000000
vn 0.00000000 0.00000000 -1.00000000
vn 0.00000000 0.00000000 1.00000000
vn 0.00000000 0.00000000 -1.00000000
vn 0.00000000 0.00000000 1.00000000
vn -0.27472112 0.00000000 -0.96152395
vn 0.00000000 0.00000000 1.00000000
vn -0.00000000 0.00000000 -1.00000000
vn 0.00000000 0.00000000 1.00000000
vn 0.00000000 0.00000000 -1.00000000
vn 0.00000000 0.00000000 1.00000000
vn 0.00000000 0.00000000 -1.00000000
vn 0.00000000 0.00000000 1.00000000
vn 0.00000000 0.00000000 -1.00000000
vn 0.00000000 0.00000000 1.00000000
vn 0.00000000 0.00000000 -1.00000000
vn 0.00000000 0.00000000 1.00000000
vn 0.00000000 0.00000000 -1.00000000
vn 0.00000000 0.00000000 1.00000000
vn 0.00000000 0.00000000 -1.00000000
vn 0.00000000 0.00000000 1.00000000
vn -0.27472112 0.00000000 -0.96152395
vn 0.00000000 0.00000000 1.00000000
vn -0.00000000 0.00000000 -1.00000000
vn 0.70710677 0.00000000 0.70710677
vn 0.00000000 0.00000000 -1.00000000
vn 0.00000000 0.00000000 1.00000000
vn 0.44721359 0.00000000 -0.89442718
vn 0.70710677 0.00000000 0.70710677
vn 0.00000000 1.00000000 -0.00000000
vn 0.37139067 0.55708599 -0.74278134
vn 0.70710677 0.00000000 0.70710677
vn 0.00000000 1.00000000 -0.00000000
vn 0.16439898 0.98639393 0.00000000
vn 0.85749292 0.51449573 -0.00000000
vn 0.70710677 0.70710677 0.00000000
vn 0.24253562 0.97014248 0.00000000
vn 0.80000001 -0.60000002 -0.00000000
vn 0.74535596 -0.59628481 -0.29814240
vn 0.00000000 -1.00000000 0.00000000
vn 0.51449573 -0.68599433 0.51449573
vn 0.85749292 -0.51449573 0.00000000
vn 0.13018891 -0.39056674 -0.91132236
vn 0.00000000 -1.00000000 -0.00000000
vn 0.00000000 -1.00000000 0.00000000
vn 0.17407766 -0.69631064 0.69631064
vn 0.00000000 -0.55470020 -0.83205032
vn 0.13608277 -0.27216554 0.95257932
vn 0.13018891 -0.39056674 -0.91132236
vn 0.00000000 -0.51449573 0.85749292
vn 0.00000000 0.00000000 -1.00000000
vn 0.00000000 -0.44721359 0.89442718
vn 0.00000000 0.00000000 -1.00000000
vn 0.00000000 -0.44721359 0.89442718
vn 0.00000000 0.00000000 -1.00000000
vn 0.00000000 -0.44721359 0.89442718
vn 0.00000000 0.00000000 -1.00000000
vn 0.00000000 -0.49613893 0.86824316
vn 0.00000000 0.00000000 -1.00000000
vn 0.13608277 -0.27216554 0.95257932
vn 0.00000000 0.00000000 -1.00000000
vn 0.00000000 0.00000000 1.00000000
vn 0.00000000 0.00000000 -1.00000000
vn 0.00000000 -0.44721359 0.89442718
vn 0.00000000 0.00000000 -1.00000000
vn 0.00000000 -0.44721359 0.89442718
vn 0.00000000 0.00000000 -1.00000000
vn 0.00000000 0.00000000 1.00000000
vn 0.00000000 0.00000000 -1.00000000
vn 0.00000000 -0.44721359 0.89442718
vn 0.00000000 0.00000000 -1.00000000
vn 0.00000000 -0.44721359 0.89442718
vn 0.00000000 0.00000000 -1.00000000
vn 0.00000000 0.00000000 1.00000000
vn -0.24253562 0.00000000 -0.97014248
vn 0.00000000 -0.49613893 0.86824316
vn -0.00000000 0.00000000 -1.00000000
vn -0.14744195 -0.44232586 0.88465172
vn -0.39391929 0.00000000 -0.91914505
vn 0.00000000 0.00000000 1.00000000
vn 0.00000000 0.00000000 -1.00000000
vn 0.00000000 0.00000000 1.00000000
vn 0.00000000 0.00000000 -1.00000000
vn 0.00000000 0.00000000 1.00000000
vn 0.00000000 0.00000000 -1.00000000
vn 0.00000000 0.00000000 1.00000000
vn 0.00000000 0.00000000 -1.00000000
vn -0.14142136 0.00000000 0.98994946
vn 0.00000000 0.00000000 -1.00000000
vn -0.14744195 -0.44232586 0.88465172
vn 0.00000000 0.00000000 -1.00000000
vn -0.12309149 -0.49236596 0.86164045
vn 0.00000000 0.00000000 -1.00000000
vn 0.00000000 0.00000000 1.00000000
vn 0.00000000 0.00000000 -1.00000000
vn 0.00000000 0.00000000 1.00000000
vn 0.00000000 0.00000000 -1.00000000
vn 0.00000000 0.00000000 1.00000000
vn 0.00000000 0.00000000 -1.00000000
vn 0.00000000 0.00000000 1.00000000
vn 0.00000000 0.00000000 -1.00000000
vn 0.00000000 0.00000000 1.00000000
vn 0.00000000 0.00000000 -1.00000000
vn 0.00000000 0.00000000 1.00000000
vn 0.00000000 0.00000000 -1.00000000
vn 0.00000000 0.00000000 1.00000000
vn 0.00000000 0.00000000 -1.00000000
vn 0.00000000 0.00000000 1.00000000
vn 0.00000000 0.00000000 -1.00000000
vn 0.00000000 0.00000000 1.00000000
vn 0.00000000 0.00000000 -1.00000000
vn 0.00000000 0.00000000 1.00000000
vn 0.00000000 0.00000000 -1.00000000
vn 0.00000000 0.00000000 1.00000000
vn 0.00000000 0.00000000 -1.00000000
vn 0.00000000 0.00000000 1.00000000
vn 0.00000000 0.00000000 -1.00000000
vn 0.00000000 0.00000000 1.00000000
vn 0.00000000 0.00000000 -1.00000000
vn 0.31622776 0.00000000 0.94868332
vn 0.00000000 0.00000000 -1.00000000
vn 0.00000000 0.00000000 1.00000000
vn 0.00000000 0.00000000 -1.00000000
vn 0.31622776 0.00000000 0.94868332
vn 0.00000000 0.00000000 -1.00000000
vn 0.44721359 0.00000000 0.89442718
vn 0.31622776 0.94868332 -0.00000000
vn 0.68824720 0.22941573 -0.68824720
vn 0.57735026 0.57735026 0.57735026
vn 0.24253562 0.97014248 0.00000000
vn 0.00000000 1.00000000 -0.00000000
vn 0.00000000 1.00000000 0.00000000
vn 0.00000000 1.00000000 0.00000000
vn 0.70710677 -0.70710677 -0.00000000
vn 0.55708599 -0.74278134 -0.37139067
vn 0.00000000 -1.00000000 -0.00000000
vn 0.00000000 -1.00000000 0.00000000
vn 0.00000000 -1.00000000 0.00000000
vn 0.00000000 -1.00000000 0.00000000
vn 0.45749572 -0.76249284 0.45749572
vn 0.12309149 -0.49236596 -0.86164045
vn 0.37139067 -0.74278134 0.55708599
vn 0.63960212 -0.63960212 -0.42640144
vn 0.00000000 -0.70710677 0.70710677
vn 0.11111111 -0.44444445 -0.88888890
vn 0.13608277 -0.27216554 0.95257932
vn 0.00000000 0.00000000 -1.00000000
vn 0.00000000 -0.55470020 0.83205032
vn 0.00000000 0.00000000 -1.00000000
vn 0.13608277 -0.27216554 0.95257932
vn 0.00000000 0.00000000 -1.00000000
vn 0.00000000 0.00000000 1.00000000
vn 0.00000000 0.00000000 -1.00000000
vn 0.48507124 -0.48507124 0.72760689
vn 0.00000000 0.00000000 -1.00000000
vn 0.00000000 -0.49613893 0.86824316
vn 0.00000000 0.00000000 -1.00000000
vn 0.00000000 -0.44721359 0.89442718
vn 0.00000000 0.00000000 -1.00000000
vn 0.00000000 -0.44721359 0.89442718
vn 0.00000000 0.00000000 -1.00000000
vn 0.00000000 0.00000000 1.00000000
vn 0.00000000 0.00000000 -1.00000000
vn 0.00000000 -0.44721359 0.89442718
vn 0.00000000 0.00000000 -1.00000000
vn 0.00000000 -0.44721359 0.89442718
vn 0.00000000 0.00000000 -1.00000000
vn 0.00000000 0.00000000 1.00000000
vn 0.00000000 0.00000000 -1.00000000
vn -0.15617377 -0.31234753 0.93704259
vn -0.27472112 0.00000000 -0.96152395
vn 0.00000000 -0.49613893 0.86824316
vn -0.14142136 0.00000000 -0.98994946
vn 0.00000000 0.00000000 1.00000000
vn -0.00000000 0.00000000 -1.00000000
vn 0.00000000 0.00000000 1.00000000
vn 0.00000000 0.00000000 -1.00000000
vn 0.00000000 0.00000000 1.00000000
vn 0.00000000 0.00000000 -1.00000000
vn 0.00000000 -0.49613893 0.86824316
vn 0.00000000 0.00000000 -1.00000000
vn -0.16903085 -0.50709254 0.84515423
vn 0.00000000 0.00000000 -1.00000000
vn -0.27472112 0.00000000 0.96152395
vn 0.00000000 0.00000000 -1.00000000
vn 0.00000000 0.00000000 1.00000000
vn 0.00000000 0.00000000 -1.00000000
vn 0.00000000 0.00000000 1.00000000
vn -0.27472112 0.00000000 -0.96152395
vn 0.00000000 0.00000000 1.00000000
vn -0.00000000 0.00000000 -1.00000000
vn 0.00000000 0.00000000 1.00000000
vn 0.00000000 0.00000000 -1.00000000
vn 0.00000000 0.00000000 1.00000000
vn 0.00000000 0.00000000 -1.00000000
vn 0.00000000 0.00000000 1.00000000
vn 0.00000000 0.00000000 -1.00000000
vn 0.00000000 0.00000000 1.00000000
vn -0.27472112 0.00000000 -0.96152395
vn 0.00000000 0.00000000 1.00000000
vn -0.00000000 0.00000000 -1.00000000
vn 0.00000000 0.00000000 1.00000000
vn 0.00000000 0.00000000 -1.00000000
vn 0.00000000 0.00000000 1.00000000
vn 0.00000000 0.00000000 -1.00000000
vn 0.00000000 0.00000000 1.00000000
vn 0.00000000 0.00000000 -1.00000000
vn 0.00000000 0.00000000 1.00000000
vn -0.27472112 0.00000000 -0.96152395
vn 0.00000000 0.00000000 1.00000000
vn -0.00000000 0.00000000 -1.00000000
vn 0.27472112 0.00000000 0.96152395
vn 0.00000000 0.00000000 -1.00000000
vn 0.70710677 0.00000000 0.70710677
vn 0.00000000 0.00000000 -1.00000000
vn 0.27472112 0.00000000 0.96152395
vn 0.00000000 0.00000000 -1.00000000
vn 0.70710677 0.00000000 0.70710677
vn 0.44721359 0.00000000 -0.89442718
vn 0.70710677 0.00000000 0.70710677
vn 0.00000000 1.00000000 -0.00000000
vn 0.16439898 0.98639393 0.00000000
vn 0.85749292 0.51449573 -0.00000000
vn 0.89442718 0.44721359 0.00000000
vn 0.70710677 0.70710677 0.00000000
vn 0.24253562 0.97014248 0.00000000
vn 0.48507124 -0.72760689 -0.48507124
vn 0.00000000 -1.00000000 -0.00000000
vn 0.00000000 -1.00000000 0.00000000
vn 0.00000000 -1.00000000 0.00000000
vn 0.37139067 -0.74278134 0.55708599
vn 0.55708599 -0.74278134 -0.37139067
vn 0.00000000 -1.00000000 0.00000000
vn 0.17407766 -0.69631064 0.69631064
vn 0.00000000 -0.55470020 -0.83205032
vn 0.15617377 -0.31234753 0.93704259
vn 0.63960212 -0.63960212 -0.42640144
vn 0.48507124 -0.48507124 0.72760689
vn 0.11111111 -0.44444445 -0.88888890
vn 0.00000000 -0.55470020 0.83205032
vn 0.00000000 0.00000000 -1.00000000
vn 0.48507124 -0.48507124 0.72760689
vn 0.00000000 0.00000000 -1.00000000
vn 0.00000000 -0.49613893 0.86824316
vn 0.00000000 0.00000000 -1.00000000
vn 0.00000000 -0.44721359 0.89442718
vn 0.00000000 0.00000000 -1.00000000
vn 0.00000000 -0.44721359 0.89442718
vn 0.00000000 0.00000000 -1.00000000
vn 0.00000000 -0.49613893 0.86824316
vn 0.00000000 0.00000000 -1.00000000
vn 0.13608277 -0.27216554 0.95257932
vn 0.00000000 0.00000000 -1.00000000
vn 0.00000000 0.00000000 1.00000000
vn 0.00000000 0.00000000 -1.00000000
vn 0.00000000 -0.44721359 0.89442718
vn 0.00000000 0.00000000 -1.00000000
vn 0.00000000 -0.44721359 0.89442718
vn 0.00000000 0.00000000 -1.00000000
vn 0.00000000 -0.49613893 0.86824316
vn 0.00000000 0.00000000 -1.00000000
vn -0.14744195 -0.44232586 0.88465172
vn 0.00000000 0.00000000 -1.00000000
vn 0.00000000 0.00000000 1.00000000
vn 0.00000000 0.00000000 -1.00000000
vn 0.00000000 0.00000000 1.00000000
vn -0.24253562 0.00000000 -0.97014248
vn 0.00000000 0.00000000 1.00000000
vn -0.00000000 0.00000000 -1.00000000
vn -0.14142136 0.00000000 0.98994946
vn 0.00000000 0.00000000 -1.00000000
vn -0.18257418 -0.36514837 0.91287094
vn 0.00000000 0.00000000 -1.00000000
vn 0.00000000 -0.49613893 0.86824316
vn 0.00000000 0.00000000 -1.00000000
vn 0.00000000 0.00000000 1.00000000
vn 0.00000000 0.00000000 -1.00000000
vn 0.00000000 0.00000000 1.00000000
vn 0.00000000 0.00000000 -1.00000000
vn 0.00000000 0.00000000 1.00000000
vn 0.00000000 0.00000000 -1.00000000
vn 0.00000000 0.00000000 1.00000000
vn 0.00000000 0.00000000 -1.00000000
vn 0.00000000 0.00000000 1.00000000
vn 0.00000000 0.00000000 -1.00000000
vn 0.00000000 0.00000000 1.00000000
vn 0.00000000 0.00000000 -1.00000000
vn -0.14142136 0.00000000 0.98994946
vn 0.00000000 0.00000000 -1.00000000
vn -0.16439898 0.00000000 0.98639393
vn 0.00000000 0.00000000 -1.00000000
vn -0.27472112 0.00000000 0.96152395
vn 0.00000000 0.00000000 -1.00000000
vn 0.00000000 0.00000000 1.00000000
vn 0.00000000 0.00000000 -1.00000000
vn 0.00000000 0.00000000 1.00000000
vn 0.00000000 0.00000000 -1.00000000
vn 0.00000000 0.00000000 1.00000000
vn 0.00000000 0.00000000 -1.00000000
vn 0.00000000 0.00000000 1.00000000
vn 0.00000000 0.00000000 -1.00000000
vn 0.27472112 0.00000000 0.96152395
vn 0.00000000 0.00000000 -1.00000000
vn 0.70710677 0.00000000 0.70710677
vn 0.44721359 0.00000000 -0.89442718
vn 0.00000000 0.00000000 1.00000000
vn 0.00000000 0.00000000 -1.00000000
vn 0.70710677 0.00000000 0.70710677
vn 0.00000000 0.00000000 -1.00000000
vn 0.31622776 0.00000000 0.94868332
vn 0.31622776 0.94868332 -0.00000000
vn 0.68824720 0.22941573 -0.68824720
vn 0.57735026 0.57735026 0.57735026
vn 0.24253562 0.97014248 0.00000000
vn 0.00000000 1.00000000 -0.00000000
vn 0.00000000 1.00000000 0.00000000
vn 0.00000000 1.00000000 0.00000000
vn 0.00000000 1.00000000 0.00000000
vn 0.80000001 -0.60000002 -0.00000000
vn 0.89442718 -0.44721359 0.00000000
vn 0.85749292 -0.51449573 0.00000000
vn 0.08804509 -0.70436072 -0.70436072
vn 0.00000000 -1.00000000 -0.00000000
vn 0.00000000 -1.00000000 0.00000000
vn 0.45749572 -0.76249284 0.45749572
vn 0.13018891 -0.39056674 -0.91132236
vn 0.37139067 -0.74278134 0.55708599
vn 0.00000000 0.00000000 -1.00000000
vn 0.00000000 -0.70710677 0.70710677
vn 0.63960212 -0.63960212 -0.42640144
vn 0.13608277 -0.27216554 0.95257932
vn 0.11111111 -0.44444445 -0.88888890
vn 0.00000000 -0.55470020 0.83205032
vn 0.00000000 0.00000000 -1.00000000
vn 0.13608277 -0.27216554 0.95257932
vn 0.00000000 0.00000000 -1.00000000
vn 0.00000000 -0.55470020 0.83205032
vn 0.00000000 0.00000000 -1.00000000
vn 0.13608277 -0.27216554 0.95257932
vn 0.00000000 0.00000000 -1.00000000
vn 0.00000000 0.00000000 1.00000000
vn 0.00000000 0.00000000 -1.00000000
vn 0.48507124 -0.48507124 0.72760689
vn 0.00000000 0.00000000 -1.00000000
vn 0.00000000 -0.49613893 0.86824316
vn 0.00000000 0.00000000 -1.00000000
vn 0.00000000 -0.44721359 0.89442718
vn 0.00000000 0.00000000 -1.00000000
vn 0.00000000 -0.44721359 0.89442718
vn 0.00000000 0.00000000 -1.00000000
vn 0.00000000 -0.44721359 0.89442718
vn 0.00000000 0.00000000 -1.00000000
vn 0.00000000 -0.44721359 0.89442718
vn 0.00000000 0.00000000 -1.00000000
vn 0.00000000 0.00000000 1.00000000
vn 0.00000000 0.00000000 -1.00000000
vn 0.00000000 0.00000000 1.00000000
vn 0.00000000 0.00000000 -1.00000000
vn 0.00000000 -0.49613893 0.86824316
vn -0.27472112 0.00000000 -0.96152395
vn -0.16903085 -0.50709254 0.84515423
vn -0.00000000 0.00000000 -1.00000000
vn -0.27472112 0.00000000 0.96152395
vn 0.00000000 0.00000000 -1.00000000
vn 0.00000000 0.00000000 1.00000000
vn 0.00000000 0.00000000 -1.00000000
vn 0.00000000 0.00000000 1.00000000
vn 0.00000000 0.00000000 -1.00000000
vn 0.00000000 0.00000000 1.00000000
vn 0.00000000 0.00000000 -1.00000000
vn 0.00000000 0.00000000 1.00000000
vn 0.00000000 0.00000000 -1.00000000
vn 0.00000000 0.00000000 1.00000000
vn 0.00000000 0.00000000 -1.00000000
vn -0.14142136 0.00000000 0.98994946
vn 0.00000000 0.00000000 -1.00000000
vn -0.14744195 -0.44232586 0.88465172
vn 0.00000000 0.00000000 -1.00000000
vn -0.13736056 -0.54944223 0.82416338
vn 0.00000000 0.00000000 -1.00000000
vn -0.31622776 0.00000000 0.94868332
vn 0.00000000 0.00000000 -1.00000000
vn -0.31622776 0.00000000 0.94868332
vn -0.27472112 0.00000000 -0.96152395
vn -0.00000000 0.00000000 1.00000000
vn -0.00000000 0.00000000 -1.00000000
vn 0.00000000 0.00000000 1.00000000
vn 0.00000000 0.00000000 -1.00000000
vn 0.00000000 0.00000000 1.00000000
vn 0.00000000 0.00000000 -1.00000000
vn 0.00000000 0.00000000 1.00000000
vn 0.44721359 0.00000000 -0.89442718
vn 0.70710677 0.00000000 0.70710677
vn 0.00000000 0.00000000 -1.00000000
vn 0.00000000 0.00000000 1.00000000
vn 0.00000000 0.00000000 -1.00000000
vn 0.31622776 0.00000000 0.94868332
vn 0.00000000 0.00000000 -1.00000000
vn 0.44721359 0.00000000 0.89442718
vn 0.44721359 0.00000000 -0.89442718
vn 0.70710677 0.00000000 0.70710677
vn 0.00000000 1.00000000 -0.00000000
vn 0.16439898 0.98639393 0.00000000
vn 0.85749292 0.51449573 -0.00000000
vn 0.89442718 0.44721359 0.00000000
vn 0.89442718 0.44721359 0.00000000
vn 0.70710677 0.70710677 0.00000000
vn 0.24253562 0.97014248 0.00000000
vn 0.83205032 -0.55470020 -0.00000000
vn 0.74535596 -0.59628481 -0.29814240
vn 0.00000000 -1.00000000 -0.00000000
vn 0.00000000 -1.00000000 0.00000000
vn 0.37139067 -0.74278134 0.55708599
vn 0.55708599 -0.74278134 -0.37139067
vn 0.00000000 -1.00000000 0.00000000
vn 0.17407766 -0.69631064 0.69631064
vn 0.11111111 -0.44444445 -0.88888890
vn 0.15617377 -0.31234753 0.93704259
vn 0.00000000 0.00000000 -1.00000000
vn 0.48507124 -0.48507124 0.72760689
vn 0.63960212 -0.63960212 -0.42640144
vn 0.00000000 -0.55470020 0.83205032
vn 0.12309149 -0.49236596 -0.86164045
vn 0.48507124 -0.48507124 0.72760689
vn 0.27472112 0.00000000 -0.96152395
vn 0.00000000 -0.55470020 0.83205032
vn 0.00000000 0.00000000 -1.00000000
vn 0.48507124 -0.48507124 0.72760689
vn 0.00000000 0.00000000 -1.00000000
vn 0.00000000 -0.49613893 0.86824316
vn 0.00000000 0.00000000 -1.00000000
vn 0.00000000 -0.44721359 0.89442718
vn 0.00000000 0.00000000 -1.00000000
vn 0.00000000 -0.44721359 0.89442718
vn 0.00000000 0.00000000 -1.00000000
vn 0.00000000 -0.44721359 0.89442718
vn 0.00000000 0.00000000 -1.00000000
vn 0.00000000 -0.44721359 0.89442718
vn 0.00000000 0.00000000 -1.00000000
vn 0.00000000 -0.44721359 0.89442718
vn 0.00000000 0.00000000 -1.00000000
vn 0.00000000 -0.44721359 0.89442718
vn 0.00000000 0.00000000 -1.00000000
vn 0.00000000 0.00000000 1.00000000
vn 0.00000000 0.00000000 -1.00000000
vn 0.00000000 0.00000000 1.00000000
vn 0.00000000 0.00000000 -1.00000000
vn -0.15617377 -0.31234753 0.93704259
vn 0.44721359 0.00000000 -0.89442718
vn 0.00000000 -0.49613893 0.86824316
vn 0.00000000 0.00000000 -1.00000000
vn 0.00000000 0.00000000 1.00000000
vn 0.00000000 0.00000000 -1.00000000
vn 0.00000000 0.00000000 1.00000000
vn 0.00000000 0.00000000 -1.00000000
vn 0.00000000 0.00000000 1.00000000
vn 0.00000000 0.00000000 -1.00000000
vn 0.00000000 0.00000000 1.00000000
vn 0.00000000 0.00000000 -1.00000000
vn -0.14142136 0.00000000 0.98994946
vn 0.00000000 0.00000000 -1.00000000
vn -0.14744195 -0.44232586 0.88465172
vn 0.00000000 0.00000000 -1.00000000
vn -0.13736056 -0.54944223 0.82416338
vn 0.00000000 0.00000000 -1.00000000
vn -0.27472112 0.00000000 0.96152395
vn 0.00000000 0.00000000 -1.00000000
vn 0.00000000 0.00000000 1.00000000
vn 0.00000000 0.00000000 -1.00000000
vn 0.00000000 0.00000000 1.00000000
vn 0.00000000 0.00000000 -1.00000000
vn 0.00000000 0.00000000 1.00000000
vn 0.00000000 0.00000000 -1.00000000
vn 0.00000000 0.00000000 1.00000000
vn 0.00000000 0.00000000 -1.00000000
vn 0.00000000 0.00000000 1.00000000
vn 0.00000000 0.00000000 -1.00000000
vn 0.00000000 0.00000000 1.00000000
vn 0.00000000 0.00000000 -1.00000000
vn 0.00000000 0.00000000 1.00000000
vn 0.00000000 0.00000000 -1.00000000
vn 0.00000000 0.00000000 1.00000000
vn 0.00000000 0.00000000 -1.00000000
vn 0.00000000 0.00000000 1.00000000
vn 0.00000000 0.00000000 -1.00000000
vn 0.70710677 0.00000000 0.70710677
vn 0.44721359 0.00000000 -0.89442718
vn 0.70710677 0.00000000 0.70710677
vn 0.31622776 0.94868332 -0.00000000
vn 0.68824720 0.22941573 -0.68824720
vn 0.70710677 0.00000000 0.70710677
vn 0.00000000 1.00000000 -0.00000000
vn 0.00000000 1.00000000 0.00000000
vn 0.00000000 1.00000000 0.00000000
vn 0.00000000 1.00000000 0.00000000
vn 0.00000000 1.00000000 0.00000000
vn 0.80000001 -0.60000002 -0.00000000
vn 0.85749292 -0.51449573 0.00000000
vn 0.48507124 -0.72760689 -0.48507124
vn 0.00000000 -1.00000000 -0.00000000
vn 0.00000000 -1.00000000 0.00000000
vn 0.45749572 -0.76249284 0.45749572
vn 0.55708599 -0.74278134 -0.37139067
vn 0.37139067 -0.74278134 0.55708599
vn 0.11111111 -0.44444445 -0.88888890
vn 0.00000000 -0.70710677 0.70710677
vn 0.00000000 0.00000000 -1.00000000
vn 0.13608277 -0.27216554 0.95257932
vn 0.80000001 0.00000000 -0.60000002
vn 0.00000000 -0.51449573 0.85749292
vn 0.63960212 -0.63960212 -0.42640144
vn 0.00000000 -0.44721359 0.89442718
vn 0.11111111 -0.44444445 -0.88888890
vn 0.00000000 -0.44721359 0.89442718
vn 0.00000000 0.00000000 -1.00000000
vn 0.00000000 -0.44721359 0.89442718
vn 0.00000000 0.00000000 -1.00000000
vn 0.00000000 -0.44721359 0.89442718
vn 0.00000000 0.00000000 -1.00000000
vn 0.00000000 -0.44721359 0.89442718
vn 0.00000000 0.00000000 -1.00000000
vn 0.00000000 -0.44721359 0.89442718
vn 0.00000000 0.00000000 -1.00000000
vn 0.00000000 -0.44721359 0.89442718
vn 0.00000000 0.00000000 -1.00000000
vn 0.00000000 -0.44721359 0.89442718
vn 0.00000000 0.00000000 -1.00000000
vn 0.00000000 -0.44721359 0.89442718
vn 0.00000000 0.00000000 -1.00000000
vn 0.00000000 0.00000000 1.00000000
vn 0.00000000 0.00000000 -1.00000000
vn 0.00000000 -0.49613893 0.86824316
vn 0.39391929 0.00000000 -0.91914505
vn -0.14744195 -0.44232586 0.88465172
vn 0.00000000 0.00000000 -1.00000000
vn 0.00000000 0.00000000 1.00000000
vn 0.00000000 0.00000000 -1.00000000
vn 0.00000000 0.00000000 1.00000000
vn 0.00000000 0.00000000 -1.00000000
vn 0.00000000 0.00000000 1.00000000
vn 0.00000000 0.00000000 -1.00000000
vn 0.00000000 0.00000000 1.00000000
vn 0.00000000 0.00000000 -1.00000000
vn -0.13018891 -0.39056674 0.91132236
vn 0.00000000 0.00000000 -1.00000000
vn -0.13736056 -0.54944223 0.82416338
vn 0.00000000 0.00000000 -1.00000000
vn -0.27472112 0.00000000 0.96152395
vn 0.00000000 0.00000000 -1.00000000
vn 0.00000000 0.00000000 1.00000000
vn 0.00000000 0.00000000 -1.00000000
vn 0.00000000 0.00000000 1.00000000
vn 0.00000000 0.00000000 -1.00000000
vn 0.00000000 0.00000000 1.00000000
vn 0.00000000 0.00000000 -1.00000000
vn 0.00000000 0.00000000 1.00000000
vn 0.00000000 0.00000000 -1.00000000
vn 0.00000000 0.00000000 1.00000000
vn 0.00000000 0.00000000 -1.00000000
vn 0.00000000 0.00000000 1.00000000
vn 0.00000000 0.00000000 -1.00000000
vn 0.00000000 0.00000000 1.00000000
vn 0.00000000 0.00000000 -1.00000000
vn 0.00000000 0.00000000 1.00000000
vn 0.00000000 0.00000000 -1.00000000
vn 0.31622776 0.00000000 0.94868332
vn 0.00000000 0.00000000 -1.00000000
vn 0.00000000 0.00000000 1.00000000
vn 0.00000000 0.00000000 -1.00000000
vn 0.31622776 0.00000000 0.94868332
vn 0.00000000 0.00000000 -1.00000000
vn 0.44721359 0.00000000 0.89442718
vn 0.55470020 0.00000000 -0.83205032
vn 0.66666669 0.33333334 0.66666669
vn 0.24253562 0.97014248 0.00000000
vn 0.31622776 0.94868332 -0.00000000
vn 0.85749292 0.51449573 -0.00000000
vn 0.89442718 0.44721359 0.00000000
vn 0.89442718 0.44721359 0.00000000
vn 0.89442718 0.44721359 0.00000000
vn 0.94868332 0.31622776 0.00000000
vn 0.83205032 -0.55470020 -0.00000000
vn 0.89442718 -0.44721359 0.00000000
vn 0.89442718 -0.44721359 0.00000000
vn 0.83205032 -0.55470020 0.00000000
vn 0.48507124 -0.72760689 -0.48507124
vn 0.37139067 -0.74278134 0.55708599
vn 0.55708599 -0.74278134 -0.37139067
vn 0.00000000 -1.00000000 0.00000000
vn 0.15617377 -0.31234753 0.93704259
vn 0.11111111 -0.44444445 -0.88888890
vn 0.48507124 -0.48507124 0.72760689
vn 0.00000000 0.00000000 -1.00000000
vn 0.00000000 -0.70710677 0.70710677
vn 0.00000000 0.00000000 -1.00000000
vn 0.13608277 -0.27216554 0.95257932
vn 0.63960212 -0.63960212 -0.42640144
vn 0.00000000 -0.55470020 0.83205032
vn 0.12309149 -0.49236596 -0.86164045
vn 0.13608277 -0.27216554 0.95257932
vn 0.31622776 0.00000000 -0.94868332
vn 0.00000000 -0.51449573 0.85749292
vn 0.27472112 0.00000000 -0.96152395
vn 0.00000000 -0.44721359 0.89442718
vn 0.00000000 0.00000000 -1.00000000
vn 0.00000000 -0.44721359 0.89442718
vn 0.00000000 0.00000000 -1.00000000
vn 0.00000000 -0.44721359 0.89442718
vn 0.39391929 0.00000000 -0.91914505
vn 0.00000000 -0.44721359 0.89442718
vn 0.31622776 0.00000000 -0.94868332
vn 0.00000000 -0.44721359 0.89442718
vn 0.31622776 0.00000000 -0.94868332
vn 0.00000000 0.00000000 1.00000000
vn 0.31622776 0.00000000 -0.94868332
vn 0.00000000 -0.44721359 0.89442718
vn 0.00000000 0.00000000 -1.00000000
vn 0.00000000 -0.44721359 0.89442718
vn 0.00000000 0.00000000 -1.00000000
vn 0.00000000 0.00000000 1.00000000
vn 0.00000000 0.00000000 -1.00000000
vn 0.00000000 0.00000000 1.00000000
vn 0.00000000 0.00000000 -1.00000000
vn 0.00000000 0.00000000 1.00000000
vn 0.00000000 0.00000000 -1.00000000
vn -0.13018891 -0.39056674 0.91132236
vn 0.00000000 0.00000000 -1.00000000
vn -0.12309149 -0.49236596 0.86164045
vn 0.00000000 0.00000000 -1.00000000
vn 0.00000000 0.00000000 1.00000000
vn 0.00000000 0.00000000 -1.00000000
vn 0.00000000 0.00000000 1.00000000
vn 0.00000000 0.00000000 -1.00000000
vn 0.00000000 0.00000000 1.00000000
vn 0.00000000 0.00000000 -1.00000000
vn 0.00000000 0.00000000 1.00000000
vn 0.00000000 0.00000000 -1.00000000
vn 0.00000000 0.00000000 1.00000000
vn 0.00000000 0.00000000 -1.00000000
vn 0.00000000 0.00000000 1.00000000
vn 0.00000000 0.00000000 -1.00000000
vn 0.00000000 0.00000000 1.00000000
vn 0.00000000 0.00000000 -1.00000000
vn -0.39391929 0.00000000 0.91914505
vn 0.00000000 0.00000000 -1.00000000
vn -0.00000000 0.00000000 1.00000000
vn 0.00000000 0.00000000 -1.00000000
vn 0.00000000 0.00000000 1.00000000
vn 0.00000000 0.00000000 -1.00000000
vn 0.70710677 0.00000000 0.70710677
vn 0.00000000 0.00000000 -1.00000000
vn 0.00000000 0.00000000 1.00000000
vn 0.44721359 0.00000000 -0.89442718
vn 0.70710677 0.00000000 0.70710677
vn 0.51449573 0.00000000 -0.85749292
vn 0.70710677 0.00000000 0.70710677
vn 0.31622776 0.94868332 -0.00000000
vn 0.68824720 0.22941573 -0.68824720
vn 0.57735026 0.57735026 0.57735026
vn 0.24253562 0.97014248 0.00000000
vn 0.00000000 1.00000000 -0.00000000
vn 0.00000000 1.00000000 0.00000000
vn 0.00000000 1.00000000 0.00000000
vn 0.00000000 1.00000000 0.00000000
vn 0.55708599 -0.74278134 -0.37139067
vn 0.00000000 -1.00000000 -0.00000000
vn 0.00000000 -1.00000000 0.00000000
vn 0.37139067 -0.74278134 0.55708599
vn 0.14744195 -0.44232586 -0.88465172
vn 0.00000000 -1.00000000 -0.00000000
vn 0.00000000 -1.00000000 0.00000000
vn 0.37139067 -0.74278134 0.55708599
vn 0.63960212 -0.63960212 -0.42640144
vn 0.00000000 -0.70710677 0.70710677
vn 0.11111111 -0.44444445 -0.88888890
vn 0.15617377 -0.31234753 0.93704259
vn 0.00000000 0.00000000 -1.00000000
vn 0.48507124 -0.48507124 0.72760689
vn 0.00000000 0.00000000 -1.00000000
vn 0.00000000 -0.55470020 0.83205032
vn 0.80000001 0.00000000 -0.60000002
vn 0.48507124 -0.48507124 0.72760689
vn 0.80000001 0.00000000 -0.60000002
vn 0.00000000 -0.70710677 0.70710677
vn 0.63960212 -0.63960212 -0.42640144
vn 0.13608277 -0.27216554 0.95257932
vn 0.12309149 -0.49236596 -0.86164045
vn 0.00000000 -0.51449573 0.85749292
vn 0.31622776 0.00000000 -0.94868332
vn 0.00000000 -0.44721359 0.89442718
vn 0.00000000 0.00000000 -1.00000000
vn 0.00000000 -0.44721359 0.89442718
vn 0.80000001 0.00000000 -0.60000002
vn 0.00000000 -0.44721359 0.89442718
vn 0.80000001 0.00000000 -0.60000002
vn 0.00000000 0.00000000 1.00000000
vn 0.70710677 0.00000000 -0.70710677
vn 0.00000000 -0.44721359 0.89442718
vn 0.00000000 0.00000000 -1.00000000
vn 0.00000000 -0.44721359 0.89442718
vn 0.00000000 0.00000000 -1.00000000
vn 0.00000000 0.00000000 1.00000000
vn 0.00000000 0.00000000 -1.00000000
vn 0.00000000 0.00000000 1.00000000
vn 0.00000000 0.00000000 -1.00000000
vn -0.13018891 -0.39056674 0.91132236
vn 0.00000000 0.00000000 -1.00000000
vn -0.12309149 -0.49236596 0.86164045
vn 0.00000000 0.00000000 -1.00000000
vn 0.00000000 0.00000000 1.00000000
vn 0.00000000 0.00000000 -1.00000000
vn 0.00000000 0.00000000 1.00000000
vn 0.44721359 0.00000000 -0.89442718
vn 0.00000000 0.00000000 1.00000000
vn 0.00000000 0.00000000 -1.00000000
vn 0.00000000 0.00000000 1.00000000
vn 0.00000000 0.00000000 -1.00000000
vn 0.00000000 0.00000000 1.00000000
vn 0.00000000 0.00000000 -1.00000000
vn 0.00000000 0.00000000 1.00000000
vn 0.00000000 0.00000000 -1.00000000
vn 0.00000000 0.00000000 1.00000000
vn 0.00000000 0.00000000 -1.00000000
vn 0.00000000 0.00000000 1.00000000
vn 0.00000000 0.00000000 -1.00000000
vn 0.31622776 0.00000000 0.94868332
vn 0.00000000 0.00000000 -1.00000000
vn 0.00000000 0.00000000 1.00000000
vn 0.00000000 0.00000000 -1.00000000
vn 0.00000000 0.00000000 1.00000000
vn 0.44721359 0.00000000 -0.89442718
vn 0.00000000 0.00000000 1.00000000
vn 0.00000000 0.00000000 -1.00000000
vn 0.31622776 0.00000000 0.94868332
vn 0.00000000 0.00000000 -1.00000000
vn 0.00000000 0.00000000 1.00000000
vn 0.70710677 0.00000000 -0.70710677
vn 0.57735026 0.57735026 0.57735026
vn 0.44721359 0.89442718 0.00000000
vn 0.31622776 0.94868332 -0.00000000
vn 0.85749292 0.51449573 -0.00000000
vn 0.89442718 0.44721359 0.00000000
vn 0.89442718 0.44721359 0.00000000
vn 0.70710677 0.70710677 0.00000000
vn 0.24253562 0.97014248 0.00000000
vn 0.80000001 -0.60000002 -0.00000000
vn 0.85749292 -0.51449573 0.00000000
vn 0.55708599 -0.74278134 -0.37139067
vn 0.00000000 -1.00000000 -0.00000000
vn 0.00000000 -1.00000000 0.00000000
vn 0.37139067 -0.74278134 0.55708599
vn 0.12309149 -0.49236596 -0.86164045
vn 0.00000000 -1.00000000 0.00000000
vn 0.15617377 -0.31234753 0.93704259
vn 0.63960212 -0.63960212 -0.42640144
vn 0.48507124 -0.48507124 0.72760689
vn 0.11111111 -0.44444445 -0.88888890
vn 0.00000000 -0.70710677 0.70710677
vn 0.00000000 0.00000000 -1.00000000
vn 0.00000000 -0.44721359 0.89442718
vn 0.00000000 0.00000000 -1.00000000
vn 0.00000000 -0.44721359 0.89442718
vn 0.00000000 0.00000000 -1.00000000
vn 0.00000000 -0.51449573 0.85749292
vn 0.00000000 0.00000000 -1.00000000
vn 0.48507124 -0.48507124 0.72760689
vn 0.80000001 0.00000000 -0.60000002
vn 0.00000000 -0.70710677 0.70710677
vn 0.70710677 0.00000000 -0.70710677
vn 0.00000000 -0.44721359 0.89442718
vn 0.00000000 0.00000000 -1.00000000
vn 0.00000000 -0.44721359 0.89442718
vn 0.00000000 0.00000000 -1.00000000
vn 0.00000000 -0.44721359 0.89442718
vn 0.00000000 0.00000000 -1.00000000
vn 0.00000000 0.00000000 1.00000000
vn 0.00000000 0.00000000 -1.00000000
vn -0.15617377 -0.31234753 0.93704259
vn 0.00000000 0.00000000 -1.00000000
vn 0.00000000 -0.49613893 0.86824316
vn 0.00000000 0.00000000 -1.00000000
vn 0.00000000 0.00000000 1.00000000
vn 0.00000000 0.00000000 -1.00000000
vn 0.00000000 -0.49613893 0.86824316
vn 0.00000000 0.00000000 -1.00000000
vn -0.14744195 -0.44232586 0.88465172
vn 0.00000000 0.00000000 -1.00000000
vn 0.00000000 0.00000000 1.00000000
vn 0.00000000 0.00000000 -1.00000000
vn 0.00000000 0.00000000 1.00000000
vn 0.00000000 0.00000000 -1.00000000
vn 0.00000000 0.00000000 1.00000000
vn 0.00000000 0.00000000 -1.00000000
vn 0.00000000 0.00000000 1.00000000
vn 0.00000000 0.00000000 -1.00000000
vn 0.00000000 0.00000000 1.00000000
vn 0.00000000 0.00000000 -1.00000000
vn 0.00000000 0.00000000 1.00000000
vn 0.00000000 0.00000000 -1.00000000
vn 0.00000000 0.00000000 1.00000000
vn 0.00000000 0.00000000 -1.00000000
vn 0.00000000 0.00000000 1.00000000
vn 0.00000000 0.00000000 -1.00000000
vn 0.00000000 0.00000000 1.00000000
vn 0.44721359 0.00000000 -0.89442718
vn 0.70710677 0.00000000 0.70710677
vn 0.00000000 0.00000000 -1.00000000
vn 0.00000000 0.00000000 1.00000000
vn 0.00000000 0.00000000 -1.00000000
vn 0.00000000 0.00000000 1.00000000
vn 0.00000000 0.00000000 -1.00000000
vn 0.00000000 0.00000000 1.00000000
vn 0.00000000 0.00000000 -1.00000000
vn 0.70710677 0.00000000 0.70710677
vn 0.00000000 0.00000000 -1.00000000
vn 0.31622776 0.00000000 0.94868332
vn 0.31622776 0.94868332 -0.00000000
vn 0.68824720 0.22941573 -0.68824720
vn 0.57735026 0.57735026 0.57735026
vn 0.24253562 0.97014248 0.00000000
vn 0.00000000 1.00000000 0.00000000
vn 0.00000000 1.00000000 -0.00000000
vn 0.00000000 1.00000000 0.00000000
vn 0.00000000 1.00000000 0.00000000
vn 0.00000000 1.00000000 0.00000000
vn 0.83205032 -0.55470020 -0.00000000
vn 0.89442718 -0.44721359 0.00000000
vn 0.89442718 -0.44721359 0.00000000
vn 0.85749292 -0.51449573 0.00000000
vn 0.55708599 -0.74278134 -0.37139067
vn 0.00000000 -1.00000000 0.00000000
vn 0.37139067 -0.74278134 0.55708599
vn 0.12309149 -0.49236596 -0.86164045
vn 0.00000000 -0.70710677 0.70710677
vn 0.63960212 -0.63960212 -0.42640144
vn 0.00000000 -0.70710677 0.70710677
vn 0.12309149 -0.49236596 -0.86164045
vn 0.13608277 -0.27216554 0.95257932
vn 0.27472112 0.00000000 -0.96152395
vn 0.00000000 -0.51449573 0.85749292
vn 0.00000000 0.00000000 -1.00000000
vn 0.00000000 -0.44721359 0.89442718
vn 0.00000000 0.00000000 -1.00000000
vn 0.00000000 -0.44721359 0.89442718
vn 0.00000000 0.00000000 -1.00000000
vn 0.00000000 -0.70710677 0.70710677
vn 0.00000000 0.00000000 -1.00000000
vn 0.00000000 -0.44721359 0.89442718
vn 0.00000000 0.00000000 -1.00000000
vn 0.00000000 -0.44721359 0.89442718
vn 0.00000000 0.00000000 -1.00000000
vn 0.00000000 -0.44721359 0.89442718
vn 0.00000000 0.00000000 -1.00000000
vn 0.00000000 -0.49613893 0.86824316
vn 0.00000000 0.00000000 -1.00000000
vn -0.14744195 -0.44232586 0.88465172
vn 0.00000000 0.00000000 -1.00000000
vn 0.00000000 0.00000000 1.00000000
vn 0.00000000 0.00000000 -1.00000000
vn 0.00000000 0.00000000 1.00000000
vn 0.00000000 0.00000000 -1.00000000
vn 0.00000000 -0.44721359 0.89442718
vn 0.00000000 0.00000000 -1.00000000
vn 0.00000000 -0.44721359 0.89442718
vn 0.00000000 0.00000000 -1.00000000
vn 0.00000000 0.00000000 1.00000000
vn 0.00000000 0.00000000 -1.00000000
vn 0.00000000 0.00000000 1.00000000
vn 0.44721359 0.00000000 -0.89442718
vn 0.00000000 0.00000000 1.00000000
vn 0.00000000 0.00000000 -1.00000000
vn 0.00000000 0.00000000 1.00000000
vn 0.00000000 0.00000000 -1.00000000
vn 0.00000000 0.00000000 1.00000000
vn 0.00000000 0.00000000 -1.00000000
vn 0.00000000 0.00000000 1.00000000
vn 0.00000000 0.00000000 -1.00000000
vn 0.00000000 0.00000000 1.00000000
vn 0.00000000 0.00000000 -1.00000000
vn 0.00000000 0.00000000 1.00000000
vn 0.00000000 0.00000000 -1.00000000
vn 0.00000000 0.00000000 1.00000000
vn 0.00000000 0.00000000 -1.00000000
vn 0.00000000 0.00000000 1.00000000
vn 0.00000000 0.00000000 -1.00000000
vn 0.00000000 0.00000000 1.00000000
vn 0.00000000 0.00000000 -1.00000000
vn 0.31622776 0.00000000 0.94868332
vn 0.00000000 0.00000000 -1.00000000
vn 0.00000000 0.00000000 1.00000000
vn 0.00000000 0.00000000 -1.00000000
vn 0.00000000 0.00000000 1.00000000
vn 0.44721359 0.00000000 -0.89442718
vn 0.70710677 0.00000000 0.70710677
vn 0.00000000 1.00000000 -0.00000000
vn 0.16439898 0.98639393 0.00000000
vn 0.85749292 0.51449573 -0.00000000
vn 0.89442718 0.44721359 0.00000000
vn 0.89442718 0.44721359 0.00000000
vn 0.70710677 0.70710677 0.00000000
vn 0.24253562 0.97014248 0.00000000
vn 0.00000000 1.00000000 0.00000000
vn 0.83205032 -0.55470020 -0.00000000
vn 0.74535596 -0.59628481 -0.29814240
vn 0.00000000 -1.00000000 -0.00000000
vn 0.00000000 -1.00000000 0.00000000
vn 0.37139067 -0.74278134 0.55708599
vn 0.55708599 -0.74278134 -0.37139067
vn 0.00000000 -1.00000000 0.00000000
vn 0.17407766 -0.69631064 0.69631064
vn 0.12309149 -0.49236596 -0.86164045
vn 0.15617377 -0.31234753 0.93704259
vn 0.80000001 0.00000000 -0.60000002
vn 0.48507124 -0.48507124 0.72760689
vn 0.63960212 -0.63960212 -0.42640144
vn 0.00000000 -0.70710677 0.70710677
vn 0.11111111 -0.44444445 -0.88888890
vn 0.00000000 -0.44721359 0.89442718
vn 0.00000000 0.00000000 -1.00000000
vn 0.00000000 -0.44721359 0.89442718
vn 0.00000000 0.00000000 -1.00000000
vn 0.00000000 -0.70710677 0.70710677
vn 0.00000000 0.00000000 -1.00000000
vn 0.00000000 -0.44721359 0.89442718
vn 0.00000000 0.00000000 -1.00000000
vn 0.00000000 -0.44721359 0.89442718
vn 0.00000000 0.00000000 -1.00000000
vn 0.00000000 -0.44721359 0.89442718
vn 0.00000000 0.00000000 -1.00000000
vn 0.00000000 -0.44721359 0.89442718
vn 0.00000000 0.00000000 -1.00000000
vn 0.00000000 -0.44721359 0.89442718
vn 0.00000000 0.00000000 -1.00000000
vn 0.00000000 0.00000000 1.00000000
vn 0.00000000 0.00000000 -1.00000000
vn 0.00000000 0.00000000 1.00000000
vn 0.00000000 0.00000000 -1.00000000
vn 0.00000000 -0.44721359 0.89442718
vn 0.00000000 0.00000000 -1.00000000
vn 0.00000000 -0.44721359 0.89442718
vn 0.00000000 0.00000000 -1.00000000
vn 0.00000000 0.00000000 1.00000000
vn 0.39391929 0.00000000 -0.91914505
vn 0.00000000 0.00000000 1.00000000
vn 0.00000000 0.00000000 -1.00000000
vn 0.00000000 0.00000000 1.00000000
vn 0.00000000 0.00000000 -1.00000000
vn 0.00000000 0.00000000 1.00000000
vn 0.00000000 0.00000000 -1.00000000
vn 0.00000000 0.00000000 1.00000000
vn 0.00000000 0.00000000 -1.00000000
vn 0.00000000 0.00000000 1.00000000
vn 0.00000000 0.00000000 -1.00000000
vn 0.00000000 0.00000000 1.00000000
vn 0.00000000 0.00000000 -1.00000000
vn 0.00000000 0.00000000 1.00000000
vn 0.00000000 0.00000000 -1.00000000
vn 0.00000000 0.00000000 1.00000000
vn 0.00000000 0.00000000 -1.00000000
vn 0.00000000 0.00000000 1.00000000
vn 0.00000000 0.00000000 -1.00000000
vn 0.00000000 0.00000000 1.00000000
vn 0.00000000 0.00000000 -1.00000000
vn 0.70710677 0.00000000 0.70710677
vn 0.00000000 0.00000000 -1.00000000
vn 0.00000000 0.00000000 1.00000000
vn 0.44721359 0.00000000 -0.89442718
vn 0.60000002 0.00000000 0.80000001
vn 0.31622776 0.94868332 -0.00000000
vn 0.68824720 0.22941573 -0.68824720
vn 0.57735026 0.57735026 0.57735026
vn 0.24253562 0.97014248 0.00000000
vn 0.00000000 1.00000000 -0.00000000
vn 0.00000000 1.00000000 0.00000000
vn 0.00000000 1.00000000 0.00000000
vn 0.00000000 1.00000000 0.00000000
vn 0.00000000 1.00000000 0.00000000
vn 0.00000000 1.00000000 0.00000000
vn 0.80000001 -0.60000002 -0.00000000
vn 0.85749292 -0.51449573 0.00000000
vn 0.48507124 -0.72760689 -0.48507124
vn 0.00000000 -1.00000000 -0.00000000
vn 0.00000000 -1.00000000 0.00000000
vn 0.45749572 -0.76249284 0.45749572
vn 0.55708599 -0.74278134 -0.37139067
vn 0.37139067 -0.74278134 0.55708599
vn 0.11111111 -0.44444445 -0.88888890
vn 0.00000000 -0.70710677 0.70710677
vn 0.00000000 0.00000000 -1.00000000
vn 0.00000000 -0.70710677 0.70710677
vn 0.63960212 -0.63960212 -0.42640144
vn 0.00000000 -0.44721359 0.89442718
vn 0.11111111 -0.44444445 -0.88888890
vn 0.00000000 -0.44721359 0.89442718
vn 0.00000000 0.00000000 -1.00000000
vn 0.00000000 -0.70710677 0.70710677
vn 0.00000000 0.00000000 -1.00000000
vn 0.00000000 -0.44721359 0.89442718
vn 0.00000000 0.00000000 -1.00000000
vn 0.00000000 -0.44721359 0.89442718
vn 0.00000000 0.00000000 -1.00000000
vn 0.00000000 -0.44721359 0.89442718
vn 0.00000000 0.00000000 -1.00000000
vn 0.00000000 -0.44721359 0.89442718
vn 0.00000000 0.00000000 -1.00000000
vn 0.00000000 -0.44721359 0.89442718
vn 0.00000000 0.00000000 -1.00000000
vn 0.00000000 0.00000000 1.00000000
vn 0.00000000 0.00000000 -1.00000000
vn 0.00000000 0.00000000 1.00000000
vn 0.00000000 0.00000000 -1.00000000
vn 0.00000000 -0.44721359 0.89442718
vn 0.00000000 0.00000000 -1.00000000
vn 0.00000000 -0.44721359 0.89442718
vn 0.00000000 0.00000000 -1.00000000
vn 0.00000000 0.00000000 1.00000000
vn 0.00000000 0.00000000 -1.00000000
vn 0.00000000 0.00000000 1.00000000
vn 0.00000000 0.00000000 -1.00000000
vn 0.00000000 0.00000000 1.00000000
vn 0.00000000 0.00000000 -1.00000000
vn 0.00000000 0.00000000 1.00000000
vn 0.00000000 0.00000000 -1.00000000
vn 0.00000000 0.00000000 1.00000000
vn 0.00000000 0.00000000 -1.00000000
vn 0.00000000 0.00000000 1.00000000
vn 0.00000000 0.00000000 -1.00000000
vn 0.00000000 0.00000000 1.00000000
vn 0.00000000 0.00000000 -1.00000000
vn 0.00000000 0.00000000 1.00000000
vn 0.44721359 0.00000000 -0.89442718
vn 0.31622776 0.00000000 0.94868332
vn 0.00000000 0.00000000 -1.00000000
vn 0.00000000 0.00000000 1.00000000
vn 0.00000000 0.00000000 -1.00000000
vn 0.00000000 0.00000000 1.00000000
vn 0.00000000 0.00000000 -1.00000000
vn 0.00000000 0.00000000 1.00000000
vn 0.00000000 0.00000000 -1.00000000
vn 0.31622776 0.00000000 0.94868332
vn 0.00000000 0.00000000 -1.00000000
vn 0.57735026 0.57735026 0.57735026
vn 0.24253562 0.97014248 0.00000000
vn 0.31622776 0.94868332 -0.00000000
vn 0.68824720 0.22941573 -0.68824720
vn 0.57735026 0.57735026 0.57735026
vn 0.44721359 0.89442718 0.00000000
vn 0.00000000 1.00000000 -0.00000000
vn 0.00000000 1.00000000 0.00000000
vn 0.00000000 1.00000000 0.00000000
vn 0.00000000 1.00000000 0.00000000
vn 0.80000001 -0.60000002 -0.00000000
vn 0.89442718 -0.44721359 0.00000000
vn 0.89442718 -0.44721359 0.00000000
vn 0.85749292 -0.51449573 0.00000000
vn 0.14744195 -0.44232586 -0.88465172
vn 0.00000000 -1.00000000 -0.00000000
vn 0.00000000 -1.00000000 0.00000000
vn 0.14002801 -0.70014006 0.70014006
vn 0.63960212 -0.63960212 -0.42640144
vn 0.00000000 -0.70710677 0.70710677
vn 0.00000000 -0.49613893 -0.86824316
vn 0.00000000 -0.70710677 0.70710677
vn 0.00000000 0.00000000 -1.00000000
vn 0.00000000 -0.44721359 0.89442718
vn 0.63960212 -0.63960212 -0.42640144
vn 0.00000000 -0.44721359 0.89442718
vn 0.11111111 -0.44444445 -0.88888890
vn 0.00000000 -0.70710677 0.70710677
vn 0.00000000 0.00000000 -1.00000000
vn 0.00000000 -0.44721359 0.89442718
vn 0.00000000 0.00000000 -1.00000000
vn 0.00000000 -0.44721359 0.89442718
vn 0.00000000 0.00000000 -1.00000000
vn 0.00000000 -0.44721359 0.89442718
vn 0.00000000 0.00000000 -1.00000000
vn 0.00000000 -0.44721359 0.89442718
vn 0.00000000 0.00000000 -1.00000000
vn 0.00000000 -0.44721359 0.89442718
vn 0.00000000 0.00000000 -1.00000000
vn 0.00000000 0.00000000 1.00000000
vn 0.00000000 0.00000000 -1.00000000
vn 0.00000000 0.00000000 1.00000000
vn 0.00000000 0.00000000 -1.00000000
vn 0.00000000 -0.44721359 0.89442718
vn 0.39391929 0.00000000 -0.91914505
vn 0.00000000 -0.44721359 0.89442718
vn 0.37139067 0.00000000 -0.92847669
vn 0.00000000 0.00000000 1.00000000
vn 0.00000000 0.00000000 -1.00000000
vn 0.00000000 0.00000000 1.00000000
vn 0.00000000 0.00000000 -1.00000000
vn 0.00000000 0.00000000 1.00000000
vn 0.00000000 0.00000000 -1.00000000
vn 0.00000000 0.00000000 1.00000000
vn 0.00000000 0.00000000 -1.00000000
vn 0.00000000 0.00000000 1.00000000
vn 0.00000000 0.00000000 -1.00000000
vn 0.00000000 0.00000000 1.00000000
vn 0.00000000 0.00000000 -1.00000000
vn 0.00000000 0.00000000 1.00000000
vn 0.39391929 0.00000000 -0.91914505
vn 0.00000000 0.00000000 1.00000000
vn 0.00000000 0.00000000 -1.00000000
vn 0.70710677 0.00000000 0.70710677
vn 0.00000000 0.00000000 -1.00000000
vn 0.00000000 0.00000000 1.00000000
vn 0.00000000 0.00000000 -1.00000000
vn 0.31622776 0.00000000 0.94868332
vn 0.44721359 0.00000000 -0.89442718
vn 0.00000000 0.00000000 1.00000000
vn 0.00000000 0.00000000 -1.00000000
vn 0.70710677 0.00000000 0.70710677
vn 0.00000000 0.00000000 -1.00000000
vn 0.60000002 0.00000000 0.80000001
vn 0.00000000 1.00000000 -0.00000000
vn 0.16439898 0.98639393 0.00000000
vn 0.85749292 0.51449573 -0.00000000
vn 0.89442718 0.44721359 0.00000000
vn 0.89442718 0.44721359 0.00000000
vn 0.70710677 0.70710677 0.00000000
vn 0.24253562 0.97014248 0.00000000
vn 0.00000000 1.00000000 0.00000000
vn 0.55708599 -0.74278134 -0.37139067
vn 0.00000000 -1.00000000 -0.00000000
vn 0.00000000 -1.00000000 0.00000000
vn 0.00000000 -1.00000000 0.00000000
vn 0.00000000 -1.00000000 0.00000000
vn 0.37139067 -0.74278134 0.55708599
vn 0.07832605 -0.70493442 -0.70493442
vn 0.00000000 -1.00000000 0.00000000
vn 0.14002801 -0.70014006 0.70014006
vn 0.13018891 -0.39056674 -0.91132236
vn 0.00000000 -0.70710677 0.70710677
vn 0.00000000 0.00000000 -1.00000000
vn 0.00000000 -0.44721359 0.89442718
vn 0.00000000 0.00000000 -1.00000000
vn 0.00000000 -0.44721359 0.89442718
vn 0.63960212 -0.63960212 -0.42640144
vn 0.00000000 -0.70710677 0.70710677
vn 0.11111111 -0.44444445 -0.88888890
vn 0.00000000 -0.44721359 0.89442718
vn 0.00000000 0.00000000 -1.00000000
vn 0.00000000 -0.44721359 0.89442718
vn 0.00000000 0.00000000 -1.00000000
vn 0.00000000 -0.44721359 0.89442718
vn 0.00000000 0.00000000 -1.00000000
vn 0.00000000 -0.44721359 0.89442718
vn 0.00000000 0.00000000 -1.00000000
vn 0.00000000 -0.44721359 0.89442718
vn 0.39391929 0.00000000 -0.91914505
vn 0.00000000 0.00000000 1.00000000
vn 0.31622776 0.00000000 -0.94868332
vn 0.00000000 0.00000000 1.00000000
vn 0.31622776 0.00000000 -0.94868332
vn -0.15617377 -0.31234753 0.93704259
vn 0.00000000 0.00000000 -1.00000000
vn 0.00000000 -0.49613893 0.86824316
vn 0.70710677 0.00000000 -0.70710677
vn 0.00000000 0.00000000 1.00000000
vn 0.00000000 0.00000000 -1.00000000
vn 0.00000000 0.00000000 1.00000000
vn 0.00000000 0.00000000 -1.00000000
vn 0.00000000 0.00000000 1.00000000
vn 0.00000000 0.00000000 -1.00000000
vn 0.00000000 0.00000000 1.00000000
vn 0.00000000 0.00000000 -1.00000000
vn 0.00000000 0.00000000 1.00000000
vn 0.00000000 0.00000000 -1.00000000
vn 0.00000000 0.00000000 1.00000000
vn 0.00000000 0.00000000 -1.00000000
vn 0.00000000 0.00000000 1.00000000
vn 0.00000000 0.00000000 -1.00000000
vn 0.00000000 0.00000000 1.00000000
vn 0.00000000 0.00000000 -1.00000000
vn 0.00000000 0.00000000 1.00000000
vn 0.00000000 0.00000000 -1.00000000
vn 0.00000000 0.00000000 1.00000000
vn 0.00000000 0.00000000 -1.00000000
vn 0.70710677 0.00000000 0.70710677
vn 0.00000000 0.00000000 -1.00000000
vn 0.00000000 0.00000000 1.00000000
vn 0.00000000 0.00000000 -1.00000000
vn 0.60000002 0.00000000 0.80000001
vn 0.44721359 0.00000000 -0.89442718
vn 0.57735026 0.57735026 0.57735026
vn 0.24253562 0.97014248 0.00000000
vn 0.00000000 1.00000000 -0.00000000
vn 0.00000000 1.00000000 0.00000000
vn 0.00000000 1.00000000 0.00000000
vn 0.00000000 1.00000000 0.00000000
vn 0.00000000 1.00000000 0.00000000
vn 0.00000000 1.00000000 0.00000000
vn 0.00000000 1.00000000 0.00000000
vn 0.83205032 -0.55470020 -0.00000000
vn 0.74535596 -0.59628481 -0.29814240
vn 0.00000000 -1.00000000 0.00000000
vn 0.37139067 -0.74278134 0.55708599
vn 0.48507124 -0.72760689 -0.48507124
vn 0.00000000 -1.00000000 0.00000000
vn 0.37139067 -0.74278134 0.55708599
vn 0.55708599 -0.74278134 -0.37139067
vn 0.00000000 -1.00000000 0.00000000
vn 0.14002801 -0.70014006 0.70014006
vn 0.11111111 -0.44444445 -0.88888890
vn 0.00000000 -0.44721359 0.89442718
vn 0.00000000 0.00000000 -1.00000000
vn 0.00000000 -0.44721359 0.89442718
vn 0.00000000 0.00000000 -1.00000000
vn 0.00000000 -0.70710677 0.70710677
vn 0.63960212 -0.63960212 -0.42640144
vn 0.00000000 -0.44721359 0.89442718
vn 0.11111111 -0.44444445 -0.88888890
vn 0.00000000 -0.44721359 0.89442718
vn 0.00000000 0.00000000 -1.00000000
vn 0.00000000 -0.44721359 0.89442718
vn 0.00000000 0.00000000 -1.00000000
vn 0.00000000 -0.44721359 0.89442718
vn 0.39391929 0.00000000 -0.91914505
vn 0.00000000 -0.44721359 0.89442718
vn 0.00000000 0.00000000 -1.00000000
vn 0.00000000 0.00000000 1.00000000
vn 0.80000001 0.00000000 -0.60000002
vn 0.00000000 -0.49613893 0.86824316
vn 0.70710677 0.00000000 -0.70710677
vn -0.14744195 -0.44232586 0.88465172
vn 0.00000000 0.00000000 -1.00000000
vn 0.00000000 0.00000000 1.00000000
vn 0.00000000 0.00000000 -1.00000000
vn 0.00000000 0.00000000 1.00000000
vn 0.00000000 0.00000000 -1.00000000
vn 0.00000000 0.00000000 1.00000000
vn 0.00000000 0.00000000 -1.00000000
vn 0.00000000 0.00000000 1.00000000
vn 0.00000000 0.00000000 -1.00000000
vn 0.00000000 0.00000000 1.00000000
vn 0.00000000 0.00000000 -1.00000000
vn 0.00000000 0.00000000 1.00000000
vn 0.00000000 0.00000000 -1.00000000
vn 0.00000000 0.00000000 1.00000000
vn 0.00000000 0.00000000 -1.00000000
vn 0.00000000 0.00000000 1.00000000
vn 0.00000000 0.00000000 -1.00000000
vn 0.00000000 0.00000000 1.00000000
vn 0.00000000 0.00000000 -1.00000000
vn 0.00000000 0.00000000 1.00000000
vn 0.00000000 0.00000000 -1.00000000
vn 0.00000000 0.00000000 1.00000000
vn 0.00000000 0.00000000 -1.00000000
vn 0.00000000 0.00000000 1.00000000
vn 0.00000000 0.00000000 -1.00000000
vn 0.31622776 0.00000000 0.94868332
vn 0.44721359 0.00000000 -0.89442718
vn 0.57735026 0.57735026 0.57735026
vn 0.24253562 0.97014248 0.00000000
vn 0.31622776 0.94868332 -0.00000000
vn 0.68824720 0.22941573 -0.68824720
vn 0.57735026 0.57735026 0.57735026
vn 0.44721359 0.89442718 0.00000000
vn 0.00000000 1.00000000 -0.00000000
vn 0.00000000 1.00000000 0.00000000
vn 0.00000000 1.00000000 0.00000000
vn 0.00000000 1.00000000 0.00000000
vn 0.00000000 1.00000000 0.00000000
vn 0.70710677 -0.70710677 -0.00000000
vn 0.08804509 -0.70436072 -0.70436072
vn 0.00000000 -1.00000000 -0.00000000
vn 0.00000000 -1.00000000 0.00000000
vn 0.00000000 -1.00000000 0.00000000
vn 0.00000000 -1.00000000 0.00000000
vn 0.14002801 -0.70014006 0.70014006
vn 0.14744195 -0.44232586 -0.88465172
vn 0.37139067 -0.74278134 0.55708599
vn 0.63960212 -0.63960212 -0.42640144
vn 0.00000000 -1.00000000 0.00000000
vn 0.00000000 -0.44721359 0.89442718
vn 0.11111111 -0.44444445 -0.88888890
vn 0.00000000 -0.44721359 0.89442718
vn 0.00000000 0.00000000 -1.00000000
vn 0.00000000 -0.70710677 0.70710677
vn 0.00000000 0.00000000 -1.00000000
vn 0.00000000 -0.44721359 0.89442718
vn 0.63960212 -0.63960212 -0.42640144
vn 0.00000000 -0.44721359 0.89442718
vn 0.12309149 -0.49236596 -0.86164045
vn 0.00000000 -0.44721359 0.89442718
vn 0.31622776 0.00000000 -0.94868332
vn 0.00000000 -0.44721359 0.89442718
vn 0.00000000 0.00000000 -1.00000000
vn 0.00000000 -0.44721359 0.89442718
vn 0.00000000 0.00000000 -1.00000000
vn 0.00000000 0.00000000 1.00000000
vn 0.00000000 0.00000000 -1.00000000
vn 0.00000000 -0.44721359 0.89442718
vn 0.00000000 0.00000000 -1.00000000
vn 0.00000000 -0.44721359 0.89442718
vn 0.00000000 0.00000000 -1.00000000
vn 0.00000000 0.00000000 1.00000000
vn 0.00000000 0.00000000 -1.00000000
vn 0.00000000 0.00000000 1.00000000
vn 0.00000000 0.00000000 -1.00000000
vn 0.00000000 0.00000000 1.00000000
vn 0.00000000 0.00000000 -1.00000000
vn 0.00000000 0.00000000 1.00000000
vn 0.00000000 0.00000000 -1.00000000
vn 0.00000000 0.00000000 1.00000000
vn 0.00000000 0.00000000 -1.00000000
vn 0.00000000 0.00000000 1.00000000
vn 0.00000000 0.00000000 -1.00000000
vn 0.00000000 0.00000000 1.00000000
vn 0.00000000 0.00000000 -1.00000000
vn 0.00000000 0.00000000 1.00000000
vn -0.27472112 0.00000000 -0.96152395
vn 0.31622776 0.00000000 0.94868332
vn -0.00000000 0.00000000 -1.00000000
vn 0.00000000 0.00000000 1.00000000
vn 0.00000000 0.00000000 -1.00000000
vn 0.00000000 0.00000000 1.00000000
vn 0.00000000 0.00000000 -1.00000000
vn 0.00000000 0.00000000 1.00000000
vn 0.00000000 0.00000000 -1.00000000
vn 0.70710677 0.00000000 0.70710677
vn 0.00000000 0.00000000 -1.00000000
vn 0.00000000 0.00000000 1.00000000
vn 0.31622776 0.94868332 -0.00000000
vn 0.68824720 0.22941573 -0.68824720
vn 0.57735026 0.57735026 0.57735026
vn 0.19611613 0.98058069 0.00000000
vn 0.00000000 1.00000000 0.00000000
vn 0.00000000 1.00000000 -0.00000000
vn 0.00000000 1.00000000 0.00000000
vn 0.00000000 1.00000000 0.00000000
vn 0.48507124 -0.72760689 -0.48507124
vn 0.00000000 -1.00000000 -0.00000000
vn 0.00000000 -1.00000000 0.00000000
vn 0.00000000 -1.00000000 0.00000000
vn 0.37139067 -0.74278134 0.55708599
vn 0.55708599 -0.74278134 -0.37139067
vn 0.00000000 -1.00000000 0.00000000
vn 0.00000000 -0.70710677 0.70710677
vn 0.00000000 -0.55470020 -0.83205032
vn 0.00000000 -1.00000000 0.00000000
vn 0.00000000 -0.44721359 0.89442718
vn 0.63960212 -0.63960212 -0.42640144
vn 0.00000000 -0.44721359 0.89442718
vn 0.00000000 -0.49613893 -0.86824316
vn 0.00000000 -0.70710677 0.70710677
vn 0.00000000 0.00000000 -1.00000000
vn 0.00000000 -0.44721359 0.89442718
vn 0.00000000 0.00000000 -1.00000000
vn 0.00000000 -0.44721359 0.89442718
vn 0.80000001 0.00000000 -0.60000002
vn 0.00000000 -0.44721359 0.89442718
vn 0.70710677 0.00000000 -0.70710677
vn 0.00000000 -0.44721359 0.89442718
vn 0.00000000 0.00000000 -1.00000000
vn 0.00000000 -0.44721359 0.89442718
vn 0.00000000 0.00000000 -1.00000000
vn 0.00000000 0.00000000 1.00000000
vn 0.00000000 0.00000000 -1.00000000
vn 0.00000000 -0.44721359 0.89442718
vn 0.00000000 0.00000000 -1.00000000
vn 0.00000000 -0.44721359 0.89442718
vn 0.00000000 0.00000000 -1.00000000
vn 0.00000000 0.00000000 1.00000000
vn 0.00000000 0.00000000 -1.00000000
vn 0.00000000 0.00000000 1.00000000
vn 0.00000000 0.00000000 -1.00000000
vn 0.00000000 0.00000000 1.00000000
vn 0.00000000 0.00000000 -1.00000000
vn 0.00000000 0.00000000 1.00000000
vn 0.00000000 0.00000000 -1.00000000
vn 0.00000000 0.00000000 1.00000000
vn 0.00000000 0.00000000 -1.00000000
vn 0.00000000 0.00000000 1.00000000
vn 0.00000000 0.00000000 -1.00000000
vn 0.00000000 0.00000000 1.00000000
vn 0.00000000 0.00000000 -1.00000000
vn 0.00000000 0.00000000 1.00000000
vn 0.44721359 0.00000000 -0.89442718
vn 0.70710677 0.00000000 0.70710677
vn 0.00000000 0.00000000 -1.00000000
vn 0.00000000 0.00000000 1.00000000
vn 0.00000000 0.00000000 -1.00000000
vn 0.31622776 0.00000000 0.94868332
vn 0.00000000 0.00000000 -1.00000000
vn 0.00000000 0.00000000 1.00000000
vn 0.00000000 0.00000000 -1.00000000
vn 0.00000000 0.00000000 1.00000000
vn 0.00000000 0.00000000 -1.00000000
vn 0.60000002 0.00000000 0.80000001
vn 0.00000000 1.00000000 -0.00000000
vn 0.16439898 0.98639393 0.00000000
vn 0.85749292 0.51449573 -0.00000000
vn 0.89442718 0.44721359 0.00000000
vn 0.70710677 0.70710677 0.00000000
vn 0.19611613 0.98058069 0.00000000
vn 0.00000000 1.00000000 0.00000000
vn 0.00000000 1.00000000 0.00000000
vn 0.55708599 -0.74278134 -0.37139067
vn 0.00000000 -1.00000000 -0.00000000
vn 0.00000000 -1.00000000 0.00000000
vn 0.14002801 -0.70014006 0.70014006
vn 0.00000000 -0.70710677 -0.70710677
vn 0.00000000 -1.00000000 -0.00000000
vn 0.00000000 -1.00000000 0.00000000
vn 0.00000000 -0.70710677 0.70710677
vn 0.00000000 -0.44721359 -0.89442718
vn 0.00000000 -1.00000000 0.00000000
vn 0.00000000 -0.44721359 0.89442718
vn 0.00000000 -0.49613893 -0.86824316
vn -0.15617377 -0.31234753 0.93704259
vn 0.13018891 -0.39056674 -0.91132236
vn 0.00000000 -0.70710677 0.70710677
vn 0.00000000 0.00000000 -1.00000000
vn 0.00000000 -0.44721359 0.89442718
vn 0.00000000 0.00000000 -1.00000000
vn 0.00000000 -0.44721359 0.89442718
vn 0.00000000 0.00000000 -1.00000000
vn 0.00000000 -0.44721359 0.89442718
vn 0.00000000 0.00000000 -1.00000000
vn 0.00000000 -0.44721359 0.89442718
vn 0.00000000 0.00000000 -1.00000000
vn 0.00000000 -0.44721359 0.89442718
vn 0.00000000 0.00000000 -1.00000000
vn 0.00000000 0.00000000 1.00000000
vn 0.00000000 0.00000000 -1.00000000
vn 0.00000000 -0.44721359 0.89442718
vn 0.00000000 0.00000000 -1.00000000
vn 0.00000000 -0.44721359 0.89442718
vn 0.00000000 0.00000000 -1.00000000
vn 0.00000000 0.00000000 1.00000000
vn 0.00000000 0.00000000 -1.00000000
vn 0.00000000 0.00000000 1.00000000
vn 0.00000000 0.00000000 -1.00000000
vn 0.00000000 0.00000000 1.00000000
vn 0.00000000 0.00000000 -1.00000000
vn 0.00000000 0.00000000 1.00000000
vn 0.00000000 0.00000000 -1.00000000
vn 0.00000000 0.00000000 1.00000000
vn 0.00000000 0.00000000 -1.00000000
vn 0.00000000 0.00000000 1.00000000
vn 0.00000000 0.00000000 -1.00000000
vn 0.00000000 0.00000000 1.00000000
vn 0.00000000 0.00000000 -1.00000000
vn 0.00000000 0.00000000 1.00000000
vn 0.00000000 0.00000000 -1.00000000
vn 0.00000000 0.00000000 1.00000000
vn 0.00000000 0.00000000 -1.00000000
vn 0.00000000 0.00000000 1.00000000
vn 0.00000000 0.00000000 -1.00000000
vn 0.70710677 0.00000000 0.70710677
vn 0.44721359 0.00000000 -0.89442718
vn 0.31622776 0.00000000 0.94868332
vn 0.00000000 0.00000000 -1.00000000
vn 0.44721359 0.00000000 0.89442718
vn 0.44721359 0.00000000 -0.89442718
vn 0.57735026 0.57735026 0.57735026
vn 0.24253562 0.97014248 0.00000000
vn 0.00000000 1.00000000 -0.00000000
vn 0.00000000 1.00000000 0.00000000
vn 0.00000000 1.00000000 0.00000000
vn 0.00000000 1.00000000 0.00000000
vn 0.00000000 1.00000000 0.00000000
vn 0.00000000 1.00000000 0.00000000
vn 0.00000000 1.00000000 0.00000000
vn 0.80000001 -0.60000002 -0.00000000
vn 0.85749292 -0.51449573 0.00000000
vn 0.08804509 -0.70436072 -0.70436072
vn 0.00000000 -1.00000000 -0.00000000
vn 0.00000000 -1.00000000 0.00000000
vn 0.00000000 -1.00000000 0.00000000
vn 0.00000000 -1.00000000 0.00000000
vn 0.00000000 -0.70710677 0.70710677
vn 0.13018891 -0.39056674 -0.91132236
vn 0.00000000 -1.00000000 0.00000000
vn 0.00000000 -0.70710677 0.70710677
vn 0.00000000 0.00000000 -1.00000000
vn -0.14744195 -0.44232586 0.88465172
vn 0.63960212 -0.63960212 -0.42640144
vn 0.00000000 -0.44721359 0.89442718
vn 0.00000000 -0.49613893 -0.86824316
vn 0.00000000 -0.44721359 0.89442718
vn 0.00000000 0.00000000 -1.00000000
vn -0.15617377 -0.31234753 0.93704259
vn 0.00000000 0.00000000 -1.00000000
vn 0.00000000 -0.49613893 0.86824316
vn 0.00000000 0.00000000 -1.00000000
vn 0.00000000 -0.44721359 0.89442718
vn 0.00000000 0.00000000 -1.00000000
vn 0.00000000 -0.44721359 0.89442718
vn 0.00000000 0.00000000 -1.00000000
vn 0.00000000 0.00000000 1.00000000
vn 0.00000000 0.00000000 -1.00000000
vn 0.00000000 -0.44721359 0.89442718
vn 0.00000000 0.00000000 -1.00000000
vn 0.00000000 -0.44721359 0.89442718
vn 0.00000000 0.00000000 -1.00000000
vn 0.00000000 0.00000000 1.00000000
vn 0.00000000 0.00000000 -1.00000000
vn 0.00000000 0.00000000 1.00000000
vn 0.00000000 0.00000000 -1.00000000
vn 0.00000000 0.00000000 1.00000000
vn 0.00000000 0.00000000 -1.00000000
vn 0.00000000 0.00000000 1.00000000
vn 0.00000000 0.00000000 -1.00000000
vn 0.00000000 0.00000000 1.00000000
vn 0.00000000 0.00000000 -1.00000000
vn 0.00000000 0.00000000 1.00000000
vn 0.00000000 0.00000000 -1.00000000
vn 0.00000000 0.00000000 1.00000000
vn 0.00000000 0.00000000 -1.00000000
vn 0.00000000 0.00000000 1.00000000
vn 0.00000000 0.00000000 -1.00000000
vn 0.00000000 0.00000000 1.00000000
vn 0.00000000 0.00000000 -1.00000000
vn 0.00000000 0.00000000 1.00000000
vn 0.00000000 0.00000000 -1.00000000
vn 0.00000000 0.00000000 1.00000000
vn 0.00000000 0.00000000 -1.00000000
vn 0.70710677 0.00000000 0.70710677
vn 0.44721359 0.00000000 -0.89442718
vn 0.70710677 0.00000000 0.70710677
vn 0.31622776 0.94868332 -0.00000000
vn 0.68824720 0.22941573 -0.68824720
vn 0.57735026 0.57735026 0.57735026
vn 0.44721359 0.89442718 0.00000000
vn 0.00000000 1.00000000 -0.00000000
vn 0.00000000 1.00000000 0.00000000
vn 0.00000000 1.00000000 0.00000000
vn 0.00000000 1.00000000 0.00000000
vn 0.00000000 1.00000000 0.00000000
vn 0.48507124 -0.72760689 -0.48507124
vn 0.00000000 -1.00000000 -0.00000000
vn 0.00000000 -1.00000000 0.00000000
vn 0.00000000 -1.00000000 0.00000000
vn 0.00000000 -1.00000000 0.00000000
vn 0.00000000 -1.00000000 0.00000000
vn 0.00000000 -0.70710677 0.70710677
vn 0.55708599 -0.74278134 -0.37139067
vn 0.00000000 -1.00000000 0.00000000
vn 0.00000000 -0.70710677 0.70710677
vn 0.00000000 -0.49613893 -0.86824316
vn 0.00000000 -0.44721359 0.89442718
vn 0.00000000 -0.44721359 -0.89442718
vn 0.00000000 -0.44721359 0.89442718
vn 0.00000000 -0.44721359 -0.89442718
vn 0.00000000 -0.70710677 0.70710677
vn 0.00000000 0.00000000 -1.00000000
vn -0.14744195 -0.44232586 0.88465172
vn 0.00000000 0.00000000 -1.00000000
vn 0.00000000 0.00000000 1.00000000
vn 0.00000000 0.00000000 -1.00000000
vn -0.15617377 -0.31234753 0.93704259
vn 0.00000000 0.00000000 -1.00000000
vn 0.00000000 -0.49613893 0.86824316
vn 0.00000000 0.00000000 -1.00000000
vn 0.00000000 0.00000000 1.00000000
vn 0.00000000 0.00000000 -1.00000000
vn 0.00000000 -0.44721359 0.89442718
vn 0.00000000 0.00000000 -1.00000000
vn 0.00000000 -0.44721359 0.89442718
vn 0.00000000 0.00000000 -1.00000000
vn 0.00000000 0.00000000 1.00000000
vn 0.00000000 0.00000000 -1.00000000
vn 0.00000000 0.00000000 1.00000000
vn 0.00000000 0.00000000 -1.00000000
vn 0.00000000 0.00000000 1.00000000
vn 0.00000000 0.00000000 -1.00000000
vn 0.00000000 0.00000000 1.00000000
vn 0.00000000 0.00000000 -1.00000000
vn 0.00000000 0.00000000 1.00000000
vn 0.00000000 0.00000000 -1.00000000
vn 0.00000000 0.00000000 1.00000000
vn 0.00000000 0.00000000 -1.00000000
vn 0.00000000 0.00000000 1.00000000
vn 0.44721359 0.00000000 -0.89442718
vn 0.31622776 0.00000000 0.94868332
vn 0.00000000 0.00000000 -1.00000000
vn 0.00000000 0.00000000 1.00000000
vn 0.00000000 0.00000000 -1.00000000
vn 0.31622776 0.00000000 0.94868332
vn 0.00000000 0.00000000 -1.00000000
vn 0.00000000 0.00000000 1.00000000
vn 0.00000000 0.00000000 -1.00000000
vn 0.00000000 0.00000000 1.00000000
vn 0.00000000 0.00000000 -1.00000000
vn 0.60000002 0.00000000 0.80000001
vn 0.44721359 0.00000000 -0.89442718
vn 0.55708599 0.37139067 0.74278134
vn 0.00000000 1.00000000 0.00000000
vn 0.00000000 1.00000000 -0.00000000
vn 0.00000000 1.00000000 0.00000000
vn 0.00000000 1.00000000 0.00000000
vn 0.00000000 1.00000000 0.00000000
vn 0.00000000 1.00000000 0.00000000
vn 0.11704115 -0.70224690 -0.70224690
vn 0.00000000 -1.00000000 -0.00000000
vn 0.00000000 -1.00000000 0.00000000
vn 0.00000000 -1.00000000 0.00000000
vn 0.00000000 -1.00000000 0.00000000
vn 0.00000000 -1.00000000 0.00000000
vn 0.00000000 -0.70710677 0.70710677
vn 0.00000000 -0.70710677 -0.70710677
vn 0.00000000 -1.00000000 0.00000000
vn 0.00000000 -0.70710677 0.70710677
vn 0.00000000 -0.44721359 -0.89442718
vn 0.00000000 -0.44721359 0.89442718
vn 0.00000000 -0.49613893 -0.86824316
vn -0.15617377 -0.31234753 0.93704259
vn 0.13018891 -0.39056674 -0.91132236
vn 0.00000000 -0.70710677 0.70710677
vn 0.00000000 0.00000000 -1.00000000
vn 0.00000000 -0.44721359 0.89442718
vn 0.00000000 0.00000000 -1.00000000
vn 0.00000000 -0.49613893 0.86824316
vn 0.00000000 0.00000000 -1.00000000
vn -0.14744195 -0.44232586 0.88465172
vn 0.00000000 0.00000000 -1.00000000
vn 0.00000000 0.00000000 1.00000000
vn 0.00000000 0.00000000 -1.00000000
vn 0.00000000 0.00000000 1.00000000
vn 0.00000000 0.00000000 -1.00000000
vn -0.15617377 -0.31234753 0.93704259
vn 0.00000000 0.00000000 -1.00000000
vn 0.00000000 -0.49613893 0.86824316
vn 0.00000000 0.00000000 -1.00000000
vn 0.00000000 0.00000000 1.00000000
vn 0.00000000 0.00000000 -1.00000000
vn 0.00000000 0.00000000 1.00000000
vn 0.00000000 0.00000000 -1.00000000
vn 0.00000000 0.00000000 1.00000000
vn 0.00000000 0.00000000 -1.00000000
vn 0.00000000 0.00000000 1.00000000
vn 0.00000000 0.00000000 -1.00000000
vn 0.00000000 0.00000000 1.00000000
vn 0.00000000 0.00000000 -1.00000000
vn 0.00000000 0.00000000 1.00000000
vn 0.00000000 0.00000000 -1.00000000
vn 0.00000000 0.00000000 1.00000000
vn 0.00000000 0.00000000 -1.00000000
vn 0.70710677 0.00000000 0.70710677
vn 0.00000000 0.00000000 -1.00000000
vn 0.00000000 0.00000000 1.00000000
vn 0.00000000 0.00000000 -1.00000000
vn 0.70710677 0.00000000 0.70710677
vn 0.00000000 0.00000000 -1.00000000
vn 0.31622776 0.00000000 0.94868332
vn 0.00000000 0.00000000 -1.00000000
vn 0.44721359 0.00000000 0.89442718
vn 0.00000000 0.00000000 -1.00000000
vn 0.57735026 0.57735026 0.57735026
vn 0.24253562 0.97014248 0.00000000
vn 0.31622776 0.94868332 -0.00000000
vn 0.85749292 0.51449573 -0.00000000
vn 0.78446454 0.19611613 -0.58834839
vn 0.57735026 0.57735026 0.57735026
vn 0.44721359 0.89442718 0.00000000
vn 0.00000000 1.00000000 -0.00000000
vn 0.00000000 1.00000000 0.00000000
vn 0.55708599 -0.74278134 -0.37139067
vn 0.00000000 -1.00000000 -0.00000000
vn 0.00000000 -1.00000000 0.00000000
vn 0.00000000 -1.00000000 0.00000000
vn 0.00000000 -1.00000000 0.00000000
vn 0.00000000 -0.70710677 0.70710677
vn 0.00000000 -0.70710677 -0.70710677
vn 0.00000000 -1.00000000 -0.00000000
vn 0.00000000 -1.00000000 0.00000000
vn 0.00000000 -0.70710677 0.70710677
vn 0.13018891 -0.39056674 -0.91132236
vn 0.00000000 -0.70710677 0.70710677
vn 0.00000000 0.00000000 -1.00000000
vn -0.14744195 -0.44232586 0.88465172
vn 0.63960212 -0.63960212 -0.42640144
vn 0.00000000 -0.44721359 0.89442718
vn 0.00000000 -0.49613893 -0.86824316
vn 0.00000000 -0.44721359 0.89442718
vn 0.00000000 0.00000000 -1.00000000
vn 0.00000000 -0.44721359 0.89442718
vn 0.00000000 0.00000000 -1.00000000
vn 0.00000000 -0.44721359 0.89442718
vn 0.00000000 0.00000000 -1.00000000
vn 0.00000000 0.00000000 1.00000000
vn 0.00000000 0.00000000 -1.00000000
vn 0.00000000 -0.49613893 0.86824316
vn 0.00000000 0.00000000 -1.00000000
vn -0.14744195 -0.44232586 0.88465172
vn 0.00000000 0.00000000 -1.00000000
vn 0.00000000 0.00000000 1.00000000
vn 0.00000000 0.00000000 -1.00000000
vn 0.00000000 0.00000000 1.00000000
vn 0.00000000 0.00000000 -1.00000000
vn 0.00000000 0.00000000 1.00000000
vn 0.00000000 0.00000000 -1.00000000
vn 0.00000000 0.00000000 1.00000000
vn 0.00000000 0.00000000 -1.00000000
vn 0.00000000 0.00000000 1.00000000
vn 0.00000000 0.00000000 -1.00000000
vn 0.00000000 0.00000000 1.00000000
vn 0.00000000 0.00000000 -1.00000000
vn 0.00000000 0.00000000 1.00000000
vn 0.00000000 0.00000000 -1.00000000
vn 0.31622776 0.00000000 0.94868332
vn 0.00000000 0.00000000 -1.00000000
vn 0.00000000 0.00000000 1.00000000
vn 0.00000000 0.00000000 -1.00000000
vn 0.31622776 0.00000000 0.94868332
vn 0.00000000 0.00000000 -1.00000000
vn 0.00000000 0.00000000 1.00000000
vn 0.44721359 0.00000000 -0.89442718
vn 0.70710677 0.00000000 0.70710677
vn 0.00000000 0.00000000 -1.00000000
vn 0.70710677 0.00000000 0.70710677
vn 0.44721359 0.00000000 -0.89442718
vn 0.60000002 0.00000000 0.80000001
vn 0.00000000 1.00000000 -0.00000000
vn 0.00000000 1.00000000 0.00000000
vn 0.16439898 0.98639393 0.00000000
vn 0.85749292 0.51449573 -0.00000000
vn 0.70710677 0.70710677 0.00000000
vn 0.24253562 0.97014248 0.00000000
vn 0.00000000 1.00000000 0.00000000
vn 0.00000000 -0.70710677 -0.70710677
vn 0.00000000 -1.00000000 -0.00000000
vn 0.00000000 -1.00000000 0.00000000
vn 0.00000000 -1.00000000 0.00000000
vn 0.00000000 -1.00000000 0.00000000
vn 0.00000000 -0.70710677 0.70710677
vn 0.00000000 -0.51449573 -0.85749292
vn 0.00000000 -1.00000000 -0.00000000
vn 0.00000000 -1.00000000 0.00000000
vn 0.00000000 -0.70710677 0.70710677
vn 0.63960212 -0.63960212 -0.42640144
vn 0.00000000 -0.70710677 0.70710677
vn 0.00000000 -0.49613893 -0.86824316
vn 0.00000000 -0.44721359 0.89442718
vn 0.00000000 -0.49613893 -0.86824316
vn 0.00000000 -0.44721359 0.89442718
vn 0.13018891 -0.39056674 -0.91132236
vn 0.00000000 -0.44721359 0.89442718
vn 0.00000000 0.00000000 -1.00000000
vn 0.00000000 -0.44721359 0.89442718
vn 0.00000000 0.00000000 -1.00000000
vn 0.00000000 -0.44721359 0.89442718
vn 0.00000000 0.00000000 -1.00000000
vn 0.00000000 0.00000000 1.00000000
vn 0.00000000 0.00000000 -1.00000000
vn 0.00000000 -0.44721359 0.89442718
vn 0.00000000 0.00000000 -1.00000000
vn 0.00000000 -0.44721359 0.89442718
vn 0.00000000 0.00000000 -1.00000000
vn 0.00000000 0.00000000 1.00000000
vn 0.00000000 0.00000000 -1.00000000
vn 0.00000000 0.00000000 1.00000000
vn 0.00000000 0.00000000 -1.00000000
vn 0.00000000 0.00000000 1.00000000
vn 0.00000000 0.00000000 -1.00000000
vn 0.00000000 0.00000000 1.00000000
vn 0.00000000 0.00000000 -1.00000000
vn 0.00000000 0.00000000 1.00000000
vn 0.00000000 0.00000000 -1.00000000
vn 0.00000000 0.00000000 1.00000000
vn 0.00000000 0.00000000 -1.00000000
vn 0.27472112 0.00000000 0.96152395
vn 0.00000000 0.00000000 -1.00000000
vn 0.70710677 0.00000000 0.70710677
vn 0.00000000 0.00000000 -1.00000000
vn 0.00000000 0.00000000 1.00000000
vn 0.00000000 0.00000000 -1.00000000
vn 0.70710677 0.00000000 0.70710677
vn 0.00000000 0.00000000 -1.00000000
vn 0.00000000 0.00000000 1.00000000
vn 0.00000000 0.00000000 -1.00000000
vn 0.00000000 0.00000000 1.00000000
vn 0.44721359 0.00000000 -0.89442718
vn 0.00000000 0.00000000 1.00000000
vn 0.31622776 0.94868332 -0.00000000
vn 0.68824720 0.22941573 -0.68824720
vn 0.57735026 0.57735026 0.57735026
vn 0.44721359 0.89442718 0.00000000
vn 0.00000000 1.00000000 -0.00000000
vn 0.00000000 1.00000000 0.00000000
vn 0.00000000 1.00000000 0.00000000
vn 0.00000000 1.00000000 0.00000000
vn 0.00000000 1.00000000 0.00000000
vn 0.11704115 -0.70224690 -0.70224690
vn 0.00000000 -1.00000000 -0.00000000
vn 0.00000000 -1.00000000 0.00000000
vn 0.00000000 -1.00000000 0.00000000
vn 0.00000000 -1.00000000 0.00000000
vn 0.00000000 -0.70710677 0.70710677
vn 0.13018891 -0.39056674 -0.91132236
vn 0.00000000 -1.00000000 -0.00000000
vn 0.00000000 -1.00000000 0.00000000
vn 0.00000000 -0.70710677 0.70710677
vn 0.00000000 -0.51449573 -0.85749292
vn 0.00000000 -0.70710677 0.70710677
vn 0.00000000 -0.44721359 -0.89442718
vn 0.00000000 -0.44721359 0.89442718
vn 0.00000000 0.00000000 -1.00000000
vn 0.00000000 -0.44721359 0.89442718
vn 0.63960212 -0.63960212 -0.42640144
vn 0.00000000 -0.44721359 0.89442718
vn 0.00000000 -0.49613893 -0.86824316
vn 0.00000000 -0.44721359 0.89442718
vn 0.00000000 0.00000000 -1.00000000
vn 0.00000000 -0.44721359 0.89442718
vn 0.00000000 0.00000000 -1.00000000
vn 0.00000000 0.00000000 1.00000000
vn 0.00000000 0.00000000 -1.00000000
vn 0.00000000 -0.49613893 0.86824316
vn 0.00000000 0.00000000 -1.00000000
vn 0.13608277 -0.27216554 0.95257932
vn 0.00000000 0.00000000 -1.00000000
vn 0.00000000 0.00000000 1.00000000
vn 0.00000000 0.00000000 -1.00000000
vn 0.00000000 0.00000000 1.00000000
vn 0.00000000 0.00000000 -1.00000000
vn 0.00000000 0.00000000 1.00000000
vn 0.00000000 0.00000000 -1.00000000
vn 0.00000000 0.00000000 1.00000000
vn 0.00000000 0.00000000 -1.00000000
vn 0.00000000 0.00000000 1.00000000
vn 0.00000000 0.00000000 -1.00000000
vn 0.00000000 0.00000000 1.00000000
vn 0.00000000 0.00000000 -1.00000000
vn 0.70710677 0.00000000 0.70710677
vn 0.00000000 0.00000000 -1.00000000
vn 0.00000000 0.00000000 1.00000000
vn 0.00000000 0.00000000 -1.00000000
vn 0.00000000 0.00000000 1.00000000
vn 0.00000000 0.00000000 -1.00000000
vn 0.00000000 0.00000000 1.00000000
vn 0.00000000 0.00000000 -1.00000000
vn 0.31622776 0.00000000 0.94868332
vn 0.00000000 0.00000000 -1.00000000
vn 0.44721359 0.00000000 0.89442718
vn 0.00000000 0.00000000 -1.00000000
vn 0.44721359 0.00000000 0.89442718
vn 0.44721359 0.00000000 -0.89442718
vn 0.57735026 0.57735026 0.57735026
vn 0.24253562 0.97014248 0.00000000
vn 0.00000000 1.00000000 0.00000000
vn 0.00000000 1.00000000 -0.00000000
vn 0.00000000 1.00000000 0.00000000
vn 0.00000000 1.00000000 0.00000000
vn 0.00000000 1.00000000 0.00000000
vn 0.55708599 -0.74278134 -0.37139067
vn 0.00000000 -1.00000000 -0.00000000
vn 0.00000000 -1.00000000 0.00000000
vn 0.00000000 -1.00000000 0.00000000
vn 0.00000000 -0.70710677 0.70710677
vn 0.55708599 -0.74278134 -0.37139067
vn 0.00000000 -1.00000000 -0.00000000
vn 0.00000000 -1.00000000 0.00000000
vn 0.00000000 -0.70710677 0.70710677
vn 0.00000000 -0.70710677 -0.70710677
vn 0.00000000 -0.70710677 0.70710677
vn 0.00000000 -0.44721359 -0.89442718
vn 0.00000000 -0.44721359 0.89442718
vn 0.00000000 0.00000000 -1.00000000
vn -0.15617377 -0.31234753 0.93704259
vn 0.00000000 -0.49613893 -0.86824316
vn 0.00000000 -0.49613893 0.86824316
vn 0.14744195 -0.44232586 -0.88465172
vn 0.00000000 -0.44721359 0.89442718
vn 0.27472112 0.00000000 -0.96152395
vn 0.00000000 -0.44721359 0.89442718
vn 0.00000000 0.00000000 -1.00000000
vn 0.00000000 0.00000000 1.00000000
vn 0.00000000 0.00000000 -1.00000000
vn 0.00000000 0.00000000 1.00000000
vn 0.00000000 0.00000000 -1.00000000
vn 0.48507124 -0.48507124 0.72760689
vn 0.00000000 0.00000000 -1.00000000
vn 0.00000000 -0.49613893 0.86824316
vn 0.00000000 0.00000000 -1.00000000
vn 0.00000000 0.00000000 1.00000000
vn 0.00000000 0.00000000 -1.00000000
vn 0.00000000 0.00000000 1.00000000
vn 0.00000000 0.00000000 -1.00000000
vn 0.00000000 0.00000000 1.00000000
vn 0.00000000 0.00000000 -1.00000000
vn 0.00000000 0.00000000 1.00000000
vn 0.00000000 0.00000000 -1.00000000
vn 0.31622776 0.00000000 0.94868332
vn 0.00000000 0.00000000 -1.00000000
vn 0.00000000 0.00000000 1.00000000
vn 0.44721359 0.00000000 -0.89442718
vn 0.00000000 0.00000000 1.00000000
vn 0.00000000 0.00000000 -1.00000000
vn 0.31622776 0.00000000 0.94868332
vn 0.00000000 0.00000000 -1.00000000
vn 0.00000000 0.00000000 1.00000000
vn 0.44721359 0.00000000 -0.89442718
vn 0.70710677 0.00000000 0.70710677
vn 0.00000000 0.00000000 -1.00000000
vn 0.70710677 0.00000000 0.70710677
vn 0.00000000 0.00000000 -1.00000000
vn 0.70710677 0.00000000 0.70710677
vn 0.31622776 0.94868332 -0.00000000
vn 0.68824720 0.22941573 -0.68824720
vn 0.57735026 0.57735026 0.57735026
vn 0.24253562 0.97014248 0.00000000
vn 0.00000000 1.00000000 0.00000000
vn 0.00000000 1.00000000 -0.00000000
vn 0.00000000 1.00000000 0.00000000
vn 0.11704115 -0.70224690 -0.70224690
vn 0.00000000 -1.00000000 -0.00000000
vn 0.00000000 -1.00000000 0.00000000
vn 0.00000000 -1.00000000 0.00000000
vn 0.14002801 -0.70014006 0.70014006
vn 0.00000000 -0.70710677 -0.70710677
vn 0.00000000 -1.00000000 -0.00000000
vn 0.00000000 -1.00000000 0.00000000
vn 0.00000000 -0.70710677 0.70710677
vn 0.00000000 -0.70710677 -0.70710677
vn 0.00000000 -0.70710677 0.70710677
vn 0.13018891 -0.39056674 -0.91132236
vn 0.00000000 -0.70710677 0.70710677
vn 0.00000000 0.00000000 -1.00000000
vn -0.14744195 -0.44232586 0.88465172
vn 0.00000000 0.00000000 -1.00000000
vn 0.00000000 0.00000000 1.00000000
vn 0.80000001 0.00000000 -0.60000002
vn 0.00000000 -0.44721359 0.89442718
vn 0.63960212 -0.63960212 -0.42640144
vn 0.00000000 -0.44721359 0.89442718
vn 0.12309149 -0.49236596 -0.86164045
vn 0.00000000 0.00000000 1.00000000
vn 0.31622776 0.00000000 -0.94868332
vn 0.00000000 0.00000000 1.00000000
vn 0.31622776 0.00000000 -0.94868332
vn 0.00000000 -0.44721359 0.89442718
vn 0.31622776 0.00000000 -0.94868332
vn 0.00000000 -0.44721359 0.89442718
vn 0.31622776 0.00000000 -0.94868332
vn 0.00000000 0.00000000 1.00000000
vn 0.27472112 0.00000000 -0.96152395
vn 0.00000000 0.00000000 1.00000000
vn 0.00000000 0.00000000 -1.00000000
vn 0.00000000 0.00000000 1.00000000
vn 0.00000000 0.00000000 -1.00000000
vn 0.27472112 0.00000000 0.96152395
vn 0.00000000 0.00000000 -1.00000000
vn 0.70710677 0.00000000 0.70710677
vn 0.00000000 0.00000000 -1.00000000
vn 0.00000000 0.00000000 1.00000000
vn 0.00000000 0.00000000 -1.00000000
vn 0.00000000 0.00000000 1.00000000
vn 0.00000000 0.00000000 -1.00000000
vn 0.70710677 0.00000000 0.70710677
vn 0.00000000 0.00000000 -1.00000000
vn 0.00000000 0.00000000 1.00000000
vn 0.00000000 0.00000000 -1.00000000
vn 0.00000000 0.00000000 1.00000000
vn 0.00000000 0.00000000 -1.00000000
vn 0.00000000 0.00000000 1.00000000
vn 0.44721359 0.00000000 -0.89442718
vn 0.57735026 0.57735026 0.57735026
vn 0.44721359 0.89442718 0.00000000
vn 0.00000000 1.00000000 -0.00000000
vn 0.16439898 0.98639393 0.00000000
vn 0.85749292 0.51449573 -0.00000000
vn 0.70710677 0.70710677 0.00000000
vn 0.19611613 0.98058069 0.00000000
vn 0.00000000 1.00000000 0.00000000
vn 0.55708599 -0.74278134 -0.37139067
vn 0.00000000 -1.00000000 0.00000000
vn 0.37139067 -0.74278134 0.55708599
vn 0.00000000 -0.70710677 -0.70710677
vn 0.00000000 -1.00000000 -0.00000000
vn 0.00000000 -1.00000000 0.00000000
vn 0.00000000 -1.00000000 0.00000000
vn 0.00000000 -1.00000000 0.00000000
vn 0.00000000 -0.70710677 0.70710677
vn 0.00000000 -0.51449573 -0.85749292
vn 0.00000000 -0.70710677 0.70710677
vn 0.63960212 -0.63960212 -0.42640144
vn 0.00000000 -0.70710677 0.70710677
vn 0.00000000 -0.49613893 -0.86824316
vn 0.00000000 -0.44721359 0.89442718
vn 0.00000000 0.00000000 -1.00000000
vn 0.00000000 0.00000000 1.00000000
vn 0.00000000 0.00000000 -1.00000000
vn 0.00000000 -0.44721359 0.89442718
vn 0.00000000 0.00000000 -1.00000000
vn 0.00000000 -0.44721359 0.89442718
vn 0.80000001 0.00000000 -0.60000002
vn 0.00000000 0.00000000 1.00000000
vn 0.80000001 0.00000000 -0.60000002
vn 0.00000000 0.00000000 1.00000000
vn 0.80000001 0.00000000 -0.60000002
vn 0.00000000 -0.49613893 0.86824316
vn 0.80000001 0.00000000 -0.60000002
vn 0.13608277 -0.27216554 0.95257932
vn 0.80000001 0.00000000 -0.60000002
vn 0.00000000 0.00000000 1.00000000
vn 0.63960212 -0.63960212 -0.42640144
vn 0.00000000 0.00000000 1.00000000
vn 0.11111111 -0.44444445 -0.88888890
vn 0.27472112 0.00000000 0.96152395
vn 0.00000000 0.00000000 -1.00000000
vn 0.70710677 0.00000000 0.70710677
vn 0.00000000 0.00000000 -1.00000000
vn 0.00000000 0.00000000 1.00000000
vn 0.44721359 0.00000000 -0.89442718
vn 0.00000000 0.00000000 1.00000000
vn 0.00000000 0.00000000 -1.00000000
vn 0.00000000 0.00000000 1.00000000
vn 0.00000000 0.00000000 -1.00000000
vn 0.00000000 0.00000000 1.00000000
vn 0.00000000 0.00000000 -1.00000000
vn 0.31622776 0.00000000 0.94868332
vn 0.00000000 0.00000000 -1.00000000
vn 0.00000000 0.00000000 1.00000000
vn 0.44721359 0.00000000 -0.89442718
vn 0.60000002 0.00000000 0.80000001
vn 0.31622776 0.94868332 -0.00000000
vn 0.68824720 0.22941573 -0.68824720
vn 0.55708599 0.37139067 0.74278134
vn 0.00000000 1.00000000 0.00000000
vn 0.00000000 1.00000000 -0.00000000
vn 0.00000000 1.00000000 0.00000000
vn 0.00000000 1.00000000 0.00000000
vn 0.00000000 1.00000000 0.00000000
vn 0.00000000 1.00000000 0.00000000
vn 0.70710677 -0.70710677 -0.00000000
vn 0.11704115 -0.70224690 -0.70224690
vn 0.00000000 -1.00000000 -0.00000000
vn 0.00000000 -1.00000000 0.00000000
vn 0.00000000 -1.00000000 0.00000000
vn 0.00000000 -1.00000000 0.00000000
vn 0.00000000 -1.00000000 0.00000000
vn 0.00000000 -1.00000000 0.00000000
vn 0.00000000 -0.70710677 0.70710677
vn 0.00000000 -0.44721359 -0.89442718
vn 0.00000000 -0.70710677 0.70710677
vn 0.00000000 -0.44721359 -0.89442718
vn 0.00000000 -0.70710677 0.70710677
vn 0.00000000 -0.44721359 -0.89442718
vn 0.00000000 -0.44721359 0.89442718
vn 0.00000000 0.00000000 -1.00000000
vn 0.00000000 0.00000000 1.00000000
vn 0.00000000 0.00000000 -1.00000000
vn 0.00000000 -0.44721359 0.89442718
vn 0.00000000 0.00000000 -1.00000000
vn 0.00000000 -0.44721359 0.89442718
vn 0.00000000 0.00000000 -1.00000000
vn 0.00000000 0.00000000 1.00000000
vn 0.00000000 0.00000000 -1.00000000
vn 0.00000000 0.00000000 1.00000000
vn 0.00000000 0.00000000 -1.00000000
vn 0.00000000 0.00000000 1.00000000
vn 0.00000000 0.00000000 -1.00000000
vn 0.48507124 -0.48507124 0.72760689
vn 0.00000000 0.00000000 -1.00000000
vn 0.13018891 -0.39056674 0.91132236
vn 0.00000000 0.00000000 -1.00000000
vn 0.16439898 0.00000000 0.98639393
vn 0.63960212 -0.63960212 -0.42640144
vn 0.70710677 0.00000000 0.70710677
vn 0.00000000 -0.49613893 -0.86824316
vn 0.00000000 0.00000000 1.00000000
vn 0.00000000 0.00000000 -1.00000000
vn 0.00000000 0.00000000 1.00000000
vn 0.00000000 0.00000000 -1.00000000
vn 0.00000000 0.00000000 1.00000000
vn 0.00000000 0.00000000 -1.00000000
vn 0.31622776 0.00000000 0.94868332
vn 0.00000000 0.00000000 -1.00000000
vn 0.00000000 0.00000000 1.00000000
vn 0.44721359 0.00000000 -0.89442718
vn 0.70710677 0.00000000 0.70710677
vn 0.00000000 0.00000000 -1.00000000
vn 0.31622776 0.00000000 0.94868332
vn 0.00000000 0.00000000 -1.00000000
vn 0.57735026 0.57735026 0.57735026
vn 0.24253562 0.97014248 0.00000000
vn 0.31622776 0.94868332 -0.00000000
vn 0.68824720 0.22941573 -0.68824720
vn 0.87038827 0.34815532 0.34815532
vn 0.70710677 0.70710677 0.00000000
vn 0.24253562 0.97014248 0.00000000
vn 0.00000000 1.00000000 -0.00000000
vn 0.00000000 1.00000000 0.00000000
vn 0.55708599 -0.74278134 -0.37139067
vn 0.00000000 -1.00000000 -0.00000000
vn 0.00000000 -1.00000000 0.00000000
vn 0.00000000 -1.00000000 0.00000000
vn 0.00000000 -1.00000000 0.00000000
vn 0.00000000 -1.00000000 0.00000000
vn 0.00000000 -1.00000000 0.00000000
vn 0.00000000 -0.70710677 0.70710677
vn 0.00000000 -0.44721359 -0.89442718
vn 0.00000000 -1.00000000 -0.00000000
vn 0.00000000 -0.70710677 0.70710677
vn 0.00000000 -0.44721359 -0.89442718
vn 0.00000000 -0.70710677 0.70710677
vn 0.00000000 -0.44721359 -0.89442718
vn 0.00000000 -0.44721359 0.89442718
vn 0.00000000 0.00000000 -1.00000000
vn 0.00000000 0.00000000 1.00000000
vn 0.00000000 0.00000000 -1.00000000
vn 0.00000000 -0.44721359 0.89442718
vn 0.00000000 0.00000000 -1.00000000
vn 0.00000000 -0.44721359 0.89442718
vn 0.00000000 0.00000000 -1.00000000
vn 0.00000000 0.00000000 1.00000000
vn 0.00000000 0.00000000 -1.00000000
vn 0.00000000 0.00000000 1.00000000
vn 0.00000000 0.00000000 -1.00000000
vn 0.00000000 0.00000000 1.00000000
vn 0.00000000 0.00000000 -1.00000000
vn 0.00000000 0.00000000 1.00000000
vn 0.00000000 0.00000000 -1.00000000
vn 0.55470020 0.00000000 0.83205032
vn 0.00000000 0.00000000 -1.00000000
vn 0.55470020 0.00000000 0.83205032
vn 0.00000000 -0.49613893 -0.86824316
vn 0.00000000 0.00000000 1.00000000
vn 0.14744195 -0.44232586 -0.88465172
vn 0.00000000 0.00000000 1.00000000
vn 0.37139067 0.00000000 -0.92847669
vn 0.00000000 0.00000000 1.00000000
vn 0.00000000 0.00000000 -1.00000000
vn 0.00000000 0.00000000 1.00000000
vn 0.00000000 0.00000000 -1.00000000
vn 0.70710677 0.00000000 0.70710677
vn 0.00000000 0.00000000 -1.00000000
vn 0.00000000 0.00000000 1.00000000
vn 0.00000000 0.00000000 -1.00000000
vn 0.00000000 0.00000000 1.00000000
vn 0.44721359 0.00000000 -0.89442718
vn 0.70710677 0.00000000 0.70710677
vn 0.51449573 0.00000000 -0.85749292
vn 0.57735026 0.57735026 0.57735026
vn 0.44721359 0.89442718 0.00000000
vn 0.00000000 1.00000000 -0.00000000
vn 0.16439898 0.98639393 0.00000000
vn 0.85749292 0.51449573 -0.00000000
vn 0.70710677 0.70710677 0.00000000
vn 0.19611613 0.98058069 0.00000000
vn 0.00000000 1.00000000 0.00000000
vn 0.00000000 -0.70710677 -0.70710677
vn 0.00000000 -1.00000000 -0.00000000
vn 0.00000000 -1.00000000 0.00000000
vn 0.00000000 -1.00000000 0.00000000
vn 0.00000000 -1.00000000 0.00000000
vn 0.00000000 -1.00000000 0.00000000
vn 0.00000000 -1.00000000 0.00000000
vn 0.00000000 -0.70710677 0.70710677
vn 0.13018891 -0.39056674 -0.91132236
vn 0.00000000 -1.00000000 -0.00000000
vn 0.00000000 -0.70710677 0.70710677
vn 0.00000000 -0.51449573 -0.85749292
vn 0.00000000 -0.70710677 0.70710677
vn 0.00000000 -0.44721359 -0.89442718
vn 0.13608277 -0.27216554 0.95257932
vn 0.00000000 0.00000000 -1.00000000
vn 0.00000000 0.00000000 1.00000000
vn 0.00000000 0.00000000 -1.00000000
vn 0.00000000 -0.44721359 0.89442718
vn 0.00000000 0.00000000 -1.00000000
vn 0.00000000 -0.44721359 0.89442718
vn 0.00000000 0.00000000 -1.00000000
vn 0.00000000 0.00000000 1.00000000
vn 0.00000000 0.00000000 -1.00000000
vn 0.00000000 0.00000000 1.00000000
vn 0.00000000 0.00000000 -1.00000000
vn 0.00000000 0.00000000 1.00000000
vn 0.00000000 0.00000000 -1.00000000
vn 0.00000000 0.00000000 1.00000000
vn 0.00000000 0.00000000 -1.00000000
vn 0.00000000 0.00000000 1.00000000
vn 0.00000000 0.00000000 -1.00000000
vn 0.00000000 0.00000000 1.00000000
vn 0.00000000 0.00000000 -1.00000000
vn 0.00000000 0.00000000 1.00000000
vn 0.80000001 0.00000000 -0.60000002
vn 0.00000000 0.00000000 1.00000000
vn 0.70710677 0.00000000 -0.70710677
vn 0.00000000 0.00000000 1.00000000
vn 0.00000000 0.00000000 -1.00000000
vn 0.31622776 0.00000000 0.94868332
vn 0.00000000 0.00000000 -1.00000000
vn 0.00000000 0.00000000 1.00000000
vn 0.44721359 0.00000000 -0.89442718
vn 0.31622776 0.00000000 0.94868332
vn 0.00000000 0.00000000 -1.00000000
vn 0.44721359 0.00000000 0.89442718
vn 0.00000000 0.00000000 -1.00000000
vn 0.44721359 0.00000000 0.89442718
vn 0.70710677 0.00000000 -0.70710677
vn 0.55708599 0.37139067 0.74278134
vn 0.00000000 1.00000000 0.00000000
vn 0.00000000 1.00000000 -0.00000000
vn 0.00000000 1.00000000 0.00000000
vn 0.00000000 1.00000000 0.00000000
vn 0.00000000 1.00000000 0.00000000
vn 0.00000000 1.00000000 0.00000000
vn 0.00000000 -0.70710677 -0.70710677
vn 0.00000000 -1.00000000 -0.00000000
vn 0.00000000 -1.00000000 0.00000000
vn 0.00000000 -1.00000000 0.00000000
vn 0.00000000 -1.00000000 0.00000000
vn 0.00000000 -1.00000000 0.00000000
vn 0.00000000 -1.00000000 0.00000000
vn 0.00000000 -0.70710677 0.70710677
vn 0.55708599 -0.74278134 -0.37139067
vn 0.00000000 -0.70710677 0.70710677
vn 0.00000000 -0.70710677 -0.70710677
vn 0.00000000 -0.51449573 0.85749292
vn 0.13018891 -0.39056674 -0.91132236
vn 0.48507124 -0.48507124 0.72760689
vn 0.00000000 0.00000000 -1.00000000
vn 0.00000000 -0.49613893 0.86824316
vn 0.00000000 0.00000000 -1.00000000
vn 0.00000000 -0.49613893 0.86824316
vn 0.00000000 0.00000000 -1.00000000
vn 0.13608277 -0.27216554 0.95257932
vn 0.00000000 0.00000000 -1.00000000
vn 0.00000000 0.00000000 1.00000000
vn 0.00000000 0.00000000 -1.00000000
vn 0.00000000 0.00000000 1.00000000
vn 0.00000000 0.00000000 -1.00000000
vn 0.00000000 0.00000000 1.00000000
vn 0.00000000 0.00000000 -1.00000000
vn 0.00000000 0.00000000 1.00000000
vn 0.00000000 0.00000000 -1.00000000
vn 0.00000000 0.00000000 1.00000000
vn 0.00000000 0.00000000 -1.00000000
vn 0.00000000 0.00000000 1.00000000
vn 0.00000000 0.00000000 -1.00000000
vn 0.00000000 0.00000000 1.00000000
vn 0.00000000 0.00000000 -1.00000000
vn 0.00000000 0.00000000 1.00000000
vn 0.00000000 0.00000000 -1.00000000
vn 0.27472112 0.00000000 0.96152395
vn 0.00000000 0.00000000 -1.00000000
vn 0.70710677 0.00000000 0.70710677
vn 0.00000000 0.00000000 -1.00000000
vn 0.00000000 0.00000000 1.00000000
vn 0.00000000 0.00000000 -1.00000000
vn 0.70710677 0.00000000 0.70710677
vn 0.44721359 0.00000000 -0.89442718
vn 0.70710677 0.00000000 0.70710677
vn 0.51449573 0.00000000 -0.85749292
vn 0.70710677 0.00000000 0.70710677
vn 0.31622776 0.94868332 -0.00000000
vn 0.68824720 0.22941573 -0.68824720
vn 0.87038827 0.34815532 0.34815532
vn 0.70710677 0.70710677 0.00000000
vn 0.24253562 0.97014248 0.00000000
vn 0.00000000 1.00000000 -0.00000000
vn 0.00000000 1.00000000 0.00000000
vn 0.11704115 -0.70224690 -0.70224690
vn 0.00000000 -1.00000000 -0.00000000
vn 0.00000000 -1.00000000 0.00000000
vn 0.00000000 -1.00000000 0.00000000
vn 0.00000000 -1.00000000 0.00000000
vn 0.00000000 -1.00000000 0.00000000
vn 0.00000000 -1.00000000 0.00000000
vn 0.14002801 -0.70014006 0.70014006
vn 0.00000000 -0.70710677 -0.70710677
vn 0.00000000 -0.70710677 0.70710677
vn 0.00000000 -0.51449573 -0.85749292
vn 0.00000000 -0.44721359 0.89442718
vn 0.63960212 -0.63960212 -0.42640144
vn 0.00000000 -0.44721359 0.89442718
vn 0.00000000 -0.49613893 -0.86824316
vn 0.00000000 -0.44721359 0.89442718
vn 0.00000000 0.00000000 -1.00000000
vn 0.00000000 0.00000000 1.00000000
vn 0.00000000 0.00000000 -1.00000000
vn 0.48507124 -0.48507124 0.72760689
vn 0.00000000 0.00000000 -1.00000000
vn 0.00000000 -0.49613893 0.86824316
vn 0.00000000 0.00000000 -1.00000000
vn 0.00000000 0.00000000 1.00000000
vn 0.00000000 0.00000000 -1.00000000
vn 0.00000000 0.00000000 1.00000000
vn 0.00000000 0.00000000 -1.00000000
vn 0.00000000 0.00000000 1.00000000
vn 0.00000000 0.00000000 -1.00000000
vn 0.00000000 0.00000000 1.00000000
vn 0.00000000 0.00000000 -1.00000000
vn 0.00000000 0.00000000 1.00000000
vn 0.00000000 0.00000000 -1.00000000
vn 0.00000000 0.00000000 1.00000000
vn 0.00000000 0.00000000 -1.00000000
vn 0.27472112 0.00000000 0.96152395
vn 0.00000000 0.00000000 -1.00000000
vn 0.70710677 0.00000000 0.70710677
vn 0.00000000 0.00000000 -1.00000000
vn 0.00000000 0.00000000 1.00000000
vn 0.44721359 0.00000000 -0.89442718
vn 0.31622776 0.00000000 0.94868332
vn 0.00000000 0.00000000 -1.00000000
vn 0.44721359 0.00000000 0.89442718
vn 0.00000000 0.00000000 -1.00000000
vn 0.44721359 0.00000000 0.89442718
vn 0.70710677 0.00000000 -0.70710677
vn 0.57735026 0.57735026 0.57735026
vn 0.24253562 0.97014248 0.00000000
vn 0.31622776 0.94868332 -0.00000000
vn 0.85749292 0.51449573 -0.00000000
vn 0.70710677 0.70710677 0.00000000
vn 0.24253562 0.97014248 0.00000000
vn 0.00000000 1.00000000 0.00000000
vn 0.55708599 -0.74278134 -0.37139067
vn 0.00000000 -1.00000000 -0.00000000
vn 0.00000000 -1.00000000 0.00000000
vn 0.00000000 -1.00000000 0.00000000
vn 0.00000000 -1.00000000 0.00000000
vn 0.37139067 -0.74278134 0.55708599
vn 0.00000000 -0.70710677 -0.70710677
vn 0.00000000 -1.00000000 -0.00000000
vn 0.00000000 -1.00000000 0.00000000
vn 0.00000000 -0.70710677 0.70710677
vn 0.00000000 -0.44721359 -0.89442718
vn 0.00000000 -0.44721359 0.89442718
vn 0.00000000 -0.44721359 -0.89442718
vn 0.00000000 -0.44721359 0.89442718
vn 0.00000000 -0.44721359 -0.89442718
vn 0.00000000 -0.44721359 0.89442718
vn 0.00000000 0.00000000 -1.00000000
vn 0.00000000 0.00000000 1.00000000
vn 0.00000000 0.00000000 -1.00000000
vn 0.00000000 -0.49613893 0.86824316
vn 0.00000000 0.00000000 -1.00000000
vn 0.13608277 -0.27216554 0.95257932
vn 0.00000000 0.00000000 -1.00000000
vn 0.00000000 0.00000000 1.00000000
vn 0.00000000 0.00000000 -1.00000000
vn 0.00000000 0.00000000 1.00000000
vn 0.00000000 0.00000000 -1.00000000
vn 0.00000000 0.00000000 1.00000000
vn 0.00000000 0.00000000 -1.00000000
vn 0.00000000 0.00000000 1.00000000
vn 0.00000000 0.00000000 -1.00000000
vn 0.00000000 0.00000000 1.00000000
vn 0.00000000 0.00000000 -1.00000000
vn 0.27472112 0.00000000 0.96152395
vn 0.00000000 0.00000000 -1.00000000
vn 0.70710677 0.00000000 0.70710677
vn 0.00000000 0.00000000 -1.00000000
vn 0.00000000 0.00000000 1.00000000
vn 0.39391929 0.00000000 -0.91914505
vn 0.27472112 0.00000000 0.96152395
vn 0.00000000 0.00000000 -1.00000000
vn 0.70710677 0.00000000 0.70710677
vn 0.44721359 0.00000000 -0.89442718
vn 0.70710677 0.00000000 0.70710677
vn 0.51449573 0.00000000 -0.85749292
vn 0.70710677 0.00000000 0.70710677
vn 0.31622776 0.94868332 -0.00000000
vn 0.68824720 0.22941573 -0.68824720
vn 0.57735026 0.57735026 0.57735026
vn 0.24253562 0.97014248 0.00000000
vn 0.00000000 1.00000000 -0.00000000
vn 0.00000000 1.00000000 0.00000000
vn 0.00000000 1.00000000 0.00000000
vn 0.11704115 -0.70224690 -0.70224690
vn 0.00000000 -1.00000000 -0.00000000
vn 0.00000000 -1.00000000 0.00000000
vn 0.00000000 -1.00000000 0.00000000
vn 0.00000000 -1.00000000 0.00000000
vn 0.14002801 -0.70014006 0.70014006
vn 0.00000000 -0.70710677 -0.70710677
vn 0.00000000 -1.00000000 -0.00000000
vn 0.00000000 -1.00000000 0.00000000
vn 0.17407766 -0.69631064 0.69631064
vn 0.00000000 -0.44721359 -0.89442718
vn 0.13608277 -0.27216554 0.95257932
vn 0.00000000 -0.44721359 -0.89442718
vn 0.00000000 -0.55470020 0.83205032
vn 0.00000000 -0.44721359 -0.89442718
vn 0.13608277 -0.27216554 0.95257932
vn 0.00000000 0.00000000 -1.00000000
vn 0.00000000 0.00000000 1.00000000
vn 0.00000000 0.00000000 -1.00000000
vn 0.00000000 0.00000000 1.00000000
vn 0.00000000 0.00000000 -1.00000000
vn 0.48507124 -0.48507124 0.72760689
vn 0.00000000 0.00000000 -1.00000000
vn 0.13018891 -0.39056674 0.91132236
vn 0.00000000 0.00000000 -1.00000000
vn 0.16439898 0.00000000 0.98639393
vn 0.00000000 0.00000000 -1.00000000
vn 0.16439898 0.00000000 0.98639393
vn 0.00000000 0.00000000 -1.00000000
vn 0.16439898 0.00000000 0.98639393
vn 0.00000000 0.00000000 -1.00000000
vn 0.16439898 0.00000000 0.98639393
vn 0.00000000 0.00000000 -1.00000000
vn 0.70710677 0.00000000 0.70710677
vn 0.00000000 0.00000000 -1.00000000
vn 0.00000000 0.00000000 1.00000000
vn 0.00000000 0.00000000 -1.00000000
vn 0.00000000 0.00000000 1.00000000
vn 0.00000000 0.00000000 -1.00000000
vn 0.70710677 0.00000000 0.70710677
vn 0.00000000 0.00000000 -1.00000000
vn 0.31622776 0.00000000 0.94868332
vn 0.00000000 0.00000000 -1.00000000
vn 0.44721359 0.00000000 0.89442718
vn 0.70710677 0.00000000 -0.70710677
vn 0.57735026 0.57735026 0.57735026
vn 0.24253562 0.97014248 0.00000000
vn 0.31622776 0.94868332 -0.00000000
vn 0.85749292 0.51449573 -0.00000000
vn 0.89442718 0.44721359 0.00000000
vn 0.70710677 0.70710677 0.00000000
vn 0.24253562 0.97014248 0.00000000
vn 0.55708599 -0.74278134 -0.37139067
vn 0.00000000 -1.00000000 -0.00000000
vn 0.00000000 -1.00000000 0.00000000
vn 0.37139067 -0.74278134 0.55708599
vn 0.00000000 -0.70710677 -0.70710677
vn 0.00000000 -1.00000000 -0.00000000
vn 0.00000000 -1.00000000 0.00000000
vn 0.00000000 -1.00000000 0.00000000
vn 0.45749572 -0.76249284 0.45749572
vn 0.13018891 -0.39056674 -0.91132236
vn 0.37139067 -0.74278134 0.55708599
vn 0.00000000 -0.51449573 -0.85749292
vn 0.00000000 -0.55470020 0.83205032
vn 0.00000000 -0.44721359 -0.89442718
vn 0.48507124 -0.48507124 0.72760689
vn 0.00000000 0.00000000 -1.00000000
vn 0.00000000 -0.49613893 0.86824316
vn 0.00000000 0.00000000 -1.00000000
vn 0.00000000 0.00000000 1.00000000
vn 0.00000000 0.00000000 -1.00000000
vn 0.00000000 0.00000000 1.00000000
vn 0.00000000 0.00000000 -1.00000000
vn 0.55470020 0.00000000 0.83205032
vn 0.00000000 0.00000000 -1.00000000
vn 0.55470020 0.00000000 0.83205032
vn 0.00000000 0.00000000 -1.00000000
vn 0.55470020 0.00000000 0.83205032
vn 0.00000000 0.00000000 -1.00000000
vn 0.55470020 0.00000000 0.83205032
vn 0.00000000 0.00000000 -1.00000000
vn 0.55470020 0.00000000 0.83205032
vn 0.00000000 0.00000000 -1.00000000
vn 0.00000000 0.00000000 1.00000000
vn 0.00000000 0.00000000 -1.00000000
vn 0.00000000 0.00000000 1.00000000
vn 0.44721359 0.00000000 -0.89442718
vn 0.31622776 0.00000000 0.94868332
vn 0.00000000 0.00000000 -1.00000000
vn 0.00000000 0.00000000 1.00000000
vn 0.44721359 0.00000000 -0.89442718
vn 0.70710677 0.00000000 0.70710677
vn 0.51449573 0.00000000 -0.85749292
vn 0.70710677 0.00000000 0.70710677
vn 0.31622776 0.94868332 -0.00000000
vn 0.68824720 0.22941573 -0.68824720
vn 0.57735026 0.57735026 0.57735026
vn 0.24253562 0.97014248 0.00000000
vn 0.00000000 1.00000000 -0.00000000
vn 0.00000000 1.00000000 0.00000000
vn 0.00000000 1.00000000 0.00000000
vn 0.80000001 -0.60000002 -0.00000000
vn 0.85749292 -0.51449573 0.00000000
vn 0.14744195 -0.44232586 -0.88465172
vn 0.00000000 -1.00000000 -0.00000000
vn 0.00000000 -1.00000000 0.00000000
vn 0.00000000 -1.00000000 0.00000000
vn 0.00000000 -1.00000000 0.00000000
vn 0.00000000 -1.00000000 0.00000000
vn 0.00000000 -0.70710677 0.70710677
vn 0.63960212 -0.63960212 -0.42640144
vn 0.00000000 -0.70710677 0.70710677
vn 0.00000000 -0.70710677 -0.70710677
vn 0.00000000 -0.44721359 0.89442718
vn 0.00000000 -0.44721359 -0.89442718
vn 0.00000000 -0.49613893 0.86824316
vn 0.00000000 0.00000000 -1.00000000
vn 0.13608277 -0.27216554 0.95257932
vn 0.00000000 0.00000000 -1.00000000
vn 0.00000000 0.00000000 1.00000000
vn 0.00000000 0.00000000 -1.00000000
vn 0.00000000 0.00000000 1.00000000
vn 0.00000000 0.00000000 -1.00000000
vn 0.00000000 0.00000000 1.00000000
vn 0.00000000 0.00000000 -1.00000000
vn 0.00000000 0.00000000 1.00000000
vn 0.00000000 0.00000000 -1.00000000
vn 0.00000000 0.00000000 1.00000000
vn 0.00000000 0.00000000 -1.00000000
vn 0.00000000 0.00000000 1.00000000
vn 0.00000000 0.00000000 -1.00000000
vn 0.00000000 0.00000000 1.00000000
vn 0.00000000 0.00000000 -1.00000000
vn 0.00000000 0.00000000 1.00000000
vn 0.39391929 0.00000000 -0.91914505
vn 0.27472112 0.00000000 0.96152395
vn 0.00000000 0.00000000 -1.00000000
vn 0.70710677 0.00000000 0.70710677
vn 0.39391929 0.00000000 -0.91914505
vn 0.31622776 0.00000000 0.94868332
vn 0.00000000 0.00000000 -1.00000000
vn 0.44721359 0.00000000 0.89442718
vn 0.70710677 0.00000000 -0.70710677
vn 0.57735026 0.57735026 0.57735026
vn 0.24253562 0.97014248 0.00000000
vn 0.44721359 0.89442718 -0.00000000
vn 0.85749292 0.51449573 -0.00000000
vn 0.89442718 0.44721359 0.00000000
vn 0.70710677 0.70710677 0.00000000
vn 0.31622776 0.94868332 0.00000000
vn 0.55708599 -0.74278134 -0.37139067
vn 0.00000000 -1.00000000 -0.00000000
vn 0.00000000 -1.00000000 0.00000000
vn 0.00000000 -1.00000000 0.00000000
vn 0.00000000 -1.00000000 0.00000000
vn 0.00000000 -1.00000000 0.00000000
vn 0.00000000 -1.00000000 0.00000000
vn 0.14002801 -0.70014006 0.70014006
vn 0.00000000 -0.70710677 -0.70710677
vn 0.00000000 -0.70710677 0.70710677
vn 0.00000000 -0.70710677 -0.70710677
vn 0.13608277 -0.27216554 0.95257932
vn 0.00000000 -0.44721359 -0.89442718
vn 0.00000000 0.00000000 1.00000000
vn 0.00000000 0.00000000 -1.00000000
vn 0.48507124 -0.48507124 0.72760689
vn 0.00000000 0.00000000 -1.00000000
vn 0.00000000 -0.49613893 0.86824316
vn 0.00000000 0.00000000 -1.00000000
vn 0.00000000 0.00000000 1.00000000
vn 0.00000000 0.00000000 -1.00000000
vn 0.00000000 0.00000000 1.00000000
vn 0.00000000 0.00000000 -1.00000000
vn 0.00000000 0.00000000 1.00000000
vn 0.00000000 0.00000000 -1.00000000
vn 0.00000000 0.00000000 1.00000000
vn 0.00000000 0.00000000 -1.00000000
vn 0.00000000 0.00000000 1.00000000
vn 0.00000000 0.00000000 -1.00000000
vn 0.27472112 0.00000000 0.96152395
vn 0.00000000 0.00000000 -1.00000000
vn 0.16439898 0.00000000 0.98639393
vn 0.00000000 0.00000000 -1.00000000
vn 0.70710677 0.00000000 0.70710677
vn 0.00000000 0.00000000 -1.00000000
vn 0.27472112 0.00000000 0.96152395
vn 0.00000000 0.00000000 -1.00000000
vn 0.70710677 0.00000000 0.70710677
vn 0.44721359 0.00000000 -0.89442718
vn 0.70710677 0.00000000 0.70710677
vn 0.44721359 0.89442718 -0.00000000
vn 0.85749292 0.51449573 -0.00000000
vn 0.89442718 0.44721359 0.00000000
vn 0.89442718 0.44721359 0.00000000
vn 0.89442718 0.44721359 0.00000000
vn 0.70710677 0.70710677 0.00000000
vn 0.31622776 0.94868332 0.00000000
vn 0.00000000 -0.70710677 -0.70710677
vn 0.00000000 -1.00000000 -0.00000000
vn 0.00000000 -1.00000000 0.00000000
vn 0.00000000 -1.00000000 0.00000000
vn 0.00000000 -1.00000000 0.00000000
vn 0.00000000 -1.00000000 0.00000000
vn 0.37139067 -0.74278134 0.55708599
vn 0.00000000 -0.70710677 -0.70710677
vn 0.00000000 -1.00000000 0.00000000
vn 0.15617377 -0.31234753 0.93704259
vn 0.00000000 -0.70710677 -0.70710677
vn 0.48507124 -0.48507124 0.72760689
vn 0.00000000 -0.44721359 -0.89442718
vn 0.00000000 -0.49613893 0.86824316
vn 0.00000000 0.00000000 -1.00000000
vn 0.00000000 -0.49613893 0.86824316
vn 0.00000000 0.00000000 -1.00000000
vn 0.15617377 -0.31234753 0.93704259
vn 0.00000000 0.00000000 -1.00000000
vn 0.14142136 0.00000000 0.98994946
vn 0.00000000 0.00000000 -1.00000000
vn 0.00000000 0.00000000 1.00000000
vn 0.00000000 0.00000000 -1.00000000
vn 0.00000000 0.00000000 1.00000000
vn 0.00000000 0.00000000 -1.00000000
vn 0.27472112 0.00000000 0.96152395
vn 0.00000000 0.00000000 -1.00000000
vn 0.16439898 0.00000000 0.98639393
vn 0.00000000 0.00000000 -1.00000000
vn 0.70710677 0.00000000 0.70710677
vn 0.44721359 0.00000000 -0.89442718
vn 0.55470020 0.00000000 0.83205032
vn 0.00000000 0.00000000 -1.00000000
vn 0.27472112 0.00000000 0.96152395
vn 0.44721359 0.00000000 -0.89442718
vn 0.70710677 0.00000000 0.70710677
vn 0.51449573 0.00000000 -0.85749292
vn 0.70710677 0.00000000 0.70710677
vn 0.31622776 0.94868332 -0.00000000
vn 0.78446454 0.19611613 -0.58834839
vn 0.87038827 0.34815532 0.34815532
vn 0.94868332 0.31622776 0.00000000
vn 0.00000000 1.00000000 -0.00000000
vn 0.00000000 1.00000000 0.00000000
vn 0.00000000 1.00000000 0.00000000
vn 0.11704115 -0.70224690 -0.70224690
vn 0.00000000 -1.00000000 -0.00000000
vn 0.00000000 -1.00000000 0.00000000
vn 0.00000000 -1.00000000 0.00000000
vn 0.00000000 -1.00000000 0.00000000
vn 0.00000000 -1.00000000 0.00000000
vn 0.14002801 -0.70014006 0.70014006
vn 0.00000000 -0.70710677 -0.70710677
vn 0.37139067 -0.74278134 0.55708599
vn 0.00000000 -0.70710677 -0.70710677
vn 0.00000000 -0.70710677 0.70710677
vn 0.00000000 -0.44721359 -0.89442718
vn 0.13608277 -0.27216554 0.95257932
vn 0.00000000 0.00000000 -1.00000000
vn 0.00000000 0.00000000 1.00000000
vn 0.00000000 0.00000000 -1.00000000
vn 0.55470020 0.00000000 0.83205032
vn 0.00000000 0.00000000 -1.00000000
vn 0.48507124 -0.48507124 0.72760689
vn 0.00000000 0.00000000 -1.00000000
vn 0.13018891 -0.39056674 0.91132236
vn 0.00000000 0.00000000 -1.00000000
vn 0.16439898 0.00000000 0.98639393
vn 0.00000000 0.00000000 -1.00000000
vn 0.70710677 0.00000000 0.70710677
vn 0.00000000 0.00000000 -1.00000000
vn 0.55470020 0.00000000 0.83205032
vn 0.00000000 0.00000000 -1.00000000
vn 0.27472112 0.00000000 0.96152395
vn 0.00000000 0.00000000 -1.00000000
vn 0.16439898 0.00000000 0.98639393
vn 0.00000000 0.00000000 -1.00000000
vn 0.70710677 0.00000000 0.70710677
vn 0.00000000 0.00000000 -1.00000000
vn 0.70710677 0.00000000 0.70710677
vn 0.70710677 0.00000000 -0.70710677
vn 0.70710677 0.00000000 0.70710677
vn 0.44721359 0.89442718 -0.00000000
vn 0.85749292 0.51449573 -0.00000000
vn 0.89442718 0.44721359 0.00000000
vn 0.70710677 0.70710677 0.00000000
vn 0.31622776 0.94868332 0.00000000
vn 0.55708599 -0.74278134 -0.37139067
vn 0.00000000 -1.00000000 -0.00000000
vn 0.00000000 -1.00000000 0.00000000
vn 0.00000000 -1.00000000 0.00000000
vn 0.37139067 -0.74278134 0.55708599
vn 0.00000000 -0.70710677 -0.70710677
vn 0.00000000 -1.00000000 -0.00000000
vn 0.00000000 -1.00000000 0.00000000
vn 0.17407766 -0.69631064 0.69631064
vn 0.00000000 -0.70710677 -0.70710677
vn 0.15617377 -0.31234753 0.93704259
vn 0.00000000 -0.44721359 -0.89442718
vn 0.48507124 -0.48507124 0.72760689
vn 0.00000000 0.00000000 -1.00000000
vn 0.11624764 -0.34874290 0.92998111
vn -0.27472112 0.00000000 -0.96152395
vn 0.00000000 0.00000000 1.00000000
vn -0.31622776 0.00000000 -0.94868332
vn 0.00000000 0.00000000 1.00000000
vn -0.39391929 0.00000000 -0.91914505
vn 0.55470020 0.00000000 0.83205032
vn 0.00000000 0.00000000 -1.00000000
vn 0.55470020 0.00000000 0.83205032
vn 0.00000000 0.00000000 -1.00000000
vn 0.00000000 0.00000000 1.00000000
vn 0.00000000 0.00000000 -1.00000000
vn 0.27472112 0.00000000 0.96152395
vn 0.00000000 0.00000000 -1.00000000
vn 0.70710677 0.00000000 0.70710677
vn 0.00000000 0.00000000 -1.00000000
vn 0.62469506 0.00000000 0.78086883
vn 0.44721359 0.00000000 -0.89442718
vn 0.70710677 0.00000000 0.70710677
vn 0.51449573 0.00000000 -0.85749292
vn 0.70710677 0.00000000 0.70710677
vn 0.31622776 0.94868332 -0.00000000
vn 0.85749292 0.51449573 -0.00000000
vn 0.89442718 0.44721359 0.00000000
vn 0.89442718 0.44721359 0.00000000
vn 0.89442718 0.44721359 0.00000000
vn 0.94868332 0.31622776 0.00000000
vn 0.11704115 -0.70224690 -0.70224690
vn 0.00000000 -1.00000000 -0.00000000
vn 0.00000000 -1.00000000 0.00000000
vn 0.37139067 -0.74278134 0.55708599
vn 0.00000000 -0.70710677 -0.70710677
vn 0.00000000 -1.00000000 -0.00000000
vn 0.00000000 -1.00000000 0.00000000
vn 0.45749572 -0.76249284 0.45749572
vn 0.00000000 -0.70710677 -0.70710677
vn 0.37139067 -0.74278134 0.55708599
vn 0.00000000 -0.44721359 -0.89442718
vn 0.00000000 -0.55470020 0.83205032
vn -0.12309149 -0.49236596 -0.86164045
vn 0.48507124 -0.48507124 0.72760689
vn -0.14744195 -0.44232586 -0.88465172
vn 0.13018891 -0.39056674 0.91132236
vn -0.16439898 0.00000000 -0.98639393
vn 0.16439898 0.00000000 0.98639393
vn -0.14142136 0.00000000 -0.98994946
vn 0.16439898 0.00000000 0.98639393
vn -0.00000000 0.00000000 -1.00000000
vn 0.16439898 0.00000000 0.98639393
vn 0.00000000 0.00000000 -1.00000000
vn 0.16439898 0.00000000 0.98639393
vn 0.00000000 0.00000000 -1.00000000
vn 0.70710677 0.00000000 0.70710677
vn 0.44721359 0.00000000 -0.89442718
vn 0.27472112 0.00000000 0.96152395
vn 0.00000000 0.00000000 -1.00000000
vn 0.70710677 0.00000000 0.70710677
vn 0.00000000 0.00000000 -1.00000000
vn 0.31622776 0.00000000 0.94868332
vn 0.70710677 0.00000000 -0.70710677
vn 0.57735026 0.57735026 0.57735026
vn 0.31622776 0.94868332 0.00000000
vn 0.00000000 1.00000000 -0.00000000
vn 0.00000000 1.00000000 0.00000000
vn 0.00000000 1.00000000 0.00000000
vn 0.00000000 1.00000000 0.00000000
vn 0.80000001 -0.60000002 -0.00000000
vn 0.85749292 -0.51449573 0.00000000
vn 0.00000000 -0.70710677 -0.70710677
vn 0.00000000 -1.00000000 -0.00000000
vn 0.00000000 -1.00000000 0.00000000
vn 0.00000000 -1.00000000 0.00000000
vn 0.00000000 -1.00000000 0.00000000
vn 0.14002801 -0.70014006 0.70014006
vn 0.00000000 -0.70710677 -0.70710677
vn 0.00000000 -0.70710677 0.70710677
vn 0.00000000 -0.70710677 -0.70710677
vn 0.13608277 -0.27216554 0.95257932
vn -0.15617377 -0.31234753 -0.93704259
vn 0.00000000 0.00000000 1.00000000
vn 0.00000000 0.00000000 -1.00000000
vn 0.55470020 0.00000000 0.83205032
vn 0.00000000 0.00000000 -1.00000000
vn 0.55470020 0.00000000 0.83205032
vn 0.00000000 0.00000000 -1.00000000
vn 0.55470020 0.00000000 0.83205032
vn -0.27472112 0.00000000 -0.96152395
vn 0.55470020 0.00000000 0.83205032
vn -0.00000000 0.00000000 -1.00000000
vn 0.55470020 0.00000000 0.83205032
vn 0.00000000 0.00000000 -1.00000000
vn 0.27472112 0.00000000 0.96152395
vn 0.00000000 0.00000000 -1.00000000
vn 0.70710677 0.00000000 0.70710677
vn 0.00000000 0.00000000 -1.00000000
vn 0.27472112 0.00000000 0.96152395
vn 0.44721359 0.00000000 -0.89442718
vn 0.84270096 0.24077171 0.48154342
vn 0.94868332 0.31622776 0.00000000
vn 0.31622776 0.94868332 -0.00000000
vn 0.85749292 0.51449573 -0.00000000
vn 0.89442718 0.44721359 0.00000000
vn 0.89442718 0.44721359 0.00000000
vn 0.94868332 0.31622776 0.00000000
vn 0.00000000 -0.70710677 -0.70710677
vn 0.00000000 -1.00000000 -0.00000000
vn 0.00000000 -1.00000000 0.00000000
vn 0.00000000 -1.00000000 0.00000000
vn 0.00000000 -1.00000000 0.00000000
vn 0.00000000 -1.00000000 0.00000000
vn 0.37139067 -0.74278134 0.55708599
vn -0.11704115 -0.70224690 -0.70224690
vn 0.00000000 -1.00000000 0.00000000
vn 0.15617377 -0.31234753 0.93704259
vn -0.10050378 -0.70352650 -0.70352650
vn 0.48507124 -0.48507124 0.72760689
vn 0.00000000 -0.49613893 -0.86824316
vn 0.13018891 -0.39056674 0.91132236
vn 0.00000000 0.00000000 -1.00000000
vn 0.16439898 0.00000000 0.98639393
vn 0.00000000 0.00000000 -1.00000000
vn 0.16439898 0.00000000 0.98639393
vn 0.00000000 0.00000000 -1.00000000
vn 0.16439898 0.00000000 0.98639393
vn 0.00000000 0.00000000 -1.00000000
vn 0.16439898 0.00000000 0.98639393
vn 0.00000000 0.00000000 -1.00000000
vn 0.16439898 0.00000000 0.98639393
vn 0.00000000 0.00000000 -1.00000000
vn 0.70710677 0.00000000 0.70710677
vn 0.00000000 0.00000000 -1.00000000
vn 0.27472112 0.00000000 0.96152395
vn 0.44721359 0.00000000 -0.89442718
vn 0.70710677 0.00000000 0.70710677
vn 0.31622776 0.94868332 -0.00000000
vn 0.68824720 0.22941573 -0.68824720
vn 0.57735026 0.57735026 0.57735026
vn 0.24253562 0.97014248 0.00000000
vn 0.00000000 1.00000000 -0.00000000
vn 0.00000000 1.00000000 0.00000000
vn 0.00000000 1.00000000 0.00000000
vn 0.00000000 -0.70710677 -0.70710677
vn 0.00000000 -1.00000000 -0.00000000
vn 0.00000000 -1.00000000 0.00000000
vn 0.00000000 -1.00000000 0.00000000
vn 0.00000000 -1.00000000 0.00000000
vn 0.00000000 -1.00000000 0.00000000
vn 0.14002801 -0.70014006 0.70014006
vn -0.14002801 -0.70014006 -0.70014006
vn 0.00000000 -1.00000000 -0.00000000
vn 0.37139067 -0.74278134 0.55708599
vn -0.15617377 -0.31234753 -0.93704259
vn 0.13018891 -0.39056674 0.91132236
vn 0.00000000 0.00000000 -1.00000000
vn 0.55470020 0.00000000 0.83205032
vn -0.27472112 0.00000000 -0.96152395
vn 0.55470020 0.00000000 0.83205032
vn -0.39391929 0.00000000 -0.91914505
vn 0.55470020 0.00000000 0.83205032
vn 0.00000000 0.00000000 -1.00000000
vn 0.55470020 0.00000000 0.83205032
vn 0.00000000 0.00000000 -1.00000000
vn 0.55470020 0.00000000 0.83205032
vn -0.27472112 0.00000000 -0.96152395
vn 0.55470020 0.00000000 0.83205032
vn -0.00000000 0.00000000 -1.00000000
vn 0.16439898 0.00000000 0.98639393
vn 0.00000000 0.00000000 -1.00000000
vn 0.70710677 0.00000000 0.70710677
vn 0.55470020 0.00000000 -0.83205032
vn 0.70710677 0.00000000 0.70710677
vn 0.31622776 0.94868332 -0.00000000
vn 0.85749292 0.51449573 -0.00000000
vn 0.89442718 0.44721359 0.00000000
vn 0.70710677 0.70710677 0.00000000
vn 0.31622776 0.94868332 0.00000000
vn 0.00000000 -0.70710677 -0.70710677
vn 0.00000000 -1.00000000 -0.00000000
vn 0.00000000 -1.00000000 0.00000000
vn 0.00000000 -1.00000000 0.00000000
vn 0.00000000 -1.00000000 0.00000000
vn 0.37139067 -0.74278134 0.55708599
vn 0.00000000 -0.70710677 -0.70710677
vn 0.00000000 -1.00000000 -0.00000000
vn 0.00000000 -1.00000000 0.00000000
vn 0.15617377 -0.31234753 0.93704259
vn 0.00000000 -0.44721359 -0.89442718
vn 0.48507124 -0.48507124 0.72760689
vn -0.12309149 -0.49236596 -0.86164045
vn 0.11624764 -0.34874290 0.92998111
vn -0.14744195 -0.44232586 -0.88465172
vn 0.00000000 0.00000000 1.00000000
vn -0.14142136 0.00000000 -0.98994946
vn 0.00000000 0.00000000 1.00000000
vn -0.00000000 0.00000000 -1.00000000
vn 0.27472112 0.00000000 0.96152395
vn 0.00000000 0.00000000 -1.00000000
vn 0.16439898 0.00000000 0.98639393
vn 0.00000000 0.00000000 -1.00000000
vn 0.70710677 0.00000000 0.70710677
vn 0.00000000 0.00000000 -1.00000000
vn 0.62469506 0.00000000 0.78086883
vn 0.00000000 0.00000000 -1.00000000
vn 0.70710677 0.00000000 0.70710677
vn 0.31622776 0.94868332 -0.00000000
vn 0.68824720 0.22941573 -0.68824720
vn 0.87038827 0.34815532 0.34815532
vn 0.94868332 0.31622776 0.00000000
vn 0.00000000 1.00000000 -0.00000000
vn 0.00000000 1.00000000 0.00000000
vn 0.00000000 -0.70710677 -0.70710677
vn 0.00000000 -1.00000000 -0.00000000
vn 0.00000000 -1.00000000 0.00000000
vn 0.00000000 -1.00000000 0.00000000
vn 0.37139067 -0.74278134 0.55708599
vn 0.00000000 -0.70710677 -0.70710677
vn 0.00000000 -1.00000000 -0.00000000
vn 0.00000000 -1.00000000 0.00000000
vn 0.37139067 -0.74278134 0.55708599
vn 0.00000000 -0.70710677 -0.70710677
vn 0.00000000 -0.55470020 0.83205032
vn -0.15617377 -0.31234753 -0.93704259
vn 0.48507124 -0.48507124 0.72760689
vn 0.00000000 0.00000000 -1.00000000
vn 0.13018891 -0.39056674 0.91132236
vn 0.00000000 0.00000000 -1.00000000
vn 0.16439898 0.00000000 0.98639393
vn -0.27472112 0.00000000 -0.96152395
vn 0.70710677 0.00000000 0.70710677
vn -0.00000000 0.00000000 -1.00000000
vn 0.55470020 0.00000000 0.83205032
vn 0.00000000 0.00000000 -1.00000000
vn 0.27472112 0.00000000 0.96152395
vn 0.00000000 0.00000000 -1.00000000
vn 0.70710677 0.00000000 0.70710677
vn 0.44721359 0.00000000 -0.89442718
vn 0.70710677 0.00000000 0.70710677
vn 0.00000000 1.00000000 -0.00000000
vn 0.16439898 0.98639393 0.00000000
vn 0.85749292 0.51449573 -0.00000000
vn 0.70710677 0.70710677 0.00000000
vn 0.24253562 0.97014248 0.00000000
vn 0.11704115 -0.70224690 -0.70224690
vn 0.00000000 -1.00000000 -0.00000000
vn 0.00000000 -1.00000000 0.00000000
vn 0.37139067 -0.74278134 0.55708599
vn 0.00000000 -0.70710677 -0.70710677
vn 0.00000000 -1.00000000 -0.00000000
vn 0.00000000 -1.00000000 0.00000000
vn 0.00000000 -1.00000000 0.00000000
vn 0.17407766 -0.69631064 0.69631064
vn 0.00000000 -0.70710677 -0.70710677
vn 0.15617377 -0.31234753 0.93704259
vn 0.00000000 -0.44721359 -0.89442718
vn 0.16439898 0.00000000 0.98639393
vn 0.00000000 0.00000000 -1.00000000
vn 0.55470020 0.00000000 0.83205032
vn 0.00000000 0.00000000 -1.00000000
vn 0.55470020 0.00000000 0.83205032
vn 0.00000000 0.00000000 -1.00000000
vn 0.27472112 0.00000000 0.96152395
vn 0.00000000 0.00000000 -1.00000000
vn 0.16439898 0.00000000 0.98639393
vn 0.00000000 0.00000000 -1.00000000
vn 0.70710677 0.00000000 0.70710677
vn 0.00000000 0.00000000 -1.00000000
vn 0.31622776 0.00000000 0.94868332
vn 0.31622776 0.94868332 -0.00000000
vn 0.68824720 0.22941573 -0.68824720
vn 0.57735026 0.57735026 0.57735026
vn 0.24253562 0.97014248 0.00000000
vn 0.00000000 1.00000000 -0.00000000
vn 0.00000000 1.00000000 0.00000000
vn 0.00000000 1.00000000 0.00000000
vn 0.80000001 -0.60000002 -0.00000000
vn 0.85749292 -0.51449573 0.00000000
vn 0.00000000 -0.70710677 -0.70710677
vn 0.00000000 -1.00000000 -0.00000000
vn 0.00000000 -1.00000000 0.00000000
vn 0.00000000 -1.00000000 0.00000000
vn 0.00000000 -1.00000000 0.00000000
vn 0.45749572 -0.76249284 0.45749572
vn -0.11704115 -0.70224690 -0.70224690
vn 0.48507124 -0.48507124 0.72760689
vn 0.00000000 -0.49613893 -0.86824316
vn 0.48507124 -0.48507124 0.72760689
vn 0.00000000 0.00000000 -1.00000000
vn 0.13018891 -0.39056674 0.91132236
vn 0.00000000 0.00000000 -1.00000000
vn 0.16439898 0.00000000 0.98639393
vn 0.00000000 0.00000000 -1.00000000
vn 0.70710677 0.00000000 0.70710677
vn 0.00000000 0.00000000 -1.00000000
vn 0.55470020 0.00000000 0.83205032
vn 0.00000000 0.00000000 -1.00000000
vn 0.27472112 0.00000000 0.96152395
vn 0.44721359 0.00000000 -0.89442718
vn 0.70710677 0.00000000 0.70710677
vn 0.00000000 1.00000000 -0.00000000
vn 0.16439898 0.98639393 0.00000000
vn 0.85749292 0.51449573 -0.00000000
vn 0.89442718 0.44721359 0.00000000
vn 0.70710677 0.70710677 0.00000000
vn 0.24253562 0.97014248 0.00000000
vn -0.11704115 -0.70224690 -0.70224690
vn -0.00000000 -1.00000000 -0.00000000
vn 0.00000000 -1.00000000 0.00000000
vn 0.00000000 -1.00000000 0.00000000
vn 0.00000000 -1.00000000 0.00000000
vn 0.00000000 -1.00000000 0.00000000
vn 0.00000000 -1.00000000 0.00000000
vn 0.17407766 -0.69631064 0.69631064
vn -0.15617377 -0.31234753 -0.93704259
vn 0.00000000 -1.00000000 -0.00000000
vn 0.13608277 -0.27216554 0.95257932
vn 0.00000000 0.00000000 -1.00000000
vn 0.00000000 0.00000000 1.00000000
vn 0.00000000 0.00000000 -1.00000000
vn 0.55470020 0.00000000 0.83205032
vn 0.00000000 0.00000000 -1.00000000
vn 0.55470020 0.00000000 0.83205032
vn 0.00000000 0.00000000 -1.00000000
vn 0.27472112 0.00000000 0.96152395
vn 0.00000000 0.00000000 -1.00000000
vn 0.16439898 0.00000000 0.98639393
vn 0.00000000 0.00000000 -1.00000000
vn 0.70710677 0.00000000 0.70710677
vn 0.31622776 0.94868332 -0.00000000
vn 0.68824720 0.22941573 -0.68824720
vn 0.70710677 0.00000000 0.70710677
vn 0.00000000 1.00000000 -0.00000000
vn 0.00000000 1.00000000 0.00000000
vn 0.00000000 1.00000000 0.00000000
vn 0.00000000 1.00000000 0.00000000
vn -0.14002801 -0.70014006 -0.70014006
vn 0.00000000 -1.00000000 -0.00000000
vn -0.00000000 -1.00000000 0.00000000
vn 0.00000000 -1.00000000 0.00000000
vn 0.00000000 -1.00000000 0.00000000
vn 0.00000000 -1.00000000 0.00000000
vn 0.00000000 -1.00000000 0.00000000
vn 0.45749572 -0.76249284 0.45749572
vn 0.00000000 -0.44721359 -0.89442718
vn 0.37139067 -0.74278134 0.55708599
vn 0.00000000 0.00000000 -1.00000000
vn 0.13018891 -0.39056674 0.91132236
vn 0.00000000 0.00000000 -1.00000000
vn 0.16439898 0.00000000 0.98639393
vn 0.00000000 0.00000000 -1.00000000
vn 0.16439898 0.00000000 0.98639393
vn 0.00000000 0.00000000 -1.00000000
vn 0.70710677 0.00000000 0.70710677
vn 0.00000000 0.00000000 -1.00000000
vn 0.62469506 0.00000000 0.78086883
vn 0.44721359 0.00000000 -0.89442718
vn 0.70710677 0.00000000 0.70710677
vn 0.00000000 1.00000000 -0.00000000
vn 0.16439898 0.98639393 0.00000000
vn 0.68824720 0.22941573 -0.68824720
vn 0.87038827 0.34815532 0.34815532
vn 0.94868332 0.31622776 0.00000000
vn 0.27216554 0.95257932 -0.13608277
vn 0.00000000 -0.70710677 -0.70710677
vn 0.00000000 -1.00000000 -0.00000000
vn 0.00000000 -1.00000000 0.00000000
vn 0.00000000 -1.00000000 0.00000000
vn 0.00000000 -1.00000000 0.00000000
vn 0.00000000 -1.00000000 0.00000000
vn 0.00000000 -1.00000000 0.00000000
vn 0.17407766 -0.69631064 0.69631064
vn 0.00000000 -0.44721359 -0.89442718
vn 0.18257418 -0.36514837 0.91287094
vn 0.00000000 0.00000000 -1.00000000
vn 0.55470020 0.00000000 0.83205032
vn 0.00000000 0.00000000 -1.00000000
vn 0.55470020 0.00000000 0.83205032
vn 0.00000000 0.00000000 -1.00000000
vn 0.55470020 0.00000000 0.83205032
vn 0.00000000 0.00000000 -1.00000000
vn 0.16439898 0.00000000 0.98639393
vn 0.00000000 0.00000000 -1.00000000
vn 0.70710677 0.00000000 0.70710677
vn 0.55470020 0.00000000 -0.83205032
vn 0.31622776 0.00000000 0.94868332
vn 0.00000000 1.00000000 -0.00000000
vn 0.16439898 0.98639393 0.00000000
vn 0.55470020 0.83205032 0.00000000
vn 0.16439898 0.98639393 0.00000000
vn 0.00000000 1.00000000 0.00000000
vn 0.11704115 -0.70224690 -0.70224690
vn 0.00000000 -1.00000000 -0.00000000
vn 0.00000000 -1.00000000 0.00000000
vn 0.00000000 -1.00000000 0.00000000
vn 0.00000000 -1.00000000 0.00000000
vn 0.00000000 -1.00000000 0.00000000
vn 0.45749572 -0.76249284 0.45749572
vn 0.00000000 -0.44721359 -0.89442718
vn 0.48507124 -0.48507124 0.72760689
vn 0.00000000 0.00000000 -1.00000000
vn 0.55470020 0.00000000 0.83205032
vn 0.00000000 0.00000000 -1.00000000
vn 0.55470020 0.00000000 0.83205032
vn 0.00000000 0.00000000 -1.00000000
vn 0.55470020 0.00000000 0.83205032
vn 0.44721359 0.00000000 -0.89442718
vn 0.55470020 0.00000000 0.83205032
vn 0.51449573 0.00000000 -0.85749292
vn 0.16439898 0.00000000 0.98639393
vn 0.31622776 0.94868332 -0.00000000
vn 0.68824720 0.22941573 -0.68824720
vn 0.87038827 0.34815532 0.34815532
vn 0.94868332 0.31622776 0.00000000
vn 0.00000000 1.00000000 -0.00000000
vn 0.00000000 1.00000000 0.00000000
vn 0.55708599 -0.74278134 -0.37139067
vn 0.00000000 -1.00000000 -0.00000000
vn 0.00000000 -1.00000000 0.00000000
vn 0.51449573 -0.68599433 0.51449573
vn 0.83205032 -0.55470020 0.00000000
vn 0.00000000 -0.44721359 -0.89442718
vn 0.00000000 -1.00000000 -0.00000000
vn 0.37139067 -0.74278134 0.55708599
vn 0.00000000 0.00000000 -1.00000000
vn 0.13018891 -0.39056674 0.91132236
vn 0.00000000 0.00000000 -1.00000000
vn 0.16439898 0.00000000 0.98639393
vn 0.39391929 0.00000000 -0.91914505
vn 0.16439898 0.00000000 0.98639393
vn 0.00000000 0.00000000 -1.00000000
vn 0.70710677 0.00000000 0.70710677
vn 0.70710677 0.00000000 -0.70710677
vn 0.55470020 0.00000000 0.83205032
vn 0.44721359 0.89442718 -0.00000000
vn 0.85749292 0.51449573 -0.00000000
vn 0.70710677 0.70710677 0.00000000
vn 0.31622776 0.94868332 0.00000000
vn 0.80000001 -0.60000002 -0.00000000
vn 0.85749292 -0.51449573 0.00000000
vn 0.13018891 -0.39056674 -0.91132236
vn 0.00000000 -1.00000000 -0.00000000
vn 0.00000000 -1.00000000 0.00000000
vn 0.00000000 -1.00000000 0.00000000
vn 0.45749572 -0.76249284 0.45749572
vn 0.00000000 0.00000000 -1.00000000
vn 0.48507124 -0.48507124 0.72760689
vn 0.00000000 0.00000000 -1.00000000
vn 0.55470020 0.00000000 0.83205032
vn 0.00000000 0.00000000 -1.00000000
vn 0.62469506 0.00000000 0.78086883
vn 0.44721359 0.00000000 -0.89442718
vn 0.70710677 0.00000000 0.70710677
vn 0.31622776 0.94868332 -0.00000000
vn 0.85749292 0.51449573 -0.00000000
vn 0.89442718 0.44721359 0.00000000
vn 0.98994946 0.14142136 0.00000000
vn 0.94868332 0.31622776 0.00000000
vn 0.55708599 -0.74278134 -0.37139067
vn 0.00000000 -1.00000000 -0.00000000
vn 0.00000000 -1.00000000 0.00000000
vn 0.00000000 -1.00000000 0.00000000
vn 0.45749572 -0.76249284 0.45749572
vn 0.12309149 -0.49236596 -0.86164045
vn 0.48507124 -0.48507124 0.72760689
vn 0.37139067 0.00000000 -0.92847669
vn 0.55470020 0.00000000 0.83205032
vn 0.31622776 0.00000000 -0.94868332
vn 0.62469506 0.00000000 0.78086883
vn 0.44721359 0.00000000 -0.89442718
vn 0.70710677 0.00000000 0.70710677
vn 0.00000000 1.00000000 -0.00000000
vn 0.00000000 1.00000000 0.00000000
vn 1.00000000 -0.00000000 -0.00000000
vn 0.86824316 -0.49613893 0.00000000
vn 0.83205032 -0.55470020 0.00000000
vn 1.00000000 0.00000000 -0.00000000
vn 0.66666669 -0.33333334 -0.66666669
vn 0.48507124 -0.48507124 0.72760689
vn 1.00000000 0.00000000 -0.00000000
vn 0.83205032 0.00000000 -0.55470020
vn 0.60000002 0.00000000 0.80000001
vn 0.98058069 0.19611613 -0.00000000
vn 0.83205032 0.55470020 -0.00000000
vn 0.98639393 0.16439898 0.00000000
vn 0.97014248 0.24253562 0.00000000
vn 1.00000000 0.00000000 -0.00000000
vn 1.00000000 0.00000000 0.00000000
vn 1.00000000 -0.00000000 -0.00000000
vn 1.00000000 -0.00000000 0.00000000
vn 1.00000000 0.00000000 -0.00000000
vn 1.00000000 0.00000000 0.00000000
f 3//3 2//2 1//1
f 5//5 4//4 1//1
f 1//1 4//4 3//3
f 5//5 6//6 4//4
f 1//1 2//2 7//7
f 7//7 2//2 8//8
f 1//1 9//9 5//5
f 1//1 7//7 9//9
f 5//5 10//10 6//6
f 5//5 9//9 10//10
f 10//10 11//11 6//6
f 7//7 8//8 12//12
f 12//12 8//8 13//13
f 7//7 14//14 9//9
f 7//7 12//12 14//14
f 9//9 15//15 10//10
f 9//9 14//14 15//15
f 11//11 10//10 16//16
f 16//16 10//10 15//15
f 12//12 13//13 17//17
f 17//17 13//13 18//18
f 12//12 19//19 14//14
f 12//12 17//17 19//19
f 14//14 20//20 15//15
f 14//14 19//19 20//20
f 16//16 15//15 21//21
f 21//21 15//15 20//20
f 17//17 18//18 22//22
f 22//22 18//18 23//23
f 17//17 24//24 19//19
f 17//17 22//22 24//24
f 19//19 25//25 20//20
f 19//19 24//24 25//25
f 20//20 26//26 21//21
f 20//20 25//25 26//26
f 26//26 27//27 21//21
f 22//22 23//23 28//28
f 28//28 23//23 29//29
f 22//22 30//30 24//24
f 22//22 28//28 30//30
f 24//24 31//31 25//25
f 24//24 30//30 31//31
f 25//25 32//32 26//26
f 25//25 31//31 32//32
f 27//27 26//26 33//33
f 33//33 26//26 32//32
f 29//29 34//34 28//28
f 35//35 28//28 34//34
f 35//35 30//30 28//28
f 30//30 36//36 31//31
f 30//30 35//35 36//36
f 31//31 37//37 32//32
f 31//31 36//36 37//37
f 33//33 32//32 38//38
f 38//38 32//32 37//37
f 35//35 34//34 39//39
f 39//39 34//34 40//40
f 35//35 41//41 36//36
f 35//35 39//39 41//41
f 36//36 42//42 37//37
f 36//36 41//41 42//42
f 37//37 43//43 38//38
f 37//37 42//42 43//43
f 43//43 44//44 38//38
f 39//39 40//40 45//45
f 45//45 40//40 46//46
f 39//39 47//47 41//41
f 39//39 45//45 47//47
f 41//41 48//48 42//42
f 41//41 47//47 48//48
f 42//42 49//49 43//43
f 42//42 48//48 49//49
f 44//44 43//43 50//50
f 50//50 43//43 49//49
f 46//46 51//51 45//45
f 52//52 45//45 51//51
f 52//52 47//47 45//45
f 47//47 53//53 48//48
f 47//47 52//52 53//53
f 48//48 54//54 49//49
f 48//48 53//53 54//54
f 50//50 49//49 55//55
f 55//55 49//49 54//54
f 52//52 51//51 56//56
f 56//56 51//51 57//57
f 52//52 58//58 53//53
f 52//52 56//56 58//58
f 53//53 59//59 54//54
f 53//53 58//58 59//59
f 55//55 54//54 60//60
f 60//60 54//54 59//59
f 56//56 57//57 61//61
f 61//61 57//57 62//62
f 56//56 63//63 58//58
f 56//56 61//61 63//63
f 58//58 64//64 59//59
f 58//58 63//63 64//64
f 59//59 65//65 60//60
f 59//59 64//64 65//65
f 65//65 66//66 60//60
f 61//61 62//62 67//67
f 67//67 62//62 68//68
f 61//61 69//69 63//63
f 61//61 67//67 69//69
f 63//63 70//70 64//64
f 63//63 69//69 70//70
f 64//64 71//71 65//65
f 64//64 70//70 71//71
f 66//66 65//65 72//72
f 72//72 65//65 71//71
f 68//68 73//73 67//67
f 74//74 67//67 73//73
f 74//74 69//69 67//67
f 69//69 75//75 70//70
f 69//69 74//74 75//75
f 70//70 76//76 71//71
f 70//70 75//75 76//76
f 71//71 77//77 72//72
f 71//71 76//76 77//77
f 77//77 78//78 72//72
f 73//73 80//80 79//79
f 79//79 74//74 73//73
f 79//79 81//81 74//74
f 74//74 82//82 75//75
f 74//74 81//81 82//82
f 75//75 83//83 76//76
f 75//75 82//82 83//83
f 76//76 84//84 77//77
f 76//76 83//83 84//84
f 78//78 77//77 85//85
f 85//85 77//77 84//84
f 79//79 80//80 86//86
f 86//86 80//80 87//87
f 79//79 88//88 81//81
f 79//79 86//86 88//88
f 81//81 89//89 82//82
f 81//81 88//88 89//89
f 82//82 90//90 83//83
f 82//82 89//89 90//90
f 83//83 91//91 84//84
f 83//83 90//90 91//91
f 85//85 84//84 92//92
f 92//92 84//84 91//91
f 86//86 87//87 93//93
f 93//93 87//87 94//94
f 86//86 95//95 88//88
f 86//86 93//93 95//95
f 88//88 96//96 89//89
f 88//88 95//95 96//96
f 89//89 97//97 90//90
f 89//89 96//96 97//97
f 90//90 98//98 91//91
f 90//90 97//97 98//98
f 91//91 99//99 92//92
f 91//91 98//98 99//99
f 99//99 100//100 92//92
f 93//93 94//94 101//101
f 101//101 94//94 102//102
f 93//93 103//103 95//95
f 93//93 101//101 103//103
f 95//95 104//104 96//96
f 95//95 103//103 104//104
f 96//96 105//105 97//97
f 96//96 104//104 105//105
f 97//97 106//106 98//98
f 97//97 105//105 106//106
f 98//98 107//107 99//99
f 98//98 106//106 107//107
f 100//100 99//99 108//108
f 108//108 99//99 107//107
f 101//101 102//102 109//109
f 109//109 102//102 110//110
f 101//101 111//111 103//103
f 101//101 109//109 111//111
f 103//103 112//112 104//104
f 103//103 111//111 112//112
f 104//104 113//113 105//105
f 104//104 112//112 113//113
f 105//105 114//114 106//106
f 105//105 113//113 114//114
f 106//106 115//115 107//107
f 106//106 114//114 115//115
f 107//107 116//116 108//108
f 107//107 115//115 116//116
f 116//116 117//117 108//108
f 109//109 110//110 118//118
f 118//118 110//110 119//119
f 109//109 120//120 111//111
f 109//109 118//118 120//120
f 111//111 121//121 112//112
f 111//111 120//120 121//121
f 112//112 122//122 113//113
f 112//112 121//121 122//122
f 113//113 123//123 114//114
f 113//113 122//122 123//123
f 114//114 124//124 115//115
f 114//114 123//123 124//124
f 115//115 125//125 116//116
f 115//115 124//124 125//125
f 117//117 116//116 126//126
f 126//126 116//116 125//125
f 118//118 119//119 127//127
f 127//127 119//119 128//128
f 118//118 129//129 120//120
f 118//118 127//127 129//129
f 120//120 130//130 121//121
f 120//120 129//129 130//130
f 121//121 131//131 122//122
f 121//121 130//130 131//131
f 122//122 132//132 123//123
f 122//122 131//131 132//132
f 123//123 133//133 124//124
f 123//123 132//132 133//133
f 124//124 134//134 125//125
f 124//124 133//133 134//134
f 126//126 125//125 135//135
f 135//135 125//125 134//134
f 127//127 128//128 136//136
f 136//136 128//128 137//137
f 127//127 138//138 129//129
f 127//127 136//136 138//138
f 129//129 139//139 130//130
f 129//129 138//138 139//139
f 130//130 140//140 131//131
f 130//130 139//139 140//140
f 131//131 141//141 132//132
f 131//131 140//140 141//141
f 132//132 142//142 133//133
f 132//132 141//141 142//142
f 133//133 143//143 134//134
f 133//133 142//142 143//143
f 135//135 134//134 144//144
f 144//144 134//134 143//143
f 136//136 137//137 145//145
f 145//145 137//137 146//146
f 136//136 147//147 138//138
f 136//136 145//145 147//147
f 138//138 148//148 139//139
f 138//138 147//147 148//148
f 139//139 149//149 140//140
f 139//139 148//148 149//149
f 140//140 150//150 141//141
f 140//140 149//149 150//150
f 141//141 151//151 142//142
f 141//141 150//150 151//151
f 142//142 152//152 143//143
f 142//142 151//151 152//152
f 144//144 143//143 153//153
f 153//153 143//143 152//152
f 145//145 146//146 154//154
f 154//154 146//146 155//155
f 145//145 156//156 147//147
f 145//145 154//154 156//156
f 147//147 157//157 148//148
f 147//147 156//156 157//157
f 148//148 158//158 149//149
f 148//148 157//157 158//158
f 149//149 159//159 150//150
f 149//149 158//158 159//159
f 150//150 160//160 151//151
f 150//150 159//159 160//160
f 151//151 161//161 152//152
f 151//151 160//160 161//161
f 153//153 152//152 162//162
f 162//162 152//152 161//161
f 154//154 155//155 163//163
f 163//163 155//155 164//164
f 154//154 165//165 156//156
f 154//154 163//163 165//165
f 156//156 166//166 157//157
f 156//156 165//165 166//166
f 157//157 167//167 158//158
f 157//157 166//166 167//167
f 158//158 168//168 159//159
f 158//158 167//167 168//168
f 159//159 169//169 160//160
f 159//159 168//168 169//169
f 160//160 170//170 161//161
f 160//160 169//169 170//170
f 162//162 161//161 171//171
f 171//171 161//161 170//170
f 164//164 172//172 163//163
f 173//173 163//163 172//172
f 173//173 165//165 163//163
f 165//165 174//174 166//166
f 165//165 173//173 174//174
f 166//166 175//175 167//167
f 166//166 174//174 175//175
f 167//167 176//176 168//168
f 167//167 175//175 176//176
f 168//168 177//177 169//169
f 168//168 176//176 177//177
f 169//169 178//178 170//170
f 169//169 177//177 178//178
f 171//171 170//170 179//179
f 179//179 170//170 178//178
f 173//173 172//172 180//180
f 180//180 172//172 181//181
f 173//173 182//182 174//174
f 173//173 180//180 182//182
f 174//174 183//183 175//175
f 174//174 182//182 183//183
f 175//175 184//184 176//176
f 175//175 183//183 184//184
f 176//176 185//185 177//177
f 176//176 184//184 185//185
f 177//177 186//186 178//178
f 177//177 185//185 186//186
f 179//179 178//178 187//187
f 187//187 178//178 186//186
f 180//180 181//181 188//188
f 188//188 181//181 189//189
f 180//180 190//190 182//182
f 180//180 188//188 190//190
f 182//182 191//191 183//183
f 182//182 190//190 191//191
f 183//183 192//192 184//184
f 183//183 191//191 192//192
f 184//184 193//193 185//185
f 184//184 192//192 193//193
f 185//185 194//194 186//186
f 185//185 193//193 194//194
f 187//187 186//186 195//195
f 195//195 186//186 194//194
f 188//188 189//189 196//196
f 196//196 189//189 197//197
f 188//188 198//198 190//190
f 188//188 196//196 198//198
f 190//190 199//199 191//191
f 190//190 198//198 199//199
f 191//191 200//200 192//192
f 191//191 199//199 200//200
f 192//192 201//201 193//193
f 192//192 200//200 201//201
f 193//193 202//202 194//194
f 193//193 201//201 202//202
f 195//195 194//194 203//203
f 203//203 194//194 202//202
f 197//197 204//204 196//196
f 205//205 196//196 204//204
f 205//205 198//198 196//196
f 198//198 206//206 199//199
f 198//198 205//205 206//206
f 199//199 207//207 200//200
f 199//199 206//206 207//207
f 200//200 208//208 201//201
f 200//200 207//207 208//208
f 201//201 209//209 202//202
f 201//201 208//208 209//209
f 203//203 202//202 210//210
f 210//210 202//202 209//209
f 205//205 204//204 211//211
f 211//211 204//204 212//212
f 205//205 213//213 206//206
f 205//205 211//211 213//213
f 206//206 214//214 207//207
f 206//206 213//213 214//214
f 207//207 215//215 208//208
f 207//207 214//214 215//215
f 208//208 216//216 209//209
f 208//208 215//215 216//216
f 210//210 209//209 217//217
f 217//217 209//209 216//216
f 211//211 212//212 218//218
f 218//218 212//212 219//219
f 211//211 220//220 213//213
f 211//211 218//218 220//220
f 213//213 221//221 214//214
f 213//213 220//220 221//221
f 214//214 222//222 215//215
f 214//214 221//221 222//222
f 215//215 223//223 216//216
f 215//215 222//222 223//223
f 217//217 216//216 224//224
f 224//224 216//216 223//223
f 218//218 219//219 225//225
f 225//225 219//219 226//226
f 218//218 227//227 220//220
f 218//218 225//225 227//227
f 220//220 228//228 221//221
f 220//220 227//227 228//228
f 221//221 229//229 222//222
f 221//221 228//228 229//229
f 222//222 230//230 223//223
f 222//222 229//229 230//230
f 223//223 231//231 224//224
f 223//223 230//230 231//231
f 231//231 232//232 224//224
f 226//226 233//233 225//225
f 234//234 225//225 233//233
f 234//234 227//227 225//225
f 227//227 235//235 228//228
f 227//227 234//234 235//235
f 228//228 236//236 229//229
f 228//228 235//235 236//236
f 229//229 237//237 230//230
f 229//229 236//236 237//237
f 230//230 238//238 231//231
f 230//230 237//237 238//238
f 232//232 231//231 239//239
f 239//239 231//231 238//238
f 234//234 233//233 240//240
f 240//240 233//233 241//241
f 234//234 242//242 235//235
f 234//234 240//240 242//242
f 235//235 243//243 236//236
f 235//235 242//242 243//243
f 236//236 244//244 237//237
f 236//236 243//243 244//244
f 237//237 245//245 238//238
f 237//237 244//244 245//245
f 239//239 238//238 246//246
f 246//246 238//238 245//245
f 240//240 241//241 247//247
f 247//247 241//241 248//248
f 240//240 249//249 242//242
f 240//240 247//247 249//249
f 242//242 250//250 243//243
f 242//242 249//249 250//250
f 243//243 251//251 244//244
f 243//243 250//250 251//251
f 244//244 252//252 245//245
f 244//244 251//251 252//252
f 245//245 253//253 246//246
f 245//245 252//252 253//253
f 253//253 254//254 246//246
f 248//248 255//255 247//247
f 256//256 247//247 255//255
f 256//256 249//249 247//247
f 249//249 257//257 250//250
f 249//249 256//256 257//257
f 250//250 258//258 251//251
f 250//250 257//257 258//258
f 251//251 259//259 252//252
f 251//251 258//258 259//259
f 252//252 260//260 253//253
f 252//252 259//259 260//260
f 254//254 253//253 261//261
f 261//261 253//253 260//260
f 256//256 255//255 262//262
f 262//262 255//255 263//263
f 256//256 264//264 257//257
f 256//256 262//262 264//264
f 257//257 265//265 258//258
f 257//257 264//264 265//265
f 258//258 266//266 259//259
f 258//258 265//265 266//266
f 259//259 267//267 260//260
f 259//259 266//266 267//267
f 260//260 268//268 261//261
f 260//260 267//267 268//268
f 268//268 269//269 261//261
f 262//262 263//263 270//270
f 270//270 263//263 271//271
f 262//262 272//272 264//264
f 262//262 270//270 272//272
f 264//264 273//273 265//265
f 264//264 272//272 273//273
f 265//265 274//274 266//266
f 265//265 273//273 274//274
f 266//266 275//275 267//267
f 266//266 274//274 275//275
f 267//267 276//276 268//268
f 267//267 275//275 276//276
f 269//269 268//268 277//277
f 277//277 268//268 276//276
f 271//271 278//278 270//270
f 279//279 270//270 278//278
f 279//279 272//272 270//270
f 272//272 280//280 273//273
f 272//272 279//279 280//280
f 273//273 281//281 274//274
f 273//273 280//280 281//281
f 274//274 282//282 275//275
f 274//274 281//281 282//282
f 275//275 283//283 276//276
f 275//275 282//282 283//283
f 277//277 276//276 284//284
f 284//284 276//276 283//283
f 279//279 278//278 285//285
f 285//285 278//278 286//286
f 279//279 287//287 280//280
f 279//279 285//285 287//287
f 280//280 288//288 281//281
f 280//280 287//287 288//288
f 281//281 289//289 282//282
f 281//281 288//288 289//289
f 282//282 290//290 283//283
f 282//282 289//289 290//290
f 284//284 283//283 291//291
f 291//291 283//283 290//290
f 285//285 286//286 292//292
f 292//292 286//286 293//293
f 285//285 294//294 287//287
f 285//285 292//292 294//294
f 287//287 295//295 288//288
f 287//287 294//294 295//295
f 288//288 296//296 289//289
f 288//288 295//295 296//296
f 289//289 297//297 290//290
f 289//289 296//296 297//297
f 291//291 290//290 298//298
f 298//298 290//290 297//297
f 293//293 299//299 292//292
f 300//300 292//292 299//299
f 300//300 294//294 292//292
f 294//294 301//301 295//295
f 294//294 300//300 301//301
f 295//295 302//302 296//296
f 295//295 301//301 302//302
f 296//296 303//303 297//297
f 296//296 302//302 303//303
f 298//298 297//297 304//304
f 304//304 297//297 303//303
f 299//299 305//305 300//300
f 306//306 300//300 305//305
f 306//306 301//301 300//300
f 301//301 307//307 302//302
f 301//301 306//306 307//307
f 303//303 307//307 308//308
f 303//303 302//302 307//307
f 303//303 308//308 304//304
f 305//305 309//309 306//306
f 306//306 309//309 307//307
f 307//307 309//309 310//310
f 307//307 310//310 308//308
f 312//312 311//311 3//3
f 3//3 311//311 2//2
f 313//313 3//3 4//4
f 313//313 312//312 3//3
f 314//314 4//4 6//6
f 314//314 313//313 4//4
f 6//6 315//315 314//314
f 311//311 316//316 8//8
f 2//2 311//311 8//8
f 11//11 315//315 6//6
f 11//11 317//317 315//315
f 8//8 316//316 13//13
f 13//13 316//316 318//318
f 317//317 11//11 319//319
f 319//319 11//11 16//16
f 13//13 318//318 18//18
f 18//18 318//318 320//320
f 16//16 321//321 319//319
f 16//16 21//21 321//321
f 321//321 322//322 319//319
f 18//18 320//320 23//23
f 23//23 320//320 323//323
f 321//321 21//21 27//27
f 322//322 321//321 324//324
f 324//324 321//321 27//27
f 23//23 323//323 29//29
f 29//29 323//323 325//325
f 27//27 326//326 324//324
f 27//27 33//33 326//326
f 326//326 327//327 324//324
f 29//29 325//325 328//328
f 328//328 325//325 329//329
f 328//328 34//34 29//29
f 33//33 330//330 326//326
f 33//33 38//38 330//330
f 327//327 326//326 331//331
f 331//331 326//326 330//330
f 329//329 332//332 328//328
f 40//40 328//328 332//332
f 40//40 34//34 328//328
f 330//330 38//38 44//44
f 331//331 330//330 333//333
f 333//333 330//330 44//44
f 40//40 332//332 46//46
f 46//46 332//332 334//334
f 44//44 335//335 333//333
f 44//44 50//50 335//335
f 335//335 336//336 333//333
f 46//46 334//334 337//337
f 337//337 334//334 338//338
f 337//337 51//51 46//46
f 50//50 339//339 335//335
f 50//50 55//55 339//339
f 336//336 335//335 340//340
f 340//340 335//335 339//339
f 337//337 338//338 341//341
f 341//341 338//338 342//342
f 337//337 57//57 51//51
f 337//337 341//341 57//57
f 55//55 343//343 339//339
f 55//55 60//60 343//343
f 340//340 339//339 344//344
f 344//344 339//339 343//343
f 342//342 345//345 341//341
f 62//62 341//341 345//345
f 62//62 57//57 341//341
f 343//343 60//60 66//66
f 343//343 346//346 344//344
f 343//343 66//66 346//346
f 346//346 347//347 344//344
f 62//62 345//345 68//68
f 68//68 345//345 348//348
f 66//66 349//349 346//346
f 66//66 72//72 349//349
f 347//347 346//346 350//350
f 350//350 346//346 349//349
f 68//68 348//348 351//351
f 351//351 348//348 352//352
f 351//351 73//73 68//68
f 349//349 72//72 78//78
f 350//350 349//349 353//353
f 353//353 349//349 78//78
f 351//351 352//352 80//80
f 80//80 352//352 354//354
f 351//351 80//80 73//73
f 78//78 355//355 353//353
f 78//78 85//85 355//355
f 355//355 356//356 353//353
f 80//80 354//354 87//87
f 87//87 354//354 357//357
f 85//85 358//358 355//355
f 85//85 92//92 358//358
f 356//356 355//355 359//359
f 359//359 355//355 358//358
f 87//87 357//357 94//94
f 94//94 357//357 360//360
f 358//358 92//92 100//100
f 359//359 358//358 361//361
f 361//361 358//358 100//100
f 94//94 360//360 102//102
f 102//102 360//360 362//362
f 100//100 363//363 361//361
f 100//100 108//108 363//363
f 363//363 364//364 361//361
f 102//102 362//362 110//110
f 110//110 362//362 365//365
f 363//363 108//108 117//117
f 364//364 363//363 366//366
f 366//366 363//363 117//117
f 110//110 365//365 119//119
f 119//119 365//365 367//367
f 366//366 117//117 368//368
f 368//368 117//117 126//126
f 119//119 367//367 128//128
f 128//128 367//367 369//369
f 368//368 126//126 370//370
f 370//370 126//126 135//135
f 128//128 369//369 137//137
f 137//137 369//369 371//371
f 370//370 135//135 372//372
f 372//372 135//135 144//144
f 137//137 371//371 146//146
f 146//146 371//371 373//373
f 372//372 144//144 374//374
f 374//374 144//144 153//153
f 146//146 373//373 155//155
f 155//155 373//373 375//375
f 153//153 376//376 374//374
f 153//153 162//162 376//376
f 376//376 377//377 374//374
f 155//155 375//375 164//164
f 164//164 375//375 378//378
f 162//162 379//379 376//376
f 162//162 171//171 379//379
f 377//377 376//376 380//380
f 380//380 376//376 379//379
f 164//164 378//378 381//381
f 381//381 378//378 382//382
f 381//381 172//172 164//164
f 171//171 383//383 379//379
f 171//171 179//179 383//383
f 380//380 379//379 384//384
f 384//384 379//379 383//383
f 381//381 382//382 385//385
f 385//385 382//382 386//386
f 381//381 181//181 172//172
f 381//381 385//385 181//181
f 179//179 387//387 383//383
f 179//179 187//187 387//387
f 384//384 383//383 388//388
f 388//388 383//383 387//387
f 386//386 389//389 385//385
f 189//189 385//385 389//389
f 189//189 181//181 385//385
f 187//187 390//390 387//387
f 187//187 195//195 390//390
f 388//388 387//387 391//391
f 391//391 387//387 390//390
f 189//189 389//389 197//197
f 197//197 389//389 392//392
f 195//195 393//393 390//390
f 195//195 203//203 393//393
f 391//391 390//390 394//394
f 394//394 390//390 393//393
f 197//197 392//392 395//395
f 395//395 392//392 396//396
f 395//395 204//204 197//197
f 203//203 397//397 393//393
f 203//203 210//210 397//397
f 394//394 393//393 398//398
f 398//398 393//393 397//397
f 395//395 396//396 399//399
f 399//399 396//396 400//400
f 395//395 212//212 204//204
f 395//395 399//399 212//212
f 210//210 401//401 397//397
f 210//210 217//217 401//401
f 398//398 397//397 402//402
f 402//402 397//397 401//401
f 399//399 400//400 403//403
f 403//403 400//400 404//404
f 399//399 219//219 212//212
f 399//399 403//403 219//219
f 217//217 405//405 401//401
f 217//217 224//224 405//405
f 402//402 401//401 406//406
f 406//406 401//401 405//405
f 404//404 407//407 403//403
f 226//226 403//403 407//407
f 226//226 219//219 403//403
f 405//405 224//224 232//232
f 406//406 405//405 408//408
f 408//408 405//405 232//232
f 226//226 407//407 409//409
f 409//409 407//407 410//410
f 409//409 233//233 226//226
f 232//232 411//411 408//408
f 232//232 239//239 411//411
f 411//411 412//412 408//408
f 409//409 410//410 413//413
f 413//413 410//410 414//414
f 409//409 241//241 233//233
f 409//409 413//413 241//241
f 239//239 415//415 411//411
f 239//239 246//246 415//415
f 412//412 411//411 416//416
f 416//416 411//411 415//415
f 414//414 417//417 413//413
f 248//248 413//413 417//417
f 248//248 241//241 413//413
f 415//415 246//246 254//254
f 416//416 415//415 418//418
f 418//418 415//415 254//254
f 248//248 417//417 419//419
f 419//419 417//417 420//420
f 419//419 255//255 248//248
f 418//418 254//254 421//421
f 421//421 254//254 261//261
f 419//419 420//420 422//422
f 422//422 420//420 423//423
f 419//419 263//263 255//255
f 419//419 422//422 263//263
f 269//269 421//421 261//261
f 269//269 424//424 421//421
f 423//423 425//425 422//422
f 271//271 422//422 425//425
f 271//271 263//263 422//422
f 424//424 269//269 426//426
f 426//426 269//269 277//277
f 271//271 425//425 427//427
f 427//427 425//425 428//428
f 427//427 278//278 271//271
f 426//426 277//277 429//429
f 429//429 277//277 284//284
f 427//427 428//428 430//430
f 430//430 428//428 431//431
f 427//427 286//286 278//278
f 427//427 430//430 286//286
f 429//429 284//284 432//432
f 432//432 284//284 291//291
f 431//431 433//433 430//430
f 293//293 430//430 433//433
f 293//293 286//286 430//430
f 432//432 291//291 434//434
f 434//434 291//291 298//298
f 293//293 433//433 435//435
f 435//435 433//433 436//436
f 435//435 299//299 293//293
f 434//434 298//298 437//437
f 437//437 298//298 304//304
f 436//436 438//438 435//435
f 439//439 435//435 438//438
f 439//439 299//299 435//435
f 439//439 305//305 299//299
f 440//440 304//304 308//308
f 437//437 304//304 441//441
f 441//441 304//304 440//440
f 438//438 442//442 439//439
f 443//443 439//439 442//442
f 443//443 305//305 439//439
f 443//443 309//309 305//305
f 444//444 308//308 310//310
f 440//440 444//444 445//445
f 440//440 308//308 444//444
f 440//440 445//445 441//441
f 442//442 446//446 443//443
f 447//447 443//443 446//446
f 447//447 309//309 443//443
f 309//309 448//448 310//310
f 309//309 447//447 448//448
f 444//444 448//448 449//449
f 444//444 310//310 448//448
f 444//444 449//449 445//445
f 446//446 450//450 447//447
f 447//447 450//450 448//448
f 448//448 450//450 451//451
f 448//448 451//451 449//449
f 453//453 452//452 312//312
f 312//312 452//452 311//311
f 454//454 312//312 313//313
f 454//454 453//453 312//312
f 455//455 313//313 314//314
f 455//455 454//454 313//313
f 314//314 315//315 455//455
f 455//455 315//315 456//456
f 452//452 457//457 311//311
f 311//311 457//457 316//316
f 315//315 317//317 456//456
f 456//456 317//317 458//458
f 457//457 318//318 316//316
f 459//459 318//318 457//457
f 317//317 319//319 458//458
f 319//319 460//460 458//458
f 459//459 320//320 318//318
f 461//461 320//320 459//459
f 322//322 460//460 319//319
f 322//322 462//462 460//460
f 461//461 323//323 320//320
f 463//463 323//323 461//461
f 462//462 322//322 464//464
f 464//464 322//322 324//324
f 463//463 325//325 323//323
f 465//465 325//325 463//463
f 327//327 464//464 324//324
f 327//327 466//466 464//464
f 465//465 329//329 325//325
f 467//467 329//329 465//465
f 327//327 331//331 466//466
f 331//331 468//468 466//466
f 329//329 469//469 332//332
f 329//329 467//467 469//469
f 468//468 331//331 470//470
f 470//470 331//331 333//333
f 332//332 469//469 334//334
f 334//334 469//469 471//471
f 336//336 470//470 333//333
f 336//336 472//472 470//470
f 334//334 471//471 338//338
f 338//338 471//471 473//473
f 472//472 336//336 474//474
f 474//474 336//336 340//340
f 473//473 475//475 338//338
f 342//342 338//338 475//475
f 474//474 340//340 476//476
f 476//476 340//340 344//344
f 342//342 477//477 345//345
f 342//342 475//475 477//477
f 347//347 476//476 344//344
f 347//347 478//478 476//476
f 345//345 477//477 348//348
f 348//348 477//477 479//479
f 347//347 350//350 478//478
f 350//350 480//480 478//478
f 348//348 479//479 352//352
f 352//352 479//479 481//481
f 480//480 350//350 482//482
f 482//482 350//350 353//353
f 352//352 481//481 354//354
f 354//354 481//481 483//483
f 356//356 482//482 353//353
f 356//356 484//484 482//482
f 354//354 483//483 357//357
f 357//357 483//483 485//485
f 356//356 359//359 484//484
f 359//359 486//486 484//484
f 357//357 485//485 360//360
f 360//360 485//485 487//487
f 486//486 359//359 488//488
f 488//488 359//359 361//361
f 360//360 487//487 362//362
f 362//362 487//487 489//489
f 364//364 488//488 361//361
f 364//364 490//490 488//488
f 362//362 489//489 365//365
f 365//365 489//489 491//491
f 366//366 490//490 364//364
f 366//366 492//492 490//490
f 365//365 491//491 367//367
f 367//367 491//491 493//493
f 366//366 368//368 492//492
f 368//368 494//494 492//492
f 367//367 493//493 369//369
f 369//369 493//493 495//495
f 494//494 368//368 496//496
f 496//496 368//368 370//370
f 369//369 495//495 371//371
f 371//371 495//495 497//497
f 496//496 370//370 498//498
f 498//498 370//370 372//372
f 371//371 497//497 373//373
f 373//373 497//497 499//499
f 498//498 372//372 500//500
f 500//500 372//372 374//374
f 499//499 501//501 373//373
f 375//375 373//373 501//501
f 377//377 500//500 374//374
f 377//377 502//502 500//500
f 501//501 378//378 375//375
f 503//503 378//378 501//501
f 380//380 502//502 377//377
f 380//380 504//504 502//502
f 503//503 382//382 378//378
f 505//505 382//382 503//503
f 384//384 504//504 380//380
f 384//384 506//506 504//504
f 505//505 386//386 382//382
f 507//507 386//386 505//505
f 388//388 506//506 384//384
f 388//388 508//508 506//506
f 386//386 509//509 389//389
f 386//386 507//507 509//509
f 391//391 508//508 388//388
f 391//391 510//510 508//508
f 389//389 509//509 392//392
f 392//392 509//509 511//511
f 391//391 394//394 510//510
f 394//394 512//512 510//510
f 392//392 511//511 396//396
f 396//396 511//511 513//513
f 512//512 394//394 514//514
f 514//514 394//394 398//398
f 513//513 515//515 396//396
f 400//400 396//396 515//515
f 514//514 398//398 516//516
f 516//516 398//398 402//402
f 515//515 404//404 400//400
f 517//517 404//404 515//515
f 516//516 402//402 518//518
f 518//518 402//402 406//406
f 404//404 519//519 407//407
f 404//404 517//517 519//519
f 518//518 406//406 520//520
f 520//520 406//406 408//408
f 407//407 519//519 410//410
f 410//410 519//519 521//521
f 412//412 520//520 408//408
f 412//412 522//522 520//520
f 521//521 523//523 410//410
f 414//414 410//410 523//523
f 416//416 522//522 412//412
f 416//416 524//524 522//522
f 414//414 525//525 417//417
f 414//414 523//523 525//525
f 416//416 418//418 524//524
f 418//418 526//526 524//524
f 417//417 525//525 420//420
f 420//420 525//525 527//527
f 526//526 418//418 528//528
f 528//528 418//418 421//421
f 527//527 529//529 420//420
f 423//423 420//420 529//529
f 424//424 528//528 421//421
f 424//424 530//530 528//528
f 423//423 531//531 425//425
f 423//423 529//529 531//531
f 426//426 530//530 424//424
f 426//426 532//532 530//530
f 425//425 531//531 428//428
f 428//428 531//531 533//533
f 426//426 429//429 532//532
f 429//429 534//534 532//532
f 533//533 535//535 428//428
f 431//431 428//428 535//535
f 534//534 429//429 536//536
f 536//536 429//429 432//432
f 431//431 537//537 433//433
f 431//431 535//535 537//537
f 536//536 432//432 538//538
f 538//538 432//432 434//434
f 433//433 537//537 436//436
f 436//436 537//537 539//539
f 437//437 540//540 434//434
f 434//434 540//540 538//538
f 539//539 541//541 436//436
f 436//436 541//541 438//438
f 441//441 540//540 437//437
f 441//441 542//542 540//540
f 541//541 543//543 438//438
f 438//438 543//543 442//442
f 544//544 441//441 445//445
f 544//544 542//542 441//441
f 543//543 545//545 442//442
f 442//442 545//545 446//446
f 449//449 546//546 445//445
f 445//445 546//546 544//544
f 545//545 547//547 446//446
f 547//547 450//450 446//446
f 547//547 548//548 450//450
f 450//450 549//549 451//451
f 548//548 549//549 450//450
f 451//451 550//550 449//449
f 451//451 549//549 550//550
f 449//449 550//550 546//546
f 551//551 452//452 453//453
f 453//453 552//552 551//551
f 453//453 454//454 552//552
f 552//552 455//455 553//553
f 552//552 454//454 455//455
f 456//456 553//553 455//455
f 555//555 554//554 452//452
f 452//452 554//554 457//457
f 555//555 452//452 551//551
f 556//556 553//553 456//456
f 456//456 458//458 556//556
f 556//556 458//458 557//557
f 554//554 459//459 457//457
f 558//558 459//459 554//554
f 458//458 460//460 557//557
f 557//557 460//460 559//559
f 558//558 560//560 461//461
f 459//459 558//558 461//461
f 460//460 462//462 559//559
f 559//559 462//462 561//561
f 461//461 560//560 463//463
f 463//463 560//560 562//562
f 464//464 561//561 462//462
f 464//464 563//563 561//561
f 463//463 562//562 465//465
f 465//465 562//562 564//564
f 464//464 466//466 563//563
f 466//466 565//565 563//563
f 465//465 564//564 467//467
f 467//467 564//564 566//566
f 468//468 565//565 466//466
f 468//468 567//567 565//565
f 566//566 568//568 467//467
f 469//469 467//467 568//568
f 468//468 470//470 567//567
f 470//470 569//569 567//567
f 568//568 471//471 469//469
f 570//570 471//471 568//568
f 472//472 569//569 470//470
f 472//472 571//571 569//569
f 570//570 473//473 471//471
f 572//572 473//473 570//570
f 474//474 571//571 472//472
f 474//474 573//573 571//571
f 473//473 574//574 475//475
f 473//473 572//572 574//574
f 474//474 476//476 573//573
f 476//476 575//575 573//573
f 475//475 574//574 477//477
f 477//477 574//574 576//576
f 575//575 476//476 577//577
f 577//577 476//476 478//478
f 477//477 576//576 479//479
f 479//479 576//576 578//578
f 480//480 577//577 478//478
f 480//480 579//579 577//577
f 479//479 578//578 481//481
f 481//481 578//578 580//580
f 480//480 482//482 579//579
f 482//482 581//581 579//579
f 580//580 582//582 481//481
f 483//483 481//481 582//582
f 581//581 482//482 583//583
f 583//583 482//482 484//484
f 582//582 485//485 483//483
f 584//584 485//485 582//582
f 486//486 583//583 484//484
f 486//486 585//585 583//583
f 584//584 487//487 485//485
f 586//586 487//487 584//584
f 488//488 585//585 486//486
f 488//488 587//587 585//585
f 586//586 489//489 487//487
f 588//588 489//489 586//586
f 488//488 490//490 587//587
f 490//490 589//589 587//587
f 588//588 491//491 489//489
f 590//590 491//491 588//588
f 589//589 490//490 591//591
f 591//591 490//490 492//492
f 590//590 493//493 491//491
f 592//592 493//493 590//590
f 494//494 591//591 492//492
f 494//494 593//593 591//591
f 592//592 495//495 493//493
f 594//594 495//495 592//592
f 496//496 593//593 494//494
f 496//496 595//595 593//593
f 594//594 497//497 495//495
f 596//596 497//497 594//594
f 498//498 595//595 496//496
f 498//498 597//597 595//595
f 596//596 499//499 497//497
f 598//598 499//499 596//596
f 498//498 500//500 597//597
f 500//500 599//599 597//597
f 499//499 600//600 501//501
f 499//499 598//598 600//600
f 599//599 500//500 601//601
f 601//601 500//500 502//502
f 501//501 600//600 503//503
f 503//503 600//600 602//602
f 601//601 502//502 603//603
f 603//603 502//502 504//504
f 503//503 602//602 505//505
f 505//505 602//602 604//604
f 603//603 504//504 605//605
f 605//605 504//504 506//506
f 505//505 604//604 507//507
f 507//507 604//604 606//606
f 605//605 506//506 607//607
f 607//607 506//506 508//508
f 507//507 606//606 509//509
f 509//509 606//606 608//608
f 607//607 508//508 609//609
f 609//609 508//508 510//510
f 608//608 610//610 509//509
f 511//511 509//509 610//610
f 512//512 609//609 510//510
f 512//512 611//611 609//609
f 610//610 513//513 511//511
f 612//612 513//513 610//610
f 514//514 611//611 512//512
f 514//514 613//613 611//611
f 513//513 614//614 515//515
f 513//513 612//612 614//614
f 516//516 613//613 514//514
f 516//516 615//615 613//613
f 515//515 614//614 517//517
f 517//517 614//614 616//616
f 516//516 518//518 615//615
f 518//518 617//617 615//615
f 517//517 616//616 519//519
f 519//519 616//616 618//618
f 617//617 518//518 619//619
f 619//619 518//518 520//520
f 618//618 620//620 519//519
f 521//521 519//519 620//620
f 619//619 520//520 621//621
f 621//621 520//520 522//522
f 521//521 622//622 523//523
f 521//521 620//620 622//622
f 621//621 522//522 623//623
f 623//623 522//522 524//524
f 523//523 622//622 525//525
f 525//525 622//622 624//624
f 526//526 623//623 524//524
f 526//526 625//625 623//623
f 624//624 626//626 525//525
f 527//527 525//525 626//626
f 528//528 625//625 526//526
f 528//528 627//627 625//625
f 527//527 628//628 529//529
f 527//527 626//626 628//628
f 528//528 530//530 627//627
f 530//530 629//629 627//627
f 529//529 628//628 531//531
f 531//531 628//628 630//630
f 629//629 530//530 631//631
f 631//631 530//530 532//532
f 630//630 632//632 531//531
f 533//533 531//531 632//632
f 534//534 631//631 532//532
f 534//534 633//633 631//631
f 533//533 634//634 535//535
f 533//533 632//632 634//634
f 536//536 633//633 534//534
f 536//536 635//635 633//633
f 535//535 634//634 537//537
f 537//537 634//634 636//636
f 538//538 635//635 536//536
f 538//538 637//637 635//635
f 636//636 638//638 537//537
f 539//539 537//537 638//638
f 639//639 538//538 540//540
f 639//639 637//637 538//538
f 539//539 640//640 541//541
f 539//539 638//638 640//640
f 542//542 641//641 540//540
f 540//540 641//641 639//639
f 640//640 642//642 541//541
f 541//541 642//642 543//543
f 544//544 641//641 542//542
f 544//544 643//643 641//641
f 642//642 644//644 543//543
f 543//543 644//644 545//545
f 544//544 546//546 643//643
f 643//643 546//546 645//645
f 644//644 646//646 545//545
f 646//646 547//547 545//545
f 646//646 647//647 547//547
f 547//547 648//648 548//548
f 647//647 648//648 547//547
f 548//548 649//649 549//549
f 648//648 649//649 548//548
f 549//549 650//650 550//550
f 649//649 650//650 549//549
f 546//546 550//550 645//645
f 645//645 550//550 650//650
f 651//651 551//551 552//552
f 553//553 651//651 552//552
f 652//652 554//554 555//555
f 555//555 653//653 652//652
f 555//555 551//551 653//653
f 653//653 551//551 651//651
f 654//654 651//651 553//553
f 655//655 553//553 556//556
f 655//655 654//654 553//553
f 556//556 557//557 655//655
f 655//655 557//557 656//656
f 657//657 554//554 652//652
f 657//657 558//558 554//554
f 557//557 559//559 656//656
f 656//656 559//559 658//658
f 657//657 659//659 558//558
f 558//558 659//659 560//560
f 559//559 561//561 658//658
f 658//658 561//561 660//660
f 659//659 562//562 560//560
f 661//661 562//562 659//659
f 561//561 563//563 660//660
f 563//563 662//662 660//660
f 661//661 564//564 562//562
f 663//663 564//564 661//661
f 565//565 662//662 563//563
f 565//565 664//664 662//662
f 663//663 566//566 564//564
f 665//665 566//566 663//663
f 565//565 567//567 664//664
f 567//567 666//666 664//664
f 566//566 667//667 568//568
f 566//566 665//665 667//667
f 569//569 666//666 567//567
f 569//569 668//668 666//666
f 568//568 667//667 570//570
f 570//570 667//667 669//669
f 571//571 668//668 569//569
f 571//571 670//670 668//668
f 669//669 671//671 570//570
f 572//572 570//570 671//671
f 571//571 573//573 670//670
f 573//573 672//672 670//670
f 671//671 574//574 572//572
f 673//673 574//574 671//671
f 575//575 672//672 573//573
f 575//575 674//674 672//672
f 673//673 576//576 574//574
f 675//675 576//576 673//673
f 577//577 674//674 575//575
f 577//577 676//676 674//674
f 675//675 578//578 576//576
f 677//677 578//578 675//675
f 577//577 579//579 676//676
f 579//579 678//678 676//676
f 677//677 580//580 578//578
f 679//679 580//580 677//677
f 581//581 678//678 579//579
f 581//581 680//680 678//678
f 580//580 681//681 582//582
f 580//580 679//679 681//681
f 583//583 680//680 581//581
f 583//583 682//682 680//680
f 582//582 681//681 584//584
f 584//584 681//681 683//683
f 583//583 585//585 682//682
f 585//585 684//684 682//682
f 584//584 683//683 586//586
f 586//586 683//683 685//685
f 684//684 585//585 686//686
f 686//686 585//585 587//587
f 586//586 685//685 588//588
f 588//588 685//685 687//687
f 589//589 686//686 587//587
f 589//589 688//688 686//686
f 588//588 687//687 590//590
f 590//590 687//687 689//689
f 591//591 688//688 589//589
f 591//591 690//690 688//688
f 590//590 689//689 592//592
f 592//592 689//689 691//691
f 593//593 690//690 591//591
f 593//593 692//692 690//690
f 691//691 693//693 592//592
f 594//594 592//592 693//693
f 593//593 595//595 692//692
f 595//595 694//694 692//692
f 693//693 596//596 594//594
f 695//695 596//596 693//693
f 694//694 595//595 696//696
f 696//696 595//595 597//597
f 695//695 598//598 596//596
f 697//697 598//598 695//695
f 599//599 696//696 597//597
f 599//599 698//698 696//696
f 697//697 600//600 598//598
f 699//699 600//600 697//697
f 601//601 698//698 599//599
f 601//601 700//700 698//698
f 699//699 602//602 600//600
f 701//701 602//602 699//699
f 603//603 700//700 601//601
f 603//603 702//702 700//700
f 701//701 604//604 602//602
f 703//703 604//604 701//701
f 605//605 702//702 603//603
f 605//605 704//704 702//702
f 703//703 606//606 604//604
f 705//705 606//606 703//703
f 607//607 704//704 605//605
f 607//607 706//706 704//704
f 705//705 608//608 606//606
f 707//707 608//608 705//705
f 607//607 609//609 706//706
f 609//609 708//708 706//706
f 608//608 709//709 610//610
f 608//608 707//707 709//709
f 708//708 609//609 710//710
f 710//710 609//609 611//611
f 610//610 709//709 612//612
f 612//612 709//709 711//711
f 710//710 611//611 712//712
f 712//712 611//611 613//613
f 711//711 713//713 612//612
f 614//614 612//612 713//713
f 712//712 613//613 714//714
f 714//714 613//613 615//615
f 713//713 616//616 614//614
f 715//715 616//616 713//713
f 617//617 714//714 615//615
f 617//617 716//716 714//714
f 715//715 618//618 616//616
f 717//717 618//618 715//715
f 619//619 716//716 617//617
f 619//619 718//718 716//716
f 618//618 719//719 620//620
f 618//618 717//717 719//719
f 621//621 718//718 619//619
f 621//621 720//720 718//718
f 719//719 721//721 620//620
f 622//622 620//620 721//721
f 623//623 720//720 621//621
f 623//623 722//722 720//720
f 721//721 624//624 622//622
f 723//723 624//624 721//721
f 623//623 625//625 722//722
f 625//625 724//724 722//722
f 624//624 725//725 626//626
f 624//624 723//723 725//725
f 724//724 625//625 726//726
f 726//726 625//625 627//627
f 626//626 725//725 628//628
f 628//628 725//725 727//727
f 629//629 726//726 627//627
f 629//629 728//728 726//726
f 727//727 729//729 628//628
f 630//630 628//628 729//729
f 631//631 728//728 629//629
f 631//631 730//730 728//728
f 630//630 731//731 632//632
f 630//630 729//729 731//731
f 633//633 730//730 631//631
f 633//633 732//732 730//730
f 731//731 733//733 632//632
f 634//634 632//632 733//733
f 635//635 732//732 633//633
f 635//635 734//734 732//732
f 733//733 636//636 634//634
f 735//735 636//636 733//733
f 637//637 734//734 635//635
f 637//637 736//736 734//734
f 636//636 737//737 638//638
f 636//636 735//735 737//737
f 639//639 736//736 637//637
f 639//639 738//738 736//736
f 737//737 739//739 638//638
f 640//640 638//638 739//739
f 639//639 641//641 738//738
f 738//738 641//641 740//740
f 739//739 741//741 640//640
f 640//640 741//741 642//642
f 643//643 740//740 641//641
f 643//643 742//742 740//740
f 741//741 743//743 642//642
f 642//642 743//743 644//644
f 643//643 645//645 742//742
f 742//742 645//645 744//744
f 743//743 745//745 644//644
f 644//644 745//745 646//646
f 646//646 746//746 647//647
f 745//745 746//746 646//646
f 647//647 747//747 648//648
f 746//746 747//747 647//647
f 648//648 748//748 649//649
f 747//747 748//748 648//648
f 649//649 749//749 650//650
f 748//748 749//749 649//649
f 645//645 650//650 744//744
f 744//744 650//650 749//749
f 751//751 750//750 653//653
f 653//653 750//750 652//652
f 752//752 653//653 651//651
f 752//752 751//751 653//653
f 753//753 651//651 654//654
f 753//753 752//752 651//651
f 754//754 654//654 655//655
f 754//754 753//753 654//654
f 655//655 656//656 754//754
f 754//754 656//656 755//755
f 750//750 756//756 652//652
f 652//652 756//756 657//657
f 656//656 658//658 755//755
f 755//755 658//658 757//757
f 756//756 758//758 657//657
f 657//657 758//758 659//659
f 658//658 660//660 757//757
f 757//757 660//660 759//759
f 758//758 661//661 659//659
f 760//760 661//661 758//758
f 660//660 662//662 759//759
f 759//759 662//662 761//761
f 760//760 663//663 661//661
f 762//762 663//663 760//760
f 664//664 761//761 662//662
f 664//664 763//763 761//761
f 762//762 665//665 663//663
f 764//764 665//665 762//762
f 664//664 666//666 763//763
f 763//763 666//666 765//765
f 764//764 667//667 665//665
f 766//766 667//667 764//764
f 668//668 765//765 666//666
f 668//668 767//767 765//765
f 766//766 669//669 667//667
f 768//768 669//669 766//766
f 668//668 670//670 767//767
f 670//670 769//769 767//767
f 669//669 770//770 671//671
f 669//669 768//768 770//770
f 672//672 769//769 670//670
f 672//672 771//771 769//769
f 671//671 770//770 673//673
f 673//673 770//770 772//772
f 674//674 771//771 672//672
f 674//674 773//773 771//771
f 673//673 772//772 675//675
f 675//675 772//772 774//774
f 674//674 676//676 773//773
f 676//676 775//775 773//773
f 774//774 776//776 675//675
f 677//677 675//675 776//776
f 678//678 775//775 676//676
f 678//678 777//777 775//775
f 776//776 679//679 677//677
f 778//778 679//679 776//776
f 680//680 777//777 678//678
f 680//680 779//779 777//777
f 778//778 681//681 679//679
f 780//780 681//681 778//778
f 680//680 682//682 779//779
f 682//682 781//781 779//779
f 780//780 683//683 681//681
f 782//782 683//683 780//780
f 684//684 781//781 682//682
f 684//684 783//783 781//781
f 782//782 685//685 683//683
f 784//784 685//685 782//782
f 686//686 783//783 684//684
f 686//686 785//785 783//783
f 784//784 687//687 685//685
f 786//786 687//687 784//784
f 688//688 785//785 686//686
f 688//688 787//787 785//785
f 786//786 689//689 687//687
f 788//788 689//689 786//786
f 688//688 690//690 787//787
f 690//690 789//789 787//787
f 788//788 691//691 689//689
f 790//790 691//691 788//788
f 789//789 690//690 791//791
f 791//791 690//690 692//692
f 691//691 792//792 693//693
f 691//691 790//790 792//792
f 694//694 791//791 692//692
f 694//694 793//793 791//791
f 693//693 792//792 695//695
f 695//695 792//792 794//794
f 696//696 793//793 694//694
f 696//696 795//795 793//793
f 695//695 794//794 697//697
f 697//697 794//794 796//796
f 698//698 795//795 696//696
f 698//698 797//797 795//795
f 697//697 796//796 699//699
f 699//699 796//796 798//798
f 700//700 797//797 698//698
f 700//700 799//799 797//797
f 699//699 798//798 701//701
f 701//701 798//798 800//800
f 700//700 702//702 799//799
f 702//702 801//801 799//799
f 800//800 802//802 701//701
f 703//703 701//701 802//802
f 801//801 702//702 803//803
f 803//803 702//702 704//704
f 802//802 705//705 703//703
f 804//804 705//705 802//802
f 803//803 704//704 805//805
f 805//805 704//704 706//706
f 804//804 707//707 705//705
f 806//806 707//707 804//804
f 708//708 805//805 706//706
f 708//708 807//807 805//805
f 806//806 709//709 707//707
f 808//808 709//709 806//806
f 710//710 807//807 708//708
f 710//710 809//809 807//807
f 808//808 711//711 709//709
f 810//810 711//711 808//808
f 712//712 809//809 710//710
f 712//712 811//811 809//809
f 711//711 812//812 713//713
f 711//711 810//810 812//812
f 714//714 811//811 712//712
f 714//714 813//813 811//811
f 812//812 814//814 713//713
f 715//715 713//713 814//814
f 716//716 813//813 714//714
f 716//716 815//815 813//813
f 814//814 717//717 715//715
f 816//816 717//717 814//814
f 716//716 718//718 815//815
f 718//718 817//817 815//815
f 816//816 719//719 717//717
f 818//818 719//719 816//816
f 817//817 718//718 819//819
f 819//819 718//718 720//720
f 719//719 820//820 721//721
f 719//719 818//818 820//820
f 819//819 720//720 821//821
f 821//821 720//720 722//722
f 721//721 820//820 723//723
f 723//723 820//820 822//822
f 724//724 821//821 722//722
f 724//724 823//823 821//821
f 822//822 824//824 723//723
f 725//725 723//723 824//824
f 726//726 823//823 724//724
f 726//726 825//825 823//823
f 824//824 727//727 725//725
f 826//826 727//727 824//824
f 728//728 825//825 726//726
f 728//728 827//827 825//825
f 727//727 828//828 729//729
f 727//727 826//826 828//828
f 730//730 827//827 728//728
f 730//730 829//829 827//827
f 828//828 830//830 729//729
f 731//731 729//729 830//830
f 732//732 829//829 730//730
f 732//732 831//831 829//829
f 731//731 832//832 733//733
f 731//731 830//830 832//832
f 734//734 831//831 732//732
f 734//734 833//833 831//831
f 832//832 834//834 733//733
f 735//735 733//733 834//834
f 736//736 833//833 734//734
f 736//736 835//835 833//833
f 834//834 737//737 735//735
f 836//836 737//737 834//834
f 738//738 835//835 736//736
f 738//738 837//837 835//835
f 836//836 838//838 737//737
f 737//737 838//838 739//739
f 738//738 740//740 837//837
f 837//837 740//740 839//839
f 838//838 840//840 739//739
f 739//739 840//840 741//741
f 742//742 839//839 740//740
f 742//742 841//841 839//839
f 840//840 842//842 741//741
f 741//741 842//842 743//743
f 742//742 744//744 841//841
f 841//841 744//744 843//843
f 842//842 844//844 743//743
f 743//743 844//844 745//745
f 745//745 845//845 746//746
f 844//844 845//845 745//745
f 746//746 846//846 747//747
f 845//845 846//846 746//746
f 747//747 847//847 748//748
f 846//846 847//847 747//747
f 748//748 848//848 749//749
f 847//847 848//848 748//748
f 744//744 749//749 843//843
f 843//843 749//749 848//848
f 849//849 750//750 751//751
f 751//751 850//850 849//849
f 751//751 752//752 850//850
f 851//851 752//752 753//753
f 851//851 850//850 752//752
f 851//851 754//754 852//852
f 851//851 753//753 754//754
f 755//755 852//852 754//754
f 854//854 853//853 750//750
f 750//750 853//853 756//756
f 854//854 750//750 849//849
f 855//855 852//852 755//755
f 755//755 757//757 855//855
f 855//855 757//757 856//856
f 857//857 758//758 756//756
f 853//853 857//857 756//756
f 757//757 759//759 856//856
f 856//856 759//759 858//858
f 859//859 758//758 857//857
f 859//859 760//760 758//758
f 759//759 761//761 858//858
f 858//858 761//761 860//860
f 859//859 762//762 760//760
f 861//861 762//762 859//859
f 763//763 860//860 761//761
f 763//763 862//862 860//860
f 861//861 764//764 762//762
f 863//863 764//764 861//861
f 763//763 765//765 862//862
f 862//862 765//765 864//864
f 863//863 766//766 764//764
f 865//865 766//766 863//863
f 767//767 864//864 765//765
f 767//767 866//866 864//864
f 865//865 768//768 766//766
f 867//867 768//768 865//865
f 767//767 769//769 866//866
f 866//866 769//769 868//868
f 867//867 770//770 768//768
f 869//869 770//770 867//867
f 771//771 868//868 769//769
f 771//771 870//870 868//868
f 869//869 772//772 770//770
f 871//871 772//772 869//869
f 771//771 773//773 870//870
f 773//773 872//872 870//870
f 871//871 774//774 772//772
f 873//873 774//774 871//871
f 775//775 872//872 773//773
f 775//775 874//874 872//872
f 774//774 875//875 776//776
f 774//774 873//873 875//875
f 777//777 874//874 775//775
f 777//777 876//876 874//874
f 776//776 875//875 778//778
f 778//778 875//875 877//877
f 777//777 779//779 876//876
f 779//779 878//878 876//876
f 877//877 879//879 778//778
f 780//780 778//778 879//879
f 781//781 878//878 779//779
f 781//781 880//880 878//878
f 879//879 782//782 780//780
f 881//881 782//782 879//879
f 783//783 880//880 781//781
f 783//783 882//882 880//880
f 881//881 784//784 782//782
f 883//883 784//784 881//881
f 785//785 882//882 783//783
f 785//785 884//884 882//882
f 883//883 786//786 784//784
f 885//885 786//786 883//883
f 785//785 787//787 884//884
f 787//787 886//886 884//884
f 885//885 788//788 786//786
f 887//887 788//788 885//885
f 789//789 886//886 787//787
f 789//789 888//888 886//886
f 887//887 790//790 788//788
f 889//889 790//790 887//887
f 791//791 888//888 789//789
f 791//791 890//890 888//888
f 889//889 792//792 790//790
f 891//891 792//792 889//889
f 793//793 890//890 791//791
f 793//793 892//892 890//890
f 891//891 794//794 792//792
f 893//893 794//794 891//891
f 795//795 892//892 793//793
f 795//795 894//894 892//892
f 893//893 796//796 794//794
f 895//895 796//796 893//893
f 797//797 894//894 795//795
f 797//797 896//896 894//894
f 895//895 798//798 796//796
f 897//897 798//798 895//895
f 797//797 799//799 896//896
f 799//799 898//898 896//896
f 897//897 800//800 798//798
f 899//899 800//800 897//897
f 801//801 898//898 799//799
f 801//801 900//900 898//898
f 800//800 901//901 802//802
f 800//800 899//899 901//901
f 803//803 900//900 801//801
f 803//803 902//902 900//900
f 802//802 901//901 804//804
f 804//804 901//901 903//903
f 805//805 902//902 803//803
f 805//805 904//904 902//902
f 903//903 905//905 804//804
f 806//806 804//804 905//905
f 807//807 904//904 805//805
f 807//807 906//906 904//904
f 905//905 808//808 806//806
f 907//907 808//808 905//905
f 809//809 906//906 807//807
f 809//809 908//908 906//906
f 907//907 810//810 808//808
f 909//909 810//810 907//907
f 811//811 908//908 809//809
f 811//811 910//910 908//908
f 909//909 812//812 810//810
f 911//911 812//812 909//909
f 811//811 813//813 910//910
f 813//813 912//912 910//910
f 812//812 913//913 814//814
f 812//812 911//911 913//913
f 912//912 813//813 914//914
f 914//914 813//813 815//815
f 913//913 915//915 814//814
f 816//816 814//814 915//915
f 817//817 914//914 815//815
f 817//817 916//916 914//914
f 915//915 818//818 816//816
f 917//917 818//818 915//915
f 819//819 916//916 817//817
f 819//819 918//918 916//916
f 917//917 820//820 818//818
f 919//919 820//820 917//917
f 821//821 918//918 819//819
f 821//821 920//920 918//918
f 919//919 822//822 820//820
f 921//921 822//822 919//919
f 823//823 920//920 821//821
f 823//823 922//922 920//920
f 822//822 923//923 824//824
f 822//822 921//921 923//923
f 825//825 922//922 823//823
f 825//825 924//924 922//922
f 923//923 925//925 824//824
f 826//826 824//824 925//925
f 827//827 924//924 825//825
f 827//827 926//926 924//924
f 925//925 828//828 826//826
f 927//927 828//828 925//925
f 829//829 926//926 827//827
f 829//829 928//928 926//926
f 828//828 929//929 830//830
f 828//828 927//927 929//929
f 831//831 928//928 829//829
f 831//831 930//930 928//928
f 929//929 931//931 830//830
f 832//832 830//830 931//931
f 833//833 930//930 831//831
f 833//833 932//932 930//930
f 832//832 933//933 834//834
f 832//832 931//931 933//933
f 835//835 932//932 833//833
f 835//835 934//934 932//932
f 933//933 935//935 834//834
f 836//836 834//834 935//935
f 837//837 934//934 835//835
f 837//837 936//936 934//934
f 935//935 937//937 836//836
f 836//836 937//937 838//838
f 837//837 839//839 936//936
f 936//936 839//839 938//938
f 937//937 939//939 838//838
f 838//838 939//939 840//840
f 841//841 938//938 839//839
f 841//841 940//940 938//938
f 939//939 941//941 840//840
f 840//840 941//941 842//842
f 943//943 843//843 942//942
f 841//841 843//843 940//940
f 940//940 843//843 943//943
f 941//941 944//944 842//842
f 842//842 944//944 844//844
f 844//844 945//945 845//845
f 944//944 945//945 844//844
f 845//845 946//946 846//846
f 945//945 946//946 845//845
f 846//846 947//947 847//847
f 946//946 947//947 846//846
f 848//848 947//947 942//942
f 848//848 847//847 947//947
f 848//848 942//942 843//843
f 948//948 849//849 850//850
f 851//851 949//949 850//850
f 850//850 949//949 948//948
f 852//852 949//949 851//851
f 950//950 853//853 854//854
f 854//854 951//951 950//950
f 854//854 849//849 951//951
f 951//951 849//849 948//948
f 952//952 949//949 852//852
f 953//953 852//852 855//855
f 953//953 952//952 852//852
f 855//855 856//856 953//953
f 953//953 856//856 954//954
f 955//955 853//853 950//950
f 955//955 857//857 853//853
f 856//856 858//858 954//954
f 954//954 858//858 956//956
f 955//955 957//957 857//857
f 857//857 957//957 859//859
f 858//858 860//860 956//956
f 956//956 860//860 958//958
f 957//957 861//861 859//859
f 959//959 861//861 957//957
f 862//862 958//958 860//860
f 862//862 960//960 958//958
f 959//959 863//863 861//861
f 961//961 863//863 959//959
f 862//862 864//864 960//960
f 960//960 864//864 962//962
f 961//961 865//865 863//863
f 963//963 865//865 961//961
f 866//866 962//962 864//864
f 866//866 964//964 962//962
f 963//963 867//867 865//865
f 965//965 867//867 963//963
f 866//866 868//868 964//964
f 964//964 868//868 966//966
f 965//965 869//869 867//867
f 967//967 869//869 965//965
f 870//870 966//966 868//868
f 870//870 968//968 966//966
f 967//967 871//871 869//869
f 969//969 871//871 967//967
f 870//870 872//872 968//968
f 968//968 872//872 970//970
f 969//969 873//873 871//871
f 971//971 873//873 969//969
f 874//874 970//970 872//872
f 874//874 972//972 970//970
f 971//971 875//875 873//873
f 973//973 875//875 971//971
f 876//876 972//972 874//874
f 876//876 974//974 972//972
f 973//973 877//877 875//875
f 975//975 877//877 973//973
f 876//876 878//878 974//974
f 974//974 878//878 976//976
f 877//877 977//977 879//879
f 877//877 975//975 977//977
f 880//880 976//976 878//878
f 880//880 978//978 976//976
f 879//879 977//977 881//881
f 881//881 977//977 979//979
f 882//882 978//978 880//880
f 882//882 980//980 978//978
f 979//979 981//981 881//881
f 883//883 881//881 981//981
f 882//882 884//884 980//980
f 884//884 982//982 980//980
f 981//981 885//885 883//883
f 983//983 885//885 981//981
f 886//886 982//982 884//884
f 886//886 984//984 982//982
f 983//983 887//887 885//885
f 985//985 887//887 983//983
f 888//888 984//984 886//886
f 888//888 986//986 984//984
f 985//985 889//889 887//887
f 987//987 889//889 985//985
f 890//890 986//986 888//888
f 890//890 988//988 986//986
f 987//987 891//891 889//889
f 989//989 891//891 987//987
f 892//892 988//988 890//890
f 892//892 990//990 988//988
f 989//989 893//893 891//891
f 991//991 893//893 989//989
f 894//894 990//990 892//892
f 894//894 992//992 990//990
f 991//991 895//895 893//893
f 993//993 895//895 991//991
f 894//894 896//896 992//992
f 896//896 994//994 992//992
f 993//993 897//897 895//895
f 995//995 897//897 993//993
f 898//898 994//994 896//896
f 898//898 996//996 994//994
f 995//995 899//899 897//897
f 997//997 899//899 995//995
f 900//900 996//996 898//898
f 900//900 998//998 996//996
f 997//997 901//901 899//899
f 999//999 901//901 997//997
f 902//902 998//998 900//900
f 902//902 1000//1000 998//998
f 999//999 903//903 901//901
f 1001//1001 903//903 999//999
f 904//904 1000//1000 902//902
f 904//904 1002//1002 1000//1000
f 1001//1001 1003//1003 903//903
f 903//903 1003//1003 905//905
f 906//906 1002//1002 904//904
f 906//906 1004//1004 1002//1002
f 1003//1003 907//907 905//905
f 1005//1005 907//907 1003//1003
f 906//906 908//908 1004//1004
f 908//908 1006//1006 1004//1004
f 1005//1005 909//909 907//907
f 1007//1007 909//909 1005//1005
f 1006//1006 908//908 1008//1008
f 1008//1008 908//908 910//910
f 1007//1007 911//911 909//909
f 1009//1009 911//911 1007//1007
f 912//912 1008//1008 910//910
f 912//912 1010//1010 1008//1008
f 1009//1009 913//913 911//911
f 1011//1011 913//913 1009//1009
f 914//914 1010//1010 912//912
f 914//914 1012//1012 1010//1010
f 1011//1011 1013//1013 913//913
f 913//913 1013//1013 915//915
f 916//916 1012//1012 914//914
f 916//916 1014//1014 1012//1012
f 1013//1013 917//917 915//915
f 1015//1015 917//917 1013//1013
f 918//918 1014//1014 916//916
f 918//918 1016//1016 1014//1014
f 1015//1015 919//919 917//917
f 1017//1017 919//919 1015//1015
f 920//920 1016//1016 918//918
f 920//920 1018//1018 1016//1016
f 1017//1017 921//921 919//919
f 1019//1019 921//921 1017//1017
f 922//922 1018//1018 920//920
f 922//922 1020//1020 1018//1018
f 1019//1019 923//923 921//921
f 1021//1021 923//923 1019//1019
f 924//924 1020//1020 922//922
f 924//924 1022//1022 1020//1020
f 923//923 1023//1023 925//925
f 923//923 1021//1021 1023//1023
f 926//926 1022//1022 924//924
f 926//926 1024//1024 1022//1022
f 1023//1023 1025//1025 925//925
f 927//927 925//925 1025//1025
f 928//928 1024//1024 926//926
f 928//928 1026//1026 1024//1024
f 1025//1025 929//929 927//927
f 1027//1027 929//929 1025//1025
f 930//930 1026//1026 928//928
f 930//930 1028//1028 1026//1026
f 1027//1027 1029//1029 929//929
f 929//929 1029//1029 931//931
f 932//932 1028//1028 930//930
f 932//932 1030//1030 1028//1028
f 1029//1029 933//933 931//931
f 1031//1031 933//933 1029//1029
f 934//934 1030//1030 932//932
f 934//934 1032//1032 1030//1030
f 1031//1031 1033//1033 933//933
f 933//933 1033//1033 935//935
f 1032//1032 936//936 1034//1034
f 1032//1032 934//934 936//936
f 935//935 1035//1035 937//937
f 935//935 1033//1033 1035//1035
f 1036//1036 1034//1034 938//938
f 938//938 1034//1034 936//936
f 1035//1035 1037//1037 937//937
f 1037//1037 939//939 937//937
f 1037//1037 1038//1038 939//939
f 1036//1036 940//940 1039//1039
f 1036//1036 938//938 940//940
f 1038//1038 1040//1040 939//939
f 939//939 1040//1040 941//941
f 1040//1040 1041//1041 941//941
f 1043//1043 942//942 1042//1042
f 943//943 1043//1043 1039//1039
f 943//943 942//942 1043//1043
f 943//943 1039//1039 940//940
f 1041//1041 944//944 941//941
f 1044//1044 944//944 1041//1041
f 1044//1044 945//945 944//944
f 945//945 1045//1045 946//946
f 1044//1044 1045//1045 945//945
f 947//947 1045//1045 1042//1042
f 947//947 946//946 1045//1045
f 947//947 1042//1042 942//942
f 1047//1047 1046//1046 951//951
f 951//951 1046//1046 950//950
f 1048//1048 951//951 948//948
f 1048//1048 1047//1047 951//951
f 1049//1049 948//948 949//949
f 1049//1049 1048//1048 948//948
f 1050//1050 949//949 952//952
f 1050//1050 1049//1049 949//949
f 1051//1051 952//952 953//953
f 1051//1051 1050//1050 952//952
f 953//953 954//954 1051//1051
f 1051//1051 954//954 1052//1052
f 1046//1046 1053//1053 950//950
f 950//950 1053//1053 955//955
f 954//954 956//956 1052//1052
f 1052//1052 956//956 1054//1054
f 1055//1055 957//957 955//955
f 1053//1053 1055//1055 955//955
f 956//956 958//958 1054//1054
f 1054//1054 958//958 1056//1056
f 1057//1057 957//957 1055//1055
f 1057//1057 959//959 957//957
f 960//960 1056//1056 958//958
f 960//960 1058//1058 1056//1056
f 1057//1057 961//961 959//959
f 1059//1059 961//961 1057//1057
f 960//960 962//962 1058//1058
f 1058//1058 962//962 1060//1060
f 1059//1059 963//963 961//961
f 1061//1061 963//963 1059//1059
f 964//964 1060//1060 962//962
f 964//964 1062//1062 1060//1060
f 1061//1061 965//965 963//963
f 1063//1063 965//965 1061//1061
f 964//964 966//966 1062//1062
f 1062//1062 966//966 1064//1064
f 1063//1063 967//967 965//965
f 1065//1065 967//967 1063//1063
f 968//968 1064//1064 966//966
f 968//968 1066//1066 1064//1064
f 1065//1065 969//969 967//967
f 1067//1067 969//969 1065//1065
f 968//968 970//970 1066//1066
f 1066//1066 970//970 1068//1068
f 1067//1067 971//971 969//969
f 1069//1069 971//971 1067//1067
f 972//972 1068//1068 970//970
f 972//972 1070//1070 1068//1068
f 1069//1069 973//973 971//971
f 1071//1071 973//973 1069//1069
f 974//974 1070//1070 972//972
f 974//974 1072//1072 1070//1070
f 1071//1071 975//975 973//973
f 1073//1073 975//975 1071//1071
f 974//974 976//976 1072//1072
f 1072//1072 976//976 1074//1074
f 1073//1073 977//977 975//975
f 1075//1075 977//977 1073//1073
f 978//978 1074//1074 976//976
f 978//978 1076//1076 1074//1074
f 1075//1075 979//979 977//977
f 1077//1077 979//979 1075//1075
f 980//980 1076//1076 978//978
f 980//980 1078//1078 1076//1076
f 979//979 1079//1079 981//981
f 979//979 1077//1077 1079//1079
f 980//980 982//982 1078//1078
f 1078//1078 982//982 1080//1080
f 981//981 1079//1079 983//983
f 983//983 1079//1079 1081//1081
f 984//984 1080//1080 982//982
f 984//984 1082//1082 1080//1080
f 1081//1081 1083//1083 983//983
f 985//985 983//983 1083//1083
f 986//986 1082//1082 984//984
f 986//986 1084//1084 1082//1082
f 1083//1083 987//987 985//985
f 1085//1085 987//987 1083//1083
f 988//988 1084//1084 986//986
f 988//988 1086//1086 1084//1084
f 1085//1085 989//989 987//987
f 1087//1087 989//989 1085//1085
f 988//988 990//990 1086//1086
f 990//990 1088//1088 1086//1086
f 1087//1087 991//991 989//989
f 1089//1089 991//991 1087//1087
f 1088//1088 990//990 1090//1090
f 1090//1090 990//990 992//992
f 1089//1089 993//993 991//991
f 1091//1091 993//993 1089//1089
f 994//994 1090//1090 992//992
f 994//994 1092//1092 1090//1090
f 1091//1091 995//995 993//993
f 1093//1093 995//995 1091//1091
f 996//996 1092//1092 994//994
f 996//996 1094//1094 1092//1092
f 1093//1093 997//997 995//995
f 1095//1095 997//997 1093//1093
f 998//998 1094//1094 996//996
f 998//998 1096//1096 1094//1094
f 1095//1095 999//999 997//997
f 1097//1097 999//999 1095//1095
f 1000//1000 1096//1096 998//998
f 1000//1000 1098//1098 1096//1096
f 1097//1097 1001//1001 999//999
f 1099//1099 1001//1001 1097//1097
f 1002//1002 1098//1098 1000//1000
f 1002//1002 1100//1100 1098//1098
f 1001//1001 1101//1101 1003//1003
f 1001//1001 1099//1099 1101//1101
f 1002//1002 1004//1004 1100//1100
f 1004//1004 1102//1102 1100//1100
f 1101//1101 1103//1103 1003//1003
f 1005//1005 1003//1003 1103//1103
f 1006//1006 1102//1102 1004//1004
f 1006//1006 1104//1104 1102//1102
f 1103//1103 1007//1007 1005//1005
f 1105//1105 1007//1007 1103//1103
f 1008//1008 1104//1104 1006//1006
f 1008//1008 1106//1106 1104//1104
f 1105//1105 1009//1009 1007//1007
f 1107//1107 1009//1009 1105//1105
f 1010//1010 1106//1106 1008//1008
f 1010//1010 1108//1108 1106//1106
f 1107//1107 1011//1011 1009//1009
f 1109//1109 1011//1011 1107//1107
f 1012//1012 1108//1108 1010//1010
f 1012//1012 1110//1110 1108//1108
f 1011//1011 1111//1111 1013//1013
f 1011//1011 1109//1109 1111//1111
f 1014//1014 1110//1110 1012//1012
f 1014//1014 1112//1112 1110//1110
f 1111//1111 1113//1113 1013//1013
f 1015//1015 1013//1013 1113//1113
f 1016//1016 1112//1112 1014//1014
f 1016//1016 1114//1114 1112//1112
f 1113//1113 1017//1017 1015//1015
f 1115//1115 1017//1017 1113//1113
f 1018//1018 1114//1114 1016//1016
f 1018//1018 1116//1116 1114//1114
f 1115//1115 1019//1019 1017//1017
f 1117//1117 1019//1019 1115//1115
f 1020//1020 1116//1116 1018//1018
f 1020//1020 1118//1118 1116//1116
f 1117//1117 1021//1021 1019//1019
f 1119//1119 1021//1021 1117//1117
f 1022//1022 1118//1118 1020//1020
f 1022//1022 1120//1120 1118//1118
f 1119//1119 1023//1023 1021//1021
f 1121//1121 1023//1023 1119//1119
f 1024//1024 1120//1120 1022//1022
f 1024//1024 1122//1122 1120//1120
f 1121//1121 1123//1123 1023//1023
f 1023//1023 1123//1123 1025//1025
f 1026//1026 1122//1122 1024//1024
f 1026//1026 1124//1124 1122//1122
f 1123//1123 1027//1027 1025//1025
f 1125//1125 1027//1027 1123//1123
f 1028//1028 1124//1124 1026//1026
f 1028//1028 1126//1126 1124//1124
f 1027//1027 1127//1127 1029//1029
f 1027//1027 1125//1125 1127//1127
f 1030//1030 1126//1126 1028//1028
f 1030//1030 1128//1128 1126//1126
f 1127//1127 1129//1129 1029//1029
f 1031//1031 1029//1029 1129//1129
f 1128//1128 1032//1032 1130//1130
f 1128//1128 1030//1030 1032//1032
f 1129//1129 1131//1131 1031//1031
f 1031//1031 1131//1131 1033//1033
f 1132//1132 1130//1130 1034//1034
f 1034//1034 1130//1130 1032//1032
f 1131//1131 1035//1035 1033//1033
f 1133//1133 1035//1035 1131//1131
f 1132//1132 1036//1036 1134//1134
f 1132//1132 1034//1034 1036//1036
f 1133//1133 1135//1135 1035//1035
f 1035//1035 1135//1135 1037//1037
f 1037//1037 1136//1136 1038//1038
f 1135//1135 1136//1136 1037//1037
f 1039//1039 1137//1137 1134//1134
f 1039//1039 1134//1134 1036//1036
f 1136//1136 1138//1138 1038//1038
f 1038//1038 1138//1138 1040//1040
f 1040//1040 1139//1139 1041//1041
f 1138//1138 1139//1139 1040//1040
f 1139//1139 1140//1140 1041//1041
f 1142//1142 1042//1042 1141//1141
f 1043//1043 1142//1142 1137//1137
f 1043//1043 1042//1042 1142//1142
f 1043//1043 1137//1137 1039//1039
f 1140//1140 1044//1044 1041//1041
f 1044//1044 1140//1140 1045//1045
f 1045//1045 1140//1140 1141//1141
f 1045//1045 1141//1141 1042//1042
f 1143//1143 1046//1046 1047//1047
f 1048//1048 1144//1144 1047//1047
f 1047//1047 1144//1144 1143//1143
f 1048//1048 1145//1145 1144//1144
f 1048//1048 1049//1049 1145//1145
f 1145//1145 1050//1050 1146//1146
f 1145//1145 1049//1049 1050//1050
f 1051//1051 1147//1147 1050//1050
f 1050//1050 1147//1147 1146//1146
f 1052//1052 1147//1147 1051//1051
f 1149//1149 1148//1148 1046//1046
f 1046//1046 1148//1148 1053//1053
f 1149//1149 1046//1046 1143//1143
f 1150//1150 1147//1147 1052//1052
f 1052//1052 1054//1054 1150//1150
f 1150//1150 1054//1054 1151//1151
f 1148//1148 1055//1055 1053//1053
f 1152//1152 1055//1055 1148//1148
f 1054//1054 1056//1056 1151//1151
f 1151//1151 1056//1056 1153//1153
f 1152//1152 1154//1154 1055//1055
f 1055//1055 1154//1154 1057//1057
f 1058//1058 1153//1153 1056//1056
f 1058//1058 1155//1155 1153//1153
f 1154//1154 1059//1059 1057//1057
f 1156//1156 1059//1059 1154//1154
f 1058//1058 1060//1060 1155//1155
f 1155//1155 1060//1060 1157//1157
f 1156//1156 1061//1061 1059//1059
f 1158//1158 1061//1061 1156//1156
f 1062//1062 1157//1157 1060//1060
f 1062//1062 1159//1159 1157//1157
f 1158//1158 1063//1063 1061//1061
f 1160//1160 1063//1063 1158//1158
f 1062//1062 1064//1064 1159//1159
f 1159//1159 1064//1064 1161//1161
f 1160//1160 1065//1065 1063//1063
f 1162//1162 1065//1065 1160//1160
f 1066//1066 1161//1161 1064//1064
f 1066//1066 1163//1163 1161//1161
f 1162//1162 1067//1067 1065//1065
f 1164//1164 1067//1067 1162//1162
f 1066//1066 1068//1068 1163//1163
f 1163//1163 1068//1068 1165//1165
f 1164//1164 1069//1069 1067//1067
f 1166//1166 1069//1069 1164//1164
f 1070//1070 1165//1165 1068//1068
f 1070//1070 1167//1167 1165//1165
f 1166//1166 1071//1071 1069//1069
f 1168//1168 1071//1071 1166//1166
f 1072//1072 1167//1167 1070//1070
f 1072//1072 1169//1169 1167//1167
f 1168//1168 1073//1073 1071//1071
f 1170//1170 1073//1073 1168//1168
f 1072//1072 1074//1074 1169//1169
f 1169//1169 1074//1074 1171//1171
f 1170//1170 1075//1075 1073//1073
f 1172//1172 1075//1075 1170//1170
f 1076//1076 1171//1171 1074//1074
f 1076//1076 1173//1173 1171//1171
f 1172//1172 1077//1077 1075//1075
f 1174//1174 1077//1077 1172//1172
f 1078//1078 1173//1173 1076//1076
f 1078//1078 1175//1175 1173//1173
f 1174//1174 1079//1079 1077//1077
f 1176//1176 1079//1079 1174//1174
f 1078//1078 1080//1080 1175//1175
f 1175//1175 1080//1080 1177//1177
f 1176//1176 1081//1081 1079//1079
f 1178//1178 1081//1081 1176//1176
f 1082//1082 1177//1177 1080//1080
f 1082//1082 1179//1179 1177//1177
f 1081//1081 1180//1180 1083//1083
f 1081//1081 1178//1178 1180//1180
f 1084//1084 1179//1179 1082//1082
f 1084//1084 1181//1181 1179//1179
f 1180//1180 1182//1182 1083//1083
f 1085//1085 1083//1083 1182//1182
f 1084//1084 1086//1086 1181//1181
f 1086//1086 1183//1183 1181//1181
f 1182//1182 1087//1087 1085//1085
f 1184//1184 1087//1087 1182//1182
f 1088//1088 1183//1183 1086//1086
f 1088//1088 1185//1185 1183//1183
f 1184//1184 1089//1089 1087//1087
f 1186//1186 1089//1089 1184//1184
f 1090//1090 1185//1185 1088//1088
f 1090//1090 1187//1187 1185//1185
f 1186//1186 1091//1091 1089//1089
f 1188//1188 1091//1091 1186//1186
f 1092//1092 1187//1187 1090//1090
f 1092//1092 1189//1189 1187//1187
f 1188//1188 1093//1093 1091//1091
f 1190//1190 1093//1093 1188//1188
f 1094//1094 1189//1189 1092//1092
f 1094//1094 1191//1191 1189//1189
f 1190//1190 1095//1095 1093//1093
f 1192//1192 1095//1095 1190//1190
f 1096//1096 1191//1191 1094//1094
f 1096//1096 1193//1193 1191//1191
f 1192//1192 1097//1097 1095//1095
f 1194//1194 1097//1097 1192//1192
f 1098//1098 1193//1193 1096//1096
f 1098//1098 1195//1195 1193//1193
f 1194//1194 1099//1099 1097//1097
f 1196//1196 1099//1099 1194//1194
f 1098//1098 1100//1100 1195//1195
f 1100//1100 1197//1197 1195//1195
f 1196//1196 1101//1101 1099//1099
f 1198//1198 1101//1101 1196//1196
f 1102//1102 1197//1197 1100//1100
f 1102//1102 1199//1199 1197//1197
f 1198//1198 1200//1200 1101//1101
f 1101//1101 1200//1200 1103//1103
f 1104//1104 1199//1199 1102//1102
f 1104//1104 1201//1201 1199//1199
f 1200//1200 1105//1105 1103//1103
f 1202//1202 1105//1105 1200//1200
f 1106//1106 1201//1201 1104//1104
f 1106//1106 1203//1203 1201//1201
f 1202//1202 1107//1107 1105//1105
f 1204//1204 1107//1107 1202//1202
f 1108//1108 1203//1203 1106//1106
f 1108//1108 1205//1205 1203//1203
f 1204//1204 1109//1109 1107//1107
f 1206//1206 1109//1109 1204//1204
f 1110//1110 1205//1205 1108//1108
f 1110//1110 1207//1207 1205//1205
f 1206//1206 1111//1111 1109//1109
f 1208//1208 1111//1111 1206//1206
f 1112//1112 1207//1207 1110//1110
f 1112//1112 1209//1209 1207//1207
f 1208//1208 1210//1210 1111//1111
f 1111//1111 1210//1210 1113//1113
f 1114//1114 1209//1209 1112//1112
f 1114//1114 1211//1211 1209//1209
f 1210//1210 1115//1115 1113//1113
f 1212//1212 1115//1115 1210//1210
f 1116//1116 1211//1211 1114//1114
f 1116//1116 1213//1213 1211//1211
f 1212//1212 1117//1117 1115//1115
f 1214//1214 1117//1117 1212//1212
f 1118//1118 1213//1213 1116//1116
f 1118//1118 1215//1215 1213//1213
f 1214//1214 1119//1119 1117//1117
f 1216//1216 1119//1119 1214//1214
f 1120//1120 1215//1215 1118//1118
f 1120//1120 1217//1217 1215//1215
f 1216//1216 1121//1121 1119//1119
f 1218//1218 1121//1121 1216//1216
f 1122//1122 1217//1217 1120//1120
f 1122//1122 1219//1219 1217//1217
f 1218//1218 1220//1220 1121//1121
f 1121//1121 1220//1220 1123//1123
f 1124//1124 1219//1219 1122//1122
f 1124//1124 1221//1221 1219//1219
f 1220//1220 1125//1125 1123//1123
f 1222//1222 1125//1125 1220//1220
f 1126//1126 1221//1221 1124//1124
f 1126//1126 1223//1223 1221//1221
f 1222//1222 1127//1127 1125//1125
f 1224//1224 1127//1127 1222//1222
f 1128//1128 1223//1223 1126//1126
f 1128//1128 1225//1225 1223//1223
f 1224//1224 1226//1226 1127//1127
f 1127//1127 1226//1226 1129//1129
f 1128//1128 1130//1130 1225//1225
f 1225//1225 1130//1130 1227//1227
f 1226//1226 1228//1228 1129//1129
f 1129//1129 1228//1228 1131//1131
f 1132//1132 1227//1227 1130//1130
f 1132//1132 1229//1229 1227//1227
f 1133//1133 1228//1228 1230//1230
f 1133//1133 1131//1131 1228//1228
f 1132//1132 1134//1134 1229//1229
f 1229//1229 1134//1134 1231//1231
f 1230//1230 1135//1135 1133//1133
f 1232//1232 1135//1135 1230//1230
f 1232//1232 1136//1136 1135//1135
f 1232//1232 1233//1233 1136//1136
f 1235//1235 1137//1137 1234//1234
f 1134//1134 1137//1137 1231//1231
f 1231//1231 1137//1137 1235//1235
f 1233//1233 1138//1138 1136//1136
f 1236//1236 1138//1138 1233//1233
f 1236//1236 1139//1139 1138//1138
f 1139//1139 1237//1237 1140//1140
f 1236//1236 1237//1237 1139//1139
f 1140//1140 1238//1238 1141//1141
f 1237//1237 1238//1238 1140//1140
f 1142//1142 1238//1238 1234//1234
f 1142//1142 1141//1141 1238//1238
f 1142//1142 1234//1234 1137//1137
f 1239//1239 1144//1144 1145//1145
f 1146//1146 1239//1239 1145//1145
f 1240//1240 1148//1148 1149//1149
f 1149//1149 1241//1241 1240//1240
f 1149//1149 1143//1143 1241//1241
f 1242//1242 1143//1143 1144//1144
f 1242//1242 1241//1241 1143//1143
f 1242//1242 1144//1144 1239//1239
f 1243//1243 1239//1239 1146//1146
f 1244//1244 1146//1146 1147//1147
f 1244//1244 1243//1243 1146//1146
f 1244//1244 1150//1150 1245//1245
f 1244//1244 1147//1147 1150//1150
f 1151//1151 1245//1245 1150//1150
f 1246//1246 1148//1148 1240//1240
f 1246//1246 1152//1152 1148//1148
f 1247//1247 1245//1245 1151//1151
f 1153//1153 1247//1247 1151//1151
f 1248//1248 1154//1154 1152//1152
f 1246//1246 1248//1248 1152//1152
f 1153//1153 1249//1249 1247//1247
f 1153//1153 1155//1155 1249//1249
f 1250//1250 1154//1154 1248//1248
f 1250//1250 1156//1156 1154//1154
f 1155//1155 1157//1157 1249//1249
f 1249//1249 1157//1157 1251//1251
f 1250//1250 1158//1158 1156//1156
f 1252//1252 1158//1158 1250//1250
f 1159//1159 1251//1251 1157//1157
f 1159//1159 1253//1253 1251//1251
f 1252//1252 1160//1160 1158//1158
f 1254//1254 1160//1160 1252//1252
f 1159//1159 1161//1161 1253//1253
f 1253//1253 1161//1161 1255//1255
f 1254//1254 1162//1162 1160//1160
f 1256//1256 1162//1162 1254//1254
f 1163//1163 1255//1255 1161//1161
f 1163//1163 1257//1257 1255//1255
f 1256//1256 1164//1164 1162//1162
f 1258//1258 1164//1164 1256//1256
f 1257//1257 1163//1163 1259//1259
f 1165//1165 1259//1259 1163//1163
f 1258//1258 1166//1166 1164//1164
f 1260//1260 1166//1166 1258//1258
f 1165//1165 1261//1261 1259//1259
f 1165//1165 1167//1167 1261//1261
f 1260//1260 1168//1168 1166//1166
f 1262//1262 1168//1168 1260//1260
f 1169//1169 1261//1261 1167//1167
f 1169//1169 1263//1263 1261//1261
f 1262//1262 1170//1170 1168//1168
f 1264//1264 1170//1170 1262//1262
f 1169//1169 1171//1171 1263//1263
f 1263//1263 1171//1171 1265//1265
f 1264//1264 1172//1172 1170//1170
f 1266//1266 1172//1172 1264//1264
f 1173//1173 1265//1265 1171//1171
f 1173//1173 1267//1267 1265//1265
f 1266//1266 1174//1174 1172//1172
f 1268//1268 1174//1174 1266//1266
f 1175//1175 1267//1267 1173//1173
f 1175//1175 1269//1269 1267//1267
f 1268//1268 1176//1176 1174//1174
f 1270//1270 1176//1176 1268//1268
f 1175//1175 1177//1177 1269//1269
f 1269//1269 1177//1177 1271//1271
f 1270//1270 1178//1178 1176//1176
f 1272//1272 1178//1178 1270//1270
f 1179//1179 1271//1271 1177//1177
f 1179//1179 1273//1273 1271//1271
f 1272//1272 1180//1180 1178//1178
f 1274//1274 1180//1180 1272//1272
f 1181//1181 1273//1273 1179//1179
f 1181//1181 1275//1275 1273//1273
f 1180//1180 1276//1276 1182//1182
f 1180//1180 1274//1274 1276//1276
f 1181//1181 1183//1183 1275//1275
f 1275//1275 1183//1183 1277//1277
f 1182//1182 1276//1276 1184//1184
f 1184//1184 1276//1276 1278//1278
f 1185//1185 1277//1277 1183//1183
f 1185//1185 1279//1279 1277//1277
f 1278//1278 1280//1280 1184//1184
f 1186//1186 1184//1184 1280//1280
f 1187//1187 1279//1279 1185//1185
f 1187//1187 1281//1281 1279//1279
f 1280//1280 1188//1188 1186//1186
f 1282//1282 1188//1188 1280//1280
f 1189//1189 1281//1281 1187//1187
f 1189//1189 1283//1283 1281//1281
f 1282//1282 1190//1190 1188//1188
f 1284//1284 1190//1190 1282//1282
f 1191//1191 1283//1283 1189//1189
f 1191//1191 1285//1285 1283//1283
f 1284//1284 1192//1192 1190//1190
f 1286//1286 1192//1192 1284//1284
f 1191//1191 1193//1193 1285//1285
f 1193//1193 1287//1287 1285//1285
f 1286//1286 1194//1194 1192//1192
f 1288//1288 1194//1194 1286//1286
f 1287//1287 1193//1193 1289//1289
f 1289//1289 1193//1193 1195//1195
f 1288//1288 1196//1196 1194//1194
f 1290//1290 1196//1196 1288//1288
f 1197//1197 1289//1289 1195//1195
f 1197//1197 1291//1291 1289//1289
f 1290//1290 1198//1198 1196//1196
f 1292//1292 1198//1198 1290//1290
f 1199//1199 1291//1291 1197//1197
f 1199//1199 1293//1293 1291//1291
f 1198//1198 1294//1294 1200//1200
f 1198//1198 1292//1292 1294//1294
f 1201//1201 1293//1293 1199//1199
f 1201//1201 1295//1295 1293//1293
f 1294//1294 1296//1296 1200//1200
f 1202//1202 1200//1200 1296//1296
f 1203//1203 1295//1295 1201//1201
f 1203//1203 1297//1297 1295//1295
f 1296//1296 1204//1204 1202//1202
f 1298//1298 1204//1204 1296//1296
f 1205//1205 1297//1297 1203//1203
f 1205//1205 1299//1299 1297//1297
f 1298//1298 1206//1206 1204//1204
f 1300//1300 1206//1206 1298//1298
f 1207//1207 1299//1299 1205//1205
f 1207//1207 1301//1301 1299//1299
f 1300//1300 1208//1208 1206//1206
f 1302//1302 1208//1208 1300//1300
f 1209//1209 1301//1301 1207//1207
f 1209//1209 1303//1303 1301//1301
f 1208//1208 1304//1304 1210//1210
f 1208//1208 1302//1302 1304//1304
f 1211//1211 1303//1303 1209//1209
f 1211//1211 1305//1305 1303//1303
f 1304//1304 1306//1306 1210//1210
f 1212//1212 1210//1210 1306//1306
f 1213//1213 1305//1305 1211//1211
f 1213//1213 1307//1307 1305//1305
f 1306//1306 1214//1214 1212//1212
f 1308//1308 1214//1214 1306//1306
f 1215//1215 1307//1307 1213//1213
f 1215//1215 1309//1309 1307//1307
f 1308//1308 1216//1216 1214//1214
f 1310//1310 1216//1216 1308//1308
f 1217//1217 1309//1309 1215//1215
f 1217//1217 1311//1311 1309//1309
f 1310//1310 1218//1218 1216//1216
f 1312//1312 1218//1218 1310//1310
f 1219//1219 1311//1311 1217//1217
f 1219//1219 1313//1313 1311//1311
f 1218//1218 1314//1314 1220//1220
f 1218//1218 1312//1312 1314//1314
f 1221//1221 1313//1313 1219//1219
f 1221//1221 1315//1315 1313//1313
f 1314//1314 1316//1316 1220//1220
f 1222//1222 1220//1220 1316//1316
f 1223//1223 1315//1315 1221//1221
f 1223//1223 1317//1317 1315//1315
f 1316//1316 1224//1224 1222//1222
f 1318//1318 1224//1224 1316//1316
f 1317//1317 1225//1225 1319//1319
f 1317//1317 1223//1223 1225//1225
f 1318//1318 1320//1320 1224//1224
f 1224//1224 1320//1320 1226//1226
f 1321//1321 1319//1319 1227//1227
f 1227//1227 1319//1319 1225//1225
f 1320//1320 1322//1322 1226//1226
f 1226//1226 1322//1322 1228//1228
f 1321//1321 1229//1229 1323//1323
f 1321//1321 1227//1227 1229//1229
f 1322//1322 1324//1324 1228//1228
f 1228//1228 1324//1324 1230//1230
f 1231//1231 1325//1325 1323//1323
f 1231//1231 1323//1323 1229//1229
f 1324//1324 1326//1326 1230//1230
f 1230//1230 1326//1326 1232//1232
f 1232//1232 1327//1327 1233//1233
f 1326//1326 1327//1327 1232//1232
f 1327//1327 1328//1328 1233//1233
f 1331//1331 1234//1234 1330//1330
f 1235//1235 1331//1331 1325//1325
f 1235//1235 1234//1234 1331//1331
f 1235//1235 1325//1325 1231//1231
f 1328//1328 1236//1236 1233//1233
f 1236//1236 1328//1328 1237//1237
f 1237//1237 1328//1328 1329//1329
f 1237//1237 1329//1329 1238//1238
f 1238//1238 1329//1329 1330//1330
f 1238//1238 1330//1330 1234//1234
f 1332//1332 1240//1240 1241//1241
f 1241//1241 1333//1333 1332//1332
f 1241//1241 1242//1242 1333//1333
f 1334//1334 1242//1242 1239//1239
f 1334//1334 1333//1333 1242//1242
f 1335//1335 1239//1239 1243//1243
f 1335//1335 1334//1334 1239//1239
f 1335//1335 1244//1244 1336//1336
f 1335//1335 1243//1243 1244//1244
f 1245//1245 1336//1336 1244//1244
f 1337//1337 1246//1246 1240//1240
f 1332//1332 1337//1337 1240//1240
f 1338//1338 1336//1336 1245//1245
f 1245//1245 1247//1247 1338//1338
f 1338//1338 1247//1247 1339//1339
f 1340//1340 1246//1246 1337//1337
f 1340//1340 1248//1248 1246//1246
f 1247//1247 1249//1249 1339//1339
f 1339//1339 1249//1249 1341//1341
f 1342//1342 1250//1250 1248//1248
f 1340//1340 1342//1342 1248//1248
f 1341//1341 1249//1249 1343//1343
f 1251//1251 1343//1343 1249//1249
f 1344//1344 1250//1250 1342//1342
f 1344//1344 1252//1252 1250//1250
f 1251//1251 1345//1345 1343//1343
f 1251//1251 1253//1253 1345//1345
f 1344//1344 1254//1254 1252//1252
f 1346//1346 1254//1254 1344//1344
f 1345//1345 1253//1253 1347//1347
f 1255//1255 1347//1347 1253//1253
f 1346//1346 1256//1256 1254//1254
f 1348//1348 1256//1256 1346//1346
f 1255//1255 1349//1349 1347//1347
f 1255//1255 1257//1257 1349//1349
f 1348//1348 1258//1258 1256//1256
f 1350//1350 1258//1258 1348//1348
f 1259//1259 1349//1349 1257//1257
f 1259//1259 1351//1351 1349//1349
f 1350//1350 1260//1260 1258//1258
f 1352//1352 1260//1260 1350//1350
f 1259//1259 1261//1261 1351//1351
f 1351//1351 1261//1261 1353//1353
f 1352//1352 1262//1262 1260//1260
f 1354//1354 1262//1262 1352//1352
f 1263//1263 1353//1353 1261//1261
f 1263//1263 1355//1355 1353//1353
f 1354//1354 1264//1264 1262//1262
f 1356//1356 1264//1264 1354//1354
f 1263//1263 1265//1265 1355//1355
f 1355//1355 1265//1265 1357//1357
f 1356//1356 1266//1266 1264//1264
f 1358//1358 1266//1266 1356//1356
f 1267//1267 1357//1357 1265//1265
f 1267//1267 1359//1359 1357//1357
f 1358//1358 1268//1268 1266//1266
f 1360//1360 1268//1268 1358//1358
f 1269//1269 1359//1359 1267//1267
f 1269//1269 1361//1361 1359//1359
f 1360//1360 1270//1270 1268//1268
f 1362//1362 1270//1270 1360//1360
f 1269//1269 1271//1271 1361//1361
f 1361//1361 1271//1271 1363//1363
f 1362//1362 1272//1272 1270//1270
f 1364//1364 1272//1272 1362//1362
f 1273//1273 1363//1363 1271//1271
f 1273//1273 1365//1365 1363//1363
f 1364//1364 1274//1274 1272//1272
f 1366//1366 1274//1274 1364//1364
f 1273//1273 1275//1275 1365//1365
f 1275//1275 1367//1367 1365//1365
f 1366//1366 1276//1276 1274//1274
f 1368//1368 1276//1276 1366//1366
f 1277//1277 1367//1367 1275//1275
f 1277//1277 1369//1369 1367//1367
f 1368//1368 1278//1278 1276//1276
f 1370//1370 1278//1278 1368//1368
f 1279//1279 1369//1369 1277//1277
f 1279//1279 1371//1371 1369//1369
f 1278//1278 1372//1372 1280//1280
f 1278//1278 1370//1370 1372//1372
f 1281//1281 1371//1371 1279//1279
f 1281//1281 1373//1373 1371//1371
f 1372//1372 1374//1374 1280//1280
f 1282//1282 1280//1280 1374//1374
f 1283//1283 1373//1373 1281//1281
f 1283//1283 1375//1375 1373//1373
f 1374//1374 1284//1284 1282//1282
f 1376//1376 1284//1284 1374//1374
f 1285//1285 1375//1375 1283//1283
f 1285//1285 1377//1377 1375//1375
f 1376//1376 1286//1286 1284//1284
f 1378//1378 1286//1286 1376//1376
f 1285//1285 1287//1287 1377//1377
f 1377//1377 1287//1287 1379//1379
f 1378//1378 1288//1288 1286//1286
f 1380//1380 1288//1288 1378//1378
f 1289//1289 1379//1379 1287//1287
f 1289//1289 1381//1381 1379//1379
f 1380//1380 1290//1290 1288//1288
f 1382//1382 1290//1290 1380//1380
f 1291//1291 1381//1381 1289//1289
f 1291//1291 1383//1383 1381//1381
f 1382//1382 1292//1292 1290//1290
f 1384//1384 1292//1292 1382//1382
f 1293//1293 1383//1383 1291//1291
f 1293//1293 1385//1385 1383//1383
f 1384//1384 1294//1294 1292//1292
f 1386//1386 1294//1294 1384//1384
f 1295//1295 1385//1385 1293//1293
f 1295//1295 1387//1387 1385//1385
f 1386//1386 1388//1388 1294//1294
f 1294//1294 1388//1388 1296//1296
f 1297//1297 1387//1387 1295//1295
f 1297//1297 1389//1389 1387//1387
f 1388//1388 1298//1298 1296//1296
f 1390//1390 1298//1298 1388//1388
f 1299//1299 1389//1389 1297//1297
f 1299//1299 1391//1391 1389//1389
f 1390//1390 1300//1300 1298//1298
f 1392//1392 1300//1300 1390//1390
f 1301//1301 1391//1391 1299//1299
f 1301//1301 1393//1393 1391//1391
f 1392//1392 1302//1302 1300//1300
f 1394//1394 1302//1302 1392//1392
f 1303//1303 1393//1393 1301//1301
f 1303//1303 1395//1395 1393//1393
f 1394//1394 1304//1304 1302//1302
f 1396//1396 1304//1304 1394//1394
f 1305//1305 1395//1395 1303//1303
f 1305//1305 1397//1397 1395//1395
f 1396//1396 1398//1398 1304//1304
f 1304//1304 1398//1398 1306//1306
f 1307//1307 1397//1397 1305//1305
f 1307//1307 1399//1399 1397//1397
f 1398//1398 1308//1308 1306//1306
f 1400//1400 1308//1308 1398//1398
f 1309//1309 1399//1399 1307//1307
f 1309//1309 1401//1401 1399//1399
f 1400//1400 1310//1310 1308//1308
f 1402//1402 1310//1310 1400//1400
f 1311//1311 1401//1401 1309//1309
f 1311//1311 1403//1403 1401//1401
f 1402//1402 1312//1312 1310//1310
f 1404//1404 1312//1312 1402//1402
f 1313//1313 1403//1403 1311//1311
f 1313//1313 1405//1405 1403//1403
f 1404//1404 1314//1314 1312//1312
f 1406//1406 1314//1314 1404//1404
f 1315//1315 1405//1405 1313//1313
f 1315//1315 1407//1407 1405//1405
f 1406//1406 1408//1408 1314//1314
f 1314//1314 1408//1408 1316//1316
f 1407//1407 1317//1317 1409//1409
f 1407//1407 1315//1315 1317//1317
f 1408//1408 1318//1318 1316//1316
f 1410//1410 1318//1318 1408//1408
f 1411//1411 1409//1409 1319//1319
f 1319//1319 1409//1409 1317//1317
f 1410//1410 1412//1412 1318//1318
f 1318//1318 1412//1412 1320//1320
f 1411//1411 1321//1321 1413//1413
f 1411//1411 1319//1319 1321//1321
f 1412//1412 1414//1414 1320//1320
f 1320//1320 1414//1414 1322//1322
f 1415//1415 1413//1413 1323//1323
f 1323//1323 1413//1413 1321//1321
f 1414//1414 1416//1416 1322//1322
f 1322//1322 1416//1416 1324//1324
f 1416//1416 1417//1417 1324//1324
f 1419//1419 1325//1325 1418//1418
f 1323//1323 1325//1325 1415//1415
f 1415//1415 1325//1325 1419//1419
f 1417//1417 1326//1326 1324//1324
f 1420//1420 1326//1326 1417//1417
f 1420//1420 1327//1327 1326//1326
f 1327//1327 1421//1421 1328//1328
f 1420//1420 1421//1421 1327//1327
f 1328//1328 1422//1422 1329//1329
f 1421//1421 1422//1422 1328//1328
f 1329//1329 1423//1423 1330//1330
f 1422//1422 1423//1423 1329//1329
f 1331//1331 1423//1423 1418//1418
f 1331//1331 1330//1330 1423//1423
f 1331//1331 1418//1418 1325//1325
f 1424//1424 1332//1332 1333//1333
f 1334//1334 1425//1425 1333//1333
f 1333//1333 1425//1425 1424//1424
f 1335//1335 1426//1426 1334//1334
f 1334//1334 1426//1426 1425//1425
f 1336//1336 1426//1426 1335//1335
f 1428//1428 1427//1427 1332//1332
f 1332//1332 1427//1427 1337//1337
f 1428//1428 1332//1332 1424//1424
f 1429//1429 1426//1426 1336//1336
f 1429//1429 1338//1338 1430//1430
f 1429//1429 1336//1336 1338//1338
f 1339//1339 1430//1430 1338//1338
f 1427//1427 1431//1431 1337//1337
f 1337//1337 1431//1431 1340//1340
f 1432//1432 1430//1430 1339//1339
f 1341//1341 1432//1432 1339//1339
f 1431//1431 1342//1342 1340//1340
f 1433//1433 1342//1342 1431//1431
f 1341//1341 1434//1434 1432//1432
f 1341//1341 1343//1343 1434//1434
f 1435//1435 1344//1344 1342//1342
f 1433//1433 1435//1435 1342//1342
f 1343//1343 1345//1345 1434//1434
f 1434//1434 1345//1345 1436//1436
f 1437//1437 1344//1344 1435//1435
f 1437//1437 1346//1346 1344//1344
f 1347//1347 1436//1436 1345//1345
f 1347//1347 1438//1438 1436//1436
f 1437//1437 1348//1348 1346//1346
f 1439//1439 1348//1348 1437//1437
f 1347//1347 1349//1349 1438//1438
f 1438//1438 1349//1349 1440//1440
f 1439//1439 1350//1350 1348//1348
f 1441//1441 1350//1350 1439//1439
f 1351//1351 1440//1440 1349//1349
f 1351//1351 1442//1442 1440//1440
f 1441//1441 1352//1352 1350//1350
f 1443//1443 1352//1352 1441//1441
f 1351//1351 1353//1353 1442//1442
f 1442//1442 1353//1353 1444//1444
f 1443//1443 1354//1354 1352//1352
f 1445//1445 1354//1354 1443//1443
f 1355//1355 1444//1444 1353//1353
f 1355//1355 1446//1446 1444//1444
f 1445//1445 1356//1356 1354//1354
f 1447//1447 1356//1356 1445//1445
f 1446//1446 1355//1355 1448//1448
f 1357//1357 1448//1448 1355//1355
f 1447//1447 1358//1358 1356//1356
f 1449//1449 1358//1358 1447//1447
f 1357//1357 1450//1450 1448//1448
f 1357//1357 1359//1359 1450//1450
f 1449//1449 1360//1360 1358//1358
f 1451//1451 1360//1360 1449//1449
f 1361//1361 1450//1450 1359//1359
f 1361//1361 1452//1452 1450//1450
f 1451//1451 1362//1362 1360//1360
f 1453//1453 1362//1362 1451//1451
f 1361//1361 1363//1363 1452//1452
f 1452//1452 1363//1363 1454//1454
f 1453//1453 1364//1364 1362//1362
f 1455//1455 1364//1364 1453//1453
f 1365//1365 1454//1454 1363//1363
f 1365//1365 1456//1456 1454//1454
f 1455//1455 1366//1366 1364//1364
f 1457//1457 1366//1366 1455//1455
f 1365//1365 1367//1367 1456//1456
f 1456//1456 1367//1367 1458//1458
f 1457//1457 1368//1368 1366//1366
f 1459//1459 1368//1368 1457//1457
f 1369//1369 1458//1458 1367//1367
f 1369//1369 1460//1460 1458//1458
f 1459//1459 1370//1370 1368//1368
f 1461//1461 1370//1370 1459//1459
f 1371//1371 1460//1460 1369//1369
f 1371//1371 1462//1462 1460//1460
f 1461//1461 1372//1372 1370//1370
f 1463//1463 1372//1372 1461//1461
f 1373//1373 1462//1462 1371//1371
f 1373//1373 1464//1464 1462//1462
f 1372//1372 1465//1465 1374//1374
f 1372//1372 1463//1463 1465//1465
f 1373//1373 1375//1375 1464//1464
f 1375//1375 1466//1466 1464//1464
f 1465//1465 1467//1467 1374//1374
f 1376//1376 1374//1374 1467//1467
f 1466//1466 1375//1375 1468//1468
f 1468//1468 1375//1375 1377//1377
f 1467//1467 1378//1378 1376//1376
f 1469//1469 1378//1378 1467//1467
f 1379//1379 1468//1468 1377//1377
f 1379//1379 1470//1470 1468//1468
f 1469//1469 1380//1380 1378//1378
f 1471//1471 1380//1380 1469//1469
f 1381//1381 1470//1470 1379//1379
f 1381//1381 1472//1472 1470//1470
f 1471//1471 1382//1382 1380//1380
f 1473//1473 1382//1382 1471//1471
f 1383//1383 1472//1472 1381//1381
f 1383//1383 1474//1474 1472//1472
f 1473//1473 1384//1384 1382//1382
f 1475//1475 1384//1384 1473//1473
f 1385//1385 1474//1474 1383//1383
f 1385//1385 1476//1476 1474//1474
f 1475//1475 1386//1386 1384//1384
f 1477//1477 1386//1386 1475//1475
f 1387//1387 1476//1476 1385//1385
f 1387//1387 1478//1478 1476//1476
f 1477//1477 1479//1479 1386//1386
f 1386//1386 1479//1479 1388//1388
f 1389//1389 1478//1478 1387//1387
f 1389//1389 1480//1480 1478//1478
f 1479//1479 1390//1390 1388//1388
f 1481//1481 1390//1390 1479//1479
f 1391//1391 1480//1480 1389//1389
f 1391//1391 1482//1482 1480//1480
f 1481//1481 1392//1392 1390//1390
f 1483//1483 1392//1392 1481//1481
f 1391//1391 1393//1393 1482//1482
f 1393//1393 1484//1484 1482//1482
f 1483//1483 1394//1394 1392//1392
f 1485//1485 1394//1394 1483//1483
f 1484//1484 1393//1393 1486//1486
f 1486//1486 1393//1393 1395//1395
f 1485//1485 1396//1396 1394//1394
f 1487//1487 1396//1396 1485//1485
f 1486//1486 1395//1395 1488//1488
f 1488//1488 1395//1395 1397//1397
f 1396//1396 1489//1489 1398//1398
f 1396//1396 1487//1487 1489//1489
f 1399//1399 1490//1490 1397//1397
f 1397//1397 1490//1490 1488//1488
f 1489//1489 1491//1491 1398//1398
f 1400//1400 1398//1398 1491//1491
f 1401//1401 1490//1490 1399//1399
f 1401//1401 1492//1492 1490//1490
f 1491//1491 1402//1402 1400//1400
f 1493//1493 1402//1402 1491//1491
f 1403//1403 1492//1492 1401//1401
f 1403//1403 1494//1494 1492//1492
f 1493//1493 1404//1404 1402//1402
f 1495//1495 1404//1404 1493//1493
f 1405//1405 1494//1494 1403//1403
f 1405//1405 1496//1496 1494//1494
f 1495//1495 1406//1406 1404//1404
f 1497//1497 1406//1406 1495//1495
f 1496//1496 1407//1407 1498//1498
f 1496//1496 1405//1405 1407//1407
f 1497//1497 1499//1499 1406//1406
f 1406//1406 1499//1499 1408//1408
f 1500//1500 1498//1498 1409//1409
f 1409//1409 1498//1498 1407//1407
f 1410//1410 1499//1499 1501//1501
f 1410//1410 1408//1408 1499//1499
f 1411//1411 1500//1500 1409//1409
f 1411//1411 1502//1502 1500//1500
f 1501//1501 1412//1412 1410//1410
f 1503//1503 1412//1412 1501//1501
f 1411//1411 1413//1413 1502//1502
f 1502//1502 1413//1413 1504//1504
f 1503//1503 1505//1505 1412//1412
f 1412//1412 1505//1505 1414//1414
f 1504//1504 1415//1415 1506//1506
f 1504//1504 1413//1413 1415//1415
f 1505//1505 1507//1507 1414//1414
f 1414//1414 1507//1507 1416//1416
f 1416//1416 1508//1508 1417//1417
f 1507//1507 1508//1508 1416//1416
f 1508//1508 1509//1509 1417//1417
f 1513//1513 1418//1418 1512//1512
f 1419//1419 1513//1513 1506//1506
f 1419//1419 1418//1418 1513//1513
f 1419//1419 1506//1506 1415//1415
f 1509//1509 1420//1420 1417//1417
f 1420//1420 1509//1509 1421//1421
f 1421//1421 1509//1509 1510//1510
f 1421//1421 1510//1510 1422//1422
f 1422//1422 1510//1510 1511//1511
f 1422//1422 1511//1511 1423//1423
f 1423//1423 1511//1511 1512//1512
f 1423//1423 1512//1512 1418//1418
f 1514//1514 1427//1427 1428//1428
f 1424//1424 1515//1515 1428//1428
f 1428//1428 1515//1515 1514//1514
f 1424//1424 1516//1516 1515//1515
f 1424//1424 1425//1425 1516//1516
f 1517//1517 1425//1425 1426//1426
f 1517//1517 1516//1516 1425//1425
f 1517//1517 1429//1429 1518//1518
f 1517//1517 1426//1426 1429//1429
f 1430//1430 1518//1518 1429//1429
f 1519//1519 1431//1431 1427//1427
f 1514//1514 1519//1519 1427//1427
f 1520//1520 1518//1518 1430//1430
f 1430//1430 1432//1432 1520//1520
f 1520//1520 1432//1432 1521//1521
f 1522//1522 1431//1431 1519//1519
f 1522//1522 1433//1433 1431//1431
f 1432//1432 1434//1434 1521//1521
f 1521//1521 1434//1434 1523//1523
f 1522//1522 1435//1435 1433//1433
f 1524//1524 1435//1435 1522//1522
f 1523//1523 1434//1434 1525//1525
f 1436//1436 1525//1525 1434//1434
f 1526//1526 1437//1437 1435//1435
f 1524//1524 1526//1526 1435//1435
f 1436//1436 1527//1527 1525//1525
f 1436//1436 1438//1438 1527//1527
f 1528//1528 1437//1437 1526//1526
f 1528//1528 1439//1439 1437//1437
f 1527//1527 1438//1438 1529//1529
f 1440//1440 1529//1529 1438//1438
f 1528//1528 1441//1441 1439//1439
f 1530//1530 1441//1441 1528//1528
f 1440//1440 1531//1531 1529//1529
f 1440//1440 1442//1442 1531//1531
f 1530//1530 1443//1443 1441//1441
f 1532//1532 1443//1443 1530//1530
f 1531//1531 1442//1442 1533//1533
f 1444//1444 1533//1533 1442//1442
f 1532//1532 1445//1445 1443//1443
f 1534//1534 1445//1445 1532//1532
f 1444//1444 1535//1535 1533//1533
f 1444//1444 1446//1446 1535//1535
f 1534//1534 1447//1447 1445//1445
f 1536//1536 1447//1447 1534//1534
f 1448//1448 1535//1535 1446//1446
f 1448//1448 1537//1537 1535//1535
f 1536//1536 1449//1449 1447//1447
f 1538//1538 1449//1449 1536//1536
f 1448//1448 1450//1450 1537//1537
f 1537//1537 1450//1450 1539//1539
f 1538//1538 1451//1451 1449//1449
f 1540//1540 1451//1451 1538//1538
f 1452//1452 1539//1539 1450//1450
f 1452//1452 1541//1541 1539//1539
f 1540//1540 1453//1453 1451//1451
f 1542//1542 1453//1453 1540//1540
f 1452//1452 1454//1454 1541//1541
f 1541//1541 1454//1454 1543//1543
f 1542//1542 1455//1455 1453//1453
f 1544//1544 1455//1455 1542//1542
f 1456//1456 1543//1543 1454//1454
f 1456//1456 1545//1545 1543//1543
f 1544//1544 1457//1457 1455//1455
f 1546//1546 1457//1457 1544//1544
f 1456//1456 1458//1458 1545//1545
f 1545//1545 1458//1458 1547//1547
f 1546//1546 1459//1459 1457//1457
f 1548//1548 1459//1459 1546//1546
f 1460//1460 1547//1547 1458//1458
f 1460//1460 1549//1549 1547//1547
f 1548//1548 1461//1461 1459//1459
f 1550//1550 1461//1461 1548//1548
f 1462//1462 1549//1549 1460//1460
f 1462//1462 1551//1551 1549//1549
f 1550//1550 1463//1463 1461//1461
f 1552//1552 1463//1463 1550//1550
f 1464//1464 1551//1551 1462//1462
f 1464//1464 1553//1553 1551//1551
f 1552//1552 1465//1465 1463//1463
f 1554//1554 1465//1465 1552//1552
f 1464//1464 1466//1466 1553//1553
f 1553//1553 1466//1466 1555//1555
f 1554//1554 1556//1556 1465//1465
f 1465//1465 1556//1556 1467//1467
f 1468//1468 1555//1555 1466//1466
f 1468//1468 1557//1557 1555//1555
f 1556//1556 1469//1469 1467//1467
f 1558//1558 1469//1469 1556//1556
f 1470//1470 1557//1557 1468//1468
f 1470//1470 1559//1559 1557//1557
f 1558//1558 1471//1471 1469//1469
f 1560//1560 1471//1471 1558//1558
f 1472//1472 1559//1559 1470//1470
f 1472//1472 1561//1561 1559//1559
f 1560//1560 1473//1473 1471//1471
f 1562//1562 1473//1473 1560//1560
f 1474//1474 1561//1561 1472//1472
f 1474//1474 1563//1563 1561//1561
f 1562//1562 1475//1475 1473//1473
f 1564//1564 1475//1475 1562//1562
f 1476//1476 1563//1563 1474//1474
f 1476//1476 1565//1565 1563//1563
f 1564//1564 1477//1477 1475//1475
f 1566//1566 1477//1477 1564//1564
f 1478//1478 1565//1565 1476//1476
f 1478//1478 1567//1567 1565//1565
f 1566//1566 1568//1568 1477//1477
f 1477//1477 1568//1568 1479//1479
f 1478//1478 1480//1480 1567//1567
f 1480//1480 1569//1569 1567//1567
f 1568//1568 1481//1481 1479//1479
f 1570//1570 1481//1481 1568//1568
f 1569//1569 1480//1480 1571//1571
f 1571//1571 1480//1480 1482//1482
f 1570//1570 1483//1483 1481//1481
f 1572//1572 1483//1483 1570//1570
f 1484//1484 1571//1571 1482//1482
f 1484//1484 1573//1573 1571//1571
f 1572//1572 1485//1485 1483//1483
f 1574//1574 1485//1485 1572//1572
f 1486//1486 1573//1573 1484//1484
f 1486//1486 1575//1575 1573//1573
f 1574//1574 1487//1487 1485//1485
f 1576//1576 1487//1487 1574//1574
f 1488//1488 1575//1575 1486//1486
f 1488//1488 1577//1577 1575//1575
f 1576//1576 1489//1489 1487//1487
f 1578//1578 1489//1489 1576//1576
f 1488//1488 1490//1490 1577//1577
f 1577//1577 1490//1490 1579//1579
f 1578//1578 1580//1580 1489//1489
f 1489//1489 1580//1580 1491//1491
f 1492//1492 1579//1579 1490//1490
f 1492//1492 1581//1581 1579//1579
f 1580//1580 1493//1493 1491//1491
f 1582//1582 1493//1493 1580//1580
f 1494//1494 1581//1581 1492//1492
f 1494//1494 1583//1583 1581//1581
f 1582//1582 1495//1495 1493//1493
f 1584//1584 1495//1495 1582//1582
f 1496//1496 1583//1583 1494//1494
f 1496//1496 1585//1585 1583//1583
f 1497//1497 1584//1584 1586//1586
f 1497//1497 1495//1495 1584//1584
f 1496//1496 1498//1498 1585//1585
f 1585//1585 1498//1498 1587//1587
f 1586//1586 1499//1499 1497//1497
f 1588//1588 1499//1499 1586//1586
f 1500//1500 1587//1587 1498//1498
f 1500//1500 1589//1589 1587//1587
f 1588//1588 1590//1590 1499//1499
f 1499//1499 1590//1590 1501//1501
f 1589//1589 1502//1502 1591//1591
f 1589//1589 1500//1500 1502//1502
f 1590//1590 1503//1503 1501//1501
f 1592//1592 1503//1503 1590//1590
f 1504//1504 1593//1593 1591//1591
f 1504//1504 1591//1591 1502//1502
f 1592//1592 1594//1594 1503//1503
f 1503//1503 1594//1594 1505//1505
f 1594//1594 1595//1595 1505//1505
f 1506//1506 1596//1596 1593//1593
f 1506//1506 1593//1593 1504//1504
f 1595//1595 1507//1507 1505//1505
f 1597//1597 1507//1507 1595//1595
f 1597//1597 1508//1508 1507//1507
f 1508//1508 1598//1598 1509//1509
f 1597//1597 1598//1598 1508//1508
f 1509//1509 1599//1599 1510//1510
f 1598//1598 1599//1599 1509//1509
f 1510//1510 1600//1600 1511//1511
f 1599//1599 1600//1600 1510//1510
f 1511//1511 1601//1601 1512//1512
f 1600//1600 1601//1601 1511//1511
f 1513//1513 1601//1601 1596//1596
f 1513//1513 1512//1512 1601//1601
f 1513//1513 1596//1596 1506//1506
f 1602//1602 1515//1515 1516//1516
f 1517//1517 1603//1603 1516//1516
f 1516//1516 1603//1603 1602//1602
f 1518//1518 1603//1603 1517//1517
f 1604//1604 1519//1519 1514//1514
f 1514//1514 1605//1605 1604//1604
f 1514//1514 1515//1515 1605//1605
f 1605//1605 1515//1515 1602//1602
f 1606//1606 1603//1603 1518//1518
f 1606//1606 1520//1520 1607//1607
f 1606//1606 1518//1518 1520//1520
f 1521//1521 1607//1607 1520//1520
f 1608//1608 1522//1522 1519//1519
f 1604//1604 1608//1608 1519//1519
f 1609//1609 1607//1607 1521//1521
f 1523//1523 1609//1609 1521//1521
f 1610//1610 1522//1522 1608//1608
f 1610//1610 1524//1524 1522//1522
f 1523//1523 1611//1611 1609//1609
f 1523//1523 1525//1525 1611//1611
f 1610//1610 1526//1526 1524//1524
f 1612//1612 1526//1526 1610//1610
f 1525//1525 1527//1527 1611//1611
f 1611//1611 1527//1527 1613//1613
f 1614//1614 1528//1528 1526//1526
f 1612//1612 1614//1614 1526//1526
f 1529//1529 1613//1613 1527//1527
f 1529//1529 1615//1615 1613//1613
f 1616//1616 1530//1530 1614//1614
f 1614//1614 1530//1530 1528//1528
f 1529//1529 1531//1531 1615//1615
f 1615//1615 1531//1531 1617//1617
f 1618//1618 1530//1530 1616//1616
f 1618//1618 1532//1532 1530//1530
f 1533//1533 1617//1617 1531//1531
f 1533//1533 1619//1619 1617//1617
f 1618//1618 1534//1534 1532//1532
f 1620//1620 1534//1534 1618//1618
f 1533//1533 1535//1535 1619//1619
f 1619//1619 1535//1535 1621//1621
f 1620//1620 1536//1536 1534//1534
f 1622//1622 1536//1536 1620//1620
f 1537//1537 1621//1621 1535//1535
f 1537//1537 1623//1623 1621//1621
f 1622//1622 1538//1538 1536//1536
f 1624//1624 1538//1538 1622//1622
f 1537//1537 1539//1539 1623//1623
f 1623//1623 1539//1539 1625//1625
f 1624//1624 1540//1540 1538//1538
f 1626//1626 1540//1540 1624//1624
f 1541//1541 1625//1625 1539//1539
f 1541//1541 1627//1627 1625//1625
f 1626//1626 1542//1542 1540//1540
f 1628//1628 1542//1542 1626//1626
f 1541//1541 1543//1543 1627//1627
f 1627//1627 1543//1543 1629//1629
f 1628//1628 1544//1544 1542//1542
f 1630//1630 1544//1544 1628//1628
f 1545//1545 1629//1629 1543//1543
f 1545//1545 1631//1631 1629//1629
f 1630//1630 1546//1546 1544//1544
f 1632//1632 1546//1546 1630//1630
f 1545//1545 1547//1547 1631//1631
f 1631//1631 1547//1547 1633//1633
f 1632//1632 1548//1548 1546//1546
f 1634//1634 1548//1548 1632//1632
f 1549//1549 1633//1633 1547//1547
f 1549//1549 1635//1635 1633//1633
f 1634//1634 1550//1550 1548//1548
f 1636//1636 1550//1550 1634//1634
f 1551//1551 1635//1635 1549//1549
f 1551//1551 1637//1637 1635//1635
f 1636//1636 1552//1552 1550//1550
f 1638//1638 1552//1552 1636//1636
f 1551//1551 1553//1553 1637//1637
f 1553//1553 1639//1639 1637//1637
f 1554//1554 1638//1638 1640//1640
f 1554//1554 1552//1552 1638//1638
f 1555//1555 1639//1639 1553//1553
f 1555//1555 1641//1641 1639//1639
f 1640//1640 1556//1556 1554//1554
f 1642//1642 1556//1556 1640//1640
f 1557//1557 1641//1641 1555//1555
f 1557//1557 1643//1643 1641//1641
f 1642//1642 1558//1558 1556//1556
f 1644//1644 1558//1558 1642//1642
f 1559//1559 1643//1643 1557//1557
f 1559//1559 1645//1645 1643//1643
f 1644//1644 1560//1560 1558//1558
f 1646//1646 1560//1560 1644//1644
f 1561//1561 1645//1645 1559//1559
f 1561//1561 1647//1647 1645//1645
f 1646//1646 1562//1562 1560//1560
f 1648//1648 1562//1562 1646//1646
f 1563//1563 1647//1647 1561//1561
f 1563//1563 1649//1649 1647//1647
f 1648//1648 1564//1564 1562//1562
f 1650//1650 1564//1564 1648//1648
f 1563//1563 1565//1565 1649//1649
f 1565//1565 1651//1651 1649//1649
f 1650//1650 1566//1566 1564//1564
f 1652//1652 1566//1566 1650//1650
f 1651//1651 1565//1565 1653//1653
f 1653//1653 1565//1565 1567//1567
f 1652//1652 1654//1654 1566//1566
f 1566//1566 1654//1654 1568//1568
f 1569//1569 1653//1653 1567//1567
f 1569//1569 1655//1655 1653//1653
f 1654//1654 1570//1570 1568//1568
f 1656//1656 1570//1570 1654//1654
f 1571//1571 1655//1655 1569//1569
f 1571//1571 1657//1657 1655//1655
f 1656//1656 1572//1572 1570//1570
f 1658//1658 1572//1572 1656//1656
f 1573//1573 1657//1657 1571//1571
f 1573//1573 1659//1659 1657//1657
f 1658//1658 1574//1574 1572//1572
f 1660//1660 1574//1574 1658//1658
f 1575//1575 1659//1659 1573//1573
f 1575//1575 1661//1661 1659//1659
f 1660//1660 1576//1576 1574//1574
f 1662//1662 1576//1576 1660//1660
f 1577//1577 1661//1661 1575//1575
f 1577//1577 1663//1663 1661//1661
f 1662//1662 1578//1578 1576//1576
f 1664//1664 1578//1578 1662//1662
f 1577//1577 1579//1579 1663//1663
f 1663//1663 1579//1579 1665//1665
f 1664//1664 1666//1666 1578//1578
f 1578//1578 1666//1666 1580//1580
f 1581//1581 1665//1665 1579//1579
f 1581//1581 1667//1667 1665//1665
f 1666//1666 1582//1582 1580//1580
f 1668//1668 1582//1582 1666//1666
f 1583//1583 1667//1667 1581//1581
f 1583//1583 1669//1669 1667//1667
f 1668//1668 1584//1584 1582//1582
f 1670//1670 1584//1584 1668//1668
f 1585//1585 1669//1669 1583//1583
f 1585//1585 1671//1671 1669//1669
f 1670//1670 1672//1672 1584//1584
f 1584//1584 1672//1672 1586//1586
f 1585//1585 1587//1587 1671//1671
f 1671//1671 1587//1587 1673//1673
f 1672//1672 1588//1588 1586//1586
f 1674//1674 1588//1588 1672//1672
f 1589//1589 1673//1673 1587//1587
f 1589//1589 1675//1675 1673//1673
f 1674//1674 1676//1676 1588//1588
f 1588//1588 1676//1676 1590//1590
f 1589//1589 1591//1591 1675//1675
f 1675//1675 1591//1591 1677//1677
f 1592//1592 1676//1676 1678//1678
f 1592//1592 1590//1590 1676//1676
f 1680//1680 1593//1593 1679//1679
f 1591//1591 1593//1593 1677//1677
f 1677//1677 1593//1593 1680//1680
f 1678//1678 1594//1594 1592//1592
f 1681//1681 1594//1594 1678//1678
f 1681//1681 1595//1595 1594//1594
f 1681//1681 1682//1682 1595//1595
f 1596//1596 1686//1686 1679//1679
f 1596//1596 1679//1679 1593//1593
f 1682//1682 1597//1597 1595//1595
f 1597//1597 1682//1682 1598//1598
f 1598//1598 1682//1682 1683//1683
f 1598//1598 1683//1683 1599//1599
f 1599//1599 1683//1683 1684//1684
f 1599//1599 1684//1684 1600//1600
f 1600//1600 1684//1684 1685//1685
f 1600//1600 1685//1685 1601//1601
f 1601//1601 1685//1685 1686//1686
f 1601//1601 1686//1686 1596//1596
f 1687//1687 1604//1604 1605//1605
f 1602//1602 1688//1688 1605//1605
f 1605//1605 1688//1688 1687//1687
f 1603//1603 1689//1689 1602//1602
f 1602//1602 1689//1689 1688//1688
f 1606//1606 1690//1690 1603//1603
f 1603//1603 1690//1690 1689//1689
f 1607//1607 1690//1690 1606//1606
f 1691//1691 1608//1608 1604//1604
f 1687//1687 1691//1691 1604//1604
f 1692//1692 1690//1690 1607//1607
f 1609//1609 1692//1692 1607//1607
f 1693//1693 1610//1610 1608//1608
f 1691//1691 1693//1693 1608//1608
f 1694//1694 1692//1692 1609//1609
f 1609//1609 1611//1611 1694//1694
f 1694//1694 1611//1611 1695//1695
f 1696//1696 1610//1610 1693//1693
f 1696//1696 1612//1612 1610//1610
f 1695//1695 1611//1611 1697//1697
f 1613//1613 1697//1697 1611//1611
f 1696//1696 1614//1614 1612//1612
f 1698//1698 1614//1614 1696//1696
f 1613//1613 1699//1699 1697//1697
f 1613//1613 1615//1615 1699//1699
f 1698//1698 1616//1616 1614//1614
f 1700//1700 1616//1616 1698//1698
f 1615//1615 1617//1617 1699//1699
f 1699//1699 1617//1617 1701//1701
f 1702//1702 1618//1618 1616//1616
f 1700//1700 1702//1702 1616//1616
f 1619//1619 1701//1701 1617//1617
f 1619//1619 1703//1703 1701//1701
f 1704//1704 1618//1618 1702//1702
f 1704//1704 1620//1620 1618//1618
f 1619//1619 1621//1621 1703//1703
f 1703//1703 1621//1621 1705//1705
f 1704//1704 1622//1622 1620//1620
f 1706//1706 1622//1622 1704//1704
f 1623//1623 1705//1705 1621//1621
f 1623//1623 1707//1707 1705//1705
f 1706//1706 1624//1624 1622//1622
f 1708//1708 1624//1624 1706//1706
f 1623//1623 1625//1625 1707//1707
f 1707//1707 1625//1625 1709//1709
f 1708//1708 1626//1626 1624//1624
f 1710//1710 1626//1626 1708//1708
f 1627//1627 1709//1709 1625//1625
f 1627//1627 1711//1711 1709//1709
f 1710//1710 1628//1628 1626//1626
f 1712//1712 1628//1628 1710//1710
f 1627//1627 1629//1629 1711//1711
f 1711//1711 1629//1629 1713//1713
f 1712//1712 1630//1630 1628//1628
f 1714//1714 1630//1630 1712//1712
f 1631//1631 1713//1713 1629//1629
f 1631//1631 1715//1715 1713//1713
f 1714//1714 1632//1632 1630//1630
f 1716//1716 1632//1632 1714//1714
f 1631//1631 1633//1633 1715//1715
f 1715//1715 1633//1633 1717//1717
f 1716//1716 1634//1634 1632//1632
f 1718//1718 1634//1634 1716//1716
f 1635//1635 1717//1717 1633//1633
f 1635//1635 1719//1719 1717//1717
f 1718//1718 1636//1636 1634//1634
f 1720//1720 1636//1636 1718//1718
f 1637//1637 1719//1719 1635//1635
f 1637//1637 1721//1721 1719//1719
f 1638//1638 1720//1720 1722//1722
f 1638//1638 1636//1636 1720//1720
f 1637//1637 1639//1639 1721//1721
f 1721//1721 1639//1639 1723//1723
f 1722//1722 1640//1640 1638//1638
f 1724//1724 1640//1640 1722//1722
f 1641//1641 1723//1723 1639//1639
f 1641//1641 1725//1725 1723//1723
f 1724//1724 1642//1642 1640//1640
f 1726//1726 1642//1642 1724//1724
f 1643//1643 1725//1725 1641//1641
f 1643//1643 1727//1727 1725//1725
f 1726//1726 1644//1644 1642//1642
f 1728//1728 1644//1644 1726//1726
f 1645//1645 1727//1727 1643//1643
f 1645//1645 1729//1729 1727//1727
f 1728//1728 1646//1646 1644//1644
f 1730//1730 1646//1646 1728//1728
f 1647//1647 1729//1729 1645//1645
f 1647//1647 1731//1731 1729//1729
f 1730//1730 1648//1648 1646//1646
f 1732//1732 1648//1648 1730//1730
f 1647//1647 1649//1649 1731//1731
f 1649//1649 1733//1733 1731//1731
f 1732//1732 1650//1650 1648//1648
f 1734//1734 1650//1650 1732//1732
f 1651//1651 1733//1733 1649//1649
f 1651//1651 1735//1735 1733//1733
f 1734//1734 1652//1652 1650//1650
f 1736//1736 1652//1652 1734//1734
f 1653//1653 1735//1735 1651//1651
f 1653//1653 1737//1737 1735//1735
f 1736//1736 1738//1738 1652//1652
f 1652//1652 1738//1738 1654//1654
f 1655//1655 1737//1737 1653//1653
f 1655//1655 1739//1739 1737//1737
f 1738//1738 1656//1656 1654//1654
f 1740//1740 1656//1656 1738//1738
f 1657//1657 1739//1739 1655//1655
f 1657//1657 1741//1741 1739//1739
f 1740//1740 1658//1658 1656//1656
f 1742//1742 1658//1658 1740//1740
f 1659//1659 1741//1741 1657//1657
f 1659//1659 1743//1743 1741//1741
f 1742//1742 1660//1660 1658//1658
f 1744//1744 1660//1660 1742//1742
f 1661//1661 1743//1743 1659//1659
f 1661//1661 1745//1745 1743//1743
f 1744//1744 1662//1662 1660//1660
f 1746//1746 1662//1662 1744//1744
f 1663//1663 1745//1745 1661//1661
f 1663//1663 1747//1747 1745//1745
f 1746//1746 1664//1664 1662//1662
f 1748//1748 1664//1664 1746//1746
f 1749//1749 1663//1663 1665//1665
f 1749//1749 1747//1747 1663//1663
f 1748//1748 1750//1750 1664//1664
f 1664//1664 1750//1750 1666//1666
f 1667//1667 1751//1751 1665//1665
f 1665//1665 1751//1751 1749//1749
f 1750//1750 1668//1668 1666//1666
f 1752//1752 1668//1668 1750//1750
f 1669//1669 1751//1751 1667//1667
f 1669//1669 1753//1753 1751//1751
f 1752//1752 1670//1670 1668//1668
f 1754//1754 1670//1670 1752//1752
f 1753//1753 1671//1671 1755//1755
f 1753//1753 1669//1669 1671//1671
f 1754//1754 1756//1756 1670//1670
f 1670//1670 1756//1756 1672//1672
f 1757//1757 1755//1755 1673//1673
f 1673//1673 1755//1755 1671//1671
f 1756//1756 1674//1674 1672//1672
f 1758//1758 1674//1674 1756//1756
f 1757//1757 1675//1675 1759//1759
f 1757//1757 1673//1673 1675//1675
f 1758//1758 1760//1760 1674//1674
f 1674//1674 1760//1760 1676//1676
f 1677//1677 1761//1761 1759//1759
f 1677//1677 1759//1759 1675//1675
f 1760//1760 1762//1762 1676//1676
f 1676//1676 1762//1762 1678//1678
f 1762//1762 1763//1763 1678//1678
f 1765//1765 1679//1679 1764//1764
f 1680//1680 1765//1765 1761//1761
f 1680//1680 1679//1679 1765//1765
f 1680//1680 1761//1761 1677//1677
f 1763//1763 1681//1681 1678//1678
f 1766//1766 1681//1681 1763//1763
f 1766//1766 1682//1682 1681//1681
f 1682//1682 1767//1767 1683//1683
f 1766//1766 1767//1767 1682//1682
f 1683//1683 1768//1768 1684//1684
f 1767//1767 1768//1768 1683//1683
f 1684//1684 1769//1769 1685//1685
f 1768//1768 1769//1769 1684//1684
f 1686//1686 1769//1769 1764//1764
f 1686//1686 1685//1685 1769//1769
f 1686//1686 1764//1764 1679//1679
f 1770//1770 1691//1691 1687//1687
f 1687//1687 1771//1771 1770//1770
f 1687//1687 1688//1688 1771//1771
f 1772//1772 1688//1688 1689//1689
f 1772//1772 1771//1771 1688//1688
f 1772//1772 1690//1690 1773//1773
f 1772//1772 1689//1689 1690//1690
f 1692//1692 1773//1773 1690//1690
f 1775//1775 1774//1774 1691//1691
f 1691//1691 1774//1774 1693//1693
f 1775//1775 1691//1691 1770//1770
f 1776//1776 1773//1773 1692//1692
f 1776//1776 1694//1694 1777//1777
f 1776//1776 1692//1692 1694//1694
f 1695//1695 1777//1777 1694//1694
f 1778//1778 1696//1696 1693//1693
f 1774//1774 1778//1778 1693//1693
f 1695//1695 1779//1779 1777//1777
f 1695//1695 1697//1697 1779//1779
f 1780//1780 1696//1696 1778//1778
f 1780//1780 1698//1698 1696//1696
f 1697//1697 1699//1699 1779//1779
f 1779//1779 1699//1699 1781//1781
f 1780//1780 1700//1700 1698//1698
f 1782//1782 1700//1700 1780//1780
f 1781//1781 1699//1699 1783//1783
f 1701//1701 1783//1783 1699//1699
f 1782//1782 1702//1702 1700//1700
f 1784//1784 1702//1702 1782//1782
f 1701//1701 1785//1785 1783//1783
f 1701//1701 1703//1703 1785//1785
f 1786//1786 1704//1704 1702//1702
f 1784//1784 1786//1786 1702//1702
f 1785//1785 1703//1703 1787//1787
f 1705//1705 1787//1787 1703//1703
f 1788//1788 1706//1706 1786//1786
f 1786//1786 1706//1706 1704//1704
f 1705//1705 1789//1789 1787//1787
f 1705//1705 1707//1707 1789//1789
f 1790//1790 1708//1708 1788//1788
f 1788//1788 1708//1708 1706//1706
f 1707//1707 1709//1709 1789//1789
f 1789//1789 1709//1709 1791//1791
f 1792//1792 1708//1708 1790//1790
f 1792//1792 1710//1710 1708//1708
f 1711//1711 1791//1791 1709//1709
f 1711//1711 1793//1793 1791//1791
f 1792//1792 1712//1712 1710//1710
f 1794//1794 1712//1712 1792//1792
f 1711//1711 1713//1713 1793//1793
f 1793//1793 1713//1713 1795//1795
f 1714//1714 1794//1794 1796//1796
f 1714//1714 1712//1712 1794//1794
f 1715//1715 1795//1795 1713//1713
f 1715//1715 1797//1797 1795//1795
f 1798//1798 1716//1716 1796//1796
f 1796//1796 1716//1716 1714//1714
f 1715//1715 1717//1717 1797//1797
f 1797//1797 1717//1717 1799//1799
f 1800//1800 1718//1718 1798//1798
f 1798//1798 1718//1718 1716//1716
f 1719//1719 1799//1799 1717//1717
f 1719//1719 1801//1801 1799//1799
f 1802//1802 1720//1720 1800//1800
f 1800//1800 1720//1720 1718//1718
f 1721//1721 1801//1801 1719//1719
f 1721//1721 1803//1803 1801//1801
f 1802//1802 1722//1722 1720//1720
f 1804//1804 1722//1722 1802//1802
f 1721//1721 1723//1723 1803//1803
f 1803//1803 1723//1723 1805//1805
f 1804//1804 1724//1724 1722//1722
f 1806//1806 1724//1724 1804//1804
f 1725//1725 1805//1805 1723//1723
f 1725//1725 1807//1807 1805//1805
f 1806//1806 1726//1726 1724//1724
f 1808//1808 1726//1726 1806//1806
f 1727//1727 1807//1807 1725//1725
f 1727//1727 1809//1809 1807//1807
f 1808//1808 1728//1728 1726//1726
f 1810//1810 1728//1728 1808//1808
f 1729//1729 1809//1809 1727//1727
f 1729//1729 1811//1811 1809//1809
f 1810//1810 1730//1730 1728//1728
f 1812//1812 1730//1730 1810//1810
f 1729//1729 1731//1731 1811//1811
f 1731//1731 1813//1813 1811//1811
f 1812//1812 1732//1732 1730//1730
f 1814//1814 1732//1732 1812//1812
f 1733//1733 1813//1813 1731//1731
f 1733//1733 1815//1815 1813//1813
f 1814//1814 1734//1734 1732//1732
f 1816//1816 1734//1734 1814//1814
f 1735//1735 1815//1815 1733//1733
f 1735//1735 1817//1817 1815//1815
f 1816//1816 1736//1736 1734//1734
f 1818//1818 1736//1736 1816//1816
f 1737//1737 1817//1817 1735//1735
f 1737//1737 1819//1819 1817//1817
f 1818//1818 1820//1820 1736//1736
f 1736//1736 1820//1820 1738//1738
f 1739//1739 1819//1819 1737//1737
f 1739//1739 1821//1821 1819//1819
f 1820//1820 1740//1740 1738//1738
f 1822//1822 1740//1740 1820//1820
f 1741//1741 1821//1821 1739//1739
f 1741//1741 1823//1823 1821//1821
f 1822//1822 1742//1742 1740//1740
f 1824//1824 1742//1742 1822//1822
f 1743//1743 1823//1823 1741//1741
f 1743//1743 1825//1825 1823//1823
f 1824//1824 1744//1744 1742//1742
f 1826//1826 1744//1744 1824//1824
f 1745//1745 1825//1825 1743//1743
f 1745//1745 1827//1827 1825//1825
f 1826//1826 1746//1746 1744//1744
f 1828//1828 1746//1746 1826//1826
f 1747//1747 1827//1827 1745//1745
f 1747//1747 1829//1829 1827//1827
f 1828//1828 1748//1748 1746//1746
f 1830//1830 1748//1748 1828//1828
f 1749//1749 1829//1829 1747//1747
f 1749//1749 1831//1831 1829//1829
f 1830//1830 1832//1832 1748//1748
f 1748//1748 1832//1832 1750//1750
f 1749//1749 1751//1751 1831//1831
f 1831//1831 1751//1751 1833//1833
f 1832//1832 1752//1752 1750//1750
f 1834//1834 1752//1752 1832//1832
f 1753//1753 1833//1833 1751//1751
f 1753//1753 1835//1835 1833//1833
f 1834//1834 1754//1754 1752//1752
f 1836//1836 1754//1754 1834//1834
f 1753//1753 1755//1755 1835//1835
f 1835//1835 1755//1755 1837//1837
f 1836//1836 1838//1838 1754//1754
f 1754//1754 1838//1838 1756//1756
f 1757//1757 1837//1837 1755//1755
f 1757//1757 1839//1839 1837//1837
f 1758//1758 1838//1838 1840//1840
f 1758//1758 1756//1756 1838//1838
f 1757//1757 1759//1759 1839//1839
f 1839//1839 1759//1759 1841//1841
f 1840//1840 1760//1760 1758//1758
f 1840//1840 1842//1842 1760//1760
f 1844//1844 1761//1761 1843//1843
f 1759//1759 1761//1761 1841//1841
f 1841//1841 1761//1761 1844//1844
f 1842//1842 1762//1762 1760//1760
f 1845//1845 1762//1762 1842//1842
f 1845//1845 1763//1763 1762//1762
f 1845//1845 1846//1846 1763//1763
f 1850//1850 1764//1764 1849//1849
f 1765//1765 1850//1850 1843//1843
f 1765//1765 1764//1764 1850//1850
f 1765//1765 1843//1843 1761//1761
f 1846//1846 1766//1766 1763//1763
f 1766//1766 1846//1846 1767//1767
f 1767//1767 1846//1846 1847//1847
f 1767//1767 1847//1847 1768//1768
f 1768//1768 1847//1847 1848//1848
f 1768//1768 1848//1848 1769//1769
f 1769//1769 1848//1848 1849//1849
f 1769//1769 1849//1849 1764//1764
f 1851//1851 1770//1770 1771//1771
f 1772//1772 1852//1852 1771//1771
f 1771//1771 1852//1852 1851//1851
f 1773//1773 1852//1852 1772//1772
f 1853//1853 1774//1774 1775//1775
f 1775//1775 1854//1854 1853//1853
f 1775//1775 1770//1770 1854//1854
f 1854//1854 1770//1770 1851//1851
f 1855//1855 1852//1852 1773//1773
f 1855//1855 1776//1776 1856//1856
f 1855//1855 1773//1773 1776//1776
f 1777//1777 1856//1856 1776//1776
f 1857//1857 1774//1774 1853//1853
f 1857//1857 1778//1778 1774//1774
f 1858//1858 1856//1856 1777//1777
f 1777//1777 1779//1779 1858//1858
f 1858//1858 1779//1779 1859//1859
f 1860//1860 1780//1780 1778//1778
f 1857//1857 1860//1860 1778//1778
f 1859//1859 1779//1779 1861//1861
f 1781//1781 1861//1861 1779//1779
f 1862//1862 1780//1780 1860//1860
f 1862//1862 1782//1782 1780//1780
f 1781//1781 1863//1863 1861//1861
f 1781//1781 1783//1783 1863//1863
f 1862//1862 1784//1784 1782//1782
f 1864//1864 1784//1784 1862//1862
f 1783//1783 1785//1785 1863//1863
f 1863//1863 1785//1785 1865//1865
f 1864//1864 1786//1786 1784//1784
f 1866//1866 1786//1786 1864//1864
f 1787//1787 1865//1865 1785//1785
f 1787//1787 1867//1867 1865//1865
f 1866//1866 1788//1788 1786//1786
f 1868//1868 1788//1788 1866//1866
f 1787//1787 1789//1789 1867//1867
f 1867//1867 1789//1789 1869//1869
f 1868//1868 1790//1790 1788//1788
f 1870//1870 1790//1790 1868//1868
f 1869//1869 1789//1789 1871//1871
f 1791//1791 1871//1871 1789//1789
f 1872//1872 1792//1792 1790//1790
f 1870//1870 1872//1872 1790//1790
f 1791//1791 1873//1873 1871//1871
f 1791//1791 1793//1793 1873//1873
f 1874//1874 1794//1794 1872//1872
f 1872//1872 1794//1794 1792//1792
f 1793//1793 1795//1795 1873//1873
f 1873//1873 1795//1795 1875//1875
f 1874//1874 1796//1796 1794//1794
f 1876//1876 1796//1796 1874//1874
f 1797//1797 1875//1875 1795//1795
f 1797//1797 1877//1877 1875//1875
f 1876//1876 1798//1798 1796//1796
f 1878//1878 1798//1798 1876//1876
f 1797//1797 1799//1799 1877//1877
f 1877//1877 1799//1799 1879//1879
f 1878//1878 1800//1800 1798//1798
f 1880//1880 1800//1800 1878//1878
f 1801//1801 1879//1879 1799//1799
f 1801//1801 1881//1881 1879//1879
f 1880//1880 1802//1802 1800//1800
f 1882//1882 1802//1802 1880//1880
f 1803//1803 1881//1881 1801//1801
f 1803//1803 1883//1883 1881//1881
f 1882//1882 1804//1804 1802//1802
f 1884//1884 1804//1804 1882//1882
f 1803//1803 1805//1805 1883//1883
f 1883//1883 1805//1805 1885//1885
f 1884//1884 1806//1806 1804//1804
f 1886//1886 1806//1806 1884//1884
f 1807//1807 1885//1885 1805//1805
f 1807//1807 1887//1887 1885//1885
f 1886//1886 1808//1808 1806//1806
f 1888//1888 1808//1808 1886//1886
f 1809//1809 1887//1887 1807//1807
f 1809//1809 1889//1889 1887//1887
f 1888//1888 1810//1810 1808//1808
f 1890//1890 1810//1810 1888//1888
f 1809//1809 1811//1811 1889//1889
f 1811//1811 1891//1891 1889//1889
f 1890//1890 1812//1812 1810//1810
f 1892//1892 1812//1812 1890//1890
f 1813//1813 1891//1891 1811//1811
f 1813//1813 1893//1893 1891//1891
f 1892//1892 1814//1814 1812//1812
f 1894//1894 1814//1814 1892//1892
f 1815//1815 1893//1893 1813//1813
f 1815//1815 1895//1895 1893//1893
f 1894//1894 1816//1816 1814//1814
f 1896//1896 1816//1816 1894//1894
f 1817//1817 1895//1895 1815//1815
f 1817//1817 1897//1897 1895//1895
f 1818//1818 1896//1896 1898//1898
f 1818//1818 1816//1816 1896//1896
f 1819//1819 1897//1897 1817//1817
f 1819//1819 1899//1899 1897//1897
f 1898//1898 1820//1820 1818//1818
f 1900//1900 1820//1820 1898//1898
f 1821//1821 1899//1899 1819//1819
f 1821//1821 1901//1901 1899//1899
f 1900//1900 1822//1822 1820//1820
f 1902//1902 1822//1822 1900//1900
f 1823//1823 1901//1901 1821//1821
f 1823//1823 1903//1903 1901//1901
f 1902//1902 1824//1824 1822//1822
f 1904//1904 1824//1824 1902//1902
f 1825//1825 1903//1903 1823//1823
f 1825//1825 1905//1905 1903//1903
f 1904//1904 1826//1826 1824//1824
f 1906//1906 1826//1826 1904//1904
f 1827//1827 1905//1905 1825//1825
f 1827//1827 1907//1907 1905//1905
f 1906//1906 1828//1828 1826//1826
f 1908//1908 1828//1828 1906//1906
f 1829//1829 1907//1907 1827//1827
f 1829//1829 1909//1909 1907//1907
f 1908//1908 1830//1830 1828//1828
f 1910//1910 1830//1830 1908//1908
f 1909//1909 1831//1831 1911//1911
f 1909//1909 1829//1829 1831//1831
f 1910//1910 1912//1912 1830//1830
f 1830//1830 1912//1912 1832//1832
f 1913//1913 1911//1911 1833//1833
f 1833//1833 1911//1911 1831//1831
f 1912//1912 1834//1834 1832//1832
f 1914//1914 1834//1834 1912//1912
f 1835//1835 1913//1913 1833//1833
f 1835//1835 1915//1915 1913//1913
f 1836//1836 1914//1914 1916//1916
f 1836//1836 1834//1834 1914//1914
f 1835//1835 1837//1837 1915//1915
f 1915//1915 1837//1837 1917//1917
f 1916//1916 1838//1838 1836//1836
f 1918//1918 1838//1838 1916//1916
f 1917//1917 1839//1839 1919//1919
f 1917//1917 1837//1837 1839//1839
f 1918//1918 1920//1920 1838//1838
f 1838//1838 1920//1920 1840//1840
f 1921//1921 1919//1919 1841//1841
f 1841//1841 1919//1919 1839//1839
f 1920//1920 1922//1922 1840//1840
f 1840//1840 1922//1922 1842//1842
f 1922//1922 1923//1923 1842//1842
f 1925//1925 1843//1843 1924//1924
f 1843//1843 1926//1926 1844//1844
f 1925//1925 1926//1926 1843//1843
f 1841//1841 1844//1844 1921//1921
f 1921//1921 1844//1844 1926//1926
f 1923//1923 1845//1845 1842//1842
f 1927//1927 1845//1845 1923//1923
f 1927//1927 1846//1846 1845//1845
f 1846//1846 1928//1928 1847//1847
f 1927//1927 1928//1928 1846//1846
f 1847//1847 1929//1929 1848//1848
f 1928//1928 1929//1929 1847//1847
f 1848//1848 1930//1930 1849//1849
f 1929//1929 1930//1930 1848//1848
f 1850//1850 1930//1930 1924//1924
f 1850//1850 1849//1849 1930//1930
f 1850//1850 1924//1924 1843//1843
f 1931//1931 1853//1853 1854//1854
f 1851//1851 1932//1932 1854//1854
f 1854//1854 1932//1932 1931//1931
f 1852//1852 1933//1933 1851//1851
f 1851//1851 1933//1933 1932//1932
f 1855//1855 1934//1934 1852//1852
f 1852//1852 1934//1934 1933//1933
f 1856//1856 1934//1934 1855//1855
f 1935//1935 1857//1857 1853//1853
f 1931//1931 1935//1935 1853//1853
f 1936//1936 1934//1934 1856//1856
f 1936//1936 1858//1858 1937//1937
f 1936//1936 1856//1856 1858//1858
f 1859//1859 1937//1937 1858//1858
f 1938//1938 1857//1857 1935//1935
f 1938//1938 1860//1860 1857//1857
f 1859//1859 1939//1939 1937//1937
f 1859//1859 1861//1861 1939//1939
f 1940//1940 1862//1862 1860//1860
f 1938//1938 1940//1940 1860//1860
f 1861//1861 1863//1863 1939//1939
f 1939//1939 1863//1863 1941//1941
f 1942//1942 1862//1862 1940//1940
f 1942//1942 1864//1864 1862//1862
f 1863//1863 1865//1865 1941//1941
f 1941//1941 1865//1865 1943//1943
f 1942//1942 1866//1866 1864//1864
f 1944//1944 1866//1866 1942//1942
f 1867//1867 1943//1943 1865//1865
f 1867//1867 1945//1945 1943//1943
f 1944//1944 1868//1868 1866//1866
f 1946//1946 1868//1868 1944//1944
f 1867//1867 1869//1869 1945//1945
f 1945//1945 1869//1869 1947//1947
f 1946//1946 1870//1870 1868//1868
f 1948//1948 1870//1870 1946//1946
f 1871//1871 1947//1947 1869//1869
f 1871//1871 1949//1949 1947//1947
f 1948//1948 1872//1872 1870//1870
f 1950//1950 1872//1872 1948//1948
f 1871//1871 1873//1873 1949//1949
f 1949//1949 1873//1873 1951//1951
f 1950//1950 1874//1874 1872//1872
f 1952//1952 1874//1874 1950//1950
f 1873//1873 1875//1875 1951//1951
f 1951//1951 1875//1875 1953//1953
f 1952//1952 1876//1876 1874//1874
f 1954//1954 1876//1876 1952//1952
f 1877//1877 1953//1953 1875//1875
f 1877//1877 1955//1955 1953//1953
f 1954//1954 1878//1878 1876//1876
f 1956//1956 1878//1878 1954//1954
f 1877//1877 1879//1879 1955//1955
f 1955//1955 1879//1879 1957//1957
f 1956//1956 1880//1880 1878//1878
f 1958//1958 1880//1880 1956//1956
f 1881//1881 1957//1957 1879//1879
f 1881//1881 1959//1959 1957//1957
f 1958//1958 1882//1882 1880//1880
f 1960//1960 1882//1882 1958//1958
f 1881//1881 1883//1883 1959//1959
f 1883//1883 1961//1961 1959//1959
f 1960//1960 1884//1884 1882//1882
f 1962//1962 1884//1884 1960//1960
f 1885//1885 1961//1961 1883//1883
f 1885//1885 1963//1963 1961//1961
f 1962//1962 1886//1886 1884//1884
f 1964//1964 1886//1886 1962//1962
f 1887//1887 1963//1963 1885//1885
f 1887//1887 1965//1965 1963//1963
f 1964//1964 1888//1888 1886//1886
f 1966//1966 1888//1888 1964//1964
f 1889//1889 1965//1965 1887//1887
f 1889//1889 1967//1967 1965//1965
f 1966//1966 1890//1890 1888//1888
f 1968//1968 1890//1890 1966//1966
f 1889//1889 1891//1891 1967//1967
f 1967//1967 1891//1891 1969//1969
f 1968//1968 1892//1892 1890//1890
f 1970//1970 1892//1892 1968//1968
f 1893//1893 1969//1969 1891//1891
f 1893//1893 1971//1971 1969//1969
f 1970//1970 1894//1894 1892//1892
f 1972//1972 1894//1894 1970//1970
f 1895//1895 1971//1971 1893//1893
f 1895//1895 1973//1973 1971//1971
f 1972//1972 1896//1896 1894//1894
f 1974//1974 1896//1896 1972//1972
f 1897//1897 1973//1973 1895//1895
f 1897//1897 1975//1975 1973//1973
f 1974//1974 1976//1976 1896//1896
f 1896//1896 1976//1976 1898//1898
f 1899//1899 1975//1975 1897//1897
f 1899//1899 1977//1977 1975//1975
f 1976//1976 1900//1900 1898//1898
f 1978//1978 1900//1900 1976//1976
f 1901//1901 1977//1977 1899//1899
f 1901//1901 1979//1979 1977//1977
f 1978//1978 1902//1902 1900//1900
f 1980//1980 1902//1902 1978//1978
f 1903//1903 1979//1979 1901//1901
f 1903//1903 1981//1981 1979//1979
f 1980//1980 1904//1904 1902//1902
f 1982//1982 1904//1904 1980//1980
f 1905//1905 1981//1981 1903//1903
f 1905//1905 1983//1983 1981//1981
f 1982//1982 1906//1906 1904//1904
f 1984//1984 1906//1906 1982//1982
f 1907//1907 1983//1983 1905//1905
f 1907//1907 1985//1985 1983//1983
f 1984//1984 1908//1908 1906//1906
f 1986//1986 1908//1908 1984//1984
f 1909//1909 1985//1985 1907//1907
f 1909//1909 1987//1987 1985//1985
f 1910//1910 1986//1986 1988//1988
f 1910//1910 1908//1908 1986//1986
f 1909//1909 1911//1911 1987//1987
f 1987//1987 1911//1911 1989//1989
f 1988//1988 1912//1912 1910//1910
f 1990//1990 1912//1912 1988//1988
f 1913//1913 1989//1989 1911//1911
f 1913//1913 1991//1991 1989//1989
f 1990//1990 1914//1914 1912//1912
f 1992//1992 1914//1914 1990//1990
f 1915//1915 1991//1991 1913//1913
f 1915//1915 1993//1993 1991//1991
f 1992//1992 1994//1994 1914//1914
f 1914//1914 1994//1994 1916//1916
f 1915//1915 1917//1917 1993//1993
f 1993//1993 1917//1917 1995//1995
f 1994//1994 1918//1918 1916//1916
f 1996//1996 1918//1918 1994//1994
f 1917//1917 1919//1919 1995//1995
f 1995//1995 1919//1919 1997//1997
f 1996//1996 1998//1998 1918//1918
f 1918//1918 1998//1998 1920//1920
f 1997//1997 1921//1921 1999//1999
f 1997//1997 1919//1919 1921//1921
f 1998//1998 2000//2000 1920//1920
f 1920//1920 2000//2000 1922//1922
f 1922//1922 2001//2001 1923//1923
f 2000//2000 2001//2001 1922//1922
f 2001//2001 2002//2002 1923//1923
f 2006//2006 1924//1924 2005//2005
f 1924//1924 2007//2007 1925//1925
f 2006//2006 2007//2007 1924//1924
f 1926//1926 2007//2007 1999//1999
f 1926//1926 1925//1925 2007//2007
f 1926//1926 1999//1999 1921//1921
f 2002//2002 1927//1927 1923//1923
f 1927//1927 2002//2002 1928//1928
f 1928//1928 2002//2002 2003//2003
f 1928//1928 2003//2003 1929//1929
f 1929//1929 2003//2003 2004//2004
f 1929//1929 2004//2004 1930//1930
f 1930//1930 2004//2004 2005//2005
f 1930//1930 2005//2005 1924//1924
f 2008//2008 1935//1935 1931//1931
f 1932//1932 2009//2009 1931//1931
f 1931//1931 2009//2009 2008//2008
f 1932//1932 2010//2010 2009//2009
f 1932//1932 1933//1933 2010//2010
f 2011//2011 1933//1933 1934//1934
f 2011//2011 2010//2010 1933//1933
f 2011//2011 1936//1936 2012//2012
f 2011//2011 1934//1934 1936//1936
f 1937//1937 2012//2012 1936//1936
f 2013//2013 1938//1938 1935//1935
f 2008//2008 2013//2013 1935//1935
f 2014//2014 2012//2012 1937//1937
f 1937//1937 1939//1939 2014//2014
f 2014//2014 1939//1939 2015//2015
f 2016//2016 1938//1938 2013//2013
f 2016//2016 1940//1940 1938//1938
f 1939//1939 1941//1941 2015//2015
f 2015//2015 1941//1941 2017//2017
f 2018//2018 1942//1942 1940//1940
f 2016//2016 2018//2018 1940//1940
f 2017//2017 1941//1941 2019//2019
f 1943//1943 2019//2019 1941//1941
f 2020//2020 1944//1944 2018//2018
f 2018//2018 1944//1944 1942//1942
f 1943//1943 2021//2021 2019//2019
f 1943//1943 1945//1945 2021//2021
f 2022//2022 1944//1944 2020//2020
f 2022//2022 1946//1946 1944//1944
f 1945//1945 1947//1947 2021//2021
f 2021//2021 1947//1947 2023//2023
f 2022//2022 1948//1948 1946//1946
f 2024//2024 1948//1948 2022//2022
f 1949//1949 2023//2023 1947//1947
f 1949//1949 2025//2025 2023//2023
f 2024//2024 1950//1950 1948//1948
f 2026//2026 1950//1950 2024//2024
f 1949//1949 1951//1951 2025//2025
f 2025//2025 1951//1951 2027//2027
f 2026//2026 1952//1952 1950//1950
f 2028//2028 1952//1952 2026//2026
f 1951//1951 1953//1953 2027//2027
f 2027//2027 1953//1953 2029//2029
f 2028//2028 1954//1954 1952//1952
f 2030//2030 1954//1954 2028//2028
f 1955//1955 2029//2029 1953//1953
f 1955//1955 2031//2031 2029//2029
f 2030//2030 1956//1956 1954//1954
f 2032//2032 1956//1956 2030//2030
f 1955//1955 1957//1957 2031//2031
f 2031//2031 1957//1957 2033//2033
f 2032//2032 1958//1958 1956//1956
f 2034//2034 1958//1958 2032//2032
f 1959//1959 2033//2033 1957//1957
f 1959//1959 2035//2035 2033//2033
f 2034//2034 1960//1960 1958//1958
f 2036//2036 1960//1960 2034//2034
f 1959//1959 1961//1961 2035//2035
f 2035//2035 1961//1961 2037//2037
f 2036//2036 1962//1962 1960//1960
f 2038//2038 1962//1962 2036//2036
f 1963//1963 2037//2037 1961//1961
f 1963//1963 2039//2039 2037//2037
f 2038//2038 1964//1964 1962//1962
f 2040//2040 1964//1964 2038//2038
f 1965//1965 2039//2039 1963//1963
f 1965//1965 2041//2041 2039//2039
f 2040//2040 1966//1966 1964//1964
f 2042//2042 1966//1966 2040//2040
f 1967//1967 2041//2041 1965//1965
f 1967//1967 2043//2043 2041//2041
f 2042//2042 1968//1968 1966//1966
f 2044//2044 1968//1968 2042//2042
f 1967//1967 1969//1969 2043//2043
f 2043//2043 1969//1969 2045//2045
f 2044//2044 1970//1970 1968//1968
f 2046//2046 1970//1970 2044//2044
f 1971//1971 2045//2045 1969//1969
f 1971//1971 2047//2047 2045//2045
f 2046//2046 1972//1972 1970//1970
f 2048//2048 1972//1972 2046//2046
f 1973//1973 2047//2047 1971//1971
f 1973//1973 2049//2049 2047//2047
f 1974//1974 2048//2048 2050//2050
f 1974//1974 1972//1972 2048//2048
f 1975//1975 2049//2049 1973//1973
f 1975//1975 2051//2051 2049//2049
f 2050//2050 1976//1976 1974//1974
f 2052//2052 1976//1976 2050//2050
f 1977//1977 2051//2051 1975//1975
f 1977//1977 2053//2053 2051//2051
f 2052//2052 1978//1978 1976//1976
f 2054//2054 1978//1978 2052//2052
f 1979//1979 2053//2053 1977//1977
f 1979//1979 2055//2055 2053//2053
f 2054//2054 1980//1980 1978//1978
f 2056//2056 1980//1980 2054//2054
f 1981//1981 2055//2055 1979//1979
f 1981//1981 2057//2057 2055//2055
f 2056//2056 1982//1982 1980//1980
f 2058//2058 1982//1982 2056//2056
f 1983//1983 2057//2057 1981//1981
f 1983//1983 2059//2059 2057//2057
f 2058//2058 1984//1984 1982//1982
f 2060//2060 1984//1984 2058//2058
f 1985//1985 2059//2059 1983//1983
f 1985//1985 2061//2061 2059//2059
f 2060//2060 1986//1986 1984//1984
f 2062//2062 1986//1986 2060//2060
f 1987//1987 2061//2061 1985//1985
f 1987//1987 2063//2063 2061//2061
f 2062//2062 2064//2064 1986//1986
f 1986//1986 2064//2064 1988//1988
f 1987//1987 1989//1989 2063//2063
f 2063//2063 1989//1989 2065//2065
f 2064//2064 1990//1990 1988//1988
f 2066//2066 1990//1990 2064//2064
f 1991//1991 2065//2065 1989//1989
f 1991//1991 2067//2067 2065//2065
f 2066//2066 1992//1992 1990//1990
f 2068//2068 1992//1992 2066//2066
f 2067//2067 1993//1993 2069//2069
f 2067//2067 1991//1991 1993//1993
f 2068//2068 2070//2070 1992//1992
f 1992//1992 2070//2070 1994//1994
f 2071//2071 2069//2069 1995//1995
f 1995//1995 2069//2069 1993//1993
f 2070//2070 1996//1996 1994//1994
f 2072//2072 1996//1996 2070//2070
f 1995//1995 1997//1997 2071//2071
f 2071//2071 1997//1997 2073//2073
f 2072//2072 2074//2074 1996//1996
f 1996//1996 2074//2074 1998//1998
f 2074//2074 2075//2075 1998//1998
f 2077//2077 1999//1999 2076//2076
f 1997//1997 1999//1999 2073//2073
f 2073//2073 1999//1999 2077//2077
f 2075//2075 2000//2000 1998//1998
f 2078//2078 2000//2000 2075//2075
f 2078//2078 2001//2001 2000//2000
f 2001//2001 2079//2079 2002//2002
f 2078//2078 2079//2079 2001//2001
f 2002//2002 2080//2080 2003//2003
f 2079//2079 2080//2080 2002//2002
f 2003//2003 2081//2081 2004//2004
f 2080//2080 2081//2081 2003//2003
f 2004//2004 2082//2082 2005//2005
f 2081//2081 2082//2082 2004//2004
f 2005//2005 2083//2083 2006//2006
f 2082//2082 2083//2083 2005//2005
f 2007//2007 2083//2083 2076//2076
f 2007//2007 2006//2006 2083//2083
f 2007//2007 2076//2076 1999//1999
f 2084//2084 2009//2009 2010//2010
f 2011//2011 2085//2085 2010//2010
f 2010//2010 2085//2085 2084//2084
f 2012//2012 2085//2085 2011//2011
f 2086//2086 2013//2013 2008//2008
f 2008//2008 2087//2087 2086//2086
f 2008//2008 2009//2009 2087//2087
f 2087//2087 2009//2009 2084//2084
f 2088//2088 2085//2085 2012//2012
f 2088//2088 2014//2014 2089//2089
f 2088//2088 2012//2012 2014//2014
f 2015//2015 2089//2089 2014//2014
f 2090//2090 2016//2016 2013//2013
f 2086//2086 2090//2090 2013//2013
f 2091//2091 2089//2089 2015//2015
f 2017//2017 2091//2091 2015//2015
f 2092//2092 2016//2016 2090//2090
f 2092//2092 2018//2018 2016//2016
f 2017//2017 2093//2093 2091//2091
f 2017//2017 2019//2019 2093//2093
f 2092//2092 2020//2020 2018//2018
f 2094//2094 2020//2020 2092//2092
f 2019//2019 2021//2021 2093//2093
f 2093//2093 2021//2021 2095//2095
f 2096//2096 2022//2022 2020//2020
f 2094//2094 2096//2096 2020//2020
f 2021//2021 2023//2023 2095//2095
f 2095//2095 2023//2023 2097//2097
f 2098//2098 2022//2022 2096//2096
f 2098//2098 2024//2024 2022//2022
f 2025//2025 2097//2097 2023//2023
f 2025//2025 2099//2099 2097//2097
f 2098//2098 2026//2026 2024//2024
f 2100//2100 2026//2026 2098//2098
f 2025//2025 2027//2027 2099//2099
f 2099//2099 2027//2027 2101//2101
f 2100//2100 2028//2028 2026//2026
f 2102//2102 2028//2028 2100//2100
f 2027//2027 2029//2029 2101//2101
f 2101//2101 2029//2029 2103//2103
f 2102//2102 2030//2030 2028//2028
f 2104//2104 2030//2030 2102//2102
f 2031//2031 2103//2103 2029//2029
f 2031//2031 2105//2105 2103//2103
f 2104//2104 2032//2032 2030//2030
f 2106//2106 2032//2032 2104//2104
f 2031//2031 2033//2033 2105//2105
f 2105//2105 2033//2033 2107//2107
f 2106//2106 2034//2034 2032//2032
f 2108//2108 2034//2034 2106//2106
f 2035//2035 2107//2107 2033//2033
f 2035//2035 2109//2109 2107//2107
f 2108//2108 2036//2036 2034//2034
f 2110//2110 2036//2036 2108//2108
f 2035//2035 2037//2037 2109//2109
f 2109//2109 2037//2037 2111//2111
f 2110//2110 2038//2038 2036//2036
f 2112//2112 2038//2038 2110//2110
f 2039//2039 2111//2111 2037//2037
f 2039//2039 2113//2113 2111//2111
f 2112//2112 2040//2040 2038//2038
f 2114//2114 2040//2040 2112//2112
f 2041//2041 2113//2113 2039//2039
f 2041//2041 2115//2115 2113//2113
f 2114//2114 2042//2042 2040//2040
f 2116//2116 2042//2042 2114//2114
f 2043//2043 2115//2115 2041//2041
f 2043//2043 2117//2117 2115//2115
f 2116//2116 2044//2044 2042//2042
f 2118//2118 2044//2044 2116//2116
f 2043//2043 2045//2045 2117//2117
f 2117//2117 2045//2045 2119//2119
f 2118//2118 2046//2046 2044//2044
f 2120//2120 2046//2046 2118//2118
f 2047//2047 2119//2119 2045//2045
f 2047//2047 2121//2121 2119//2119
f 2048//2048 2120//2120 2122//2122
f 2048//2048 2046//2046 2120//2120
f 2049//2049 2121//2121 2047//2047
f 2049//2049 2123//2123 2121//2121
f 2122//2122 2050//2050 2048//2048
f 2124//2124 2050//2050 2122//2122
f 2051//2051 2123//2123 2049//2049
f 2051//2051 2125//2125 2123//2123
f 2124//2124 2052//2052 2050//2050
f 2126//2126 2052//2052 2124//2124
f 2053//2053 2125//2125 2051//2051
f 2053//2053 2127//2127 2125//2125
f 2126//2126 2054//2054 2052//2052
f 2128//2128 2054//2054 2126//2126
f 2055//2055 2127//2127 2053//2053
f 2055//2055 2129//2129 2127//2127
f 2128//2128 2056//2056 2054//2054
f 2130//2130 2056//2056 2128//2128
f 2057//2057 2129//2129 2055//2055
f 2057//2057 2131//2131 2129//2129
f 2130//2130 2058//2058 2056//2056
f 2132//2132 2058//2058 2130//2130
f 2059//2059 2131//2131 2057//2057
f 2059//2059 2133//2133 2131//2131
f 2132//2132 2060//2060 2058//2058
f 2134//2134 2060//2060 2132//2132
f 2061//2061 2133//2133 2059//2059
f 2061//2061 2135//2135 2133//2133
f 2134//2134 2062//2062 2060//2060
f 2136//2136 2062//2062 2134//2134
f 2063//2063 2135//2135 2061//2061
f 2063//2063 2137//2137 2135//2135
f 2136//2136 2138//2138 2062//2062
f 2062//2062 2138//2138 2064//2064
f 2063//2063 2065//2065 2137//2137
f 2137//2137 2065//2065 2139//2139
f 2138//2138 2066//2066 2064//2064
f 2140//2140 2066//2066 2138//2138
f 2067//2067 2139//2139 2065//2065
f 2067//2067 2141//2141 2139//2139
f 2140//2140 2068//2068 2066//2066
f 2142//2142 2068//2068 2140//2140
f 2067//2067 2069//2069 2141//2141
f 2141//2141 2069//2069 2143//2143
f 2142//2142 2144//2144 2068//2068
f 2068//2068 2144//2144 2070//2070
f 2071//2071 2143//2143 2069//2069
f 2071//2071 2145//2145 2143//2143
f 2072//2072 2144//2144 2146//2146
f 2072//2072 2070//2070 2144//2144
f 2148//2148 2073//2073 2147//2147
f 2071//2071 2073//2073 2145//2145
f 2145//2145 2073//2073 2148//2148
f 2146//2146 2074//2074 2072//2072
f 2149//2149 2074//2074 2146//2146
f 2149//2149 2075//2075 2074//2074
f 2149//2149 2150//2150 2075//2075
f 2152//2152 2076//2076 2151//2151
f 2077//2077 2152//2152 2147//2147
f 2077//2077 2076//2076 2152//2152
f 2077//2077 2147//2147 2073//2073
f 2150//2150 2078//2078 2075//2075
f 2153//2153 2078//2078 2150//2150
f 2153//2153 2079//2079 2078//2078
f 2079//2079 2154//2154 2080//2080
f 2153//2153 2154//2154 2079//2079
f 2080//2080 2155//2155 2081//2081
f 2154//2154 2155//2155 2080//2080
f 2081//2081 2156//2156 2082//2082
f 2155//2155 2156//2156 2081//2081
f 2083//2083 2156//2156 2151//2151
f 2083//2083 2082//2082 2156//2156
f 2083//2083 2151//2151 2076//2076
f 2157//2157 2086//2086 2087//2087
f 2084//2084 2158//2158 2087//2087
f 2087//2087 2158//2158 2157//2157
f 2085//2085 2159//2159 2084//2084
f 2084//2084 2159//2159 2158//2158
f 2088//2088 2160//2160 2085//2085
f 2085//2085 2160//2160 2159//2159
f 2089//2089 2160//2160 2088//2088
f 2162//2162 2161//2161 2086//2086
f 2086//2086 2161//2161 2090//2090
f 2162//2162 2086//2086 2157//2157
f 2163//2163 2160//2160 2089//2089
f 2089//2089 2091//2091 2163//2163
f 2163//2163 2091//2091 2164//2164
f 2165//2165 2092//2092 2090//2090
f 2161//2161 2165//2165 2090//2090
f 2091//2091 2093//2093 2164//2164
f 2164//2164 2093//2093 2166//2166
f 2167//2167 2092//2092 2165//2165
f 2167//2167 2094//2094 2092//2092
f 2093//2093 2095//2095 2166//2166
f 2166//2166 2095//2095 2168//2168
f 2167//2167 2096//2096 2094//2094
f 2169//2169 2096//2096 2167//2167
f 2095//2095 2097//2097 2168//2168
f 2168//2168 2097//2097 2170//2170
f 2171//2171 2098//2098 2096//2096
f 2169//2169 2171//2171 2096//2096
f 2099//2099 2170//2170 2097//2097
f 2099//2099 2172//2172 2170//2170
f 2173//2173 2098//2098 2171//2171
f 2173//2173 2100//2100 2098//2098
f 2099//2099 2101//2101 2172//2172
f 2172//2172 2101//2101 2174//2174
f 2173//2173 2102//2102 2100//2100
f 2175//2175 2102//2102 2173//2173
f 2101//2101 2103//2103 2174//2174
f 2174//2174 2103//2103 2176//2176
f 2175//2175 2104//2104 2102//2102
f 2177//2177 2104//2104 2175//2175
f 2105//2105 2176//2176 2103//2103
f 2105//2105 2178//2178 2176//2176
f 2177//2177 2106//2106 2104//2104
f 2179//2179 2106//2106 2177//2177
f 2105//2105 2107//2107 2178//2178
f 2178//2178 2107//2107 2180//2180
f 2179//2179 2108//2108 2106//2106
f 2181//2181 2108//2108 2179//2179
f 2109//2109 2180//2180 2107//2107
f 2109//2109 2182//2182 2180//2180
f 2181//2181 2110//2110 2108//2108
f 2183//2183 2110//2110 2181//2181
f 2109//2109 2111//2111 2182//2182
f 2182//2182 2111//2111 2184//2184
f 2183//2183 2112//2112 2110//2110
f 2185//2185 2112//2112 2183//2183
f 2113//2113 2184//2184 2111//2111
f 2113//2113 2186//2186 2184//2184
f 2185//2185 2114//2114 2112//2112
f 2187//2187 2114//2114 2185//2185
f 2115//2115 2186//2186 2113//2113
f 2115//2115 2188//2188 2186//2186
f 2187//2187 2116//2116 2114//2114
f 2189//2189 2116//2116 2187//2187
f 2117//2117 2188//2188 2115//2115
f 2117//2117 2190//2190 2188//2188
f 2189//2189 2118//2118 2116//2116
f 2191//2191 2118//2118 2189//2189
f 2117//2117 2119//2119 2190//2190
f 2190//2190 2119//2119 2192//2192
f 2191//2191 2120//2120 2118//2118
f 2193//2193 2120//2120 2191//2191
f 2121//2121 2192//2192 2119//2119
f 2121//2121 2194//2194 2192//2192
f 2193//2193 2195//2195 2120//2120
f 2120//2120 2195//2195 2122//2122
f 2123//2123 2194//2194 2121//2121
f 2123//2123 2196//2196 2194//2194
f 2195//2195 2124//2124 2122//2122
f 2197//2197 2124//2124 2195//2195
f 2125//2125 2196//2196 2123//2123
f 2125//2125 2198//2198 2196//2196
f 2197//2197 2126//2126 2124//2124
f 2199//2199 2126//2126 2197//2197
f 2127//2127 2198//2198 2125//2125
f 2127//2127 2200//2200 2198//2198
f 2199//2199 2128//2128 2126//2126
f 2201//2201 2128//2128 2199//2199
f 2129//2129 2200//2200 2127//2127
f 2129//2129 2202//2202 2200//2200
f 2201//2201 2130//2130 2128//2128
f 2203//2203 2130//2130 2201//2201
f 2131//2131 2202//2202 2129//2129
f 2131//2131 2204//2204 2202//2202
f 2203//2203 2132//2132 2130//2130
f 2205//2205 2132//2132 2203//2203
f 2133//2133 2204//2204 2131//2131
f 2133//2133 2206//2206 2204//2204
f 2205//2205 2134//2134 2132//2132
f 2207//2207 2134//2134 2205//2205
f 2135//2135 2206//2206 2133//2133
f 2135//2135 2208//2208 2206//2206
f 2136//2136 2207//2207 2209//2209
f 2136//2136 2134//2134 2207//2207
f 2208//2208 2137//2137 2210//2210
f 2208//2208 2135//2135 2137//2137
f 2209//2209 2138//2138 2136//2136
f 2211//2211 2138//2138 2209//2209
f 2212//2212 2210//2210 2139//2139
f 2139//2139 2210//2210 2137//2137
f 2211//2211 2140//2140 2138//2138
f 2213//2213 2140//2140 2211//2211
f 2141//2141 2212//2212 2139//2139
f 2141//2141 2214//2214 2212//2212
f 2213//2213 2142//2142 2140//2140
f 2215//2215 2142//2142 2213//2213
f 2141//2141 2143//2143 2214//2214
f 2214//2214 2143//2143 2216//2216
f 2215//2215 2217//2217 2142//2142
f 2142//2142 2217//2217 2144//2144
f 2216//2216 2145//2145 2218//2218
f 2216//2216 2143//2143 2145//2145
f 2217//2217 2219//2219 2144//2144
f 2144//2144 2219//2219 2146//2146
f 2148//2148 2220//2220 2218//2218
f 2148//2148 2147//2147 2220//2220
f 2148//2148 2218//2218 2145//2145
f 2219//2219 2221//2221 2146//2146
f 2146//2146 2221//2221 2149//2149
f 2149//2149 2222//2222 2150//2150
f 2221//2221 2222//2222 2149//2149
f 2222//2222 2223//2223 2150//2150
f 2227//2227 2151//2151 2226//2226
f 2151//2151 2228//2228 2152//2152
f 2227//2227 2228//2228 2151//2151
f 2147//2147 2152//2152 2220//2220
f 2220//2220 2152//2152 2228//2228
f 2223//2223 2153//2153 2150//2150
f 2153//2153 2223//2223 2154//2154
f 2154//2154 2223//2223 2224//2224
f 2154//2154 2224//2224 2155//2155
f 2155//2155 2224//2224 2225//2225
f 2155//2155 2225//2225 2156//2156
f 2156//2156 2225//2225 2226//2226
f 2156//2156 2226//2226 2151//2151
f 2229//2229 2161//2161 2162//2162
f 2162//2162 2230//2230 2229//2229
f 2162//2162 2157//2157 2230//2230
f 2231//2231 2157//2157 2158//2158
f 2231//2231 2230//2230 2157//2157
f 2232//2232 2158//2158 2159//2159
f 2232//2232 2231//2231 2158//2158
f 2233//2233 2159//2159 2160//2160
f 2233//2233 2232//2232 2159//2159
f 2233//2233 2163//2163 2234//2234
f 2233//2233 2160//2160 2163//2163
f 2164//2164 2234//2234 2163//2163
f 2235//2235 2161//2161 2229//2229
f 2235//2235 2165//2165 2161//2161
f 2236//2236 2234//2234 2164//2164
f 2164//2164 2166//2166 2236//2236
f 2236//2236 2166//2166 2237//2237
f 2235//2235 2238//2238 2165//2165
f 2165//2165 2238//2238 2167//2167
f 2166//2166 2168//2168 2237//2237
f 2237//2237 2168//2168 2239//2239
f 2238//2238 2169//2169 2167//2167
f 2240//2240 2169//2169 2238//2238
f 2168//2168 2170//2170 2239//2239
f 2239//2239 2170//2170 2241//2241
f 2240//2240 2171//2171 2169//2169
f 2242//2242 2171//2171 2240//2240
f 2172//2172 2241//2241 2170//2170
f 2172//2172 2243//2243 2241//2241
f 2244//2244 2173//2173 2171//2171
f 2242//2242 2244//2244 2171//2171
f 2172//2172 2174//2174 2243//2243
f 2243//2243 2174//2174 2245//2245
f 2246//2246 2173//2173 2244//2244
f 2246//2246 2175//2175 2173//2173
f 2174//2174 2176//2176 2245//2245
f 2245//2245 2176//2176 2247//2247
f 2246//2246 2177//2177 2175//2175
f 2248//2248 2177//2177 2246//2246
f 2178//2178 2247//2247 2176//2176
f 2178//2178 2249//2249 2247//2247
f 2248//2248 2179//2179 2177//2177
f 2250//2250 2179//2179 2248//2248
f 2178//2178 2180//2180 2249//2249
f 2249//2249 2180//2180 2251//2251
f 2250//2250 2181//2181 2179//2179
f 2252//2252 2181//2181 2250//2250
f 2182//2182 2251//2251 2180//2180
f 2182//2182 2253//2253 2251//2251
f 2252//2252 2183//2183 2181//2181
f 2254//2254 2183//2183 2252//2252
f 2182//2182 2184//2184 2253//2253
f 2253//2253 2184//2184 2255//2255
f 2254//2254 2185//2185 2183//2183
f 2256//2256 2185//2185 2254//2254
f 2186//2186 2255//2255 2184//2184
f 2186//2186 2257//2257 2255//2255
f 2256//2256 2187//2187 2185//2185
f 2258//2258 2187//2187 2256//2256
f 2188//2188 2257//2257 2186//2186
f 2188//2188 2259//2259 2257//2257
f 2258//2258 2189//2189 2187//2187
f 2260//2260 2189//2189 2258//2258
f 2190//2190 2259//2259 2188//2188
f 2190//2190 2261//2261 2259//2259
f 2191//2191 2260//2260 2262//2262
f 2191//2191 2189//2189 2260//2260
f 2190//2190 2192//2192 2261//2261
f 2261//2261 2192//2192 2263//2263
f 2264//2264 2193//2193 2262//2262
f 2262//2262 2193//2193 2191//2191
f 2194//2194 2263//2263 2192//2192
f 2194//2194 2265//2265 2263//2263
f 2264//2264 2195//2195 2193//2193
f 2266//2266 2195//2195 2264//2264
f 2196//2196 2265//2265 2194//2194
f 2196//2196 2267//2267 2265//2265
f 2266//2266 2197//2197 2195//2195
f 2268//2268 2197//2197 2266//2266
f 2198//2198 2267//2267 2196//2196
f 2198//2198 2269//2269 2267//2267
f 2268//2268 2199//2199 2197//2197
f 2270//2270 2199//2199 2268//2268
f 2200//2200 2269//2269 2198//2198
f 2200//2200 2271//2271 2269//2269
f 2270//2270 2201//2201 2199//2199
f 2272//2272 2201//2201 2270//2270
f 2202//2202 2271//2271 2200//2200
f 2202//2202 2273//2273 2271//2271
f 2272//2272 2203//2203 2201//2201
f 2274//2274 2203//2203 2272//2272
f 2204//2204 2273//2273 2202//2202
f 2204//2204 2275//2275 2273//2273
f 2274//2274 2205//2205 2203//2203
f 2276//2276 2205//2205 2274//2274
f 2206//2206 2275//2275 2204//2204
f 2206//2206 2277//2277 2275//2275
f 2207//2207 2276//2276 2278//2278
f 2207//2207 2205//2205 2276//2276
f 2208//2208 2277//2277 2206//2206
f 2208//2208 2279//2279 2277//2277
f 2278//2278 2209//2209 2207//2207
f 2280//2280 2209//2209 2278//2278
f 2208//2208 2210//2210 2279//2279
f 2279//2279 2210//2210 2281//2281
f 2280//2280 2211//2211 2209//2209
f 2282//2282 2211//2211 2280//2280
f 2212//2212 2281//2281 2210//2210
f 2212//2212 2283//2283 2281//2281
f 2282//2282 2213//2213 2211//2211
f 2284//2284 2213//2213 2282//2282
f 2283//2283 2214//2214 2285//2285
f 2283//2283 2212//2212 2214//2214
f 2215//2215 2284//2284 2286//2286
f 2215//2215 2213//2213 2284//2284
f 2287//2287 2285//2285 2216//2216
f 2216//2216 2285//2285 2214//2214
f 2286//2286 2217//2217 2215//2215
f 2288//2288 2217//2217 2286//2286
f 2216//2216 2218//2218 2287//2287
f 2287//2287 2218//2218 2289//2289
f 2288//2288 2290//2290 2217//2217
f 2217//2217 2290//2290 2219//2219
f 2292//2292 2220//2220 2291//2291
f 2218//2218 2220//2220 2289//2289
f 2289//2289 2220//2220 2292//2292
f 2290//2290 2293//2293 2219//2219
f 2219//2219 2293//2293 2221//2221
f 2221//2221 2294//2294 2222//2222
f 2293//2293 2294//2294 2221//2221
f 2222//2222 2295//2295 2223//2223
f 2294//2294 2295//2295 2222//2222
f 2223//2223 2296//2296 2224//2224
f 2295//2295 2296//2296 2223//2223
f 2224//2224 2297//2297 2225//2225
f 2296//2296 2297//2297 2224//2224
f 2225//2225 2298//2298 2226//2226
f 2297//2297 2298//2298 2225//2225
f 2226//2226 2299//2299 2227//2227
f 2298//2298 2299//2299 2226//2226
f 2228//2228 2299//2299 2291//2291
f 2228//2228 2227//2227 2299//2299
f 2228//2228 2291//2291 2220//2220
f 2300//2300 2229//2229 2230//2230
f 2231//2231 2301//2301 2230//2230
f 2230//2230 2301//2301 2300//2300
f 2231//2231 2302//2302 2301//2301
f 2231//2231 2232//2232 2302//2302
f 2302//2302 2233//2233 2303//2303
f 2302//2302 2232//2232 2233//2233
f 2234//2234 2303//2303 2233//2233
f 2304//2304 2235//2235 2229//2229
f 2300//2300 2304//2304 2229//2229
f 2305//2305 2303//2303 2234//2234
f 2305//2305 2236//2236 2306//2306
f 2305//2305 2234//2234 2236//2236
f 2237//2237 2306//2306 2236//2236
f 2307//2307 2238//2238 2235//2235
f 2304//2304 2307//2307 2235//2235
f 2308//2308 2306//2306 2237//2237
f 2237//2237 2239//2239 2308//2308
f 2308//2308 2239//2239 2309//2309
f 2310//2310 2238//2238 2307//2307
f 2310//2310 2240//2240 2238//2238
f 2239//2239 2241//2241 2309//2309
f 2309//2309 2241//2241 2311//2311
f 2310//2310 2242//2242 2240//2240
f 2312//2312 2242//2242 2310//2310
f 2243//2243 2311//2311 2241//2241
f 2243//2243 2313//2313 2311//2311
f 2312//2312 2244//2244 2242//2242
f 2314//2314 2244//2244 2312//2312
f 2243//2243 2245//2245 2313//2313
f 2313//2313 2245//2245 2315//2315
f 2316//2316 2246//2246 2244//2244
f 2314//2314 2316//2316 2244//2244
f 2245//2245 2247//2247 2315//2315
f 2315//2315 2247//2247 2317//2317
f 2318//2318 2246//2246 2316//2316
f 2318//2318 2248//2248 2246//2246
f 2249//2249 2317//2317 2247//2247
f 2249//2249 2319//2319 2317//2317
f 2318//2318 2250//2250 2248//2248
f 2320//2320 2250//2250 2318//2318
f 2249//2249 2251//2251 2319//2319
f 2319//2319 2251//2251 2321//2321
f 2320//2320 2252//2252 2250//2250
f 2322//2322 2252//2252 2320//2320
f 2253//2253 2321//2321 2251//2251
f 2253//2253 2323//2323 2321//2321
f 2322//2322 2254//2254 2252//2252
f 2324//2324 2254//2254 2322//2322
f 2253//2253 2255//2255 2323//2323
f 2323//2323 2255//2255 2325//2325
f 2256//2256 2324//2324 2326//2326
f 2256//2256 2254//2254 2324//2324
f 2257//2257 2325//2325 2255//2255
f 2257//2257 2327//2327 2325//2325
f 2328//2328 2258//2258 2326//2326
f 2326//2326 2258//2258 2256//2256
f 2259//2259 2327//2327 2257//2257
f 2259//2259 2329//2329 2327//2327
f 2330//2330 2260//2260 2328//2328
f 2328//2328 2260//2260 2258//2258
f 2259//2259 2261//2261 2329//2329
f 2261//2261 2331//2331 2329//2329
f 2330//2330 2262//2262 2260//2260
f 2332//2332 2262//2262 2330//2330
f 2263//2263 2331//2331 2261//2261
f 2263//2263 2333//2333 2331//2331
f 2332//2332 2264//2264 2262//2262
f 2334//2334 2264//2264 2332//2332
f 2265//2265 2333//2333 2263//2263
f 2265//2265 2335//2335 2333//2333
f 2334//2334 2266//2266 2264//2264
f 2336//2336 2266//2266 2334//2334
f 2267//2267 2335//2335 2265//2265
f 2267//2267 2337//2337 2335//2335
f 2336//2336 2268//2268 2266//2266
f 2338//2338 2268//2268 2336//2336
f 2269//2269 2337//2337 2267//2267
f 2269//2269 2339//2339 2337//2337
f 2338//2338 2270//2270 2268//2268
f 2340//2340 2270//2270 2338//2338
f 2271//2271 2339//2339 2269//2269
f 2271//2271 2341//2341 2339//2339
f 2340//2340 2272//2272 2270//2270
f 2342//2342 2272//2272 2340//2340
f 2273//2273 2341//2341 2271//2271
f 2273//2273 2343//2343 2341//2341
f 2342//2342 2274//2274 2272//2272
f 2344//2344 2274//2274 2342//2342
f 2275//2275 2343//2343 2273//2273
f 2275//2275 2345//2345 2343//2343
f 2344//2344 2276//2276 2274//2274
f 2346//2346 2276//2276 2344//2344
f 2277//2277 2345//2345 2275//2275
f 2277//2277 2347//2347 2345//2345
f 2346//2346 2348//2348 2276//2276
f 2276//2276 2348//2348 2278//2278
f 2279//2279 2347//2347 2277//2277
f 2279//2279 2349//2349 2347//2347
f 2348//2348 2280//2280 2278//2278
f 2350//2350 2280//2280 2348//2348
f 2279//2279 2281//2281 2349//2349
f 2349//2349 2281//2281 2351//2351
f 2350//2350 2282//2282 2280//2280
f 2352//2352 2282//2282 2350//2350
f 2283//2283 2351//2351 2281//2281
f 2283//2283 2353//2353 2351//2351
f 2352//2352 2284//2284 2282//2282
f 2354//2354 2284//2284 2352//2352
f 2283//2283 2285//2285 2353//2353
f 2353//2353 2285//2285 2355//2355
f 2354//2354 2356//2356 2284//2284
f 2284//2284 2356//2356 2286//2286
f 2287//2287 2355//2355 2285//2285
f 2287//2287 2357//2357 2355//2355
f 2356//2356 2288//2288 2286//2286
f 2358//2358 2288//2288 2356//2356
f 2360//2360 2289//2289 2359//2359
f 2287//2287 2289//2289 2357//2357
f 2357//2357 2289//2289 2360//2360
f 2358//2358 2361//2361 2288//2288
f 2288//2288 2361//2361 2290//2290
f 2361//2361 2362//2362 2290//2290
f 2364//2364 2291//2291 2363//2363
f 2292//2292 2364//2364 2359//2359
f 2292//2292 2291//2291 2364//2364
f 2292//2292 2359//2359 2289//2289
f 2362//2362 2293//2293 2290//2290
f 2365//2365 2293//2293 2362//2362
f 2365//2365 2294//2294 2293//2293
f 2294//2294 2366//2366 2295//2295
f 2365//2365 2366//2366 2294//2294
f 2295//2295 2367//2367 2296//2296
f 2366//2366 2367//2367 2295//2295
f 2296//2296 2368//2368 2297//2297
f 2367//2367 2368//2368 2296//2296
f 2297//2297 2369//2369 2298//2298
f 2368//2368 2369//2369 2297//2297
f 2299//2299 2369//2369 2363//2363
f 2299//2299 2298//2298 2369//2369
f 2299//2299 2363//2363 2291//2291
f 2370//2370 2301//2301 2302//2302
f 2303//2303 2370//2370 2302//2302
f 2372//2372 2371//2371 2300//2300
f 2300//2300 2371//2371 2304//2304
f 2373//2373 2300//2300 2301//2301
f 2373//2373 2372//2372 2300//2300
f 2373//2373 2301//2301 2370//2370
f 2374//2374 2370//2370 2303//2303
f 2375//2375 2303//2303 2305//2305
f 2375//2375 2374//2374 2303//2303
f 2305//2305 2306//2306 2375//2375
f 2375//2375 2306//2306 2376//2376
f 2371//2371 2377//2377 2304//2304
f 2304//2304 2377//2377 2307//2307
f 2376//2376 2308//2308 2378//2378
f 2376//2376 2306//2306 2308//2308
f 2309//2309 2378//2378 2308//2308
f 2379//2379 2310//2310 2307//2307
f 2377//2377 2379//2379 2307//2307
f 2380//2380 2378//2378 2309//2309
f 2309//2309 2311//2311 2380//2380
f 2380//2380 2311//2311 2381//2381
f 2382//2382 2310//2310 2379//2379
f 2382//2382 2312//2312 2310//2310
f 2313//2313 2381//2381 2311//2311
f 2313//2313 2383//2383 2381//2381
f 2382//2382 2314//2314 2312//2312
f 2384//2384 2314//2314 2382//2382
f 2313//2313 2315//2315 2383//2383
f 2383//2383 2315//2315 2385//2385
f 2384//2384 2316//2316 2314//2314
f 2386//2386 2316//2316 2384//2384
f 2315//2315 2317//2317 2385//2385
f 2385//2385 2317//2317 2387//2387
f 2388//2388 2318//2318 2316//2316
f 2386//2386 2388//2388 2316//2316
f 2319//2319 2387//2387 2317//2317
f 2319//2319 2389//2389 2387//2387
f 2390//2390 2318//2318 2388//2388
f 2390//2390 2320//2320 2318//2318
f 2319//2319 2321//2321 2389//2389
f 2389//2389 2321//2321 2391//2391
f 2390//2390 2322//2322 2320//2320
f 2392//2392 2322//2322 2390//2390
f 2323//2323 2391//2391 2321//2321
f 2323//2323 2393//2393 2391//2391
f 2324//2324 2392//2392 2394//2394
f 2324//2324 2322//2322 2392//2392
f 2323//2323 2325//2325 2393//2393
f 2393//2393 2325//2325 2395//2395
f 2394//2394 2326//2326 2324//2324
f 2396//2396 2326//2326 2394//2394
f 2327//2327 2395//2395 2325//2325
f 2327//2327 2397//2397 2395//2395
f 2396//2396 2328//2328 2326//2326
f 2398//2398 2328//2328 2396//2396
f 2329//2329 2397//2397 2327//2327
f 2329//2329 2399//2399 2397//2397
f 2398//2398 2330//2330 2328//2328
f 2400//2400 2330//2330 2398//2398
f 2329//2329 2331//2331 2399//2399
f 2399//2399 2331//2331 2401//2401
f 2400//2400 2332//2332 2330//2330
f 2402//2402 2332//2332 2400//2400
f 2333//2333 2401//2401 2331//2331
f 2333//2333 2403//2403 2401//2401
f 2402//2402 2334//2334 2332//2332
f 2404//2404 2334//2334 2402//2402
f 2335//2335 2403//2403 2333//2333
f 2335//2335 2405//2405 2403//2403
f 2404//2404 2336//2336 2334//2334
f 2406//2406 2336//2336 2404//2404
f 2337//2337 2405//2405 2335//2335
f 2337//2337 2407//2407 2405//2405
f 2406//2406 2338//2338 2336//2336
f 2408//2408 2338//2338 2406//2406
f 2339//2339 2407//2407 2337//2337
f 2339//2339 2409//2409 2407//2407
f 2408//2408 2340//2340 2338//2338
f 2410//2410 2340//2340 2408//2408
f 2341//2341 2409//2409 2339//2339
f 2341//2341 2411//2411 2409//2409
f 2410//2410 2342//2342 2340//2340
f 2412//2412 2342//2342 2410//2410
f 2343//2343 2411//2411 2341//2341
f 2343//2343 2413//2413 2411//2411
f 2412//2412 2344//2344 2342//2342
f 2414//2414 2344//2344 2412//2412
f 2345//2345 2413//2413 2343//2343
f 2345//2345 2415//2415 2413//2413
f 2414//2414 2346//2346 2344//2344
f 2416//2416 2346//2346 2414//2414
f 2347//2347 2415//2415 2345//2345
f 2347//2347 2417//2417 2415//2415
f 2346//2346 2418//2418 2348//2348
f 2346//2346 2416//2416 2418//2418
f 2349//2349 2417//2417 2347//2347
f 2349//2349 2419//2419 2417//2417
f 2418//2418 2420//2420 2348//2348
f 2350//2350 2348//2348 2420//2420
f 2349//2349 2351//2351 2419//2419
f 2419//2419 2351//2351 2421//2421
f 2420//2420 2352//2352 2350//2350
f 2422//2422 2352//2352 2420//2420
f 2353//2353 2421//2421 2351//2351
f 2353//2353 2423//2423 2421//2421
f 2422//2422 2354//2354 2352//2352
f 2424//2424 2354//2354 2422//2422
f 2353//2353 2355//2355 2423//2423
f 2423//2423 2355//2355 2425//2425
f 2424//2424 2426//2426 2354//2354
f 2354//2354 2426//2426 2356//2356
f 2425//2425 2357//2357 2427//2427
f 2425//2425 2355//2355 2357//2357
f 2358//2358 2426//2426 2428//2428
f 2358//2358 2356//2356 2426//2426
f 2360//2360 2429//2429 2427//2427
f 2360//2360 2359//2359 2429//2429
f 2360//2360 2427//2427 2357//2357
f 2428//2428 2361//2361 2358//2358
f 2430//2430 2361//2361 2428//2428
f 2430//2430 2362//2362 2361//2361
f 2430//2430 2431//2431 2362//2362
f 2433//2433 2363//2363 2432//2432
f 2363//2363 2434//2434 2364//2364
f 2433//2433 2434//2434 2363//2363
f 2359//2359 2364//2364 2429//2429
f 2429//2429 2364//2364 2434//2434
f 2431//2431 2365//2365 2362//2362
f 2435//2435 2365//2365 2431//2431
f 2435//2435 2366//2366 2365//2365
f 2366//2366 2436//2436 2367//2367
f 2435//2435 2436//2436 2366//2366
f 2367//2367 2437//2437 2368//2368
f 2436//2436 2437//2437 2367//2367
f 2369//2369 2437//2437 2432//2432
f 2369//2369 2368//2368 2437//2437
f 2369//2369 2432//2432 2363//2363
f 2438//2438 2371//2371 2372//2372
f 2372//2372 2439//2439 2438//2438
f 2372//2372 2373//2373 2439//2439
f 2440//2440 2373//2373 2370//2370
f 2440//2440 2439//2439 2373//2373
f 2441//2441 2370//2370 2374//2374
f 2441//2441 2440//2440 2370//2370
f 2441//2441 2375//2375 2442//2442
f 2441//2441 2374//2374 2375//2375
f 2376//2376 2442//2442 2375//2375
f 2443//2443 2377//2377 2371//2371
f 2438//2438 2443//2443 2371//2371
f 2444//2444 2442//2442 2376//2376
f 2376//2376 2378//2378 2444//2444
f 2444//2444 2378//2378 2445//2445
f 2446//2446 2377//2377 2443//2443
f 2446//2446 2379//2379 2377//2377
f 2447//2447 2378//2378 2380//2380
f 2447//2447 2445//2445 2378//2378
f 2380//2380 2381//2381 2447//2447
f 2447//2447 2381//2381 2448//2448
f 2449//2449 2382//2382 2379//2379
f 2446//2446 2449//2449 2379//2379
f 2383//2383 2448//2448 2381//2381
f 2383//2383 2450//2450 2448//2448
f 2451//2451 2382//2382 2449//2449
f 2451//2451 2384//2384 2382//2382
f 2383//2383 2385//2385 2450//2450
f 2450//2450 2385//2385 2452//2452
f 2451//2451 2386//2386 2384//2384
f 2453//2453 2386//2386 2451//2451
f 2385//2385 2387//2387 2452//2452
f 2452//2452 2387//2387 2454//2454
f 2453//2453 2388//2388 2386//2386
f 2455//2455 2388//2388 2453//2453
f 2389//2389 2454//2454 2387//2387
f 2389//2389 2456//2456 2454//2454
f 2457//2457 2390//2390 2388//2388
f 2455//2455 2457//2457 2388//2388
f 2389//2389 2391//2391 2456//2456
f 2456//2456 2391//2391 2458//2458
f 2459//2459 2392//2392 2457//2457
f 2457//2457 2392//2392 2390//2390
f 2393//2393 2458//2458 2391//2391
f 2393//2393 2460//2460 2458//2458
f 2459//2459 2394//2394 2392//2392
f 2461//2461 2394//2394 2459//2459
f 2393//2393 2395//2395 2460//2460
f 2460//2460 2395//2395 2462//2462
f 2461//2461 2396//2396 2394//2394
f 2463//2463 2396//2396 2461//2461
f 2397//2397 2462//2462 2395//2395
f 2397//2397 2464//2464 2462//2462
f 2463//2463 2398//2398 2396//2396
f 2465//2465 2398//2398 2463//2463
f 2399//2399 2464//2464 2397//2397
f 2399//2399 2466//2466 2464//2464
f 2465//2465 2400//2400 2398//2398
f 2467//2467 2400//2400 2465//2465
f 2399//2399 2401//2401 2466//2466
f 2466//2466 2401//2401 2468//2468
f 2467//2467 2402//2402 2400//2400
f 2469//2469 2402//2402 2467//2467
f 2403//2403 2468//2468 2401//2401
f 2403//2403 2470//2470 2468//2468
f 2469//2469 2404//2404 2402//2402
f 2471//2471 2404//2404 2469//2469
f 2405//2405 2470//2470 2403//2403
f 2405//2405 2472//2472 2470//2470
f 2471//2471 2406//2406 2404//2404
f 2473//2473 2406//2406 2471//2471
f 2407//2407 2472//2472 2405//2405
f 2407//2407 2474//2474 2472//2472
f 2473//2473 2408//2408 2406//2406
f 2475//2475 2408//2408 2473//2473
f 2409//2409 2474//2474 2407//2407
f 2409//2409 2476//2476 2474//2474
f 2475//2475 2410//2410 2408//2408
f 2477//2477 2410//2410 2475//2475
f 2411//2411 2476//2476 2409//2409
f 2411//2411 2478//2478 2476//2476
f 2477//2477 2412//2412 2410//2410
f 2479//2479 2412//2412 2477//2477
f 2413//2413 2478//2478 2411//2411
f 2413//2413 2480//2480 2478//2478
f 2479//2479 2414//2414 2412//2412
f 2481//2481 2414//2414 2479//2479
f 2415//2415 2480//2480 2413//2413
f 2415//2415 2482//2482 2480//2480
f 2481//2481 2416//2416 2414//2414
f 2483//2483 2416//2416 2481//2481
f 2417//2417 2482//2482 2415//2415
f 2417//2417 2484//2484 2482//2482
f 2483//2483 2418//2418 2416//2416
f 2485//2485 2418//2418 2483//2483
f 2484//2484 2419//2419 2486//2486
f 2484//2484 2417//2417 2419//2419
f 2485//2485 2487//2487 2418//2418
f 2418//2418 2487//2487 2420//2420
f 2488//2488 2486//2486 2421//2421
f 2421//2421 2486//2486 2419//2419
f 2487//2487 2422//2422 2420//2420
f 2489//2489 2422//2422 2487//2487
f 2423//2423 2488//2488 2421//2421
f 2423//2423 2490//2490 2488//2488
f 2489//2489 2424//2424 2422//2422
f 2491//2491 2424//2424 2489//2489
f 2423//2423 2425//2425 2490//2490
f 2490//2490 2425//2425 2492//2492
f 2491//2491 2493//2493 2424//2424
f 2424//2424 2493//2493 2426//2426
f 2425//2425 2427//2427 2492//2492
f 2492//2492 2427//2427 2494//2494
f 2493//2493 2495//2495 2426//2426
f 2426//2426 2495//2495 2428//2428
f 2427//2427 2429//2429 2494//2494
f 2494//2494 2429//2429 2496//2496
f 2495//2495 2497//2497 2428//2428
f 2428//2428 2497//2497 2430//2430
f 2430//2430 2498//2498 2431//2431
f 2497//2497 2498//2498 2430//2430
f 2498//2498 2499//2499 2431//2431
f 2502//2502 2432//2432 2501//2501
f 2432//2432 2503//2503 2433//2433
f 2502//2502 2503//2503 2432//2432
f 2433//2433 2504//2504 2434//2434
f 2503//2503 2504//2504 2433//2433
f 2429//2429 2434//2434 2496//2496
f 2496//2496 2434//2434 2504//2504
f 2499//2499 2435//2435 2431//2431
f 2435//2435 2499//2499 2436//2436
f 2436//2436 2499//2499 2500//2500
f 2436//2436 2500//2500 2437//2437
f 2437//2437 2500//2500 2501//2501
f 2437//2437 2501//2501 2432//2432
f 2505//2505 2438//2438 2439//2439
f 2439//2439 2506//2506 2505//2505
f 2439//2439 2440//2440 2506//2506
f 2507//2507 2440//2440 2441//2441
f 2507//2507 2506//2506 2440//2440
f 2441//2441 2442//2442 2507//2507
f 2507//2507 2442//2442 2508//2508
f 2510//2510 2509//2509 2438//2438
f 2438//2438 2509//2509 2443//2443
f 2510//2510 2438//2438 2505//2505
f 2511//2511 2442//2442 2444//2444
f 2511//2511 2508//2508 2442//2442
f 2444//2444 2445//2445 2511//2511
f 2511//2511 2445//2445 2512//2512
f 2509//2509 2513//2513 2443//2443
f 2443//2443 2513//2513 2446//2446
f 2514//2514 2445//2445 2447//2447
f 2514//2514 2512//2512 2445//2445
f 2447//2447 2448//2448 2514//2514
f 2514//2514 2448//2448 2515//2515
f 2513//2513 2449//2449 2446//2446
f 2516//2516 2449//2449 2513//2513
f 2450//2450 2515//2515 2448//2448
f 2450//2450 2517//2517 2515//2515
f 2516//2516 2518//2518 2449//2449
f 2449//2449 2518//2518 2451//2451
f 2450//2450 2452//2452 2517//2517
f 2517//2517 2452//2452 2519//2519
f 2518//2518 2453//2453 2451//2451
f 2520//2520 2453//2453 2518//2518
f 2452//2452 2454//2454 2519//2519
f 2519//2519 2454//2454 2521//2521
f 2520//2520 2455//2455 2453//2453
f 2522//2522 2455//2455 2520//2520
f 2456//2456 2521//2521 2454//2454
f 2456//2456 2523//2523 2521//2521
f 2522//2522 2457//2457 2455//2455
f 2524//2524 2457//2457 2522//2522
f 2456//2456 2458//2458 2523//2523
f 2523//2523 2458//2458 2525//2525
f 2524//2524 2459//2459 2457//2457
f 2526//2526 2459//2459 2524//2524
f 2460//2460 2525//2525 2458//2458
f 2460//2460 2527//2527 2525//2525
f 2526//2526 2461//2461 2459//2459
f 2528//2528 2461//2461 2526//2526
f 2460//2460 2462//2462 2527//2527
f 2527//2527 2462//2462 2529//2529
f 2528//2528 2463//2463 2461//2461
f 2530//2530 2463//2463 2528//2528
f 2464//2464 2529//2529 2462//2462
f 2464//2464 2531//2531 2529//2529
f 2530//2530 2465//2465 2463//2463
f 2532//2532 2465//2465 2530//2530
f 2466//2466 2531//2531 2464//2464
f 2466//2466 2533//2533 2531//2531
f 2532//2532 2467//2467 2465//2465
f 2534//2534 2467//2467 2532//2532
f 2466//2466 2468//2468 2533//2533
f 2533//2533 2468//2468 2535//2535
f 2534//2534 2469//2469 2467//2467
f 2536//2536 2469//2469 2534//2534
f 2470//2470 2535//2535 2468//2468
f 2470//2470 2537//2537 2535//2535
f 2536//2536 2471//2471 2469//2469
f 2538//2538 2471//2471 2536//2536
f 2472//2472 2537//2537 2470//2470
f 2472//2472 2539//2539 2537//2537
f 2538//2538 2473//2473 2471//2471
f 2540//2540 2473//2473 2538//2538
f 2474//2474 2539//2539 2472//2472
f 2474//2474 2541//2541 2539//2539
f 2540//2540 2475//2475 2473//2473
f 2542//2542 2475//2475 2540//2540
f 2476//2476 2541//2541 2474//2474
f 2476//2476 2543//2543 2541//2541
f 2542//2542 2477//2477 2475//2475
f 2544//2544 2477//2477 2542//2542
f 2478//2478 2543//2543 2476//2476
f 2478//2478 2545//2545 2543//2543
f 2544//2544 2479//2479 2477//2477
f 2546//2546 2479//2479 2544//2544
f 2480//2480 2545//2545 2478//2478
f 2480//2480 2547//2547 2545//2545
f 2546//2546 2481//2481 2479//2479
f 2548//2548 2481//2481 2546//2546
f 2482//2482 2547//2547 2480//2480
f 2482//2482 2549//2549 2547//2547
f 2548//2548 2483//2483 2481//2481
f 2550//2550 2483//2483 2548//2548
f 2484//2484 2549//2549 2482//2482
f 2484//2484 2551//2551 2549//2549
f 2485//2485 2550//2550 2552//2552
f 2485//2485 2483//2483 2550//2550
f 2484//2484 2486//2486 2551//2551
f 2551//2551 2486//2486 2553//2553
f 2552//2552 2487//2487 2485//2485
f 2554//2554 2487//2487 2552//2552
f 2488//2488 2553//2553 2486//2486
f 2488//2488 2555//2555 2553//2553
f 2554//2554 2489//2489 2487//2487
f 2556//2556 2489//2489 2554//2554
f 2555//2555 2490//2490 2557//2557
f 2555//2555 2488//2488 2490//2490
f 2556//2556 2491//2491 2489//2489
f 2558//2558 2491//2491 2556//2556
f 2559//2559 2557//2557 2492//2492
f 2492//2492 2557//2557 2490//2490
f 2558//2558 2560//2560 2491//2491
f 2491//2491 2560//2560 2493//2493
f 2492//2492 2494//2494 2559//2559
f 2559//2559 2494//2494 2561//2561
f 2560//2560 2562//2562 2493//2493
f 2493//2493 2562//2562 2495//2495
f 2564//2564 2496//2496 2563//2563
f 2494//2494 2496//2496 2561//2561
f 2561//2561 2496//2496 2564//2564
f 2562//2562 2565//2565 2495//2495
f 2495//2495 2565//2565 2497//2497
f 2497//2497 2566//2566 2498//2498
f 2565//2565 2566//2566 2497//2497
f 2498//2498 2567//2567 2499//2499
f 2566//2566 2567//2567 2498//2498
f 2499//2499 2568//2568 2500//2500
f 2567//2567 2568//2568 2499//2499
f 2500//2500 2569//2569 2501//2501
f 2568//2568 2569//2569 2500//2500
f 2501//2501 2570//2570 2502//2502
f 2569//2569 2570//2570 2501//2501
f 2502//2502 2571//2571 2503//2503
f 2570//2570 2571//2571 2502//2502
f 2504//2504 2571//2571 2563//2563
f 2504//2504 2503//2503 2571//2571
f 2504//2504 2563//2563 2496//2496
f 2572//2572 2505//2505 2506//2506
f 2507//2507 2573//2573 2506//2506
f 2506//2506 2573//2573 2572//2572
f 2508//2508 2573//2573 2507//2507
f 2575//2575 2574//2574 2510//2510
f 2510//2510 2574//2574 2509//2509
f 2576//2576 2510//2510 2505//2505
f 2576//2576 2575//2575 2510//2510
f 2576//2576 2505//2505 2572//2572
f 2577//2577 2573//2573 2508//2508
f 2578//2578 2508//2508 2511//2511
f 2578//2578 2577//2577 2508//2508
f 2511//2511 2512//2512 2578//2578
f 2578//2578 2512//2512 2579//2579
f 2574//2574 2580//2580 2509//2509
f 2509//2509 2580//2580 2513//2513
f 2581//2581 2512//2512 2514//2514
f 2581//2581 2579//2579 2512//2512
f 2514//2514 2515//2515 2581//2581
f 2581//2581 2515//2515 2582//2582
f 2580//2580 2516//2516 2513//2513
f 2583//2583 2516//2516 2580//2580
f 2515//2515 2517//2517 2582//2582
f 2517//2517 2584//2584 2582//2582
f 2585//2585 2518//2518 2516//2516
f 2583//2583 2585//2585 2516//2516
f 2519//2519 2584//2584 2517//2517
f 2519//2519 2586//2586 2584//2584
f 2587//2587 2518//2518 2585//2585
f 2587//2587 2520//2520 2518//2518
f 2519//2519 2521//2521 2586//2586
f 2586//2586 2521//2521 2588//2588
f 2587//2587 2522//2522 2520//2520
f 2589//2589 2522//2522 2587//2587
f 2523//2523 2588//2588 2521//2521
f 2523//2523 2590//2590 2588//2588
f 2589//2589 2524//2524 2522//2522
f 2591//2591 2524//2524 2589//2589
f 2523//2523 2525//2525 2590//2590
f 2590//2590 2525//2525 2592//2592
f 2591//2591 2526//2526 2524//2524
f 2593//2593 2526//2526 2591//2591
f 2527//2527 2592//2592 2525//2525
f 2527//2527 2594//2594 2592//2592
f 2593//2593 2528//2528 2526//2526
f 2595//2595 2528//2528 2593//2593
f 2527//2527 2529//2529 2594//2594
f 2594//2594 2529//2529 2596//2596
f 2595//2595 2530//2530 2528//2528
f 2597//2597 2530//2530 2595//2595
f 2531//2531 2596//2596 2529//2529
f 2531//2531 2598//2598 2596//2596
f 2597//2597 2532//2532 2530//2530
f 2599//2599 2532//2532 2597//2597
f 2533//2533 2598//2598 2531//2531
f 2533//2533 2600//2600 2598//2598
f 2599//2599 2534//2534 2532//2532
f 2601//2601 2534//2534 2599//2599
f 2533//2533 2535//2535 2600//2600
f 2600//2600 2535//2535 2602//2602
f 2601//2601 2536//2536 2534//2534
f 2603//2603 2536//2536 2601//2601
f 2537//2537 2602//2602 2535//2535
f 2537//2537 2604//2604 2602//2602
f 2603//2603 2538//2538 2536//2536
f 2605//2605 2538//2538 2603//2603
f 2539//2539 2604//2604 2537//2537
f 2539//2539 2606//2606 2604//2604
f 2605//2605 2540//2540 2538//2538
f 2607//2607 2540//2540 2605//2605
f 2541//2541 2606//2606 2539//2539
f 2541//2541 2608//2608 2606//2606
f 2607//2607 2542//2542 2540//2540
f 2609//2609 2542//2542 2607//2607
f 2543//2543 2608//2608 2541//2541
f 2543//2543 2610//2610 2608//2608
f 2609//2609 2544//2544 2542//2542
f 2611//2611 2544//2544 2609//2609
f 2545//2545 2610//2610 2543//2543
f 2545//2545 2612//2612 2610//2610
f 2611//2611 2546//2546 2544//2544
f 2613//2613 2546//2546 2611//2611
f 2547//2547 2612//2612 2545//2545
f 2547//2547 2614//2614 2612//2612
f 2613//2613 2548//2548 2546//2546
f 2615//2615 2548//2548 2613//2613
f 2549//2549 2614//2614 2547//2547
f 2549//2549 2616//2616 2614//2614
f 2615//2615 2550//2550 2548//2548
f 2617//2617 2550//2550 2615//2615
f 2551//2551 2616//2616 2549//2549
f 2551//2551 2618//2618 2616//2616
f 2617//2617 2619//2619 2550//2550
f 2550//2550 2619//2619 2552//2552
f 2551//2551 2553//2553 2618//2618
f 2618//2618 2553//2553 2620//2620
f 2619//2619 2554//2554 2552//2552
f 2621//2621 2554//2554 2619//2619
f 2555//2555 2620//2620 2553//2553
f 2555//2555 2622//2622 2620//2620
f 2621//2621 2556//2556 2554//2554
f 2623//2623 2556//2556 2621//2621
f 2555//2555 2557//2557 2622//2622
f 2622//2622 2557//2557 2624//2624
f 2558//2558 2623//2623 2625//2625
f 2558//2558 2556//2556 2623//2623
f 2624//2624 2559//2559 2626//2626
f 2624//2624 2557//2557 2559//2559
f 2625//2625 2560//2560 2558//2558
f 2627//2627 2560//2560 2625//2625
f 2561//2561 2628//2628 2626//2626
f 2561//2561 2626//2626 2559//2559
f 2627//2627 2629//2629 2560//2560
f 2560//2560 2629//2629 2562//2562
f 2629//2629 2630//2630 2562//2562
f 2632//2632 2563//2563 2631//2631
f 2564//2564 2632//2632 2628//2628
f 2564//2564 2563//2563 2632//2632
f 2564//2564 2628//2628 2561//2561
f 2630//2630 2565//2565 2562//2562
f 2633//2633 2565//2565 2630//2630
f 2633//2633 2566//2566 2565//2565
f 2566//2566 2634//2634 2567//2567
f 2633//2633 2634//2634 2566//2566
f 2567//2567 2635//2635 2568//2568
f 2634//2634 2635//2635 2567//2567
f 2568//2568 2636//2636 2569//2569
f 2635//2635 2636//2636 2568//2568
f 2569//2569 2637//2637 2570//2570
f 2636//2636 2637//2637 2569//2569
f 2571//2571 2637//2637 2631//2631
f 2571//2571 2570//2570 2637//2637
f 2571//2571 2631//2631 2563//2563
f 2638//2638 2574//2574 2575//2575
f 2575//2575 2639//2639 2638//2638
f 2575//2575 2576//2576 2639//2639
f 2640//2640 2576//2576 2572//2572
f 2640//2640 2639//2639 2576//2576
f 2641//2641 2572//2572 2573//2573
f 2641//2641 2640//2640 2572//2572
f 2642//2642 2573//2573 2577//2577
f 2642//2642 2641//2641 2573//2573
f 2643//2643 2577//2577 2578//2578
f 2643//2643 2642//2642 2577//2577
f 2578//2578 2579//2579 2643//2643
f 2643//2643 2579//2579 2644//2644
f 2645//2645 2580//2580 2574//2574
f 2638//2638 2645//2645 2574//2574
f 2646//2646 2579//2579 2581//2581
f 2646//2646 2644//2644 2579//2579
f 2581//2581 2582//2582 2646//2646
f 2646//2646 2582//2582 2647//2647
f 2648//2648 2580//2580 2645//2645
f 2648//2648 2583//2583 2580//2580
f 2582//2582 2584//2584 2647//2647
f 2647//2647 2584//2584 2649//2649
f 2648//2648 2585//2585 2583//2583
f 2650//2650 2585//2585 2648//2648
f 2586//2586 2649//2649 2584//2584
f 2586//2586 2651//2651 2649//2649
f 2650//2650 2652//2652 2585//2585
f 2585//2585 2652//2652 2587//2587
f 2586//2586 2588//2588 2651//2651
f 2651//2651 2588//2588 2653//2653
f 2652//2652 2589//2589 2587//2587
f 2654//2654 2589//2589 2652//2652
f 2588//2588 2590//2590 2653//2653
f 2590//2590 2655//2655 2653//2653
f 2654//2654 2591//2591 2589//2589
f 2656//2656 2591//2591 2654//2654
f 2592//2592 2655//2655 2590//2590
f 2592//2592 2657//2657 2655//2655
f 2656//2656 2593//2593 2591//2591
f 2658//2658 2593//2593 2656//2656
f 2594//2594 2657//2657 2592//2592
f 2594//2594 2659//2659 2657//2657
f 2658//2658 2595//2595 2593//2593
f 2660//2660 2595//2595 2658//2658
f 2594//2594 2596//2596 2659//2659
f 2659//2659 2596//2596 2661//2661
f 2660//2660 2597//2597 2595//2595
f 2662//2662 2597//2597 2660//2660
f 2598//2598 2661//2661 2596//2596
f 2598//2598 2663//2663 2661//2661
f 2662//2662 2599//2599 2597//2597
f 2664//2664 2599//2599 2662//2662
f 2600//2600 2663//2663 2598//2598
f 2600//2600 2665//2665 2663//2663
f 2664//2664 2601//2601 2599//2599
f 2666//2666 2601//2601 2664//2664
f 2600//2600 2602//2602 2665//2665
f 2665//2665 2602//2602 2667//2667
f 2666//2666 2603//2603 2601//2601
f 2668//2668 2603//2603 2666//2666
f 2604//2604 2667//2667 2602//2602
f 2604//2604 2669//2669 2667//2667
f 2668//2668 2605//2605 2603//2603
f 2670//2670 2605//2605 2668//2668
f 2606//2606 2669//2669 2604//2604
f 2606//2606 2671//2671 2669//2669
f 2670//2670 2607//2607 2605//2605
f 2672//2672 2607//2607 2670//2670
f 2608//2608 2671//2671 2606//2606
f 2608//2608 2673//2673 2671//2671
f 2672//2672 2609//2609 2607//2607
f 2674//2674 2609//2609 2672//2672
f 2610//2610 2673//2673 2608//2608
f 2610//2610 2675//2675 2673//2673
f 2674//2674 2611//2611 2609//2609
f 2676//2676 2611//2611 2674//2674
f 2612//2612 2675//2675 2610//2610
f 2612//2612 2677//2677 2675//2675
f 2676//2676 2613//2613 2611//2611
f 2678//2678 2613//2613 2676//2676
f 2614//2614 2677//2677 2612//2612
f 2614//2614 2679//2679 2677//2677
f 2678//2678 2615//2615 2613//2613
f 2680//2680 2615//2615 2678//2678
f 2616//2616 2679//2679 2614//2614
f 2616//2616 2681//2681 2679//2679
f 2680//2680 2617//2617 2615//2615
f 2682//2682 2617//2617 2680//2680
f 2618//2618 2681//2681 2616//2616
f 2618//2618 2683//2683 2681//2681
f 2682//2682 2684//2684 2617//2617
f 2617//2617 2684//2684 2619//2619
f 2618//2618 2620//2620 2683//2683
f 2683//2683 2620//2620 2685//2685
f 2684//2684 2621//2621 2619//2619
f 2686//2686 2621//2621 2684//2684
f 2622//2622 2685//2685 2620//2620
f 2622//2622 2687//2687 2685//2685
f 2686//2686 2623//2623 2621//2621
f 2688//2688 2623//2623 2686//2686
f 2622//2622 2624//2624 2687//2687
f 2687//2687 2624//2624 2689//2689
f 2688//2688 2690//2690 2623//2623
f 2623//2623 2690//2690 2625//2625
f 2624//2624 2626//2626 2689//2689
f 2689//2689 2626//2626 2691//2691
f 2627//2627 2690//2690 2692//2692
f 2627//2627 2625//2625 2690//2690
f 2626//2626 2628//2628 2691//2691
f 2691//2691 2628//2628 2693//2693
f 2692//2692 2629//2629 2627//2627
f 2694//2694 2629//2629 2692//2692
f 2694//2694 2630//2630 2629//2629
f 2631//2631 2696//2696 2632//2632
f 2695//2695 2696//2696 2631//2631
f 2628//2628 2632//2632 2693//2693
f 2693//2693 2632//2632 2696//2696
f 2694//2694 2697//2697 2630//2630
f 2630//2630 2697//2697 2633//2633
f 2633//2633 2698//2698 2634//2634
f 2697//2697 2698//2698 2633//2633
f 2634//2634 2699//2699 2635//2635
f 2698//2698 2699//2699 2634//2634
f 2635//2635 2700//2700 2636//2636
f 2699//2699 2700//2700 2635//2635
f 2636//2636 2701//2701 2637//2637
f 2700//2700 2701//2701 2636//2636
f 2631//2631 2637//2637 2695//2695
f 2695//2695 2637//2637 2701//2701
f 2703//2703 2702//2702 2639//2639
f 2639//2639 2702//2702 2638//2638
f 2704//2704 2639//2639 2640//2640
f 2704//2704 2703//2703 2639//2639
f 2705//2705 2640//2640 2641//2641
f 2705//2705 2704//2704 2640//2640
f 2706//2706 2641//2641 2642//2642
f 2706//2706 2705//2705 2641//2641
f 2707//2707 2642//2642 2643//2643
f 2707//2707 2706//2706 2642//2642
f 2643//2643 2644//2644 2707//2707
f 2707//2707 2644//2644 2708//2708
f 2702//2702 2709//2709 2638//2638
f 2638//2638 2709//2709 2645//2645
f 2710//2710 2644//2644 2646//2646
f 2710//2710 2708//2708 2644//2644
f 2646//2646 2647//2647 2710//2710
f 2710//2710 2647//2647 2711//2711
f 2709//2709 2712//2712 2645//2645
f 2645//2645 2712//2712 2648//2648
f 2647//2647 2649//2649 2711//2711
f 2711//2711 2649//2649 2713//2713
f 2712//2712 2650//2650 2648//2648
f 2714//2714 2650//2650 2712//2712
f 2651//2651 2713//2713 2649//2649
f 2651//2651 2715//2715 2713//2713
f 2714//2714 2716//2716 2650//2650
f 2650//2650 2716//2716 2652//2652
f 2651//2651 2653//2653 2715//2715
f 2715//2715 2653//2653 2717//2717
f 2716//2716 2654//2654 2652//2652
f 2718//2718 2654//2654 2716//2716
f 2653//2653 2655//2655 2717//2717
f 2717//2717 2655//2655 2719//2719
f 2718//2718 2656//2656 2654//2654
f 2720//2720 2656//2656 2718//2718
f 2657//2657 2719//2719 2655//2655
f 2657//2657 2721//2721 2719//2719
f 2720//2720 2658//2658 2656//2656
f 2722//2722 2658//2658 2720//2720
f 2657//2657 2659//2659 2721//2721
f 2659//2659 2723//2723 2721//2721
f 2722//2722 2660//2660 2658//2658
f 2724//2724 2660//2660 2722//2722
f 2661//2661 2723//2723 2659//2659
f 2661//2661 2725//2725 2723//2723
f 2724//2724 2662//2662 2660//2660
f 2726//2726 2662//2662 2724//2724
f 2663//2663 2725//2725 2661//2661
f 2663//2663 2727//2727 2725//2725
f 2726//2726 2664//2664 2662//2662
f 2728//2728 2664//2664 2726//2726
f 2665//2665 2727//2727 2663//2663
f 2665//2665 2729//2729 2727//2727
f 2728//2728 2666//2666 2664//2664
f 2730//2730 2666//2666 2728//2728
f 2665//2665 2667//2667 2729//2729
f 2729//2729 2667//2667 2731//2731
f 2730//2730 2668//2668 2666//2666
f 2732//2732 2668//2668 2730//2730
f 2669//2669 2731//2731 2667//2667
f 2669//2669 2733//2733 2731//2731
f 2732//2732 2670//2670 2668//2668
f 2734//2734 2670//2670 2732//2732
f 2671//2671 2733//2733 2669//2669
f 2671//2671 2735//2735 2733//2733
f 2734//2734 2672//2672 2670//2670
f 2736//2736 2672//2672 2734//2734
f 2673//2673 2735//2735 2671//2671
f 2673//2673 2737//2737 2735//2735
f 2736//2736 2674//2674 2672//2672
f 2738//2738 2674//2674 2736//2736
f 2675//2675 2737//2737 2673//2673
f 2675//2675 2739//2739 2737//2737
f 2738//2738 2676//2676 2674//2674
f 2740//2740 2676//2676 2738//2738
f 2677//2677 2739//2739 2675//2675
f 2677//2677 2741//2741 2739//2739
f 2740//2740 2678//2678 2676//2676
f 2742//2742 2678//2678 2740//2740
f 2679//2679 2741//2741 2677//2677
f 2679//2679 2743//2743 2741//2741
f 2742//2742 2680//2680 2678//2678
f 2744//2744 2680//2680 2742//2742
f 2681//2681 2743//2743 2679//2679
f 2681//2681 2745//2745 2743//2743
f 2682//2682 2744//2744 2746//2746
f 2682//2682 2680//2680 2744//2744
f 2745//2745 2683//2683 2747//2747
f 2745//2745 2681//2681 2683//2683
f 2746//2746 2684//2684 2682//2682
f 2748//2748 2684//2684 2746//2746
f 2749//2749 2747//2747 2685//2685
f 2685//2685 2747//2747 2683//2683
f 2748//2748 2686//2686 2684//2684
f 2750//2750 2686//2686 2748//2748
f 2749//2749 2687//2687 2751//2751
f 2749//2749 2685//2685 2687//2687
f 2750//2750 2688//2688 2686//2686
f 2752//2752 2688//2688 2750//2750
f 2753//2753 2751//2751 2689//2689
f 2689//2689 2751//2751 2687//2687
f 2752//2752 2754//2754 2688//2688
f 2688//2688 2754//2754 2690//2690
f 2689//2689 2691//2691 2753//2753
f 2753//2753 2691//2691 2755//2755
f 2754//2754 2756//2756 2690//2690
f 2690//2690 2756//2756 2692//2692
f 2758//2758 2693//2693 2757//2757
f 2691//2691 2693//2693 2755//2755
f 2755//2755 2693//2693 2758//2758
f 2756//2756 2759//2759 2692//2692
f 2692//2692 2759//2759 2694//2694
f 2759//2759 2760//2760 2694//2694
f 2763//2763 2695//2695 2762//2762
f 2696//2696 2763//2763 2757//2757
f 2696//2696 2695//2695 2763//2763
f 2696//2696 2757//2757 2693//2693
f 2760//2760 2697//2697 2694//2694
f 2697//2697 2760//2760 2698//2698
f 2698//2698 2760//2760 2761//2761
f 2764//2764 2698//2698 2761//2761
f 2764//2764 2699//2699 2698//2698
f 2699//2699 2765//2765 2700//2700
f 2764//2764 2765//2765 2699//2699
f 2701//2701 2765//2765 2762//2762
f 2701//2701 2700//2700 2765//2765
f 2701//2701 2762//2762 2695//2695
f 2766//2766 2702//2702 2703//2703
f 2703//2703 2767//2767 2766//2766
f 2703//2703 2704//2704 2767//2767
f 2768//2768 2704//2704 2705//2705
f 2768//2768 2767//2767 2704//2704
f 2769//2769 2705//2705 2706//2706
f 2769//2769 2768//2768 2705//2705
f 2770//2770 2706//2706 2707//2707
f 2770//2770 2769//2769 2706//2706
f 2707//2707 2708//2708 2770//2770
f 2770//2770 2708//2708 2771//2771
f 2773//2773 2772//2772 2702//2702
f 2702//2702 2772//2772 2709//2709
f 2773//2773 2702//2702 2766//2766
f 2774//2774 2708//2708 2710//2710
f 2774//2774 2771//2771 2708//2708
f 2710//2710 2711//2711 2774//2774
f 2774//2774 2711//2711 2775//2775
f 2772//2772 2776//2776 2709//2709
f 2709//2709 2776//2776 2712//2712
f 2711//2711 2713//2713 2775//2775
f 2775//2775 2713//2713 2777//2777
f 2776//2776 2714//2714 2712//2712
f 2778//2778 2714//2714 2776//2776
f 2713//2713 2715//2715 2777//2777
f 2715//2715 2779//2779 2777//2777
f 2780//2780 2716//2716 2714//2714
f 2778//2778 2780//2780 2714//2714
f 2717//2717 2779//2779 2715//2715
f 2717//2717 2781//2781 2779//2779
f 2782//2782 2716//2716 2780//2780
f 2782//2782 2718//2718 2716//2716
f 2717//2717 2719//2719 2781//2781
f 2781//2781 2719//2719 2783//2783
f 2782//2782 2720//2720 2718//2718
f 2784//2784 2720//2720 2782//2782
f 2721//2721 2783//2783 2719//2719
f 2721//2721 2785//2785 2783//2783
f 2784//2784 2722//2722 2720//2720
f 2786//2786 2722//2722 2784//2784
f 2721//2721 2723//2723 2785//2785
f 2785//2785 2723//2723 2787//2787
f 2786//2786 2724//2724 2722//2722
f 2788//2788 2724//2724 2786//2786
f 2725//2725 2787//2787 2723//2723
f 2725//2725 2789//2789 2787//2787
f 2788//2788 2726//2726 2724//2724
f 2790//2790 2726//2726 2788//2788
f 2727//2727 2789//2789 2725//2725
f 2727//2727 2791//2791 2789//2789
f 2790//2790 2728//2728 2726//2726
f 2792//2792 2728//2728 2790//2790
f 2727//2727 2729//2729 2791//2791
f 2729//2729 2793//2793 2791//2791
f 2792//2792 2730//2730 2728//2728
f 2794//2794 2730//2730 2792//2792
f 2731//2731 2793//2793 2729//2729
f 2731//2731 2795//2795 2793//2793
f 2794//2794 2732//2732 2730//2730
f 2796//2796 2732//2732 2794//2794
f 2733//2733 2795//2795 2731//2731
f 2733//2733 2797//2797 2795//2795
f 2796//2796 2734//2734 2732//2732
f 2798//2798 2734//2734 2796//2796
f 2735//2735 2797//2797 2733//2733
f 2735//2735 2799//2799 2797//2797
f 2798//2798 2736//2736 2734//2734
f 2800//2800 2736//2736 2798//2798
f 2737//2737 2799//2799 2735//2735
f 2737//2737 2801//2801 2799//2799
f 2800//2800 2738//2738 2736//2736
f 2802//2802 2738//2738 2800//2800
f 2739//2739 2801//2801 2737//2737
f 2739//2739 2803//2803 2801//2801
f 2802//2802 2740//2740 2738//2738
f 2804//2804 2740//2740 2802//2802
f 2741//2741 2803//2803 2739//2739
f 2741//2741 2805//2805 2803//2803
f 2804//2804 2742//2742 2740//2740
f 2806//2806 2742//2742 2804//2804
f 2743//2743 2805//2805 2741//2741
f 2743//2743 2807//2807 2805//2805
f 2806//2806 2744//2744 2742//2742
f 2808//2808 2744//2744 2806//2806
f 2745//2745 2807//2807 2743//2743
f 2745//2745 2809//2809 2807//2807
f 2808//2808 2810//2810 2744//2744
f 2744//2744 2810//2810 2746//2746
f 2745//2745 2747//2747 2809//2809
f 2809//2809 2747//2747 2811//2811
f 2810//2810 2748//2748 2746//2746
f 2812//2812 2748//2748 2810//2810
f 2749//2749 2811//2811 2747//2747
f 2749//2749 2813//2813 2811//2811
f 2812//2812 2750//2750 2748//2748
f 2814//2814 2750//2750 2812//2812
f 2749//2749 2751//2751 2813//2813
f 2813//2813 2751//2751 2815//2815
f 2814//2814 2752//2752 2750//2750
f 2816//2816 2752//2752 2814//2814
f 2815//2815 2753//2753 2817//2817
f 2815//2815 2751//2751 2753//2753
f 2816//2816 2818//2818 2752//2752
f 2752//2752 2818//2818 2754//2754
f 2755//2755 2819//2819 2817//2817
f 2755//2755 2817//2817 2753//2753
f 2818//2818 2820//2820 2754//2754
f 2754//2754 2820//2820 2756//2756
f 2758//2758 2821//2821 2819//2819
f 2758//2758 2757//2757 2821//2821
f 2758//2758 2819//2819 2755//2755
f 2820//2820 2822//2822 2756//2756
f 2756//2756 2822//2822 2759//2759
f 2759//2759 2823//2823 2760//2760
f 2822//2822 2823//2823 2759//2759
f 2760//2760 2824//2824 2761//2761
f 2823//2823 2824//2824 2760//2760
f 2824//2824 2825//2825 2761//2761
f 2827//2827 2762//2762 2826//2826
f 2762//2762 2828//2828 2763//2763
f 2827//2827 2828//2828 2762//2762
f 2757//2757 2763//2763 2821//2821
f 2821//2821 2763//2763 2828//2828
f 2825//2825 2764//2764 2761//2761
f 2764//2764 2825//2825 2765//2765
f 2765//2765 2825//2825 2826//2826
f 2765//2765 2826//2826 2762//2762
f 2830//2830 2829//2829 2767//2767
f 2767//2767 2829//2829 2766//2766
f 2831//2831 2767//2767 2768//2768
f 2831//2831 2830//2830 2767//2767
f 2832//2832 2768//2768 2769//2769
f 2832//2832 2831//2831 2768//2768
f 2833//2833 2769//2769 2770//2770
f 2833//2833 2832//2832 2769//2769
f 2770//2770 2771//2771 2833//2833
f 2833//2833 2771//2771 2834//2834
f 2836//2836 2835//2835 2773//2773
f 2773//2773 2835//2835 2772//2772
f 2829//2829 2773//2773 2766//2766
f 2829//2829 2836//2836 2773//2773
f 2837//2837 2771//2771 2774//2774
f 2837//2837 2834//2834 2771//2771
f 2774//2774 2775//2775 2837//2837
f 2837//2837 2775//2775 2838//2838
f 2839//2839 2776//2776 2772//2772
f 2835//2835 2839//2839 2772//2772
f 2775//2775 2777//2777 2838//2838
f 2838//2838 2777//2777 2840//2840
f 2841//2841 2776//2776 2839//2839
f 2841//2841 2778//2778 2776//2776
f 2777//2777 2779//2779 2840//2840
f 2840//2840 2779//2779 2842//2842
f 2841//2841 2780//2780 2778//2778
f 2843//2843 2780//2780 2841//2841
f 2781//2781 2842//2842 2779//2779
f 2781//2781 2844//2844 2842//2842
f 2843//2843 2845//2845 2780//2780
f 2780//2780 2845//2845 2782//2782
f 2781//2781 2783//2783 2844//2844
f 2844//2844 2783//2783 2846//2846
f 2845//2845 2784//2784 2782//2782
f 2847//2847 2784//2784 2845//2845
f 2785//2785 2846//2846 2783//2783
f 2785//2785 2848//2848 2846//2846
f 2847//2847 2786//2786 2784//2784
f 2849//2849 2786//2786 2847//2847
f 2785//2785 2787//2787 2848//2848
f 2848//2848 2787//2787 2850//2850
f 2849//2849 2788//2788 2786//2786
f 2851//2851 2788//2788 2849//2849
f 2789//2789 2850//2850 2787//2787
f 2789//2789 2852//2852 2850//2850
f 2851//2851 2790//2790 2788//2788
f 2853//2853 2790//2790 2851//2851
f 2791//2791 2852//2852 2789//2789
f 2791//2791 2854//2854 2852//2852
f 2853//2853 2792//2792 2790//2790
f 2855//2855 2792//2792 2853//2853
f 2791//2791 2793//2793 2854//2854
f 2854//2854 2793//2793 2856//2856
f 2855//2855 2794//2794 2792//2792
f 2857//2857 2794//2794 2855//2855
f 2795//2795 2856//2856 2793//2793
f 2795//2795 2858//2858 2856//2856
f 2857//2857 2796//2796 2794//2794
f 2859//2859 2796//2796 2857//2857
f 2797//2797 2858//2858 2795//2795
f 2797//2797 2860//2860 2858//2858
f 2859//2859 2798//2798 2796//2796
f 2861//2861 2798//2798 2859//2859
f 2799//2799 2860//2860 2797//2797
f 2799//2799 2862//2862 2860//2860
f 2861//2861 2800//2800 2798//2798
f 2863//2863 2800//2800 2861//2861
f 2801//2801 2862//2862 2799//2799
f 2801//2801 2864//2864 2862//2862
f 2863//2863 2802//2802 2800//2800
f 2865//2865 2802//2802 2863//2863
f 2803//2803 2864//2864 2801//2801
f 2803//2803 2866//2866 2864//2864
f 2865//2865 2804//2804 2802//2802
f 2867//2867 2804//2804 2865//2865
f 2805//2805 2866//2866 2803//2803
f 2805//2805 2868//2868 2866//2866
f 2867//2867 2806//2806 2804//2804
f 2869//2869 2806//2806 2867//2867
f 2807//2807 2868//2868 2805//2805
f 2807//2807 2870//2870 2868//2868
f 2869//2869 2808//2808 2806//2806
f 2871//2871 2808//2808 2869//2869
f 2870//2870 2809//2809 2872//2872
f 2870//2870 2807//2807 2809//2809
f 2871//2871 2873//2873 2808//2808
f 2808//2808 2873//2873 2810//2810
f 2874//2874 2872//2872 2811//2811
f 2811//2811 2872//2872 2809//2809
f 2873//2873 2812//2812 2810//2810
f 2875//2875 2812//2812 2873//2873
f 2874//2874 2813//2813 2876//2876
f 2874//2874 2811//2811 2813//2813
f 2875//2875 2814//2814 2812//2812
f 2877//2877 2814//2814 2875//2875
f 2878//2878 2876//2876 2815//2815
f 2815//2815 2876//2876 2813//2813
f 2816//2816 2877//2877 2879//2879
f 2816//2816 2814//2814 2877//2877
f 2815//2815 2817//2817 2878//2878
f 2878//2878 2817//2817 2880//2880
f 2879//2879 2818//2818 2816//2816
f 2881//2881 2818//2818 2879//2879
f 2817//2817 2819//2819 2880//2880
f 2880//2880 2819//2819 2882//2882
f 2881//2881 2883//2883 2818//2818
f 2818//2818 2883//2883 2820//2820
f 2883//2883 2884//2884 2820//2820
f 2886//2886 2821//2821 2885//2885
f 2819//2819 2821//2821 2882//2882
f 2882//2882 2821//2821 2886//2886
f 2884//2884 2822//2822 2820//2820
f 2887//2887 2822//2822 2884//2884
f 2887//2887 2823//2823 2822//2822
f 2823//2823 2888//2888 2824//2824
f 2887//2887 2888//2888 2823//2823
f 2824//2824 2889//2889 2825//2825
f 2888//2888 2889//2889 2824//2824
f 2825//2825 2890//2890 2826//2826
f 2889//2889 2890//2890 2825//2825
f 2826//2826 2891//2891 2827//2827
f 2890//2890 2891//2891 2826//2826
f 2828//2828 2891//2891 2885//2885
f 2828//2828 2827//2827 2891//2891
f 2828//2828 2885//2885 2821//2821
f 2893//2893 2892//2892 2830//2830
f 2830//2830 2892//2892 2829//2829
f 2894//2894 2830//2830 2831//2831
f 2894//2894 2893//2893 2830//2830
f 2895//2895 2831//2831 2832//2832
f 2895//2895 2894//2894 2831//2831
f 2896//2896 2832//2832 2833//2833
f 2896//2896 2895//2895 2832//2832
f 2833//2833 2834//2834 2896//2896
f 2896//2896 2834//2834 2897//2897
f 2899//2899 2898//2898 2836//2836
f 2836//2836 2898//2898 2835//2835
f 2892//2892 2836//2836 2829//2829
f 2892//2892 2899//2899 2836//2836
f 2900//2900 2834//2834 2837//2837
f 2900//2900 2897//2897 2834//2834
f 2837//2837 2838//2838 2900//2900
f 2900//2900 2838//2838 2901//2901
f 2898//2898 2839//2839 2835//2835
f 2902//2902 2839//2839 2898//2898
f 2838//2838 2840//2840 2901//2901
f 2901//2901 2840//2840 2903//2903
f 2902//2902 2904//2904 2839//2839
f 2839//2839 2904//2904 2841//2841
f 2840//2840 2842//2842 2903//2903
f 2903//2903 2842//2842 2905//2905
f 2904//2904 2843//2843 2841//2841
f 2906//2906 2843//2843 2904//2904
f 2844//2844 2905//2905 2842//2842
f 2844//2844 2907//2907 2905//2905
f 2908//2908 2845//2845 2843//2843
f 2906//2906 2908//2908 2843//2843
f 2844//2844 2846//2846 2907//2907
f 2907//2907 2846//2846 2909//2909
f 2910//2910 2845//2845 2908//2908
f 2910//2910 2847//2847 2845//2845
f 2848//2848 2909//2909 2846//2846
f 2848//2848 2911//2911 2909//2909
f 2910//2910 2849//2849 2847//2847
f 2912//2912 2849//2849 2910//2910
f 2848//2848 2850//2850 2911//2911
f 2911//2911 2850//2850 2913//2913
f 2912//2912 2851//2851 2849//2849
f 2914//2914 2851//2851 2912//2912
f 2852//2852 2913//2913 2850//2850
f 2852//2852 2915//2915 2913//2913
f 2914//2914 2853//2853 2851//2851
f 2916//2916 2853//2853 2914//2914
f 2854//2854 2915//2915 2852//2852
f 2854//2854 2917//2917 2915//2915
f 2916//2916 2855//2855 2853//2853
f 2918//2918 2855//2855 2916//2916
f 2854//2854 2856//2856 2917//2917
f 2917//2917 2856//2856 2919//2919
f 2918//2918 2857//2857 2855//2855
f 2920//2920 2857//2857 2918//2918
f 2858//2858 2919//2919 2856//2856
f 2858//2858 2921//2921 2919//2919
f 2920//2920 2859//2859 2857//2857
f 2922//2922 2859//2859 2920//2920
f 2860//2860 2921//2921 2858//2858
f 2860//2860 2923//2923 2921//2921
f 2922//2922 2861//2861 2859//2859
f 2924//2924 2861//2861 2922//2922
f 2862//2862 2923//2923 2860//2860
f 2862//2862 2925//2925 2923//2923
f 2924//2924 2863//2863 2861//2861
f 2926//2926 2863//2863 2924//2924
f 2864//2864 2925//2925 2862//2862
f 2864//2864 2927//2927 2925//2925
f 2926//2926 2865//2865 2863//2863
f 2928//2928 2865//2865 2926//2926
f 2866//2866 2927//2927 2864//2864
f 2866//2866 2929//2929 2927//2927
f 2928//2928 2867//2867 2865//2865
f 2930//2930 2867//2867 2928//2928
f 2868//2868 2929//2929 2866//2866
f 2868//2868 2931//2931 2929//2929
f 2930//2930 2869//2869 2867//2867
f 2932//2932 2869//2869 2930//2930
f 2931//2931 2870//2870 2933//2933
f 2931//2931 2868//2868 2870//2870
f 2932//2932 2871//2871 2869//2869
f 2934//2934 2871//2871 2932//2932
f 2935//2935 2933//2933 2872//2872
f 2872//2872 2933//2933 2870//2870
f 2934//2934 2936//2936 2871//2871
f 2871//2871 2936//2936 2873//2873
f 2874//2874 2935//2935 2872//2872
f 2874//2874 2937//2937 2935//2935
f 2936//2936 2875//2875 2873//2873
f 2938//2938 2875//2875 2936//2936
f 2874//2874 2876//2876 2937//2937
f 2937//2937 2876//2876 2939//2939
f 2938//2938 2877//2877 2875//2875
f 2940//2940 2877//2877 2938//2938
f 2878//2878 2939//2939 2876//2876
f 2878//2878 2941//2941 2939//2939
f 2940//2940 2942//2942 2877//2877
f 2877//2877 2942//2942 2879//2879
f 2878//2878 2880//2880 2941//2941
f 2941//2941 2880//2880 2943//2943
f 2881//2881 2942//2942 2944//2944
f 2881//2881 2879//2879 2942//2942
f 2880//2880 2882//2882 2943//2943
f 2943//2943 2882//2882 2945//2945
f 2944//2944 2883//2883 2881//2881
f 2946//2946 2883//2883 2944//2944
f 2946//2946 2884//2884 2883//2883
f 2948//2948 2885//2885 2947//2947
f 2885//2885 2949//2949 2886//2886
f 2948//2948 2949//2949 2885//2885
f 2882//2882 2886//2886 2945//2945
f 2945//2945 2886//2886 2949//2949
f 2946//2946 2950//2950 2884//2884
f 2884//2884 2950//2950 2887//2887
f 2887//2887 2951//2951 2888//2888
f 2950//2950 2951//2951 2887//2887
f 2888//2888 2952//2952 2889//2889
f 2951//2951 2952//2952 2888//2888
f 2889//2889 2953//2953 2890//2890
f 2952//2952 2953//2953 2889//2889
f 2891//2891 2953//2953 2947//2947
f 2891//2891 2890//2890 2953//2953
f 2891//2891 2947//2947 2885//2885
f 2954//2954 2892//2892 2893//2893
f 2893//2893 2955//2955 2954//2954
f 2893//2893 2894//2894 2955//2955
f 2956//2956 2894//2894 2895//2895
f 2956//2956 2955//2955 2894//2894
f 2957//2957 2895//2895 2896//2896
f 2957//2957 2956//2956 2895//2895
f 2896//2896 2897//2897 2957//2957
f 2957//2957 2897//2897 2958//2958
f 2959//2959 2898//2898 2899//2899
f 2899//2899 2960//2960 2959//2959
f 2899//2899 2892//2892 2960//2960
f 2960//2960 2892//2892 2954//2954
f 2961//2961 2897//2897 2900//2900
f 2961//2961 2958//2958 2897//2897
f 2900//2900 2901//2901 2961//2961
f 2961//2961 2901//2901 2962//2962
f 2963//2963 2898//2898 2959//2959
f 2963//2963 2902//2902 2898//2898
f 2901//2901 2903//2903 2962//2962
f 2962//2962 2903//2903 2964//2964
f 2963//2963 2965//2965 2902//2902
f 2902//2902 2965//2965 2904//2904
f 2903//2903 2905//2905 2964//2964
f 2964//2964 2905//2905 2966//2966
f 2965//2965 2906//2906 2904//2904
f 2967//2967 2906//2906 2965//2965
f 2907//2907 2966//2966 2905//2905
f 2907//2907 2968//2968 2966//2966
f 2967//2967 2908//2908 2906//2906
f 2969//2969 2908//2908 2967//2967
f 2907//2907 2909//2909 2968//2968
f 2968//2968 2909//2909 2970//2970
f 2969//2969 2971//2971 2908//2908
f 2908//2908 2971//2971 2910//2910
f 2911//2911 2970//2970 2909//2909
f 2911//2911 2972//2972 2970//2970
f 2971//2971 2912//2912 2910//2910
f 2973//2973 2912//2912 2971//2971
f 2911//2911 2913//2913 2972//2972
f 2972//2972 2913//2913 2974//2974
f 2973//2973 2914//2914 2912//2912
f 2975//2975 2914//2914 2973//2973
f 2915//2915 2974//2974 2913//2913
f 2915//2915 2976//2976 2974//2974
f 2975//2975 2916//2916 2914//2914
f 2977//2977 2916//2916 2975//2975
f 2917//2917 2976//2976 2915//2915
f 2917//2917 2978//2978 2976//2976
f 2977//2977 2918//2918 2916//2916
f 2979//2979 2918//2918 2977//2977
f 2978//2978 2917//2917 2980//2980
f 2919//2919 2980//2980 2917//2917
f 2979//2979 2920//2920 2918//2918
f 2981//2981 2920//2920 2979//2979
f 2919//2919 2982//2982 2980//2980
f 2919//2919 2921//2921 2982//2982
f 2981//2981 2922//2922 2920//2920
f 2983//2983 2922//2922 2981//2981
f 2923//2923 2982//2982 2921//2921
f 2923//2923 2984//2984 2982//2982
f 2983//2983 2924//2924 2922//2922
f 2985//2985 2924//2924 2983//2983
f 2925//2925 2984//2984 2923//2923
f 2925//2925 2986//2986 2984//2984
f 2985//2985 2926//2926 2924//2924
f 2987//2987 2926//2926 2985//2985
f 2927//2927 2986//2986 2925//2925
f 2927//2927 2988//2988 2986//2986
f 2987//2987 2928//2928 2926//2926
f 2989//2989 2928//2928 2987//2987
f 2929//2929 2988//2988 2927//2927
f 2929//2929 2990//2990 2988//2988
f 2989//2989 2930//2930 2928//2928
f 2991//2991 2930//2930 2989//2989
f 2931//2931 2990//2990 2929//2929
f 2931//2931 2992//2992 2990//2990
f 2991//2991 2932//2932 2930//2930
f 2993//2993 2932//2932 2991//2991
f 2931//2931 2933//2933 2992//2992
f 2992//2992 2933//2933 2994//2994
f 2993//2993 2934//2934 2932//2932
f 2995//2995 2934//2934 2993//2993
f 2935//2935 2994//2994 2933//2933
f 2935//2935 2996//2996 2994//2994
f 2995//2995 2997//2997 2934//2934
f 2934//2934 2997//2997 2936//2936
f 2937//2937 2996//2996 2935//2935
f 2937//2937 2998//2998 2996//2996
f 2997//2997 2938//2938 2936//2936
f 2999//2999 2938//2938 2997//2997
f 2937//2937 2939//2939 2998//2998
f 2998//2998 2939//2939 3000//3000
f 2999//2999 2940//2940 2938//2938
f 3001//3001 2940//2940 2999//2999
f 3000//3000 2941//2941 3002//3002
f 3000//3000 2939//2939 2941//2941
f 3001//3001 3003//3003 2940//2940
f 2940//2940 3003//3003 2942//2942
f 2943//2943 3004//3004 3002//3002
f 2943//2943 3002//3002 2941//2941
f 3003//3003 3005//3005 2942//2942
f 2942//2942 3005//3005 2944//2944
f 2945//2945 3006//3006 3004//3004
f 2945//2945 3004//3004 2943//2943
f 3005//3005 3007//3007 2944//2944
f 2944//2944 3007//3007 2946//2946
f 3007//3007 3008//3008 2946//2946
f 3010//3010 2947//2947 3009//3009
f 2947//2947 3011//3011 2948//2948
f 3010//3010 3011//3011 2947//2947
f 2949//2949 3011//3011 3006//3006
f 2949//2949 2948//2948 3011//3011
f 2949//2949 3006//3006 2945//2945
f 3008//3008 2950//2950 2946//2946
f 3012//3012 2950//2950 3008//3008
f 3012//3012 2951//2951 2950//2950
f 2951//2951 3013//3013 2952//2952
f 3012//3012 3013//3013 2951//2951
f 2953//2953 3013//3013 3009//3009
f 2953//2953 2952//2952 3013//3013
f 2953//2953 3009//3009 2947//2947
f 3015//3015 3014//3014 2955//2955
f 2955//2955 3014//3014 2954//2954
f 3016//3016 2955//2955 2956//2956
f 3016//3016 3015//3015 2955//2955
f 3017//3017 2956//2956 2957//2957
f 3017//3017 3016//3016 2956//2956
f 2957//2957 2958//2958 3017//3017
f 3017//3017 2958//2958 3018//3018
f 3020//3020 3019//3019 2960//2960
f 2960//2960 3019//3019 2959//2959
f 3014//3014 2960//2960 2954//2954
f 3014//3014 3020//3020 2960//2960
f 3021//3021 2958//2958 2961//2961
f 3021//3021 3018//3018 2958//2958
f 2961//2961 2962//2962 3021//3021
f 3021//3021 2962//2962 3022//3022
f 3019//3019 3023//3023 2959//2959
f 2959//2959 3023//3023 2963//2963
f 2962//2962 2964//2964 3022//3022
f 3022//3022 2964//2964 3024//3024
f 3023//3023 3025//3025 2963//2963
f 2963//2963 3025//3025 2965//2965
f 2964//2964 2966//2966 3024//3024
f 3024//3024 2966//2966 3026//3026
f 3025//3025 2967//2967 2965//2965
f 3027//3027 2967//2967 3025//3025
f 2966//2966 2968//2968 3026//3026
f 2968//2968 3028//3028 3026//3026
f 3027//3027 2969//2969 2967//2967
f 3029//3029 2969//2969 3027//3027
f 2970//2970 3028//3028 2968//2968
f 2970//2970 3030//3030 3028//3028
f 3031//3031 2971//2971 2969//2969
f 3029//3029 3031//3031 2969//2969
f 2972//2972 3030//3030 2970//2970
f 2972//2972 3032//3032 3030//3030
f 3033//3033 2973//2973 3031//3031
f 3031//3031 2973//2973 2971//2971
f 2972//2972 2974//2974 3032//3032
f 3032//3032 2974//2974 3034//3034
f 3035//3035 2973//2973 3033//3033
f 3035//3035 2975//2975 2973//2973
f 2976//2976 3034//3034 2974//2974
f 2976//2976 3036//3036 3034//3034
f 3035//3035 2977//2977 2975//2975
f 3037//3037 2977//2977 3035//3035
f 2978//2978 3036//3036 2976//2976
f 2978//2978 3038//3038 3036//3036
f 3037//3037 2979//2979 2977//2977
f 3039//3039 2979//2979 3037//3037
f 2980//2980 3038//3038 2978//2978
f 2980//2980 3040//3040 3038//3038
f 3039//3039 2981//2981 2979//2979
f 3041//3041 2981//2981 3039//3039
f 2980//2980 2982//2982 3040//3040
f 3040//3040 2982//2982 3042//3042
f 3041//3041 2983//2983 2981//2981
f 3043//3043 2983//2983 3041//3041
f 2984//2984 3042//3042 2982//2982
f 2984//2984 3044//3044 3042//3042
f 3043//3043 2985//2985 2983//2983
f 3045//3045 2985//2985 3043//3043
f 2986//2986 3044//3044 2984//2984
f 2986//2986 3046//3046 3044//3044
f 3045//3045 2987//2987 2985//2985
f 3047//3047 2987//2987 3045//3045
f 2988//2988 3046//3046 2986//2986
f 2988//2988 3048//3048 3046//3046
f 3047//3047 2989//2989 2987//2987
f 3049//3049 2989//2989 3047//3047
f 2990//2990 3048//3048 2988//2988
f 2990//2990 3050//3050 3048//3048
f 3049//3049 2991//2991 2989//2989
f 3051//3051 2991//2991 3049//3049
f 3050//3050 2992//2992 3052//3052
f 3050//3050 2990//2990 2992//2992
f 3051//3051 2993//2993 2991//2991
f 3053//3053 2993//2993 3051//3051
f 3054//3054 3052//3052 2994//2994
f 2994//2994 3052//3052 2992//2992
f 2995//2995 3053//3053 3055//3055
f 2995//2995 2993//2993 3053//3053
f 2996//2996 3054//3054 2994//2994
f 2996//2996 3056//3056 3054//3054
f 3055//3055 2997//2997 2995//2995
f 3057//3057 2997//2997 3055//3055
f 3056//3056 2998//2998 3058//3058
f 3056//3056 2996//2996 2998//2998
f 3057//3057 2999//2999 2997//2997
f 3059//3059 2999//2999 3057//3057
f 3060//3060 3058//3058 3000//3000
f 3000//3000 3058//3058 2998//2998
f 3001//3001 3059//3059 3061//3061
f 3001//3001 2999//2999 3059//3059
f 3000//3000 3002//3002 3060//3060
f 3060//3060 3002//3002 3062//3062
f 3061//3061 3003//3003 3001//3001
f 3063//3063 3003//3003 3061//3061
f 3002//3002 3004//3004 3062//3062
f 3062//3062 3004//3004 3064//3064
f 3063//3063 3065//3065 3003//3003
f 3003//3003 3065//3065 3005//3005
f 3067//3067 3006//3006 3066//3066
f 3004//3004 3006//3006 3064//3064
f 3064//3064 3006//3006 3067//3067
f 3065//3065 3068//3068 3005//3005
f 3005//3005 3068//3068 3007//3007
f 3007//3007 3069//3069 3008//3008
f 3068//3068 3069//3069 3007//3007
f 3069//3069 3070//3070 3008//3008
f 3072//3072 3009//3009 3071//3071
f 3009//3009 3073//3073 3010//3010
f 3072//3072 3073//3073 3009//3009
f 3011//3011 3073//3073 3066//3066
f 3011//3011 3010//3010 3073//3073
f 3011//3011 3066//3066 3006//3006
f 3070//3070 3012//3012 3008//3008
f 3012//3012 3070//3070 3013//3013
f 3013//3013 3070//3070 3071//3071
f 3013//3013 3071//3071 3009//3009
f 3074//3074 3014//3014 3015//3015
f 3015//3015 3075//3075 3074//3074
f 3015//3015 3016//3016 3075//3075
f 3075//3075 3017//3017 3076//3076
f 3075//3075 3016//3016 3017//3017
f 3018//3018 3076//3076 3017//3017
f 3078//3078 3077//3077 3020//3020
f 3020//3020 3077//3077 3019//3019
f 3079//3079 3020//3020 3014//3014
f 3079//3079 3078//3078 3020//3020
f 3079//3079 3014//3014 3074//3074
f 3080//3080 3076//3076 3018//3018
f 3081//3081 3018//3018 3021//3021
f 3081//3081 3080//3080 3018//3018
f 3021//3021 3022//3022 3081//3081
f 3081//3081 3022//3022 3082//3082
f 3077//3077 3083//3083 3019//3019
f 3019//3019 3083//3083 3023//3023
f 3022//3022 3024//3024 3082//3082
f 3082//3082 3024//3024 3084//3084
f 3085//3085 3025//3025 3023//3023
f 3083//3083 3085//3085 3023//3023
f 3024//3024 3026//3026 3084//3084
f 3084//3084 3026//3026 3086//3086
f 3087//3087 3025//3025 3085//3085
f 3087//3087 3027//3027 3025//3025
f 3026//3026 3028//3028 3086//3086
f 3086//3086 3028//3028 3088//3088
f 3087//3087 3029//3029 3027//3027
f 3089//3089 3029//3029 3087//3087
f 3030//3030 3088//3088 3028//3028
f 3030//3030 3090//3090 3088//3088
f 3089//3089 3031//3031 3029//3029
f 3091//3091 3031//3031 3089//3089
f 3032//3032 3090//3090 3030//3030
f 3032//3032 3092//3092 3090//3090
f 3091//3091 3033//3033 3031//3031
f 3093//3093 3033//3033 3091//3091
f 3032//3032 3034//3034 3092//3092
f 3092//3092 3034//3034 3094//3094
f 3095//3095 3035//3035 3033//3033
f 3093//3093 3095//3095 3033//3033
f 3036//3036 3094//3094 3034//3034
f 3036//3036 3096//3096 3094//3094
f 3097//3097 3037//3037 3095//3095
f 3095//3095 3037//3037 3035//3035
f 3038//3038 3096//3096 3036//3036
f 3038//3038 3098//3098 3096//3096
f 3099//3099 3039//3039 3097//3097
f 3097//3097 3039//3039 3037//3037
f 3040//3040 3098//3098 3038//3038
f 3040//3040 3100//3100 3098//3098
f 3101//3101 3041//3041 3099//3099
f 3099//3099 3041//3041 3039//3039
f 3040//3040 3042//3042 3100//3100
f 3100//3100 3042//3042 3102//3102
f 3103//3103 3043//3043 3101//3101
f 3101//3101 3043//3043 3041//3041
f 3044//3044 3102//3102 3042//3042
f 3044//3044 3104//3104 3102//3102
f 3105//3105 3045//3045 3103//3103
f 3103//3103 3045//3045 3043//3043
f 3046//3046 3104//3104 3044//3044
f 3046//3046 3106//3106 3104//3104
f 3107//3107 3045//3045 3105//3105
f 3107//3107 3047//3047 3045//3045
f 3048//3048 3106//3106 3046//3046
f 3048//3048 3108//3108 3106//3106
f 3107//3107 3049//3049 3047//3047
f 3109//3109 3049//3049 3107//3107
f 3108//3108 3050//3050 3110//3110
f 3108//3108 3048//3048 3050//3050
f 3109//3109 3051//3051 3049//3049
f 3111//3111 3051//3051 3109//3109
f 3112//3112 3110//3110 3052//3052
f 3052//3052 3110//3110 3050//3050
f 3111//3111 3053//3053 3051//3051
f 3113//3113 3053//3053 3111//3111
f 3054//3054 3112//3112 3052//3052
f 3054//3054 3114//3114 3112//3112
f 3113//3113 3115//3115 3053//3053
f 3053//3053 3115//3115 3055//3055
f 3056//3056 3114//3114 3054//3054
f 3056//3056 3116//3116 3114//3114
f 3115//3115 3057//3057 3055//3055
f 3117//3117 3057//3057 3115//3115
f 3056//3056 3058//3058 3116//3116
f 3116//3116 3058//3058 3118//3118
f 3117//3117 3059//3059 3057//3057
f 3119//3119 3059//3059 3117//3117
f 3060//3060 3118//3118 3058//3058
f 3060//3060 3120//3120 3118//3118
f 3119//3119 3121//3121 3059//3059
f 3059//3059 3121//3121 3061//3061
f 3060//3060 3062//3062 3120//3120
f 3120//3120 3062//3062 3122//3122
f 3121//3121 3063//3063 3061//3061
f 3123//3123 3063//3063 3121//3121
f 3062//3062 3064//3064 3122//3122
f 3122//3122 3064//3064 3124//3124
f 3123//3123 3125//3125 3063//3063
f 3063//3063 3125//3125 3065//3065
f 3125//3125 3126//3126 3065//3065
f 3066//3066 3128//3128 3067//3067
f 3127//3127 3128//3128 3066//3066
f 3064//3064 3067//3067 3124//3124
f 3124//3124 3067//3067 3128//3128
f 3126//3126 3068//3068 3065//3065
f 3129//3129 3068//3068 3126//3126
f 3129//3129 3069//3069 3068//3068
f 3069//3069 3130//3130 3070//3070
f 3129//3129 3130//3130 3069//3069
f 3070//3070 3131//3131 3071//3071
f 3130//3130 3131//3131 3070//3070
f 3071//3071 3132//3132 3072//3072
f 3131//3131 3132//3132 3071//3071
f 3072//3072 3133//3133 3073//3073
f 3132//3132 3133//3133 3072//3072
f 3066//3066 3073//3073 3127//3127
f 3127//3127 3073//3073 3133//3133
f 3134//3134 3074//3074 3075//3075
f 3076//3076 3134//3134 3075//3075
f 3136//3136 3135//3135 3078//3078
f 3078//3078 3135//3135 3077//3077
f 3137//3137 3078//3078 3079//3079
f 3137//3137 3136//3136 3078//3078
f 3138//3138 3079//3079 3074//3074
f 3138//3138 3137//3137 3079//3079
f 3138//3138 3074//3074 3134//3134
f 3139//3139 3134//3134 3076//3076
f 3140//3140 3076//3076 3080//3080
f 3140//3140 3139//3139 3076//3076
f 3141//3141 3080//3080 3081//3081
f 3141//3141 3140//3140 3080//3080
f 3081//3081 3082//3082 3141//3141
f 3141//3141 3082//3082 3142//3142
f 3135//3135 3143//3143 3077//3077
f 3077//3077 3143//3143 3083//3083
f 3082//3082 3084//3084 3142//3142
f 3142//3142 3084//3084 3144//3144
f 3143//3143 3085//3085 3083//3083
f 3145//3145 3085//3085 3143//3143
f 3084//3084 3086//3086 3144//3144
f 3144//3144 3086//3086 3146//3146
f 3145//3145 3147//3147 3085//3085
f 3085//3085 3147//3147 3087//3087
f 3086//3086 3088//3088 3146//3146
f 3146//3146 3088//3088 3148//3148
f 3147//3147 3089//3089 3087//3087
f 3149//3149 3089//3089 3147//3147
f 3090//3090 3148//3148 3088//3088
f 3090//3090 3150//3150 3148//3148
f 3149//3149 3091//3091 3089//3089
f 3151//3151 3091//3091 3149//3149
f 3092//3092 3150//3150 3090//3090
f 3092//3092 3152//3152 3150//3150
f 3151//3151 3093//3093 3091//3091
f 3153//3153 3093//3093 3151//3151
f 3092//3092 3094//3094 3152//3152
f 3152//3152 3094//3094 3154//3154
f 3153//3153 3095//3095 3093//3093
f 3155//3155 3095//3095 3153//3153
f 3096//3096 3154//3154 3094//3094
f 3096//3096 3156//3156 3154//3154
f 3155//3155 3097//3097 3095//3095
f 3157//3157 3097//3097 3155//3155
f 3098//3098 3156//3156 3096//3096
f 3098//3098 3158//3158 3156//3156
f 3157//3157 3099//3099 3097//3097
f 3159//3159 3099//3099 3157//3157
f 3100//3100 3158//3158 3098//3098
f 3100//3100 3160//3160 3158//3158
f 3159//3159 3101//3101 3099//3099
f 3161//3161 3101//3101 3159//3159
f 3160//3160 3100//3100 3162//3162
f 3102//3102 3162//3162 3100//3100
f 3161//3161 3103//3103 3101//3101
f 3163//3163 3103//3103 3161//3161
f 3102//3102 3164//3164 3162//3162
f 3102//3102 3104//3104 3164//3164
f 3163//3163 3105//3105 3103//3103
f 3165//3165 3105//3105 3163//3163
f 3106//3106 3164//3164 3104//3104
f 3106//3106 3166//3166 3164//3164
f 3167//3167 3107//3107 3105//3105
f 3165//3165 3167//3167 3105//3105
f 3166//3166 3108//3108 3168//3168
f 3166//3166 3106//3106 3108//3108
f 3169//3169 3107//3107 3167//3167
f 3169//3169 3109//3109 3107//3107
f 3170//3170 3168//3168 3110//3110
f 3110//3110 3168//3168 3108//3108
f 3169//3169 3111//3111 3109//3109
f 3171//3171 3111//3111 3169//3169
f 3112//3112 3170//3170 3110//3110
f 3112//3112 3172//3172 3170//3170
f 3113//3113 3171//3171 3173//3173
f 3113//3113 3111//3111 3171//3171
f 3114//3114 3172//3172 3112//3112
f 3114//3114 3174//3174 3172//3172
f 3173//3173 3115//3115 3113//3113
f 3175//3175 3115//3115 3173//3173
f 3116//3116 3174//3174 3114//3114
f 3116//3116 3176//3176 3174//3174
f 3175//3175 3117//3117 3115//3115
f 3177//3177 3117//3117 3175//3175
f 3116//3116 3118//3118 3176//3176
f 3176//3176 3118//3118 3178//3178
f 3177//3177 3119//3119 3117//3117
f 3179//3179 3119//3119 3177//3177
f 3178//3178 3120//3120 3180//3180
f 3178//3178 3118//3118 3120//3120
f 3179//3179 3181//3181 3119//3119
f 3119//3119 3181//3181 3121//3121
f 3182//3182 3180//3180 3122//3122
f 3122//3122 3180//3180 3120//3120
f 3123//3123 3181//3181 3183//3183
f 3123//3123 3121//3121 3181//3181
f 3185//3185 3124//3124 3184//3184
f 3122//3122 3124//3124 3182//3182
f 3182//3182 3124//3124 3185//3185
f 3183//3183 3125//3125 3123//3123
f 3186//3186 3125//3125 3183//3183
f 3186//3186 3126//3126 3125//3125
f 3186//3186 3187//3187 3126//3126
f 3190//3190 3127//3127 3189//3189
f 3128//3128 3190//3190 3184//3184
f 3128//3128 3127//3127 3190//3190
f 3128//3128 3184//3184 3124//3124
f 3187//3187 3129//3129 3126//3126
f 3191//3191 3129//3129 3187//3187
f 3191//3191 3130//3130 3129//3129
f 3130//3130 3192//3192 3131//3131
f 3191//3191 3192//3192 3130//3130
f 3132//3132 3192//3192 3188//3188
f 3132//3132 3131//3131 3192//3192
f 3132//3132 3188//3188 3133//3133
f 3133//3133 3188//3188 3189//3189
f 3133//3133 3189//3189 3127//3127
f 3193//3193 3135//3135 3136//3136
f 3136//3136 3194//3194 3193//3193
f 3136//3136 3137//3137 3194//3194
f 3195//3195 3137//3137 3138//3138
f 3195//3195 3194//3194 3137//3137
f 3196//3196 3138//3138 3134//3134
f 3196//3196 3195//3195 3138//3138
f 3197//3197 3134//3134 3139//3139
f 3197//3197 3196//3196 3134//3134
f 3198//3198 3139//3139 3140//3140
f 3198//3198 3197//3197 3139//3139
f 3199//3199 3140//3140 3141//3141
f 3199//3199 3198//3198 3140//3140
f 3141//3141 3142//3142 3199//3199
f 3199//3199 3142//3142 3200//3200
f 3202//3202 3201//3201 3135//3135
f 3135//3135 3201//3201 3143//3143
f 3202//3202 3135//3135 3193//3193
f 3142//3142 3144//3144 3200//3200
f 3200//3200 3144//3144 3203//3203
f 3201//3201 3145//3145 3143//3143
f 3204//3204 3145//3145 3201//3201
f 3144//3144 3146//3146 3203//3203
f 3203//3203 3146//3146 3205//3205
f 3204//3204 3206//3206 3145//3145
f 3145//3145 3206//3206 3147//3147
f 3146//3146 3148//3148 3205//3205
f 3205//3205 3148//3148 3207//3207
f 3206//3206 3149//3149 3147//3147
f 3208//3208 3149//3149 3206//3206
f 3150//3150 3207//3207 3148//3148
f 3150//3150 3209//3209 3207//3207
f 3208//3208 3151//3151 3149//3149
f 3210//3210 3151//3151 3208//3208
f 3152//3152 3209//3209 3150//3150
f 3152//3152 3211//3211 3209//3209
f 3210//3210 3153//3153 3151//3151
f 3212//3212 3153//3153 3210//3210
f 3152//3152 3154//3154 3211//3211
f 3211//3211 3154//3154 3213//3213
f 3212//3212 3155//3155 3153//3153
f 3214//3214 3155//3155 3212//3212
f 3156//3156 3213//3213 3154//3154
f 3156//3156 3215//3215 3213//3213
f 3214//3214 3157//3157 3155//3155
f 3216//3216 3157//3157 3214//3214
f 3158//3158 3215//3215 3156//3156
f 3158//3158 3217//3217 3215//3215
f 3216//3216 3159//3159 3157//3157
f 3218//3218 3159//3159 3216//3216
f 3160//3160 3217//3217 3158//3158
f 3160//3160 3219//3219 3217//3217
f 3218//3218 3161//3161 3159//3159
f 3220//3220 3161//3161 3218//3218
f 3162//3162 3219//3219 3160//3160
f 3162//3162 3221//3221 3219//3219
f 3220//3220 3163//3163 3161//3161
f 3222//3222 3163//3163 3220//3220
f 3221//3221 3162//3162 3223//3223
f 3164//3164 3223//3223 3162//3162
f 3222//3222 3165//3165 3163//3163
f 3224//3224 3165//3165 3222//3222
f 3166//3166 3225//3225 3164//3164
f 3164//3164 3225//3225 3223//3223
f 3224//3224 3167//3167 3165//3165
f 3226//3226 3167//3167 3224//3224
f 3227//3227 3225//3225 3168//3168
f 3168//3168 3225//3225 3166//3166
f 3226//3226 3228//3228 3167//3167
f 3167//3167 3228//3228 3169//3169
f 3170//3170 3227//3227 3168//3168
f 3170//3170 3229//3229 3227//3227
f 3228//3228 3171//3171 3169//3169
f 3230//3230 3171//3171 3228//3228
f 3172//3172 3229//3229 3170//3170
f 3172//3172 3231//3231 3229//3229
f 3230//3230 3232//3232 3171//3171
f 3171//3171 3232//3232 3173//3173
f 3174//3174 3231//3231 3172//3172
f 3174//3174 3233//3233 3231//3231
f 3232//3232 3175//3175 3173//3173
f 3234//3234 3175//3175 3232//3232
f 3233//3233 3176//3176 3235//3235
f 3233//3233 3174//3174 3176//3176
f 3234//3234 3177//3177 3175//3175
f 3236//3236 3177//3177 3234//3234
f 3237//3237 3235//3235 3178//3178
f 3178//3178 3235//3235 3176//3176
f 3179//3179 3236//3236 3238//3238
f 3179//3179 3177//3177 3236//3236
f 3178//3178 3180//3180 3237//3237
f 3237//3237 3180//3180 3239//3239
f 3238//3238 3181//3181 3179//3179
f 3240//3240 3181//3181 3238//3238
f 3239//3239 3182//3182 3241//3241
f 3239//3239 3180//3180 3182//3182
f 3240//3240 3242//3242 3181//3181
f 3181//3181 3242//3242 3183//3183
f 3244//3244 3184//3184 3243//3243
f 3185//3185 3244//3244 3241//3241
f 3185//3185 3184//3184 3244//3244
f 3185//3185 3241//3241 3182//3182
f 3242//3242 3245//3245 3183//3183
f 3183//3183 3245//3245 3186//3186
f 3186//3186 3246//3246 3187//3187
f 3245//3245 3246//3246 3186//3186
f 3246//3246 3247//3247 3187//3187
f 3249//3249 3188//3188 3248//3248
f 3188//3188 3250//3250 3189//3189
f 3249//3249 3250//3250 3188//3188
f 3190//3190 3250//3250 3243//3243
f 3190//3190 3189//3189 3250//3250
f 3190//3190 3243//3243 3184//3184
f 3247//3247 3191//3191 3187//3187
f 3191//3191 3247//3247 3192//3192
f 3192//3192 3247//3247 3248//3248
f 3192//3192 3248//3248 3188//3188
f 3252//3252 3251//3251 3194//3194
f 3194//3194 3251//3251 3193//3193
f 3253//3253 3194//3194 3195//3195
f 3253//3253 3252//3252 3194//3194
f 3254//3254 3195//3195 3196//3196
f 3254//3254 3253//3253 3195//3195
f 3255//3255 3196//3196 3197//3197
f 3255//3255 3254//3254 3196//3196
f 3256//3256 3197//3197 3198//3198
f 3256//3256 3255//3255 3197//3197
f 3257//3257 3198//3198 3199//3199
f 3257//3257 3256//3256 3198//3198
f 3199//3199 3200//3200 3257//3257
f 3257//3257 3200//3200 3258//3258
f 3260//3260 3259//3259 3202//3202
f 3202//3202 3259//3259 3201//3201
f 3251//3251 3202//3202 3193//3193
f 3251//3251 3260//3260 3202//3202
f 3200//3200 3203//3203 3258//3258
f 3258//3258 3203//3203 3261//3261
f 3259//3259 3204//3204 3201//3201
f 3262//3262 3204//3204 3259//3259
f 3203//3203 3205//3205 3261//3261
f 3261//3261 3205//3205 3263//3263
f 3262//3262 3264//3264 3204//3204
f 3204//3204 3264//3264 3206//3206
f 3205//3205 3207//3207 3263//3263
f 3263//3263 3207//3207 3265//3265
f 3264//3264 3208//3208 3206//3206
f 3266//3266 3208//3208 3264//3264
f 3209//3209 3265//3265 3207//3207
f 3209//3209 3267//3267 3265//3265
f 3266//3266 3210//3210 3208//3208
f 3268//3268 3210//3210 3266//3266
f 3211//3211 3267//3267 3209//3209
f 3211//3211 3269//3269 3267//3267
f 3268//3268 3212//3212 3210//3210
f 3270//3270 3212//3212 3268//3268
f 3211//3211 3213//3213 3269//3269
f 3269//3269 3213//3213 3271//3271
f 3270//3270 3214//3214 3212//3212
f 3272//3272 3214//3214 3270//3270
f 3215//3215 3271//3271 3213//3213
f 3215//3215 3273//3273 3271//3271
f 3272//3272 3216//3216 3214//3214
f 3274//3274 3216//3216 3272//3272
f 3217//3217 3273//3273 3215//3215
f 3217//3217 3275//3275 3273//3273
f 3274//3274 3218//3218 3216//3216
f 3276//3276 3218//3218 3274//3274
f 3219//3219 3275//3275 3217//3217
f 3219//3219 3277//3277 3275//3275
f 3276//3276 3220//3220 3218//3218
f 3278//3278 3220//3220 3276//3276
f 3221//3221 3277//3277 3219//3219
f 3221//3221 3279//3279 3277//3277
f 3278//3278 3222//3222 3220//3220
f 3280//3280 3222//3222 3278//3278
f 3223//3223 3279//3279 3221//3221
f 3223//3223 3281//3281 3279//3279
f 3280//3280 3224//3224 3222//3222
f 3282//3282 3224//3224 3280//3280
f 3225//3225 3281//3281 3223//3223
f 3225//3225 3283//3283 3281//3281
f 3282//3282 3226//3226 3224//3224
f 3284//3284 3226//3226 3282//3282
f 3227//3227 3283//3283 3225//3225
f 3227//3227 3285//3285 3283//3283
f 3286//3286 3228//3228 3226//3226
f 3284//3284 3286//3286 3226//3226
f 3229//3229 3285//3285 3227//3227
f 3229//3229 3287//3287 3285//3285
f 3288//3288 3230//3230 3286//3286
f 3286//3286 3230//3230 3228//3228
f 3231//3231 3287//3287 3229//3229
f 3231//3231 3289//3289 3287//3287
f 3288//3288 3232//3232 3230//3230
f 3290//3290 3232//3232 3288//3288
f 3233//3233 3289//3289 3231//3231
f 3233//3233 3291//3291 3289//3289
f 3290//3290 3234//3234 3232//3232
f 3292//3292 3234//3234 3290//3290
f 3233//3233 3235//3235 3291//3291
f 3291//3291 3235//3235 3293//3293
f 3292//3292 3236//3236 3234//3234
f 3294//3294 3236//3236 3292//3292
f 3237//3237 3293//3293 3235//3235
f 3237//3237 3295//3295 3293//3293
f 3294//3294 3296//3296 3236//3236
f 3236//3236 3296//3296 3238//3238
f 3237//3237 3239//3239 3295//3295
f 3295//3295 3239//3239 3297//3297
f 3240//3240 3296//3296 3298//3298
f 3240//3240 3238//3238 3296//3296
f 3239//3239 3241//3241 3297//3297
f 3297//3297 3241//3241 3299//3299
f 3298//3298 3242//3242 3240//3240
f 3298//3298 3300//3300 3242//3242
f 3243//3243 3302//3302 3244//3244
f 3301//3301 3302//3302 3243//3243
f 3241//3241 3244//3244 3299//3299
f 3299//3299 3244//3244 3302//3302
f 3300//3300 3245//3245 3242//3242
f 3303//3303 3245//3245 3300//3300
f 3303//3303 3246//3246 3245//3245
f 3246//3246 3304//3304 3247//3247
f 3303//3303 3304//3304 3246//3246
f 3247//3247 3305//3305 3248//3248
f 3304//3304 3305//3305 3247//3247
f 3248//3248 3306//3306 3249//3249
f 3305//3305 3306//3306 3248//3248
f 3249//3249 3307//3307 3250//3250
f 3306//3306 3307//3307 3249//3249
f 3243//3243 3250//3250 3301//3301
f 3301//3301 3250//3250 3307//3307
f 3309//3309 3308//3308 3252//3252
f 3252//3252 3308//3308 3251//3251
f 3310//3310 3252//3252 3253//3253
f 3310//3310 3309//3309 3252//3252
f 3311//3311 3253//3253 3254//3254
f 3311//3311 3310//3310 3253//3253
f 3312//3312 3254//3254 3255//3255
f 3312//3312 3311//3311 3254//3254
f 3313//3313 3255//3255 3256//3256
f 3313//3313 3312//3312 3255//3255
f 3314//3314 3256//3256 3257//3257
f 3314//3314 3313//3313 3256//3256
f 3257//3257 3258//3258 3314//3314
f 3314//3314 3258//3258 3315//3315
f 3316//3316 3259//3259 3260//3260
f 3260//3260 3308//3308 3316//3316
f 3260//3260 3251//3251 3308//3308
f 3258//3258 3261//3261 3315//3315
f 3315//3315 3261//3261 3317//3317
f 3318//3318 3259//3259 3316//3316
f 3318//3318 3262//3262 3259//3259
f 3261//3261 3263//3263 3317//3317
f 3317//3317 3263//3263 3319//3319
f 3318//3318 3320//3320 3262//3262
f 3262//3262 3320//3320 3264//3264
f 3319//3319 3263//3263 3321//3321
f 3265//3265 3321//3321 3263//3263
f 3320//3320 3266//3266 3264//3264
f 3322//3322 3266//3266 3320//3320
f 3265//3265 3323//3323 3321//3321
f 3265//3265 3267//3267 3323//3323
f 3322//3322 3268//3268 3266//3266
f 3324//3324 3268//3268 3322//3322
f 3269//3269 3323//3323 3267//3267
f 3269//3269 3325//3325 3323//3323
f 3324//3324 3270//3270 3268//3268
f 3326//3326 3270//3270 3324//3324
f 3269//3269 3271//3271 3325//3325
f 3325//3325 3271//3271 3327//3327
f 3326//3326 3272//3272 3270//3270
f 3328//3328 3272//3272 3326//3326
f 3273//3273 3327//3327 3271//3271
f 3273//3273 3329//3329 3327//3327
f 3328//3328 3274//3274 3272//3272
f 3330//3330 3274//3274 3328//3328
f 3275//3275 3329//3329 3273//3273
f 3275//3275 3331//3331 3329//3329
f 3330//3330 3276//3276 3274//3274
f 3332//3332 3276//3276 3330//3330
f 3277//3277 3331//3331 3275//3275
f 3277//3277 3333//3333 3331//3331
f 3332//3332 3278//3278 3276//3276
f 3334//3334 3278//3278 3332//3332
f 3279//3279 3333//3333 3277//3277
f 3279//3279 3335//3335 3333//3333
f 3334//3334 3280//3280 3278//3278
f 3336//3336 3280//3280 3334//3334
f 3281//3281 3335//3335 3279//3279
f 3281//3281 3337//3337 3335//3335
f 3336//3336 3282//3282 3280//3280
f 3338//3338 3282//3282 3336//3336
f 3283//3283 3337//3337 3281//3281
f 3283//3283 3339//3339 3337//3337
f 3338//3338 3284//3284 3282//3282
f 3340//3340 3284//3284 3338//3338
f 3285//3285 3339//3339 3283//3283
f 3285//3285 3341//3341 3339//3339
f 3340//3340 3286//3286 3284//3284
f 3342//3342 3286//3286 3340//3340
f 3287//3287 3341//3341 3285//3285
f 3287//3287 3343//3343 3341//3341
f 3342//3342 3288//3288 3286//3286
f 3344//3344 3288//3288 3342//3342
f 3289//3289 3343//3343 3287//3287
f 3289//3289 3345//3345 3343//3343
f 3344//3344 3290//3290 3288//3288
f 3346//3346 3290//3290 3344//3344
f 3345//3345 3291//3291 3347//3347
f 3345//3345 3289//3289 3291//3291
f 3346//3346 3292//3292 3290//3290
f 3348//3348 3292//3292 3346//3346
f 3349//3349 3347//3347 3293//3293
f 3293//3293 3347//3347 3291//3291
f 3294//3294 3348//3348 3350//3350
f 3294//3294 3292//3292 3348//3348
f 3349//3349 3295//3295 3351//3351
f 3349//3349 3293//3293 3295//3295
f 3350//3350 3296//3296 3294//3294
f 3352//3352 3296//3296 3350//3350
f 3297//3297 3353//3353 3351//3351
f 3297//3297 3351//3351 3295//3295
f 3352//3352 3354//3354 3296//3296
f 3296//3296 3354//3354 3298//3298
f 3299//3299 3355//3355 3353//3353
f 3299//3299 3353//3353 3297//3297
f 3354//3354 3356//3356 3298//3298
f 3298//3298 3356//3356 3300//3300
f 3356//3356 3357//3357 3300//3300
f 3360//3360 3301//3301 3359//3359
f 3302//3302 3360//3360 3355//3355
f 3302//3302 3301//3301 3360//3360
f 3302//3302 3355//3355 3299//3299
f 3357//3357 3303//3303 3300//3300
f 3361//3361 3303//3303 3357//3357
f 3361//3361 3304//3304 3303//3303
f 3304//3304 3362//3362 3305//3305
f 3361//3361 3362//3362 3304//3304
f 3306//3306 3362//3362 3358//3358
f 3306//3306 3305//3305 3362//3362
f 3306//3306 3358//3358 3307//3307
f 3307//3307 3358//3358 3359//3359
f 3307//3307 3359//3359 3301//3301
f 3364//3364 3363//3363 3309//3309
f 3309//3309 3363//3363 3308//3308
f 3365//3365 3309//3309 3310//3310
f 3365//3365 3364//3364 3309//3309
f 3366//3366 3310//3310 3311//3311
f 3366//3366 3365//3365 3310//3310
f 3367//3367 3311//3311 3312//3312
f 3367//3367 3366//3366 3311//3311
f 3368//3368 3312//3312 3313//3313
f 3368//3368 3367//3367 3312//3312
f 3369//3369 3313//3313 3314//3314
f 3369//3369 3368//3368 3313//3313
f 3314//3314 3315//3315 3369//3369
f 3369//3369 3315//3315 3370//3370
f 3363//3363 3371//3371 3308//3308
f 3308//3308 3371//3371 3316//3316
f 3315//3315 3317//3317 3370//3370
f 3370//3370 3317//3317 3372//3372
f 3371//3371 3373//3373 3316//3316
f 3316//3316 3373//3373 3318//3318
f 3317//3317 3319//3319 3372//3372
f 3372//3372 3319//3319 3374//3374
f 3375//3375 3320//3320 3318//3318
f 3373//3373 3375//3375 3318//3318
f 3321//3321 3374//3374 3319//3319
f 3321//3321 3376//3376 3374//3374
f 3377//3377 3320//3320 3375//3375
f 3377//3377 3322//3322 3320//3320
f 3321//3321 3323//3323 3376//3376
f 3376//3376 3323//3323 3378//3378
f 3377//3377 3324//3324 3322//3322
f 3379//3379 3324//3324 3377//3377
f 3325//3325 3378//3378 3323//3323
f 3325//3325 3380//3380 3378//3378
f 3379//3379 3326//3326 3324//3324
f 3381//3381 3326//3326 3379//3379
f 3380//3380 3325//3325 3382//3382
f 3327//3327 3382//3382 3325//3325
f 3381//3381 3328//3328 3326//3326
f 3383//3383 3328//3328 3381//3381
f 3327//3327 3384//3384 3382//3382
f 3327//3327 3329//3329 3384//3384
f 3383//3383 3330//3330 3328//3328
f 3385//3385 3330//3330 3383//3383
f 3331//3331 3384//3384 3329//3329
f 3331//3331 3386//3386 3384//3384
f 3385//3385 3332//3332 3330//3330
f 3387//3387 3332//3332 3385//3385
f 3333//3333 3386//3386 3331//3331
f 3333//3333 3388//3388 3386//3386
f 3387//3387 3334//3334 3332//3332
f 3389//3389 3334//3334 3387//3387
f 3335//3335 3388//3388 3333//3333
f 3335//3335 3390//3390 3388//3388
f 3389//3389 3336//3336 3334//3334
f 3391//3391 3336//3336 3389//3389
f 3337//3337 3390//3390 3335//3335
f 3337//3337 3392//3392 3390//3390
f 3391//3391 3338//3338 3336//3336
f 3393//3393 3338//3338 3391//3391
f 3339//3339 3392//3392 3337//3337
f 3339//3339 3394//3394 3392//3392
f 3393//3393 3340//3340 3338//3338
f 3395//3395 3340//3340 3393//3393
f 3341//3341 3394//3394 3339//3339
f 3341//3341 3396//3396 3394//3394
f 3395//3395 3342//3342 3340//3340
f 3397//3397 3342//3342 3395//3395
f 3343//3343 3396//3396 3341//3341
f 3343//3343 3398//3398 3396//3396
f 3397//3397 3344//3344 3342//3342
f 3399//3399 3344//3344 3397//3397
f 3398//3398 3345//3345 3400//3400
f 3398//3398 3343//3343 3345//3345
f 3399//3399 3346//3346 3344//3344
f 3401//3401 3346//3346 3399//3399
f 3402//3402 3400//3400 3347//3347
f 3347//3347 3400//3400 3345//3345
f 3401//3401 3348//3348 3346//3346
f 3403//3403 3348//3348 3401//3401
f 3349//3349 3402//3402 3347//3347
f 3349//3349 3404//3404 3402//3402
f 3403//3403 3405//3405 3348//3348
f 3348//3348 3405//3405 3350//3350
f 3349//3349 3351//3351 3404//3404
f 3404//3404 3351//3351 3406//3406
f 3352//3352 3405//3405 3407//3407
f 3352//3352 3350//3350 3405//3405
f 3351//3351 3353//3353 3406//3406
f 3406//3406 3353//3353 3408//3408
f 3407//3407 3354//3354 3352//3352
f 3407//3407 3409//3409 3354//3354
f 3411//3411 3355//3355 3410//3410
f 3353//3353 3355//3355 3408//3408
f 3408//3408 3355//3355 3411//3411
f 3409//3409 3356//3356 3354//3354
f 3412//3412 3356//3356 3409//3409
f 3412//3412 3357//3357 3356//3356
f 3412//3412 3413//3413 3357//3357
f 3415//3415 3358//3358 3414//3414
f 3358//3358 3416//3416 3359//3359
f 3415//3415 3416//3416 3358//3358
f 3360//3360 3416//3416 3410//3410
f 3360//3360 3359//3359 3416//3416
f 3360//3360 3410//3410 3355//3355
f 3413//3413 3361//3361 3357//3357
f 3361//3361 3413//3413 3362//3362
f 3362//3362 3413//3413 3414//3414
f 3362//3362 3414//3414 3358//3358
f 3417//3417 3363//3363 3364//3364
f 3364//3364 3418//3418 3417//3417
f 3364//3364 3365//3365 3418//3418
f 3419//3419 3365//3365 3366//3366
f 3419//3419 3418//3418 3365//3365
f 3420//3420 3366//3366 3367//3367
f 3420//3420 3419//3419 3366//3366
f 3421//3421 3367//3367 3368//3368
f 3421//3421 3420//3420 3367//3367
f 3421//3421 3369//3369 3422//3422
f 3421//3421 3368//3368 3369//3369
f 3370//3370 3422//3422 3369//3369
f 3424//3424 3423//3423 3363//3363
f 3363//3363 3423//3423 3371//3371
f 3424//3424 3363//3363 3417//3417
f 3425//3425 3422//3422 3370//3370
f 3370//3370 3372//3372 3425//3425
f 3425//3425 3372//3372 3426//3426
f 3423//3423 3427//3427 3371//3371
f 3371//3371 3427//3427 3373//3373
f 3372//3372 3374//3374 3426//3426
f 3426//3426 3374//3374 3428//3428
f 3427//3427 3375//3375 3373//3373
f 3429//3429 3375//3375 3427//3427
f 3376//3376 3428//3428 3374//3374
f 3376//3376 3430//3430 3428//3428
f 3429//3429 3431//3431 3375//3375
f 3375//3375 3431//3431 3377//3377
f 3376//3376 3378//3378 3430//3430
f 3430//3430 3378//3378 3432//3432
f 3431//3431 3379//3379 3377//3377
f 3433//3433 3379//3379 3431//3431
f 3380//3380 3432//3432 3378//3378
f 3380//3380 3434//3434 3432//3432
f 3433//3433 3381//3381 3379//3379
f 3435//3435 3381//3381 3433//3433
f 3382//3382 3434//3434 3380//3380
f 3382//3382 3436//3436 3434//3434
f 3435//3435 3383//3383 3381//3381
f 3437//3437 3383//3383 3435//3435
f 3382//3382 3384//3384 3436//3436
f 3436//3436 3384//3384 3438//3438
f 3437//3437 3385//3385 3383//3383
f 3439//3439 3385//3385 3437//3437
f 3386//3386 3438//3438 3384//3384
f 3386//3386 3440//3440 3438//3438
f 3439//3439 3387//3387 3385//3385
f 3441//3441 3387//3387 3439//3439
f 3388//3388 3440//3440 3386//3386
f 3388//3388 3442//3442 3440//3440
f 3441//3441 3389//3389 3387//3387
f 3443//3443 3389//3389 3441//3441
f 3390//3390 3442//3442 3388//3388
f 3390//3390 3444//3444 3442//3442
f 3443//3443 3391//3391 3389//3389
f 3445//3445 3391//3391 3443//3443
f 3392//3392 3444//3444 3390//3390
f 3392//3392 3446//3446 3444//3444
f 3445//3445 3393//3393 3391//3391
f 3447//3447 3393//3393 3445//3445
f 3394//3394 3446//3446 3392//3392
f 3394//3394 3448//3448 3446//3446
f 3447//3447 3395//3395 3393//3393
f 3449//3449 3395//3395 3447//3447
f 3396//3396 3448//3448 3394//3394
f 3396//3396 3450//3450 3448//3448
f 3449//3449 3397//3397 3395//3395
f 3451//3451 3397//3397 3449//3449
f 3450//3450 3398//3398 3452//3452
f 3450//3450 3396//3396 3398//3398
f 3451//3451 3399//3399 3397//3397
f 3453//3453 3399//3399 3451//3451
f 3454//3454 3452//3452 3400//3400
f 3400//3400 3452//3452 3398//3398
f 3453//3453 3401//3401 3399//3399
f 3455//3455 3401//3401 3453//3453
f 3402//3402 3454//3454 3400//3400
f 3402//3402 3456//3456 3454//3454
f 3403//3403 3455//3455 3457//3457
f 3403//3403 3401//3401 3455//3455
f 3456//3456 3404//3404 3458//3458
f 3456//3456 3402//3402 3404//3404
f 3457//3457 3405//3405 3403//3403
f 3459//3459 3405//3405 3457//3457
f 3406//3406 3460//3460 3458//3458
f 3406//3406 3458//3458 3404//3404
f 3459//3459 3461//3461 3405//3405
f 3405//3405 3461//3461 3407//3407
f 3408//3408 3462//3462 3460//3460
f 3408//3408 3460//3460 3406//3406
f 3461//3461 3463//3463 3407//3407
f 3407//3407 3463//3463 3409//3409
f 3463//3463 3464//3464 3409//3409
f 3466//3466 3410//3410 3465//3465
f 3411//3411 3466//3466 3462//3462
f 3411//3411 3410//3410 3466//3466
f 3411//3411 3462//3462 3408//3408
f 3464//3464 3412//3412 3409//3409
f 3467//3467 3412//3412 3464//3464
f 3467//3467 3413//3413 3412//3412
f 3413//3413 3468//3468 3414//3414
f 3467//3467 3468//3468 3413//3413
f 3414//3414 3469//3469 3415//3415
f 3468//3468 3469//3469 3414//3414
f 3416//3416 3469//3469 3465//3465
f 3416//3416 3415//3415 3469//3469
f 3416//3416 3465//3465 3410//3410
f 3471//3471 3470//3470 3418//3418
f 3418//3418 3470//3470 3417//3417
f 3472//3472 3418//3418 3419//3419
f 3472//3472 3471//3471 3418//3418
f 3473//3473 3419//3419 3420//3420
f 3473//3473 3472//3472 3419//3419
f 3474//3474 3420//3420 3421//3421
f 3474//3474 3473//3473 3420//3420
f 3421//3421 3422//3422 3474//3474
f 3474//3474 3422//3422 3475//3475
f 3477//3477 3476//3476 3424//3424
f 3424//3424 3476//3476 3423//3423
f 3470//3470 3424//3424 3417//3417
f 3470//3470 3477//3477 3424//3424
f 3478//3478 3422//3422 3425//3425
f 3478//3478 3475//3475 3422//3422
f 3425//3425 3426//3426 3478//3478
f 3478//3478 3426//3426 3479//3479
f 3476//3476 3480//3480 3423//3423
f 3423//3423 3480//3480 3427//3427
f 3426//3426 3428//3428 3479//3479
f 3479//3479 3428//3428 3481//3481
f 3480//3480 3429//3429 3427//3427
f 3482//3482 3429//3429 3480//3480
f 3430//3430 3481//3481 3428//3428
f 3430//3430 3483//3483 3481//3481
f 3482//3482 3484//3484 3429//3429
f 3429//3429 3484//3484 3431//3431
f 3430//3430 3432//3432 3483//3483
f 3483//3483 3432//3432 3485//3485
f 3484//3484 3433//3433 3431//3431
f 3486//3486 3433//3433 3484//3484
f 3434//3434 3485//3485 3432//3432
f 3434//3434 3487//3487 3485//3485
f 3486//3486 3435//3435 3433//3433
f 3488//3488 3435//3435 3486//3486
f 3436//3436 3487//3487 3434//3434
f 3436//3436 3489//3489 3487//3487
f 3488//3488 3437//3437 3435//3435
f 3490//3490 3437//3437 3488//3488
f 3489//3489 3436//3436 3491//3491
f 3438//3438 3491//3491 3436//3436
f 3490//3490 3439//3439 3437//3437
f 3492//3492 3439//3439 3490//3490
f 3438//3438 3493//3493 3491//3491
f 3438//3438 3440//3440 3493//3493
f 3492//3492 3441//3441 3439//3439
f 3494//3494 3441//3441 3492//3492
f 3442//3442 3493//3493 3440//3440
f 3442//3442 3495//3495 3493//3493
f 3494//3494 3443//3443 3441//3441
f 3496//3496 3443//3443 3494//3494
f 3444//3444 3495//3495 3442//3442
f 3444//3444 3497//3497 3495//3495
f 3496//3496 3445//3445 3443//3443
f 3498//3498 3445//3445 3496//3496
f 3446//3446 3497//3497 3444//3444
f 3446//3446 3499//3499 3497//3497
f 3498//3498 3447//3447 3445//3445
f 3500//3500 3447//3447 3498//3498
f 3448//3448 3499//3499 3446//3446
f 3448//3448 3501//3501 3499//3499
f 3500//3500 3449//3449 3447//3447
f 3502//3502 3449//3449 3500//3500
f 3501//3501 3450//3450 3503//3503
f 3501//3501 3448//3448 3450//3450
f 3502//3502 3451//3451 3449//3449
f 3504//3504 3451//3451 3502//3502
f 3505//3505 3503//3503 3452//3452
f 3452//3452 3503//3503 3450//3450
f 3504//3504 3453//3453 3451//3451
f 3506//3506 3453//3453 3504//3504
f 3454//3454 3505//3505 3452//3452
f 3454//3454 3507//3507 3505//3505
f 3455//3455 3506//3506 3508//3508
f 3455//3455 3453//3453 3506//3506
f 3507//3507 3456//3456 3509//3509
f 3507//3507 3454//3454 3456//3456
f 3508//3508 3457//3457 3455//3455
f 3510//3510 3457//3457 3508//3508
f 3511//3511 3509//3509 3458//3458
f 3458//3458 3509//3509 3456//3456
f 3459//3459 3510//3510 3512//3512
f 3459//3459 3457//3457 3510//3510
f 3458//3458 3460//3460 3511//3511
f 3511//3511 3460//3460 3513//3513
f 3512//3512 3461//3461 3459//3459
f 3512//3512 3514//3514 3461//3461
f 3516//3516 3462//3462 3515//3515
f 3460//3460 3462//3462 3513//3513
f 3513//3513 3462//3462 3516//3516
f 3514//3514 3463//3463 3461//3461
f 3517//3517 3463//3463 3514//3514
f 3517//3517 3464//3464 3463//3463
f 3517//3517 3518//3518 3464//3464
f 3521//3521 3465//3465 3520//3520
f 3466//3466 3521//3521 3515//3515
f 3466//3466 3465//3465 3521//3521
f 3466//3466 3515//3515 3462//3462
f 3518//3518 3467//3467 3464//3464
f 3467//3467 3518//3518 3468//3468
f 3468//3468 3518//3518 3519//3519
f 3468//3468 3519//3519 3469//3469
f 3469//3469 3519//3519 3520//3520
f 3469//3469 3520//3520 3465//3465
f 3522//3522 3470//3470 3471//3471
f 3471//3471 3523//3523 3522//3522
f 3471//3471 3472//3472 3523//3523
f 3524//3524 3472//3472 3473//3473
f 3524//3524 3523//3523 3472//3472
f 3524//3524 3474//3474 3525//3525
f 3524//3524 3473//3473 3474//3474
f 3475//3475 3525//3525 3474//3474
f 3527//3527 3526//3526 3477//3477
f 3477//3477 3526//3526 3476//3476
f 3528//3528 3477//3477 3470//3470
f 3528//3528 3527//3527 3477//3477
f 3528//3528 3470//3470 3522//3522
f 3529//3529 3525//3525 3475//3475
f 3529//3529 3478//3478 3530//3530
f 3529//3529 3475//3475 3478//3478
f 3479//3479 3530//3530 3478//3478
f 3526//3526 3531//3531 3476//3476
f 3476//3476 3531//3531 3480//3480
f 3532//3532 3530//3530 3479//3479
f 3481//3481 3532//3532 3479//3479
f 3531//3531 3482//3482 3480//3480
f 3533//3533 3482//3482 3531//3531
f 3481//3481 3534//3534 3532//3532
f 3481//3481 3483//3483 3534//3534
f 3533//3533 3535//3535 3482//3482
f 3482//3482 3535//3535 3484//3484
f 3534//3534 3483//3483 3536//3536
f 3485//3485 3536//3536 3483//3483
f 3535//3535 3486//3486 3484//3484
f 3537//3537 3486//3486 3535//3535
f 3485//3485 3538//3538 3536//3536
f 3485//3485 3487//3487 3538//3538
f 3537//3537 3488//3488 3486//3486
f 3539//3539 3488//3488 3537//3537
f 3489//3489 3538//3538 3487//3487
f 3489//3489 3540//3540 3538//3538
f 3539//3539 3490//3490 3488//3488
f 3541//3541 3490//3490 3539//3539
f 3491//3491 3540//3540 3489//3489
f 3491//3491 3542//3542 3540//3540
f 3541//3541 3492//3492 3490//3490
f 3543//3543 3492//3492 3541//3541
f 3542//3542 3491//3491 3544//3544
f 3493//3493 3544//3544 3491//3491
f 3543//3543 3494//3494 3492//3492
f 3545//3545 3494//3494 3543//3543
f 3495//3495 3546//3546 3493//3493
f 3493//3493 3546//3546 3544//3544
f 3545//3545 3496//3496 3494//3494
f 3547//3547 3496//3496 3545//3545
f 3497//3497 3548//3548 3495//3495
f 3495//3495 3548//3548 3546//3546
f 3547//3547 3498//3498 3496//3496
f 3549//3549 3498//3498 3547//3547
f 3499//3499 3550//3550 3497//3497
f 3497//3497 3550//3550 3548//3548
f 3549//3549 3500//3500 3498//3498
f 3551//3551 3500//3500 3549//3549
f 3501//3501 3552//3552 3499//3499
f 3499//3499 3552//3552 3550//3550
f 3551//3551 3502//3502 3500//3500
f 3553//3553 3502//3502 3551//3551
f 3554//3554 3552//3552 3503//3503
f 3503//3503 3552//3552 3501//3501
f 3553//3553 3504//3504 3502//3502
f 3555//3555 3504//3504 3553//3553
f 3505//3505 3554//3554 3503//3503
f 3505//3505 3556//3556 3554//3554
f 3555//3555 3506//3506 3504//3504
f 3557//3557 3506//3506 3555//3555
f 3507//3507 3556//3556 3505//3505
f 3507//3507 3558//3558 3556//3556
f 3557//3557 3559//3559 3506//3506
f 3506//3506 3559//3559 3508//3508
f 3507//3507 3509//3509 3558//3558
f 3558//3558 3509//3509 3560//3560
f 3559//3559 3510//3510 3508//3508
f 3561//3561 3510//3510 3559//3559
f 3560//3560 3511//3511 3562//3562
f 3560//3560 3509//3509 3511//3511
f 3561//3561 3563//3563 3510//3510
f 3510//3510 3563//3563 3512//3512
f 3513//3513 3564//3564 3562//3562
f 3513//3513 3562//3562 3511//3511
f 3563//3563 3565//3565 3512//3512
f 3512//3512 3565//3565 3514//3514
f 3565//3565 3566//3566 3514//3514
f 3568//3568 3515//3515 3567//3567
f 3516//3516 3568//3568 3564//3564
f 3516//3516 3515//3515 3568//3568
f 3516//3516 3564//3564 3513//3513
f 3566//3566 3517//3517 3514//3514
f 3569//3569 3517//3517 3566//3566
f 3569//3569 3518//3518 3517//3517
f 3518//3518 3570//3570 3519//3519
f 3569//3569 3570//3570 3518//3518
f 3519//3519 3571//3571 3520//3520
f 3570//3570 3571//3571 3519//3519
f 3521//3521 3571//3571 3567//3567
f 3521//3521 3520//3520 3571//3571
f 3521//3521 3567//3567 3515//3515
f 3572//3572 3522//3522 3523//3523
f 3524//3524 3573//3573 3523//3523
f 3523//3523 3573//3573 3572//3572
f 3525//3525 3573//3573 3524//3524
f 3575//3575 3574//3574 3527//3527
f 3527//3527 3574//3574 3526//3526
f 3576//3576 3527//3527 3528//3528
f 3576//3576 3575//3575 3527//3527
f 3577//3577 3528//3528 3522//3522
f 3577//3577 3576//3576 3528//3528
f 3577//3577 3522//3522 3572//3572
f 3578//3578 3573//3573 3525//3525
f 3579//3579 3525//3525 3529//3529
f 3579//3579 3578//3578 3525//3525
f 3529//3529 3530//3530 3579//3579
f 3579//3579 3530//3530 3580//3580
f 3581//3581 3531//3531 3526//3526
f 3574//3574 3581//3581 3526//3526
f 3530//3530 3532//3532 3580//3580
f 3580//3580 3532//3532 3582//3582
f 3583//3583 3531//3531 3581//3581
f 3583//3583 3533//3533 3531//3531
f 3532//3532 3534//3534 3582//3582
f 3582//3582 3534//3534 3584//3584
f 3583//3583 3585//3585 3533//3533
f 3533//3533 3585//3585 3535//3535
f 3536//3536 3584//3584 3534//3534
f 3536//3536 3586//3586 3584//3584
f 3585//3585 3537//3537 3535//3535
f 3587//3587 3537//3537 3585//3585
f 3536//3536 3538//3538 3586//3586
f 3586//3586 3538//3538 3588//3588
f 3587//3587 3539//3539 3537//3537
f 3589//3589 3539//3539 3587//3587
f 3540//3540 3588//3588 3538//3538
f 3540//3540 3590//3590 3588//3588
f 3589//3589 3541//3541 3539//3539
f 3591//3591 3541//3541 3589//3589
f 3542//3542 3590//3590 3540//3540
f 3542//3542 3592//3592 3590//3590
f 3591//3591 3543//3543 3541//3541
f 3593//3593 3543//3543 3591//3591
f 3544//3544 3592//3592 3542//3542
f 3544//3544 3594//3594 3592//3592
f 3593//3593 3545//3545 3543//3543
f 3595//3595 3545//3545 3593//3593
f 3546//3546 3594//3594 3544//3544
f 3546//3546 3596//3596 3594//3594
f 3595//3595 3547//3547 3545//3545
f 3597//3597 3547//3547 3595//3595
f 3548//3548 3596//3596 3546//3546
f 3548//3548 3598//3598 3596//3596
f 3597//3597 3549//3549 3547//3547
f 3599//3599 3549//3549 3597//3597
f 3550//3550 3598//3598 3548//3548
f 3550//3550 3600//3600 3598//3598
f 3599//3599 3551//3551 3549//3549
f 3601//3601 3551//3551 3599//3599
f 3552//3552 3600//3600 3550//3550
f 3552//3552 3602//3602 3600//3600
f 3601//3601 3553//3553 3551//3551
f 3603//3603 3553//3553 3601//3601
f 3554//3554 3602//3602 3552//3552
f 3554//3554 3604//3604 3602//3602
f 3603//3603 3555//3555 3553//3553
f 3605//3605 3555//3555 3603//3603
f 3556//3556 3604//3604 3554//3554
f 3556//3556 3606//3606 3604//3604
f 3557//3557 3605//3605 3607//3607
f 3557//3557 3555//3555 3605//3605
f 3606//3606 3558//3558 3608//3608
f 3606//3606 3556//3556 3558//3558
f 3607//3607 3559//3559 3557//3557
f 3609//3609 3559//3559 3607//3607
f 3610//3610 3608//3608 3560//3560
f 3560//3560 3608//3608 3558//3558
f 3561//3561 3609//3609 3611//3611
f 3561//3561 3559//3559 3609//3609
f 3560//3560 3562//3562 3610//3610
f 3610//3610 3562//3562 3612//3612
f 3611//3611 3563//3563 3561//3561
f 3611//3611 3613//3613 3563//3563
f 3615//3615 3564//3564 3614//3614
f 3562//3562 3564//3564 3612//3612
f 3612//3612 3564//3564 3615//3615
f 3613//3613 3565//3565 3563//3563
f 3616//3616 3565//3565 3613//3613
f 3616//3616 3566//3566 3565//3565
f 3616//3616 3617//3617 3566//3566
f 3620//3620 3567//3567 3619//3619
f 3568//3568 3620//3620 3614//3614
f 3568//3568 3567//3567 3620//3620
f 3568//3568 3614//3614 3564//3564
f 3617//3617 3569//3569 3566//3566
f 3569//3569 3617//3617 3570//3570
f 3570//3570 3617//3617 3618//3618
f 3570//3570 3618//3618 3571//3571
f 3571//3571 3618//3618 3619//3619
f 3571//3571 3619//3619 3567//3567
f 3621//3621 3574//3574 3575//3575
f 3575//3575 3622//3622 3621//3621
f 3575//3575 3576//3576 3622//3622
f 3623//3623 3576//3576 3577//3577
f 3623//3623 3622//3622 3576//3576
f 3624//3624 3577//3577 3572//3572
f 3624//3624 3623//3623 3577//3577
f 3625//3625 3572//3572 3573//3573
f 3625//3625 3624//3624 3572//3572
f 3626//3626 3573//3573 3578//3578
f 3626//3626 3625//3625 3573//3573
f 3627//3627 3578//3578 3579//3579
f 3627//3627 3626//3626 3578//3578
f 3579//3579 3580//3580 3627//3627
f 3627//3627 3580//3580 3628//3628
f 3629//3629 3574//3574 3621//3621
f 3629//3629 3581//3581 3574//3574
f 3580//3580 3582//3582 3628//3628
f 3628//3628 3582//3582 3630//3630
f 3629//3629 3631//3631 3581//3581
f 3581//3581 3631//3631 3583//3583
f 3582//3582 3584//3584 3630//3630
f 3630//3630 3584//3584 3632//3632
f 3631//3631 3633//3633 3583//3583
f 3583//3583 3633//3633 3585//3585
f 3586//3586 3632//3632 3584//3584
f 3586//3586 3634//3634 3632//3632
f 3633//3633 3587//3587 3585//3585
f 3635//3635 3587//3587 3633//3633
f 3634//3634 3586//3586 3636//3636
f 3588//3588 3636//3636 3586//3586
f 3635//3635 3589//3589 3587//3587
f 3637//3637 3589//3589 3635//3635
f 3588//3588 3638//3638 3636//3636
f 3588//3588 3590//3590 3638//3638
f 3637//3637 3591//3591 3589//3589
f 3639//3639 3591//3591 3637//3637
f 3592//3592 3638//3638 3590//3590
f 3592//3592 3640//3640 3638//3638
f 3639//3639 3593//3593 3591//3591
f 3641//3641 3593//3593 3639//3639
f 3594//3594 3640//3640 3592//3592
f 3594//3594 3642//3642 3640//3640
f 3641//3641 3595//3595 3593//3593
f 3643//3643 3595//3595 3641//3641
f 3596//3596 3642//3642 3594//3594
f 3596//3596 3644//3644 3642//3642
f 3643//3643 3597//3597 3595//3595
f 3645//3645 3597//3597 3643//3643
f 3598//3598 3644//3644 3596//3596
f 3598//3598 3646//3646 3644//3644
f 3645//3645 3599//3599 3597//3597
f 3647//3647 3599//3599 3645//3645
f 3600//3600 3646//3646 3598//3598
f 3600//3600 3648//3648 3646//3646
f 3647//3647 3601//3601 3599//3599
f 3649//3649 3601//3601 3647//3647
f 3602//3602 3648//3648 3600//3600
f 3602//3602 3650//3650 3648//3648
f 3649//3649 3603//3603 3601//3601
f 3651//3651 3603//3603 3649//3649
f 3604//3604 3650//3650 3602//3602
f 3604//3604 3652//3652 3650//3650
f 3605//3605 3651//3651 3653//3653
f 3605//3605 3603//3603 3651//3651
f 3652//3652 3606//3606 3654//3654
f 3652//3652 3604//3604 3606//3606
f 3653//3653 3607//3607 3605//3605
f 3655//3655 3607//3607 3653//3653
f 3656//3656 3654//3654 3608//3608
f 3608//3608 3654//3654 3606//3606
f 3609//3609 3655//3655 3657//3657
f 3609//3609 3607//3607 3655//3655
f 3656//3656 3610//3610 3658//3658
f 3656//3656 3608//3608 3610//3610
f 3657//3657 3611//3611 3609//3609
f 3659//3659 3611//3611 3657//3657
f 3612//3612 3660//3660 3658//3658
f 3612//3612 3658//3658 3610//3610
f 3659//3659 3661//3661 3611//3611
f 3611//3611 3661//3661 3613//3613
f 3661//3661 3662//3662 3613//3613
f 3667//3667 3614//3614 3666//3666
f 3615//3615 3667//3667 3660//3660
f 3615//3615 3614//3614 3667//3667
f 3615//3615 3660//3660 3612//3612
f 3662//3662 3616//3616 3613//3613
f 3616//3616 3662//3662 3617//3617
f 3617//3617 3662//3662 3663//3663
f 3617//3617 3663//3663 3618//3618
f 3618//3618 3663//3663 3664//3664
f 3618//3618 3664//3664 3619//3619
f 3619//3619 3664//3664 3665//3665
f 3619//3619 3665//3665 3620//3620
f 3620//3620 3665//3665 3666//3666
f 3620//3620 3666//3666 3614//3614
f 3669//3669 3668//3668 3622//3622
f 3622//3622 3668//3668 3621//3621
f 3670//3670 3622//3622 3623//3623
f 3670//3670 3669//3669 3622//3622
f 3671//3671 3623//3623 3624//3624
f 3671//3671 3670//3670 3623//3623
f 3672//3672 3624//3624 3625//3625
f 3672//3672 3671//3671 3624//3624
f 3673//3673 3625//3625 3626//3626
f 3673//3673 3672//3672 3625//3625
f 3673//3673 3627//3627 3674//3674
f 3673//3673 3626//3626 3627//3627
f 3628//3628 3674//3674 3627//3627
f 3668//3668 3675//3675 3621//3621
f 3621//3621 3675//3675 3629//3629
f 3676//3676 3674//3674 3628//3628
f 3628//3628 3630//3630 3676//3676
f 3676//3676 3630//3630 3677//3677
f 3675//3675 3678//3678 3629//3629
f 3629//3629 3678//3678 3631//3631
f 3677//3677 3630//3630 3679//3679
f 3632//3632 3679//3679 3630//3630
f 3678//3678 3680//3680 3631//3631
f 3631//3631 3680//3680 3633//3633
f 3632//3632 3681//3681 3679//3679
f 3632//3632 3634//3634 3681//3681
f 3680//3680 3635//3635 3633//3633
f 3682//3682 3635//3635 3680//3680
f 3636//3636 3681//3681 3634//3634
f 3636//3636 3683//3683 3681//3681
f 3682//3682 3637//3637 3635//3635
f 3684//3684 3637//3637 3682//3682
f 3636//3636 3638//3638 3683//3683
f 3683//3683 3638//3638 3685//3685
f 3684//3684 3639//3639 3637//3637
f 3686//3686 3639//3639 3684//3684
f 3640//3640 3685//3685 3638//3638
f 3640//3640 3687//3687 3685//3685
f 3686//3686 3641//3641 3639//3639
f 3688//3688 3641//3641 3686//3686
f 3642//3642 3687//3687 3640//3640
f 3642//3642 3689//3689 3687//3687
f 3688//3688 3643//3643 3641//3641
f 3690//3690 3643//3643 3688//3688
f 3644//3644 3689//3689 3642//3642
f 3644//3644 3691//3691 3689//3689
f 3690//3690 3645//3645 3643//3643
f 3692//3692 3645//3645 3690//3690
f 3646//3646 3691//3691 3644//3644
f 3646//3646 3693//3693 3691//3691
f 3692//3692 3647//3647 3645//3645
f 3694//3694 3647//3647 3692//3692
f 3648//3648 3693//3693 3646//3646
f 3648//3648 3695//3695 3693//3693
f 3694//3694 3649//3649 3647//3647
f 3696//3696 3649//3649 3694//3694
f 3695//3695 3650//3650 3697//3697
f 3695//3695 3648//3648 3650//3650
f 3696//3696 3651//3651 3649//3649
f 3698//3698 3651//3651 3696//3696
f 3652//3652 3699//3699 3650//3650
f 3650//3650 3699//3699 3697//3697
f 3698//3698 3700//3700 3651//3651
f 3651//3651 3700//3700 3653//3653
f 3701//3701 3699//3699 3654//3654
f 3654//3654 3699//3699 3652//3652
f 3700//3700 3655//3655 3653//3653
f 3702//3702 3655//3655 3700//3700
f 3701//3701 3656//3656 3703//3703
f 3701//3701 3654//3654 3656//3656
f 3702//3702 3704//3704 3655//3655
f 3655//3655 3704//3704 3657//3657
f 3658//3658 3705//3705 3703//3703
f 3658//3658 3703//3703 3656//3656
f 3659//3659 3704//3704 3706//3706
f 3659//3659 3657//3657 3704//3704
f 3660//3660 3709//3709 3705//3705
f 3660//3660 3705//3705 3658//3658
f 3706//3706 3661//3661 3659//3659
f 3661//3661 3706//3706 3662//3662
f 3662//3662 3706//3706 3707//3707
f 3710//3710 3662//3662 3707//3707
f 3710//3710 3663//3663 3662//3662
f 3663//3663 3711//3711 3664//3664
f 3710//3710 3711//3711 3663//3663
f 3664//3664 3712//3712 3665//3665
f 3711//3711 3712//3712 3664//3664
f 3666//3666 3712//3712 3708//3708
f 3666//3666 3665//3665 3712//3712
f 3666//3666 3708//3708 3667//3667
f 3667//3667 3708//3708 3709//3709
f 3667//3667 3709//3709 3660//3660
f 3714//3714 3713//3713 3669//3669
f 3669//3669 3713//3713 3668//3668
f 3715//3715 3669//3669 3670//3670
f 3715//3715 3714//3714 3669//3669
f 3716//3716 3670//3670 3671//3671
f 3716//3716 3715//3715 3670//3670
f 3717//3717 3671//3671 3672//3672
f 3717//3717 3716//3716 3671//3671
f 3718//3718 3672//3672 3673//3673
f 3718//3718 3717//3717 3672//3672
f 3673//3673 3674//3674 3718//3718
f 3718//3718 3674//3674 3719//3719
f 3713//3713 3720//3720 3668//3668
f 3668//3668 3720//3720 3675//3675
f 3719//3719 3676//3676 3721//3721
f 3719//3719 3674//3674 3676//3676
f 3677//3677 3721//3721 3676//3676
f 3720//3720 3722//3722 3675//3675
f 3675//3675 3722//3722 3678//3678
f 3677//3677 3723//3723 3721//3721
f 3677//3677 3679//3679 3723//3723
f 3722//3722 3724//3724 3678//3678
f 3678//3678 3724//3724 3680//3680
f 3679//3679 3681//3681 3723//3723
f 3723//3723 3681//3681 3725//3725
f 3724//3724 3682//3682 3680//3680
f 3726//3726 3682//3682 3724//3724
f 3683//3683 3725//3725 3681//3681
f 3683//3683 3727//3727 3725//3725
f 3726//3726 3684//3684 3682//3682
f 3728//3728 3684//3684 3726//3726
f 3727//3727 3683//3683 3729//3729
f 3685//3685 3729//3729 3683//3683
f 3728//3728 3686//3686 3684//3684
f 3730//3730 3686//3686 3728//3728
f 3687//3687 3731//3731 3685//3685
f 3685//3685 3731//3731 3729//3729
f 3730//3730 3688//3688 3686//3686
f 3732//3732 3688//3688 3730//3730
f 3687//3687 3733//3733 3731//3731
f 3687//3687 3689//3689 3733//3733
f 3732//3732 3690//3690 3688//3688
f 3734//3734 3690//3690 3732//3732
f 3691//3691 3733//3733 3689//3689
f 3691//3691 3735//3735 3733//3733
f 3734//3734 3692//3692 3690//3690
f 3736//3736 3692//3692 3734//3734
f 3735//3735 3693//3693 3737//3737
f 3735//3735 3691//3691 3693//3693
f 3736//3736 3694//3694 3692//3692
f 3738//3738 3694//3694 3736//3736
f 3695//3695 3739//3739 3693//3693
f 3693//3693 3739//3739 3737//3737
f 3738//3738 3696//3696 3694//3694
f 3740//3740 3696//3696 3738//3738
f 3741//3741 3739//3739 3697//3697
f 3697//3697 3739//3739 3695//3695
f 3698//3698 3740//3740 3742//3742
f 3698//3698 3696//3696 3740//3740
f 3699//3699 3741//3741 3697//3697
f 3699//3699 3743//3743 3741//3741
f 3742//3742 3700//3700 3698//3698
f 3744//3744 3700//3700 3742//3742
f 3743//3743 3701//3701 3745//3745
f 3743//3743 3699//3699 3701//3701
f 3702//3702 3744//3744 3746//3746
f 3702//3702 3700//3700 3744//3744
f 3703//3703 3747//3747 3745//3745
f 3703//3703 3745//3745 3701//3701
f 3746//3746 3704//3704 3702//3702
f 3746//3746 3748//3748 3704//3704
f 3705//3705 3749//3749 3747//3747
f 3705//3705 3747//3747 3703//3703
f 3748//3748 3706//3706 3704//3704
f 3750//3750 3706//3706 3748//3748
f 3750//3750 3707//3707 3706//3706
f 3750//3750 3751//3751 3707//3707
f 3754//3754 3708//3708 3753//3753
f 3709//3709 3754//3754 3749//3749
f 3709//3709 3708//3708 3754//3754
f 3709//3709 3749//3749 3705//3705
f 3751//3751 3710//3710 3707//3707
f 3710//3710 3751//3751 3711//3711
f 3711//3711 3751//3751 3752//3752
f 3711//3711 3752//3752 3712//3712
f 3712//3712 3752//3752 3753//3753
f 3712//3712 3753//3753 3708//3708
f 3755//3755 3713//3713 3714//3714
f 3714//3714 3756//3756 3755//3755
f 3714//3714 3715//3715 3756//3756
f 3757//3757 3715//3715 3716//3716
f 3757//3757 3756//3756 3715//3715
f 3758//3758 3716//3716 3717//3717
f 3758//3758 3757//3757 3716//3716
f 3758//3758 3718//3718 3759//3759
f 3758//3758 3717//3717 3718//3718
f 3719//3719 3759//3759 3718//3718
f 3761//3761 3760//3760 3713//3713
f 3713//3713 3760//3760 3720//3720
f 3761//3761 3713//3713 3755//3755
f 3762//3762 3759//3759 3719//3719
f 3719//3719 3721//3721 3762//3762
f 3762//3762 3721//3721 3763//3763
f 3760//3760 3764//3764 3720//3720
f 3720//3720 3764//3764 3722//3722
f 3721//3721 3723//3723 3763//3763
f 3763//3763 3723//3723 3765//3765
f 3764//3764 3766//3766 3722//3722
f 3722//3722 3766//3766 3724//3724
f 3765//3765 3723//3723 3767//3767
f 3725//3725 3767//3767 3723//3723
f 3766//3766 3726//3726 3724//3724
f 3768//3768 3726//3726 3766//3766
f 3725//3725 3769//3769 3767//3767
f 3725//3725 3727//3727 3769//3769
f 3768//3768 3728//3728 3726//3726
f 3770//3770 3728//3728 3768//3768
f 3729//3729 3769//3769 3727//3727
f 3729//3729 3771//3771 3769//3769
f 3770//3770 3730//3730 3728//3728
f 3772//3772 3730//3730 3770//3770
f 3731//3731 3771//3771 3729//3729
f 3731//3731 3773//3773 3771//3771
f 3772//3772 3732//3732 3730//3730
f 3774//3774 3732//3732 3772//3772
f 3773//3773 3731//3731 3775//3775
f 3733//3733 3775//3775 3731//3731
f 3774//3774 3734//3734 3732//3732
f 3776//3776 3734//3734 3774//3774
f 3735//3735 3777//3777 3733//3733
f 3733//3733 3777//3777 3775//3775
f 3776//3776 3736//3736 3734//3734
f 3778//3778 3736//3736 3776//3776
f 3779//3779 3777//3777 3737//3737
f 3737//3737 3777//3777 3735//3735
f 3778//3778 3738//3738 3736//3736
f 3780//3780 3738//3738 3778//3778
f 3739//3739 3779//3779 3737//3737
f 3739//3739 3781//3781 3779//3779
f 3780//3780 3740//3740 3738//3738
f 3782//3782 3740//3740 3780//3780
f 3781//3781 3741//3741 3783//3783
f 3781//3781 3739//3739 3741//3741
f 3782//3782 3784//3784 3740//3740
f 3740//3740 3784//3784 3742//3742
f 3743//3743 3785//3785 3741//3741
f 3741//3741 3785//3785 3783//3783
f 3784//3784 3744//3744 3742//3742
f 3786//3786 3744//3744 3784//3784
f 3745//3745 3787//3787 3785//3785
f 3745//3745 3785//3785 3743//3743
f 3786//3786 3788//3788 3744//3744
f 3744//3744 3788//3788 3746//3746
f 3747//3747 3789//3789 3787//3787
f 3747//3747 3787//3787 3745//3745
f 3788//3788 3790//3790 3746//3746
f 3746//3746 3790//3790 3748//3748
f 3790//3790 3791//3791 3748//3748
f 3749//3749 3795//3795 3789//3789
f 3749//3749 3789//3789 3747//3747
f 3791//3791 3750//3750 3748//3748
f 3750//3750 3791//3791 3751//3751
f 3751//3751 3791//3791 3792//3792
f 3751//3751 3792//3792 3752//3752
f 3752//3752 3792//3792 3793//3793
f 3752//3752 3793//3793 3753//3753
f 3753//3753 3793//3793 3794//3794
f 3753//3753 3794//3794 3754//3754
f 3754//3754 3794//3794 3795//3795
f 3754//3754 3795//3795 3749//3749
f 3797//3797 3796//3796 3756//3756
f 3756//3756 3796//3796 3755//3755
f 3798//3798 3756//3756 3757//3757
f 3798//3798 3797//3797 3756//3756
f 3798//3798 3758//3758 3799//3799
f 3798//3798 3757//3757 3758//3758
f 3759//3759 3799//3799 3758//3758
f 3801//3801 3800//3800 3761//3761
f 3761//3761 3800//3800 3760//3760
f 3796//3796 3761//3761 3755//3755
f 3796//3796 3801//3801 3761//3761
f 3802//3802 3799//3799 3759//3759
f 3802//3802 3762//3762 3803//3803
f 3802//3802 3759//3759 3762//3762
f 3763//3763 3803//3803 3762//3762
f 3800//3800 3804//3804 3760//3760
f 3760//3760 3804//3804 3764//3764
f 3805//3805 3803//3803 3763//3763
f 3765//3765 3805//3805 3763//3763
f 3804//3804 3806//3806 3764//3764
f 3764//3764 3806//3806 3766//3766
f 3765//3765 3807//3807 3805//3805
f 3765//3765 3767//3767 3807//3807
f 3806//3806 3768//3768 3766//3766
f 3808//3808 3768//3768 3806//3806
f 3807//3807 3767//3767 3809//3809
f 3769//3769 3809//3809 3767//3767
f 3808//3808 3810//3810 3770//3770
f 3768//3768 3808//3808 3770//3770
f 3769//3769 3811//3811 3809//3809
f 3769//3769 3771//3771 3811//3811
f 3770//3770 3810//3810 3772//3772
f 3772//3772 3810//3810 3812//3812
f 3773//3773 3811//3811 3771//3771
f 3773//3773 3813//3813 3811//3811
f 3772//3772 3812//3812 3774//3774
f 3774//3774 3812//3812 3814//3814
f 3775//3775 3813//3813 3773//3773
f 3775//3775 3815//3815 3813//3813
f 3814//3814 3816//3816 3774//3774
f 3776//3776 3774//3774 3816//3816
f 3777//3777 3815//3815 3775//3775
f 3777//3777 3817//3817 3815//3815
f 3816//3816 3778//3778 3776//3776
f 3818//3818 3778//3778 3816//3816
f 3779//3779 3817//3817 3777//3777
f 3779//3779 3819//3819 3817//3817
f 3818//3818 3780//3780 3778//3778
f 3820//3820 3780//3780 3818//3818
f 3819//3819 3781//3781 3821//3821
f 3819//3819 3779//3779 3781//3781
f 3820//3820 3782//3782 3780//3780
f 3822//3822 3782//3782 3820//3820
f 3823//3823 3821//3821 3783//3783
f 3783//3783 3821//3821 3781//3781
f 3822//3822 3824//3824 3782//3782
f 3782//3782 3824//3824 3784//3784
f 3823//3823 3785//3785 3825//3825
f 3823//3823 3783//3783 3785//3785
f 3786//3786 3824//3824 3826//3826
f 3786//3786 3784//3784 3824//3824
f 3827//3827 3825//3825 3787//3787
f 3787//3787 3825//3825 3785//3785
f 3826//3826 3788//3788 3786//3786
f 3826//3826 3828//3828 3788//3788
f 3830//3830 3789//3789 3829//3829
f 3787//3787 3789//3789 3827//3827
f 3827//3827 3789//3789 3830//3830
f 3828//3828 3790//3790 3788//3788
f 3831//3831 3790//3790 3828//3828
f 3831//3831 3791//3791 3790//3790
f 3791//3791 3832//3832 3792//3792
f 3831//3831 3832//3832 3791//3791
f 3792//3792 3833//3833 3793//3793
f 3832//3832 3833//3833 3792//3792
f 3793//3793 3834//3834 3794//3794
f 3833//3833 3834//3834 3793//3793
f 3795//3795 3834//3834 3829//3829
f 3795//3795 3794//3794 3834//3834
f 3795//3795 3829//3829 3789//3789
f 3835//3835 3796//3796 3797//3797
f 3798//3798 3836//3836 3797//3797
f 3797//3797 3836//3836 3835//3835
f 3799//3799 3836//3836 3798//3798
f 3838//3838 3837//3837 3801//3801
f 3801//3801 3837//3837 3800//3800
f 3839//3839 3801//3801 3796//3796
f 3839//3839 3838//3838 3801//3801
f 3839//3839 3796//3796 3835//3835
f 3840//3840 3836//3836 3799//3799
f 3841//3841 3799//3799 3802//3802
f 3841//3841 3840//3840 3799//3799
f 3802//3802 3803//3803 3841//3841
f 3841//3841 3803//3803 3842//3842
f 3837//3837 3843//3843 3800//3800
f 3800//3800 3843//3843 3804//3804
f 3803//3803 3805//3805 3842//3842
f 3842//3842 3805//3805 3844//3844
f 3843//3843 3845//3845 3804//3804
f 3804//3804 3845//3845 3806//3806
f 3805//3805 3807//3807 3844//3844
f 3844//3844 3807//3807 3846//3846
f 3845//3845 3847//3847 3808//3808
f 3806//3806 3845//3845 3808//3808
f 3809//3809 3846//3846 3807//3807
f 3809//3809 3848//3848 3846//3846
f 3847//3847 3810//3810 3808//3808
f 3847//3847 3849//3849 3810//3810
f 3848//3848 3809//3809 3850//3850
f 3811//3811 3850//3850 3809//3809
f 3849//3849 3812//3812 3810//3810
f 3851//3851 3812//3812 3849//3849
f 3813//3813 3852//3852 3811//3811
f 3811//3811 3852//3852 3850//3850
f 3851//3851 3814//3814 3812//3812
f 3853//3853 3814//3814 3851//3851
f 3815//3815 3854//3854 3813//3813
f 3813//3813 3854//3854 3852//3852
f 3814//3814 3855//3855 3816//3816
f 3814//3814 3853//3853 3855//3855
f 3817//3817 3856//3856 3815//3815
f 3815//3815 3856//3856 3854//3854
f 3855//3855 3857//3857 3816//3816
f 3818//3818 3816//3816 3857//3857
f 3819//3819 3858//3858 3817//3817
f 3817//3817 3858//3858 3856//3856
f 3857//3857 3820//3820 3818//3818
f 3859//3859 3820//3820 3857//3857
f 3860//3860 3858//3858 3821//3821
f 3821//3821 3858//3858 3819//3819
f 3822//3822 3859//3859 3861//3861
f 3822//3822 3820//3820 3859//3859
f 3860//3860 3823//3823 3862//3862
f 3860//3860 3821//3821 3823//3823
f 3861//3861 3824//3824 3822//3822
f 3863//3863 3824//3824 3861//3861
f 3864//3864 3862//3862 3825//3825
f 3825//3825 3862//3862 3823//3823
f 3863//3863 3865//3865 3824//3824
f 3824//3824 3865//3865 3826//3826
f 3864//3864 3827//3827 3867//3867
f 3864//3864 3825//3825 3827//3827
f 3865//3865 3868//3868 3826//3826
f 3826//3826 3868//3868 3828//3828
f 3868//3868 3869//3869 3828//3828
f 3829//3829 3872//3872 3866//3866
f 3829//3829 3866//3866 3830//3830
f 3830//3830 3866//3866 3867//3867
f 3830//3830 3867//3867 3827//3827
f 3869//3869 3831//3831 3828//3828
f 3831//3831 3869//3869 3832//3832
f 3832//3832 3869//3869 3870//3870
f 3832//3832 3870//3870 3833//3833
f 3833//3833 3870//3870 3871//3871
f 3833//3833 3871//3871 3834//3834
f 3834//3834 3871//3871 3872//3872
f 3834//3834 3872//3872 3829//3829
f 3874//3874 3873//3873 3838//3838
f 3838//3838 3873//3873 3837//3837
f 3875//3875 3838//3838 3839//3839
f 3875//3875 3874//3874 3838//3838
f 3876//3876 3839//3839 3835//3835
f 3876//3876 3875//3875 3839//3839
f 3877//3877 3835//3835 3836//3836
f 3877//3877 3876//3876 3835//3835
f 3878//3878 3836//3836 3840//3840
f 3878//3878 3877//3877 3836//3836
f 3878//3878 3841//3841 3879//3879
f 3878//3878 3840//3840 3841//3841
f 3842//3842 3879//3879 3841//3841
f 3873//3873 3880//3880 3837//3837
f 3837//3837 3880//3880 3843//3843
f 3881//3881 3879//3879 3842//3842
f 3842//3842 3844//3844 3881//3881
f 3881//3881 3844//3844 3882//3882
f 3880//3880 3883//3883 3843//3843
f 3843//3843 3883//3883 3845//3845
f 3882//3882 3844//3844 3884//3884
f 3846//3846 3884//3884 3844//3844
f 3883//3883 3885//3885 3845//3845
f 3845//3845 3885//3885 3847//3847
f 3846//3846 3886//3886 3884//3884
f 3846//3846 3848//3848 3886//3886
f 3885//3885 3849//3849 3847//3847
f 3887//3887 3849//3849 3885//3885
f 3850//3850 3886//3886 3848//3848
f 3850//3850 3888//3888 3886//3886
f 3887//3887 3851//3851 3849//3849
f 3889//3889 3851//3851 3887//3887
f 3852//3852 3888//3888 3850//3850
f 3852//3852 3890//3890 3888//3888
f 3889//3889 3853//3853 3851//3851
f 3891//3891 3853//3853 3889//3889
f 3854//3854 3890//3890 3852//3852
f 3854//3854 3892//3892 3890//3890
f 3891//3891 3855//3855 3853//3853
f 3893//3893 3855//3855 3891//3891
f 3856//3856 3892//3892 3854//3854
f 3856//3856 3894//3894 3892//3892
f 3893//3893 3895//3895 3855//3855
f 3855//3855 3895//3895 3857//3857
f 3858//3858 3894//3894 3856//3856
f 3858//3858 3896//3896 3894//3894
f 3895//3895 3859//3859 3857//3857
f 3897//3897 3859//3859 3895//3895
f 3896//3896 3860//3860 3898//3898
f 3896//3896 3858//3858 3860//3860
f 3897//3897 3899//3899 3859//3859
f 3859//3859 3899//3899 3861//3861
f 3900//3900 3898//3898 3862//3862
f 3862//3862 3898//3898 3860//3860
f 3899//3899 3863//3863 3861//3861
f 3901//3901 3863//3863 3899//3899
f 3900//3900 3864//3864 3902//3902
f 3900//3900 3862//3862 3864//3864
f 3901//3901 3903//3903 3863//3863
f 3863//3863 3903//3903 3865//3865
f 3903//3903 3904//3904 3865//3865
f 3906//3906 3866//3866 3905//3905
f 3867//3867 3906//3906 3902//3902
f 3867//3867 3866//3866 3906//3906
f 3867//3867 3902//3902 3864//3864
f 3904//3904 3868//3868 3865//3865
f 3907//3907 3868//3868 3904//3904
f 3907//3907 3869//3869 3868//3868
f 3869//3869 3908//3908 3870//3870
f 3907//3907 3908//3908 3869//3869
f 3870//3870 3909//3909 3871//3871
f 3908//3908 3909//3909 3870//3870
f 3872//3872 3909//3909 3905//3905
f 3872//3872 3871//3871 3909//3909
f 3872//3872 3905//3905 3866//3866
f 3911//3911 3910//3910 3874//3874
f 3874//3874 3910//3910 3873//3873
f 3912//3912 3874//3874 3875//3875
f 3912//3912 3911//3911 3874//3874
f 3913//3913 3875//3875 3876//3876
f 3913//3913 3912//3912 3875//3875
f 3914//3914 3876//3876 3877//3877
f 3914//3914 3913//3913 3876//3876
f 3915//3915 3877//3877 3878//3878
f 3915//3915 3914//3914 3877//3877
f 3878//3878 3879//3879 3915//3915
f 3915//3915 3879//3879 3916//3916
f 3918//3918 3917//3917 3880//3880
f 3873//3873 3918//3918 3880//3880
f 3873//3873 3910//3910 3918//3918
f 3916//3916 3881//3881 3919//3919
f 3916//3916 3879//3879 3881//3881
f 3882//3882 3919//3919 3881//3881
f 3917//3917 3920//3920 3883//3883
f 3917//3917 3883//3883 3880//3880
f 3882//3882 3921//3921 3919//3919
f 3882//3882 3884//3884 3921//3921
f 3920//3920 3885//3885 3883//3883
f 3920//3920 3922//3922 3885//3885
f 3921//3921 3884//3884 3923//3923
f 3886//3886 3923//3923 3884//3884
f 3922//3922 3887//3887 3885//3885
f 3924//3924 3887//3887 3922//3922
f 3888//3888 3925//3925 3886//3886
f 3886//3886 3925//3925 3923//3923
f 3924//3924 3889//3889 3887//3887
f 3926//3926 3889//3889 3924//3924
f 3890//3890 3927//3927 3888//3888
f 3888//3888 3927//3927 3925//3925
f 3926//3926 3891//3891 3889//3889
f 3928//3928 3891//3891 3926//3926
f 3892//3892 3929//3929 3890//3890
f 3890//3890 3929//3929 3927//3927
f 3928//3928 3893//3893 3891//3891
f 3930//3930 3893//3893 3928//3928
f 3894//3894 3931//3931 3892//3892
f 3892//3892 3931//3931 3929//3929
f 3893//3893 3932//3932 3895//3895
f 3893//3893 3930//3930 3932//3932
f 3896//3896 3933//3933 3894//3894
f 3894//3894 3933//3933 3931//3931
f 3932//3932 3934//3934 3895//3895
f 3897//3897 3895//3895 3934//3934
f 3935//3935 3933//3933 3898//3898
f 3898//3898 3933//3933 3896//3896
f 3934//3934 3936//3936 3897//3897
f 3897//3897 3936//3936 3899//3899
f 3935//3935 3900//3900 3937//3937
f 3935//3935 3898//3898 3900//3900
f 3901//3901 3936//3936 3938//3938
f 3901//3901 3899//3899 3936//3936
f 3902//3902 3939//3939 3937//3937
f 3902//3902 3937//3937 3900//3900
f 3938//3938 3903//3903 3901//3901
f 3940//3940 3903//3903 3938//3938
f 3940//3940 3904//3904 3903//3903
f 3940//3940 3941//3941 3904//3904
f 3944//3944 3905//3905 3943//3943
f 3906//3906 3944//3944 3939//3939
f 3906//3906 3905//3905 3944//3944
f 3906//3906 3939//3939 3902//3902
f 3941//3941 3907//3907 3904//3904
f 3907//3907 3941//3941 3908//3908
f 3908//3908 3941//3941 3942//3942
f 3908//3908 3942//3942 3909//3909
f 3909//3909 3942//3942 3943//3943
f 3909//3909 3943//3943 3905//3905
f 3946//3946 3945//3945 3911//3911
f 3911//3911 3945//3945 3910//3910
f 3947//3947 3911//3911 3912//3912
f 3947//3947 3946//3946 3911//3911
f 3948//3948 3912//3912 3913//3913
f 3948//3948 3947//3947 3912//3912
f 3949//3949 3913//3913 3914//3914
f 3949//3949 3948//3948 3913//3913
f 3949//3949 3915//3915 3950//3950
f 3949//3949 3914//3914 3915//3915
f 3916//3916 3950//3950 3915//3915
f 3952//3952 3951//3951 3918//3918
f 3918//3918 3951//3951 3917//3917
f 3945//3945 3918//3918 3910//3910
f 3945//3945 3952//3952 3918//3918
f 3953//3953 3950//3950 3916//3916
f 3916//3916 3919//3919 3953//3953
f 3953//3953 3919//3919 3954//3954
f 3951//3951 3955//3955 3917//3917
f 3917//3917 3955//3955 3920//3920
f 3954//3954 3919//3919 3956//3956
f 3921//3921 3956//3956 3919//3919
f 3955//3955 3922//3922 3920//3920
f 3957//3957 3922//3922 3955//3955
f 3921//3921 3958//3958 3956//3956
f 3921//3921 3923//3923 3958//3958
f 3957//3957 3959//3959 3924//3924
f 3922//3922 3957//3957 3924//3924
f 3925//3925 3958//3958 3923//3923
f 3925//3925 3960//3960 3958//3958
f 3924//3924 3959//3959 3926//3926
f 3926//3926 3959//3959 3961//3961
f 3927//3927 3960//3960 3925//3925
f 3927//3927 3962//3962 3960//3960
f 3961//3961 3963//3963 3926//3926
f 3928//3928 3926//3926 3963//3963
f 3929//3929 3962//3962 3927//3927
f 3929//3929 3964//3964 3962//3962
f 3963//3963 3930//3930 3928//3928
f 3965//3965 3930//3930 3963//3963
f 3931//3931 3964//3964 3929//3929
f 3931//3931 3966//3966 3964//3964
f 3965//3965 3932//3932 3930//3930
f 3967//3967 3932//3932 3965//3965
f 3966//3966 3933//3933 3968//3968
f 3966//3966 3931//3931 3933//3933
f 3967//3967 3969//3969 3932//3932
f 3932//3932 3969//3969 3934//3934
f 3935//3935 3970//3970 3933//3933
f 3933//3933 3970//3970 3968//3968
f 3969//3969 3971//3971 3934//3934
f 3934//3934 3971//3971 3936//3936
f 3937//3937 3972//3972 3970//3970
f 3937//3937 3970//3970 3935//3935
f 3971//3971 3973//3973 3936//3936
f 3936//3936 3973//3973 3938//3938
f 3973//3973 3974//3974 3938//3938
f 3939//3939 3976//3976 3972//3972
f 3939//3939 3972//3972 3937//3937
f 3974//3974 3940//3940 3938//3938
f 3977//3977 3940//3940 3974//3974
f 3977//3977 3941//3941 3940//3940
f 3941//3941 3978//3978 3942//3942
f 3977//3977 3978//3978 3941//3941
f 3943//3943 3978//3978 3975//3975
f 3943//3943 3942//3942 3978//3978
f 3943//3943 3975//3975 3944//3944
f 3944//3944 3975//3975 3976//3976
f 3944//3944 3976//3976 3939//3939
f 3980//3980 3979//3979 3946//3946
f 3946//3946 3979//3979 3945//3945
f 3981//3981 3946//3946 3947//3947
f 3981//3981 3980//3980 3946//3946
f 3982//3982 3947//3947 3948//3948
f 3982//3982 3981//3981 3947//3947
f 3982//3982 3949//3949 3983//3983
f 3982//3982 3948//3948 3949//3949
f 3950//3950 3983//3983 3949//3949
f 3985//3985 3984//3984 3952//3952
f 3952//3952 3984//3984 3951//3951
f 3979//3979 3952//3952 3945//3945
f 3979//3979 3985//3985 3952//3952
f 3986//3986 3983//3983 3950//3950
f 3986//3986 3953//3953 3987//3987
f 3986//3986 3950//3950 3953//3953
f 3954//3954 3987//3987 3953//3953
f 3984//3984 3988//3988 3951//3951
f 3951//3951 3988//3988 3955//3955
f 3954//3954 3989//3989 3987//3987
f 3954//3954 3956//3956 3989//3989
f 3988//3988 3990//3990 3957//3957
f 3955//3955 3988//3988 3957//3957
f 3989//3989 3956//3956 3991//3991
f 3958//3958 3991//3991 3956//3956
f 3990//3990 3959//3959 3957//3957
f 3990//3990 3992//3992 3959//3959
f 3958//3958 3993//3993 3991//3991
f 3958//3958 3960//3960 3993//3993
f 3992//3992 3961//3961 3959//3959
f 3994//3994 3961//3961 3992//3992
f 3962//3962 3993//3993 3960//3960
f 3962//3962 3995//3995 3993//3993
f 3961//3961 3996//3996 3963//3963
f 3961//3961 3994//3994 3996//3996
f 3995//3995 3964//3964 3997//3997
f 3995//3995 3962//3962 3964//3964
f 3996//3996 3998//3998 3963//3963
f 3965//3965 3963//3963 3998//3998
f 3966//3966 3999//3999 3964//3964
f 3964//3964 3999//3999 3997//3997
f 3998//3998 3967//3967 3965//3965
f 4000//4000 3967//3967 3998//3998
f 4001//4001 3999//3999 3968//3968
f 3968//3968 3999//3999 3966//3966
f 4000//4000 4002//4002 3967//3967
f 3967//3967 4002//4002 3969//3969
f 4001//4001 3970//3970 4003//4003
f 4001//4001 3968//3968 3970//3970
f 4002//4002 4004//4004 3969//3969
f 3969//3969 4004//4004 3971//3971
f 3972//3972 4005//4005 4003//4003
f 3972//3972 4003//4003 3970//3970
f 4004//4004 4006//4006 3971//3971
f 3971//3971 4006//4006 3973//3973
f 3973//3973 4007//4007 3974//3974
f 4006//4006 4007//4007 3973//3973
f 4007//4007 4008//4008 3974//3974
f 4010//4010 3975//3975 4009//4009
f 3976//3976 4010//4010 4005//4005
f 3976//3976 3975//3975 4010//4010
f 3976//3976 4005//4005 3972//3972
f 4008//4008 3977//3977 3974//3974
f 3977//3977 4008//4008 3978//3978
f 3978//3978 4008//4008 4009//4009
f 3978//3978 4009//4009 3975//3975
f 4012//4012 4011//4011 3980//3980
f 3980//3980 4011//4011 3979//3979
f 4013//4013 3980//3980 3981//3981
f 4013//4013 4012//4012 3980//3980
f 4013//4013 3982//3982 4014//4014
f 4013//4013 3981//3981 3982//3982
f 3983//3983 4014//4014 3982//3982
f 4016//4016 4015//4015 3985//3985
f 3985//3985 4015//4015 3984//3984
f 4011//4011 3985//3985 3979//3979
f 4011//4011 4016//4016 3985//3985
f 4017//4017 4014//4014 3983//3983
f 4018//4018 3983//3983 3986//3986
f 4018//4018 4017//4017 3983//3983
f 3986//3986 3987//3987 4018//4018
f 4018//4018 3987//3987 4019//4019
f 4015//4015 4020//4020 3984//3984
f 3984//3984 4020//4020 3988//3988
f 3987//3987 3989//3989 4019//4019
f 4019//4019 3989//3989 4021//4021
f 4020//4020 4022//4022 3988//3988
f 3988//3988 4022//4022 3990//3990
f 3991//3991 4021//4021 3989//3989
f 3991//3991 4023//4023 4021//4021
f 4022//4022 3992//3992 3990//3990
f 4024//4024 3992//3992 4022//4022
f 4023//4023 3991//3991 4025//4025
f 3993//3993 4025//4025 3991//3991
f 4024//4024 3994//3994 3992//3992
f 4026//4026 3994//3994 4024//4024
f 3995//3995 4027//4027 3993//3993
f 3993//3993 4027//4027 4025//4025
f 4026//4026 3996//3996 3994//3994
f 4028//4028 3996//3996 4026//4026
f 4029//4029 4027//4027 3997//3997
f 3997//3997 4027//4027 3995//3995
f 4028//4028 4030//4030 3996//3996
f 3996//3996 4030//4030 3998//3998
f 3999//3999 4029//4029 3997//3997
f 3999//3999 4031//4031 4029//4029
f 4030//4030 4000//4000 3998//3998
f 4032//4032 4000//4000 4030//4030
f 4031//4031 4001//4001 4033//4033
f 4031//4031 3999//3999 4001//4001
f 4032//4032 4034//4034 4000//4000
f 4000//4000 4034//4034 4002//4002
f 4035//4035 4033//4033 4003//4003
f 4003//4003 4033//4033 4001//4001
f 4034//4034 4036//4036 4002//4002
f 4002//4002 4036//4036 4004//4004
f 4036//4036 4037//4037 4004//4004
f 4039//4039 4005//4005 4038//4038
f 4003//4003 4005//4005 4035//4035
f 4035//4035 4005//4005 4039//4039
f 4037//4037 4006//4006 4004//4004
f 4040//4040 4006//4006 4037//4037
f 4040//4040 4007//4007 4006//4006
f 4007//4007 4041//4041 4008//4008
f 4040//4040 4041//4041 4007//4007
f 4008//4008 4042//4042 4009//4009
f 4041//4041 4042//4042 4008//4008
f 4010//4010 4042//4042 4038//4038
f 4010//4010 4009//4009 4042//4042
f 4010//4010 4038//4038 4005//4005
f 4043//4043 4011//4011 4012//4012
f 4013//4013 4044//4044 4012//4012
f 4012//4012 4044//4044 4043//4043
f 4014//4014 4044//4044 4013//4013
f 4046//4046 4045//4045 4016//4016
f 4016//4016 4045//4045 4015//4015
f 4047//4047 4016//4016 4011//4011
f 4047//4047 4046//4046 4016//4016
f 4047//4047 4011//4011 4043//4043
f 4048//4048 4044//4044 4014//4014
f 4049//4049 4014//4014 4017//4017
f 4049//4049 4048//4048 4014//4014
f 4049//4049 4018//4018 4050//4050
f 4049//4049 4017//4017 4018//4018
f 4019//4019 4050//4050 4018//4018
f 4045//4045 4051//4051 4015//4015
f 4015//4015 4051//4051 4020//4020
f 4052//4052 4050//4050 4019//4019
f 4021//4021 4052//4052 4019//4019
f 4051//4051 4053//4053 4020//4020
f 4020//4020 4053//4053 4022//4022
f 4023//4023 4054//4054 4021//4021
f 4021//4021 4054//4054 4052//4052
f 4053//4053 4024//4024 4022//4022
f 4055//4055 4024//4024 4053//4053
f 4023//4023 4056//4056 4054//4054
f 4023//4023 4025//4025 4056//4056
f 4055//4055 4026//4026 4024//4024
f 4057//4057 4026//4026 4055//4055
f 4027//4027 4056//4056 4025//4025
f 4027//4027 4058//4058 4056//4056
f 4057//4057 4028//4028 4026//4026
f 4059//4059 4028//4028 4057//4057
f 4058//4058 4029//4029 4060//4060
f 4058//4058 4027//4027 4029//4029
f 4059//4059 4061//4061 4028//4028
f 4028//4028 4061//4061 4030//4030
f 4031//4031 4062//4062 4029//4029
f 4029//4029 4062//4062 4060//4060
f 4061//4061 4032//4032 4030//4030
f 4063//4063 4032//4032 4061//4061
f 4064//4064 4062//4062 4033//4033
f 4033//4033 4062//4062 4031//4031
f 4063//4063 4065//4065 4032//4032
f 4032//4032 4065//4065 4034//4034
f 4064//4064 4035//4035 4066//4066
f 4064//4064 4033//4033 4035//4035
f 4065//4065 4067//4067 4034//4034
f 4034//4034 4067//4067 4036//4036
f 4036//4036 4068//4068 4037//4037
f 4067//4067 4068//4068 4036//4036
f 4068//4068 4069//4069 4037//4037
f 4072//4072 4038//4038 4071//4071
f 4039//4039 4072//4072 4066//4066
f 4039//4039 4038//4038 4072//4072
f 4039//4039 4066//4066 4035//4035
f 4069//4069 4040//4040 4037//4037
f 4040//4040 4069//4069 4041//4041
f 4041//4041 4069//4069 4070//4070
f 4041//4041 4070//4070 4042//4042
f 4042//4042 4070//4070 4071//4071
f 4042//4042 4071//4071 4038//4038
f 4074//4074 4073//4073 4046//4046
f 4046//4046 4073//4073 4045//4045
f 4075//4075 4046//4046 4047//4047
f 4075//4075 4074//4074 4046//4046
f 4076//4076 4047//4047 4043//4043
f 4076//4076 4075//4075 4047//4047
f 4077//4077 4043//4043 4044//4044
f 4077//4077 4076//4076 4043//4043
f 4078//4078 4044//4044 4048//4048
f 4078//4078 4077//4077 4044//4044
f 4079//4079 4048//4048 4049//4049
f 4079//4079 4078//4078 4048//4048
f 4049//4049 4050//4050 4079//4079
f 4079//4079 4050//4050 4080//4080
f 4082//4082 4081//4081 4051//4051
f 4045//4045 4082//4082 4051//4051
f 4045//4045 4073//4073 4082//4082
f 4050//4050 4052//4052 4080//4080
f 4080//4080 4052//4052 4083//4083
f 4081//4081 4053//4053 4051//4051
f 4081//4081 4084//4084 4053//4053
f 4054//4054 4083//4083 4052//4052
f 4054//4054 4085//4085 4083//4083
f 4084//4084 4055//4055 4053//4053
f 4086//4086 4055//4055 4084//4084
f 4085//4085 4054//4054 4087//4087
f 4056//4056 4087//4087 4054//4054
f 4086//4086 4057//4057 4055//4055
f 4088//4088 4057//4057 4086//4086
f 4058//4058 4089//4089 4056//4056
f 4056//4056 4089//4089 4087//4087
f 4088//4088 4059//4059 4057//4057
f 4090//4090 4059//4059 4088//4088
f 4091//4091 4089//4089 4060//4060
f 4060//4060 4089//4089 4058//4058
f 4090//4090 4092//4092 4059//4059
f 4059//4059 4092//4092 4061//4061
f 4062//4062 4091//4091 4060//4060
f 4062//4062 4093//4093 4091//4091
f 4092//4092 4063//4063 4061//4061
f 4094//4094 4063//4063 4092//4092
f 4093//4093 4064//4064 4095//4095
f 4093//4093 4062//4062 4064//4064
f 4094//4094 4096//4096 4063//4063
f 4063//4063 4096//4096 4065//4065
f 4096//4096 4097//4097 4065//4065
f 4066//4066 4098//4098 4095//4095
f 4066//4066 4095//4095 4064//4064
f 4097//4097 4067//4067 4065//4065
f 4099//4099 4067//4067 4097//4097
f 4099//4099 4068//4068 4067//4067
f 4068//4068 4100//4100 4069//4069
f 4099//4099 4100//4100 4068//4068
f 4069//4069 4101//4101 4070//4070
f 4100//4100 4101//4101 4069//4069
f 4070//4070 4102//4102 4071//4071
f 4101//4101 4102//4102 4070//4070
f 4072//4072 4102//4102 4098//4098
f 4072//4072 4071//4071 4102//4102
f 4072//4072 4098//4098 4066//4066
f 4104//4104 4103//4103 4073//4073
f 4074//4074 4104//4104 4073//4073
f 4074//4074 4105//4105 4104//4104
f 4106//4106 4074//4074 4075//4075
f 4106//4106 4105//4105 4074//4074
f 4107//4107 4075//4075 4076//4076
f 4107//4107 4106//4106 4075//4075
f 4108//4108 4076//4076 4077//4077
f 4108//4108 4107//4107 4076//4076
f 4109//4109 4077//4077 4078//4078
f 4109//4109 4108//4108 4077//4077
f 4109//4109 4079//4079 4110//4110
f 4109//4109 4078//4078 4079//4079
f 4080//4080 4110//4110 4079//4079
f 4103//4103 4111//4111 4082//4082
f 4082//4082 4111//4111 4081//4081
f 4082//4082 4073//4073 4103//4103
f 4112//4112 4110//4110 4080//4080
f 4083//4083 4112//4112 4080//4080
f 4111//4111 4084//4084 4081//4081
f 4113//4113 4084//4084 4111//4111
f 4083//4083 4114//4114 4112//4112
f 4083//4083 4085//4085 4114//4114
f 4113//4113 4086//4086 4084//4084
f 4115//4115 4086//4086 4113//4113
f 4087//4087 4114//4114 4085//4085
f 4087//4087 4116//4116 4114//4114
f 4115//4115 4088//4088 4086//4086
f 4117//4117 4088//4088 4115//4115
f 4089//4089 4116//4116 4087//4087
f 4089//4089 4118//4118 4116//4116
f 4117//4117 4090//4090 4088//4088
f 4119//4119 4090//4090 4117//4117
f 4118//4118 4091//4091 4120//4120
f 4118//4118 4089//4089 4091//4091
f 4119//4119 4121//4121 4090//4090
f 4090//4090 4121//4121 4092//4092
f 4093//4093 4122//4122 4091//4091
f 4091//4091 4122//4122 4120//4120
f 4121//4121 4094//4094 4092//4092
f 4123//4123 4094//4094 4121//4121
f 4095//4095 4124//4124 4122//4122
f 4095//4095 4122//4122 4093//4093
f 4123//4123 4125//4125 4094//4094
f 4094//4094 4125//4125 4096//4096
f 4096//4096 4126//4126 4097//4097
f 4125//4125 4126//4126 4096//4096
f 4126//4126 4127//4127 4097//4097
f 4098//4098 4129//4129 4124//4124
f 4098//4098 4124//4124 4095//4095
f 4127//4127 4099//4099 4097//4097
f 4130//4130 4099//4099 4127//4127
f 4130//4130 4100//4100 4099//4099
f 4101//4101 4130//4130 4128//4128
f 4101//4101 4100//4100 4130//4130
f 4101//4101 4128//4128 4102//4102
f 4102//4102 4128//4128 4129//4129
f 4102//4102 4129//4129 4098//4098
f 4132//4132 4131//4131 4104//4104
f 4104//4104 4131//4131 4103//4103
f 4133//4133 4104//4104 4105//4105
f 4133//4133 4132//4132 4104//4104
f 4134//4134 4105//4105 4106//4106
f 4134//4134 4133//4133 4105//4105
f 4135//4135 4106//4106 4107//4107
f 4135//4135 4134//4134 4106//4106
f 4136//4136 4107//4107 4108//4108
f 4136//4136 4135//4135 4107//4107
f 4137//4137 4108//4108 4109//4109
f 4137//4137 4136//4136 4108//4108
f 4109//4109 4110//4110 4137//4137
f 4137//4137 4110//4110 4138//4138
f 4131//4131 4139//4139 4103//4103
f 4103//4103 4139//4139 4111//4111
f 4110//4110 4112//4112 4138//4138
f 4138//4138 4112//4112 4140//4140
f 4139//4139 4113//4113 4111//4111
f 4141//4141 4113//4113 4139//4139
f 4140//4140 4112//4112 4142//4142
f 4114//4114 4142//4142 4112//4112
f 4141//4141 4115//4115 4113//4113
f 4143//4143 4115//4115 4141//4141
f 4116//4116 4144//4144 4114//4114
f 4114//4114 4144//4144 4142//4142
f 4143//4143 4117//4117 4115//4115
f 4145//4145 4117//4117 4143//4143
f 4118//4118 4146//4146 4116//4116
f 4116//4116 4146//4146 4144//4144
f 4145//4145 4119//4119 4117//4117
f 4147//4147 4119//4119 4145//4145
f 4148//4148 4146//4146 4120//4120
f 4120//4120 4146//4146 4118//4118
f 4147//4147 4149//4149 4119//4119
f 4119//4119 4149//4149 4121//4121
f 4148//4148 4122//4122 4150//4150
f 4148//4148 4120//4120 4122//4122
f 4123//4123 4149//4149 4151//4151
f 4123//4123 4121//4121 4149//4149
f 4152//4152 4150//4150 4124//4124
f 4124//4124 4150//4150 4122//4122
f 4151//4151 4125//4125 4123//4123
f 4153//4153 4125//4125 4151//4151
f 4153//4153 4126//4126 4125//4125
f 4126//4126 4154//4154 4127//4127
f 4153//4153 4154//4154 4126//4126
f 4154//4154 4155//4155 4127//4127
f 4156//4156 4128//4128 4155//4155
f 4128//4128 4157//4157 4129//4129
f 4156//4156 4157//4157 4128//4128
f 4124//4124 4129//4129 4152//4152
f 4152//4152 4129//4129 4157//4157
f 4155//4155 4130//4130 4127//4127
f 4130//4130 4155//4155 4128//4128
f 4159//4159 4158//4158 4132//4132
f 4132//4132 4158//4158 4131//4131
f 4160//4160 4132//4132 4133//4133
f 4160//4160 4159//4159 4132//4132
f 4161//4161 4133//4133 4134//4134
f 4161//4161 4160//4160 4133//4133
f 4162//4162 4134//4134 4135//4135
f 4162//4162 4161//4161 4134//4134
f 4163//4163 4135//4135 4136//4136
f 4163//4163 4162//4162 4135//4135
f 4163//4163 4137//4137 4164//4164
f 4163//4163 4136//4136 4137//4137
f 4138//4138 4164//4164 4137//4137
f 4158//4158 4165//4165 4131//4131
f 4131//4131 4165//4165 4139//4139
f 4166//4166 4164//4164 4138//4138
f 4140//4140 4166//4166 4138//4138
f 4165//4165 4141//4141 4139//4139
f 4167//4167 4141//4141 4165//4165
f 4142//4142 4168//4168 4140//4140
f 4140//4140 4168//4168 4166//4166
f 4167//4167 4143//4143 4141//4141
f 4169//4169 4143//4143 4167//4167
f 4144//4144 4170//4170 4142//4142
f 4142//4142 4170//4170 4168//4168
f 4169//4169 4145//4145 4143//4143
f 4171//4171 4145//4145 4169//4169
f 4146//4146 4172//4172 4144//4144
f 4144//4144 4172//4172 4170//4170
f 4171//4171 4147//4147 4145//4145
f 4173//4173 4147//4147 4171//4171
f 4148//4148 4174//4174 4146//4146
f 4146//4146 4174//4174 4172//4172
f 4173//4173 4175//4175 4147//4147
f 4147//4147 4175//4175 4149//4149
f 4176//4176 4174//4174 4150//4150
f 4150//4150 4174//4174 4148//4148
f 4175//4175 4177//4177 4149//4149
f 4149//4149 4177//4177 4151//4151
f 4177//4177 4178//4178 4151//4151
f 4176//4176 4152//4152 4180//4180
f 4176//4176 4150//4150 4152//4152
f 4178//4178 4153//4153 4151//4151
f 4181//4181 4153//4153 4178//4178
f 4181//4181 4154//4154 4153//4153
f 4154//4154 4182//4182 4155//4155
f 4181//4181 4182//4182 4154//4154
f 4156//4156 4182//4182 4179//4179
f 4156//4156 4155//4155 4182//4182
f 4156//4156 4179//4179 4157//4157
f 4157//4157 4179//4179 4180//4180
f 4157//4157 4180//4180 4152//4152
f 4183//4183 4158//4158 4159//4159
f 4159//4159 4184//4184 4183//4183
f 4159//4159 4160//4160 4184//4184
f 4185//4185 4160//4160 4161//4161
f 4185//4185 4184//4184 4160//4160
f 4185//4185 4162//4162 4186//4186
f 4185//4185 4161//4161 4162//4162
f 4163//4163 4187//4187 4162//4162
f 4162//4162 4187//4187 4186//4186
f 4164//4164 4187//4187 4163//4163
f 4189//4189 4188//4188 4158//4158
f 4158//4158 4188//4188 4165//4165
f 4189//4189 4158//4158 4183//4183
f 4190//4190 4187//4187 4164//4164
f 4166//4166 4190//4190 4164//4164
f 4188//4188 4167//4167 4165//4165
f 4191//4191 4167//4167 4188//4188
f 4166//4166 4192//4192 4190//4190
f 4166//4166 4168//4168 4192//4192
f 4191//4191 4169//4169 4167//4167
f 4193//4193 4169//4169 4191//4191
f 4170//4170 4192//4192 4168//4168
f 4170//4170 4194//4194 4192//4192
f 4193//4193 4171//4171 4169//4169
f 4195//4195 4171//4171 4193//4193
f 4172//4172 4194//4194 4170//4170
f 4172//4172 4196//4196 4194//4194
f 4173//4173 4195//4195 4197//4197
f 4173//4173 4171//4171 4195//4195
f 4196//4196 4174//4174 4198//4198
f 4196//4196 4172//4172 4174//4174
f 4197//4197 4175//4175 4173//4173
f 4197//4197 4199//4199 4175//4175
f 4176//4176 4200//4200 4174//4174
f 4174//4174 4200//4200 4198//4198
f 4199//4199 4177//4177 4175//4175
f 4201//4201 4177//4177 4199//4199
f 4201//4201 4178//4178 4177//4177
f 4201//4201 4202//4202 4178//4178
f 4204//4204 4179//4179 4203//4203
f 4180//4180 4204//4204 4200//4200
f 4180//4180 4179//4179 4204//4204
f 4180//4180 4200//4200 4176//4176
f 4202//4202 4181//4181 4178//4178
f 4181//4181 4202//4202 4182//4182
f 4182//4182 4202//4202 4203//4203
f 4182//4182 4203//4203 4179//4179
f 4205//4205 4183//4183 4184//4184
f 4185//4185 4206//4206 4184//4184
f 4184//4184 4206//4206 4205//4205
f 4186//4186 4206//4206 4185//4185
f 4208//4208 4207//4207 4189//4189
f 4189//4189 4207//4207 4188//4188
f 4209//4209 4189//4189 4183//4183
f 4209//4209 4208//4208 4189//4189
f 4209//4209 4183//4183 4205//4205
f 4210//4210 4206//4206 4186//4186
f 4210//4210 4187//4187 4211//4211
f 4210//4210 4186//4186 4187//4187
f 4190//4190 4211//4211 4187//4187
f 4207//4207 4191//4191 4188//4188
f 4212//4212 4191//4191 4207//4207
f 4213//4213 4211//4211 4190//4190
f 4192//4192 4213//4213 4190//4190
f 4212//4212 4193//4193 4191//4191
f 4214//4214 4193//4193 4212//4212
f 4194//4194 4215//4215 4192//4192
f 4192//4192 4215//4215 4213//4213
f 4195//4195 4214//4214 4216//4216
f 4195//4195 4193//4193 4214//4214
f 4196//4196 4217//4217 4194//4194
f 4194//4194 4217//4217 4215//4215
f 4216//4216 4197//4197 4195//4195
f 4218//4218 4197//4197 4216//4216
f 4198//4198 4219//4219 4217//4217
f 4198//4198 4217//4217 4196//4196
f 4218//4218 4220//4220 4197//4197
f 4197//4197 4220//4220 4199//4199
f 4220//4220 4221//4221 4199//4199
f 4224//4224 4223//4223 4219//4219
f 4200//4200 4224//4224 4198//4198
f 4198//4198 4224//4224 4219//4219
f 4221//4221 4201//4201 4199//4199
f 4201//4201 4221//4221 4202//4202
f 4202//4202 4221//4221 4222//4222
f 4202//4202 4222//4222 4203//4203
f 4203//4203 4222//4222 4223//4223
f 4203//4203 4223//4223 4204//4204
f 4204//4204 4223//4223 4224//4224
f 4204//4204 4224//4224 4200//4200
f 4225//4225 4207//4207 4208//4208
f 4208//4208 4226//4226 4225//4225
f 4208//4208 4209//4209 4226//4226
f 4227//4227 4209//4209 4205//4205
f 4227//4227 4226//4226 4209//4209
f 4228//4228 4205//4205 4206//4206
f 4228//4228 4227//4227 4205//4205
f 4228//4228 4210//4210 4229//4229
f 4228//4228 4206//4206 4210//4210
f 4211//4211 4229//4229 4210//4210
f 4230//4230 4207//4207 4225//4225
f 4230//4230 4212//4212 4207//4207
f 4231//4231 4229//4229 4211//4211
f 4213//4213 4231//4231 4211//4211
f 4230//4230 4214//4214 4212//4212
f 4232//4232 4214//4214 4230//4230
f 4215//4215 4233//4233 4213//4213
f 4213//4213 4233//4233 4231//4231
f 4232//4232 4234//4234 4214//4214
f 4214//4214 4234//4234 4216//4216
f 4217//4217 4235//4235 4215//4215
f 4215//4215 4235//4235 4233//4233
f 4218//4218 4234//4234 4236//4236
f 4218//4218 4216//4216 4234//4234
f 4219//4219 4237//4237 4235//4235
f 4219//4219 4235//4235 4217//4217
f 4236//4236 4220//4220 4218//4218
f 4238//4238 4220//4220 4236//4236
f 4238//4238 4221//4221 4220//4220
f 4221//4221 4239//4239 4222//4222
f 4238//4238 4239//4239 4221//4221
f 4223//4223 4239//4239 4237//4237
f 4223//4223 4222//4222 4239//4239
f 4223//4223 4237//4237 4219//4219
f 4240//4240 4225//4225 4226//4226
f 4227//4227 4241//4241 4226//4226
f 4226//4226 4241//4241 4240//4240
f 4228//4228 4242//4242 4227//4227
f 4227//4227 4242//4242 4241//4241
f 4229//4229 4242//4242 4228//4228
f 4243//4243 4230//4230 4225//4225
f 4240//4240 4243//4243 4225//4225
f 4240//4240 4244//4244 4243//4243
f 4240//4240 4241//4241 4244//4244
f 4245//4245 4242//4242 4229//4229
f 4231//4231 4245//4245 4229//4229
f 4246//4246 4232//4232 4243//4243
f 4243//4243 4232//4232 4230//4230
f 4247//4247 4243//4243 4244//4244
f 4246//4246 4243//4243 4247//4247
f 4233//4233 4248//4248 4231//4231
f 4231//4231 4248//4248 4245//4245
f 4246//4246 4234//4234 4232//4232
f 4246//4246 4249//4249 4234//4234
f 4246//4246 4247//4247 4249//4249
f 4249//4249 4247//4247 4250//4250
f 4252//4252 4251//4251 4248//4248
f 4235//4235 4252//4252 4233//4233
f 4233//4233 4252//4252 4248//4248
f 4249//4249 4236//4236 4234//4234
f 4249//4249 4253//4253 4236//4236
f 4249//4249 4250//4250 4253//4253
f 4254//4254 4250//4250 4251//4251
f 4253//4253 4250//4250 4254//4254
f 4254//4254 4252//4252 4237//4237
f 4254//4254 4251//4251 4252//4252
f 4237//4237 4252//4252 4235//4235
f 4253//4253 4238//4238 4236//4236
f 4238//4238 4253//4253 4239//4239
f 4239//4239 4253//4253 4254//4254
f 4239//4239 4254//4254 4237//4237
f 4255//4255 4244//4244 4241//4241
f 4242//4242 4256//4256 4241//4241
f 4241//4241 4256//4256 4255//4255
f 4245//4245 4256//4256 4242//4242
f 4257//4257 4247//4247 4255//4255
f 4255//4255 4247//4247 4244//4244
f 4258//4258 4255//4255 4256//4256
f 4257//4257 4255//4255 4258//4258
f 4248//4248 4258//4258 4245//4245
f 4245//4245 4258//4258 4256//4256
f 4257//4257 4250//4250 4247//4247
f 4250//4250 4257//4257 4251//4251
f 4251//4251 4257//4257 4258//4258
f 4251//4251 4258//4258 4248//4248

