# https://github.com/mikedh/trimesh
v -27.69937909 -5.51139873 30.70978671
v -27.19919592 -5.51139873 30.20710993
v -27.19919592 -6.01243484 30.70978671
v -27.19919592 -6.01243484 31.21246350
v -27.69937909 -5.51139873 31.21246350
v -27.19919592 -6.01243484 31.71514028
v -27.69937909 -5.51139873 31.71514028
v -27.19919592 -6.01243484 32.21781707
v -27.69937909 -5.51139873 32.21781707
v -27.19919592 -6.01243484 32.72049385
v -27.69937909 -5.51139873 32.72049385
v -27.19919592 -5.51139873 33.22317064
v -27.69937909 -5.01036263 30.20710993
v -27.19919592 -5.01036263 29.70443314
v -27.69937909 -5.01036263 30.70978671
v -27.69937909 -5.01036263 31.21246350
v -27.69937909 -5.01036263 31.71514028
v -27.69937909 -5.01036263 32.21781707
v -27.69937909 -5.01036263 32.72049385
v -27.69937909 -5.01036263 33.22317064
v -27.19919592 -5.01036263 33.72584742
v -27.69937909 -4.50932652 30.20710993
v -27.19919592 -4.50932652 29.70443314
v -27.69937909 -4.50932652 30.70978671
v -27.69937909 -4.50932652 31.21246350
v -27.69937909 -4.50932652 31.71514028
v -27.69937909 -4.50932652 32.21781707
v -27.69937909 -4.50932652 32.72049385
v -27.69937909 -4.50932652 33.22317064
v -27.19919592 -4.50932652 33.72584742
v -27.69937909 -4.00829041 30.20710993
v -27.19919592 -4.00829041 29.70443314
v -27.69937909 -4.00829041 30.70978671
v -27.69937909 -4.00829041 31.21246350
v -27.69937909 -4.00829041 31.71514028
v -27.69937909 -4.00829041 32.21781707
v -27.69937909 -4.00829041 32.72049385
v -27.69937909 -4.00829041 33.22317064
v -27.69937909 -4.00829041 33.72584742
v -27.19919592 -4.00829041 34.22852421
v -27.69937909 -3.50725430 30.20710993
v -27.19919592 -3.50725430 29.70443314
v -27.69937909 -3.50725430 30.70978671
v -27.69937909 -3.50725430 31.21246350
v -27.69937909 -3.50725430 31.71514028
v -27.69937909 -3.50725430 32.21781707
v -27.69937909 -3.50725430 32.72049385
v -27.69937909 -3.50725430 33.22317064
v -27.69937909 -3.50725430 33.72584742
v -27.19919592 -3.50725430 34.22852421
v -27.69937909 -3.00621819 30.20710993
v -27.19919592 -3.00621819 29.70443314
v -27.69937909 -3.00621819 30.70978671
v -27.69937909 -3.00621819 31.21246350
v -27.69937909 -3.00621819 31.71514028
v -27.69937909 -3.00621819 32.21781707
v -27.69937909 -3.00621819 32.72049385
v -27.69937909 -3.00621819 33.22317064
v -27.69937909 -3.00621819 33.72584742
v -27.19919592 -3.00621819 34.22852421
v -27.69937909 -2.50518209 30.20710993
v -27.19919592 -2.50518209 29.70443314
v -27.69937909 -2.50518209 30.70978671
v -27.69937909 -2.50518209 31.21246350
v -27.69937909 -2.50518209 31.71514028
v -27.69937909 -2.50518209 32.21781707
v -27.69937909 -2.50518209 32.72049385
v -27.69937909 -2.50518209 33.22317064
v -27.69937909 -2.50518209 33.72584742
v -27.19919592 -2.50518209 34.22852421
v -27.19919592 -2.00414598 30.20710993
v -27.69937909 -2.00414598 30.70978671
v -27.69937909 -2.00414598 31.21246350
v -27.69937909 -2.00414598 31.71514028
v -27.69937909 -2.00414598 32.21781707
v -27.69937909 -2.00414598 32.72049385
v -27.69937909 -2.00414598 33.22317064
v -27.69937909 -2.00414598 33.72584742
v -27.19919592 -2.00414598 34.22852421
v -27.19919592 -1.50310987 30.70978671
v -27.69937909 -1.50310987 31.21246350
v -27.69937909 -1.50310987 31.71514028
v -27.69937909 -1.50310987 32.21781707
v -27.69937909 -1.50310987 32.72049385
v -27.69937909 -1.50310987 33.22317064
v -27.69937909 -1.50310987 33.72584742
v -27.19919592 -1.50310987 34.22852421
v -27.69937909 -1.00207376 31.21246350
v -27.19919592 -1.00207376 30.70978671
v -27.69937909 -1.00207376 31.71514028
v -27.69937909 -1.00207376 32.21781707
v -27.69937909 -1.00207376 32.72049385
v -27.69937909 -1.00207376 33.22317064
v -27.69937909 -1.00207376 33.72584742
v -27.19919592 -1.00207376 34.22852421
v -27.19919592 -0.50103766 31.21246350
v -27.69937909 -0.50103766 31.71514028
v -27.69937909 -0.50103766 32.21781707
v -27.69937909 -0.50103766 32.72049385
v -27.69937909 -0.50103766 33.22317064
v -27.69937909 -0.50103766 33.72584742
v -27.19919592 -0.50103766 34.22852421
v -27.19919592 -0.00000155 31.71514028
v -27.69937909 -0.00000155 32.21781707
v -27.69937909 -0.00000155 32.72049385
v -27.69937909 -0.00000155 33.22317064
v -27.19919592 -0.00000155 33.72584742
v -27.19919592 0.50103456 32.21781707
v -27.69937909 0.50103456 32.72049385
v -27.19919592 0.50103456 33.22317064
v -27.19919592 1.00207067 32.72049385
v -27.19919592 -6.51347095 30.20710993
v -26.69901276 -6.51347095 29.70443314
v -26.69901276 -7.01450706 30.20710993
v -26.69901276 -7.01450706 30.70978671
v -27.19919592 -6.51347095 30.70978671
v -26.69901276 -7.01450706 31.21246350
v -27.19919592 -6.51347095 31.21246350
v -26.69901276 -7.01450706 31.71514028
v -27.19919592 -6.51347095 31.71514028
v -26.69901276 -7.01450706 32.21781707
v -27.19919592 -6.51347095 32.21781707
v -26.69901276 -7.01450706 32.72049385
v -27.19919592 -6.51347095 32.72049385
v -26.69901276 -6.51347095 33.22317064
v -27.19919592 -6.01243484 29.70443314
v -26.69901276 -6.01243484 29.20175636
v -27.19919592 -6.01243484 30.20710993
v -27.19919592 -6.01243484 33.22317064
v -26.69901276 -6.51347095 33.72584742
v -27.19919592 -6.01243484 33.72584742
v -26.69901276 -6.01243484 34.22852421
v -27.19919592 -5.51139873 29.70443314
v -26.69901276 -5.51139873 29.20175636
v -27.19919592 -5.51139873 33.72584742
v -26.69901276 -5.51139873 34.22852421
v -27.19919592 -5.01036263 29.20175636
v -26.69901276 -5.01036263 28.69907957
v -27.19919592 -5.01036263 34.22852421
v -26.69901276 -5.01036263 34.73120099
v -27.19919592 -4.50932652 29.20175636
v -26.69901276 -4.50932652 28.69907957
v -27.19919592 -4.50932652 34.22852421
v -27.19919592 -4.50932652 34.73120099
v -26.69901276 -4.50932652 35.23387778
v -27.19919592 -4.00829041 29.20175636
v -26.69901276 -4.00829041 28.69907957
v -27.19919592 -4.00829041 34.73120099
v -26.69901276 -4.00829041 35.23387778
v -27.19919592 -3.50725430 29.20175636
v -26.69901276 -3.50725430 28.69907957
v -27.19919592 -3.50725430 34.73120099
v -26.69901276 -3.50725430 35.23387778
v -27.19919592 -3.00621819 29.20175636
v -26.69901276 -3.00621819 28.69907957
v -27.19919592 -3.00621819 34.73120099
v -26.69901276 -3.00621819 35.23387778
v -26.69901276 -2.50518209 29.20175636
v -27.19919592 -2.50518209 34.73120099
v -26.69901276 -2.50518209 35.23387778
v -27.19919592 -2.00414598 29.70443314
v -26.69901276 -2.00414598 29.20175636
v -27.19919592 -2.00414598 34.73120099
v -27.19919592 -2.00414598 35.23387778
v -26.69901276 -2.00414598 35.73655456
v -26.69901276 -1.50310987 29.70443314
v -27.19919592 -1.50310987 30.20710993
v -27.19919592 -1.50310987 34.73120099
v -26.69901276 -1.50310987 35.23387778
v -27.19919592 -1.00207376 30.20710993
v -26.69901276 -1.00207376 29.70443314
v -27.19919592 -1.00207376 34.73120099
v -26.69901276 -1.00207376 35.23387778
v -26.69901276 -0.50103766 30.20710993
v -27.19919592 -0.50103766 30.70978671
v -27.19919592 -0.50103766 34.73120099
v -26.69901276 -0.50103766 35.23387778
v -27.19919592 -0.00000155 30.70978671
v -26.69901276 -0.00000155 30.20710993
v -27.19919592 -0.00000155 31.21246350
v -27.19919592 -0.00000155 34.22852421
v -27.19919592 -0.00000155 34.73120099
v -26.69901276 -0.00000155 35.23387778
v -26.69901276 0.50103456 30.70978671
v -27.19919592 0.50103456 31.21246350
v -27.19919592 0.50103456 31.71514028
v -27.19919592 0.50103456 33.72584742
v -27.19919592 0.50103456 34.22852421
v -26.69901276 0.50103456 34.73120099
v -27.19919592 1.00207067 31.21246350
v -26.69901276 1.00207067 30.70978671
v -27.19919592 1.00207067 31.71514028
v -27.19919592 1.00207067 32.21781707
v -27.19919592 1.00207067 33.22317064
v -27.19919592 1.00207067 33.72584742
v -27.19919592 1.00207067 34.22852421
v -26.69901276 1.00207067 34.73120099
v -26.69901276 1.50310677 31.21246350
v -27.19919592 1.50310677 31.71514028
v -27.19919592 1.50310677 32.21781707
v -27.19919592 1.50310677 32.72049385
v -27.19919592 1.50310677 33.22317064
v -27.19919592 1.50310677 33.72584742
v -26.69901276 1.50310677 34.22852421
v -26.69901276 2.00414288 31.71514028
v -26.69901276 2.00414288 32.21781707
v -26.69901276 2.00414288 32.72049385
v -26.69901276 2.00414288 33.22317064
v -26.69901276 2.00414288 33.72584742
v -26.69901276 -7.51554316 30.20710993
v -26.19882959 -7.51554316 29.70443314
v -26.19882959 -8.01657927 30.20710993
v -26.19882959 -8.01657927 30.70978671
v -26.69901276 -7.51554316 30.70978671
v -26.19882959 -8.01657927 31.21246350
v -26.69901276 -7.51554316 31.21246350
v -26.19882959 -8.01657927 31.71514028
v -26.69901276 -7.51554316 31.71514028
v -26.19882959 -8.01657927 32.21781707
v -26.69901276 -7.51554316 32.21781707
v -26.19882959 -8.01657927 32.72049385
v -26.69901276 -7.51554316 32.72049385
v -26.19882959 -7.51554316 33.22317064
v -26.69901276 -7.01450706 29.70443314
v -26.19882959 -7.01450706 29.20175636
v -26.69901276 -7.01450706 33.22317064
v -26.19882959 -7.51554316 33.72584742
v -26.69901276 -7.01450706 33.72584742
v -26.19882959 -7.01450706 34.22852421
v -26.69901276 -6.51347095 29.20175636
v -26.19882959 -6.51347095 28.69907957
v -26.69901276 -6.51347095 34.22852421
v -26.19882959 -6.51347095 34.73120099
v -26.69901276 -6.01243484 28.69907957
v -26.19882959 -6.01243484 28.19640279
v -26.69901276 -6.01243484 34.73120099
v -26.19882959 -6.01243484 35.23387778
v -26.69901276 -5.51139873 28.69907957
v -26.19882959 -5.51139873 28.19640279
v -26.69901276 -5.51139873 34.73120099
v -26.19882959 -5.51139873 35.23387778
v -26.19882959 -5.01036263 28.19640279
v -26.69901276 -5.01036263 35.23387778
v -26.19882959 -5.01036263 35.73655456
v -26.19882959 -4.50932652 28.19640279
v -26.19882959 -4.50932652 35.73655456
v -26.19882959 -4.00829041 28.19640279
v -26.19882959 -4.00829041 35.73655456
v -26.19882959 -3.50725430 28.19640279
v -26.69901276 -3.50725430 35.73655456
v -26.19882959 -3.50725430 36.23923135
v -26.19882959 -3.00621819 28.19640279
v -26.69901276 -3.00621819 35.73655456
v -26.19882959 -3.00621819 36.23923135
v -26.69901276 -2.50518209 28.69907957
v -26.19882959 -2.50518209 28.19640279
v -26.69901276 -2.50518209 35.73655456
v -26.19882959 -2.50518209 36.23923135
v -26.19882959 -2.00414598 28.69907957
v -26.19882959 -2.00414598 36.23923135
v -26.69901276 -1.50310987 29.20175636
v -26.19882959 -1.50310987 28.69907957
v -26.69901276 -1.50310987 35.73655456
v -26.19882959 -1.50310987 36.23923135
v -26.19882959 -1.00207376 29.20175636
v -26.69901276 -1.00207376 35.73655456
v -26.19882959 -1.00207376 36.23923135
v -26.69901276 -0.50103766 29.70443314
v -26.19882959 -0.50103766 29.20175636
v -26.69901276 -0.50103766 35.73655456
v -26.19882959 -0.50103766 36.23923135
v -26.19882959 -0.00000155 29.70443314
v -26.19882959 -0.00000155 35.73655456
v -26.69901276 0.50103456 30.20710993
v -26.19882959 0.50103456 29.70443314
v -26.69901276 0.50103456 35.23387778
v -26.19882959 0.50103456 35.73655456
v -26.19882959 1.00207067 30.20710993
v -26.69901276 1.00207067 35.23387778
v -26.19882959 1.00207067 35.73655456
v -26.69901276 1.50310677 30.70978671
v -26.19882959 1.50310677 30.20710993
v -26.69901276 1.50310677 34.73120099
v -26.19882959 1.50310677 35.23387778
v -26.19882959 2.00414288 30.70978671
v -26.69901276 2.00414288 31.21246350
v -26.69901276 2.00414288 34.22852421
v -26.19882959 2.00414288 34.73120099
v -26.19882959 2.50517899 31.21246350
v -26.69901276 2.50517899 31.71514028
v -26.69901276 2.50517899 32.21781707
v -26.69901276 2.50517899 32.72049385
v -26.69901276 2.50517899 33.22317064
v -26.69901276 2.50517899 33.72584742
v -26.19882959 2.50517899 34.22852421
v -26.19882959 3.00621510 31.71514028
v -26.19882959 3.00621510 32.21781707
v -26.19882959 3.00621510 32.72049385
v -26.19882959 3.00621510 33.22317064
v -26.19882959 3.00621510 33.72584742
v -26.19882959 -8.51761538 30.20710993
v -25.69864643 -8.51761538 29.70443314
v -25.69864643 -9.01865149 30.20710993
v -25.69864643 -9.01865149 30.70978671
v -26.19882959 -8.51761538 30.70978671
v -25.69864643 -9.01865149 31.21246350
v -26.19882959 -8.51761538 31.21246350
v -25.69864643 -9.01865149 31.71514028
v -26.19882959 -8.51761538 31.71514028
v -25.69864643 -8.51761538 32.21781707
v -26.19882959 -8.01657927 29.70443314
v -25.69864643 -8.01657927 29.20175636
v -25.69864643 -8.51761538 32.72049385
v -25.69864643 -8.51761538 33.22317064
v -26.19882959 -8.01657927 33.22317064
v -25.69864643 -8.01657927 33.72584742
v -26.19882959 -7.51554316 29.20175636
v -25.69864643 -7.51554316 28.69907957
v -25.69864643 -7.51554316 34.22852421
v -26.19882959 -7.01450706 28.69907957
v -25.69864643 -7.01450706 28.19640279
v -25.69864643 -7.51554316 34.73120099
v -26.19882959 -7.01450706 34.73120099
v -25.69864643 -7.01450706 35.23387778
v -25.69864643 -6.51347095 28.19640279
v -25.69864643 -6.51347095 35.23387778
v -25.69864643 -6.01243484 27.69372600
v -25.69864643 -6.01243484 35.73655456
v -25.69864643 -5.51139873 27.69372600
v -26.19882959 -5.51139873 35.73655456
v -25.69864643 -5.51139873 36.23923135
v -25.69864643 -5.01036263 27.69372600
v -25.69864643 -5.01036263 36.23923135
v -25.69864643 -4.50932652 27.69372600
v -25.69864643 -4.50932652 36.23923135
v -25.69864643 -4.00829041 27.69372600
v -26.19882959 -4.00829041 36.23923135
v -25.69864643 -4.00829041 36.74190813
v -25.69864643 -3.50725430 27.69372600
v -25.69864643 -3.50725430 36.74190813
v -25.69864643 -3.00621819 27.69372600
v -25.69864643 -3.00621819 36.74190813
v -25.69864643 -2.50518209 27.69372600
v -25.69864643 -2.50518209 36.74190813
v -25.69864643 -2.00414598 28.19640279
v -25.69864643 -2.00414598 36.74190813
v -25.69864643 -1.50310987 28.19640279
v -25.69864643 -1.50310987 36.74190813
v -25.69864643 -1.00207376 28.69907957
v -25.69864643 -1.00207376 36.74190813
v -25.69864643 -0.50103766 28.69907957
v -25.69864643 -0.50103766 36.74190813
v -25.69864643 -0.00000155 29.20175636
v -25.69864643 -0.00000155 36.23923135
v -25.69864643 0.50103456 29.20175636
v -25.69864643 0.50103456 36.23923135
v -25.69864643 1.00207067 29.70443314
v -25.69864643 1.00207067 36.23923135
v -25.69864643 1.50310677 29.70443314
v -26.19882959 1.50310677 35.73655456
v -25.69864643 1.50310677 36.23923135
v -25.69864643 2.00414288 30.20710993
v -26.19882959 2.00414288 35.23387778
v -25.69864643 2.00414288 35.73655456
v -26.19882959 2.50517899 30.70978671
v -25.69864643 2.50517899 30.20710993
v -26.19882959 2.50517899 34.73120099
v -25.69864643 2.50517899 35.23387778
v -25.69864643 3.00621510 30.70978671
v -26.19882959 3.00621510 31.21246350
v -26.19882959 3.00621510 34.22852421
v -25.69864643 3.00621510 34.73120099
v -25.69864643 3.50725120 31.21246350
v -25.69864643 3.50725120 31.71514028
v -26.19882959 3.50725120 32.21781707
v -26.19882959 3.50725120 32.72049385
v -26.19882959 3.50725120 33.22317064
v -25.69864643 3.50725120 33.72584742
v -25.69864643 3.50725120 34.22852421
v -25.69864643 4.00828731 32.21781707
v -25.69864643 4.00828731 32.72049385
v -25.69864643 4.00828731 33.22317064
v -25.69864643 -9.01865149 29.70443314
v -25.19846326 -9.01865149 29.20175636
v -25.19846326 -9.51968759 29.70443314
v -25.19846326 -9.51968759 30.20710993
v -25.19846326 -9.51968759 30.70978671
v -25.19846326 -9.51968759 31.21246350
v -25.19846326 -9.51968759 31.71514028
v -25.19846326 -9.51968759 32.21781707
v -25.69864643 -9.01865149 32.21781707
v -25.19846326 -9.01865149 32.72049385
v -25.69864643 -8.51761538 29.20175636
v -25.19846326 -8.51761538 28.69907957
v -25.19846326 -9.01865149 33.22317064
v -25.19846326 -8.51761538 33.72584742
v -25.69864643 -8.01657927 28.69907957
v -25.19846326 -8.01657927 28.19640279
v -25.19846326 -8.51761538 34.22852421
v -25.69864643 -8.01657927 34.22852421
v -25.19846326 -8.01657927 34.73120099
v -25.19846326 -7.51554316 28.19640279
v -25.19846326 -7.51554316 35.23387778
v -25.19846326 -7.01450706 27.69372600
v -25.19846326 -7.01450706 35.73655456
v -25.19846326 -6.51347095 27.69372600
v -25.69864643 -6.51347095 35.73655456
v -25.19846326 -6.51347095 36.23923135
v -25.19846326 -6.01243484 27.69372600
v -25.19846326 -6.01243484 36.23923135
v -25.19846326 -5.51139873 27.19104922
v -25.19846326 -5.51139873 36.23923135
v -25.19846326 -5.01036263 27.19104922
v -25.19846326 -5.01036263 36.74190813
v -25.19846326 -4.50932652 27.19104922
v -25.19846326 -4.50932652 36.74190813
v -25.19846326 -4.00829041 27.19104922
v -25.19846326 -4.00829041 36.74190813
v -25.19846326 -3.50725430 27.19104922
v -25.19846326 -3.50725430 36.74190813
v -25.19846326 -3.00621819 27.19104922
v -25.19846326 -3.00621819 36.74190813
v -25.19846326 -2.50518209 27.69372600
v -25.19846326 -2.50518209 37.24458492
v -25.19846326 -2.00414598 27.69372600
v -25.19846326 -2.00414598 37.24458492
v -25.19846326 -1.50310987 28.19640279
v -25.19846326 -1.50310987 36.74190813
v -25.19846326 -1.00207376 28.19640279
v -25.19846326 -1.00207376 36.74190813
v -25.19846326 -0.50103766 28.69907957
v -25.19846326 -0.50103766 36.74190813
v -25.19846326 -0.00000155 28.69907957
v -25.19846326 -0.00000155 36.74190813
v -25.19846326 0.50103456 29.20175636
v -25.19846326 0.50103456 36.74190813
v -25.19846326 1.00207067 29.20175636
v -25.19846326 1.00207067 36.74190813
v -25.19846326 1.50310677 29.70443314
v -25.19846326 1.50310677 36.23923135
v -25.19846326 2.00414288 29.70443314
v -25.19846326 2.00414288 36.23923135
v -25.19846326 2.50517899 29.70443314
v -25.69864643 2.50517899 35.73655456
v -25.19846326 2.50517899 36.23923135
v -25.19846326 3.00621510 30.20710993
v -25.69864643 3.00621510 35.23387778
v -25.19846326 3.00621510 35.73655456
v -25.69864643 3.50725120 30.70978671
v -25.19846326 3.50725120 30.20710993
v -25.69864643 3.50725120 34.73120099
v -25.19846326 3.50725120 35.23387778
v -25.19846326 4.00828731 30.70978671
v -25.69864643 4.00828731 31.21246350
v -25.69864643 4.00828731 31.71514028
v -25.69864643 4.00828731 33.72584742
v -25.19846326 4.00828731 34.22852421
v -25.19846326 4.00828731 34.73120099
v -25.19846326 4.50932342 31.21246350
v -25.19846326 4.50932342 31.71514028
v -25.19846326 4.50932342 32.21781707
v -25.19846326 4.50932342 32.72049385
v -25.19846326 4.50932342 33.22317064
v -25.19846326 4.50932342 33.72584742
v -25.19846326 -9.51968759 29.20175636
v -24.69828010 -9.51968759 28.69907957
v -24.69828010 -10.02072370 29.20175636
v -24.69828010 -10.02072370 29.70443314
v -24.69828010 -10.02072370 30.20710993
v -24.69828010 -10.02072370 30.70978671
v -24.69828010 -10.02072370 31.21246350
v -24.69828010 -10.02072370 31.71514028
v -24.69828010 -10.02072370 32.21781707
v -24.69828010 -10.02072370 32.72049385
v -25.19846326 -9.51968759 32.72049385
v -24.69828010 -9.51968759 33.22317064
v -25.19846326 -9.01865149 28.69907957
v -24.69828010 -9.01865149 28.19640279
v -24.69828010 -9.51968759 33.72584742
v -25.19846326 -9.01865149 33.72584742
v -24.69828010 -9.01865149 34.22852421
v -24.69828010 -8.51761538 28.19640279
v -24.69828010 -8.51761538 34.73120099
v -24.69828010 -8.01657927 27.69372600
v -24.69828010 -8.01657927 35.23387778
v -24.69828010 -7.51554316 27.69372600
v -24.69828010 -7.51554316 35.73655456
v -24.69828010 -7.01450706 27.19104922
v -24.69828010 -7.01450706 36.23923135
v -24.69828010 -6.51347095 27.19104922
v -24.69828010 -6.51347095 36.23923135
v -24.69828010 -6.01243484 27.19104922
v -24.69828010 -6.01243484 36.74190813
v -24.69828010 -5.51139873 27.19104922
v -24.69828010 -5.51139873 36.74190813
v -24.69828010 -5.01036263 27.19104922
v -24.69828010 -5.01036263 36.74190813
v -24.69828010 -4.50932652 27.19104922
v -24.69828010 -4.50932652 37.24458492
v -24.69828010 -4.00829041 27.19104922
v -24.69828010 -4.00829041 37.24458492
v -24.69828010 -3.50725430 27.19104922
v -24.69828010 -3.50725430 37.24458492
v -24.69828010 -3.00621819 27.19104922
v -24.69828010 -3.00621819 37.24458492
v -24.69828010 -2.50518209 27.19104922
v -24.69828010 -2.50518209 37.24458492
v -24.69828010 -2.00414598 27.69372600
v -24.69828010 -2.00414598 37.24458492
v -24.69828010 -1.50310987 27.69372600
v -24.69828010 -1.50310987 37.24458492
v -24.69828010 -1.00207376 28.19640279
v -24.69828010 -1.00207376 37.24458492
v -24.69828010 -0.50103766 28.19640279
v -24.69828010 -0.50103766 37.24458492
v -24.69828010 -0.00000155 28.69907957
v -24.69828010 -0.00000155 37.24458492
v -24.69828010 0.50103456 28.69907957
v -24.69828010 0.50103456 37.24458492
v -24.69828010 1.00207067 29.20175636
v -24.69828010 1.00207067 36.74190813
v -24.69828010 1.50310677 29.20175636
v -24.69828010 1.50310677 36.74190813
v -24.69828010 2.00414288 29.20175636
v -24.69828010 2.00414288 36.74190813
v -24.69828010 2.50517899 29.70443314
v -24.69828010 2.50517899 36.23923135
v -24.69828010 3.00621510 29.70443314
v -24.69828010 3.00621510 36.23923135
v -24.69828010 3.50725120 29.70443314
v -24.69828010 3.50725120 35.73655456
v -24.69828010 4.00828731 30.20710993
v -24.69828010 4.00828731 35.23387778
v -24.69828010 4.50932342 30.70978671
v -25.19846326 4.50932342 34.22852421
v -24.69828010 4.50932342 34.73120099
v -24.69828010 5.01035953 31.21246350
v -24.69828010 5.01035953 31.71514028
v -24.69828010 5.01035953 32.21781707
v -24.69828010 5.01035953 32.72049385
v -24.69828010 5.01035953 33.22317064
v -24.69828010 5.01035953 33.72584742
v -24.69828010 5.01035953 34.22852421
v -24.69828010 -10.52175981 30.70978671
v -24.19809693 -10.52175981 30.20710993
v -24.19809693 -11.02279592 30.70978671
v -24.19809693 -10.52175981 31.21246350
v -24.19809693 -10.02072370 28.69907957
v -24.19809693 -10.52175981 29.20175636
v -24.19809693 -10.52175981 29.70443314
v -24.19809693 -10.52175981 31.71514028
v -24.19809693 -10.52175981 32.21781707
v -24.19809693 -10.52175981 32.72049385
v -24.19809693 -10.02072370 33.22317064
v -24.19809693 -9.51968759 28.19640279
v -24.19809693 -10.02072370 33.72584742
v -24.19809693 -9.51968759 34.22852421
v -24.19809693 -9.01865149 27.69372600
v -24.19809693 -9.01865149 34.73120099
v -24.19809693 -8.51761538 27.69372600
v -24.19809693 -8.51761538 35.23387778
v -24.19809693 -8.01657927 27.19104922
v -24.19809693 -8.01657927 35.73655456
v -24.19809693 -7.51554316 27.19104922
v -24.19809693 -7.51554316 36.23923135
v -24.19809693 -7.01450706 27.19104922
v -24.19809693 -7.01450706 36.23923135
v -24.19809693 -6.51347095 27.19104922
v -24.19809693 -6.51347095 36.74190813
v -24.19809693 -6.01243484 27.19104922
v -24.19809693 -6.01243484 36.74190813
v -24.19809693 -5.51139873 26.68837243
v -24.19809693 -5.51139873 37.24458492
v -24.19809693 -5.01036263 26.68837243
v -24.19809693 -5.01036263 37.24458492
v -24.19809693 -4.50932652 26.68837243
v -24.19809693 -4.50932652 37.24458492
v -24.19809693 -4.00829041 26.68837243
v -24.19809693 -4.00829041 37.24458492
v -24.19809693 -3.50725430 26.68837243
v -24.19809693 -3.50725430 37.24458492
v -24.19809693 -3.00621819 26.68837243
v -24.19809693 -3.00621819 37.24458492
v -24.19809693 -2.50518209 27.19104922
v -24.19809693 -2.50518209 37.24458492
v -24.19809693 -2.00414598 27.19104922
v -24.19809693 -2.00414598 37.24458492
v -24.19809693 -1.50310987 27.69372600
v -24.19809693 -1.50310987 37.24458492
v -24.19809693 -1.00207376 27.69372600
v -24.19809693 -1.00207376 37.24458492
v -24.19809693 -0.50103766 28.19640279
v -24.19809693 -0.50103766 37.24458492
v -24.19809693 -0.00000155 28.19640279
v -24.19809693 -0.00000155 37.24458492
v -24.19809693 0.50103456 28.69907957
v -24.19809693 0.50103456 37.24458492
v -24.19809693 1.00207067 28.69907957
v -24.19809693 1.00207067 37.24458492
v -24.19809693 1.50310677 29.20175636
v -24.19809693 1.50310677 37.24458492
v -24.19809693 2.00414288 29.20175636
v -24.19809693 2.00414288 36.74190813
v -24.19809693 2.50517899 29.20175636
v -24.19809693 2.50517899 36.74190813
v -24.19809693 3.00621510 29.70443314
v -24.19809693 3.00621510 36.74190813
v -24.19809693 3.50725120 29.70443314
v -24.19809693 3.50725120 36.23923135
v -24.19809693 4.00828731 29.70443314
v -24.69828010 4.00828731 35.73655456
v -24.19809693 4.00828731 36.23923135
v -24.19809693 4.50932342 30.20710993
v -24.69828010 4.50932342 35.23387778
v -24.19809693 4.50932342 35.73655456
v -24.69828010 5.01035953 30.70978671
v -24.19809693 5.01035953 30.20710993
v -24.19809693 5.01035953 34.73120099
v -24.19809693 5.01035953 35.23387778
v -24.19809693 5.51139563 30.70978671
v -24.19809693 5.51139563 31.21246350
v -24.19809693 5.51139563 31.71514028
v -24.69828010 5.51139563 32.21781707
v -24.69828010 5.51139563 32.72049385
v -24.19809693 5.51139563 33.22317064
v -24.19809693 5.51139563 33.72584742
v -24.19809693 5.51139563 34.22852421
v -24.19809693 6.01243174 32.21781707
v -24.19809693 6.01243174 32.72049385
v -24.19809693 -10.52175981 28.69907957
v -23.69791377 -10.52175981 28.19640279
v -23.69791377 -11.02279592 28.69907957
v -23.69791377 -11.02279592 29.20175636
v -23.69791377 -11.02279592 29.70443314
v -23.69791377 -11.02279592 30.20710993
v -23.69791377 -11.02279592 30.70978671
v -23.69791377 -11.02279592 31.21246350
v -23.69791377 -11.02279592 31.71514028
v -23.69791377 -11.02279592 32.21781707
v -23.69791377 -11.02279592 32.72049385
v -23.69791377 -10.52175981 33.22317064
v -24.19809693 -10.02072370 28.19640279
v -23.69791377 -10.02072370 27.69372600
v -23.69791377 -10.52175981 33.72584742
v -23.69791377 -10.02072370 34.22852421
v -23.69791377 -9.51968759 27.69372600
v -23.69791377 -9.51968759 34.73120099
v -23.69791377 -9.01865149 27.69372600
v -23.69791377 -9.01865149 35.23387778
v -23.69791377 -8.51761538 27.19104922
v -23.69791377 -8.51761538 35.73655456
v -23.69791377 -8.01657927 27.19104922
v -23.69791377 -8.01657927 36.23923135
v -23.69791377 -7.51554316 27.19104922
v -23.69791377 -7.51554316 36.23923135
v -23.69791377 -7.01450706 26.68837243
v -23.69791377 -7.01450706 36.74190813
v -23.69791377 -6.51347095 26.68837243
v -23.69791377 -6.51347095 36.74190813
v -23.69791377 -6.01243484 26.68837243
v -23.69791377 -6.01243484 37.24458492
v -23.69791377 -5.51139873 26.68837243
v -23.69791377 -5.51139873 37.24458492
v -23.69791377 -5.01036263 26.68837243
v -23.69791377 -5.01036263 37.24458492
v -23.69791377 -4.50932652 26.68837243
v -23.69791377 -4.50932652 37.24458492
v -23.69791377 -4.00829041 26.68837243
v -23.69791377 -4.00829041 37.74726170
v -23.69791377 -3.50725430 26.68837243
v -23.69791377 -3.50725430 37.74726170
v -23.69791377 -3.00621819 26.68837243
v -23.69791377 -3.00621819 37.74726170
v -23.69791377 -2.50518209 26.68837243
v -23.69791377 -2.50518209 37.74726170
v -23.69791377 -2.00414598 27.19104922
v -23.69791377 -2.00414598 37.74726170
v -23.69791377 -1.50310987 27.19104922
v -23.69791377 -1.50310987 37.74726170
v -23.69791377 -1.00207376 27.69372600
v -23.69791377 -1.00207376 37.74726170
v -23.69791377 -0.50103766 27.69372600
v -23.69791377 -0.50103766 37.74726170
v -23.69791377 -0.00000155 28.19640279
v -23.69791377 -0.00000155 37.74726170
v -23.69791377 0.50103456 28.69907957
v -23.69791377 0.50103456 37.74726170
v -23.69791377 1.00207067 28.69907957
v -23.69791377 1.00207067 37.24458492
v -23.69791377 1.50310677 28.69907957
v -23.69791377 1.50310677 37.24458492
v -23.69791377 2.00414288 29.20175636
v -23.69791377 2.00414288 37.24458492
v -23.69791377 2.50517899 29.20175636
v -23.69791377 2.50517899 37.24458492
v -23.69791377 3.00621510 29.20175636
v -23.69791377 3.00621510 36.74190813
v -23.69791377 3.50725120 29.20175636
v -23.69791377 3.50725120 36.74190813
v -23.69791377 4.00828731 29.70443314
v -23.69791377 4.00828731 36.23923135
v -23.69791377 4.50932342 29.70443314
v -23.69791377 4.50932342 36.23923135
v -23.69791377 5.01035953 29.70443314
v -23.69791377 5.01035953 35.73655456
v -23.69791377 5.51139563 30.20710993
v -23.69791377 5.51139563 34.73120099
v -23.69791377 5.51139563 35.23387778
v -23.69791377 6.01243174 30.70978671
v -23.69791377 6.01243174 31.21246350
v -24.19809693 6.01243174 31.71514028
v -24.19809693 6.01243174 33.22317064
v -23.69791377 6.01243174 33.72584742
v -23.69791377 6.01243174 34.22852421
v -23.69791377 6.51346785 31.71514028
v -23.69791377 6.51346785 32.21781707
v -23.69791377 6.51346785 32.72049385
v -23.69791377 6.51346785 33.22317064
v -23.19773060 -11.02279592 28.19640279
v -23.19773060 -11.52383202 28.69907957
v -23.19773060 -11.52383202 29.20175636
v -23.19773060 -11.52383202 29.70443314
v -23.19773060 -11.52383202 30.20710993
v -23.19773060 -11.52383202 30.70978671
v -23.19773060 -11.52383202 31.21246350
v -23.19773060 -11.52383202 31.71514028
v -23.19773060 -11.52383202 32.21781707
v -23.19773060 -11.52383202 32.72049385
v -23.19773060 -11.02279592 33.22317064
v -23.19773060 -10.52175981 27.69372600
v -23.19773060 -11.02279592 33.72584742
v -23.19773060 -10.52175981 34.22852421
v -23.19773060 -10.02072370 27.69372600
v -23.19773060 -10.02072370 34.73120099
v -23.19773060 -9.51968759 27.19104922
v -23.19773060 -9.51968759 35.23387778
v -23.19773060 -9.01865149 27.19104922
v -23.19773060 -9.01865149 35.73655456
v -23.19773060 -8.51761538 27.19104922
v -23.19773060 -8.51761538 35.73655456
v -23.19773060 -8.01657927 26.68837243
v -23.19773060 -8.01657927 36.23923135
v -23.19773060 -7.51554316 26.68837243
v -23.19773060 -7.51554316 36.74190813
v -23.19773060 -7.01450706 26.68837243
v -23.19773060 -7.01450706 36.74190813
v -23.19773060 -6.51347095 26.68837243
v -23.19773060 -6.51347095 37.24458492
v -23.19773060 -6.01243484 26.68837243
v -23.19773060 -6.01243484 37.24458492
v -23.19773060 -5.51139873 26.68837243
v -23.19773060 -5.51139873 37.24458492
v -23.19773060 -5.01036263 26.68837243
v -23.19773060 -5.01036263 37.24458492
v -23.19773060 -4.50932652 26.18569565
v -23.19773060 -4.50932652 37.74726170
v -23.19773060 -4.00829041 26.18569565
v -23.19773060 -4.00829041 37.74726170
v -23.19773060 -3.50725430 26.68837243
v -23.19773060 -3.50725430 37.74726170
v -23.19773060 -3.00621819 26.68837243
v -23.19773060 -3.00621819 37.74726170
v -23.19773060 -2.50518209 26.68837243
v -23.19773060 -2.50518209 37.74726170
v -23.19773060 -2.00414598 26.68837243
v -23.19773060 -2.00414598 37.74726170
v -23.19773060 -1.50310987 27.19104922
v -23.19773060 -1.50310987 37.74726170
v -23.19773060 -1.00207376 27.19104922
v -23.19773060 -1.00207376 37.74726170
v -23.19773060 -0.50103766 27.69372600
v -23.19773060 -0.50103766 37.74726170
v -23.19773060 -0.00000155 27.69372600
v -23.19773060 -0.00000155 37.74726170
v -23.19773060 0.50103456 28.19640279
v -23.19773060 0.50103456 37.74726170
v -23.19773060 1.00207067 28.69907957
v -23.19773060 1.00207067 37.74726170
v -23.19773060 1.50310677 28.69907957
v -23.19773060 1.50310677 37.74726170
v -23.19773060 2.00414288 28.69907957
v -23.19773060 2.00414288 37.24458492
v -23.19773060 2.50517899 29.20175636
v -23.19773060 2.50517899 37.24458492
v -23.19773060 3.00621510 29.20175636
v -23.19773060 3.00621510 37.24458492
v -23.19773060 3.50725120 29.20175636
v -23.19773060 3.50725120 37.24458492
v -23.19773060 4.00828731 29.20175636
v -23.19773060 4.00828731 36.74190813
v -23.19773060 4.50932342 29.70443314
v -23.19773060 4.50932342 36.74190813
v -23.19773060 5.01035953 29.70443314
v -23.19773060 5.01035953 36.23923135
v -23.19773060 5.51139563 29.70443314
v -23.19773060 5.51139563 35.73655456
v -23.19773060 6.01243174 30.20710993
v -23.19773060 6.01243174 34.73120099
v -23.19773060 6.01243174 35.23387778
v -23.19773060 6.51346785 30.70978671
v -23.69791377 6.51346785 31.21246350
v -23.19773060 6.51346785 33.72584742
v -23.19773060 6.51346785 34.22852421
v -23.19773060 7.01450396 31.21246350
v -23.19773060 7.01450396 31.71514028
v -23.19773060 7.01450396 32.21781707
v -23.19773060 7.01450396 32.72049385
v -23.19773060 7.01450396 33.22317064
v -22.69754744 -11.52383202 28.69907957
v -22.69754744 -12.02486813 29.20175636
v -22.69754744 -12.02486813 29.70443314
v -22.69754744 -12.02486813 30.20710993
v -22.69754744 -12.02486813 30.70978671
v -22.69754744 -12.02486813 31.21246350
v -22.69754744 -12.02486813 31.71514028
v -22.69754744 -12.02486813 32.21781707
v -22.69754744 -11.52383202 32.72049385
v -22.69754744 -11.02279592 27.69372600
v -22.69754744 -11.52383202 28.19640279
v -22.69754744 -11.52383202 33.22317064
v -22.69754744 -11.52383202 33.72584742
v -22.69754744 -11.02279592 34.22852421
v -22.69754744 -10.52175981 27.69372600
v -22.69754744 -10.52175981 34.73120099
v -22.69754744 -10.02072370 27.19104922
v -22.69754744 -10.02072370 35.23387778
v -22.69754744 -9.51968759 27.19104922
v -22.69754744 -9.51968759 35.73655456
v -22.69754744 -9.01865149 27.19104922
v -22.69754744 -9.01865149 35.73655456
v -22.69754744 -8.51761538 26.68837243
v -22.69754744 -8.51761538 36.23923135
v -22.69754744 -8.01657927 26.68837243
v -22.69754744 -8.01657927 36.74190813
v -22.69754744 -7.51554316 26.68837243
v -22.69754744 -7.51554316 36.74190813
v -22.69754744 -7.01450706 26.68837243
v -22.69754744 -7.01450706 36.74190813
v -22.69754744 -6.51347095 26.68837243
v -22.69754744 -6.51347095 37.24458492
v -22.69754744 -6.01243484 26.18569565
v -22.69754744 -6.01243484 37.24458492
v -22.69754744 -5.51139873 26.18569565
v -22.69754744 -5.51139873 37.24458492
v -22.69754744 -5.01036263 26.18569565
v -22.69754744 -5.01036263 37.74726170
v -22.69754744 -4.50932652 26.18569565
v -22.69754744 -4.50932652 37.74726170
v -22.69754744 -4.00829041 26.18569565
v -22.69754744 -4.00829041 37.74726170
v -22.69754744 -3.50725430 26.18569565
v -22.69754744 -3.50725430 37.74726170
v -22.69754744 -3.00621819 26.18569565
v -22.69754744 -3.00621819 37.74726170
v -22.69754744 -2.50518209 26.18569565
v -22.69754744 -2.50518209 37.74726170
v -22.69754744 -2.00414598 26.68837243
v -22.69754744 -2.00414598 37.74726170
v -22.69754744 -1.50310987 26.68837243
v -22.69754744 -1.50310987 37.74726170
v -22.69754744 -1.00207376 27.19104922
v -22.69754744 -1.00207376 37.74726170
v -22.69754744 -0.50103766 27.19104922
v -22.69754744 -0.50103766 37.74726170
v -22.69754744 -0.00000155 27.69372600
v -22.69754744 -0.00000155 37.74726170
v -22.69754744 0.50103456 28.19640279
v -22.69754744 0.50103456 37.74726170
v -22.69754744 1.00207067 28.19640279
v -22.69754744 1.00207067 37.74726170
v -22.69754744 1.50310677 28.69907957
v -22.69754744 1.50310677 37.74726170
v -22.69754744 2.00414288 28.69907957
v -22.69754744 2.00414288 37.74726170
v -22.69754744 2.50517899 28.69907957
v -22.69754744 2.50517899 37.74726170
v -22.69754744 3.00621510 29.20175636
v -22.69754744 3.00621510 37.24458492
v -22.69754744 3.50725120 29.20175636
v -22.69754744 3.50725120 37.24458492
v -22.69754744 4.00828731 29.20175636
v -22.69754744 4.00828731 37.24458492
v -22.69754744 4.50932342 29.20175636
v -22.69754744 4.50932342 36.74190813
v -22.69754744 5.01035953 29.20175636
v -22.69754744 5.01035953 36.74190813
v -22.69754744 5.51139563 29.70443314
v -22.69754744 5.51139563 36.23923135
v -22.69754744 6.01243174 29.70443314
v -22.69754744 6.01243174 35.73655456
v -23.19773060 6.51346785 30.20710993
v -22.69754744 6.51346785 29.70443314
v -23.19773060 6.51346785 34.73120099
v -22.69754744 6.51346785 35.23387778
v -22.69754744 7.01450396 30.20710993
v -22.69754744 7.01450396 30.70978671
v -22.69754744 7.01450396 33.72584742
v -22.69754744 7.01450396 34.22852421
v -22.69754744 7.01450396 34.73120099
v -22.69754744 7.51554006 31.21246350
v -22.69754744 7.51554006 31.71514028
v -22.69754744 7.51554006 32.21781707
v -22.69754744 7.51554006 32.72049385
v -22.69754744 7.51554006 33.22317064
v -22.19736427 -12.02486813 29.20175636
v -22.19736427 -12.52590424 29.70443314
v -22.19736427 -12.52590424 30.20710993
v -22.19736427 -12.52590424 30.70978671
v -22.19736427 -12.52590424 31.21246350
v -22.19736427 -12.52590424 31.71514028
v -22.19736427 -12.02486813 32.21781707
v -22.19736427 -11.52383202 28.19640279
v -22.19736427 -12.02486813 28.69907957
v -22.19736427 -12.02486813 32.72049385
v -22.19736427 -12.02486813 33.22317064
v -22.19736427 -11.52383202 33.72584742
v -22.19736427 -11.02279592 27.19104922
v -22.19736427 -11.52383202 27.69372600
v -22.19736427 -11.52383202 34.22852421
v -22.19736427 -11.02279592 34.73120099
v -22.19736427 -10.52175981 27.19104922
v -22.19736427 -10.52175981 35.23387778
v -22.19736427 -10.02072370 27.19104922
v -22.19736427 -10.02072370 35.23387778
v -22.19736427 -9.51968759 26.68837243
v -22.19736427 -9.51968759 35.73655456
v -22.19736427 -9.01865149 26.68837243
v -22.19736427 -9.01865149 36.23923135
v -22.19736427 -8.51761538 26.68837243
v -22.19736427 -8.51761538 36.23923135
v -22.19736427 -8.01657927 26.68837243
v -22.19736427 -8.01657927 36.74190813
v -22.19736427 -7.51554316 26.68837243
v -22.19736427 -7.51554316 36.74190813
v -22.19736427 -7.01450706 26.18569565
v -22.19736427 -7.01450706 37.24458492
v -22.19736427 -6.51347095 26.18569565
v -22.19736427 -6.51347095 37.24458492
v -22.19736427 -6.01243484 26.18569565
v -22.19736427 -6.01243484 37.24458492
v -22.19736427 -5.51139873 26.18569565
v -22.19736427 -5.51139873 37.74726170
v -22.19736427 -5.01036263 26.18569565
v -22.19736427 -5.01036263 37.74726170
v -22.19736427 -4.50932652 26.18569565
v -22.19736427 -4.50932652 37.74726170
v -22.19736427 -4.00829041 26.18569565
v -22.19736427 -4.00829041 37.74726170
v -22.19736427 -3.50725430 26.18569565
v -22.19736427 -3.50725430 37.74726170
v -22.19736427 -3.00621819 26.18569565
v -22.19736427 -3.00621819 37.74726170
v -22.19736427 -2.50518209 26.18569565
v -22.19736427 -2.50518209 37.74726170
v -22.19736427 -2.00414598 26.18569565
v -22.19736427 -2.00414598 37.74726170
v -22.19736427 -1.50310987 26.68837243
v -22.19736427 -1.50310987 37.74726170
v -22.19736427 -1.00207376 26.68837243
v -22.19736427 -1.00207376 37.74726170
v -22.19736427 -0.50103766 27.19104922
v -22.19736427 -0.50103766 37.74726170
v -22.19736427 -0.00000155 27.19104922
v -22.19736427 -0.00000155 37.74726170
v -22.19736427 0.50103456 27.69372600
v -22.19736427 0.50103456 37.74726170
v -22.19736427 1.00207067 28.19640279
v -22.19736427 1.00207067 37.74726170
v -22.19736427 1.50310677 28.19640279
v -22.19736427 1.50310677 37.74726170
v -22.19736427 2.00414288 28.69907957
v -22.19736427 2.00414288 37.74726170
v -22.19736427 2.50517899 28.69907957
v -22.19736427 2.50517899 37.74726170
v -22.19736427 3.00621510 28.69907957
v -22.19736427 3.00621510 37.74726170
v -22.19736427 3.50725120 28.69907957
v -22.19736427 3.50725120 37.74726170
v -22.19736427 4.00828731 29.20175636
v -22.19736427 4.00828731 37.24458492
v -22.19736427 4.50932342 29.20175636
v -22.19736427 4.50932342 37.24458492
v -22.19736427 5.01035953 29.20175636
v -22.19736427 5.01035953 36.74190813
v -22.19736427 5.51139563 29.20175636
v -22.19736427 5.51139563 36.74190813
v -22.19736427 6.01243174 29.20175636
v -22.19736427 6.01243174 36.23923135
v -22.19736427 6.51346785 29.70443314
v -22.19736427 6.51346785 35.73655456
v -22.19736427 7.01450396 29.70443314
v -22.19736427 7.01450396 35.23387778
v -22.19736427 7.51554006 30.20710993
v -22.19736427 7.51554006 30.70978671
v -22.19736427 7.51554006 33.72584742
v -22.19736427 7.51554006 34.22852421
v -22.19736427 7.51554006 34.73120099
v -22.19736427 8.01657617 31.21246350
v -22.19736427 8.01657617 31.71514028
v -22.19736427 8.01657617 32.21781707
v -22.19736427 8.01657617 32.72049385
v -22.19736427 8.01657617 33.22317064
v -21.69718111 -12.02486813 28.69907957
v -21.69718111 -12.52590424 29.20175636
v -21.69718111 -12.52590424 29.70443314
v -21.69718111 -12.52590424 30.20710993
v -21.69718111 -12.52590424 30.70978671
v -21.69718111 -12.52590424 31.21246350
v -21.69718111 -12.52590424 31.71514028
v -21.69718111 -12.52590424 32.21781707
v -21.69718111 -12.52590424 32.72049385
v -21.69718111 -12.02486813 33.22317064
v -21.69718111 -11.52383202 27.69372600
v -21.69718111 -12.02486813 28.19640279
v -21.69718111 -12.02486813 33.72584742
v -21.69718111 -11.52383202 34.22852421
v -21.69718111 -11.02279592 27.19104922
v -21.69718111 -11.02279592 34.73120099
v -21.69718111 -10.52175981 27.19104922
v -21.69718111 -10.52175981 35.23387778
v -21.69718111 -10.02072370 26.68837243
v -21.69718111 -10.02072370 35.73655456
v -21.69718111 -9.51968759 26.68837243
v -21.69718111 -9.51968759 35.73655456
v -21.69718111 -9.01865149 26.68837243
v -21.69718111 -9.01865149 36.23923135
v -21.69718111 -8.51761538 26.68837243
v -21.69718111 -8.51761538 36.74190813
v -21.69718111 -8.01657927 26.18569565
v -21.69718111 -8.01657927 36.74190813
v -21.69718111 -7.51554316 26.18569565
v -21.69718111 -7.51554316 37.24458492
v -21.69718111 -7.01450706 26.18569565
v -21.69718111 -7.01450706 37.24458492
v -21.69718111 -6.51347095 26.18569565
v -21.69718111 -6.51347095 37.24458492
v -21.69718111 -6.01243484 26.18569565
v -21.69718111 -6.01243484 37.74726170
v -21.69718111 -5.51139873 26.18569565
v -21.69718111 -5.51139873 37.74726170
v -21.69718111 -5.01036263 26.18569565
v -21.69718111 -5.01036263 37.74726170
v -21.69718111 -4.50932652 26.18569565
v -21.69718111 -4.50932652 37.74726170
v -21.69718111 -4.00829041 26.18569565
v -21.69718111 -4.00829041 37.74726170
v -21.69718111 -3.50725430 26.18569565
v -21.69718111 -3.50725430 37.74726170
v -21.69718111 -3.00621819 26.18569565
v -21.69718111 -3.00621819 37.74726170
v -21.69718111 -2.50518209 26.18569565
v -21.69718111 -2.50518209 38.24993849
v -21.69718111 -2.00414598 26.18569565
v -21.69718111 -2.00414598 38.24993849
v -21.69718111 -1.50310987 26.18569565
v -21.69718111 -1.50310987 38.24993849
v -21.69718111 -1.00207376 26.68837243
v -21.69718111 -1.00207376 38.24993849
v -21.69718111 -0.50103766 26.68837243
v -21.69718111 -0.50103766 38.24993849
v -21.69718111 -0.00000155 27.19104922
v -21.69718111 -0.00000155 38.24993849
v -21.69718111 0.50103456 27.69372600
v -21.69718111 0.50103456 38.24993849
v -21.69718111 1.00207067 27.69372600
v -21.69718111 1.00207067 38.24993849
v -21.69718111 1.50310677 28.19640279
v -21.69718111 1.50310677 37.74726170
v -21.69718111 2.00414288 28.19640279
v -21.69718111 2.00414288 37.74726170
v -21.69718111 2.50517899 28.69907957
v -21.69718111 2.50517899 37.74726170
v -21.69718111 3.00621510 28.69907957
v -21.69718111 3.00621510 37.74726170
v -21.69718111 3.50725120 28.69907957
v -21.69718111 3.50725120 37.74726170
v -21.69718111 4.00828731 28.69907957
v -21.69718111 4.00828731 37.74726170
v -21.69718111 4.50932342 29.20175636
v -21.69718111 4.50932342 37.24458492
v -21.69718111 5.01035953 29.20175636
v -21.69718111 5.01035953 37.24458492
v -21.69718111 5.51139563 29.20175636
v -21.69718111 5.51139563 37.24458492
v -21.69718111 6.01243174 29.20175636
v -21.69718111 6.01243174 36.74190813
v -21.69718111 6.51346785 29.20175636
v -21.69718111 6.51346785 36.23923135
v -21.69718111 7.01450396 29.70443314
v -21.69718111 7.01450396 35.73655456
v -21.69718111 7.51554006 29.70443314
v -21.69718111 7.51554006 35.23387778
v -21.69718111 8.01657617 30.20710993
v -21.69718111 8.01657617 30.70978671
v -21.69718111 8.01657617 31.21246350
v -21.69718111 8.01657617 31.71514028
v -21.69718111 8.01657617 32.72049385
v -21.69718111 8.01657617 33.22317064
v -21.69718111 8.01657617 33.72584742
v -21.69718111 8.01657617 34.22852421
v -21.69718111 8.01657617 34.73120099
v -21.69718111 8.51761228 32.21781707
v -21.19699794 -12.52590424 29.70443314
v -21.19699794 -13.02694035 30.20710993
v -21.19699794 -13.02694035 30.70978671
v -21.19699794 -13.02694035 31.21246350
v -21.19699794 -13.02694035 31.71514028
v -21.19699794 -12.52590424 32.21781707
v -21.19699794 -12.02486813 28.19640279
v -21.19699794 -12.52590424 28.69907957
v -21.19699794 -12.52590424 29.20175636
v -21.19699794 -12.52590424 32.72049385
v -21.19699794 -12.52590424 33.22317064
v -21.19699794 -12.02486813 33.72584742
v -21.19699794 -11.52383202 27.19104922
v -21.19699794 -12.02486813 27.69372600
v -21.19699794 -12.02486813 34.22852421
v -21.19699794 -11.52383202 34.73120099
v -21.19699794 -11.02279592 27.19104922
v -21.19699794 -11.02279592 35.23387778
v -21.19699794 -10.52175981 26.68837243
v -21.19699794 -10.52175981 35.73655456
v -21.19699794 -10.02072370 26.68837243
v -21.19699794 -10.02072370 35.73655456
v -21.19699794 -9.51968759 26.68837243
v -21.19699794 -9.51968759 36.23923135
v -21.19699794 -9.01865149 26.18569565
v -21.19699794 -9.01865149 36.23923135
v -21.19699794 -8.51761538 26.18569565
v -21.19699794 -8.51761538 36.74190813
v -21.19699794 -8.01657927 26.18569565
v -21.19699794 -8.01657927 36.74190813
v -21.19699794 -7.51554316 26.18569565
v -21.19699794 -7.51554316 37.24458492
v -21.19699794 -7.01450706 26.18569565
v -21.19699794 -7.01450706 37.24458492
v -21.19699794 -6.51347095 26.18569565
v -21.19699794 -6.51347095 37.24458492
v -21.19699794 -6.01243484 26.18569565
v -21.19699794 -6.01243484 37.74726170
v -21.19699794 -5.51139873 26.18569565
v -21.19699794 -5.51139873 37.74726170
v -21.19699794 -5.01036263 26.18569565
v -21.19699794 -5.01036263 37.74726170
v -21.19699794 -4.50932652 26.18569565
v -21.19699794 -4.50932652 37.74726170
v -21.19699794 -4.00829041 25.68301886
v -21.19699794 -4.00829041 37.74726170
v -21.19699794 -3.50725430 25.68301886
v -21.19699794 -3.50725430 37.74726170
v -21.19699794 -3.00621819 25.68301886
v -21.19699794 -3.00621819 38.24993849
v -21.19699794 -2.50518209 26.18569565
v -21.19699794 -2.50518209 38.24993849
v -21.19699794 -2.00414598 26.18569565
v -21.19699794 -2.00414598 38.24993849
v -21.19699794 -1.50310987 26.18569565
v -21.19699794 -1.50310987 38.24993849
v -21.19699794 -1.00207376 26.18569565
v -21.19699794 -1.00207376 38.24993849
v -21.19699794 -0.50103766 26.68837243
v -21.19699794 -0.50103766 38.24993849
v -21.19699794 -0.00000155 26.68837243
v -21.19699794 -0.00000155 38.24993849
v -21.19699794 0.50103456 27.19104922
v -21.19699794 0.50103456 38.24993849
v -21.19699794 1.00207067 27.69372600
v -21.19699794 1.00207067 38.24993849
v -21.19699794 1.50310677 27.69372600
v -21.19699794 1.50310677 38.24993849
v -21.19699794 2.00414288 28.19640279
v -21.19699794 2.00414288 38.24993849
v -21.19699794 2.50517899 28.19640279
v -21.19699794 2.50517899 38.24993849
v -21.19699794 3.00621510 28.69907957
v -21.19699794 3.00621510 37.74726170
v -21.19699794 3.50725120 28.69907957
v -21.19699794 3.50725120 37.74726170
v -21.19699794 4.00828731 28.69907957
v -21.19699794 4.00828731 37.74726170
v -21.19699794 4.50932342 28.69907957
v -21.19699794 4.50932342 37.74726170
v -21.19699794 5.01035953 28.69907957
v -21.19699794 5.01035953 37.24458492
v -21.19699794 5.51139563 29.20175636
v -21.19699794 5.51139563 37.24458492
v -21.19699794 6.01243174 29.20175636
v -21.19699794 6.01243174 37.24458492
v -21.19699794 6.51346785 29.20175636
v -21.19699794 6.51346785 36.74190813
v -21.19699794 7.01450396 29.20175636
v -21.19699794 7.01450396 36.23923135
v -21.19699794 7.51554006 29.70443314
v -21.19699794 7.51554006 35.73655456
v -21.19699794 8.01657617 30.20710993
v -21.19699794 8.01657617 34.73120099
v -21.19699794 8.01657617 35.23387778
v -21.19699794 8.51761228 30.70978671
v -21.19699794 8.51761228 31.21246350
v -21.19699794 8.51761228 31.71514028
v -21.19699794 8.51761228 32.21781707
v -21.19699794 8.51761228 32.72049385
v -21.19699794 8.51761228 33.22317064
v -21.19699794 8.51761228 33.72584742
v -21.19699794 8.51761228 34.22852421
v -20.69681478 -12.52590424 29.20175636
v -20.69681478 -13.02694035 29.70443314
v -20.69681478 -13.02694035 30.20710993
v -20.69681478 -13.02694035 30.70978671
v -20.69681478 -13.02694035 31.21246350
v -20.69681478 -13.02694035 31.71514028
v -20.69681478 -13.02694035 32.21781707
v -20.69681478 -12.52590424 32.72049385
v -20.69681478 -12.02486813 27.69372600
v -20.69681478 -12.52590424 28.19640279
v -20.69681478 -12.52590424 28.69907957
v -20.69681478 -12.52590424 33.22317064
v -20.69681478 -12.52590424 33.72584742
v -20.69681478 -12.02486813 34.22852421
v -20.69681478 -11.52383202 27.19104922
v -20.69681478 -11.52383202 34.73120099
v -20.69681478 -11.02279592 26.68837243
v -20.69681478 -11.02279592 35.23387778
v -20.69681478 -10.52175981 26.68837243
v -20.69681478 -10.52175981 35.73655456
v -20.69681478 -10.02072370 26.68837243
v -20.69681478 -10.02072370 35.73655456
v -20.69681478 -9.51968759 26.18569565
v -20.69681478 -9.51968759 36.23923135
v -20.69681478 -9.01865149 26.18569565
v -20.69681478 -9.01865149 36.74190813
v -20.69681478 -8.51761538 26.18569565
v -20.69681478 -8.51761538 36.74190813
v -20.69681478 -8.01657927 26.18569565
v -20.69681478 -8.01657927 36.74190813
v -20.69681478 -7.51554316 26.18569565
v -20.69681478 -7.51554316 37.24458492
v -20.69681478 -7.01450706 26.18569565
v -20.69681478 -7.01450706 37.24458492
v -20.69681478 -6.51347095 26.18569565
v -20.69681478 -6.51347095 37.24458492
v -20.69681478 -6.01243484 26.18569565
v -20.69681478 -6.01243484 37.74726170
v -20.69681478 -5.51139873 26.18569565
v -20.69681478 -5.51139873 37.74726170
v -20.69681478 -5.01036263 25.68301886
v -20.69681478 -5.01036263 37.74726170
v -20.69681478 -4.50932652 25.68301886
v -20.69681478 -4.50932652 37.74726170
v -20.69681478 -4.00829041 25.68301886
v -20.69681478 -4.00829041 37.74726170
v -20.69681478 -3.50725430 25.68301886
v -20.69681478 -3.50725430 38.24993849
v -20.69681478 -3.00621819 25.68301886
v -20.69681478 -3.00621819 38.24993849
v -20.69681478 -2.50518209 25.68301886
v -20.69681478 -2.50518209 38.24993849
v -20.69681478 -2.00414598 25.68301886
v -20.69681478 -2.00414598 38.24993849
v -20.69681478 -1.50310987 26.18569565
v -20.69681478 -1.50310987 38.24993849
v -20.69681478 -1.00207376 26.18569565
v -20.69681478 -1.00207376 38.24993849
v -20.69681478 -0.50103766 26.18569565
v -20.69681478 -0.50103766 38.24993849
v -20.69681478 -0.00000155 26.68837243
v -20.69681478 -0.00000155 38.24993849
v -20.69681478 0.50103456 27.19104922
v -20.69681478 0.50103456 38.24993849
v -20.69681478 1.00207067 27.19104922
v -20.69681478 1.00207067 38.24993849
v -20.69681478 1.50310677 27.69372600
v -20.69681478 1.50310677 38.24993849
v -20.69681478 2.00414288 27.69372600
v -20.69681478 2.00414288 38.24993849
v -20.69681478 2.50517899 28.19640279
v -20.69681478 2.50517899 38.24993849
v -20.69681478 3.00621510 28.19640279
v -20.69681478 3.00621510 38.24993849
v -20.69681478 3.50725120 28.69907957
v -20.69681478 3.50725120 38.24993849
v -20.69681478 4.00828731 28.69907957
v -20.69681478 4.00828731 37.74726170
v -20.69681478 4.50932342 28.69907957
v -20.69681478 4.50932342 37.74726170
v -20.69681478 5.01035953 28.69907957
v -20.69681478 5.01035953 37.74726170
v -20.69681478 5.51139563 28.69907957
v -20.69681478 5.51139563 37.74726170
v -20.69681478 6.01243174 28.69907957
v -20.69681478 6.01243174 37.24458492
v -20.69681478 6.51346785 29.20175636
v -20.69681478 6.51346785 37.24458492
v -20.69681478 7.01450396 29.20175636
v -20.69681478 7.01450396 36.74190813
v -20.69681478 7.51554006 29.20175636
v -20.69681478 7.51554006 36.23923135
v -20.69681478 8.01657617 29.70443314
v -20.69681478 8.01657617 35.73655456
v -20.69681478 8.51761228 30.20710993
v -20.69681478 8.51761228 30.70978671
v -20.69681478 8.51761228 34.22852421
v -20.69681478 8.51761228 34.73120099
v -20.69681478 8.51761228 35.23387778
v -20.69681478 9.01864839 31.21246350
v -20.69681478 9.01864839 31.71514028
v -20.69681478 9.01864839 32.21781707
v -20.69681478 9.01864839 32.72049385
v -20.69681478 9.01864839 33.22317064
v -20.69681478 9.01864839 33.72584742
v -20.19663161 -12.52590424 28.69907957
v -20.19663161 -13.02694035 29.20175636
v -20.19663161 -13.02694035 29.70443314
v -20.19663161 -13.02694035 30.20710993
v -20.19663161 -13.02694035 30.70978671
v -20.19663161 -13.02694035 31.21246350
v -20.19663161 -13.02694035 31.71514028
v -20.19663161 -13.02694035 32.21781707
v -20.19663161 -13.02694035 32.72049385
v -20.19663161 -12.52590424 33.22317064
v -20.19663161 -12.02486813 27.69372600
v -20.19663161 -12.52590424 28.19640279
v -20.19663161 -12.52590424 33.72584742
v -20.19663161 -12.02486813 34.22852421
v -20.19663161 -11.52383202 26.68837243
v -20.19663161 -12.02486813 27.19104922
v -20.19663161 -12.02486813 34.73120099
v -20.19663161 -11.52383202 35.23387778
v -20.19663161 -11.02279592 26.68837243
v -20.19663161 -11.02279592 35.23387778
v -20.19663161 -10.52175981 26.18569565
v -20.19663161 -10.52175981 35.73655456
v -20.19663161 -10.02072370 26.18569565
v -20.19663161 -10.02072370 36.23923135
v -20.19663161 -9.51968759 26.18569565
v -20.19663161 -9.51968759 36.23923135
v -20.19663161 -9.01865149 26.18569565
v -20.19663161 -9.01865149 36.74190813
v -20.19663161 -8.51761538 26.18569565
v -20.19663161 -8.51761538 36.74190813
v -20.19663161 -8.01657927 26.18569565
v -20.19663161 -8.01657927 36.74190813
v -20.19663161 -7.51554316 26.18569565
v -20.19663161 -7.51554316 37.24458492
v -20.19663161 -7.01450706 26.18569565
v -20.19663161 -7.01450706 37.24458492
v -20.19663161 -6.51347095 26.18569565
v -20.19663161 -6.51347095 37.24458492
v -20.19663161 -6.01243484 26.18569565
v -20.19663161 -6.01243484 37.74726170
v -20.19663161 -5.51139873 25.68301886
v -20.19663161 -5.51139873 37.74726170
v -20.19663161 -5.01036263 25.68301886
v -20.19663161 -5.01036263 37.74726170
v -20.19663161 -4.50932652 25.68301886
v -20.19663161 -4.50932652 37.74726170
v -20.19663161 -4.00829041 25.68301886
v -20.19663161 -4.00829041 37.74726170
v -20.19663161 -3.50725430 25.68301886
v -20.19663161 -3.50725430 38.24993849
v -20.19663161 -3.00621819 25.68301886
v -20.19663161 -3.00621819 38.24993849
v -20.19663161 -2.50518209 25.68301886
v -20.19663161 -2.50518209 38.24993849
v -20.19663161 -2.00414598 25.68301886
v -20.19663161 -2.00414598 38.24993849
v -20.19663161 -1.50310987 25.68301886
v -20.19663161 -1.50310987 38.24993849
v -20.19663161 -1.00207376 26.18569565
v -20.19663161 -1.00207376 38.24993849
v -20.19663161 -0.50103766 26.18569565
v -20.19663161 -0.50103766 38.24993849
v -20.19663161 -0.00000155 26.18569565
v -20.19663161 -0.00000155 38.24993849
v -20.19663161 0.50103456 26.68837243
v -20.19663161 0.50103456 38.24993849
v -20.19663161 1.00207067 27.19104922
v -20.19663161 1.00207067 38.24993849
v -20.19663161 1.50310677 27.19104922
v -20.19663161 1.50310677 38.24993849
v -20.19663161 2.00414288 27.69372600
v -20.19663161 2.00414288 38.24993849
v -20.19663161 2.50517899 27.69372600
v -20.19663161 2.50517899 38.24993849
v -20.19663161 3.00621510 28.19640279
v -20.19663161 3.00621510 38.24993849
v -20.19663161 3.50725120 28.19640279
v -20.19663161 3.50725120 38.24993849
v -20.19663161 4.00828731 28.19640279
v -20.19663161 4.00828731 38.24993849
v -20.19663161 4.50932342 28.69907957
v -20.19663161 4.50932342 37.74726170
v -20.19663161 5.01035953 28.69907957
v -20.19663161 5.01035953 37.74726170
v -20.19663161 5.51139563 28.69907957
v -20.19663161 5.51139563 37.74726170
v -20.19663161 6.01243174 28.69907957
v -20.19663161 6.01243174 37.74726170
v -20.19663161 6.51346785 28.69907957
v -20.19663161 6.51346785 37.24458492
v -20.19663161 7.01450396 29.20175636
v -20.19663161 7.01450396 36.74190813
v -20.19663161 7.51554006 29.20175636
v -20.19663161 7.51554006 36.74190813
v -20.19663161 8.01657617 29.70443314
v -20.19663161 8.01657617 36.23923135
v -20.19663161 8.51761228 30.20710993
v -20.19663161 8.51761228 35.23387778
v -20.19663161 8.51761228 35.73655456
v -20.19663161 9.01864839 30.70978671
v -20.19663161 9.01864839 31.21246350
v -20.19663161 9.01864839 31.71514028
v -20.19663161 9.01864839 32.21781707
v -20.19663161 9.01864839 32.72049385
v -20.19663161 9.01864839 33.22317064
v -20.19663161 9.01864839 33.72584742
v -20.19663161 9.01864839 34.22852421
v -20.19663161 9.01864839 34.73120099
v -19.69644845 -12.52590424 28.19640279
v -19.69644845 -13.02694035 28.69907957
v -19.69644845 -13.02694035 29.20175636
v -19.69644845 -13.02694035 29.70443314
v -19.69644845 -13.02694035 30.20710993
v -19.69644845 -13.02694035 30.70978671
v -19.69644845 -13.02694035 31.21246350
v -19.69644845 -13.02694035 31.71514028
v -19.69644845 -13.02694035 32.21781707
v -19.69644845 -13.02694035 32.72049385
v -19.69644845 -12.52590424 33.22317064
v -19.69644845 -12.02486813 27.19104922
v -19.69644845 -12.52590424 27.69372600
v -19.69644845 -12.52590424 33.72584742
v -19.69644845 -12.52590424 34.22852421
v -19.69644845 -12.02486813 34.73120099
v -19.69644845 -11.52383202 26.68837243
v -19.69644845 -11.52383202 35.23387778
v -19.69644845 -11.02279592 26.68837243
v -19.69644845 -11.02279592 35.73655456
v -19.69644845 -10.52175981 26.18569565
v -19.69644845 -10.52175981 35.73655456
v -19.69644845 -10.02072370 26.18569565
v -19.69644845 -10.02072370 36.23923135
v -19.69644845 -9.51968759 26.18569565
v -19.69644845 -9.51968759 36.23923135
v -19.69644845 -9.01865149 26.18569565
v -19.69644845 -9.01865149 36.74190813
v -19.69644845 -8.51761538 26.18569565
v -19.69644845 -8.51761538 36.74190813
v -19.69644845 -8.01657927 26.18569565
v -19.69644845 -8.01657927 36.74190813
v -19.69644845 -7.51554316 26.18569565
v -19.69644845 -7.51554316 37.24458492
v -19.69644845 -7.01450706 26.18569565
v -19.69644845 -7.01450706 37.24458492
v -19.69644845 -6.51347095 25.68301886
v -19.69644845 -6.51347095 37.24458492
v -19.69644845 -6.01243484 25.68301886
v -19.69644845 -6.01243484 37.74726170
v -19.69644845 -5.51139873 25.68301886
v -19.69644845 -5.51139873 37.74726170
v -19.69644845 -5.01036263 25.68301886
v -19.69644845 -5.01036263 37.74726170
v -19.69644845 -4.50932652 25.68301886
v -19.69644845 -4.50932652 37.74726170
v -19.69644845 -4.00829041 25.68301886
v -19.69644845 -4.00829041 37.74726170
v -19.69644845 -3.50725430 25.68301886
v -19.69644845 -3.50725430 38.24993849
v -19.69644845 -3.00621819 25.68301886
v -19.69644845 -3.00621819 38.24993849
v -19.69644845 -2.50518209 25.68301886
v -19.69644845 -2.50518209 38.24993849
v -19.69644845 -2.00414598 25.68301886
v -19.69644845 -2.00414598 38.24993849
v -19.69644845 -1.50310987 25.68301886
v -19.69644845 -1.50310987 38.24993849
v -19.69644845 -1.00207376 25.68301886
v -19.69644845 -1.00207376 38.24993849
v -19.69644845 -0.50103766 26.18569565
v -19.69644845 -0.50103766 38.24993849
v -19.69644845 -0.00000155 26.18569565
v -19.69644845 -0.00000155 38.24993849
v -19.69644845 0.50103456 26.68837243
v -19.69644845 0.50103456 38.24993849
v -19.69644845 1.00207067 26.68837243
v -19.69644845 1.00207067 38.24993849
v -19.69644845 1.50310677 27.19104922
v -19.69644845 1.50310677 38.24993849
v -19.69644845 2.00414288 27.19104922
v -19.69644845 2.00414288 38.24993849
v -19.69644845 2.50517899 27.69372600
v -19.69644845 2.50517899 38.24993849
v -19.69644845 3.00621510 27.69372600
v -19.69644845 3.00621510 38.24993849
v -19.69644845 3.50725120 28.19640279
v -19.69644845 3.50725120 38.24993849
v -19.69644845 4.00828731 28.19640279
v -19.69644845 4.00828731 38.24993849
v -19.69644845 4.50932342 28.19640279
v -19.69644845 4.50932342 38.24993849
v -19.69644845 5.01035953 28.69907957
v -19.69644845 5.01035953 37.74726170
v -19.69644845 5.51139563 28.69907957
v -19.69644845 5.51139563 37.74726170
v -19.69644845 6.01243174 28.69907957
v -19.69644845 6.01243174 37.74726170
v -19.69644845 6.51346785 28.69907957
v -19.69644845 6.51346785 37.24458492
v -19.69644845 7.01450396 28.69907957
v -19.69644845 7.01450396 37.24458492
v -19.69644845 7.51554006 29.20175636
v -19.69644845 7.51554006 36.74190813
v -19.69644845 8.01657617 29.20175636
v -19.69644845 8.01657617 36.23923135
v -19.69644845 8.51761228 29.70443314
v -19.69644845 8.51761228 30.20710993
v -19.69644845 8.51761228 35.73655456
v -19.69644845 9.01864839 30.70978671
v -19.69644845 9.01864839 31.21246350
v -19.69644845 9.01864839 31.71514028
v -19.69644845 9.01864839 34.22852421
v -19.69644845 9.01864839 34.73120099
v -19.69644845 9.01864839 35.23387778
v -19.69644845 9.51968449 32.21781707
v -19.69644845 9.51968449 32.72049385
v -19.69644845 9.51968449 33.22317064
v -19.69644845 9.51968449 33.72584742
v -19.19626528 -12.52590424 28.19640279
v -19.19626528 -13.02694035 28.69907957
v -19.19626528 -13.02694035 29.20175636
v -19.19626528 -13.02694035 29.70443314
v -19.19626528 -13.02694035 30.20710993
v -19.19626528 -13.02694035 30.70978671
v -19.19626528 -13.02694035 31.21246350
v -19.19626528 -13.02694035 31.71514028
v -19.19626528 -13.02694035 32.21781707
v -19.19626528 -13.02694035 32.72049385
v -19.19626528 -13.02694035 33.22317064
v -19.19626528 -12.52590424 33.72584742
v -19.19626528 -12.02486813 27.19104922
v -19.19626528 -12.52590424 27.69372600
v -19.19626528 -12.52590424 34.22852421
v -19.19626528 -12.02486813 34.73120099
v -19.19626528 -11.52383202 26.68837243
v -19.19626528 -11.52383202 35.23387778
v -19.19626528 -11.02279592 26.18569565
v -19.19626528 -11.02279592 35.73655456
v -19.19626528 -10.52175981 26.18569565
v -19.19626528 -10.52175981 35.73655456
v -19.19626528 -10.02072370 26.18569565
v -19.19626528 -10.02072370 36.23923135
v -19.19626528 -9.51968759 26.18569565
v -19.19626528 -9.51968759 36.23923135
v -19.19626528 -9.01865149 26.18569565
v -19.19626528 -9.01865149 36.74190813
v -19.19626528 -8.51761538 26.18569565
v -19.19626528 -8.51761538 36.74190813
v -19.19626528 -8.01657927 26.18569565
v -19.19626528 -8.01657927 36.74190813
v -19.19626528 -7.51554316 25.68301886
v -19.19626528 -7.51554316 37.24458492
v -19.19626528 -7.01450706 25.68301886
v -19.19626528 -7.01450706 37.24458492
v -19.19626528 -6.51347095 25.68301886
v -19.19626528 -6.51347095 37.24458492
v -19.19626528 -6.01243484 25.68301886
v -19.19626528 -6.01243484 37.74726170
v -19.19626528 -5.51139873 25.68301886
v -19.19626528 -5.51139873 37.74726170
v -19.19626528 -5.01036263 25.68301886
v -19.19626528 -5.01036263 37.74726170
v -19.19626528 -4.50932652 25.68301886
v -19.19626528 -4.50932652 37.74726170
v -19.19626528 -4.00829041 25.68301886
v -19.19626528 -4.00829041 37.74726170
v -19.19626528 -3.50725430 25.68301886
v -19.19626528 -3.50725430 38.24993849
v -19.19626528 -3.00621819 25.68301886
v -19.19626528 -3.00621819 38.24993849
v -19.19626528 -2.50518209 25.68301886
v -19.19626528 -2.50518209 38.24993849
v -19.19626528 -2.00414598 25.68301886
v -19.19626528 -2.00414598 38.24993849
v -19.19626528 -1.50310987 25.68301886
v -19.19626528 -1.50310987 38.24993849
v -19.19626528 -1.00207376 25.68301886
v -19.19626528 -1.00207376 38.24993849
v -19.19626528 -0.50103766 25.68301886
v -19.19626528 -0.50103766 38.24993849
v -19.19626528 -0.00000155 26.18569565
v -19.19626528 -0.00000155 38.24993849
v -19.19626528 0.50103456 26.18569565
v -19.19626528 0.50103456 38.24993849
v -19.19626528 1.00207067 26.68837243
v -19.19626528 1.00207067 38.24993849
v -19.19626528 1.50310677 26.68837243
v -19.19626528 1.50310677 38.24993849
v -19.19626528 2.00414288 27.19104922
v -19.19626528 2.00414288 38.24993849
v -19.19626528 2.50517899 27.19104922
v -19.19626528 2.50517899 38.24993849
v -19.19626528 3.00621510 27.69372600
v -19.19626528 3.00621510 38.24993849
v -19.19626528 3.50725120 27.69372600
v -19.19626528 3.50725120 38.24993849
v -19.19626528 4.00828731 28.19640279
v -19.19626528 4.00828731 38.24993849
v -19.19626528 4.50932342 28.19640279
v -19.19626528 4.50932342 38.24993849
v -19.19626528 5.01035953 28.19640279
v -19.19626528 5.01035953 38.24993849
v -19.19626528 5.51139563 28.19640279
v -19.19626528 5.51139563 37.74726170
v -19.19626528 6.01243174 28.69907957
v -19.19626528 6.01243174 37.74726170
v -19.19626528 6.51346785 28.69907957
v -19.19626528 6.51346785 37.74726170
v -19.19626528 7.01450396 28.69907957
v -19.19626528 7.01450396 37.24458492
v -19.19626528 7.51554006 29.20175636
v -19.19626528 7.51554006 36.74190813
v -19.19626528 8.01657617 29.20175636
v -19.19626528 8.01657617 36.74190813
v -19.19626528 8.51761228 29.70443314
v -19.19626528 8.51761228 35.73655456
v -19.19626528 8.51761228 36.23923135
v -19.19626528 9.01864839 30.20710993
v -19.19626528 9.01864839 30.70978671
v -19.19626528 9.01864839 31.21246350
v -19.19626528 9.01864839 34.73120099
v -19.19626528 9.01864839 35.23387778
v -19.19626528 9.51968449 31.71514028
v -19.19626528 9.51968449 32.21781707
v -19.19626528 9.51968449 32.72049385
v -19.19626528 9.51968449 33.22317064
v -19.19626528 9.51968449 33.72584742
v -19.19626528 9.51968449 34.22852421
v -18.69608212 -12.52590424 28.19640279
v -18.69608212 -13.02694035 28.69907957
v -18.69608212 -13.02694035 29.20175636
v -18.69608212 -13.02694035 29.70443314
v -18.69608212 -13.02694035 30.20710993
v -18.69608212 -13.02694035 30.70978671
v -18.69608212 -13.02694035 31.21246350
v -18.69608212 -13.02694035 31.71514028
v -18.69608212 -13.02694035 32.21781707
v -18.69608212 -13.02694035 32.72049385
v -18.69608212 -13.02694035 33.22317064
v -18.69608212 -12.52590424 33.72584742
v -18.69608212 -12.02486813 27.19104922
v -18.69608212 -12.52590424 27.69372600
v -18.69608212 -12.52590424 34.22852421
v -18.69608212 -12.02486813 34.73120099
v -18.69608212 -11.52383202 26.68837243
v -18.69608212 -11.52383202 35.23387778
v -18.69608212 -11.02279592 26.18569565
v -18.69608212 -11.02279592 35.73655456
v -18.69608212 -10.52175981 26.18569565
v -18.69608212 -10.52175981 35.73655456
v -18.69608212 -10.02072370 26.18569565
v -18.69608212 -10.02072370 36.23923135
v -18.69608212 -9.51968759 26.18569565
v -18.69608212 -9.51968759 36.23923135
v -18.69608212 -9.01865149 25.68301886
v -18.69608212 -9.01865149 36.74190813
v -18.69608212 -8.51761538 25.68301886
v -18.69608212 -8.51761538 36.74190813
v -18.69608212 -8.01657927 25.68301886
v -18.69608212 -8.01657927 36.74190813
v -18.69608212 -7.51554316 25.68301886
v -18.69608212 -7.51554316 37.24458492
v -18.69608212 -7.01450706 25.68301886
v -18.69608212 -7.01450706 37.24458492
v -18.69608212 -6.51347095 25.68301886
v -18.69608212 -6.51347095 37.24458492
v -18.69608212 -6.01243484 25.68301886
v -18.69608212 -6.01243484 37.74726170
v -18.69608212 -5.51139873 25.68301886
v -18.69608212 -5.51139873 37.74726170
v -18.69608212 -5.01036263 25.68301886
v -18.69608212 -5.01036263 37.74726170
v -18.69608212 -4.50932652 25.68301886
v -18.69608212 -4.50932652 37.74726170
v -18.69608212 -4.00829041 25.68301886
v -18.69608212 -4.00829041 37.74726170
v -18.69608212 -3.50725430 25.68301886
v -18.69608212 -3.50725430 38.24993849
v -18.69608212 -3.00621819 25.68301886
v -18.69608212 -3.00621819 38.24993849
v -18.69608212 -2.50518209 25.68301886
v -18.69608212 -2.50518209 38.24993849
v -18.69608212 -2.00414598 25.68301886
v -18.69608212 -2.00414598 38.24993849
v -18.69608212 -1.50310987 25.68301886
v -18.69608212 -1.50310987 38.24993849
v -18.69608212 -1.00207376 25.68301886
v -18.69608212 -1.00207376 38.24993849
v -18.69608212 -0.50103766 25.68301886
v -18.69608212 -0.50103766 38.24993849
v -18.69608212 -0.00000155 26.18569565
v -18.69608212 -0.00000155 38.24993849
v -18.69608212 0.50103456 26.18569565
v -18.69608212 0.50103456 38.24993849
v -18.69608212 1.00207067 26.18569565
v -18.69608212 1.00207067 38.24993849
v -18.69608212 1.50310677 26.68837243
v -18.69608212 1.50310677 38.24993849
v -18.69608212 2.00414288 26.68837243
v -18.69608212 2.00414288 38.24993849
v -18.69608212 2.50517899 27.19104922
v -18.69608212 2.50517899 38.24993849
v -18.69608212 3.00621510 27.19104922
v -18.69608212 3.00621510 38.24993849
v -18.69608212 3.50725120 27.69372600
v -18.69608212 3.50725120 38.24993849
v -18.69608212 4.00828731 27.69372600
v -18.69608212 4.00828731 38.24993849
v -18.69608212 4.50932342 28.19640279
v -18.69608212 4.50932342 38.24993849
v -18.69608212 5.01035953 28.19640279
v -18.69608212 5.01035953 38.24993849
v -18.69608212 5.51139563 28.19640279
v -18.69608212 5.51139563 37.74726170
v -18.69608212 6.01243174 28.19640279
v -18.69608212 6.01243174 37.74726170
v -18.69608212 6.51346785 28.69907957
v -18.69608212 6.51346785 37.74726170
v -18.69608212 7.01450396 28.69907957
v -18.69608212 7.01450396 37.24458492
v -18.69608212 7.51554006 28.69907957
v -18.69608212 7.51554006 37.24458492
v -18.69608212 8.01657617 29.20175636
v -18.69608212 8.01657617 36.74190813
v -18.69608212 8.51761228 29.70443314
v -18.69608212 8.51761228 35.73655456
v -18.69608212 8.51761228 36.23923135
v -18.69608212 9.01864839 30.20710993
v -18.69608212 9.01864839 30.70978671
v -18.69608212 9.01864839 34.73120099
v -18.69608212 9.01864839 35.23387778
v -18.69608212 9.51968449 31.21246350
v -18.69608212 9.51968449 31.71514028
v -18.69608212 9.51968449 32.21781707
v -18.69608212 9.51968449 32.72049385
v -18.69608212 9.51968449 33.22317064
v -18.69608212 9.51968449 33.72584742
v -18.69608212 9.51968449 34.22852421
v -18.19589895 -12.52590424 27.69372600
v -18.19589895 -13.02694035 28.19640279
v -18.19589895 -13.02694035 28.69907957
v -18.19589895 -13.02694035 29.20175636
v -18.19589895 -13.02694035 29.70443314
v -18.19589895 -13.02694035 30.20710993
v -18.19589895 -13.02694035 30.70978671
v -18.19589895 -13.02694035 31.21246350
v -18.19589895 -13.02694035 31.71514028
v -18.19589895 -13.02694035 32.21781707
v -18.19589895 -13.02694035 32.72049385
v -18.19589895 -13.02694035 33.22317064
v -18.19589895 -12.52590424 33.72584742
v -18.19589895 -12.02486813 26.68837243
v -18.19589895 -12.52590424 27.19104922
v -18.19589895 -12.52590424 34.22852421
v -18.19589895 -12.02486813 34.73120099
v -18.19589895 -11.52383202 26.18569565
v -18.19589895 -11.52383202 35.23387778
v -18.19589895 -11.02279592 26.18569565
v -18.19589895 -11.02279592 35.73655456
v -18.19589895 -10.52175981 26.18569565
v -18.19589895 -10.52175981 35.73655456
v -18.19589895 -10.02072370 25.68301886
v -18.19589895 -10.02072370 36.23923135
v -18.19589895 -9.51968759 25.68301886
v -18.19589895 -9.51968759 36.23923135
v -18.19589895 -9.01865149 25.68301886
v -18.19589895 -9.01865149 36.74190813
v -18.19589895 -8.51761538 25.68301886
v -18.19589895 -8.51761538 36.74190813
v -18.19589895 -8.01657927 25.68301886
v -18.19589895 -8.01657927 36.74190813
v -18.19589895 -7.51554316 25.68301886
v -18.19589895 -7.51554316 37.24458492
v -18.19589895 -7.01450706 25.68301886
v -18.19589895 -7.01450706 37.24458492
v -18.19589895 -6.51347095 25.68301886
v -18.19589895 -6.51347095 37.24458492
v -18.19589895 -6.01243484 25.68301886
v -18.19589895 -6.01243484 37.24458492
v -18.19589895 -5.51139873 25.68301886
v -18.19589895 -5.51139873 37.74726170
v -18.19589895 -5.01036263 25.68301886
v -18.19589895 -5.01036263 37.74726170
v -18.19589895 -4.50932652 25.68301886
v -18.19589895 -4.50932652 37.74726170
v -18.19589895 -4.00829041 25.68301886
v -18.19589895 -4.00829041 37.74726170
v -18.19589895 -3.50725430 25.68301886
v -18.19589895 -3.50725430 38.24993849
v -18.19589895 -3.00621819 25.68301886
v -18.19589895 -3.00621819 38.24993849
v -18.19589895 -2.50518209 25.68301886
v -18.19589895 -2.50518209 38.24993849
v -18.19589895 -2.00414598 25.68301886
v -18.19589895 -2.00414598 38.24993849
v -18.19589895 -1.50310987 25.68301886
v -18.19589895 -1.50310987 38.24993849
v -18.19589895 -1.00207376 25.68301886
v -18.19589895 -1.00207376 38.24993849
v -18.19589895 -0.50103766 25.68301886
v -18.19589895 -0.50103766 38.24993849
v -18.19589895 -0.00000155 25.68301886
v -18.19589895 -0.00000155 38.24993849
v -18.19589895 0.50103456 26.18569565
v -18.19589895 0.50103456 38.24993849
v -18.19589895 1.00207067 26.18569565
v -18.19589895 1.00207067 38.24993849
v -18.19589895 1.50310677 26.18569565
v -18.19589895 1.50310677 38.24993849
v -18.19589895 2.00414288 26.68837243
v -18.19589895 2.00414288 38.24993849
v -18.19589895 2.50517899 26.68837243
v -18.19589895 2.50517899 38.24993849
v -18.19589895 3.00621510 27.19104922
v -18.19589895 3.00621510 38.24993849
v -18.19589895 3.50725120 27.19104922
v -18.19589895 3.50725120 38.24993849
v -18.19589895 4.00828731 27.69372600
v -18.19589895 4.00828731 38.24993849
v -18.19589895 4.50932342 27.69372600
v -18.19589895 4.50932342 38.24993849
v -18.19589895 5.01035953 27.69372600
v -18.19589895 5.01035953 38.24993849
v -18.19589895 5.51139563 28.19640279
v -18.19589895 5.51139563 38.24993849
v -18.19589895 6.01243174 28.19640279
v -18.19589895 6.01243174 37.74726170
v -18.19589895 6.51346785 28.19640279
v -18.19589895 6.51346785 37.74726170
v -18.19589895 7.01450396 28.69907957
v -18.19589895 7.01450396 37.24458492
v -18.19589895 7.51554006 28.69907957
v -18.19589895 7.51554006 37.24458492
v -18.19589895 8.01657617 29.20175636
v -18.19589895 8.01657617 36.74190813
v -18.19589895 8.51761228 29.70443314
v -18.19589895 8.51761228 36.23923135
v -18.19589895 9.01864839 30.20710993
v -18.19589895 9.01864839 30.70978671
v -18.19589895 9.01864839 35.23387778
v -18.19589895 9.01864839 35.73655456
v -18.19589895 9.51968449 31.21246350
v -18.19589895 9.51968449 31.71514028
v -18.19589895 9.51968449 32.21781707
v -18.19589895 9.51968449 32.72049385
v -18.19589895 9.51968449 33.22317064
v -18.19589895 9.51968449 33.72584742
v -18.19589895 9.51968449 34.22852421
v -18.19589895 9.51968449 34.73120099
v -17.69571579 -12.52590424 27.69372600
v -17.69571579 -13.02694035 28.19640279
v -17.69571579 -13.02694035 28.69907957
v -17.69571579 -13.02694035 29.20175636
v -17.69571579 -13.02694035 29.70443314
v -17.69571579 -13.02694035 30.20710993
v -17.69571579 -13.02694035 30.70978671
v -17.69571579 -13.02694035 31.21246350
v -17.69571579 -13.02694035 31.71514028
v -17.69571579 -13.02694035 32.21781707
v -17.69571579 -13.02694035 32.72049385
v -17.69571579 -13.02694035 33.22317064
v -17.69571579 -12.52590424 33.72584742
v -17.69571579 -12.02486813 26.68837243
v -17.69571579 -12.52590424 27.19104922
v -17.69571579 -12.52590424 34.22852421
v -17.69571579 -12.02486813 34.73120099
v -17.69571579 -11.52383202 26.18569565
v -17.69571579 -11.52383202 35.23387778
v -17.69571579 -11.02279592 26.18569565
v -17.69571579 -11.02279592 35.73655456
v -17.69571579 -10.52175981 26.18569565
v -17.69571579 -10.52175981 35.73655456
v -17.69571579 -10.02072370 25.68301886
v -17.69571579 -10.02072370 36.23923135
v -17.69571579 -9.51968759 25.68301886
v -17.69571579 -9.51968759 36.23923135
v -17.69571579 -9.01865149 25.68301886
v -17.69571579 -9.01865149 36.23923135
v -17.69571579 -8.51761538 25.68301886
v -17.69571579 -8.51761538 36.74190813
v -17.69571579 -8.01657927 25.68301886
v -17.69571579 -8.01657927 36.74190813
v -17.69571579 -7.51554316 25.68301886
v -17.69571579 -7.51554316 36.74190813
v -17.69571579 -7.01450706 25.68301886
v -17.69571579 -7.01450706 37.24458492
v -17.69571579 -6.51347095 25.68301886
v -17.69571579 -6.51347095 37.24458492
v -17.69571579 -6.01243484 25.68301886
v -17.69571579 -6.01243484 37.24458492
v -17.69571579 -5.51139873 25.68301886
v -17.69571579 -5.51139873 37.74726170
v -17.69571579 -5.01036263 25.68301886
v -17.69571579 -5.01036263 37.74726170
v -17.69571579 -4.50932652 25.68301886
v -17.69571579 -4.50932652 37.74726170
v -17.69571579 -4.00829041 25.68301886
v -17.69571579 -4.00829041 37.74726170
v -17.69571579 -3.50725430 25.68301886
v -17.69571579 -3.50725430 38.24993849
v -17.69571579 -3.00621819 25.68301886
v -17.69571579 -3.00621819 38.24993849
v -17.69571579 -2.50518209 25.68301886
v -17.69571579 -2.50518209 38.24993849
v -17.69571579 -2.00414598 25.68301886
v -17.69571579 -2.00414598 38.24993849
v -17.69571579 -1.50310987 25.68301886
v -17.69571579 -1.50310987 38.24993849
v -17.69571579 -1.00207376 25.68301886
v -17.69571579 -1.00207376 38.24993849
v -17.69571579 -0.50103766 25.68301886
v -17.69571579 -0.50103766 38.24993849
v -17.69571579 -0.00000155 25.68301886
v -17.69571579 -0.00000155 38.24993849
v -17.69571579 0.50103456 25.68301886
v -17.69571579 0.50103456 38.24993849
v -17.69571579 1.00207067 26.18569565
v -17.69571579 1.00207067 38.24993849
v -17.69571579 1.50310677 26.18569565
v -17.69571579 1.50310677 38.24993849
v -17.69571579 2.00414288 26.18569565
v -17.69571579 2.00414288 38.24993849
v -17.69571579 2.50517899 26.68837243
v -17.69571579 2.50517899 38.24993849
v -17.69571579 3.00621510 26.68837243
v -17.69571579 3.00621510 38.24993849
v -17.69571579 3.50725120 27.19104922
v -17.69571579 3.50725120 38.24993849
v -17.69571579 4.00828731 27.19104922
v -17.69571579 4.00828731 38.24993849
v -17.69571579 4.50932342 27.69372600
v -17.69571579 4.50932342 38.24993849
v -17.69571579 5.01035953 27.69372600
v -17.69571579 5.01035953 38.24993849
v -17.69571579 5.51139563 27.69372600
v -17.69571579 5.51139563 38.24993849
v -17.69571579 6.01243174 28.19640279
v -17.69571579 6.01243174 37.74726170
v -17.69571579 6.51346785 28.19640279
v -17.69571579 6.51346785 37.74726170
v -17.69571579 7.01450396 28.19640279
v -17.69571579 7.01450396 37.74726170
v -17.69571579 7.51554006 28.69907957
v -17.69571579 7.51554006 37.24458492
v -17.69571579 8.01657617 29.20175636
v -17.69571579 8.01657617 36.74190813
v -17.69571579 8.51761228 29.70443314
v -17.69571579 8.51761228 36.23923135
v -17.69571579 9.01864839 30.20710993
v -17.69571579 9.01864839 35.23387778
v -17.69571579 9.01864839 35.73655456
v -17.69571579 9.51968449 30.70978671
v -17.69571579 9.51968449 31.21246350
v -17.69571579 9.51968449 31.71514028
v -17.69571579 9.51968449 32.21781707
v -17.69571579 9.51968449 32.72049385
v -17.69571579 9.51968449 33.22317064
v -17.69571579 9.51968449 33.72584742
v -17.69571579 9.51968449 34.22852421
v -17.69571579 9.51968449 34.73120099
v -17.19553262 -12.52590424 27.69372600
v -17.19553262 -13.02694035 28.19640279
v -17.19553262 -13.02694035 28.69907957
v -17.19553262 -13.02694035 29.20175636
v -17.19553262 -13.02694035 29.70443314
v -17.19553262 -13.02694035 30.20710993
v -17.19553262 -13.02694035 30.70978671
v -17.19553262 -13.02694035 31.21246350
v -17.19553262 -13.02694035 31.71514028
v -17.19553262 -13.02694035 32.21781707
v -17.19553262 -13.02694035 32.72049385
v -17.19553262 -12.52590424 33.22317064
v -17.19553262 -12.02486813 26.68837243
v -17.19553262 -12.52590424 27.19104922
v -17.19553262 -12.52590424 33.72584742
v -17.19553262 -12.52590424 34.22852421
v -17.19553262 -12.02486813 34.73120099
v -17.19553262 -11.52383202 26.18569565
v -17.19553262 -11.52383202 35.23387778
v -17.19553262 -11.02279592 26.18569565
v -17.19553262 -11.02279592 35.23387778
v -17.19553262 -10.52175981 25.68301886
v -17.19553262 -10.52175981 35.73655456
v -17.19553262 -10.02072370 25.68301886
v -17.19553262 -10.02072370 35.73655456
v -17.19553262 -9.51968759 25.68301886
v -17.19553262 -9.51968759 36.23923135
v -17.19553262 -9.01865149 25.68301886
v -17.19553262 -9.01865149 36.23923135
v -17.19553262 -8.51761538 25.68301886
v -17.19553262 -8.51761538 36.74190813
v -17.19553262 -8.01657927 25.68301886
v -17.19553262 -8.01657927 36.74190813
v -17.19553262 -7.51554316 25.68301886
v -17.19553262 -7.51554316 36.74190813
v -17.19553262 -7.01450706 25.68301886
v -17.19553262 -7.01450706 37.24458492
v -17.19553262 -6.51347095 25.68301886
v -17.19553262 -6.51347095 37.24458492
v -17.19553262 -6.01243484 25.68301886
v -17.19553262 -6.01243484 37.24458492
v -17.19553262 -5.51139873 25.68301886
v -17.19553262 -5.51139873 37.24458492
v -17.19553262 -5.01036263 25.68301886
v -17.19553262 -5.01036263 37.74726170
v -17.19553262 -4.50932652 25.68301886
v -17.19553262 -4.50932652 37.74726170
v -17.19553262 -4.00829041 25.68301886
v -17.19553262 -4.00829041 37.74726170
v -17.19553262 -3.50725430 25.68301886
v -17.19553262 -3.50725430 38.24993849
v -17.19553262 -3.00621819 25.68301886
v -17.19553262 -3.00621819 38.24993849
v -17.19553262 -2.50518209 25.68301886
v -17.19553262 -2.50518209 38.24993849
v -17.19553262 -2.00414598 25.68301886
v -17.19553262 -2.00414598 38.24993849
v -17.19553262 -1.50310987 25.68301886
v -17.19553262 -1.50310987 38.24993849
v -17.19553262 -1.00207376 25.68301886
v -17.19553262 -1.00207376 38.24993849
v -17.19553262 -0.50103766 25.68301886
v -17.19553262 -0.50103766 38.24993849
v -17.19553262 -0.00000155 25.68301886
v -17.19553262 -0.00000155 38.24993849
v -17.19553262 0.50103456 25.68301886
v -17.19553262 0.50103456 38.24993849
v -17.19553262 1.00207067 25.68301886
v -17.19553262 1.00207067 38.24993849
v -17.19553262 1.50310677 26.18569565
v -17.19553262 1.50310677 38.24993849
v -17.19553262 2.00414288 26.18569565
v -17.19553262 2.00414288 38.24993849
v -17.19553262 2.50517899 26.18569565
v -17.19553262 2.50517899 38.24993849
v -17.19553262 3.00621510 26.68837243
v -17.19553262 3.00621510 38.24993849
v -17.19553262 3.50725120 26.68837243
v -17.19553262 3.50725120 38.24993849
v -17.19553262 4.00828731 27.19104922
v -17.19553262 4.00828731 38.24993849
v -17.19553262 4.50932342 27.19104922
v -17.19553262 4.50932342 38.24993849
v -17.19553262 5.01035953 27.69372600
v -17.19553262 5.01035953 38.24993849
v -17.19553262 5.51139563 27.69372600
v -17.19553262 5.51139563 38.24993849
v -17.19553262 6.01243174 27.69372600
v -17.19553262 6.01243174 37.74726170
v -17.19553262 6.51346785 28.19640279
v -17.19553262 6.51346785 37.74726170
v -17.19553262 7.01450396 28.19640279
v -17.19553262 7.01450396 37.74726170
v -17.19553262 7.51554006 28.69907957
v -17.19553262 7.51554006 37.24458492
v -17.19553262 8.01657617 28.69907957
v -17.19553262 8.01657617 36.74190813
v -17.19553262 8.51761228 29.20175636
v -17.19553262 8.51761228 36.23923135
v -17.19553262 9.01864839 29.70443314
v -17.19553262 9.01864839 30.20710993
v -17.19553262 9.01864839 35.23387778
v -17.19553262 9.01864839 35.73655456
v -17.19553262 9.51968449 30.70978671
v -17.19553262 9.51968449 31.21246350
v -17.19553262 9.51968449 31.71514028
v -17.19553262 9.51968449 32.21781707
v -17.19553262 9.51968449 32.72049385
v -17.19553262 9.51968449 33.22317064
v -17.19553262 9.51968449 33.72584742
v -17.19553262 9.51968449 34.22852421
v -17.19553262 9.51968449 34.73120099
v -16.69534945 -12.52590424 27.69372600
v -16.69534945 -13.02694035 28.19640279
v -16.69534945 -13.02694035 28.69907957
v -16.69534945 -13.02694035 29.20175636
v -16.69534945 -13.02694035 29.70443314
v -16.69534945 -13.02694035 30.20710993
v -16.69534945 -13.02694035 30.70978671
v -16.69534945 -13.02694035 31.21246350
v -16.69534945 -13.02694035 31.71514028
v -16.69534945 -13.02694035 32.21781707
v -16.69534945 -13.02694035 32.72049385
v -16.69534945 -12.52590424 33.22317064
v -16.69534945 -12.02486813 26.68837243
v -16.69534945 -12.52590424 27.19104922
v -16.69534945 -12.52590424 33.72584742
v -16.69534945 -12.02486813 34.22852421
v -16.69534945 -11.52383202 26.18569565
v -16.69534945 -11.52383202 34.73120099
v -16.69534945 -11.02279592 26.18569565
v -16.69534945 -11.02279592 35.23387778
v -16.69534945 -10.52175981 25.68301886
v -16.69534945 -10.52175981 35.73655456
v -16.69534945 -10.02072370 25.68301886
v -16.69534945 -10.02072370 35.73655456
v -16.69534945 -9.51968759 25.68301886
v -16.69534945 -9.51968759 36.23923135
v -16.69534945 -9.01865149 25.68301886
v -16.69534945 -9.01865149 36.23923135
v -16.69534945 -8.51761538 25.68301886
v -16.69534945 -8.51761538 36.23923135
v -16.69534945 -8.01657927 25.68301886
v -16.69534945 -8.01657927 36.74190813
v -16.69534945 -7.51554316 25.68301886
v -16.69534945 -7.51554316 36.74190813
v -16.69534945 -7.01450706 25.68301886
v -16.69534945 -7.01450706 36.74190813
v -16.69534945 -6.51347095 25.68301886
v -16.69534945 -6.51347095 37.24458492
v -16.69534945 -6.01243484 25.68301886
v -16.69534945 -6.01243484 37.24458492
v -16.69534945 -5.51139873 25.68301886
v -16.69534945 -5.51139873 37.24458492
v -16.69534945 -5.01036263 25.68301886
v -16.69534945 -5.01036263 37.74726170
v -16.69534945 -4.50932652 25.68301886
v -16.69534945 -4.50932652 37.74726170
v -16.69534945 -4.00829041 25.68301886
v -16.69534945 -4.00829041 37.74726170
v -16.69534945 -3.50725430 25.68301886
v -16.69534945 -3.50725430 37.74726170
v -16.69534945 -3.00621819 25.68301886
v -16.69534945 -3.00621819 38.24993849
v -16.69534945 -2.50518209 25.68301886
v -16.69534945 -2.50518209 38.24993849
v -16.69534945 -2.00414598 25.68301886
v -16.69534945 -2.00414598 38.24993849
v -16.69534945 -1.50310987 25.68301886
v -16.69534945 -1.50310987 38.24993849
v -16.69534945 -1.00207376 25.68301886
v -16.69534945 -1.00207376 38.24993849
v -16.69534945 -0.50103766 25.68301886
v -16.69534945 -0.50103766 38.24993849
v -16.69534945 -0.00000155 25.68301886
v -16.69534945 -0.00000155 38.24993849
v -16.69534945 0.50103456 25.68301886
v -16.69534945 0.50103456 38.24993849
v -16.69534945 1.00207067 25.68301886
v -16.69534945 1.00207067 38.24993849
v -16.69534945 1.50310677 25.68301886
v -16.69534945 1.50310677 38.24993849
v -16.69534945 2.00414288 26.18569565
v -16.69534945 2.00414288 38.24993849
v -16.69534945 2.50517899 26.18569565
v -16.69534945 2.50517899 38.24993849
v -16.69534945 3.00621510 26.68837243
v -16.69534945 3.00621510 38.24993849
v -16.69534945 3.50725120 26.68837243
v -16.69534945 3.50725120 38.24993849
v -16.69534945 4.00828731 26.68837243
v -16.69534945 4.00828731 38.24993849
v -16.69534945 4.50932342 27.19104922
v -16.69534945 4.50932342 38.24993849
v -16.69534945 5.01035953 27.19104922
v -16.69534945 5.01035953 38.24993849
v -16.69534945 5.51139563 27.69372600
v -16.69534945 5.51139563 37.74726170
v -16.69534945 6.01243174 27.69372600
v -16.69534945 6.01243174 37.74726170
v -16.69534945 6.51346785 28.19640279
v -16.69534945 6.51346785 37.74726170
v -16.69534945 7.01450396 28.19640279
v -16.69534945 7.01450396 37.74726170
v -16.69534945 7.51554006 28.69907957
v -16.69534945 7.51554006 37.24458492
v -16.69534945 8.01657617 28.69907957
v -16.69534945 8.01657617 36.74190813
v -16.69534945 8.51761228 29.20175636
v -16.69534945 8.51761228 36.23923135
v -16.69534945 9.01864839 29.70443314
v -16.69534945 9.01864839 30.20710993
v -16.69534945 9.01864839 34.73120099
v -16.69534945 9.01864839 35.23387778
v -16.69534945 9.01864839 35.73655456
v -16.69534945 9.51968449 30.70978671
v -16.69534945 9.51968449 31.21246350
v -16.69534945 9.51968449 31.71514028
v -16.69534945 9.51968449 32.21781707
v -16.69534945 9.51968449 32.72049385
v -16.69534945 9.51968449 33.22317064
v -16.69534945 9.51968449 33.72584742
v -16.69534945 9.51968449 34.22852421
v -16.19516629 -12.52590424 27.69372600
v -16.19516629 -13.02694035 28.19640279
v -16.19516629 -13.02694035 28.69907957
v -16.19516629 -13.02694035 29.20175636
v -16.19516629 -13.02694035 29.70443314
v -16.19516629 -13.02694035 30.20710993
v -16.19516629 -13.02694035 30.70978671
v -16.19516629 -13.02694035 31.21246350
v -16.19516629 -13.02694035 31.71514028
v -16.19516629 -13.02694035 32.21781707
v -16.19516629 -13.02694035 32.72049385
v -16.19516629 -12.52590424 33.22317064
v -16.19516629 -12.02486813 26.68837243
v -16.19516629 -12.52590424 27.19104922
v -16.19516629 -12.52590424 33.72584742
v -16.19516629 -12.02486813 34.22852421
v -16.19516629 -11.52383202 26.18569565
v -16.19516629 -11.52383202 34.73120099
v -16.19516629 -11.02279592 26.18569565
v -16.19516629 -11.02279592 35.23387778
v -16.19516629 -10.52175981 25.68301886
v -16.19516629 -10.52175981 35.23387778
v -16.19516629 -10.02072370 25.68301886
v -16.19516629 -10.02072370 35.73655456
v -16.19516629 -9.51968759 25.68301886
v -16.19516629 -9.51968759 35.73655456
v -16.19516629 -9.01865149 25.68301886
v -16.19516629 -9.01865149 36.23923135
v -16.19516629 -8.51761538 25.68301886
v -16.19516629 -8.51761538 36.23923135
v -16.19516629 -8.01657927 25.68301886
v -16.19516629 -8.01657927 36.23923135
v -16.19516629 -7.51554316 25.68301886
v -16.19516629 -7.51554316 36.74190813
v -16.19516629 -7.01450706 25.68301886
v -16.19516629 -7.01450706 36.74190813
v -16.19516629 -6.51347095 25.68301886
v -16.19516629 -6.51347095 36.74190813
v -16.19516629 -6.01243484 25.68301886
v -16.19516629 -6.01243484 37.24458492
v -16.19516629 -5.51139873 25.68301886
v -16.19516629 -5.51139873 37.24458492
v -16.19516629 -5.01036263 25.68301886
v -16.19516629 -5.01036263 37.24458492
v -16.19516629 -4.50932652 25.68301886
v -16.19516629 -4.50932652 37.74726170
v -16.19516629 -4.00829041 25.68301886
v -16.19516629 -4.00829041 37.74726170
v -16.19516629 -3.50725430 25.68301886
v -16.19516629 -3.50725430 37.74726170
v -16.19516629 -3.00621819 25.68301886
v -16.19516629 -3.00621819 38.24993849
v -16.19516629 -2.50518209 25.68301886
v -16.19516629 -2.50518209 38.24993849
v -16.19516629 -2.00414598 25.68301886
v -16.19516629 -2.00414598 38.24993849
v -16.19516629 -1.50310987 25.68301886
v -16.19516629 -1.50310987 38.24993849
v -16.19516629 -1.00207376 25.68301886
v -16.19516629 -1.00207376 38.24993849
v -16.19516629 -0.50103766 25.68301886
v -16.19516629 -0.50103766 38.24993849
v -16.19516629 -0.00000155 25.68301886
v -16.19516629 -0.00000155 38.24993849
v -16.19516629 0.50103456 25.68301886
v -16.19516629 0.50103456 38.24993849
v -16.19516629 1.00207067 25.68301886
v -16.19516629 1.00207067 38.24993849
v -16.19516629 1.50310677 25.68301886
v -16.19516629 1.50310677 38.24993849
v -16.19516629 2.00414288 26.18569565
v -16.19516629 2.00414288 38.24993849
v -16.19516629 2.50517899 26.18569565
v -16.19516629 2.50517899 38.24993849
v -16.19516629 3.00621510 26.18569565
v -16.19516629 3.00621510 38.24993849
v -16.19516629 3.50725120 26.68837243
v -16.19516629 3.50725120 38.24993849
v -16.19516629 4.00828731 26.68837243
v -16.19516629 4.00828731 38.24993849
v -16.19516629 4.50932342 26.68837243
v -16.19516629 4.50932342 38.24993849
v -16.19516629 5.01035953 27.19104922
v -16.19516629 5.01035953 38.24993849
v -16.19516629 5.51139563 27.19104922
v -16.19516629 5.51139563 37.74726170
v -16.19516629 6.01243174 27.69372600
v -16.19516629 6.01243174 37.74726170
v -16.19516629 6.51346785 27.69372600
v -16.19516629 6.51346785 37.74726170
v -16.19516629 7.01450396 28.19640279
v -16.19516629 7.01450396 37.24458492
v -16.19516629 7.51554006 28.19640279
v -16.19516629 7.51554006 37.24458492
v -16.19516629 8.01657617 28.69907957
v -16.19516629 8.01657617 36.74190813
v -16.19516629 8.51761228 29.20175636
v -16.19516629 8.51761228 36.23923135
v -16.19516629 9.01864839 29.70443314
v -16.19516629 9.01864839 30.20710993
v -16.19516629 9.01864839 34.73120099
v -16.19516629 9.01864839 35.23387778
v -16.19516629 9.01864839 35.73655456
v -16.19516629 9.51968449 30.70978671
v -16.19516629 9.51968449 31.21246350
v -16.19516629 9.51968449 31.71514028
v -16.19516629 9.51968449 32.21781707
v -16.19516629 9.51968449 32.72049385
v -16.19516629 9.51968449 33.22317064
v -16.19516629 9.51968449 33.72584742
v -16.19516629 9.51968449 34.22852421
v -15.69498312 -12.52590424 27.69372600
v -15.69498312 -13.02694035 28.19640279
v -15.69498312 -13.02694035 28.69907957
v -15.69498312 -13.02694035 29.20175636
v -15.69498312 -13.02694035 29.70443314
v -15.69498312 -13.02694035 30.20710993
v -15.69498312 -13.02694035 30.70978671
v -15.69498312 -13.02694035 31.21246350
v -15.69498312 -13.02694035 31.71514028
v -15.69498312 -13.02694035 32.21781707
v -15.69498312 -12.52590424 32.72049385
v -15.69498312 -12.02486813 26.68837243
v -15.69498312 -12.52590424 27.19104922
v -15.69498312 -12.52590424 33.22317064
v -15.69498312 -12.52590424 33.72584742
v -15.69498312 -12.02486813 34.22852421
v -15.69498312 -11.52383202 26.18569565
v -15.69498312 -11.52383202 34.73120099
v -15.69498312 -11.02279592 26.18569565
v -15.69498312 -11.02279592 35.23387778
v -15.69498312 -10.52175981 25.68301886
v -15.69498312 -10.52175981 35.23387778
v -15.69498312 -10.02072370 25.68301886
v -15.69498312 -10.02072370 35.73655456
v -15.69498312 -9.51968759 25.68301886
v -15.69498312 -9.51968759 35.73655456
v -15.69498312 -9.01865149 25.68301886
v -15.69498312 -9.01865149 35.73655456
v -15.69498312 -8.51761538 25.68301886
v -15.69498312 -8.51761538 36.23923135
v -15.69498312 -8.01657927 25.68301886
v -15.69498312 -8.01657927 36.23923135
v -15.69498312 -7.51554316 25.68301886
v -15.69498312 -7.51554316 36.23923135
v -15.69498312 -7.01450706 25.68301886
v -15.69498312 -7.01450706 36.74190813
v -15.69498312 -6.51347095 25.68301886
v -15.69498312 -6.51347095 36.74190813
v -15.69498312 -6.01243484 25.68301886
v -15.69498312 -6.01243484 36.74190813
v -15.69498312 -5.51139873 25.68301886
v -15.69498312 -5.51139873 37.24458492
v -15.69498312 -5.01036263 25.68301886
v -15.69498312 -5.01036263 37.24458492
v -15.69498312 -4.50932652 25.68301886
v -15.69498312 -4.50932652 37.74726170
v -15.69498312 -4.00829041 25.68301886
v -15.69498312 -4.00829041 37.74726170
v -15.69498312 -3.50725430 25.68301886
v -15.69498312 -3.50725430 37.74726170
v -15.69498312 -3.00621819 25.68301886
v -15.69498312 -3.00621819 37.74726170
v -15.69498312 -2.50518209 25.68301886
v -15.69498312 -2.50518209 38.24993849
v -15.69498312 -2.00414598 25.68301886
v -15.69498312 -2.00414598 38.24993849
v -15.69498312 -1.50310987 25.68301886
v -15.69498312 -1.50310987 38.24993849
v -15.69498312 -1.00207376 25.68301886
v -15.69498312 -1.00207376 38.24993849
v -15.69498312 -0.50103766 25.68301886
v -15.69498312 -0.50103766 38.24993849
v -15.69498312 -0.00000155 25.68301886
v -15.69498312 -0.00000155 38.24993849
v -15.69498312 0.50103456 25.68301886
v -15.69498312 0.50103456 38.24993849
v -15.69498312 1.00207067 25.68301886
v -15.69498312 1.00207067 38.24993849
v -15.69498312 1.50310677 25.68301886
v -15.69498312 1.50310677 38.24993849
v -15.69498312 2.00414288 25.68301886
v -15.69498312 2.00414288 38.24993849
v -15.69498312 2.50517899 26.18569565
v -15.69498312 2.50517899 38.24993849
v -15.69498312 3.00621510 26.18569565
v -15.69498312 3.00621510 38.24993849
v -15.69498312 3.50725120 26.18569565
v -15.69498312 3.50725120 38.24993849
v -15.69498312 4.00828731 26.68837243
v -15.69498312 4.00828731 38.24993849
v -15.69498312 4.50932342 26.68837243
v -15.69498312 4.50932342 38.24993849
v -15.69498312 5.01035953 27.19104922
v -15.69498312 5.01035953 37.74726170
v -15.69498312 5.51139563 27.19104922
v -15.69498312 5.51139563 37.74726170
v -15.69498312 6.01243174 27.69372600
v -15.69498312 6.01243174 37.74726170
v -15.69498312 6.51346785 27.69372600
v -15.69498312 6.51346785 37.74726170
v -15.69498312 7.01450396 28.19640279
v -15.69498312 7.01450396 37.24458492
v -15.69498312 7.51554006 28.19640279
v -15.69498312 7.51554006 37.24458492
v -15.69498312 8.01657617 28.69907957
v -15.69498312 8.01657617 36.74190813
v -15.69498312 8.51761228 29.20175636
v -15.69498312 8.51761228 35.73655456
v -15.69498312 8.51761228 36.23923135
v -15.69498312 9.01864839 29.70443314
v -15.69498312 9.01864839 30.20710993
v -15.69498312 9.01864839 30.70978671
v -15.69498312 9.01864839 34.73120099
v -15.69498312 9.01864839 35.23387778
v -15.69498312 9.51968449 31.21246350
v -15.69498312 9.51968449 31.71514028
v -15.69498312 9.51968449 32.21781707
v -15.69498312 9.51968449 32.72049385
v -15.69498312 9.51968449 33.22317064
v -15.69498312 9.51968449 33.72584742
v -15.69498312 9.51968449 34.22852421
v -15.19479996 -12.52590424 27.69372600
v -15.19479996 -13.02694035 28.19640279
v -15.19479996 -13.02694035 28.69907957
v -15.19479996 -13.02694035 29.20175636
v -15.19479996 -13.02694035 29.70443314
v -15.19479996 -13.02694035 30.20710993
v -15.19479996 -13.02694035 30.70978671
v -15.19479996 -13.02694035 31.21246350
v -15.19479996 -13.02694035 31.71514028
v -15.19479996 -13.02694035 32.21781707
v -15.19479996 -12.52590424 32.72049385
v -15.19479996 -12.02486813 26.68837243
v -15.19479996 -12.52590424 27.19104922
v -15.19479996 -12.52590424 33.22317064
v -15.19479996 -12.02486813 33.72584742
v -15.19479996 -11.52383202 26.18569565
v -15.19479996 -12.02486813 34.22852421
v -15.19479996 -11.52383202 34.73120099
v -15.19479996 -11.02279592 26.18569565
v -15.19479996 -11.02279592 34.73120099
v -15.19479996 -10.52175981 25.68301886
v -15.19479996 -10.52175981 35.23387778
v -15.19479996 -10.02072370 25.68301886
v -15.19479996 -10.02072370 35.23387778
v -15.19479996 -9.51968759 25.68301886
v -15.19479996 -9.51968759 35.73655456
v -15.19479996 -9.01865149 25.68301886
v -15.19479996 -9.01865149 35.73655456
v -15.19479996 -8.51761538 25.68301886
v -15.19479996 -8.51761538 35.73655456
v -15.19479996 -8.01657927 25.68301886
v -15.19479996 -8.01657927 36.23923135
v -15.19479996 -7.51554316 25.68301886
v -15.19479996 -7.51554316 36.23923135
v -15.19479996 -7.01450706 25.68301886
v -15.19479996 -7.01450706 36.23923135
v -15.19479996 -6.51347095 25.68301886
v -15.19479996 -6.51347095 36.74190813
v -15.19479996 -6.01243484 25.68301886
v -15.19479996 -6.01243484 36.74190813
v -15.19479996 -5.51139873 25.68301886
v -15.19479996 -5.51139873 37.24458492
v -15.19479996 -5.01036263 25.68301886
v -15.19479996 -5.01036263 37.24458492
v -15.19479996 -4.50932652 25.68301886
v -15.19479996 -4.50932652 37.24458492
v -15.19479996 -4.00829041 25.68301886
v -15.19479996 -4.00829041 37.74726170
v -15.19479996 -3.50725430 25.68301886
v -15.19479996 -3.50725430 37.74726170
v -15.19479996 -3.00621819 25.68301886
v -15.19479996 -3.00621819 37.74726170
v -15.19479996 -2.50518209 25.68301886
v -15.19479996 -2.50518209 38.24993849
v -15.19479996 -2.00414598 25.68301886
v -15.19479996 -2.00414598 38.24993849
v -15.19479996 -1.50310987 25.68301886
v -15.19479996 -1.50310987 38.24993849
v -15.19479996 -1.00207376 25.68301886
v -15.19479996 -1.00207376 38.24993849
v -15.19479996 -0.50103766 25.68301886
v -15.19479996 -0.50103766 38.24993849
v -15.19479996 -0.00000155 25.68301886
v -15.19479996 -0.00000155 38.24993849
v -15.19479996 0.50103456 25.68301886
v -15.19479996 0.50103456 38.24993849
v -15.19479996 1.00207067 25.68301886
v -15.19479996 1.00207067 38.24993849
v -15.19479996 1.50310677 25.68301886
v -15.19479996 1.50310677 38.24993849
v -15.19479996 2.00414288 25.68301886
v -15.19479996 2.00414288 38.24993849
v -15.19479996 2.50517899 25.68301886
v -15.19479996 2.50517899 38.24993849
v -15.19479996 3.00621510 26.18569565
v -15.19479996 3.00621510 38.24993849
v -15.19479996 3.50725120 26.18569565
v -15.19479996 3.50725120 38.24993849
v -15.19479996 4.00828731 26.18569565
v -15.19479996 4.00828731 38.24993849
v -15.19479996 4.50932342 26.68837243
v -15.19479996 4.50932342 38.24993849
v -15.19479996 5.01035953 26.68837243
v -15.19479996 5.01035953 37.74726170
v -15.19479996 5.51139563 27.19104922
v -15.19479996 5.51139563 37.74726170
v -15.19479996 6.01243174 27.19104922
v -15.19479996 6.01243174 37.74726170
v -15.19479996 6.51346785 27.69372600
v -15.19479996 6.51346785 37.74726170
v -15.19479996 7.01450396 28.19640279
v -15.19479996 7.01450396 37.24458492
v -15.19479996 7.51554006 28.19640279
v -15.19479996 7.51554006 37.24458492
v -15.19479996 8.01657617 28.69907957
v -15.19479996 8.01657617 36.74190813
v -15.19479996 8.51761228 29.20175636
v -15.19479996 8.51761228 29.70443314
v -15.19479996 8.51761228 35.73655456
v -15.19479996 8.51761228 36.23923135
v -15.19479996 9.01864839 30.20710993
v -15.19479996 9.01864839 30.70978671
v -15.19479996 9.01864839 34.22852421
v -15.19479996 9.01864839 34.73120099
v -15.19479996 9.01864839 35.23387778
v -15.19479996 9.51968449 31.21246350
v -15.19479996 9.51968449 31.71514028
v -15.19479996 9.51968449 32.21781707
v -15.19479996 9.51968449 32.72049385
v -15.19479996 9.51968449 33.22317064
v -15.19479996 9.51968449 33.72584742
v -14.69461679 -12.52590424 27.69372600
v -14.69461679 -13.02694035 28.19640279
v -14.69461679 -13.02694035 28.69907957
v -14.69461679 -13.02694035 29.20175636
v -14.69461679 -13.02694035 29.70443314
v -14.69461679 -13.02694035 30.20710993
v -14.69461679 -13.02694035 30.70978671
v -14.69461679 -13.02694035 31.21246350
v -14.69461679 -13.02694035 31.71514028
v -14.69461679 -13.02694035 32.21781707
v -14.69461679 -12.52590424 32.72049385
v -14.69461679 -12.02486813 26.68837243
v -14.69461679 -12.52590424 27.19104922
v -14.69461679 -12.52590424 33.22317064
v -14.69461679 -12.02486813 33.72584742
v -14.69461679 -11.52383202 26.18569565
v -14.69461679 -11.52383202 34.22852421
v -14.69461679 -11.02279592 26.18569565
v -14.69461679 -11.02279592 34.73120099
v -14.69461679 -10.52175981 25.68301886
v -14.69461679 -10.52175981 35.23387778
v -14.69461679 -10.02072370 25.68301886
v -14.69461679 -10.02072370 35.23387778
v -14.69461679 -9.51968759 25.68301886
v -14.69461679 -9.51968759 35.23387778
v -14.69461679 -9.01865149 25.68301886
v -14.69461679 -9.01865149 35.73655456
v -14.69461679 -8.51761538 25.68301886
v -14.69461679 -8.51761538 35.73655456
v -14.69461679 -8.01657927 25.68301886
v -14.69461679 -8.01657927 35.73655456
v -14.69461679 -7.51554316 25.68301886
v -14.69461679 -7.51554316 36.23923135
v -14.69461679 -7.01450706 25.68301886
v -14.69461679 -7.01450706 36.23923135
v -14.69461679 -6.51347095 25.68301886
v -14.69461679 -6.51347095 36.23923135
v -14.69461679 -6.01243484 25.68301886
v -14.69461679 -6.01243484 36.74190813
v -14.69461679 -5.51139873 25.68301886
v -14.69461679 -5.51139873 36.74190813
v -14.69461679 -5.01036263 25.68301886
v -14.69461679 -5.01036263 37.24458492
v -14.69461679 -4.50932652 25.68301886
v -14.69461679 -4.50932652 37.24458492
v -14.69461679 -4.00829041 25.68301886
v -14.69461679 -4.00829041 37.24458492
v -14.69461679 -3.50725430 25.68301886
v -14.69461679 -3.50725430 37.74726170
v -14.69461679 -3.00621819 25.68301886
v -14.69461679 -3.00621819 37.74726170
v -14.69461679 -2.50518209 25.68301886
v -14.69461679 -2.50518209 37.74726170
v -14.69461679 -2.00414598 25.68301886
v -14.69461679 -2.00414598 38.24993849
v -14.69461679 -1.50310987 25.68301886
v -14.69461679 -1.50310987 38.24993849
v -14.69461679 -1.00207376 25.68301886
v -14.69461679 -1.00207376 38.24993849
v -14.69461679 -0.50103766 25.68301886
v -14.69461679 -0.50103766 38.24993849
v -14.69461679 -0.00000155 25.68301886
v -14.69461679 -0.00000155 38.24993849
v -14.69461679 0.50103456 25.68301886
v -14.69461679 0.50103456 38.24993849
v -14.69461679 1.00207067 25.68301886
v -14.69461679 1.00207067 38.24993849
v -14.69461679 1.50310677 25.68301886
v -14.69461679 1.50310677 38.24993849
v -14.69461679 2.00414288 25.68301886
v -14.69461679 2.00414288 38.24993849
v -14.69461679 2.50517899 25.68301886
v -14.69461679 2.50517899 38.24993849
v -14.69461679 3.00621510 26.18569565
v -14.69461679 3.00621510 38.24993849
v -14.69461679 3.50725120 26.18569565
v -14.69461679 3.50725120 38.24993849
v -14.69461679 4.00828731 26.18569565
v -14.69461679 4.00828731 38.24993849
v -14.69461679 4.50932342 26.68837243
v -14.69461679 4.50932342 37.74726170
v -14.69461679 5.01035953 26.68837243
v -14.69461679 5.01035953 37.74726170
v -14.69461679 5.51139563 27.19104922
v -14.69461679 5.51139563 37.74726170
v -14.69461679 6.01243174 27.19104922
v -14.69461679 6.01243174 37.74726170
v -14.69461679 6.51346785 27.69372600
v -14.69461679 6.51346785 37.74726170
v -14.69461679 7.01450396 27.69372600
v -14.69461679 7.01450396 37.24458492
v -14.69461679 7.51554006 28.19640279
v -14.69461679 7.51554006 36.74190813
v -14.69461679 8.01657617 28.69907957
v -14.69461679 8.01657617 36.23923135
v -14.69461679 8.51761228 29.20175636
v -14.69461679 8.51761228 29.70443314
v -14.69461679 8.51761228 35.23387778
v -14.69461679 8.51761228 35.73655456
v -14.69461679 9.01864839 30.20710993
v -14.69461679 9.01864839 30.70978671
v -14.69461679 9.01864839 31.21246350
v -14.69461679 9.01864839 33.72584742
v -14.69461679 9.01864839 34.22852421
v -14.69461679 9.01864839 34.73120099
v -14.69461679 9.51968449 31.71514028
v -14.69461679 9.51968449 32.21781707
v -14.69461679 9.51968449 32.72049385
v -14.69461679 9.51968449 33.22317064
v -14.19443363 -12.52590424 27.69372600
v -14.19443363 -13.02694035 28.19640279
v -14.19443363 -13.02694035 28.69907957
v -14.19443363 -13.02694035 29.20175636
v -14.19443363 -13.02694035 29.70443314
v -14.19443363 -13.02694035 30.20710993
v -14.19443363 -13.02694035 30.70978671
v -14.19443363 -13.02694035 31.21246350
v -14.19443363 -13.02694035 31.71514028
v -14.19443363 -12.52590424 32.21781707
v -14.19443363 -12.02486813 26.68837243
v -14.19443363 -12.52590424 27.19104922
v -14.19443363 -12.52590424 32.72049385
v -14.19443363 -12.52590424 33.22317064
v -14.19443363 -12.02486813 33.72584742
v -14.19443363 -11.52383202 26.18569565
v -14.19443363 -11.52383202 34.22852421
v -14.19443363 -11.02279592 26.18569565
v -14.19443363 -11.02279592 34.73120099
v -14.19443363 -10.52175981 25.68301886
v -14.19443363 -10.52175981 34.73120099
v -14.19443363 -10.02072370 25.68301886
v -14.19443363 -10.02072370 35.23387778
v -14.19443363 -9.51968759 25.68301886
v -14.19443363 -9.51968759 35.23387778
v -14.19443363 -9.01865149 25.68301886
v -14.19443363 -9.01865149 35.23387778
v -14.19443363 -8.51761538 25.68301886
v -14.19443363 -8.51761538 35.73655456
v -14.19443363 -8.01657927 25.68301886
v -14.19443363 -8.01657927 35.73655456
v -14.19443363 -7.51554316 25.68301886
v -14.19443363 -7.51554316 35.73655456
v -14.19443363 -7.01450706 25.68301886
v -14.19443363 -7.01450706 36.23923135
v -14.19443363 -6.51347095 25.68301886
v -14.19443363 -6.51347095 36.23923135
v -14.19443363 -6.01243484 25.68301886
v -14.19443363 -6.01243484 36.74190813
v -14.19443363 -5.51139873 25.68301886
v -14.19443363 -5.51139873 36.74190813
v -14.19443363 -5.01036263 25.68301886
v -14.19443363 -5.01036263 36.74190813
v -14.19443363 -4.50932652 25.68301886
v -14.19443363 -4.50932652 37.24458492
v -14.19443363 -4.00829041 25.68301886
v -14.19443363 -4.00829041 37.24458492
v -14.19443363 -3.50725430 25.68301886
v -14.19443363 -3.50725430 37.74726170
v -14.19443363 -3.00621819 25.68301886
v -14.19443363 -3.00621819 37.74726170
v -14.19443363 -2.50518209 25.68301886
v -14.19443363 -2.50518209 37.74726170
v -14.19443363 -2.00414598 25.68301886
v -14.19443363 -2.00414598 38.24993849
v -14.19443363 -1.50310987 25.68301886
v -14.19443363 -1.50310987 38.24993849
v -14.19443363 -1.00207376 25.68301886
v -14.19443363 -1.00207376 38.24993849
v -14.19443363 -0.50103766 25.68301886
v -14.19443363 -0.50103766 38.24993849
v -14.19443363 -0.00000155 25.68301886
v -14.19443363 -0.00000155 38.24993849
v -14.19443363 0.50103456 25.68301886
v -14.19443363 0.50103456 38.24993849
v -14.19443363 1.00207067 25.68301886
v -14.19443363 1.00207067 38.24993849
v -14.19443363 1.50310677 25.68301886
v -14.19443363 1.50310677 38.24993849
v -14.19443363 2.00414288 25.68301886
v -14.19443363 2.00414288 38.24993849
v -14.19443363 2.50517899 25.68301886
v -14.19443363 2.50517899 38.24993849
v -14.19443363 3.00621510 25.68301886
v -14.19443363 3.00621510 38.24993849
v -14.19443363 3.50725120 26.18569565
v -14.19443363 3.50725120 38.24993849
v -14.19443363 4.00828731 26.18569565
v -14.19443363 4.00828731 37.74726170
v -14.19443363 4.50932342 26.18569565
v -14.19443363 4.50932342 37.74726170
v -14.19443363 5.01035953 26.68837243
v -14.19443363 5.01035953 37.74726170
v -14.19443363 5.51139563 26.68837243
v -14.19443363 5.51139563 37.74726170
v -14.19443363 6.01243174 27.19104922
v -14.19443363 6.01243174 37.74726170
v -14.19443363 6.51346785 27.69372600
v -14.19443363 6.51346785 37.24458492
v -14.19443363 7.01450396 27.69372600
v -14.19443363 7.01450396 37.24458492
v -14.19443363 7.51554006 28.19640279
v -14.19443363 7.51554006 36.74190813
v -14.19443363 8.01657617 28.69907957
v -14.19443363 8.01657617 36.23923135
v -14.19443363 8.51761228 29.20175636
v -14.19443363 8.51761228 29.70443314
v -14.19443363 8.51761228 35.23387778
v -14.19443363 8.51761228 35.73655456
v -14.19443363 9.01864839 30.20710993
v -14.19443363 9.01864839 30.70978671
v -14.19443363 9.01864839 31.21246350
v -14.19443363 9.01864839 31.71514028
v -14.19443363 9.01864839 32.21781707
v -14.19443363 9.01864839 32.72049385
v -14.19443363 9.01864839 33.22317064
v -14.19443363 9.01864839 33.72584742
v -14.19443363 9.01864839 34.22852421
v -14.19443363 9.01864839 34.73120099
v -13.69425046 -12.52590424 27.69372600
v -13.69425046 -13.02694035 28.19640279
v -13.69425046 -13.02694035 28.69907957
v -13.69425046 -13.02694035 29.20175636
v -13.69425046 -13.02694035 29.70443314
v -13.69425046 -13.02694035 30.20710993
v -13.69425046 -13.02694035 30.70978671
v -13.69425046 -13.02694035 31.21246350
v -13.69425046 -13.02694035 31.71514028
v -13.69425046 -12.52590424 32.21781707
v -13.69425046 -12.02486813 26.68837243
v -13.69425046 -12.52590424 27.19104922
v -13.69425046 -12.52590424 32.72049385
v -13.69425046 -12.02486813 33.22317064
v -13.69425046 -11.52383202 26.18569565
v -13.69425046 -12.02486813 33.72584742
v -13.69425046 -11.52383202 34.22852421
v -13.69425046 -11.02279592 26.18569565
v -13.69425046 -11.02279592 34.22852421
v -13.69425046 -10.52175981 25.68301886
v -13.69425046 -10.52175981 34.73120099
v -13.69425046 -10.02072370 25.68301886
v -13.69425046 -10.02072370 34.73120099
v -13.69425046 -9.51968759 25.68301886
v -13.69425046 -9.51968759 35.23387778
v -13.69425046 -9.01865149 25.68301886
v -13.69425046 -9.01865149 35.23387778
v -13.69425046 -8.51761538 25.68301886
v -13.69425046 -8.51761538 35.23387778
v -13.69425046 -8.01657927 25.68301886
v -13.69425046 -8.01657927 35.73655456
v -13.69425046 -7.51554316 25.68301886
v -13.69425046 -7.51554316 35.73655456
v -13.69425046 -7.01450706 25.68301886
v -13.69425046 -7.01450706 35.73655456
v -13.69425046 -6.51347095 25.68301886
v -13.69425046 -6.51347095 36.23923135
v -13.69425046 -6.01243484 25.68301886
v -13.69425046 -6.01243484 36.23923135
v -13.69425046 -5.51139873 25.68301886
v -13.69425046 -5.51139873 36.74190813
v -13.69425046 -5.01036263 25.68301886
v -13.69425046 -5.01036263 36.74190813
v -13.69425046 -4.50932652 25.68301886
v -13.69425046 -4.50932652 37.24458492
v -13.69425046 -4.00829041 25.68301886
v -13.69425046 -4.00829041 37.24458492
v -13.69425046 -3.50725430 25.68301886
v -13.69425046 -3.50725430 37.24458492
v -13.69425046 -3.00621819 25.68301886
v -13.69425046 -3.00621819 37.74726170
v -13.69425046 -2.50518209 25.68301886
v -13.69425046 -2.50518209 37.74726170
v -13.69425046 -2.00414598 25.68301886
v -13.69425046 -2.00414598 37.74726170
v -13.69425046 -1.50310987 25.68301886
v -13.69425046 -1.50310987 38.24993849
v -13.69425046 -1.00207376 25.68301886
v -13.69425046 -1.00207376 38.24993849
v -13.69425046 -0.50103766 25.68301886
v -13.69425046 -0.50103766 38.24993849
v -13.69425046 -0.00000155 25.68301886
v -13.69425046 -0.00000155 38.24993849
v -13.69425046 0.50103456 25.68301886
v -13.69425046 0.50103456 38.24993849
v -13.69425046 1.00207067 25.68301886
v -13.69425046 1.00207067 38.24993849
v -13.69425046 1.50310677 25.68301886
v -13.69425046 1.50310677 38.24993849
v -13.69425046 2.00414288 25.68301886
v -13.69425046 2.00414288 38.24993849
v -13.69425046 2.50517899 25.68301886
v -13.69425046 2.50517899 38.24993849
v -13.69425046 3.00621510 25.68301886
v -13.69425046 3.00621510 38.24993849
v -13.69425046 3.50725120 26.18569565
v -13.69425046 3.50725120 37.74726170
v -13.69425046 4.00828731 26.18569565
v -13.69425046 4.00828731 37.74726170
v -13.69425046 4.50932342 26.18569565
v -13.69425046 4.50932342 37.74726170
v -13.69425046 5.01035953 26.68837243
v -13.69425046 5.01035953 37.74726170
v -13.69425046 5.51139563 26.68837243
v -13.69425046 5.51139563 37.74726170
v -13.69425046 6.01243174 27.19104922
v -13.69425046 6.01243174 37.24458492
v -13.69425046 6.51346785 27.69372600
v -13.69425046 6.51346785 37.24458492
v -13.69425046 7.01450396 27.69372600
v -13.69425046 7.01450396 37.24458492
v -13.69425046 7.51554006 28.19640279
v -13.69425046 7.51554006 36.74190813
v -13.69425046 8.01657617 28.69907957
v -13.69425046 8.01657617 29.20175636
v -13.69425046 8.01657617 35.73655456
v -13.69425046 8.01657617 36.23923135
v -13.69425046 8.51761228 29.70443314
v -13.69425046 8.51761228 30.20710993
v -13.69425046 8.51761228 34.73120099
v -13.69425046 8.51761228 35.23387778
v -13.69425046 9.01864839 30.70978671
v -13.69425046 9.01864839 31.21246350
v -13.69425046 9.01864839 31.71514028
v -13.69425046 9.01864839 32.21781707
v -13.69425046 9.01864839 32.72049385
v -13.69425046 9.01864839 33.22317064
v -13.69425046 9.01864839 33.72584742
v -13.69425046 9.01864839 34.22852421
v -13.19406730 -12.52590424 28.19640279
v -13.19406730 -13.02694035 28.69907957
v -13.19406730 -13.02694035 29.20175636
v -13.19406730 -13.02694035 29.70443314
v -13.19406730 -13.02694035 30.20710993
v -13.19406730 -13.02694035 30.70978671
v -13.19406730 -13.02694035 31.21246350
v -13.19406730 -12.52590424 31.71514028
v -13.19406730 -12.02486813 26.68837243
v -13.19406730 -12.52590424 27.19104922
v -13.19406730 -12.52590424 27.69372600
v -13.19406730 -12.52590424 32.21781707
v -13.19406730 -12.52590424 32.72049385
v -13.19406730 -12.02486813 33.22317064
v -13.19406730 -11.52383202 26.18569565
v -13.19406730 -11.52383202 33.72584742
v -13.19406730 -11.02279592 26.18569565
v -13.19406730 -11.02279592 34.22852421
v -13.19406730 -10.52175981 25.68301886
v -13.19406730 -10.52175981 34.22852421
v -13.19406730 -10.02072370 25.68301886
v -13.19406730 -10.02072370 34.73120099
v -13.19406730 -9.51968759 25.68301886
v -13.19406730 -9.51968759 34.73120099
v -13.19406730 -9.01865149 25.68301886
v -13.19406730 -9.01865149 35.23387778
v -13.19406730 -8.51761538 25.68301886
v -13.19406730 -8.51761538 35.23387778
v -13.19406730 -8.01657927 25.68301886
v -13.19406730 -8.01657927 35.23387778
v -13.19406730 -7.51554316 25.68301886
v -13.19406730 -7.51554316 35.73655456
v -13.19406730 -7.01450706 25.68301886
v -13.19406730 -7.01450706 35.73655456
v -13.19406730 -6.51347095 25.68301886
v -13.19406730 -6.51347095 35.73655456
v -13.19406730 -6.01243484 25.68301886
v -13.19406730 -6.01243484 36.23923135
v -13.19406730 -5.51139873 25.68301886
v -13.19406730 -5.51139873 36.23923135
v -13.19406730 -5.01036263 25.68301886
v -13.19406730 -5.01036263 36.74190813
v -13.19406730 -4.50932652 25.68301886
v -13.19406730 -4.50932652 36.74190813
v -13.19406730 -4.00829041 25.68301886
v -13.19406730 -4.00829041 37.24458492
v -13.19406730 -3.50725430 25.68301886
v -13.19406730 -3.50725430 37.24458492
v -13.19406730 -3.00621819 25.68301886
v -13.19406730 -3.00621819 37.74726170
v -13.19406730 -2.50518209 25.68301886
v -13.19406730 -2.50518209 37.74726170
v -13.19406730 -2.00414598 25.68301886
v -13.19406730 -2.00414598 37.74726170
v -13.19406730 -1.50310987 25.68301886
v -13.19406730 -1.50310987 38.24993849
v -13.19406730 -1.00207376 25.68301886
v -13.19406730 -1.00207376 38.24993849
v -13.19406730 -0.50103766 25.68301886
v -13.19406730 -0.50103766 38.24993849
v -13.19406730 -0.00000155 25.68301886
v -13.19406730 -0.00000155 38.24993849
v -13.19406730 0.50103456 25.68301886
v -13.19406730 0.50103456 38.24993849
v -13.19406730 1.00207067 25.68301886
v -13.19406730 1.00207067 38.24993849
v -13.19406730 1.50310677 25.68301886
v -13.19406730 1.50310677 38.24993849
v -13.19406730 2.00414288 25.68301886
v -13.19406730 2.00414288 38.24993849
v -13.19406730 2.50517899 25.68301886
v -13.19406730 2.50517899 38.24993849
v -13.19406730 3.00621510 25.68301886
v -13.19406730 3.00621510 38.24993849
v -13.19406730 3.50725120 26.18569565
v -13.19406730 3.50725120 37.74726170
v -13.19406730 4.00828731 26.18569565
v -13.19406730 4.00828731 37.74726170
v -13.19406730 4.50932342 26.18569565
v -13.19406730 4.50932342 37.74726170
v -13.19406730 5.01035953 26.68837243
v -13.19406730 5.01035953 37.74726170
v -13.19406730 5.51139563 26.68837243
v -13.19406730 5.51139563 37.74726170
v -13.19406730 6.01243174 27.19104922
v -13.19406730 6.01243174 37.24458492
v -13.19406730 6.51346785 27.69372600
v -13.19406730 6.51346785 37.24458492
v -13.19406730 7.01450396 27.69372600
v -13.19406730 7.01450396 36.74190813
v -13.19406730 7.51554006 28.19640279
v -13.19406730 7.51554006 36.23923135
v -13.19406730 8.01657617 28.69907957
v -13.19406730 8.01657617 29.20175636
v -13.19406730 8.01657617 35.73655456
v -13.19406730 8.51761228 29.70443314
v -13.19406730 8.51761228 30.20710993
v -13.19406730 8.51761228 30.70978671
v -13.19406730 8.51761228 34.22852421
v -13.19406730 8.51761228 34.73120099
v -13.19406730 8.51761228 35.23387778
v -13.19406730 9.01864839 31.21246350
v -13.19406730 9.01864839 31.71514028
v -13.19406730 9.01864839 32.21781707
v -13.19406730 9.01864839 32.72049385
v -13.19406730 9.01864839 33.22317064
v -13.19406730 9.01864839 33.72584742
v -12.69388413 -12.52590424 28.19640279
v -12.69388413 -13.02694035 28.69907957
v -12.69388413 -13.02694035 29.20175636
v -12.69388413 -13.02694035 29.70443314
v -12.69388413 -13.02694035 30.20710993
v -12.69388413 -13.02694035 30.70978671
v -12.69388413 -12.52590424 31.21246350
v -12.69388413 -12.02486813 27.19104922
v -12.69388413 -12.52590424 27.69372600
v -12.69388413 -12.52590424 31.71514028
v -12.69388413 -12.52590424 32.21781707
v -12.69388413 -12.02486813 32.72049385
v -12.69388413 -11.52383202 26.18569565
v -12.69388413 -12.02486813 26.68837243
v -12.69388413 -12.02486813 33.22317064
v -12.69388413 -11.52383202 33.72584742
v -12.69388413 -11.02279592 26.18569565
v -12.69388413 -11.02279592 34.22852421
v -12.69388413 -10.52175981 25.68301886
v -12.69388413 -10.52175981 34.22852421
v -12.69388413 -10.02072370 25.68301886
v -12.69388413 -10.02072370 34.73120099
v -12.69388413 -9.51968759 25.68301886
v -12.69388413 -9.51968759 34.73120099
v -12.69388413 -9.01865149 25.68301886
v -12.69388413 -9.01865149 34.73120099
v -12.69388413 -8.51761538 25.68301886
v -12.69388413 -8.51761538 35.23387778
v -12.69388413 -8.01657927 25.68301886
v -12.69388413 -8.01657927 35.23387778
v -12.69388413 -7.51554316 25.68301886
v -12.69388413 -7.51554316 35.23387778
v -12.69388413 -7.01450706 25.68301886
v -12.69388413 -7.01450706 35.73655456
v -12.69388413 -6.51347095 25.68301886
v -12.69388413 -6.51347095 35.73655456
v -12.69388413 -6.01243484 25.68301886
v -12.69388413 -6.01243484 36.23923135
v -12.69388413 -5.51139873 25.68301886
v -12.69388413 -5.51139873 36.23923135
v -12.69388413 -5.01036263 25.68301886
v -12.69388413 -5.01036263 36.74190813
v -12.69388413 -4.50932652 25.68301886
v -12.69388413 -4.50932652 36.74190813
v -12.69388413 -4.00829041 25.68301886
v -12.69388413 -4.00829041 37.24458492
v -12.69388413 -3.50725430 25.68301886
v -12.69388413 -3.50725430 37.24458492
v -12.69388413 -3.00621819 25.68301886
v -12.69388413 -3.00621819 37.24458492
v -12.69388413 -2.50518209 25.68301886
v -12.69388413 -2.50518209 37.74726170
v -12.69388413 -2.00414598 25.68301886
v -12.69388413 -2.00414598 37.74726170
v -12.69388413 -1.50310987 25.68301886
v -12.69388413 -1.50310987 37.74726170
v -12.69388413 -1.00207376 25.68301886
v -12.69388413 -1.00207376 38.24993849
v -12.69388413 -0.50103766 25.68301886
v -12.69388413 -0.50103766 38.24993849
v -12.69388413 -0.00000155 25.68301886
v -12.69388413 -0.00000155 38.24993849
v -12.69388413 0.50103456 25.68301886
v -12.69388413 0.50103456 38.24993849
v -12.69388413 1.00207067 25.68301886
v -12.69388413 1.00207067 38.24993849
v -12.69388413 1.50310677 25.68301886
v -12.69388413 1.50310677 38.24993849
v -12.69388413 2.00414288 25.68301886
v -12.69388413 2.00414288 38.24993849
v -12.69388413 2.50517899 25.68301886
v -12.69388413 2.50517899 38.24993849
v -12.69388413 3.00621510 25.68301886
v -12.69388413 3.00621510 37.74726170
v -12.69388413 3.50725120 26.18569565
v -12.69388413 3.50725120 37.74726170
v -12.69388413 4.00828731 26.18569565
v -12.69388413 4.00828731 37.74726170
v -12.69388413 4.50932342 26.18569565
v -12.69388413 4.50932342 37.74726170
v -12.69388413 5.01035953 26.68837243
v -12.69388413 5.01035953 37.74726170
v -12.69388413 5.51139563 26.68837243
v -12.69388413 5.51139563 37.24458492
v -12.69388413 6.01243174 27.19104922
v -12.69388413 6.01243174 37.24458492
v -12.69388413 6.51346785 27.69372600
v -12.69388413 6.51346785 36.74190813
v -12.69388413 7.01450396 27.69372600
v -12.69388413 7.01450396 36.74190813
v -12.69388413 7.51554006 28.19640279
v -12.69388413 7.51554006 28.69907957
v -12.69388413 7.51554006 36.23923135
v -12.69388413 8.01657617 29.20175636
v -12.69388413 8.01657617 29.70443314
v -12.69388413 8.01657617 35.23387778
v -12.69388413 8.01657617 35.73655456
v -12.69388413 8.51761228 30.20710993
v -12.69388413 8.51761228 30.70978671
v -12.69388413 8.51761228 31.21246350
v -12.69388413 8.51761228 31.71514028
v -12.69388413 8.51761228 32.72049385
v -12.69388413 8.51761228 33.22317064
v -12.69388413 8.51761228 33.72584742
v -12.69388413 8.51761228 34.22852421
v -12.69388413 8.51761228 34.73120099
v -12.69388413 9.01864839 32.21781707
v -12.19370097 -12.52590424 28.69907957
v -12.19370097 -13.02694035 29.20175636
v -12.19370097 -13.02694035 29.70443314
v -12.19370097 -13.02694035 30.20710993
v -12.19370097 -12.52590424 30.70978671
v -12.19370097 -12.02486813 27.19104922
v -12.19370097 -12.52590424 27.69372600
v -12.19370097 -12.52590424 28.19640279
v -12.19370097 -12.52590424 31.21246350
v -12.19370097 -12.52590424 31.71514028
v -12.19370097 -12.52590424 32.21781707
v -12.19370097 -12.02486813 32.72049385
v -12.19370097 -11.52383202 26.68837243
v -12.19370097 -11.52383202 33.22317064
v -12.19370097 -11.02279592 26.18569565
v -12.19370097 -11.02279592 33.72584742
v -12.19370097 -10.52175981 25.68301886
v -12.19370097 -10.52175981 34.22852421
v -12.19370097 -10.02072370 25.68301886
v -12.19370097 -10.02072370 34.22852421
v -12.19370097 -9.51968759 25.68301886
v -12.19370097 -9.51968759 34.73120099
v -12.19370097 -9.01865149 25.68301886
v -12.19370097 -9.01865149 34.73120099
v -12.19370097 -8.51761538 25.68301886
v -12.19370097 -8.51761538 34.73120099
v -12.19370097 -8.01657927 25.68301886
v -12.19370097 -8.01657927 35.23387778
v -12.19370097 -7.51554316 25.68301886
v -12.19370097 -7.51554316 35.23387778
v -12.19370097 -7.01450706 25.68301886
v -12.19370097 -7.01450706 35.23387778
v -12.19370097 -6.51347095 25.68301886
v -12.19370097 -6.51347095 35.73655456
v -12.19370097 -6.01243484 25.68301886
v -12.19370097 -6.01243484 35.73655456
v -12.19370097 -5.51139873 25.68301886
v -12.19370097 -5.51139873 36.23923135
v -12.19370097 -5.01036263 25.68301886
v -12.19370097 -5.01036263 36.23923135
v -12.19370097 -4.50932652 25.68301886
v -12.19370097 -4.50932652 36.74190813
v -12.19370097 -4.00829041 25.68301886
v -12.19370097 -4.00829041 36.74190813
v -12.19370097 -3.50725430 25.68301886
v -12.19370097 -3.50725430 37.24458492
v -12.19370097 -3.00621819 25.68301886
v -12.19370097 -3.00621819 37.24458492
v -12.19370097 -2.50518209 25.68301886
v -12.19370097 -2.50518209 37.74726170
v -12.19370097 -2.00414598 25.68301886
v -12.19370097 -2.00414598 37.74726170
v -12.19370097 -1.50310987 25.68301886
v -12.19370097 -1.50310987 37.74726170
v -12.19370097 -1.00207376 25.68301886
v -12.19370097 -1.00207376 38.24993849
v -12.19370097 -0.50103766 25.68301886
v -12.19370097 -0.50103766 38.24993849
v -12.19370097 -0.00000155 25.68301886
v -12.19370097 -0.00000155 38.24993849
v -12.19370097 0.50103456 25.68301886
v -12.19370097 0.50103456 38.24993849
v -12.19370097 1.00207067 25.68301886
v -12.19370097 1.00207067 38.24993849
v -12.19370097 1.50310677 25.68301886
v -12.19370097 1.50310677 38.24993849
v -12.19370097 2.00414288 25.68301886
v -12.19370097 2.00414288 38.24993849
v -12.19370097 2.50517899 25.68301886
v -12.19370097 2.50517899 37.74726170
v -12.19370097 3.00621510 25.68301886
v -12.19370097 3.00621510 37.74726170
v -12.19370097 3.50725120 26.18569565
v -12.19370097 3.50725120 37.74726170
v -12.19370097 4.00828731 26.18569565
v -12.19370097 4.00828731 37.74726170
v -12.19370097 4.50932342 26.18569565
v -12.19370097 4.50932342 37.74726170
v -12.19370097 5.01035953 26.68837243
v -12.19370097 5.01035953 37.24458492
v -12.19370097 5.51139563 26.68837243
v -12.19370097 5.51139563 37.24458492
v -12.19370097 6.01243174 27.19104922
v -12.19370097 6.01243174 37.24458492
v -12.19370097 6.51346785 27.69372600
v -12.19370097 6.51346785 36.74190813
v -12.19370097 7.01450396 28.19640279
v -12.19370097 7.01450396 36.23923135
v -12.19370097 7.51554006 28.69907957
v -12.19370097 7.51554006 35.73655456
v -12.19370097 8.01657617 29.20175636
v -12.19370097 8.01657617 29.70443314
v -12.19370097 8.01657617 34.73120099
v -12.19370097 8.01657617 35.23387778
v -12.19370097 8.51761228 30.20710993
v -12.19370097 8.51761228 30.70978671
v -12.19370097 8.51761228 31.21246350
v -12.19370097 8.51761228 31.71514028
v -12.19370097 8.51761228 32.21781707
v -12.19370097 8.51761228 32.72049385
v -12.19370097 8.51761228 33.22317064
v -12.19370097 8.51761228 33.72584742
v -12.19370097 8.51761228 34.22852421
v -11.69351780 -12.52590424 29.20175636
v -11.69351780 -12.52590424 29.70443314
v -11.69351780 -12.52590424 30.20710993
v -11.69351780 -12.02486813 27.19104922
v -11.69351780 -12.52590424 27.69372600
v -11.69351780 -12.52590424 28.19640279
v -11.69351780 -12.52590424 28.69907957
v -11.69351780 -12.52590424 30.70978671
v -11.69351780 -12.52590424 31.21246350
v -11.69351780 -12.52590424 31.71514028
v -11.69351780 -12.02486813 32.21781707
v -11.69351780 -11.52383202 26.68837243
v -11.69351780 -12.02486813 32.72049385
v -11.69351780 -11.52383202 33.22317064
v -11.69351780 -11.02279592 26.18569565
v -11.69351780 -11.02279592 33.72584742
v -11.69351780 -10.52175981 26.18569565
v -11.69351780 -10.52175981 33.72584742
v -11.69351780 -10.02072370 25.68301886
v -11.69351780 -10.02072370 34.22852421
v -11.69351780 -9.51968759 25.68301886
v -11.69351780 -9.51968759 34.22852421
v -11.69351780 -9.01865149 25.68301886
v -11.69351780 -9.01865149 34.73120099
v -11.69351780 -8.51761538 25.68301886
v -11.69351780 -8.51761538 34.73120099
v -11.69351780 -8.01657927 25.68301886
v -11.69351780 -8.01657927 34.73120099
v -11.69351780 -7.51554316 25.68301886
v -11.69351780 -7.51554316 35.23387778
v -11.69351780 -7.01450706 25.68301886
v -11.69351780 -7.01450706 35.23387778
v -11.69351780 -6.51347095 25.68301886
v -11.69351780 -6.51347095 35.23387778
v -11.69351780 -6.01243484 25.68301886
v -11.69351780 -6.01243484 35.73655456
v -11.69351780 -5.51139873 25.68301886
v -11.69351780 -5.51139873 36.23923135
v -11.69351780 -5.01036263 25.68301886
v -11.69351780 -5.01036263 36.23923135
v -11.69351780 -4.50932652 25.68301886
v -11.69351780 -4.50932652 36.74190813
v -11.69351780 -4.00829041 25.68301886
v -11.69351780 -4.00829041 36.74190813
v -11.69351780 -3.50725430 25.68301886
v -11.69351780 -3.50725430 37.24458492
v -11.69351780 -3.00621819 25.68301886
v -11.69351780 -3.00621819 37.24458492
v -11.69351780 -2.50518209 25.68301886
v -11.69351780 -2.50518209 37.74726170
v -11.69351780 -2.00414598 25.68301886
v -11.69351780 -2.00414598 37.74726170
v -11.69351780 -1.50310987 25.68301886
v -11.69351780 -1.50310987 37.74726170
v -11.69351780 -1.00207376 25.68301886
v -11.69351780 -1.00207376 37.74726170
v -11.69351780 -0.50103766 25.68301886
v -11.69351780 -0.50103766 38.24993849
v -11.69351780 -0.00000155 25.68301886
v -11.69351780 -0.00000155 38.24993849
v -11.69351780 0.50103456 25.68301886
v -11.69351780 0.50103456 38.24993849
v -11.69351780 1.00207067 25.68301886
v -11.69351780 1.00207067 38.24993849
v -11.69351780 1.50310677 25.68301886
v -11.69351780 1.50310677 38.24993849
v -11.69351780 2.00414288 25.68301886
v -11.69351780 2.00414288 38.24993849
v -11.69351780 2.50517899 25.68301886
v -11.69351780 2.50517899 37.74726170
v -11.69351780 3.00621510 25.68301886
v -11.69351780 3.00621510 37.74726170
v -11.69351780 3.50725120 26.18569565
v -11.69351780 3.50725120 37.74726170
v -11.69351780 4.00828731 26.18569565
v -11.69351780 4.00828731 37.74726170
v -11.69351780 4.50932342 26.18569565
v -11.69351780 4.50932342 37.74726170
v -11.69351780 5.01035953 26.68837243
v -11.69351780 5.01035953 37.24458492
v -11.69351780 5.51139563 26.68837243
v -11.69351780 5.51139563 37.24458492
v -11.69351780 6.01243174 27.19104922
v -11.69351780 6.01243174 36.74190813
v -11.69351780 6.51346785 27.69372600
v -11.69351780 6.51346785 36.74190813
v -11.69351780 7.01450396 28.19640279
v -11.69351780 7.01450396 36.23923135
v -11.69351780 7.51554006 28.69907957
v -11.69351780 7.51554006 29.20175636
v -11.69351780 7.51554006 35.23387778
v -11.69351780 7.51554006 35.73655456
v -11.69351780 8.01657617 29.70443314
v -11.69351780 8.01657617 30.20710993
v -11.69351780 8.01657617 33.72584742
v -11.69351780 8.01657617 34.22852421
v -11.69351780 8.01657617 34.73120099
v -11.69351780 8.51761228 30.70978671
v -11.69351780 8.51761228 31.21246350
v -11.69351780 8.51761228 31.71514028
v -11.69351780 8.51761228 32.21781707
v -11.69351780 8.51761228 32.72049385
v -11.69351780 8.51761228 33.22317064
v -11.19333464 -12.02486813 27.69372600
v -11.19333464 -12.52590424 28.19640279
v -11.19333464 -12.52590424 28.69907957
v -11.19333464 -12.52590424 29.20175636
v -11.19333464 -12.52590424 29.70443314
v -11.19333464 -12.52590424 30.20710993
v -11.19333464 -12.52590424 30.70978671
v -11.19333464 -12.52590424 31.21246350
v -11.19333464 -12.02486813 31.71514028
v -11.19333464 -11.52383202 26.68837243
v -11.19333464 -12.02486813 27.19104922
v -11.19333464 -12.02486813 32.21781707
v -11.19333464 -11.52383202 32.72049385
v -11.19333464 -11.02279592 26.18569565
v -11.19333464 -11.52383202 33.22317064
v -11.19333464 -11.02279592 33.72584742
v -11.19333464 -10.52175981 26.18569565
v -11.19333464 -10.52175981 33.72584742
v -11.19333464 -10.02072370 25.68301886
v -11.19333464 -10.02072370 34.22852421
v -11.19333464 -9.51968759 25.68301886
v -11.19333464 -9.51968759 34.22852421
v -11.19333464 -9.01865149 25.68301886
v -11.19333464 -9.01865149 34.22852421
v -11.19333464 -8.51761538 25.68301886
v -11.19333464 -8.51761538 34.73120099
v -11.19333464 -8.01657927 25.68301886
v -11.19333464 -8.01657927 34.73120099
v -11.19333464 -7.51554316 25.68301886
v -11.19333464 -7.51554316 34.73120099
v -11.19333464 -7.01450706 25.68301886
v -11.19333464 -7.01450706 35.23387778
v -11.19333464 -6.51347095 25.68301886
v -11.19333464 -6.51347095 35.23387778
v -11.19333464 -6.01243484 25.68301886
v -11.19333464 -6.01243484 35.73655456
v -11.19333464 -5.51139873 25.68301886
v -11.19333464 -5.51139873 35.73655456
v -11.19333464 -5.01036263 25.68301886
v -11.19333464 -5.01036263 36.23923135
v -11.19333464 -4.50932652 25.68301886
v -11.19333464 -4.50932652 36.23923135
v -11.19333464 -4.00829041 25.68301886
v -11.19333464 -4.00829041 36.74190813
v -11.19333464 -3.50725430 25.68301886
v -11.19333464 -3.50725430 37.24458492
v -11.19333464 -3.00621819 25.68301886
v -11.19333464 -3.00621819 37.24458492
v -11.19333464 -2.50518209 25.68301886
v -11.19333464 -2.50518209 37.24458492
v -11.19333464 -2.00414598 25.68301886
v -11.19333464 -2.00414598 37.74726170
v -11.19333464 -1.50310987 25.68301886
v -11.19333464 -1.50310987 37.74726170
v -11.19333464 -1.00207376 25.68301886
v -11.19333464 -1.00207376 37.74726170
v -11.19333464 -0.50103766 25.68301886
v -11.19333464 -0.50103766 38.24993849
v -11.19333464 -0.00000155 25.68301886
v -11.19333464 -0.00000155 38.24993849
v -11.19333464 0.50103456 25.68301886
v -11.19333464 0.50103456 38.24993849
v -11.19333464 1.00207067 25.68301886
v -11.19333464 1.00207067 38.24993849
v -11.19333464 1.50310677 25.68301886
v -11.19333464 1.50310677 38.24993849
v -11.19333464 2.00414288 25.68301886
v -11.19333464 2.00414288 37.74726170
v -11.19333464 2.50517899 25.68301886
v -11.19333464 2.50517899 37.74726170
v -11.19333464 3.00621510 25.68301886
v -11.19333464 3.00621510 37.74726170
v -11.19333464 3.50725120 26.18569565
v -11.19333464 3.50725120 37.74726170
v -11.19333464 4.00828731 26.18569565
v -11.19333464 4.00828731 37.74726170
v -11.19333464 4.50932342 26.18569565
v -11.19333464 4.50932342 37.24458492
v -11.19333464 5.01035953 26.68837243
v -11.19333464 5.01035953 37.24458492
v -11.19333464 5.51139563 26.68837243
v -11.19333464 5.51139563 37.24458492
v -11.19333464 6.01243174 27.19104922
v -11.19333464 6.01243174 36.74190813
v -11.19333464 6.51346785 27.69372600
v -11.19333464 6.51346785 36.23923135
v -11.19333464 7.01450396 28.19640279
v -11.19333464 7.01450396 35.73655456
v -11.19333464 7.51554006 28.69907957
v -11.19333464 7.51554006 29.20175636
v -11.19333464 7.51554006 34.73120099
v -11.19333464 7.51554006 35.23387778
v -11.19333464 8.01657617 29.70443314
v -11.19333464 8.01657617 30.20710993
v -11.19333464 8.01657617 30.70978671
v -11.19333464 8.01657617 31.21246350
v -11.19333464 8.01657617 31.71514028
v -11.19333464 8.01657617 32.21781707
v -11.19333464 8.01657617 32.72049385
v -11.19333464 8.01657617 33.22317064
v -11.19333464 8.01657617 33.72584742
v -11.19333464 8.01657617 34.22852421
v -10.69315147 -12.02486813 28.19640279
v -10.69315147 -12.52590424 28.69907957
v -10.69315147 -12.52590424 29.20175636
v -10.69315147 -12.52590424 29.70443314
v -10.69315147 -12.52590424 30.20710993
v -10.69315147 -12.52590424 30.70978671
v -10.69315147 -12.52590424 31.21246350
v -10.69315147 -12.02486813 31.71514028
v -10.69315147 -11.52383202 26.68837243
v -10.69315147 -12.02486813 27.19104922
v -10.69315147 -12.02486813 27.69372600
v -10.69315147 -12.02486813 32.21781707
v -10.69315147 -11.52383202 32.72049385
v -10.69315147 -11.02279592 26.18569565
v -10.69315147 -11.02279592 33.22317064
v -10.69315147 -10.52175981 26.18569565
v -10.69315147 -10.52175981 33.72584742
v -10.69315147 -10.02072370 25.68301886
v -10.69315147 -10.02072370 33.72584742
v -10.69315147 -9.51968759 25.68301886
v -10.69315147 -9.51968759 34.22852421
v -10.69315147 -9.01865149 25.68301886
v -10.69315147 -9.01865149 34.22852421
v -10.69315147 -8.51761538 25.68301886
v -10.69315147 -8.51761538 34.22852421
v -10.69315147 -8.01657927 25.68301886
v -10.69315147 -8.01657927 34.73120099
v -10.69315147 -7.51554316 25.68301886
v -10.69315147 -7.51554316 34.73120099
v -10.69315147 -7.01450706 25.68301886
v -10.69315147 -7.01450706 35.23387778
v -10.69315147 -6.51347095 25.68301886
v -10.69315147 -6.51347095 35.23387778
v -10.69315147 -6.01243484 25.68301886
v -10.69315147 -6.01243484 35.73655456
v -10.69315147 -5.51139873 25.68301886
v -10.69315147 -5.51139873 35.73655456
v -10.69315147 -5.01036263 25.68301886
v -10.69315147 -5.01036263 36.23923135
v -10.69315147 -4.50932652 25.68301886
v -10.69315147 -4.50932652 36.23923135
v -10.69315147 -4.00829041 25.68301886
v -10.69315147 -4.00829041 36.74190813
v -10.69315147 -3.50725430 25.68301886
v -10.69315147 -3.50725430 36.74190813
v -10.69315147 -3.00621819 25.68301886
v -10.69315147 -3.00621819 37.24458492
v -10.69315147 -2.50518209 25.68301886
v -10.69315147 -2.50518209 37.24458492
v -10.69315147 -2.00414598 25.68301886
v -10.69315147 -2.00414598 37.74726170
v -10.69315147 -1.50310987 25.68301886
v -10.69315147 -1.50310987 37.74726170
v -10.69315147 -1.00207376 25.68301886
v -10.69315147 -1.00207376 37.74726170
v -10.69315147 -0.50103766 25.68301886
v -10.69315147 -0.50103766 37.74726170
v -10.69315147 -0.00000155 25.68301886
v -10.69315147 -0.00000155 38.24993849
v -10.69315147 0.50103456 25.68301886
v -10.69315147 0.50103456 38.24993849
v -10.69315147 1.00207067 25.68301886
v -10.69315147 1.00207067 38.24993849
v -10.69315147 1.50310677 25.68301886
v -10.69315147 1.50310677 38.24993849
v -10.69315147 2.00414288 25.68301886
v -10.69315147 2.00414288 37.74726170
v -10.69315147 2.50517899 25.68301886
v -10.69315147 2.50517899 37.74726170
v -10.69315147 3.00621510 25.68301886
v -10.69315147 3.00621510 37.74726170
v -10.69315147 3.50725120 26.18569565
v -10.69315147 3.50725120 37.74726170
v -10.69315147 4.00828731 26.18569565
v -10.69315147 4.00828731 37.74726170
v -10.69315147 4.50932342 26.18569565
v -10.69315147 4.50932342 37.24458492
v -10.69315147 5.01035953 26.68837243
v -10.69315147 5.01035953 37.24458492
v -10.69315147 5.51139563 26.68837243
v -10.69315147 5.51139563 36.74190813
v -10.69315147 6.01243174 27.19104922
v -10.69315147 6.01243174 36.74190813
v -10.69315147 6.51346785 27.69372600
v -10.69315147 6.51346785 36.23923135
v -10.69315147 7.01450396 28.19640279
v -10.69315147 7.01450396 28.69907957
v -10.69315147 7.01450396 35.73655456
v -10.69315147 7.51554006 29.20175636
v -10.69315147 7.51554006 29.70443314
v -10.69315147 7.51554006 34.22852421
v -10.69315147 7.51554006 34.73120099
v -10.69315147 7.51554006 35.23387778
v -10.69315147 8.01657617 30.20710993
v -10.69315147 8.01657617 30.70978671
v -10.69315147 8.01657617 31.21246350
v -10.69315147 8.01657617 31.71514028
v -10.69315147 8.01657617 32.21781707
v -10.69315147 8.01657617 32.72049385
v -10.69315147 8.01657617 33.22317064
v -10.69315147 8.01657617 33.72584742
v -10.19296831 -12.02486813 28.69907957
v -10.19296831 -12.52590424 29.20175636
v -10.19296831 -12.52590424 29.70443314
v -10.19296831 -12.52590424 30.20710993
v -10.19296831 -12.02486813 30.70978671
v -10.19296831 -12.02486813 31.21246350
v -10.19296831 -11.52383202 27.19104922
v -10.19296831 -12.02486813 27.69372600
v -10.19296831 -12.02486813 28.19640279
v -10.19296831 -12.02486813 31.71514028
v -10.19296831 -11.52383202 32.21781707
v -10.19296831 -11.02279592 26.68837243
v -10.19296831 -11.52383202 32.72049385
v -10.19296831 -11.02279592 33.22317064
v -10.19296831 -10.52175981 26.18569565
v -10.19296831 -10.52175981 33.72584742
v -10.19296831 -10.02072370 26.18569565
v -10.19296831 -10.02072370 33.72584742
v -10.19296831 -9.51968759 25.68301886
v -10.19296831 -9.51968759 33.72584742
v -10.19296831 -9.01865149 25.68301886
v -10.19296831 -9.01865149 34.22852421
v -10.19296831 -8.51761538 25.68301886
v -10.19296831 -8.51761538 34.22852421
v -10.19296831 -8.01657927 25.68301886
v -10.19296831 -8.01657927 34.73120099
v -10.19296831 -7.51554316 25.68301886
v -10.19296831 -7.51554316 34.73120099
v -10.19296831 -7.01450706 25.68301886
v -10.19296831 -7.01450706 34.73120099
v -10.19296831 -6.51347095 25.68301886
v -10.19296831 -6.51347095 35.23387778
v -10.19296831 -6.01243484 25.68301886
v -10.19296831 -6.01243484 35.23387778
v -10.19296831 -5.51139873 25.68301886
v -10.19296831 -5.51139873 35.73655456
v -10.19296831 -5.01036263 25.68301886
v -10.19296831 -5.01036263 36.23923135
v -10.19296831 -4.50932652 25.68301886
v -10.19296831 -4.50932652 36.23923135
v -10.19296831 -4.00829041 25.68301886
v -10.19296831 -4.00829041 36.74190813
v -10.19296831 -3.50725430 25.68301886
v -10.19296831 -3.50725430 36.74190813
v -10.19296831 -3.00621819 25.68301886
v -10.19296831 -3.00621819 37.24458492
v -10.19296831 -2.50518209 25.68301886
v -10.19296831 -2.50518209 37.24458492
v -10.19296831 -2.00414598 25.68301886
v -10.19296831 -2.00414598 37.74726170
v -10.19296831 -1.50310987 25.68301886
v -10.19296831 -1.50310987 37.74726170
v -10.19296831 -1.00207376 25.68301886
v -10.19296831 -1.00207376 37.74726170
v -10.19296831 -0.50103766 25.68301886
v -10.19296831 -0.50103766 37.74726170
v -10.19296831 -0.00000155 25.68301886
v -10.19296831 -0.00000155 38.24993849
v -10.19296831 0.50103456 25.68301886
v -10.19296831 0.50103456 38.24993849
v -10.19296831 1.00207067 25.68301886
v -10.19296831 1.00207067 38.24993849
v -10.19296831 1.50310677 25.68301886
v -10.19296831 1.50310677 37.74726170
v -10.19296831 2.00414288 25.68301886
v -10.19296831 2.00414288 37.74726170
v -10.19296831 2.50517899 25.68301886
v -10.19296831 2.50517899 37.74726170
v -10.19296831 3.00621510 25.68301886
v -10.19296831 3.00621510 37.74726170
v -10.19296831 3.50725120 26.18569565
v -10.19296831 3.50725120 37.74726170
v -10.19296831 4.00828731 26.18569565
v -10.19296831 4.00828731 37.24458492
v -10.19296831 4.50932342 26.18569565
v -10.19296831 4.50932342 37.24458492
v -10.19296831 5.01035953 26.68837243
v -10.19296831 5.01035953 37.24458492
v -10.19296831 5.51139563 26.68837243
v -10.19296831 5.51139563 36.74190813
v -10.19296831 6.01243174 27.19104922
v -10.19296831 6.01243174 36.23923135
v -10.19296831 6.51346785 27.69372600
v -10.19296831 6.51346785 35.73655456
v -10.19296831 7.01450396 28.19640279
v -10.19296831 7.01450396 28.69907957
v -10.19296831 7.01450396 35.23387778
v -10.19296831 7.51554006 29.20175636
v -10.19296831 7.51554006 29.70443314
v -10.19296831 7.51554006 30.20710993
v -10.19296831 7.51554006 33.72584742
v -10.19296831 7.51554006 34.22852421
v -10.19296831 7.51554006 34.73120099
v -10.19296831 8.01657617 30.70978671
v -10.19296831 8.01657617 31.21246350
v -10.19296831 8.01657617 31.71514028
v -10.19296831 8.01657617 32.21781707
v -10.19296831 8.01657617 32.72049385
v -10.19296831 8.01657617 33.22317064
v -9.69278514 -12.02486813 29.20175636
v -9.69278514 -12.02486813 29.70443314
v -9.69278514 -12.02486813 30.20710993
v -9.69278514 -11.52383202 27.19104922
v -9.69278514 -12.02486813 27.69372600
v -9.69278514 -12.02486813 28.19640279
v -9.69278514 -12.02486813 28.69907957
v -9.69278514 -12.02486813 30.70978671
v -9.69278514 -12.02486813 31.21246350
v -9.69278514 -12.02486813 31.71514028
v -9.69278514 -11.52383202 32.21781707
v -9.69278514 -11.02279592 26.68837243
v -9.69278514 -11.02279592 32.72049385
v -9.69278514 -10.52175981 26.18569565
v -9.69278514 -10.52175981 33.22317064
v -9.69278514 -10.02072370 26.18569565
v -9.69278514 -10.02072370 33.72584742
v -9.69278514 -9.51968759 25.68301886
v -9.69278514 -9.51968759 33.72584742
v -9.69278514 -9.01865149 25.68301886
v -9.69278514 -9.01865149 34.22852421
v -9.69278514 -8.51761538 25.68301886
v -9.69278514 -8.51761538 34.22852421
v -9.69278514 -8.01657927 25.68301886
v -9.69278514 -8.01657927 34.22852421
v -9.69278514 -7.51554316 25.68301886
v -9.69278514 -7.51554316 34.73120099
v -9.69278514 -7.01450706 25.68301886
v -9.69278514 -7.01450706 34.73120099
v -9.69278514 -6.51347095 25.68301886
v -9.69278514 -6.51347095 35.23387778
v -9.69278514 -6.01243484 25.68301886
v -9.69278514 -6.01243484 35.23387778
v -9.69278514 -5.51139873 25.68301886
v -9.69278514 -5.51139873 35.73655456
v -9.69278514 -5.01036263 25.68301886
v -9.69278514 -5.01036263 35.73655456
v -9.69278514 -4.50932652 25.68301886
v -9.69278514 -4.50932652 36.23923135
v -9.69278514 -4.00829041 25.68301886
v -9.69278514 -4.00829041 36.74190813
v -9.69278514 -3.50725430 25.68301886
v -9.69278514 -3.50725430 36.74190813
v -9.69278514 -3.00621819 25.68301886
v -9.69278514 -3.00621819 37.24458492
v -9.69278514 -2.50518209 25.68301886
v -9.69278514 -2.50518209 37.24458492
v -9.69278514 -2.00414598 25.68301886
v -9.69278514 -2.00414598 37.74726170
v -9.69278514 -1.50310987 25.68301886
v -9.69278514 -1.50310987 37.74726170
v -9.69278514 -1.00207376 25.68301886
v -9.69278514 -1.00207376 37.74726170
v -9.69278514 -0.50103766 25.68301886
v -9.69278514 -0.50103766 37.74726170
v -9.69278514 -0.00000155 25.68301886
v -9.69278514 -0.00000155 37.74726170
v -9.69278514 0.50103456 25.68301886
v -9.69278514 0.50103456 38.24993849
v -9.69278514 1.00207067 25.68301886
v -9.69278514 1.00207067 37.74726170
v -9.69278514 1.50310677 25.68301886
v -9.69278514 1.50310677 37.74726170
v -9.69278514 2.00414288 25.68301886
v -9.69278514 2.00414288 37.74726170
v -9.69278514 2.50517899 25.68301886
v -9.69278514 2.50517899 37.74726170
v -9.69278514 3.00621510 25.68301886
v -9.69278514 3.00621510 37.74726170
v -9.69278514 3.50725120 26.18569565
v -9.69278514 3.50725120 37.74726170
v -9.69278514 4.00828731 26.18569565
v -9.69278514 4.00828731 37.24458492
v -9.69278514 4.50932342 26.18569565
v -9.69278514 4.50932342 37.24458492
v -9.69278514 5.01035953 26.68837243
v -9.69278514 5.01035953 36.74190813
v -9.69278514 5.51139563 26.68837243
v -9.69278514 5.51139563 36.74190813
v -9.69278514 6.01243174 27.19104922
v -9.69278514 6.01243174 36.23923135
v -9.69278514 6.51346785 27.69372600
v -9.69278514 6.51346785 28.19640279
v -9.69278514 6.51346785 35.73655456
v -9.69278514 7.01450396 28.69907957
v -9.69278514 7.01450396 29.20175636
v -9.69278514 7.01450396 34.73120099
v -9.69278514 7.01450396 35.23387778
v -9.69278514 7.51554006 29.70443314
v -9.69278514 7.51554006 30.20710993
v -9.69278514 7.51554006 30.70978671
v -9.69278514 7.51554006 31.21246350
v -9.69278514 7.51554006 31.71514028
v -9.69278514 7.51554006 32.21781707
v -9.69278514 7.51554006 32.72049385
v -9.69278514 7.51554006 33.22317064
v -9.69278514 7.51554006 33.72584742
v -9.69278514 7.51554006 34.22852421
v -9.19260198 -11.52383202 27.69372600
v -9.19260198 -12.02486813 28.19640279
v -9.19260198 -12.02486813 28.69907957
v -9.19260198 -12.02486813 29.20175636
v -9.19260198 -12.02486813 29.70443314
v -9.19260198 -12.02486813 30.20710993
v -9.19260198 -12.02486813 30.70978671
v -9.19260198 -12.02486813 31.21246350
v -9.19260198 -11.52383202 31.71514028
v -9.19260198 -11.02279592 26.68837243
v -9.19260198 -11.52383202 27.19104922
v -9.19260198 -11.52383202 32.21781707
v -9.19260198 -11.02279592 32.72049385
v -9.19260198 -10.52175981 26.68837243
v -9.19260198 -10.52175981 33.22317064
v -9.19260198 -10.02072370 26.18569565
v -9.19260198 -10.02072370 33.72584742
v -9.19260198 -9.51968759 26.18569565
v -9.19260198 -9.51968759 33.72584742
v -9.19260198 -9.01865149 25.68301886
v -9.19260198 -9.01865149 34.22852421
v -9.19260198 -8.51761538 25.68301886
v -9.19260198 -8.51761538 34.22852421
v -9.19260198 -8.01657927 25.68301886
v -9.19260198 -8.01657927 34.22852421
v -9.19260198 -7.51554316 25.68301886
v -9.19260198 -7.51554316 34.73120099
v -9.19260198 -7.01450706 25.68301886
v -9.19260198 -7.01450706 34.73120099
v -9.19260198 -6.51347095 25.68301886
v -9.19260198 -6.51347095 35.23387778
v -9.19260198 -6.01243484 25.68301886
v -9.19260198 -6.01243484 35.23387778
v -9.19260198 -5.51139873 25.68301886
v -9.19260198 -5.51139873 35.73655456
v -9.19260198 -5.01036263 25.68301886
v -9.19260198 -5.01036263 35.73655456
v -9.19260198 -4.50932652 25.68301886
v -9.19260198 -4.50932652 36.23923135
v -9.19260198 -4.00829041 25.68301886
v -9.19260198 -4.00829041 36.74190813
v -9.19260198 -3.50725430 25.68301886
v -9.19260198 -3.50725430 36.74190813
v -9.19260198 -3.00621819 25.68301886
v -9.19260198 -3.00621819 37.24458492
v -9.19260198 -2.50518209 25.68301886
v -9.19260198 -2.50518209 37.24458492
v -9.19260198 -2.00414598 25.68301886
v -9.19260198 -2.00414598 37.74726170
v -9.19260198 -1.50310987 25.68301886
v -9.19260198 -1.50310987 37.74726170
v -9.19260198 -1.00207376 25.68301886
v -9.19260198 -1.00207376 37.74726170
v -9.19260198 -0.50103766 25.68301886
v -9.19260198 -0.50103766 37.74726170
v -9.19260198 -0.00000155 25.68301886
v -9.19260198 -0.00000155 37.74726170
v -9.19260198 0.50103456 25.68301886
v -9.19260198 0.50103456 37.74726170
v -9.19260198 1.00207067 25.68301886
v -9.19260198 1.00207067 37.74726170
v -9.19260198 1.50310677 25.68301886
v -9.19260198 1.50310677 37.74726170
v -9.19260198 2.00414288 25.68301886
v -9.19260198 2.00414288 37.74726170
v -9.19260198 2.50517899 25.68301886
v -9.19260198 2.50517899 37.74726170
v -9.19260198 3.00621510 25.68301886
v -9.19260198 3.00621510 37.74726170
v -9.19260198 3.50725120 26.18569565
v -9.19260198 3.50725120 37.24458492
v -9.19260198 4.00828731 26.18569565
v -9.19260198 4.00828731 37.24458492
v -9.19260198 4.50932342 26.18569565
v -9.19260198 4.50932342 37.24458492
v -9.19260198 5.01035953 26.68837243
v -9.19260198 5.01035953 36.74190813
v -9.19260198 5.51139563 27.19104922
v -9.19260198 5.51139563 36.23923135
v -9.19260198 6.01243174 27.69372600
v -9.19260198 6.01243174 36.23923135
v -9.19260198 6.51346785 28.19640279
v -9.19260198 6.51346785 35.23387778
v -9.19260198 6.51346785 35.73655456
v -9.19260198 7.01450396 28.69907957
v -9.19260198 7.01450396 29.20175636
v -9.19260198 7.01450396 34.22852421
v -9.19260198 7.01450396 34.73120099
v -9.19260198 7.51554006 29.70443314
v -9.19260198 7.51554006 30.20710993
v -9.19260198 7.51554006 30.70978671
v -9.19260198 7.51554006 31.21246350
v -9.19260198 7.51554006 31.71514028
v -9.19260198 7.51554006 32.21781707
v -9.19260198 7.51554006 32.72049385
v -9.19260198 7.51554006 33.22317064
v -9.19260198 7.51554006 33.72584742
v -8.69241881 -11.52383202 28.19640279
v -8.69241881 -11.52383202 28.69907957
v -8.69241881 -12.02486813 29.20175636
v -8.69241881 -12.02486813 29.70443314
v -8.69241881 -12.02486813 30.20710993
v -8.69241881 -12.02486813 30.70978671
v -8.69241881 -11.52383202 31.21246350
v -8.69241881 -11.02279592 27.19104922
v -8.69241881 -11.52383202 27.69372600
v -8.69241881 -11.52383202 31.71514028
v -8.69241881 -11.02279592 32.21781707
v -8.69241881 -10.52175981 26.68837243
v -8.69241881 -11.02279592 32.72049385
v -8.69241881 -10.52175981 33.22317064
v -8.69241881 -10.02072370 26.18569565
v -8.69241881 -10.02072370 33.22317064
v -8.69241881 -9.51968759 26.18569565
v -8.69241881 -9.51968759 33.72584742
v -8.69241881 -9.01865149 26.18569565
v -8.69241881 -9.01865149 33.72584742
v -8.69241881 -8.51761538 25.68301886
v -8.69241881 -8.51761538 34.22852421
v -8.69241881 -8.01657927 25.68301886
v -8.69241881 -8.01657927 34.22852421
v -8.69241881 -7.51554316 25.68301886
v -8.69241881 -7.51554316 34.73120099
v -8.69241881 -7.01450706 25.68301886
v -8.69241881 -7.01450706 34.73120099
v -8.69241881 -6.51347095 25.68301886
v -8.69241881 -6.51347095 35.23387778
v -8.69241881 -6.01243484 25.68301886
v -8.69241881 -6.01243484 35.23387778
v -8.69241881 -5.51139873 25.68301886
v -8.69241881 -5.51139873 35.73655456
v -8.69241881 -5.01036263 25.68301886
v -8.69241881 -5.01036263 35.73655456
v -8.69241881 -4.50932652 25.68301886
v -8.69241881 -4.50932652 36.23923135
v -8.69241881 -4.00829041 25.68301886
v -8.69241881 -4.00829041 36.74190813
v -8.69241881 -3.50725430 25.68301886
v -8.69241881 -3.50725430 36.74190813
v -8.69241881 -3.00621819 25.68301886
v -8.69241881 -3.00621819 37.24458492
v -8.69241881 -2.50518209 25.68301886
v -8.69241881 -2.50518209 37.24458492
v -8.69241881 -2.00414598 25.68301886
v -8.69241881 -2.00414598 37.24458492
v -8.69241881 -1.50310987 25.68301886
v -8.69241881 -1.50310987 37.74726170
v -8.69241881 -1.00207376 25.68301886
v -8.69241881 -1.00207376 37.74726170
v -8.69241881 -0.50103766 25.68301886
v -8.69241881 -0.50103766 37.74726170
v -8.69241881 -0.00000155 25.68301886
v -8.69241881 -0.00000155 37.74726170
v -8.69241881 0.50103456 25.68301886
v -8.69241881 0.50103456 37.74726170
v -8.69241881 1.00207067 25.68301886
v -8.69241881 1.00207067 37.74726170
v -8.69241881 1.50310677 25.68301886
v -8.69241881 1.50310677 37.74726170
v -8.69241881 2.00414288 25.68301886
v -8.69241881 2.00414288 37.74726170
v -8.69241881 2.50517899 25.68301886
v -8.69241881 2.50517899 37.74726170
v -8.69241881 3.00621510 26.18569565
v -8.69241881 3.00621510 37.74726170
v -8.69241881 3.50725120 26.18569565
v -8.69241881 3.50725120 37.24458492
v -8.69241881 4.00828731 26.18569565
v -8.69241881 4.00828731 37.24458492
v -8.69241881 4.50932342 26.18569565
v -8.69241881 4.50932342 36.74190813
v -8.69241881 5.01035953 26.68837243
v -8.69241881 5.01035953 36.74190813
v -8.69241881 5.51139563 27.19104922
v -8.69241881 5.51139563 36.23923135
v -8.69241881 6.01243174 27.69372600
v -8.69241881 6.01243174 35.73655456
v -8.69241881 6.51346785 28.19640279
v -8.69241881 6.51346785 35.23387778
v -8.69241881 7.01450396 28.69907957
v -8.69241881 7.01450396 29.20175636
v -8.69241881 7.01450396 29.70443314
v -8.69241881 7.01450396 33.72584742
v -8.69241881 7.01450396 34.22852421
v -8.69241881 7.01450396 34.73120099
v -8.69241881 7.51554006 30.20710993
v -8.69241881 7.51554006 30.70978671
v -8.69241881 7.51554006 31.21246350
v -8.69241881 7.51554006 31.71514028
v -8.69241881 7.51554006 32.21781707
v -8.69241881 7.51554006 32.72049385
v -8.69241881 7.51554006 33.22317064
v -8.19223565 -11.52383202 29.20175636
v -8.19223565 -11.52383202 29.70443314
v -8.19223565 -11.52383202 30.20710993
v -8.19223565 -11.52383202 30.70978671
v -8.19223565 -11.02279592 27.19104922
v -8.19223565 -11.52383202 27.69372600
v -8.19223565 -11.52383202 28.19640279
v -8.19223565 -11.52383202 28.69907957
v -8.19223565 -11.52383202 31.21246350
v -8.19223565 -11.52383202 31.71514028
v -8.19223565 -11.02279592 32.21781707
v -8.19223565 -10.52175981 26.68837243
v -8.19223565 -10.52175981 32.72049385
v -8.19223565 -10.02072370 26.18569565
v -8.19223565 -10.02072370 33.22317064
v -8.19223565 -9.51968759 26.18569565
v -8.19223565 -9.51968759 33.72584742
v -8.19223565 -9.01865149 26.18569565
v -8.19223565 -9.01865149 33.72584742
v -8.19223565 -8.51761538 26.18569565
v -8.19223565 -8.51761538 34.22852421
v -8.19223565 -8.01657927 25.68301886
v -8.19223565 -8.01657927 34.22852421
v -8.19223565 -7.51554316 25.68301886
v -8.19223565 -7.51554316 34.73120099
v -8.19223565 -7.01450706 25.68301886
v -8.19223565 -7.01450706 34.73120099
v -8.19223565 -6.51347095 25.68301886
v -8.19223565 -6.51347095 35.23387778
v -8.19223565 -6.01243484 25.68301886
v -8.19223565 -6.01243484 35.23387778
v -8.19223565 -5.51139873 25.68301886
v -8.19223565 -5.51139873 35.73655456
v -8.19223565 -5.01036263 25.68301886
v -8.19223565 -5.01036263 35.73655456
v -8.19223565 -4.50932652 25.68301886
v -8.19223565 -4.50932652 36.23923135
v -8.19223565 -4.00829041 25.68301886
v -8.19223565 -4.00829041 36.23923135
v -8.19223565 -3.50725430 25.68301886
v -8.19223565 -3.50725430 36.74190813
v -8.19223565 -3.00621819 25.68301886
v -8.19223565 -3.00621819 37.24458492
v -8.19223565 -2.50518209 25.68301886
v -8.19223565 -2.50518209 37.24458492
v -8.19223565 -2.00414598 25.68301886
v -8.19223565 -2.00414598 37.24458492
v -8.19223565 -1.50310987 25.68301886
v -8.19223565 -1.50310987 37.74726170
v -8.19223565 -1.00207376 25.68301886
v -8.19223565 -1.00207376 37.74726170
v -8.19223565 -0.50103766 25.68301886
v -8.19223565 -0.50103766 37.74726170
v -8.19223565 -0.00000155 25.68301886
v -8.19223565 -0.00000155 37.74726170
v -8.19223565 0.50103456 25.68301886
v -8.19223565 0.50103456 37.74726170
v -8.19223565 1.00207067 25.68301886
v -8.19223565 1.00207067 37.74726170
v -8.19223565 1.50310677 25.68301886
v -8.19223565 1.50310677 37.74726170
v -8.19223565 2.00414288 25.68301886
v -8.19223565 2.00414288 37.74726170
v -8.19223565 2.50517899 25.68301886
v -8.19223565 2.50517899 37.74726170
v -8.19223565 3.00621510 26.18569565
v -8.19223565 3.00621510 37.24458492
v -8.19223565 3.50725120 26.18569565
v -8.19223565 3.50725120 37.24458492
v -8.19223565 4.00828731 26.18569565
v -8.19223565 4.00828731 37.24458492
v -8.19223565 4.50932342 26.68837243
v -8.19223565 4.50932342 36.74190813
v -8.19223565 5.01035953 26.68837243
v -8.19223565 5.01035953 36.74190813
v -8.19223565 5.51139563 27.19104922
v -8.19223565 5.51139563 36.23923135
v -8.19223565 6.01243174 27.69372600
v -8.19223565 6.01243174 35.73655456
v -8.19223565 6.51346785 28.19640279
v -8.19223565 6.51346785 28.69907957
v -8.19223565 6.51346785 34.73120099
v -8.19223565 6.51346785 35.23387778
v -8.19223565 7.01450396 29.20175636
v -8.19223565 7.01450396 29.70443314
v -8.19223565 7.01450396 30.20710993
v -8.19223565 7.01450396 33.22317064
v -8.19223565 7.01450396 33.72584742
v -8.19223565 7.01450396 34.22852421
v -8.19223565 7.51554006 30.70978671
v -8.19223565 7.51554006 31.21246350
v -8.19223565 7.51554006 31.71514028
v -8.19223565 7.51554006 32.21781707
v -8.19223565 7.51554006 32.72049385
v -7.69205248 -11.02279592 27.69372600
v -7.69205248 -11.52383202 28.19640279
v -7.69205248 -11.52383202 28.69907957
v -7.69205248 -11.52383202 29.20175636
v -7.69205248 -11.52383202 29.70443314
v -7.69205248 -11.52383202 30.20710993
v -7.69205248 -11.52383202 30.70978671
v -7.69205248 -11.52383202 31.21246350
v -7.69205248 -11.02279592 31.71514028
v -7.69205248 -10.52175981 26.68837243
v -7.69205248 -11.02279592 27.19104922
v -7.69205248 -11.02279592 32.21781707
v -7.69205248 -10.52175981 32.72049385
v -7.69205248 -10.02072370 26.68837243
v -7.69205248 -10.02072370 33.22317064
v -7.69205248 -9.51968759 26.18569565
v -7.69205248 -9.51968759 33.72584742
v -7.69205248 -9.01865149 26.18569565
v -7.69205248 -9.01865149 33.72584742
v -7.69205248 -8.51761538 26.18569565
v -7.69205248 -8.51761538 34.22852421
v -7.69205248 -8.01657927 26.18569565
v -7.69205248 -8.01657927 34.22852421
v -7.69205248 -7.51554316 26.18569565
v -7.69205248 -7.51554316 34.22852421
v -7.69205248 -7.01450706 26.18569565
v -7.69205248 -7.01450706 34.73120099
v -7.69205248 -6.51347095 26.18569565
v -7.69205248 -6.51347095 34.73120099
v -7.69205248 -6.01243484 26.18569565
v -7.69205248 -6.01243484 35.23387778
v -7.69205248 -5.51139873 26.18569565
v -7.69205248 -5.51139873 35.73655456
v -7.69205248 -5.01036263 26.18569565
v -7.69205248 -5.01036263 35.73655456
v -7.69205248 -4.50932652 26.18569565
v -7.69205248 -4.50932652 36.23923135
v -7.69205248 -4.00829041 26.18569565
v -7.69205248 -4.00829041 36.23923135
v -7.69205248 -3.50725430 26.18569565
v -7.69205248 -3.50725430 36.74190813
v -7.69205248 -3.00621819 26.18569565
v -7.69205248 -3.00621819 37.24458492
v -7.69205248 -2.50518209 25.68301886
v -7.69205248 -2.50518209 37.24458492
v -7.69205248 -2.00414598 25.68301886
v -7.69205248 -2.00414598 37.24458492
v -7.69205248 -1.50310987 25.68301886
v -7.69205248 -1.50310987 37.74726170
v -7.69205248 -1.00207376 25.68301886
v -7.69205248 -1.00207376 37.74726170
v -7.69205248 -0.50103766 25.68301886
v -7.69205248 -0.50103766 37.74726170
v -7.69205248 -0.00000155 25.68301886
v -7.69205248 -0.00000155 37.74726170
v -7.69205248 0.50103456 25.68301886
v -7.69205248 0.50103456 37.74726170
v -7.69205248 1.00207067 25.68301886
v -7.69205248 1.00207067 37.74726170
v -7.69205248 1.50310677 25.68301886
v -7.69205248 1.50310677 37.74726170
v -7.69205248 2.00414288 25.68301886
v -7.69205248 2.00414288 37.74726170
v -7.69205248 2.50517899 25.68301886
v -7.69205248 2.50517899 37.74726170
v -7.69205248 3.00621510 26.18569565
v -7.69205248 3.00621510 37.24458492
v -7.69205248 3.50725120 26.18569565
v -7.69205248 3.50725120 37.24458492
v -7.69205248 4.00828731 26.18569565
v -7.69205248 4.00828731 36.74190813
v -7.69205248 4.50932342 26.68837243
v -7.69205248 4.50932342 36.74190813
v -7.69205248 5.01035953 26.68837243
v -7.69205248 5.01035953 36.23923135
v -7.69205248 5.51139563 27.19104922
v -7.69205248 5.51139563 36.23923135
v -7.69205248 6.01243174 27.69372600
v -7.69205248 6.01243174 35.73655456
v -7.69205248 6.51346785 28.19640279
v -7.69205248 6.51346785 28.69907957
v -7.69205248 6.51346785 34.73120099
v -7.69205248 6.51346785 35.23387778
v -7.69205248 7.01450396 29.20175636
v -7.69205248 7.01450396 29.70443314
v -7.69205248 7.01450396 30.20710993
v -7.69205248 7.01450396 30.70978671
v -7.69205248 7.01450396 31.21246350
v -7.69205248 7.01450396 31.71514028
v -7.69205248 7.01450396 32.21781707
v -7.69205248 7.01450396 32.72049385
v -7.69205248 7.01450396 33.22317064
v -7.69205248 7.01450396 33.72584742
v -7.69205248 7.01450396 34.22852421
v -7.19186932 -11.02279592 28.19640279
v -7.19186932 -11.52383202 28.69907957
v -7.19186932 -11.52383202 29.20175636
v -7.19186932 -11.52383202 29.70443314
v -7.19186932 -11.52383202 30.20710993
v -7.19186932 -11.02279592 30.70978671
v -7.19186932 -11.02279592 31.21246350
v -7.19186932 -10.52175981 27.19104922
v -7.19186932 -11.02279592 27.69372600
v -7.19186932 -11.02279592 31.71514028
v -7.19186932 -10.52175981 32.21781707
v -7.19186932 -10.02072370 26.68837243
v -7.19186932 -10.52175981 32.72049385
v -7.19186932 -10.02072370 33.22317064
v -7.19186932 -9.51968759 26.18569565
v -7.19186932 -9.51968759 33.22317064
v -7.19186932 -9.01865149 26.18569565
v -7.19186932 -9.01865149 33.72584742
v -7.19186932 -8.51761538 26.18569565
v -7.19186932 -8.51761538 33.72584742
v -7.19186932 -8.01657927 26.18569565
v -7.19186932 -8.01657927 34.22852421
v -7.19186932 -7.51554316 26.18569565
v -7.19186932 -7.51554316 34.22852421
v -7.19186932 -7.01450706 26.18569565
v -7.19186932 -7.01450706 34.73120099
v -7.19186932 -6.51347095 26.18569565
v -7.19186932 -6.51347095 34.73120099
v -7.19186932 -6.01243484 26.18569565
v -7.19186932 -6.01243484 35.23387778
v -7.19186932 -5.51139873 26.18569565
v -7.19186932 -5.51139873 35.73655456
v -7.19186932 -5.01036263 26.18569565
v -7.19186932 -5.01036263 35.73655456
v -7.19186932 -4.50932652 26.18569565
v -7.19186932 -4.50932652 36.23923135
v -7.19186932 -4.00829041 26.18569565
v -7.19186932 -4.00829041 36.23923135
v -7.19186932 -3.50725430 26.18569565
v -7.19186932 -3.50725430 36.74190813
v -7.19186932 -3.00621819 26.18569565
v -7.19186932 -3.00621819 36.74190813
v -7.19186932 -2.50518209 26.18569565
v -7.19186932 -2.50518209 37.24458492
v -7.19186932 -2.00414598 25.68301886
v -7.19186932 -2.00414598 37.24458492
v -7.19186932 -1.50310987 25.68301886
v -7.19186932 -1.50310987 37.74726170
v -7.19186932 -1.00207376 25.68301886
v -7.19186932 -1.00207376 37.74726170
v -7.19186932 -0.50103766 25.68301886
v -7.19186932 -0.50103766 37.74726170
v -7.19186932 -0.00000155 25.68301886
v -7.19186932 -0.00000155 37.74726170
v -7.19186932 0.50103456 25.68301886
v -7.19186932 0.50103456 37.74726170
v -7.19186932 1.00207067 25.68301886
v -7.19186932 1.00207067 37.74726170
v -7.19186932 1.50310677 25.68301886
v -7.19186932 1.50310677 37.74726170
v -7.19186932 2.00414288 25.68301886
v -7.19186932 2.00414288 37.74726170
v -7.19186932 2.50517899 26.18569565
v -7.19186932 2.50517899 37.24458492
v -7.19186932 3.00621510 26.18569565
v -7.19186932 3.00621510 37.24458492
v -7.19186932 3.50725120 26.18569565
v -7.19186932 3.50725120 37.24458492
v -7.19186932 4.00828731 26.18569565
v -7.19186932 4.00828731 36.74190813
v -7.19186932 4.50932342 26.68837243
v -7.19186932 4.50932342 36.74190813
v -7.19186932 5.01035953 26.68837243
v -7.19186932 5.01035953 36.23923135
v -7.19186932 5.51139563 27.19104922
v -7.19186932 5.51139563 35.73655456
v -7.19186932 6.01243174 27.69372600
v -7.19186932 6.01243174 28.19640279
v -7.19186932 6.01243174 35.23387778
v -7.19186932 6.51346785 28.69907957
v -7.19186932 6.51346785 29.20175636
v -7.19186932 6.51346785 34.22852421
v -7.19186932 6.51346785 34.73120099
v -7.19186932 7.01450396 29.70443314
v -7.19186932 7.01450396 30.20710993
v -7.19186932 7.01450396 30.70978671
v -7.19186932 7.01450396 31.21246350
v -7.19186932 7.01450396 31.71514028
v -7.19186932 7.01450396 32.21781707
v -7.19186932 7.01450396 32.72049385
v -7.19186932 7.01450396 33.22317064
v -7.19186932 7.01450396 33.72584742
v -6.69168615 -11.02279592 28.69907957
v -6.69168615 -11.02279592 29.20175636
v -6.69168615 -11.02279592 29.70443314
v -6.69168615 -11.02279592 30.20710993
v -6.69168615 -10.52175981 27.69372600
v -6.69168615 -11.02279592 28.19640279
v -6.69168615 -11.02279592 30.70978671
v -6.69168615 -11.02279592 31.21246350
v -6.69168615 -11.02279592 31.71514028
v -6.69168615 -10.52175981 32.21781707
v -6.69168615 -10.02072370 26.68837243
v -6.69168615 -10.52175981 27.19104922
v -6.69168615 -10.02072370 32.72049385
v -6.69168615 -9.51968759 26.68837243
v -6.69168615 -9.51968759 33.22317064
v -6.69168615 -9.01865149 26.18569565
v -6.69168615 -9.01865149 33.72584742
v -6.69168615 -8.51761538 26.18569565
v -6.69168615 -8.51761538 33.72584742
v -6.69168615 -8.01657927 26.18569565
v -6.69168615 -8.01657927 34.22852421
v -6.69168615 -7.51554316 26.18569565
v -6.69168615 -7.51554316 34.22852421
v -6.69168615 -7.01450706 26.18569565
v -6.69168615 -7.01450706 34.73120099
v -6.69168615 -6.51347095 26.18569565
v -6.69168615 -6.51347095 34.73120099
v -6.69168615 -6.01243484 26.18569565
v -6.69168615 -6.01243484 35.23387778
v -6.69168615 -5.51139873 26.18569565
v -6.69168615 -5.51139873 35.73655456
v -6.69168615 -5.01036263 26.18569565
v -6.69168615 -5.01036263 35.73655456
v -6.69168615 -4.50932652 26.18569565
v -6.69168615 -4.50932652 36.23923135
v -6.69168615 -4.00829041 26.18569565
v -6.69168615 -4.00829041 36.23923135
v -6.69168615 -3.50725430 26.18569565
v -6.69168615 -3.50725430 36.74190813
v -6.69168615 -3.00621819 26.18569565
v -6.69168615 -3.00621819 36.74190813
v -6.69168615 -2.50518209 26.18569565
v -6.69168615 -2.50518209 37.24458492
v -6.69168615 -2.00414598 26.18569565
v -6.69168615 -2.00414598 37.24458492
v -6.69168615 -1.50310987 26.18569565
v -6.69168615 -1.50310987 37.24458492
v -6.69168615 -1.00207376 25.68301886
v -6.69168615 -1.00207376 37.74726170
v -6.69168615 -0.50103766 25.68301886
v -6.69168615 -0.50103766 37.74726170
v -6.69168615 -0.00000155 25.68301886
v -6.69168615 -0.00000155 37.74726170
v -6.69168615 0.50103456 25.68301886
v -6.69168615 0.50103456 37.74726170
v -6.69168615 1.00207067 25.68301886
v -6.69168615 1.00207067 37.74726170
v -6.69168615 1.50310677 25.68301886
v -6.69168615 1.50310677 37.74726170
v -6.69168615 2.00414288 26.18569565
v -6.69168615 2.00414288 37.24458492
v -6.69168615 2.50517899 26.18569565
v -6.69168615 2.50517899 37.24458492
v -6.69168615 3.00621510 26.18569565
v -6.69168615 3.00621510 37.24458492
v -6.69168615 3.50725120 26.18569565
v -6.69168615 3.50725120 36.74190813
v -6.69168615 4.00828731 26.68837243
v -6.69168615 4.00828731 36.74190813
v -6.69168615 4.50932342 26.68837243
v -6.69168615 4.50932342 36.23923135
v -6.69168615 5.01035953 27.19104922
v -6.69168615 5.01035953 36.23923135
v -6.69168615 5.51139563 27.69372600
v -6.69168615 5.51139563 35.73655456
v -6.69168615 6.01243174 28.19640279
v -6.69168615 6.01243174 35.23387778
v -6.69168615 6.51346785 28.69907957
v -6.69168615 6.51346785 29.20175636
v -6.69168615 6.51346785 34.22852421
v -6.69168615 6.51346785 34.73120099
v -6.69168615 7.01450396 29.70443314
v -6.69168615 7.01450396 30.20710993
v -6.69168615 7.01450396 30.70978671
v -6.69168615 7.01450396 31.21246350
v -6.69168615 7.01450396 31.71514028
v -6.69168615 7.01450396 32.21781707
v -6.69168615 7.01450396 32.72049385
v -6.69168615 7.01450396 33.22317064
v -6.69168615 7.01450396 33.72584742
v -6.19150299 -10.52175981 27.69372600
v -6.19150299 -11.02279592 28.19640279
v -6.19150299 -11.02279592 28.69907957
v -6.19150299 -11.02279592 29.20175636
v -6.19150299 -11.02279592 29.70443314
v -6.19150299 -11.02279592 30.20710993
v -6.19150299 -11.02279592 30.70978671
v -6.19150299 -11.02279592 31.21246350
v -6.19150299 -10.52175981 31.71514028
v -6.19150299 -10.02072370 27.19104922
v -6.19150299 -10.52175981 32.21781707
v -6.19150299 -10.02072370 32.72049385
v -6.19150299 -9.51968759 26.68837243
v -6.19150299 -9.51968759 33.22317064
v -6.19150299 -9.01865149 26.68837243
v -6.19150299 -9.01865149 33.72584742
v -6.19150299 -8.51761538 26.18569565
v -6.19150299 -8.51761538 33.72584742
v -6.19150299 -8.01657927 26.18569565
v -6.19150299 -8.01657927 34.22852421
v -6.19150299 -7.51554316 26.18569565
v -6.19150299 -7.51554316 34.22852421
v -6.19150299 -7.01450706 26.18569565
v -6.19150299 -7.01450706 34.73120099
v -6.19150299 -6.51347095 26.18569565
v -6.19150299 -6.51347095 34.73120099
v -6.19150299 -6.01243484 26.18569565
v -6.19150299 -6.01243484 35.23387778
v -6.19150299 -5.51139873 26.18569565
v -6.19150299 -5.51139873 35.73655456
v -6.19150299 -5.01036263 26.18569565
v -6.19150299 -5.01036263 35.73655456
v -6.19150299 -4.50932652 26.18569565
v -6.19150299 -4.50932652 36.23923135
v -6.19150299 -4.00829041 26.18569565
v -6.19150299 -4.00829041 36.23923135
v -6.19150299 -3.50725430 26.18569565
v -6.19150299 -3.50725430 36.74190813
v -6.19150299 -3.00621819 26.18569565
v -6.19150299 -3.00621819 36.74190813
v -6.19150299 -2.50518209 26.18569565
v -6.19150299 -2.50518209 37.24458492
v -6.19150299 -2.00414598 26.18569565
v -6.19150299 -2.00414598 37.24458492
v -6.19150299 -1.50310987 26.18569565
v -6.19150299 -1.50310987 37.24458492
v -6.19150299 -1.00207376 26.18569565
v -6.19150299 -1.00207376 37.74726170
v -6.19150299 -0.50103766 26.18569565
v -6.19150299 -0.50103766 37.74726170
v -6.19150299 -0.00000155 26.18569565
v -6.19150299 -0.00000155 37.74726170
v -6.19150299 0.50103456 26.18569565
v -6.19150299 0.50103456 37.74726170
v -6.19150299 1.00207067 26.18569565
v -6.19150299 1.00207067 37.74726170
v -6.19150299 1.50310677 26.18569565
v -6.19150299 1.50310677 37.24458492
v -6.19150299 2.00414288 26.18569565
v -6.19150299 2.00414288 37.24458492
v -6.19150299 2.50517899 26.18569565
v -6.19150299 2.50517899 37.24458492
v -6.19150299 3.00621510 26.18569565
v -6.19150299 3.00621510 37.24458492
v -6.19150299 3.50725120 26.18569565
v -6.19150299 3.50725120 36.74190813
v -6.19150299 4.00828731 26.68837243
v -6.19150299 4.00828731 36.74190813
v -6.19150299 4.50932342 26.68837243
v -6.19150299 4.50932342 36.23923135
v -6.19150299 5.01035953 27.19104922
v -6.19150299 5.01035953 36.23923135
v -6.19150299 5.51139563 27.69372600
v -6.19150299 5.51139563 35.73655456
v -6.19150299 6.01243174 28.19640279
v -6.19150299 6.01243174 34.73120099
v -6.19150299 6.01243174 35.23387778
v -6.19150299 6.51346785 28.69907957
v -6.19150299 6.51346785 29.20175636
v -6.19150299 6.51346785 29.70443314
v -6.19150299 6.51346785 33.72584742
v -6.19150299 6.51346785 34.22852421
v -6.19150299 7.01450396 30.20710993
v -6.19150299 7.01450396 30.70978671
v -6.19150299 7.01450396 31.21246350
v -6.19150299 7.01450396 31.71514028
v -6.19150299 7.01450396 32.21781707
v -6.19150299 7.01450396 32.72049385
v -6.19150299 7.01450396 33.22317064
v -5.69131982 -10.52175981 28.19640279
v -5.69131982 -11.02279592 28.69907957
v -5.69131982 -11.02279592 29.20175636
v -5.69131982 -11.02279592 29.70443314
v -5.69131982 -11.02279592 30.20710993
v -5.69131982 -11.02279592 30.70978671
v -5.69131982 -10.52175981 31.21246350
v -5.69131982 -10.02072370 27.19104922
v -5.69131982 -10.52175981 27.69372600
v -5.69131982 -10.52175981 31.71514028
v -5.69131982 -10.02072370 32.21781707
v -5.69131982 -9.51968759 26.68837243
v -5.69131982 -10.02072370 32.72049385
v -5.69131982 -9.51968759 33.22317064
v -5.69131982 -9.01865149 26.68837243
v -5.69131982 -9.01865149 33.72584742
v -5.69131982 -8.51761538 26.18569565
v -5.69131982 -8.51761538 33.72584742
v -5.69131982 -8.01657927 26.18569565
v -5.69131982 -8.01657927 34.22852421
v -5.69131982 -7.51554316 26.18569565
v -5.69131982 -7.51554316 34.22852421
v -5.69131982 -7.01450706 26.18569565
v -5.69131982 -7.01450706 34.73120099
v -5.69131982 -6.51347095 26.18569565
v -5.69131982 -6.51347095 34.73120099
v -5.69131982 -6.01243484 26.18569565
v -5.69131982 -6.01243484 35.23387778
v -5.69131982 -5.51139873 26.18569565
v -5.69131982 -5.51139873 35.73655456
v -5.69131982 -5.01036263 26.18569565
v -5.69131982 -5.01036263 35.73655456
v -5.69131982 -4.50932652 26.18569565
v -5.69131982 -4.50932652 36.23923135
v -5.69131982 -4.00829041 26.18569565
v -5.69131982 -4.00829041 36.23923135
v -5.69131982 -3.50725430 26.18569565
v -5.69131982 -3.50725430 36.74190813
v -5.69131982 -3.00621819 26.18569565
v -5.69131982 -3.00621819 36.74190813
v -5.69131982 -2.50518209 26.18569565
v -5.69131982 -2.50518209 37.24458492
v -5.69131982 -2.00414598 26.18569565
v -5.69131982 -2.00414598 37.24458492
v -5.69131982 -1.50310987 26.18569565
v -5.69131982 -1.50310987 37.24458492
v -5.69131982 -1.00207376 26.18569565
v -5.69131982 -1.00207376 37.24458492
v -5.69131982 -0.50103766 26.18569565
v -5.69131982 -0.50103766 37.24458492
v -5.69131982 -0.00000155 26.18569565
v -5.69131982 -0.00000155 37.24458492
v -5.69131982 0.50103456 26.18569565
v -5.69131982 0.50103456 37.24458492
v -5.69131982 1.00207067 26.18569565
v -5.69131982 1.00207067 37.24458492
v -5.69131982 1.50310677 26.18569565
v -5.69131982 1.50310677 37.24458492
v -5.69131982 2.00414288 26.18569565
v -5.69131982 2.00414288 37.24458492
v -5.69131982 2.50517899 26.18569565
v -5.69131982 2.50517899 37.24458492
v -5.69131982 3.00621510 26.18569565
v -5.69131982 3.00621510 36.74190813
v -5.69131982 3.50725120 26.68837243
v -5.69131982 3.50725120 36.74190813
v -5.69131982 4.00828731 26.68837243
v -5.69131982 4.00828731 36.74190813
v -5.69131982 4.50932342 26.68837243
v -5.69131982 4.50932342 36.23923135
v -5.69131982 5.01035953 27.19104922
v -5.69131982 5.01035953 35.73655456
v -5.69131982 5.51139563 27.69372600
v -5.69131982 5.51139563 35.73655456
v -5.69131982 6.01243174 28.19640279
v -5.69131982 6.01243174 28.69907957
v -5.69131982 6.01243174 34.73120099
v -5.69131982 6.01243174 35.23387778
v -5.69131982 6.51346785 29.20175636
v -5.69131982 6.51346785 29.70443314
v -5.69131982 6.51346785 30.20710993
v -5.69131982 6.51346785 33.22317064
v -5.69131982 6.51346785 33.72584742
v -5.69131982 6.51346785 34.22852421
v -5.69131982 7.01450396 30.70978671
v -5.69131982 7.01450396 31.21246350
v -5.69131982 7.01450396 31.71514028
v -5.69131982 7.01450396 32.21781707
v -5.69131982 7.01450396 32.72049385
v -5.19113666 -10.52175981 28.69907957
v -5.19113666 -10.52175981 29.20175636
v -5.19113666 -10.52175981 29.70443314
v -5.19113666 -10.52175981 30.20710993
v -5.19113666 -10.52175981 30.70978671
v -5.19113666 -10.02072370 27.69372600
v -5.19113666 -10.52175981 28.19640279
v -5.19113666 -10.52175981 31.21246350
v -5.19113666 -10.52175981 31.71514028
v -5.19113666 -10.02072370 32.21781707
v -5.19113666 -9.51968759 27.19104922
v -5.19113666 -10.02072370 32.72049385
v -5.19113666 -9.51968759 33.22317064
v -5.19113666 -9.01865149 26.68837243
v -5.19113666 -9.01865149 33.72584742
v -5.19113666 -8.51761538 26.68837243
v -5.19113666 -8.51761538 33.72584742
v -5.19113666 -8.01657927 26.68837243
v -5.19113666 -8.01657927 34.22852421
v -5.19113666 -7.51554316 26.18569565
v -5.19113666 -7.51554316 34.22852421
v -5.19113666 -7.01450706 26.18569565
v -5.19113666 -7.01450706 34.73120099
v -5.19113666 -6.51347095 26.18569565
v -5.19113666 -6.51347095 35.23387778
v -5.19113666 -6.01243484 26.18569565
v -5.19113666 -6.01243484 35.23387778
v -5.19113666 -5.51139873 26.18569565
v -5.19113666 -5.51139873 35.73655456
v -5.19113666 -5.01036263 26.18569565
v -5.19113666 -5.01036263 35.73655456
v -5.19113666 -4.50932652 26.18569565
v -5.19113666 -4.50932652 36.23923135
v -5.19113666 -4.00829041 26.18569565
v -5.19113666 -4.00829041 36.23923135
v -5.19113666 -3.50725430 26.18569565
v -5.19113666 -3.50725430 36.74190813
v -5.19113666 -3.00621819 26.18569565
v -5.19113666 -3.00621819 36.74190813
v -5.19113666 -2.50518209 26.18569565
v -5.19113666 -2.50518209 36.74190813
v -5.19113666 -2.00414598 26.18569565
v -5.19113666 -2.00414598 37.24458492
v -5.19113666 -1.50310987 26.18569565
v -5.19113666 -1.50310987 37.24458492
v -5.19113666 -1.00207376 26.18569565
v -5.19113666 -1.00207376 37.24458492
v -5.19113666 -0.50103766 26.18569565
v -5.19113666 -0.50103766 37.24458492
v -5.19113666 -0.00000155 26.18569565
v -5.19113666 -0.00000155 37.24458492
v -5.19113666 0.50103456 26.18569565
v -5.19113666 0.50103456 37.24458492
v -5.19113666 1.00207067 26.18569565
v -5.19113666 1.00207067 37.24458492
v -5.19113666 1.50310677 26.18569565
v -5.19113666 1.50310677 37.24458492
v -5.19113666 2.00414288 26.18569565
v -5.19113666 2.00414288 37.24458492
v -5.19113666 2.50517899 26.18569565
v -5.19113666 2.50517899 37.24458492
v -5.19113666 3.00621510 26.18569565
v -5.19113666 3.00621510 36.74190813
v -5.19113666 3.50725120 26.68837243
v -5.19113666 3.50725120 36.74190813
v -5.19113666 4.00828731 26.68837243
v -5.19113666 4.00828731 36.23923135
v -5.19113666 4.50932342 27.19104922
v -5.19113666 4.50932342 36.23923135
v -5.19113666 5.01035953 27.19104922
v -5.19113666 5.01035953 35.73655456
v -5.19113666 5.51139563 27.69372600
v -5.19113666 5.51139563 35.23387778
v -5.19113666 6.01243174 28.19640279
v -5.19113666 6.01243174 28.69907957
v -5.19113666 6.01243174 34.73120099
v -5.19113666 6.51346785 29.20175636
v -5.19113666 6.51346785 29.70443314
v -5.19113666 6.51346785 30.20710993
v -5.19113666 6.51346785 30.70978671
v -5.19113666 6.51346785 32.72049385
v -5.19113666 6.51346785 33.22317064
v -5.19113666 6.51346785 33.72584742
v -5.19113666 6.51346785 34.22852421
v -5.19113666 7.01450396 31.21246350
v -5.19113666 7.01450396 31.71514028
v -5.19113666 7.01450396 32.21781707
v -4.69095349 -10.02072370 27.69372600
v -4.69095349 -10.52175981 28.19640279
v -4.69095349 -10.52175981 28.69907957
v -4.69095349 -10.52175981 29.20175636
v -4.69095349 -10.52175981 29.70443314
v -4.69095349 -10.52175981 30.20710993
v -4.69095349 -10.52175981 30.70978671
v -4.69095349 -10.52175981 31.21246350
v -4.69095349 -10.02072370 31.71514028
v -4.69095349 -9.51968759 27.19104922
v -4.69095349 -10.02072370 32.21781707
v -4.69095349 -9.51968759 32.72049385
v -4.69095349 -9.01865149 26.68837243
v -4.69095349 -9.01865149 33.22317064
v -4.69095349 -8.51761538 26.68837243
v -4.69095349 -8.51761538 33.72584742
v -4.69095349 -8.01657927 26.68837243
v -4.69095349 -8.01657927 34.22852421
v -4.69095349 -7.51554316 26.68837243
v -4.69095349 -7.51554316 34.22852421
v -4.69095349 -7.01450706 26.68837243
v -4.69095349 -7.01450706 34.73120099
v -4.69095349 -6.51347095 26.68837243
v -4.69095349 -6.51347095 35.23387778
v -4.69095349 -6.01243484 26.68837243
v -4.69095349 -6.01243484 35.23387778
v -4.69095349 -5.51139873 26.68837243
v -4.69095349 -5.51139873 35.73655456
v -4.69095349 -5.01036263 26.68837243
v -4.69095349 -5.01036263 35.73655456
v -4.69095349 -4.50932652 26.68837243
v -4.69095349 -4.50932652 36.23923135
v -4.69095349 -4.00829041 26.68837243
v -4.69095349 -4.00829041 36.23923135
v -4.69095349 -3.50725430 26.68837243
v -4.69095349 -3.50725430 36.74190813
v -4.69095349 -3.00621819 26.18569565
v -4.69095349 -3.00621819 36.74190813
v -4.69095349 -2.50518209 26.18569565
v -4.69095349 -2.50518209 36.74190813
v -4.69095349 -2.00414598 26.18569565
v -4.69095349 -2.00414598 37.24458492
v -4.69095349 -1.50310987 26.18569565
v -4.69095349 -1.50310987 37.24458492
v -4.69095349 -1.00207376 26.18569565
v -4.69095349 -1.00207376 37.24458492
v -4.69095349 -0.50103766 26.18569565
v -4.69095349 -0.50103766 37.24458492
v -4.69095349 -0.00000155 26.18569565
v -4.69095349 -0.00000155 37.24458492
v -4.69095349 0.50103456 26.18569565
v -4.69095349 0.50103456 37.24458492
v -4.69095349 1.00207067 26.18569565
v -4.69095349 1.00207067 37.24458492
v -4.69095349 1.50310677 26.18569565
v -4.69095349 1.50310677 37.24458492
v -4.69095349 2.00414288 26.18569565
v -4.69095349 2.00414288 37.24458492
v -4.69095349 2.50517899 26.18569565
v -4.69095349 2.50517899 36.74190813
v -4.69095349 3.00621510 26.68837243
v -4.69095349 3.00621510 36.74190813
v -4.69095349 3.50725120 26.68837243
v -4.69095349 3.50725120 36.74190813
v -4.69095349 4.00828731 26.68837243
v -4.69095349 4.00828731 36.23923135
v -4.69095349 4.50932342 27.19104922
v -4.69095349 4.50932342 36.23923135
v -4.69095349 5.01035953 27.69372600
v -4.69095349 5.01035953 35.73655456
v -4.69095349 5.51139563 28.19640279
v -4.69095349 5.51139563 35.23387778
v -4.69095349 6.01243174 28.69907957
v -4.69095349 6.01243174 29.20175636
v -4.69095349 6.01243174 34.22852421
v -4.69095349 6.01243174 34.73120099
v -4.69095349 6.51346785 29.70443314
v -4.69095349 6.51346785 30.20710993
v -4.69095349 6.51346785 30.70978671
v -4.69095349 6.51346785 31.21246350
v -4.69095349 6.51346785 31.71514028
v -4.69095349 6.51346785 32.21781707
v -4.69095349 6.51346785 32.72049385
v -4.69095349 6.51346785 33.22317064
v -4.69095349 6.51346785 33.72584742
v -4.19077033 -10.02072370 28.19640279
v -4.19077033 -10.52175981 28.69907957
v -4.19077033 -10.52175981 29.20175636
v -4.19077033 -10.52175981 29.70443314
v -4.19077033 -10.52175981 30.20710993
v -4.19077033 -10.52175981 30.70978671
v -4.19077033 -10.52175981 31.21246350
v -4.19077033 -10.02072370 31.71514028
v -4.19077033 -9.51968759 27.19104922
v -4.19077033 -10.02072370 27.69372600
v -4.19077033 -10.02072370 32.21781707
v -4.19077033 -9.51968759 32.72049385
v -4.19077033 -9.01865149 27.19104922
v -4.19077033 -9.01865149 33.22317064
v -4.19077033 -8.51761538 26.68837243
v -4.19077033 -8.51761538 33.72584742
v -4.19077033 -8.01657927 26.68837243
v -4.19077033 -8.01657927 34.22852421
v -4.19077033 -7.51554316 26.68837243
v -4.19077033 -7.51554316 34.22852421
v -4.19077033 -7.01450706 26.68837243
v -4.19077033 -7.01450706 34.73120099
v -4.19077033 -6.51347095 26.68837243
v -4.19077033 -6.51347095 35.23387778
v -4.19077033 -6.01243484 26.68837243
v -4.19077033 -6.01243484 35.23387778
v -4.19077033 -5.51139873 26.68837243
v -4.19077033 -5.51139873 35.73655456
v -4.19077033 -5.01036263 26.68837243
v -4.19077033 -5.01036263 35.73655456
v -4.19077033 -4.50932652 26.68837243
v -4.19077033 -4.50932652 36.23923135
v -4.19077033 -4.00829041 26.68837243
v -4.19077033 -4.00829041 36.23923135
v -4.19077033 -3.50725430 26.68837243
v -4.19077033 -3.50725430 36.74190813
v -4.19077033 -3.00621819 26.68837243
v -4.19077033 -3.00621819 36.74190813
v -4.19077033 -2.50518209 26.68837243
v -4.19077033 -2.50518209 36.74190813
v -4.19077033 -2.00414598 26.68837243
v -4.19077033 -2.00414598 37.24458492
v -4.19077033 -1.50310987 26.68837243
v -4.19077033 -1.50310987 37.24458492
v -4.19077033 -1.00207376 26.18569565
v -4.19077033 -1.00207376 37.24458492
v -4.19077033 -0.50103766 26.18569565
v -4.19077033 -0.50103766 37.24458492
v -4.19077033 -0.00000155 26.18569565
v -4.19077033 -0.00000155 37.24458492
v -4.19077033 0.50103456 26.18569565
v -4.19077033 0.50103456 37.24458492
v -4.19077033 1.00207067 26.18569565
v -4.19077033 1.00207067 37.24458492
v -4.19077033 1.50310677 26.18569565
v -4.19077033 1.50310677 37.24458492
v -4.19077033 2.00414288 26.18569565
v -4.19077033 2.00414288 36.74190813
v -4.19077033 2.50517899 26.68837243
v -4.19077033 2.50517899 36.74190813
v -4.19077033 3.00621510 26.68837243
v -4.19077033 3.00621510 36.74190813
v -4.19077033 3.50725120 26.68837243
v -4.19077033 3.50725120 36.23923135
v -4.19077033 4.00828731 27.19104922
v -4.19077033 4.00828731 36.23923135
v -4.19077033 4.50932342 27.19104922
v -4.19077033 4.50932342 35.73655456
v -4.19077033 5.01035953 27.69372600
v -4.19077033 5.01035953 35.73655456
v -4.19077033 5.51139563 28.19640279
v -4.19077033 5.51139563 35.23387778
v -4.19077033 6.01243174 28.69907957
v -4.19077033 6.01243174 29.20175636
v -4.19077033 6.01243174 34.22852421
v -4.19077033 6.01243174 34.73120099
v -4.19077033 6.51346785 29.70443314
v -4.19077033 6.51346785 30.20710993
v -4.19077033 6.51346785 30.70978671
v -4.19077033 6.51346785 31.21246350
v -4.19077033 6.51346785 31.71514028
v -4.19077033 6.51346785 32.21781707
v -4.19077033 6.51346785 32.72049385
v -4.19077033 6.51346785 33.22317064
v -4.19077033 6.51346785 33.72584742
v -3.69058716 -10.02072370 28.69907957
v -3.69058716 -10.02072370 29.20175636
v -3.69058716 -10.02072370 29.70443314
v -3.69058716 -10.02072370 30.20710993
v -3.69058716 -10.02072370 30.70978671
v -3.69058716 -10.02072370 31.21246350
v -3.69058716 -9.51968759 27.69372600
v -3.69058716 -10.02072370 28.19640279
v -3.69058716 -10.02072370 31.71514028
v -3.69058716 -9.51968759 32.21781707
v -3.69058716 -9.01865149 27.19104922
v -3.69058716 -9.51968759 32.72049385
v -3.69058716 -9.01865149 33.22317064
v -3.69058716 -8.51761538 27.19104922
v -3.69058716 -8.51761538 33.72584742
v -3.69058716 -8.01657927 26.68837243
v -3.69058716 -8.01657927 34.22852421
v -3.69058716 -7.51554316 26.68837243
v -3.69058716 -7.51554316 34.22852421
v -3.69058716 -7.01450706 26.68837243
v -3.69058716 -7.01450706 34.73120099
v -3.69058716 -6.51347095 26.68837243
v -3.69058716 -6.51347095 35.23387778
v -3.69058716 -6.01243484 26.68837243
v -3.69058716 -6.01243484 35.23387778
v -3.69058716 -5.51139873 26.68837243
v -3.69058716 -5.51139873 35.73655456
v -3.69058716 -5.01036263 26.68837243
v -3.69058716 -5.01036263 35.73655456
v -3.69058716 -4.50932652 26.68837243
v -3.69058716 -4.50932652 36.23923135
v -3.69058716 -4.00829041 26.68837243
v -3.69058716 -4.00829041 36.23923135
v -3.69058716 -3.50725430 26.68837243
v -3.69058716 -3.50725430 36.23923135
v -3.69058716 -3.00621819 26.68837243
v -3.69058716 -3.00621819 36.74190813
v -3.69058716 -2.50518209 26.68837243
v -3.69058716 -2.50518209 36.74190813
v -3.69058716 -2.00414598 26.68837243
v -3.69058716 -2.00414598 36.74190813
v -3.69058716 -1.50310987 26.68837243
v -3.69058716 -1.50310987 37.24458492
v -3.69058716 -1.00207376 26.68837243
v -3.69058716 -1.00207376 37.24458492
v -3.69058716 -0.50103766 26.68837243
v -3.69058716 -0.50103766 37.24458492
v -3.69058716 -0.00000155 26.68837243
v -3.69058716 -0.00000155 37.24458492
v -3.69058716 0.50103456 26.68837243
v -3.69058716 0.50103456 37.24458492
v -3.69058716 1.00207067 26.68837243
v -3.69058716 1.00207067 37.24458492
v -3.69058716 1.50310677 26.68837243
v -3.69058716 1.50310677 36.74190813
v -3.69058716 2.00414288 26.68837243
v -3.69058716 2.00414288 36.74190813
v -3.69058716 2.50517899 26.68837243
v -3.69058716 2.50517899 36.74190813
v -3.69058716 3.00621510 26.68837243
v -3.69058716 3.00621510 36.74190813
v -3.69058716 3.50725120 26.68837243
v -3.69058716 3.50725120 36.23923135
v -3.69058716 4.00828731 27.19104922
v -3.69058716 4.00828731 36.23923135
v -3.69058716 4.50932342 27.19104922
v -3.69058716 4.50932342 35.73655456
v -3.69058716 5.01035953 27.69372600
v -3.69058716 5.01035953 35.73655456
v -3.69058716 5.51139563 28.19640279
v -3.69058716 5.51139563 34.73120099
v -3.69058716 5.51139563 35.23387778
v -3.69058716 6.01243174 28.69907957
v -3.69058716 6.01243174 29.20175636
v -3.69058716 6.01243174 29.70443314
v -3.69058716 6.01243174 33.72584742
v -3.69058716 6.01243174 34.22852421
v -3.69058716 6.51346785 30.20710993
v -3.69058716 6.51346785 30.70978671
v -3.69058716 6.51346785 31.21246350
v -3.69058716 6.51346785 31.71514028
v -3.69058716 6.51346785 32.21781707
v -3.69058716 6.51346785 32.72049385
v -3.69058716 6.51346785 33.22317064
v -3.19040400 -9.51968759 28.19640279
v -3.19040400 -10.02072370 28.69907957
v -3.19040400 -10.02072370 29.20175636
v -3.19040400 -10.02072370 29.70443314
v -3.19040400 -10.02072370 30.20710993
v -3.19040400 -10.02072370 30.70978671
v -3.19040400 -10.02072370 31.21246350
v -3.19040400 -10.02072370 31.71514028
v -3.19040400 -9.51968759 32.21781707
v -3.19040400 -9.01865149 27.69372600
v -3.19040400 -9.51968759 32.72049385
v -3.19040400 -9.01865149 33.22317064
v -3.19040400 -8.51761538 27.19104922
v -3.19040400 -8.51761538 33.72584742
v -3.19040400 -8.01657927 27.19104922
v -3.19040400 -8.01657927 34.22852421
v -3.19040400 -7.51554316 27.19104922
v -3.19040400 -7.51554316 34.22852421
v -3.19040400 -7.01450706 26.68837243
v -3.19040400 -7.01450706 34.73120099
v -3.19040400 -6.51347095 26.68837243
v -3.19040400 -6.51347095 35.23387778
v -3.19040400 -6.01243484 26.68837243
v -3.19040400 -6.01243484 35.23387778
v -3.19040400 -5.51139873 26.68837243
v -3.19040400 -5.51139873 35.73655456
v -3.19040400 -5.01036263 26.68837243
v -3.19040400 -5.01036263 35.73655456
v -3.19040400 -4.50932652 26.68837243
v -3.19040400 -4.50932652 36.23923135
v -3.19040400 -4.00829041 26.68837243
v -3.19040400 -4.00829041 36.23923135
v -3.19040400 -3.50725430 26.68837243
v -3.19040400 -3.50725430 36.23923135
v -3.19040400 -3.00621819 26.68837243
v -3.19040400 -3.00621819 36.74190813
v -3.19040400 -2.50518209 26.68837243
v -3.19040400 -2.50518209 36.74190813
v -3.19040400 -2.00414598 26.68837243
v -3.19040400 -2.00414598 36.74190813
v -3.19040400 -1.50310987 26.68837243
v -3.19040400 -1.50310987 36.74190813
v -3.19040400 -1.00207376 26.68837243
v -3.19040400 -1.00207376 37.24458492
v -3.19040400 -0.50103766 26.68837243
v -3.19040400 -0.50103766 37.24458492
v -3.19040400 -0.00000155 26.68837243
v -3.19040400 -0.00000155 37.24458492
v -3.19040400 0.50103456 26.68837243
v -3.19040400 0.50103456 37.24458492
v -3.19040400 1.00207067 26.68837243
v -3.19040400 1.00207067 36.74190813
v -3.19040400 1.50310677 26.68837243
v -3.19040400 1.50310677 36.74190813
v -3.19040400 2.00414288 26.68837243
v -3.19040400 2.00414288 36.74190813
v -3.19040400 2.50517899 26.68837243
v -3.19040400 2.50517899 36.74190813
v -3.19040400 3.00621510 26.68837243
v -3.19040400 3.00621510 36.74190813
v -3.19040400 3.50725120 27.19104922
v -3.19040400 3.50725120 36.23923135
v -3.19040400 4.00828731 27.19104922
v -3.19040400 4.00828731 36.23923135
v -3.19040400 4.50932342 27.69372600
v -3.19040400 4.50932342 35.73655456
v -3.19040400 5.01035953 27.69372600
v -3.19040400 5.01035953 35.23387778
v -3.19040400 5.51139563 28.19640279
v -3.19040400 5.51139563 28.69907957
v -3.19040400 5.51139563 34.73120099
v -3.19040400 6.01243174 29.20175636
v -3.19040400 6.01243174 29.70443314
v -3.19040400 6.01243174 33.72584742
v -3.19040400 6.01243174 34.22852421
v -3.19040400 6.51346785 30.20710993
v -3.19040400 6.51346785 30.70978671
v -3.19040400 6.51346785 31.21246350
v -3.19040400 6.51346785 31.71514028
v -3.19040400 6.51346785 32.21781707
v -3.19040400 6.51346785 32.72049385
v -3.19040400 6.51346785 33.22317064
v -2.69022083 -9.51968759 28.69907957
v -2.69022083 -10.02072370 29.20175636
v -2.69022083 -10.02072370 29.70443314
v -2.69022083 -10.02072370 30.20710993
v -2.69022083 -10.02072370 30.70978671
v -2.69022083 -10.02072370 31.21246350
v -2.69022083 -9.51968759 31.71514028
v -2.69022083 -9.01865149 27.69372600
v -2.69022083 -9.51968759 28.19640279
v -2.69022083 -9.51968759 32.21781707
v -2.69022083 -9.01865149 32.72049385
v -2.69022083 -8.51761538 27.19104922
v -2.69022083 -9.01865149 33.22317064
v -2.69022083 -8.51761538 33.72584742
v -2.69022083 -8.01657927 27.19104922
v -2.69022083 -8.01657927 34.22852421
v -2.69022083 -7.51554316 27.19104922
v -2.69022083 -7.51554316 34.22852421
v -2.69022083 -7.01450706 27.19104922
v -2.69022083 -7.01450706 34.73120099
v -2.69022083 -6.51347095 27.19104922
v -2.69022083 -6.51347095 35.23387778
v -2.69022083 -6.01243484 27.19104922
v -2.69022083 -6.01243484 35.23387778
v -2.69022083 -5.51139873 27.19104922
v -2.69022083 -5.51139873 35.73655456
v -2.69022083 -5.01036263 27.19104922
v -2.69022083 -5.01036263 35.73655456
v -2.69022083 -4.50932652 27.19104922
v -2.69022083 -4.50932652 35.73655456
v -2.69022083 -4.00829041 27.19104922
v -2.69022083 -4.00829041 36.23923135
v -2.69022083 -3.50725430 27.19104922
v -2.69022083 -3.50725430 36.23923135
v -2.69022083 -3.00621819 27.19104922
v -2.69022083 -3.00621819 36.74190813
v -2.69022083 -2.50518209 27.19104922
v -2.69022083 -2.50518209 36.74190813
v -2.69022083 -2.00414598 26.68837243
v -2.69022083 -2.00414598 36.74190813
v -2.69022083 -1.50310987 26.68837243
v -2.69022083 -1.50310987 36.74190813
v -2.69022083 -1.00207376 26.68837243
v -2.69022083 -1.00207376 36.74190813
v -2.69022083 -0.50103766 26.68837243
v -2.69022083 -0.50103766 36.74190813
v -2.69022083 -0.00000155 26.68837243
v -2.69022083 -0.00000155 36.74190813
v -2.69022083 0.50103456 26.68837243
v -2.69022083 0.50103456 36.74190813
v -2.69022083 1.00207067 26.68837243
v -2.69022083 1.00207067 36.74190813
v -2.69022083 1.50310677 26.68837243
v -2.69022083 1.50310677 36.74190813
v -2.69022083 2.00414288 26.68837243
v -2.69022083 2.00414288 36.74190813
v -2.69022083 2.50517899 26.68837243
v -2.69022083 2.50517899 36.74190813
v -2.69022083 3.00621510 27.19104922
v -2.69022083 3.00621510 36.23923135
v -2.69022083 3.50725120 27.19104922
v -2.69022083 3.50725120 36.23923135
v -2.69022083 4.00828731 27.19104922
v -2.69022083 4.00828731 36.23923135
v -2.69022083 4.50932342 27.69372600
v -2.69022083 4.50932342 35.73655456
v -2.69022083 5.01035953 28.19640279
v -2.69022083 5.01035953 35.23387778
v -2.69022083 5.51139563 28.69907957
v -2.69022083 5.51139563 34.73120099
v -2.69022083 6.01243174 29.20175636
v -2.69022083 6.01243174 29.70443314
v -2.69022083 6.01243174 33.22317064
v -2.69022083 6.01243174 33.72584742
v -2.69022083 6.01243174 34.22852421
v -2.69022083 6.51346785 30.20710993
v -2.69022083 6.51346785 30.70978671
v -2.69022083 6.51346785 31.21246350
v -2.69022083 6.51346785 31.71514028
v -2.69022083 6.51346785 32.21781707
v -2.69022083 6.51346785 32.72049385
v -2.19003767 -9.51968759 29.20175636
v -2.19003767 -9.51968759 29.70443314
v -2.19003767 -10.02072370 30.20710993
v -2.19003767 -10.02072370 30.70978671
v -2.19003767 -9.51968759 31.21246350
v -2.19003767 -9.01865149 28.19640279
v -2.19003767 -9.51968759 28.69907957
v -2.19003767 -9.51968759 31.71514028
v -2.19003767 -9.51968759 32.21781707
v -2.19003767 -9.01865149 32.72049385
v -2.19003767 -8.51761538 27.69372600
v -2.19003767 -9.01865149 33.22317064
v -2.19003767 -8.51761538 33.72584742
v -2.19003767 -8.01657927 27.19104922
v -2.19003767 -8.01657927 34.22852421
v -2.19003767 -7.51554316 27.19104922
v -2.19003767 -7.51554316 34.22852421
v -2.19003767 -7.01450706 27.19104922
v -2.19003767 -7.01450706 34.73120099
v -2.19003767 -6.51347095 27.19104922
v -2.19003767 -6.51347095 35.23387778
v -2.19003767 -6.01243484 27.19104922
v -2.19003767 -6.01243484 35.23387778
v -2.19003767 -5.51139873 27.19104922
v -2.19003767 -5.51139873 35.73655456
v -2.19003767 -5.01036263 27.19104922
v -2.19003767 -5.01036263 35.73655456
v -2.19003767 -4.50932652 27.19104922
v -2.19003767 -4.50932652 35.73655456
v -2.19003767 -4.00829041 27.19104922
v -2.19003767 -4.00829041 36.23923135
v -2.19003767 -3.50725430 27.19104922
v -2.19003767 -3.50725430 36.23923135
v -2.19003767 -3.00621819 27.19104922
v -2.19003767 -3.00621819 36.23923135
v -2.19003767 -2.50518209 27.19104922
v -2.19003767 -2.50518209 36.74190813
v -2.19003767 -2.00414598 27.19104922
v -2.19003767 -2.00414598 36.74190813
v -2.19003767 -1.50310987 27.19104922
v -2.19003767 -1.50310987 36.74190813
v -2.19003767 -1.00207376 27.19104922
v -2.19003767 -1.00207376 36.74190813
v -2.19003767 -0.50103766 27.19104922
v -2.19003767 -0.50103766 36.74190813
v -2.19003767 -0.00000155 26.68837243
v -2.19003767 -0.00000155 36.74190813
v -2.19003767 0.50103456 26.68837243
v -2.19003767 0.50103456 36.74190813
v -2.19003767 1.00207067 26.68837243
v -2.19003767 1.00207067 36.74190813
v -2.19003767 1.50310677 26.68837243
v -2.19003767 1.50310677 36.74190813
v -2.19003767 2.00414288 26.68837243
v -2.19003767 2.00414288 36.74190813
v -2.19003767 2.50517899 27.19104922
v -2.19003767 2.50517899 36.74190813
v -2.19003767 3.00621510 27.19104922
v -2.19003767 3.00621510 36.23923135
v -2.19003767 3.50725120 27.19104922
v -2.19003767 3.50725120 36.23923135
v -2.19003767 4.00828731 27.19104922
v -2.19003767 4.00828731 35.73655456
v -2.19003767 4.50932342 27.69372600
v -2.19003767 4.50932342 35.73655456
v -2.19003767 5.01035953 28.19640279
v -2.19003767 5.01035953 35.23387778
v -2.19003767 5.51139563 28.69907957
v -2.19003767 5.51139563 34.73120099
v -2.19003767 6.01243174 29.20175636
v -2.19003767 6.01243174 29.70443314
v -2.19003767 6.01243174 30.20710993
v -2.19003767 6.01243174 32.72049385
v -2.19003767 6.01243174 33.22317064
v -2.19003767 6.01243174 33.72584742
v -2.19003767 6.01243174 34.22852421
v -2.19003767 6.51346785 30.70978671
v -2.19003767 6.51346785 31.21246350
v -2.19003767 6.51346785 31.71514028
v -2.19003767 6.51346785 32.21781707
v -1.68985450 -9.51968759 30.20710993
v -1.68985450 -9.51968759 30.70978671
v -1.68985450 -9.01865149 28.19640279
v -1.68985450 -9.51968759 28.69907957
v -1.68985450 -9.51968759 29.20175636
v -1.68985450 -9.51968759 29.70443314
v -1.68985450 -9.51968759 31.21246350
v -1.68985450 -9.51968759 31.71514028
v -1.68985450 -9.51968759 32.21781707
v -1.68985450 -9.01865149 32.72049385
v -1.68985450 -8.51761538 27.69372600
v -1.68985450 -8.51761538 33.22317064
v -1.68985450 -8.01657927 27.69372600
v -1.68985450 -8.51761538 33.72584742
v -1.68985450 -8.01657927 34.22852421
v -1.68985450 -7.51554316 27.19104922
v -1.68985450 -7.51554316 34.22852421
v -1.68985450 -7.01450706 27.19104922
v -1.68985450 -7.01450706 34.73120099
v -1.68985450 -6.51347095 27.19104922
v -1.68985450 -6.51347095 35.23387778
v -1.68985450 -6.01243484 27.19104922
v -1.68985450 -6.01243484 35.23387778
v -1.68985450 -5.51139873 27.19104922
v -1.68985450 -5.51139873 35.73655456
v -1.68985450 -5.01036263 27.19104922
v -1.68985450 -5.01036263 35.73655456
v -1.68985450 -4.50932652 27.19104922
v -1.68985450 -4.50932652 35.73655456
v -1.68985450 -4.00829041 27.19104922
v -1.68985450 -4.00829041 36.23923135
v -1.68985450 -3.50725430 27.19104922
v -1.68985450 -3.50725430 36.23923135
v -1.68985450 -3.00621819 27.19104922
v -1.68985450 -3.00621819 36.23923135
v -1.68985450 -2.50518209 27.19104922
v -1.68985450 -2.50518209 36.74190813
v -1.68985450 -2.00414598 27.19104922
v -1.68985450 -2.00414598 36.74190813
v -1.68985450 -1.50310987 27.19104922
v -1.68985450 -1.50310987 36.74190813
v -1.68985450 -1.00207376 27.19104922
v -1.68985450 -1.00207376 36.74190813
v -1.68985450 -0.50103766 27.19104922
v -1.68985450 -0.50103766 36.74190813
v -1.68985450 -0.00000155 27.19104922
v -1.68985450 -0.00000155 36.74190813
v -1.68985450 0.50103456 27.19104922
v -1.68985450 0.50103456 36.74190813
v -1.68985450 1.00207067 27.19104922
v -1.68985450 1.00207067 36.74190813
v -1.68985450 1.50310677 27.19104922
v -1.68985450 1.50310677 36.74190813
v -1.68985450 2.00414288 27.19104922
v -1.68985450 2.00414288 36.74190813
v -1.68985450 2.50517899 27.19104922
v -1.68985450 2.50517899 36.23923135
v -1.68985450 3.00621510 27.19104922
v -1.68985450 3.00621510 36.23923135
v -1.68985450 3.50725120 27.19104922
v -1.68985450 3.50725120 36.23923135
v -1.68985450 4.00828731 27.69372600
v -1.68985450 4.00828731 35.73655456
v -1.68985450 4.50932342 27.69372600
v -1.68985450 4.50932342 35.73655456
v -1.68985450 5.01035953 28.19640279
v -1.68985450 5.01035953 35.23387778
v -1.68985450 5.51139563 28.69907957
v -1.68985450 5.51139563 29.20175636
v -1.68985450 5.51139563 34.22852421
v -1.68985450 5.51139563 34.73120099
v -1.68985450 6.01243174 29.70443314
v -1.68985450 6.01243174 30.20710993
v -1.68985450 6.01243174 30.70978671
v -1.68985450 6.01243174 32.21781707
v -1.68985450 6.01243174 32.72049385
v -1.68985450 6.01243174 33.22317064
v -1.68985450 6.01243174 33.72584742
v -1.68985450 6.51346785 31.21246350
v -1.68985450 6.51346785 31.71514028
v -1.18967134 -9.01865149 28.69907957
v -1.18967134 -9.51968759 29.20175636
v -1.18967134 -9.51968759 29.70443314
v -1.18967134 -9.51968759 30.20710993
v -1.18967134 -9.51968759 30.70978671
v -1.18967134 -9.51968759 31.21246350
v -1.18967134 -9.51968759 31.71514028
v -1.18967134 -9.01865149 32.21781707
v -1.18967134 -8.51761538 28.19640279
v -1.18967134 -9.01865149 32.72049385
v -1.18967134 -8.51761538 33.22317064
v -1.18967134 -8.01657927 27.69372600
v -1.18967134 -8.01657927 33.72584742
v -1.18967134 -7.51554316 27.69372600
v -1.18967134 -7.51554316 34.22852421
v -1.18967134 -7.01450706 27.69372600
v -1.18967134 -7.01450706 34.73120099
v -1.18967134 -6.51347095 27.19104922
v -1.18967134 -6.51347095 35.23387778
v -1.18967134 -6.01243484 27.19104922
v -1.18967134 -6.01243484 35.23387778
v -1.18967134 -5.51139873 27.19104922
v -1.18967134 -5.51139873 35.73655456
v -1.18967134 -5.01036263 27.19104922
v -1.18967134 -5.01036263 35.73655456
v -1.18967134 -4.50932652 27.19104922
v -1.18967134 -4.50932652 35.73655456
v -1.18967134 -4.00829041 27.19104922
v -1.18967134 -4.00829041 36.23923135
v -1.18967134 -3.50725430 27.19104922
v -1.18967134 -3.50725430 36.23923135
v -1.18967134 -3.00621819 27.19104922
v -1.18967134 -3.00621819 36.23923135
v -1.18967134 -2.50518209 27.19104922
v -1.18967134 -2.50518209 36.74190813
v -1.18967134 -2.00414598 27.19104922
v -1.18967134 -2.00414598 36.74190813
v -1.18967134 -1.50310987 27.19104922
v -1.18967134 -1.50310987 36.74190813
v -1.18967134 -1.00207376 27.19104922
v -1.18967134 -1.00207376 36.74190813
v -1.18967134 -0.50103766 27.19104922
v -1.18967134 -0.50103766 36.74190813
v -1.18967134 -0.00000155 27.19104922
v -1.18967134 -0.00000155 36.74190813
v -1.18967134 0.50103456 27.19104922
v -1.18967134 0.50103456 36.74190813
v -1.18967134 1.00207067 27.19104922
v -1.18967134 1.00207067 36.74190813
v -1.18967134 1.50310677 27.19104922
v -1.18967134 1.50310677 36.74190813
v -1.18967134 2.00414288 27.19104922
v -1.18967134 2.00414288 36.74190813
v -1.18967134 2.50517899 27.19104922
v -1.18967134 2.50517899 36.23923135
v -1.18967134 3.00621510 27.19104922
v -1.18967134 3.00621510 36.23923135
v -1.18967134 3.50725120 27.69372600
v -1.18967134 3.50725120 36.23923135
v -1.18967134 4.00828731 27.69372600
v -1.18967134 4.00828731 35.73655456
v -1.18967134 4.50932342 27.69372600
v -1.18967134 4.50932342 35.73655456
v -1.18967134 5.01035953 28.19640279
v -1.18967134 5.01035953 35.23387778
v -1.18967134 5.51139563 28.69907957
v -1.18967134 5.51139563 29.20175636
v -1.18967134 5.51139563 34.22852421
v -1.18967134 5.51139563 34.73120099
v -1.18967134 6.01243174 29.70443314
v -1.18967134 6.01243174 30.20710993
v -1.18967134 6.01243174 30.70978671
v -1.18967134 6.01243174 31.21246350
v -1.18967134 6.01243174 31.71514028
v -1.18967134 6.01243174 32.21781707
v -1.18967134 6.01243174 32.72049385
v -1.18967134 6.01243174 33.22317064
v -1.18967134 6.01243174 33.72584742
v -0.68948817 -9.01865149 29.20175636
v -0.68948817 -9.01865149 29.70443314
v -0.68948817 -9.51968759 30.20710993
v -0.68948817 -9.51968759 30.70978671
v -0.68948817 -9.51968759 31.21246350
v -0.68948817 -9.01865149 31.71514028
v -0.68948817 -8.51761538 28.19640279
v -0.68948817 -9.01865149 28.69907957
v -0.68948817 -9.01865149 32.21781707
v -0.68948817 -9.01865149 32.72049385
v -0.68948817 -8.51761538 33.22317064
v -0.68948817 -8.01657927 27.69372600
v -0.68948817 -8.01657927 33.72584742
v -0.68948817 -7.51554316 27.69372600
v -0.68948817 -7.51554316 34.22852421
v -0.68948817 -7.01450706 27.69372600
v -0.68948817 -7.01450706 34.73120099
v -0.68948817 -6.51347095 27.69372600
v -0.68948817 -6.51347095 34.73120099
v -0.68948817 -6.01243484 27.69372600
v -0.68948817 -6.01243484 35.23387778
v -0.68948817 -5.51139873 27.69372600
v -0.68948817 -5.51139873 35.23387778
v -0.68948817 -5.01036263 27.69372600
v -0.68948817 -5.01036263 35.73655456
v -0.68948817 -4.50932652 27.69372600
v -0.68948817 -4.50932652 35.73655456
v -0.68948817 -4.00829041 27.69372600
v -0.68948817 -4.00829041 36.23923135
v -0.68948817 -3.50725430 27.69372600
v -0.68948817 -3.50725430 36.23923135
v -0.68948817 -3.00621819 27.69372600
v -0.68948817 -3.00621819 36.23923135
v -0.68948817 -2.50518209 27.69372600
v -0.68948817 -2.50518209 36.23923135
v -0.68948817 -2.00414598 27.69372600
v -0.68948817 -2.00414598 36.74190813
v -0.68948817 -1.50310987 27.69372600
v -0.68948817 -1.50310987 36.74190813
v -0.68948817 -1.00207376 27.69372600
v -0.68948817 -1.00207376 36.74190813
v -0.68948817 -0.50103766 27.19104922
v -0.68948817 -0.50103766 36.74190813
v -0.68948817 -0.00000155 27.19104922
v -0.68948817 -0.00000155 36.74190813
v -0.68948817 0.50103456 27.19104922
v -0.68948817 0.50103456 36.74190813
v -0.68948817 1.00207067 27.19104922
v -0.68948817 1.00207067 36.74190813
v -0.68948817 1.50310677 27.19104922
v -0.68948817 1.50310677 36.74190813
v -0.68948817 2.00414288 27.19104922
v -0.68948817 2.00414288 36.23923135
v -0.68948817 2.50517899 27.19104922
v -0.68948817 2.50517899 36.23923135
v -0.68948817 3.00621510 27.69372600
v -0.68948817 3.00621510 36.23923135
v -0.68948817 3.50725120 27.69372600
v -0.68948817 3.50725120 36.23923135
v -0.68948817 4.00828731 27.69372600
v -0.68948817 4.00828731 35.73655456
v -0.68948817 4.50932342 28.19640279
v -0.68948817 4.50932342 35.23387778
v -0.68948817 5.01035953 28.69907957
v -0.68948817 5.01035953 34.73120099
v -0.68948817 5.51139563 29.20175636
v -0.68948817 5.51139563 29.70443314
v -0.68948817 5.51139563 33.72584742
v -0.68948817 5.51139563 34.22852421
v -0.68948817 6.01243174 30.20710993
v -0.68948817 6.01243174 30.70978671
v -0.68948817 6.01243174 31.21246350
v -0.68948817 6.01243174 31.71514028
v -0.68948817 6.01243174 32.21781707
v -0.68948817 6.01243174 32.72049385
v -0.68948817 6.01243174 33.22317064
v -0.18930501 -9.01865149 30.20710993
v -0.18930501 -9.01865149 30.70978671
v -0.18930501 -9.01865149 31.21246350
v -0.18930501 -8.51761538 28.69907957
v -0.18930501 -9.01865149 29.20175636
v -0.18930501 -9.01865149 29.70443314
v -0.18930501 -9.01865149 31.71514028
v -0.18930501 -9.01865149 32.21781707
v -0.18930501 -8.51761538 32.72049385
v -0.18930501 -8.01657927 28.19640279
v -0.18930501 -8.51761538 33.22317064
v -0.18930501 -8.01657927 33.72584742
v -0.18930501 -7.51554316 27.69372600
v -0.18930501 -7.51554316 34.22852421
v -0.18930501 -7.01450706 27.69372600
v -0.18930501 -7.01450706 34.73120099
v -0.18930501 -6.51347095 27.69372600
v -0.18930501 -6.51347095 34.73120099
v -0.18930501 -6.01243484 27.69372600
v -0.18930501 -6.01243484 35.23387778
v -0.18930501 -5.51139873 27.69372600
v -0.18930501 -5.51139873 35.23387778
v -0.18930501 -5.01036263 27.69372600
v -0.18930501 -5.01036263 35.73655456
v -0.18930501 -4.50932652 27.69372600
v -0.18930501 -4.50932652 35.73655456
v -0.18930501 -4.00829041 27.69372600
v -0.18930501 -4.00829041 36.23923135
v -0.18930501 -3.50725430 27.69372600
v -0.18930501 -3.50725430 36.23923135
v -0.18930501 -3.00621819 27.69372600
v -0.18930501 -3.00621819 36.23923135
v -0.18930501 -2.50518209 27.69372600
v -0.18930501 -2.50518209 36.23923135
v -0.18930501 -2.00414598 27.69372600
v -0.18930501 -2.00414598 36.74190813
v -0.18930501 -1.50310987 27.69372600
v -0.18930501 -1.50310987 36.74190813
v -0.18930501 -1.00207376 27.69372600
v -0.18930501 -1.00207376 36.74190813
v -0.18930501 -0.50103766 27.69372600
v -0.18930501 -0.50103766 36.74190813
v -0.18930501 -0.00000155 27.69372600
v -0.18930501 -0.00000155 36.74190813
v -0.18930501 0.50103456 27.69372600
v -0.18930501 0.50103456 36.74190813
v -0.18930501 1.00207067 27.19104922
v -0.18930501 1.00207067 36.74190813
v -0.18930501 1.50310677 27.19104922
v -0.18930501 1.50310677 36.74190813
v -0.18930501 2.00414288 27.19104922
v -0.18930501 2.00414288 36.23923135
v -0.18930501 2.50517899 27.69372600
v -0.18930501 2.50517899 36.23923135
v -0.18930501 3.00621510 27.69372600
v -0.18930501 3.00621510 36.23923135
v -0.18930501 3.50725120 27.69372600
v -0.18930501 3.50725120 35.73655456
v -0.18930501 4.00828731 27.69372600
v -0.18930501 4.00828731 35.73655456
v -0.18930501 4.50932342 28.19640279
v -0.18930501 4.50932342 35.23387778
v -0.18930501 5.01035953 28.69907957
v -0.18930501 5.01035953 34.73120099
v -0.18930501 5.51139563 29.20175636
v -0.18930501 5.51139563 29.70443314
v -0.18930501 5.51139563 33.72584742
v -0.18930501 5.51139563 34.22852421
v -0.18930501 6.01243174 30.20710993
v -0.18930501 6.01243174 30.70978671
v -0.18930501 6.01243174 31.21246350
v -0.18930501 6.01243174 31.71514028
v -0.18930501 6.01243174 32.21781707
v -0.18930501 6.01243174 32.72049385
v -0.18930501 6.01243174 33.22317064
v 0.31087816 -8.51761538 29.20175636
v 0.31087816 -9.01865149 29.70443314
v 0.31087816 -9.01865149 30.20710993
v 0.31087816 -9.01865149 30.70978671
v 0.31087816 -9.01865149 31.21246350
v 0.31087816 -9.01865149 31.71514028
v 0.31087816 -9.01865149 32.21781707
v 0.31087816 -8.51761538 32.72049385
v 0.31087816 -8.01657927 28.19640279
v 0.31087816 -8.51761538 28.69907957
v 0.31087816 -8.51761538 33.22317064
v 0.31087816 -8.01657927 33.72584742
v 0.31087816 -7.51554316 27.69372600
v 0.31087816 -7.51554316 34.22852421
v 0.31087816 -7.01450706 27.69372600
v 0.31087816 -7.01450706 34.73120099
v 0.31087816 -6.51347095 27.69372600
v 0.31087816 -6.51347095 34.73120099
v 0.31087816 -6.01243484 27.69372600
v 0.31087816 -6.01243484 35.23387778
v 0.31087816 -5.51139873 27.69372600
v 0.31087816 -5.51139873 35.23387778
v 0.31087816 -5.01036263 27.69372600
v 0.31087816 -5.01036263 35.73655456
v 0.31087816 -4.50932652 27.69372600
v 0.31087816 -4.50932652 35.73655456
v 0.31087816 -4.00829041 27.69372600
v 0.31087816 -4.00829041 35.73655456
v 0.31087816 -3.50725430 27.69372600
v 0.31087816 -3.50725430 36.23923135
v 0.31087816 -3.00621819 27.69372600
v 0.31087816 -3.00621819 36.23923135
v 0.31087816 -2.50518209 27.69372600
v 0.31087816 -2.50518209 36.23923135
v 0.31087816 -2.00414598 27.69372600
v 0.31087816 -2.00414598 36.23923135
v 0.31087816 -1.50310987 27.69372600
v 0.31087816 -1.50310987 36.74190813
v 0.31087816 -1.00207376 27.69372600
v 0.31087816 -1.00207376 36.74190813
v 0.31087816 -0.50103766 27.69372600
v 0.31087816 -0.50103766 36.74190813
v 0.31087816 -0.00000155 27.69372600
v 0.31087816 -0.00000155 36.74190813
v 0.31087816 0.50103456 27.69372600
v 0.31087816 0.50103456 36.74190813
v 0.31087816 1.00207067 27.69372600
v 0.31087816 1.00207067 36.74190813
v 0.31087816 1.50310677 27.69372600
v 0.31087816 1.50310677 36.23923135
v 0.31087816 2.00414288 27.69372600
v 0.31087816 2.00414288 36.23923135
v 0.31087816 2.50517899 27.69372600
v 0.31087816 2.50517899 36.23923135
v 0.31087816 3.00621510 27.69372600
v 0.31087816 3.00621510 36.23923135
v 0.31087816 3.50725120 27.69372600
v 0.31087816 3.50725120 35.73655456
v 0.31087816 4.00828731 28.19640279
v 0.31087816 4.00828731 35.73655456
v 0.31087816 4.50932342 28.19640279
v 0.31087816 4.50932342 35.23387778
v 0.31087816 5.01035953 28.69907957
v 0.31087816 5.01035953 34.73120099
v 0.31087816 5.51139563 29.20175636
v 0.31087816 5.51139563 29.70443314
v 0.31087816 5.51139563 30.20710993
v 0.31087816 5.51139563 33.22317064
v 0.31087816 5.51139563 33.72584742
v 0.31087816 5.51139563 34.22852421
v 0.31087816 6.01243174 30.70978671
v 0.31087816 6.01243174 31.21246350
v 0.31087816 6.01243174 31.71514028
v 0.31087816 6.01243174 32.21781707
v 0.31087816 6.01243174 32.72049385
v 0.81106132 -8.51761538 29.70443314
v 0.81106132 -9.01865149 30.20710993
v 0.81106132 -9.01865149 30.70978671
v 0.81106132 -9.01865149 31.21246350
v 0.81106132 -9.01865149 31.71514028
v 0.81106132 -8.51761538 32.21781707
v 0.81106132 -8.01657927 28.19640279
v 0.81106132 -8.51761538 28.69907957
v 0.81106132 -8.51761538 29.20175636
v 0.81106132 -8.51761538 32.72049385
v 0.81106132 -8.01657927 33.22317064
v 0.81106132 -7.51554316 28.19640279
v 0.81106132 -8.01657927 33.72584742
v 0.81106132 -7.51554316 34.22852421
v 0.81106132 -7.01450706 27.69372600
v 0.81106132 -7.01450706 34.73120099
v 0.81106132 -6.51347095 27.69372600
v 0.81106132 -6.51347095 34.73120099
v 0.81106132 -6.01243484 27.69372600
v 0.81106132 -6.01243484 35.23387778
v 0.81106132 -5.51139873 27.69372600
v 0.81106132 -5.51139873 35.23387778
v 0.81106132 -5.01036263 27.69372600
v 0.81106132 -5.01036263 35.73655456
v 0.81106132 -4.50932652 27.69372600
v 0.81106132 -4.50932652 35.73655456
v 0.81106132 -4.00829041 27.69372600
v 0.81106132 -4.00829041 35.73655456
v 0.81106132 -3.50725430 27.69372600
v 0.81106132 -3.50725430 36.23923135
v 0.81106132 -3.00621819 27.69372600
v 0.81106132 -3.00621819 36.23923135
v 0.81106132 -2.50518209 27.69372600
v 0.81106132 -2.50518209 36.23923135
v 0.81106132 -2.00414598 27.69372600
v 0.81106132 -2.00414598 36.23923135
v 0.81106132 -1.50310987 27.69372600
v 0.81106132 -1.50310987 36.23923135
v 0.81106132 -1.00207376 27.69372600
v 0.81106132 -1.00207376 36.74190813
v 0.81106132 -0.50103766 27.69372600
v 0.81106132 -0.50103766 36.74190813
v 0.81106132 -0.00000155 27.69372600
v 0.81106132 -0.00000155 36.74190813
v 0.81106132 0.50103456 27.69372600
v 0.81106132 0.50103456 36.74190813
v 0.81106132 1.00207067 27.69372600
v 0.81106132 1.00207067 36.23923135
v 0.81106132 1.50310677 27.69372600
v 0.81106132 1.50310677 36.23923135
v 0.81106132 2.00414288 27.69372600
v 0.81106132 2.00414288 36.23923135
v 0.81106132 2.50517899 27.69372600
v 0.81106132 2.50517899 36.23923135
v 0.81106132 3.00621510 27.69372600
v 0.81106132 3.00621510 36.23923135
v 0.81106132 3.50725120 28.19640279
v 0.81106132 3.50725120 35.73655456
v 0.81106132 4.00828731 28.19640279
v 0.81106132 4.00828731 35.73655456
v 0.81106132 4.50932342 28.69907957
v 0.81106132 4.50932342 35.23387778
v 0.81106132 5.01035953 29.20175636
v 0.81106132 5.01035953 34.22852421
v 0.81106132 5.01035953 34.73120099
v 0.81106132 5.51139563 29.70443314
v 0.81106132 5.51139563 30.20710993
v 0.81106132 5.51139563 30.70978671
v 0.81106132 5.51139563 32.72049385
v 0.81106132 5.51139563 33.22317064
v 0.81106132 5.51139563 33.72584742
v 0.81106132 6.01243174 31.21246350
v 0.81106132 6.01243174 31.71514028
v 0.81106132 6.01243174 32.21781707
v 1.31124449 -8.51761538 30.20710993
v 1.31124449 -8.51761538 30.70978671
v 1.31124449 -8.51761538 31.21246350
v 1.31124449 -8.51761538 31.71514028
v 1.31124449 -8.01657927 28.69907957
v 1.31124449 -8.51761538 29.20175636
v 1.31124449 -8.51761538 29.70443314
v 1.31124449 -8.51761538 32.21781707
v 1.31124449 -8.51761538 32.72049385
v 1.31124449 -8.01657927 33.22317064
v 1.31124449 -7.51554316 28.19640279
v 1.31124449 -8.01657927 33.72584742
v 1.31124449 -7.51554316 34.22852421
v 1.31124449 -7.01450706 27.69372600
v 1.31124449 -7.01450706 34.22852421
v 1.31124449 -6.51347095 27.69372600
v 1.31124449 -6.51347095 34.73120099
v 1.31124449 -6.01243484 27.69372600
v 1.31124449 -6.01243484 35.23387778
v 1.31124449 -5.51139873 27.69372600
v 1.31124449 -5.51139873 35.23387778
v 1.31124449 -5.01036263 27.69372600
v 1.31124449 -5.01036263 35.73655456
v 1.31124449 -4.50932652 27.69372600
v 1.31124449 -4.50932652 35.73655456
v 1.31124449 -4.00829041 27.69372600
v 1.31124449 -4.00829041 35.73655456
v 1.31124449 -3.50725430 27.69372600
v 1.31124449 -3.50725430 35.73655456
v 1.31124449 -3.00621819 27.69372600
v 1.31124449 -3.00621819 36.23923135
v 1.31124449 -2.50518209 27.69372600
v 1.31124449 -2.50518209 36.23923135
v 1.31124449 -2.00414598 27.69372600
v 1.31124449 -2.00414598 36.23923135
v 1.31124449 -1.50310987 27.69372600
v 1.31124449 -1.50310987 36.23923135
v 1.31124449 -1.00207376 27.69372600
v 1.31124449 -1.00207376 36.23923135
v 1.31124449 -0.50103766 27.69372600
v 1.31124449 -0.50103766 36.23923135
v 1.31124449 -0.00000155 27.69372600
v 1.31124449 -0.00000155 36.23923135
v 1.31124449 0.50103456 27.69372600
v 1.31124449 0.50103456 36.23923135
v 1.31124449 1.00207067 27.69372600
v 1.31124449 1.00207067 36.23923135
v 1.31124449 1.50310677 27.69372600
v 1.31124449 1.50310677 36.23923135
v 1.31124449 2.00414288 27.69372600
v 1.31124449 2.00414288 36.23923135
v 1.31124449 2.50517899 27.69372600
v 1.31124449 2.50517899 36.23923135
v 1.31124449 3.00621510 27.69372600
v 1.31124449 3.00621510 35.73655456
v 1.31124449 3.50725120 28.19640279
v 1.31124449 3.50725120 35.73655456
v 1.31124449 4.00828731 28.19640279
v 1.31124449 4.00828731 35.23387778
v 1.31124449 4.50932342 28.69907957
v 1.31124449 4.50932342 34.73120099
v 1.31124449 5.01035953 29.20175636
v 1.31124449 5.01035953 34.22852421
v 1.31124449 5.51139563 29.70443314
v 1.31124449 5.51139563 30.20710993
v 1.31124449 5.51139563 30.70978671
v 1.31124449 5.51139563 31.21246350
v 1.31124449 5.51139563 31.71514028
v 1.31124449 5.51139563 32.21781707
v 1.31124449 5.51139563 32.72049385
v 1.31124449 5.51139563 33.22317064
v 1.31124449 5.51139563 33.72584742
v 1.81142765 -8.01657927 29.20175636
v 1.81142765 -8.51761538 29.70443314
v 1.81142765 -8.51761538 30.20710993
v 1.81142765 -8.51761538 30.70978671
v 1.81142765 -8.51761538 31.21246350
v 1.81142765 -8.51761538 31.71514028
v 1.81142765 -8.51761538 32.21781707
v 1.81142765 -8.01657927 32.72049385
v 1.81142765 -7.51554316 28.19640279
v 1.81142765 -8.01657927 28.69907957
v 1.81142765 -8.01657927 33.22317064
v 1.81142765 -7.51554316 33.72584742
v 1.81142765 -7.01450706 28.19640279
v 1.81142765 -7.01450706 34.22852421
v 1.81142765 -6.51347095 27.69372600
v 1.81142765 -6.51347095 34.73120099
v 1.81142765 -6.01243484 27.69372600
v 1.81142765 -6.01243484 35.23387778
v 1.81142765 -5.51139873 27.69372600
v 1.81142765 -5.51139873 35.23387778
v 1.81142765 -5.01036263 27.69372600
v 1.81142765 -5.01036263 35.23387778
v 1.81142765 -4.50932652 27.69372600
v 1.81142765 -4.50932652 35.73655456
v 1.81142765 -4.00829041 27.69372600
v 1.81142765 -4.00829041 35.73655456
v 1.81142765 -3.50725430 27.69372600
v 1.81142765 -3.50725430 35.73655456
v 1.81142765 -3.00621819 27.69372600
v 1.81142765 -3.00621819 36.23923135
v 1.81142765 -2.50518209 27.69372600
v 1.81142765 -2.50518209 36.23923135
v 1.81142765 -2.00414598 28.19640279
v 1.81142765 -2.00414598 36.23923135
v 1.81142765 -1.50310987 28.19640279
v 1.81142765 -1.50310987 36.23923135
v 1.81142765 -1.00207376 28.19640279
v 1.81142765 -1.00207376 36.23923135
v 1.81142765 -0.50103766 28.19640279
v 1.81142765 -0.50103766 36.23923135
v 1.81142765 -0.00000155 27.69372600
v 1.81142765 -0.00000155 36.23923135
v 1.81142765 0.50103456 27.69372600
v 1.81142765 0.50103456 36.23923135
v 1.81142765 1.00207067 27.69372600
v 1.81142765 1.00207067 36.23923135
v 1.81142765 1.50310677 27.69372600
v 1.81142765 1.50310677 36.23923135
v 1.81142765 2.00414288 27.69372600
v 1.81142765 2.00414288 36.23923135
v 1.81142765 2.50517899 28.19640279
v 1.81142765 2.50517899 36.23923135
v 1.81142765 3.00621510 28.19640279
v 1.81142765 3.00621510 35.73655456
v 1.81142765 3.50725120 28.19640279
v 1.81142765 3.50725120 35.73655456
v 1.81142765 4.00828731 28.69907957
v 1.81142765 4.00828731 35.23387778
v 1.81142765 4.50932342 28.69907957
v 1.81142765 4.50932342 34.73120099
v 1.81142765 5.01035953 29.20175636
v 1.81142765 5.01035953 29.70443314
v 1.81142765 5.01035953 33.72584742
v 1.81142765 5.01035953 34.22852421
v 1.81142765 5.51139563 30.20710993
v 1.81142765 5.51139563 30.70978671
v 1.81142765 5.51139563 31.21246350
v 1.81142765 5.51139563 31.71514028
v 1.81142765 5.51139563 32.21781707
v 1.81142765 5.51139563 32.72049385
v 1.81142765 5.51139563 33.22317064
v 2.31161082 -8.01657927 29.70443314
v 2.31161082 -8.51761538 30.20710993
v 2.31161082 -8.51761538 30.70978671
v 2.31161082 -8.51761538 31.21246350
v 2.31161082 -8.51761538 31.71514028
v 2.31161082 -8.01657927 32.21781707
v 2.31161082 -7.51554316 28.69907957
v 2.31161082 -8.01657927 29.20175636
v 2.31161082 -8.01657927 32.72049385
v 2.31161082 -8.01657927 33.22317064
v 2.31161082 -7.51554316 33.72584742
v 2.31161082 -7.01450706 28.19640279
v 2.31161082 -7.01450706 34.22852421
v 2.31161082 -6.51347095 27.69372600
v 2.31161082 -6.51347095 34.73120099
v 2.31161082 -6.01243484 27.69372600
v 2.31161082 -6.01243484 34.73120099
v 2.31161082 -5.51139873 27.69372600
v 2.31161082 -5.51139873 35.23387778
v 2.31161082 -5.01036263 27.69372600
v 2.31161082 -5.01036263 35.23387778
v 2.31161082 -4.50932652 27.69372600
v 2.31161082 -4.50932652 35.73655456
v 2.31161082 -4.00829041 27.69372600
v 2.31161082 -4.00829041 35.73655456
v 2.31161082 -3.50725430 27.69372600
v 2.31161082 -3.50725430 35.73655456
v 2.31161082 -3.00621819 27.69372600
v 2.31161082 -3.00621819 35.73655456
v 2.31161082 -2.50518209 27.69372600
v 2.31161082 -2.50518209 36.23923135
v 2.31161082 -2.00414598 28.19640279
v 2.31161082 -2.00414598 36.23923135
v 2.31161082 -1.50310987 28.19640279
v 2.31161082 -1.50310987 36.23923135
v 2.31161082 -1.00207376 28.19640279
v 2.31161082 -1.00207376 36.23923135
v 2.31161082 -0.50103766 28.19640279
v 2.31161082 -0.50103766 36.23923135
v 2.31161082 -0.00000155 28.19640279
v 2.31161082 -0.00000155 36.23923135
v 2.31161082 0.50103456 28.19640279
v 2.31161082 0.50103456 36.23923135
v 2.31161082 1.00207067 28.19640279
v 2.31161082 1.00207067 36.23923135
v 2.31161082 1.50310677 28.19640279
v 2.31161082 1.50310677 36.23923135
v 2.31161082 2.00414288 28.19640279
v 2.31161082 2.00414288 36.23923135
v 2.31161082 2.50517899 28.19640279
v 2.31161082 2.50517899 35.73655456
v 2.31161082 3.00621510 28.19640279
v 2.31161082 3.00621510 35.73655456
v 2.31161082 3.50725120 28.19640279
v 2.31161082 3.50725120 35.23387778
v 2.31161082 4.00828731 28.69907957
v 2.31161082 4.00828731 35.23387778
v 2.31161082 4.50932342 29.20175636
v 2.31161082 4.50932342 34.22852421
v 2.31161082 4.50932342 34.73120099
v 2.31161082 5.01035953 29.70443314
v 2.31161082 5.01035953 30.20710993
v 2.31161082 5.01035953 33.22317064
v 2.31161082 5.01035953 33.72584742
v 2.31161082 5.51139563 30.70978671
v 2.31161082 5.51139563 31.21246350
v 2.31161082 5.51139563 31.71514028
v 2.31161082 5.51139563 32.21781707
v 2.31161082 5.51139563 32.72049385
v 2.81179398 -8.01657927 30.20710993
v 2.81179398 -8.01657927 30.70978671
v 2.81179398 -8.01657927 31.21246350
v 2.81179398 -8.01657927 31.71514028
v 2.81179398 -7.51554316 28.69907957
v 2.81179398 -8.01657927 29.20175636
v 2.81179398 -8.01657927 29.70443314
v 2.81179398 -8.01657927 32.21781707
v 2.81179398 -8.01657927 32.72049385
v 2.81179398 -7.51554316 33.22317064
v 2.81179398 -7.01450706 28.19640279
v 2.81179398 -7.51554316 33.72584742
v 2.81179398 -7.01450706 34.22852421
v 2.81179398 -6.51347095 28.19640279
v 2.81179398 -6.51347095 34.73120099
v 2.81179398 -6.01243484 27.69372600
v 2.81179398 -6.01243484 34.73120099
v 2.81179398 -5.51139873 27.69372600
v 2.81179398 -5.51139873 35.23387778
v 2.81179398 -5.01036263 27.69372600
v 2.81179398 -5.01036263 35.23387778
v 2.81179398 -4.50932652 27.69372600
v 2.81179398 -4.50932652 35.23387778
v 2.81179398 -4.00829041 27.69372600
v 2.81179398 -4.00829041 35.73655456
v 2.81179398 -3.50725430 27.69372600
v 2.81179398 -3.50725430 35.73655456
v 2.81179398 -3.00621819 27.69372600
v 2.81179398 -3.00621819 35.73655456
v 2.81179398 -2.50518209 27.69372600
v 2.81179398 -2.50518209 35.73655456
v 2.81179398 -2.00414598 27.69372600
v 2.81179398 -2.00414598 36.23923135
v 2.81179398 -1.50310987 28.19640279
v 2.81179398 -1.50310987 36.23923135
v 2.81179398 -1.00207376 28.19640279
v 2.81179398 -1.00207376 36.23923135
v 2.81179398 -0.50103766 28.19640279
v 2.81179398 -0.50103766 36.23923135
v 2.81179398 -0.00000155 28.19640279
v 2.81179398 -0.00000155 36.23923135
v 2.81179398 0.50103456 28.19640279
v 2.81179398 0.50103456 36.23923135
v 2.81179398 1.00207067 28.19640279
v 2.81179398 1.00207067 36.23923135
v 2.81179398 1.50310677 28.19640279
v 2.81179398 1.50310677 36.23923135
v 2.81179398 2.00414288 28.19640279
v 2.81179398 2.00414288 35.73655456
v 2.81179398 2.50517899 28.19640279
v 2.81179398 2.50517899 35.73655456
v 2.81179398 3.00621510 28.19640279
v 2.81179398 3.00621510 35.73655456
v 2.81179398 3.50725120 28.69907957
v 2.81179398 3.50725120 35.23387778
v 2.81179398 4.00828731 28.69907957
v 2.81179398 4.00828731 34.73120099
v 2.81179398 4.50932342 29.20175636
v 2.81179398 4.50932342 29.70443314
v 2.81179398 4.50932342 34.22852421
v 2.81179398 5.01035953 30.20710993
v 2.81179398 5.01035953 30.70978671
v 2.81179398 5.01035953 31.21246350
v 2.81179398 5.01035953 31.71514028
v 2.81179398 5.01035953 32.21781707
v 2.81179398 5.01035953 32.72049385
v 2.81179398 5.01035953 33.22317064
v 2.81179398 5.01035953 33.72584742
v 3.31197715 -7.51554316 29.20175636
v 3.31197715 -8.01657927 29.70443314
v 3.31197715 -8.01657927 30.20710993
v 3.31197715 -8.01657927 30.70978671
v 3.31197715 -8.01657927 31.21246350
v 3.31197715 -8.01657927 31.71514028
v 3.31197715 -8.01657927 32.21781707
v 3.31197715 -8.01657927 32.72049385
v 3.31197715 -7.51554316 33.22317064
v 3.31197715 -7.01450706 28.19640279
v 3.31197715 -7.51554316 28.69907957
v 3.31197715 -7.01450706 33.72584742
v 3.31197715 -6.51347095 28.19640279
v 3.31197715 -6.51347095 34.22852421
v 3.31197715 -6.01243484 27.69372600
v 3.31197715 -6.01243484 34.73120099
v 3.31197715 -5.51139873 27.69372600
v 3.31197715 -5.51139873 34.73120099
v 3.31197715 -5.01036263 27.69372600
v 3.31197715 -5.01036263 35.23387778
v 3.31197715 -4.50932652 27.69372600
v 3.31197715 -4.50932652 35.23387778
v 3.31197715 -4.00829041 27.69372600
v 3.31197715 -4.00829041 35.23387778
v 3.31197715 -3.50725430 27.69372600
v 3.31197715 -3.50725430 35.73655456
v 3.31197715 -3.00621819 27.69372600
v 3.31197715 -3.00621819 35.73655456
v 3.31197715 -2.50518209 27.69372600
v 3.31197715 -2.50518209 35.73655456
v 3.31197715 -2.00414598 27.69372600
v 3.31197715 -2.00414598 35.73655456
v 3.31197715 -1.50310987 27.69372600
v 3.31197715 -1.50310987 35.73655456
v 3.31197715 -1.00207376 28.19640279
v 3.31197715 -1.00207376 36.23923135
v 3.31197715 -0.50103766 28.19640279
v 3.31197715 -0.50103766 36.23923135
v 3.31197715 -0.00000155 28.19640279
v 3.31197715 -0.00000155 36.23923135
v 3.31197715 0.50103456 28.19640279
v 3.31197715 0.50103456 36.23923135
v 3.31197715 1.00207067 28.19640279
v 3.31197715 1.00207067 36.23923135
v 3.31197715 1.50310677 28.19640279
v 3.31197715 1.50310677 35.73655456
v 3.31197715 2.00414288 28.19640279
v 3.31197715 2.00414288 35.73655456
v 3.31197715 2.50517899 28.19640279
v 3.31197715 2.50517899 35.73655456
v 3.31197715 3.00621510 28.69907957
v 3.31197715 3.00621510 35.23387778
v 3.31197715 3.50725120 28.69907957
v 3.31197715 3.50725120 35.23387778
v 3.31197715 4.00828731 29.20175636
v 3.31197715 4.00828731 34.73120099
v 3.31197715 4.50932342 29.70443314
v 3.31197715 4.50932342 30.20710993
v 3.31197715 4.50932342 33.72584742
v 3.31197715 4.50932342 34.22852421
v 3.31197715 5.01035953 30.70978671
v 3.31197715 5.01035953 31.21246350
v 3.31197715 5.01035953 31.71514028
v 3.31197715 5.01035953 32.21781707
v 3.31197715 5.01035953 32.72049385
v 3.31197715 5.01035953 33.22317064
v 3.81216031 -7.51554316 29.70443314
v 3.81216031 -8.01657927 30.20710993
v 3.81216031 -8.01657927 30.70978671
v 3.81216031 -8.01657927 31.21246350
v 3.81216031 -8.01657927 31.71514028
v 3.81216031 -8.01657927 32.21781707
v 3.81216031 -7.51554316 32.72049385
v 3.81216031 -7.01450706 28.69907957
v 3.81216031 -7.51554316 29.20175636
v 3.81216031 -7.51554316 33.22317064
v 3.81216031 -7.01450706 33.72584742
v 3.81216031 -6.51347095 28.19640279
v 3.81216031 -6.51347095 34.22852421
v 3.81216031 -6.01243484 27.69372600
v 3.81216031 -6.01243484 34.73120099
v 3.81216031 -5.51139873 27.69372600
v 3.81216031 -5.51139873 34.73120099
v 3.81216031 -5.01036263 27.69372600
v 3.81216031 -5.01036263 35.23387778
v 3.81216031 -4.50932652 27.69372600
v 3.81216031 -4.50932652 35.23387778
v 3.81216031 -4.00829041 27.69372600
v 3.81216031 -4.00829041 35.23387778
v 3.81216031 -3.50725430 27.69372600
v 3.81216031 -3.50725430 35.23387778
v 3.81216031 -3.00621819 27.69372600
v 3.81216031 -3.00621819 35.73655456
v 3.81216031 -2.50518209 27.69372600
v 3.81216031 -2.50518209 35.73655456
v 3.81216031 -2.00414598 27.69372600
v 3.81216031 -2.00414598 35.73655456
v 3.81216031 -1.50310987 27.69372600
v 3.81216031 -1.50310987 35.73655456
v 3.81216031 -1.00207376 28.19640279
v 3.81216031 -1.00207376 35.73655456
v 3.81216031 -0.50103766 28.19640279
v 3.81216031 -0.50103766 35.73655456
v 3.81216031 -0.00000155 28.19640279
v 3.81216031 -0.00000155 35.73655456
v 3.81216031 0.50103456 28.19640279
v 3.81216031 0.50103456 35.73655456
v 3.81216031 1.00207067 28.19640279
v 3.81216031 1.00207067 35.73655456
v 3.81216031 1.50310677 28.19640279
v 3.81216031 1.50310677 35.73655456
v 3.81216031 2.00414288 28.19640279
v 3.81216031 2.00414288 35.73655456
v 3.81216031 2.50517899 28.19640279
v 3.81216031 2.50517899 35.73655456
v 3.81216031 3.00621510 28.69907957
v 3.81216031 3.00621510 35.23387778
v 3.81216031 3.50725120 28.69907957
v 3.81216031 3.50725120 34.73120099
v 3.81216031 4.00828731 29.20175636
v 3.81216031 4.00828731 34.22852421
v 3.81216031 4.50932342 29.70443314
v 3.81216031 4.50932342 30.20710993
v 3.81216031 4.50932342 30.70978671
v 3.81216031 4.50932342 31.21246350
v 3.81216031 4.50932342 31.71514028
v 3.81216031 4.50932342 32.21781707
v 3.81216031 4.50932342 32.72049385
v 3.81216031 4.50932342 33.22317064
v 3.81216031 4.50932342 33.72584742
v 4.31234348 -7.51554316 30.20710993
v 4.31234348 -7.51554316 30.70978671
v 4.31234348 -7.51554316 31.21246350
v 4.31234348 -7.51554316 31.71514028
v 4.31234348 -7.51554316 32.21781707
v 4.31234348 -7.01450706 28.69907957
v 4.31234348 -7.51554316 29.20175636
v 4.31234348 -7.51554316 29.70443314
v 4.31234348 -7.51554316 32.72049385
v 4.31234348 -7.01450706 33.22317064
v 4.31234348 -6.51347095 28.19640279
v 4.31234348 -7.01450706 33.72584742
v 4.31234348 -6.51347095 34.22852421
v 4.31234348 -6.01243484 28.19640279
v 4.31234348 -6.01243484 34.22852421
v 4.31234348 -5.51139873 27.69372600
v 4.31234348 -5.51139873 34.73120099
v 4.31234348 -5.01036263 27.69372600
v 4.31234348 -5.01036263 34.73120099
v 4.31234348 -4.50932652 27.69372600
v 4.31234348 -4.50932652 35.23387778
v 4.31234348 -4.00829041 27.69372600
v 4.31234348 -4.00829041 35.23387778
v 4.31234348 -3.50725430 27.69372600
v 4.31234348 -3.50725430 35.23387778
v 4.31234348 -3.00621819 27.69372600
v 4.31234348 -3.00621819 35.23387778
v 4.31234348 -2.50518209 27.69372600
v 4.31234348 -2.50518209 35.73655456
v 4.31234348 -2.00414598 27.69372600
v 4.31234348 -2.00414598 35.73655456
v 4.31234348 -1.50310987 27.69372600
v 4.31234348 -1.50310987 35.73655456
v 4.31234348 -1.00207376 27.69372600
v 4.31234348 -1.00207376 35.73655456
v 4.31234348 -0.50103766 28.19640279
v 4.31234348 -0.50103766 35.73655456
v 4.31234348 -0.00000155 28.19640279
v 4.31234348 -0.00000155 35.73655456
v 4.31234348 0.50103456 28.19640279
v 4.31234348 0.50103456 35.73655456
v 4.31234348 1.00207067 28.19640279
v 4.31234348 1.00207067 35.73655456
v 4.31234348 1.50310677 28.19640279
v 4.31234348 1.50310677 35.73655456
v 4.31234348 2.00414288 28.19640279
v 4.31234348 2.00414288 35.73655456
v 4.31234348 2.50517899 28.69907957
v 4.31234348 2.50517899 35.23387778
v 4.31234348 3.00621510 28.69907957
v 4.31234348 3.00621510 35.23387778
v 4.31234348 3.50725120 29.20175636
v 4.31234348 3.50725120 34.73120099
v 4.31234348 4.00828731 29.70443314
v 4.31234348 4.00828731 33.72584742
v 4.31234348 4.00828731 34.22852421
v 4.31234348 4.50932342 30.20710993
v 4.31234348 4.50932342 30.70978671
v 4.31234348 4.50932342 31.21246350
v 4.31234348 4.50932342 31.71514028
v 4.31234348 4.50932342 32.21781707
v 4.31234348 4.50932342 32.72049385
v 4.31234348 4.50932342 33.22317064
v 4.81252664 -7.01450706 29.20175636
v 4.81252664 -7.51554316 29.70443314
v 4.81252664 -7.51554316 30.20710993
v 4.81252664 -7.51554316 30.70978671
v 4.81252664 -7.51554316 31.21246350
v 4.81252664 -7.51554316 31.71514028
v 4.81252664 -7.51554316 32.21781707
v 4.81252664 -7.51554316 32.72049385
v 4.81252664 -7.01450706 33.22317064
v 4.81252664 -6.51347095 28.19640279
v 4.81252664 -7.01450706 28.69907957
v 4.81252664 -6.51347095 33.72584742
v 4.81252664 -6.01243484 28.19640279
v 4.81252664 -6.01243484 34.22852421
v 4.81252664 -5.51139873 27.69372600
v 4.81252664 -5.51139873 34.73120099
v 4.81252664 -5.01036263 27.69372600
v 4.81252664 -5.01036263 34.73120099
v 4.81252664 -4.50932652 27.69372600
v 4.81252664 -4.50932652 34.73120099
v 4.81252664 -4.00829041 27.69372600
v 4.81252664 -4.00829041 35.23387778
v 4.81252664 -3.50725430 27.69372600
v 4.81252664 -3.50725430 35.23387778
v 4.81252664 -3.00621819 27.69372600
v 4.81252664 -3.00621819 35.23387778
v 4.81252664 -2.50518209 27.69372600
v 4.81252664 -2.50518209 35.23387778
v 4.81252664 -2.00414598 27.69372600
v 4.81252664 -2.00414598 35.23387778
v 4.81252664 -1.50310987 27.69372600
v 4.81252664 -1.50310987 35.73655456
v 4.81252664 -1.00207376 27.69372600
v 4.81252664 -1.00207376 35.73655456
v 4.81252664 -0.50103766 27.69372600
v 4.81252664 -0.50103766 35.73655456
v 4.81252664 -0.00000155 28.19640279
v 4.81252664 -0.00000155 35.73655456
v 4.81252664 0.50103456 28.19640279
v 4.81252664 0.50103456 35.73655456
v 4.81252664 1.00207067 28.19640279
v 4.81252664 1.00207067 35.73655456
v 4.81252664 1.50310677 28.19640279
v 4.81252664 1.50310677 35.23387778
v 4.81252664 2.00414288 28.19640279
v 4.81252664 2.00414288 35.23387778
v 4.81252664 2.50517899 28.69907957
v 4.81252664 2.50517899 35.23387778
v 4.81252664 3.00621510 28.69907957
v 4.81252664 3.00621510 34.73120099
v 4.81252664 3.50725120 29.20175636
v 4.81252664 3.50725120 34.22852421
v 4.81252664 4.00828731 29.70443314
v 4.81252664 4.00828731 30.20710993
v 4.81252664 4.00828731 30.70978671
v 4.81252664 4.00828731 32.72049385
v 4.81252664 4.00828731 33.22317064
v 4.81252664 4.00828731 33.72584742
v 4.81252664 4.50932342 31.21246350
v 4.81252664 4.50932342 31.71514028
v 4.81252664 4.50932342 32.21781707
v 5.31270981 -7.01450706 29.70443314
v 5.31270981 -7.51554316 30.20710993
v 5.31270981 -7.51554316 30.70978671
v 5.31270981 -7.51554316 31.21246350
v 5.31270981 -7.51554316 31.71514028
v 5.31270981 -7.01450706 32.21781707
v 5.31270981 -7.01450706 32.72049385
v 5.31270981 -6.51347095 28.69907957
v 5.31270981 -7.01450706 29.20175636
v 5.31270981 -7.01450706 33.22317064
v 5.31270981 -6.51347095 33.72584742
v 5.31270981 -6.01243484 28.19640279
v 5.31270981 -6.01243484 34.22852421
v 5.31270981 -5.51139873 27.69372600
v 5.31270981 -5.51139873 34.22852421
v 5.31270981 -5.01036263 27.69372600
v 5.31270981 -5.01036263 34.73120099
v 5.31270981 -4.50932652 27.69372600
v 5.31270981 -4.50932652 34.73120099
v 5.31270981 -4.00829041 27.69372600
v 5.31270981 -4.00829041 34.73120099
v 5.31270981 -3.50725430 27.19104922
v 5.31270981 -3.50725430 34.73120099
v 5.31270981 -3.00621819 27.19104922
v 5.31270981 -3.00621819 35.23387778
v 5.31270981 -2.50518209 27.69372600
v 5.31270981 -2.50518209 35.23387778
v 5.31270981 -2.00414598 27.69372600
v 5.31270981 -2.00414598 35.23387778
v 5.31270981 -1.50310987 27.69372600
v 5.31270981 -1.50310987 35.23387778
v 5.31270981 -1.00207376 27.69372600
v 5.31270981 -1.00207376 35.23387778
v 5.31270981 -0.50103766 27.69372600
v 5.31270981 -0.50103766 35.23387778
v 5.31270981 -0.00000155 27.69372600
v 5.31270981 -0.00000155 35.23387778
v 5.31270981 0.50103456 28.19640279
v 5.31270981 0.50103456 35.23387778
v 5.31270981 1.00207067 28.19640279
v 5.31270981 1.00207067 35.23387778
v 5.31270981 1.50310677 28.19640279
v 5.31270981 1.50310677 35.23387778
v 5.31270981 2.00414288 28.19640279
v 5.31270981 2.00414288 35.23387778
v 5.31270981 2.50517899 28.69907957
v 5.31270981 2.50517899 34.73120099
v 5.31270981 3.00621510 28.69907957
v 5.31270981 3.00621510 34.73120099
v 5.31270981 3.50725120 29.20175636
v 5.31270981 3.50725120 29.70443314
v 5.31270981 3.50725120 33.72584742
v 5.31270981 3.50725120 34.22852421
v 5.31270981 4.00828731 30.20710993
v 5.31270981 4.00828731 30.70978671
v 5.31270981 4.00828731 31.21246350
v 5.31270981 4.00828731 31.71514028
v 5.31270981 4.00828731 32.21781707
v 5.31270981 4.00828731 32.72049385
v 5.31270981 4.00828731 33.22317064
v 5.81289297 -7.01450706 30.20710993
v 5.81289297 -7.01450706 30.70978671
v 5.81289297 -7.01450706 31.21246350
v 5.81289297 -7.01450706 31.71514028
v 5.81289297 -6.51347095 28.69907957
v 5.81289297 -7.01450706 29.20175636
v 5.81289297 -7.01450706 29.70443314
v 5.81289297 -7.01450706 32.21781707
v 5.81289297 -7.01450706 32.72049385
v 5.81289297 -6.51347095 33.22317064
v 5.81289297 -6.01243484 28.19640279
v 5.81289297 -6.01243484 33.72584742
v 5.81289297 -5.51139873 27.69372600
v 5.81289297 -5.51139873 34.22852421
v 5.81289297 -5.01036263 27.69372600
v 5.81289297 -5.01036263 34.22852421
v 5.81289297 -4.50932652 27.69372600
v 5.81289297 -4.50932652 34.73120099
v 5.81289297 -4.00829041 27.19104922
v 5.81289297 -4.00829041 34.73120099
v 5.81289297 -3.50725430 27.19104922
v 5.81289297 -3.50725430 34.73120099
v 5.81289297 -3.00621819 27.19104922
v 5.81289297 -3.00621819 34.73120099
v 5.81289297 -2.50518209 27.19104922
v 5.81289297 -2.50518209 34.73120099
v 5.81289297 -2.00414598 27.19104922
v 5.81289297 -2.00414598 35.23387778
v 5.81289297 -1.50310987 27.69372600
v 5.81289297 -1.50310987 35.23387778
v 5.81289297 -1.00207376 27.69372600
v 5.81289297 -1.00207376 35.23387778
v 5.81289297 -0.50103766 27.69372600
v 5.81289297 -0.50103766 35.23387778
v 5.81289297 -0.00000155 27.69372600
v 5.81289297 -0.00000155 35.23387778
v 5.81289297 0.50103456 27.69372600
v 5.81289297 0.50103456 35.23387778
v 5.81289297 1.00207067 28.19640279
v 5.81289297 1.00207067 35.23387778
v 5.81289297 1.50310677 28.19640279
v 5.81289297 1.50310677 35.23387778
v 5.81289297 2.00414288 28.19640279
v 5.81289297 2.00414288 34.73120099
v 5.81289297 2.50517899 28.69907957
v 5.81289297 2.50517899 34.73120099
v 5.81289297 3.00621510 29.20175636
v 5.81289297 3.00621510 34.22852421
v 5.81289297 3.50725120 29.70443314
v 5.81289297 3.50725120 30.20710993
v 5.81289297 3.50725120 33.22317064
v 5.81289297 3.50725120 33.72584742
v 5.81289297 4.00828731 30.70978671
v 5.81289297 4.00828731 31.21246350
v 5.81289297 4.00828731 31.71514028
v 5.81289297 4.00828731 32.21781707
v 5.81289297 4.00828731 32.72049385
v 6.31307614 -6.51347095 29.20175636
v 6.31307614 -7.01450706 29.70443314
v 6.31307614 -7.01450706 30.20710993
v 6.31307614 -7.01450706 30.70978671
v 6.31307614 -7.01450706 31.21246350
v 6.31307614 -7.01450706 31.71514028
v 6.31307614 -7.01450706 32.21781707
v 6.31307614 -6.51347095 32.72049385
v 6.31307614 -6.01243484 28.19640279
v 6.31307614 -6.51347095 28.69907957
v 6.31307614 -6.51347095 33.22317064
v 6.31307614 -6.01243484 33.72584742
v 6.31307614 -5.51139873 28.19640279
v 6.31307614 -5.51139873 34.22852421
v 6.31307614 -5.01036263 27.69372600
v 6.31307614 -5.01036263 34.22852421
v 6.31307614 -4.50932652 27.69372600
v 6.31307614 -4.50932652 34.22852421
v 6.31307614 -4.00829041 27.19104922
v 6.31307614 -4.00829041 34.73120099
v 6.31307614 -3.50725430 27.19104922
v 6.31307614 -3.50725430 34.73120099
v 6.31307614 -3.00621819 27.19104922
v 6.31307614 -3.00621819 34.73120099
v 6.31307614 -2.50518209 27.19104922
v 6.31307614 -2.50518209 34.73120099
v 6.31307614 -2.00414598 27.19104922
v 6.31307614 -2.00414598 34.73120099
v 6.31307614 -1.50310987 27.19104922
v 6.31307614 -1.50310987 34.73120099
v 6.31307614 -1.00207376 27.19104922
v 6.31307614 -1.00207376 34.73120099
v 6.31307614 -0.50103766 27.69372600
v 6.31307614 -0.50103766 34.73120099
v 6.31307614 -0.00000155 27.69372600
v 6.31307614 -0.00000155 34.73120099
v 6.31307614 0.50103456 27.69372600
v 6.31307614 0.50103456 34.73120099
v 6.31307614 1.00207067 28.19640279
v 6.31307614 1.00207067 34.73120099
v 6.31307614 1.50310677 28.19640279
v 6.31307614 1.50310677 34.73120099
v 6.31307614 2.00414288 28.19640279
v 6.31307614 2.00414288 34.73120099
v 6.31307614 2.50517899 28.69907957
v 6.31307614 2.50517899 34.22852421
v 6.31307614 3.00621510 29.20175636
v 6.31307614 3.00621510 33.72584742
v 6.31307614 3.50725120 29.70443314
v 6.31307614 3.50725120 30.20710993
v 6.31307614 3.50725120 30.70978671
v 6.31307614 3.50725120 31.21246350
v 6.31307614 3.50725120 31.71514028
v 6.31307614 3.50725120 32.21781707
v 6.31307614 3.50725120 32.72049385
v 6.31307614 3.50725120 33.22317064
v 6.81325930 -6.51347095 29.70443314
v 6.81325930 -7.01450706 30.20710993
v 6.81325930 -7.01450706 30.70978671
v 6.81325930 -7.01450706 31.21246350
v 6.81325930 -7.01450706 31.71514028
v 6.81325930 -6.51347095 32.21781707
v 6.81325930 -6.01243484 28.69907957
v 6.81325930 -6.51347095 29.20175636
v 6.81325930 -6.51347095 32.72049385
v 6.81325930 -6.01243484 33.22317064
v 6.81325930 -5.51139873 28.19640279
v 6.81325930 -5.51139873 33.72584742
v 6.81325930 -5.01036263 27.69372600
v 6.81325930 -5.01036263 34.22852421
v 6.81325930 -4.50932652 27.69372600
v 6.81325930 -4.50932652 34.22852421
v 6.81325930 -4.00829041 27.19104922
v 6.81325930 -4.00829041 34.22852421
v 6.81325930 -3.50725430 27.19104922
v 6.81325930 -3.50725430 34.22852421
v 6.81325930 -3.00621819 27.19104922
v 6.81325930 -3.00621819 34.73120099
v 6.81325930 -2.50518209 27.19104922
v 6.81325930 -2.50518209 34.73120099
v 6.81325930 -2.00414598 27.19104922
v 6.81325930 -2.00414598 34.73120099
v 6.81325930 -1.50310987 27.19104922
v 6.81325930 -1.50310987 34.73120099
v 6.81325930 -1.00207376 27.19104922
v 6.81325930 -1.00207376 34.73120099
v 6.81325930 -0.50103766 27.19104922
v 6.81325930 -0.50103766 34.73120099
v 6.81325930 -0.00000155 27.69372600
v 6.81325930 -0.00000155 34.73120099
v 6.81325930 0.50103456 27.69372600
v 6.81325930 0.50103456 34.73120099
v 6.81325930 1.00207067 27.69372600
v 6.81325930 1.00207067 34.73120099
v 6.81325930 1.50310677 28.19640279
v 6.81325930 1.50310677 34.73120099
v 6.81325930 2.00414288 28.19640279
v 6.81325930 2.00414288 34.22852421
v 6.81325930 2.50517899 28.69907957
v 6.81325930 2.50517899 34.22852421
v 6.81325930 3.00621510 29.20175636
v 6.81325930 3.00621510 33.22317064
v 6.81325930 3.00621510 33.72584742
v 6.81325930 3.50725120 29.70443314
v 6.81325930 3.50725120 30.20710993
v 6.81325930 3.50725120 30.70978671
v 6.81325930 3.50725120 31.21246350
v 6.81325930 3.50725120 31.71514028
v 6.81325930 3.50725120 32.21781707
v 6.81325930 3.50725120 32.72049385
v 7.31344247 -6.51347095 30.20710993
v 7.31344247 -6.51347095 30.70978671
v 7.31344247 -6.51347095 31.21246350
v 7.31344247 -6.51347095 31.71514028
v 7.31344247 -6.01243484 28.69907957
v 7.31344247 -6.51347095 29.20175636
v 7.31344247 -6.51347095 29.70443314
v 7.31344247 -6.51347095 32.21781707
v 7.31344247 -6.01243484 32.72049385
v 7.31344247 -5.51139873 28.19640279
v 7.31344247 -6.01243484 33.22317064
v 7.31344247 -5.51139873 33.72584742
v 7.31344247 -5.01036263 27.69372600
v 7.31344247 -5.01036263 33.72584742
v 7.31344247 -4.50932652 27.69372600
v 7.31344247 -4.50932652 34.22852421
v 7.31344247 -4.00829041 27.19104922
v 7.31344247 -4.00829041 34.22852421
v 7.31344247 -3.50725430 27.19104922
v 7.31344247 -3.50725430 34.22852421
v 7.31344247 -3.00621819 27.19104922
v 7.31344247 -3.00621819 34.22852421
v 7.31344247 -2.50518209 27.19104922
v 7.31344247 -2.50518209 34.22852421
v 7.31344247 -2.00414598 27.19104922
v 7.31344247 -2.00414598 34.22852421
v 7.31344247 -1.50310987 27.19104922
v 7.31344247 -1.50310987 34.73120099
v 7.31344247 -1.00207376 27.19104922
v 7.31344247 -1.00207376 34.73120099
v 7.31344247 -0.50103766 27.19104922
v 7.31344247 -0.50103766 34.73120099
v 7.31344247 -0.00000155 27.19104922
v 7.31344247 -0.00000155 34.73120099
v 7.31344247 0.50103456 27.69372600
v 7.31344247 0.50103456 34.22852421
v 7.31344247 1.00207067 27.69372600
v 7.31344247 1.00207067 34.22852421
v 7.31344247 1.50310677 28.19640279
v 7.31344247 1.50310677 34.22852421
v 7.31344247 2.00414288 28.19640279
v 7.31344247 2.00414288 34.22852421
v 7.31344247 2.50517899 28.69907957
v 7.31344247 2.50517899 33.72584742
v 7.31344247 3.00621510 29.20175636
v 7.31344247 3.00621510 32.72049385
v 7.31344247 3.00621510 33.22317064
v 7.31344247 3.50725120 29.70443314
v 7.31344247 3.50725120 30.20710993
v 7.31344247 3.50725120 30.70978671
v 7.31344247 3.50725120 31.21246350
v 7.31344247 3.50725120 31.71514028
v 7.31344247 3.50725120 32.21781707
v 7.81362563 -6.01243484 29.20175636
v 7.81362563 -6.51347095 29.70443314
v 7.81362563 -6.51347095 30.20710993
v 7.81362563 -6.51347095 30.70978671
v 7.81362563 -6.51347095 31.21246350
v 7.81362563 -6.51347095 31.71514028
v 7.81362563 -6.01243484 32.21781707
v 7.81362563 -5.51139873 28.19640279
v 7.81362563 -6.01243484 28.69907957
v 7.81362563 -6.01243484 32.72049385
v 7.81362563 -5.51139873 33.22317064
v 7.81362563 -5.01036263 27.69372600
v 7.81362563 -5.01036263 33.72584742
v 7.81362563 -4.50932652 27.69372600
v 7.81362563 -4.50932652 33.72584742
v 7.81362563 -4.00829041 27.19104922
v 7.81362563 -4.00829041 34.22852421
v 7.81362563 -3.50725430 27.19104922
v 7.81362563 -3.50725430 34.22852421
v 7.81362563 -3.00621819 27.19104922
v 7.81362563 -3.00621819 34.22852421
v 7.81362563 -2.50518209 27.19104922
v 7.81362563 -2.50518209 34.22852421
v 7.81362563 -2.00414598 27.19104922
v 7.81362563 -2.00414598 34.22852421
v 7.81362563 -1.50310987 27.19104922
v 7.81362563 -1.50310987 34.22852421
v 7.81362563 -1.00207376 27.19104922
v 7.81362563 -1.00207376 34.22852421
v 7.81362563 -0.50103766 27.19104922
v 7.81362563 -0.50103766 34.22852421
v 7.81362563 -0.00000155 27.19104922
v 7.81362563 -0.00000155 34.22852421
v 7.81362563 0.50103456 27.69372600
v 7.81362563 0.50103456 34.22852421
v 7.81362563 1.00207067 27.69372600
v 7.81362563 1.00207067 34.22852421
v 7.81362563 1.50310677 27.69372600
v 7.81362563 1.50310677 33.72584742
v 7.81362563 2.00414288 28.19640279
v 7.81362563 2.00414288 33.72584742
v 7.81362563 2.50517899 28.69907957
v 7.81362563 2.50517899 33.22317064
v 7.81362563 3.00621510 29.20175636
v 7.81362563 3.00621510 32.21781707
v 7.81362563 3.00621510 32.72049385
v 7.81362563 3.50725120 29.70443314
v 7.81362563 3.50725120 30.20710993
v 7.81362563 3.50725120 30.70978671
v 7.81362563 3.50725120 31.21246350
v 7.81362563 3.50725120 31.71514028
v 8.31380880 -6.01243484 29.70443314
v 8.31380880 -6.01243484 30.20710993
v 8.31380880 -6.51347095 30.70978671
v 8.31380880 -6.51347095 31.21246350
v 8.31380880 -6.01243484 31.71514028
v 8.31380880 -5.51139873 28.69907957
v 8.31380880 -6.01243484 29.20175636
v 8.31380880 -6.01243484 32.21781707
v 8.31380880 -5.51139873 32.72049385
v 8.31380880 -5.01036263 28.19640279
v 8.31380880 -5.51139873 33.22317064
v 8.31380880 -5.01036263 33.72584742
v 8.31380880 -4.50932652 27.69372600
v 8.31380880 -4.50932652 33.72584742
v 8.31380880 -4.00829041 27.19104922
v 8.31380880 -4.00829041 33.72584742
v 8.31380880 -3.50725430 27.19104922
v 8.31380880 -3.50725430 34.22852421
v 8.31380880 -3.00621819 27.19104922
v 8.31380880 -3.00621819 34.22852421
v 8.31380880 -2.50518209 27.19104922
v 8.31380880 -2.50518209 34.22852421
v 8.31380880 -2.00414598 26.68837243
v 8.31380880 -2.00414598 34.22852421
v 8.31380880 -1.50310987 26.68837243
v 8.31380880 -1.50310987 34.22852421
v 8.31380880 -1.00207376 27.19104922
v 8.31380880 -1.00207376 34.22852421
v 8.31380880 -0.50103766 27.19104922
v 8.31380880 -0.50103766 34.22852421
v 8.31380880 -0.00000155 27.19104922
v 8.31380880 -0.00000155 34.22852421
v 8.31380880 0.50103456 27.19104922
v 8.31380880 0.50103456 34.22852421
v 8.31380880 1.00207067 27.69372600
v 8.31380880 1.00207067 33.72584742
v 8.31380880 1.50310677 27.69372600
v 8.31380880 1.50310677 33.72584742
v 8.31380880 2.00414288 28.19640279
v 8.31380880 2.00414288 33.72584742
v 8.31380880 2.50517899 28.69907957
v 8.31380880 2.50517899 33.22317064
v 8.31380880 3.00621510 29.20175636
v 8.31380880 3.00621510 31.71514028
v 8.31380880 3.00621510 32.21781707
v 8.31380880 3.00621510 32.72049385
v 8.31380880 3.50725120 29.70443314
v 8.31380880 3.50725120 30.20710993
v 8.31380880 3.50725120 30.70978671
v 8.31380880 3.50725120 31.21246350
v 8.81399196 -6.01243484 30.70978671
v 8.81399196 -6.01243484 31.21246350
v 8.81399196 -5.51139873 28.69907957
v 8.81399196 -6.01243484 29.20175636
v 8.81399196 -6.01243484 29.70443314
v 8.81399196 -6.01243484 30.20710993
v 8.81399196 -6.01243484 31.71514028
v 8.81399196 -6.01243484 32.21781707
v 8.81399196 -5.51139873 32.72049385
v 8.81399196 -5.01036263 28.19640279
v 8.81399196 -5.01036263 33.22317064
v 8.81399196 -4.50932652 27.69372600
v 8.81399196 -4.50932652 33.72584742
v 8.81399196 -4.00829041 27.69372600
v 8.81399196 -4.00829041 33.72584742
v 8.81399196 -3.50725430 27.19104922
v 8.81399196 -3.50725430 33.72584742
v 8.81399196 -3.00621819 27.19104922
v 8.81399196 -3.00621819 33.72584742
v 8.81399196 -2.50518209 26.68837243
v 8.81399196 -2.50518209 33.72584742
v 8.81399196 -2.00414598 26.68837243
v 8.81399196 -2.00414598 34.22852421
v 8.81399196 -1.50310987 26.68837243
v 8.81399196 -1.50310987 34.22852421
v 8.81399196 -1.00207376 26.68837243
v 8.81399196 -1.00207376 34.22852421
v 8.81399196 -0.50103766 27.19104922
v 8.81399196 -0.50103766 33.72584742
v 8.81399196 -0.00000155 27.19104922
v 8.81399196 -0.00000155 33.72584742
v 8.81399196 0.50103456 27.19104922
v 8.81399196 0.50103456 33.72584742
v 8.81399196 1.00207067 27.19104922
v 8.81399196 1.00207067 33.72584742
v 8.81399196 1.50310677 27.69372600
v 8.81399196 1.50310677 33.72584742
v 8.81399196 2.00414288 28.19640279
v 8.81399196 2.00414288 33.22317064
v 8.81399196 2.50517899 28.19640279
v 8.81399196 2.50517899 32.72049385
v 8.81399196 3.00621510 28.69907957
v 8.81399196 3.00621510 29.20175636
v 8.81399196 3.00621510 31.71514028
v 8.81399196 3.00621510 32.21781707
v 8.81399196 3.50725120 29.70443314
v 8.81399196 3.50725120 30.20710993
v 8.81399196 3.50725120 30.70978671
v 8.81399196 3.50725120 31.21246350
v 9.31417513 -5.51139873 29.20175636
v 9.31417513 -6.01243484 29.70443314
v 9.31417513 -6.01243484 30.20710993
v 9.31417513 -6.01243484 30.70978671
v 9.31417513 -6.01243484 31.21246350
v 9.31417513 -6.01243484 31.71514028
v 9.31417513 -5.51139873 32.21781707
v 9.31417513 -5.01036263 28.19640279
v 9.31417513 -5.51139873 28.69907957
v 9.31417513 -5.01036263 32.72049385
v 9.31417513 -4.50932652 27.69372600
v 9.31417513 -4.50932652 33.22317064
v 9.31417513 -4.00829041 27.69372600
v 9.31417513 -4.00829041 33.72584742
v 9.31417513 -3.50725430 27.19104922
v 9.31417513 -3.50725430 33.72584742
v 9.31417513 -3.00621819 27.19104922
v 9.31417513 -3.00621819 33.72584742
v 9.31417513 -2.50518209 26.68837243
v 9.31417513 -2.50518209 33.72584742
v 9.31417513 -2.00414598 26.68837243
v 9.31417513 -2.00414598 33.72584742
v 9.31417513 -1.50310987 26.68837243
v 9.31417513 -1.50310987 33.72584742
v 9.31417513 -1.00207376 26.68837243
v 9.31417513 -1.00207376 33.72584742
v 9.31417513 -0.50103766 26.68837243
v 9.31417513 -0.50103766 33.72584742
v 9.31417513 -0.00000155 27.19104922
v 9.31417513 -0.00000155 33.72584742
v 9.31417513 0.50103456 27.19104922
v 9.31417513 0.50103456 33.72584742
v 9.31417513 1.00207067 27.19104922
v 9.31417513 1.00207067 33.72584742
v 9.31417513 1.50310677 27.69372600
v 9.31417513 1.50310677 33.22317064
v 9.31417513 2.00414288 27.69372600
v 9.31417513 2.00414288 33.22317064
v 9.31417513 2.50517899 28.19640279
v 9.31417513 2.50517899 32.72049385
v 9.31417513 3.00621510 28.69907957
v 9.31417513 3.00621510 29.20175636
v 9.31417513 3.00621510 31.71514028
v 9.31417513 3.00621510 32.21781707
v 9.31417513 3.50725120 29.70443314
v 9.31417513 3.50725120 30.20710993
v 9.31417513 3.50725120 30.70978671
v 9.31417513 3.50725120 31.21246350
v 9.81435829 -5.51139873 29.70443314
v 9.81435829 -5.51139873 30.20710993
v 9.81435829 -5.51139873 30.70978671
v 9.81435829 -5.51139873 31.21246350
v 9.81435829 -5.51139873 31.71514028
v 9.81435829 -5.01036263 28.69907957
v 9.81435829 -5.51139873 29.20175636
v 9.81435829 -5.51139873 32.21781707
v 9.81435829 -5.01036263 32.72049385
v 9.81435829 -4.50932652 27.69372600
v 9.81435829 -5.01036263 28.19640279
v 9.81435829 -4.50932652 33.22317064
v 9.81435829 -4.00829041 27.69372600
v 9.81435829 -4.00829041 33.22317064
v 9.81435829 -3.50725430 27.19104922
v 9.81435829 -3.50725430 33.72584742
v 9.81435829 -3.00621819 27.19104922
v 9.81435829 -3.00621819 33.72584742
v 9.81435829 -2.50518209 26.68837243
v 9.81435829 -2.50518209 33.72584742
v 9.81435829 -2.00414598 26.68837243
v 9.81435829 -2.00414598 33.72584742
v 9.81435829 -1.50310987 26.68837243
v 9.81435829 -1.50310987 33.72584742
v 9.81435829 -1.00207376 26.68837243
v 9.81435829 -1.00207376 33.72584742
v 9.81435829 -0.50103766 26.68837243
v 9.81435829 -0.50103766 33.72584742
v 9.81435829 -0.00000155 26.68837243
v 9.81435829 -0.00000155 33.72584742
v 9.81435829 0.50103456 27.19104922
v 9.81435829 0.50103456 33.22317064
v 9.81435829 1.00207067 27.19104922
v 9.81435829 1.00207067 33.22317064
v 9.81435829 1.50310677 27.69372600
v 9.81435829 1.50310677 33.22317064
v 9.81435829 2.00414288 27.69372600
v 9.81435829 2.00414288 32.72049385
v 9.81435829 2.50517899 28.19640279
v 9.81435829 2.50517899 32.21781707
v 9.81435829 3.00621510 28.69907957
v 9.81435829 3.00621510 29.20175636
v 9.81435829 3.00621510 31.21246350
v 9.81435829 3.00621510 31.71514028
v 9.81435829 3.50725120 29.70443314
v 9.81435829 3.50725120 30.20710993
v 9.81435829 3.50725120 30.70978671
v 10.31454146 -5.01036263 29.20175636
v 10.31454146 -5.51139873 29.70443314
v 10.31454146 -5.51139873 30.20710993
v 10.31454146 -5.51139873 30.70978671
v 10.31454146 -5.51139873 31.21246350
v 10.31454146 -5.51139873 31.71514028
v 10.31454146 -5.01036263 32.21781707
v 10.31454146 -4.50932652 28.19640279
v 10.31454146 -5.01036263 28.69907957
v 10.31454146 -4.50932652 32.72049385
v 10.31454146 -4.00829041 27.69372600
v 10.31454146 -4.00829041 33.22317064
v 10.31454146 -3.50725430 27.19104922
v 10.31454146 -3.50725430 33.22317064
v 10.31454146 -3.00621819 27.19104922
v 10.31454146 -3.00621819 33.22317064
v 10.31454146 -2.50518209 27.19104922
v 10.31454146 -2.50518209 33.22317064
v 10.31454146 -2.00414598 26.68837243
v 10.31454146 -2.00414598 33.72584742
v 10.31454146 -1.50310987 26.68837243
v 10.31454146 -1.50310987 33.72584742
v 10.31454146 -1.00207376 26.68837243
v 10.31454146 -1.00207376 33.72584742
v 10.31454146 -0.50103766 26.68837243
v 10.31454146 -0.50103766 33.22317064
v 10.31454146 -0.00000155 26.68837243
v 10.31454146 -0.00000155 33.22317064
v 10.31454146 0.50103456 27.19104922
v 10.31454146 0.50103456 33.22317064
v 10.31454146 1.00207067 27.19104922
v 10.31454146 1.00207067 33.22317064
v 10.31454146 1.50310677 27.69372600
v 10.31454146 1.50310677 32.72049385
v 10.31454146 2.00414288 27.69372600
v 10.31454146 2.00414288 32.72049385
v 10.31454146 2.50517899 28.19640279
v 10.31454146 2.50517899 32.21781707
v 10.31454146 3.00621510 28.69907957
v 10.31454146 3.00621510 29.20175636
v 10.31454146 3.00621510 31.21246350
v 10.31454146 3.00621510 31.71514028
v 10.31454146 3.50725120 29.70443314
v 10.31454146 3.50725120 30.20710993
v 10.31454146 3.50725120 30.70978671
v 10.81472462 -5.01036263 29.70443314
v 10.81472462 -5.01036263 30.20710993
v 10.81472462 -5.01036263 30.70978671
v 10.81472462 -5.01036263 31.21246350
v 10.81472462 -5.01036263 31.71514028
v 10.81472462 -4.50932652 28.19640279
v 10.81472462 -5.01036263 28.69907957
v 10.81472462 -5.01036263 29.20175636
v 10.81472462 -5.01036263 32.21781707
v 10.81472462 -4.50932652 32.72049385
v 10.81472462 -4.00829041 27.69372600
v 10.81472462 -4.00829041 32.72049385
v 10.81472462 -3.50725430 27.69372600
v 10.81472462 -3.50725430 33.22317064
v 10.81472462 -3.00621819 27.19104922
v 10.81472462 -3.00621819 33.22317064
v 10.81472462 -2.50518209 27.19104922
v 10.81472462 -2.50518209 33.22317064
v 10.81472462 -2.00414598 26.68837243
v 10.81472462 -2.00414598 33.22317064
v 10.81472462 -1.50310987 26.68837243
v 10.81472462 -1.50310987 33.22317064
v 10.81472462 -1.00207376 26.68837243
v 10.81472462 -1.00207376 33.22317064
v 10.81472462 -0.50103766 26.68837243
v 10.81472462 -0.50103766 33.22317064
v 10.81472462 -0.00000155 26.68837243
v 10.81472462 -0.00000155 33.22317064
v 10.81472462 0.50103456 27.19104922
v 10.81472462 0.50103456 33.22317064
v 10.81472462 1.00207067 27.19104922
v 10.81472462 1.00207067 32.72049385
v 10.81472462 1.50310677 27.69372600
v 10.81472462 1.50310677 32.72049385
v 10.81472462 2.00414288 27.69372600
v 10.81472462 2.00414288 32.21781707
v 10.81472462 2.50517899 28.19640279
v 10.81472462 2.50517899 31.71514028
v 10.81472462 3.00621510 28.69907957
v 10.81472462 3.00621510 29.20175636
v 10.81472462 3.00621510 30.70978671
v 10.81472462 3.00621510 31.21246350
v 10.81472462 3.50725120 29.70443314
v 10.81472462 3.50725120 30.20710993
v 11.31490779 -4.50932652 28.69907957
v 11.31490779 -5.01036263 29.20175636
v 11.31490779 -5.01036263 29.70443314
v 11.31490779 -5.01036263 30.20710993
v 11.31490779 -5.01036263 30.70978671
v 11.31490779 -5.01036263 31.21246350
v 11.31490779 -4.50932652 31.71514028
v 11.31490779 -4.50932652 32.21781707
v 11.31490779 -4.00829041 28.19640279
v 11.31490779 -4.00829041 32.72049385
v 11.31490779 -3.50725430 27.69372600
v 11.31490779 -3.50725430 32.72049385
v 11.31490779 -3.00621819 27.19104922
v 11.31490779 -3.00621819 32.72049385
v 11.31490779 -2.50518209 27.19104922
v 11.31490779 -2.50518209 33.22317064
v 11.31490779 -2.00414598 27.19104922
v 11.31490779 -2.00414598 33.22317064
v 11.31490779 -1.50310987 26.68837243
v 11.31490779 -1.50310987 33.22317064
v 11.31490779 -1.00207376 26.68837243
v 11.31490779 -1.00207376 33.22317064
v 11.31490779 -0.50103766 26.68837243
v 11.31490779 -0.50103766 33.22317064
v 11.31490779 -0.00000155 26.68837243
v 11.31490779 -0.00000155 32.72049385
v 11.31490779 0.50103456 27.19104922
v 11.31490779 0.50103456 32.72049385
v 11.31490779 1.00207067 27.19104922
v 11.31490779 1.00207067 32.72049385
v 11.31490779 1.50310677 27.69372600
v 11.31490779 1.50310677 32.72049385
v 11.31490779 2.00414288 27.69372600
v 11.31490779 2.00414288 32.21781707
v 11.31490779 2.50517899 28.19640279
v 11.31490779 2.50517899 28.69907957
v 11.31490779 2.50517899 31.71514028
v 11.31490779 3.00621510 29.20175636
v 11.31490779 3.00621510 29.70443314
v 11.31490779 3.00621510 30.20710993
v 11.31490779 3.00621510 30.70978671
v 11.31490779 3.00621510 31.21246350
v 11.81509095 -4.50932652 29.20175636
v 11.81509095 -4.50932652 29.70443314
v 11.81509095 -4.50932652 30.20710993
v 11.81509095 -4.50932652 30.70978671
v 11.81509095 -4.50932652 31.21246350
v 11.81509095 -4.00829041 28.19640279
v 11.81509095 -4.50932652 28.69907957
v 11.81509095 -4.50932652 31.71514028
v 11.81509095 -4.00829041 32.21781707
v 11.81509095 -3.50725430 27.69372600
v 11.81509095 -3.50725430 32.21781707
v 11.81509095 -3.00621819 27.69372600
v 11.81509095 -3.00621819 32.72049385
v 11.81509095 -2.50518209 27.19104922
v 11.81509095 -2.50518209 32.72049385
v 11.81509095 -2.00414598 27.19104922
v 11.81509095 -2.00414598 32.72049385
v 11.81509095 -1.50310987 26.68837243
v 11.81509095 -1.50310987 32.72049385
v 11.81509095 -1.00207376 26.68837243
v 11.81509095 -1.00207376 32.72049385
v 11.81509095 -0.50103766 26.68837243
v 11.81509095 -0.50103766 32.72049385
v 11.81509095 -0.00000155 26.68837243
v 11.81509095 -0.00000155 32.72049385
v 11.81509095 0.50103456 27.19104922
v 11.81509095 0.50103456 32.72049385
v 11.81509095 1.00207067 27.19104922
v 11.81509095 1.00207067 32.21781707
v 11.81509095 1.50310677 27.69372600
v 11.81509095 1.50310677 32.21781707
v 11.81509095 2.00414288 28.19640279
v 11.81509095 2.00414288 31.71514028
v 11.81509095 2.50517899 28.69907957
v 11.81509095 2.50517899 31.21246350
v 11.81509095 3.00621510 29.20175636
v 11.81509095 3.00621510 29.70443314
v 11.81509095 3.00621510 30.20710993
v 11.81509095 3.00621510 30.70978671
v 12.31527412 -4.00829041 28.69907957
v 12.31527412 -4.00829041 29.20175636
v 12.31527412 -4.00829041 29.70443314
v 12.31527412 -4.00829041 30.20710993
v 12.31527412 -4.00829041 30.70978671
v 12.31527412 -4.00829041 31.21246350
v 12.31527412 -4.00829041 31.71514028
v 12.31527412 -3.50725430 28.19640279
v 12.31527412 -3.50725430 31.71514028
v 12.31527412 -3.00621819 27.69372600
v 12.31527412 -3.00621819 32.21781707
v 12.31527412 -2.50518209 27.69372600
v 12.31527412 -2.50518209 32.21781707
v 12.31527412 -2.00414598 27.19104922
v 12.31527412 -2.00414598 32.21781707
v 12.31527412 -1.50310987 27.19104922
v 12.31527412 -1.50310987 32.72049385
v 12.31527412 -1.00207376 27.19104922
v 12.31527412 -1.00207376 32.72049385
v 12.31527412 -0.50103766 27.19104922
v 12.31527412 -0.50103766 32.21781707
v 12.31527412 -0.00000155 27.19104922
v 12.31527412 -0.00000155 32.21781707
v 12.31527412 0.50103456 27.19104922
v 12.31527412 0.50103456 32.21781707
v 12.31527412 1.00207067 27.69372600
v 12.31527412 1.00207067 32.21781707
v 12.31527412 1.50310677 27.69372600
v 12.31527412 1.50310677 31.71514028
v 12.31527412 2.00414288 28.19640279
v 12.31527412 2.00414288 31.71514028
v 12.31527412 2.50517899 28.69907957
v 12.31527412 2.50517899 29.20175636
v 12.31527412 2.50517899 30.70978671
v 12.31527412 2.50517899 31.21246350
v 12.31527412 3.00621510 29.70443314
v 12.31527412 3.00621510 30.20710993
v 12.81545728 -3.50725430 28.69907957
v 12.81545728 -3.50725430 29.20175636
v 12.81545728 -3.50725430 29.70443314
v 12.81545728 -3.50725430 30.20710993
v 12.81545728 -3.50725430 30.70978671
v 12.81545728 -3.50725430 31.21246350
v 12.81545728 -3.00621819 28.19640279
v 12.81545728 -3.00621819 31.21246350
v 12.81545728 -3.00621819 31.71514028
v 12.81545728 -2.50518209 27.69372600
v 12.81545728 -2.50518209 31.71514028
v 12.81545728 -2.00414598 27.69372600
v 12.81545728 -2.00414598 31.71514028
v 12.81545728 -1.50310987 27.19104922
v 12.81545728 -1.50310987 32.21781707
v 12.81545728 -1.00207376 27.19104922
v 12.81545728 -1.00207376 32.21781707
v 12.81545728 -0.50103766 27.19104922
v 12.81545728 -0.50103766 32.21781707
v 12.81545728 -0.00000155 27.69372600
v 12.81545728 -0.00000155 31.71514028
v 12.81545728 0.50103456 27.69372600
v 12.81545728 0.50103456 31.71514028
v 12.81545728 1.00207067 27.69372600
v 12.81545728 1.00207067 31.71514028
v 12.81545728 1.50310677 28.19640279
v 12.81545728 1.50310677 31.21246350
v 12.81545728 2.00414288 28.69907957
v 12.81545728 2.00414288 30.70978671
v 12.81545728 2.00414288 31.21246350
v 12.81545728 2.50517899 29.20175636
v 12.81545728 2.50517899 29.70443314
v 12.81545728 2.50517899 30.20710993
v 13.31564045 -3.00621819 28.69907957
v 13.31564045 -3.00621819 29.20175636
v 13.31564045 -3.00621819 29.70443314
v 13.31564045 -3.00621819 30.20710993
v 13.31564045 -3.00621819 30.70978671
v 13.31564045 -2.50518209 28.19640279
v 13.31564045 -2.50518209 30.70978671
v 13.31564045 -2.50518209 31.21246350
v 13.31564045 -2.00414598 28.19640279
v 13.31564045 -2.00414598 31.21246350
v 13.31564045 -1.50310987 27.69372600
v 13.31564045 -1.50310987 31.21246350
v 13.31564045 -1.50310987 31.71514028
v 13.31564045 -1.00207376 27.69372600
v 13.31564045 -1.00207376 31.21246350
v 13.31564045 -1.00207376 31.71514028
v 13.31564045 -0.50103766 27.69372600
v 13.31564045 -0.50103766 31.21246350
v 13.31564045 -0.50103766 31.71514028
v 13.31564045 -0.00000155 27.69372600
v 13.31564045 -0.00000155 31.21246350
v 13.31564045 0.50103456 28.19640279
v 13.31564045 0.50103456 31.21246350
v 13.31564045 1.00207067 28.19640279
v 13.31564045 1.00207067 30.70978671
v 13.31564045 1.00207067 31.21246350
v 13.31564045 1.50310677 28.69907957
v 13.31564045 1.50310677 30.20710993
v 13.31564045 1.50310677 30.70978671
v 13.31564045 2.00414288 29.20175636
v 13.31564045 2.00414288 29.70443314
v 13.31564045 2.00414288 30.20710993
v 13.81582361 -2.50518209 28.69907957
v 13.81582361 -2.50518209 29.20175636
v 13.81582361 -2.50518209 29.70443314
v 13.81582361 -2.50518209 30.20710993
v 13.81582361 -2.00414598 28.69907957
v 13.81582361 -2.00414598 29.20175636
v 13.81582361 -2.00414598 29.70443314
v 13.81582361 -2.00414598 30.20710993
v 13.81582361 -2.00414598 30.70978671
v 13.81582361 -1.50310987 28.19640279
v 13.81582361 -1.50310987 28.69907957
v 13.81582361 -1.50310987 29.70443314
v 13.81582361 -1.50310987 30.20710993
v 13.81582361 -1.50310987 30.70978671
v 13.81582361 -1.00207376 28.19640279
v 13.81582361 -1.00207376 28.69907957
v 13.81582361 -1.00207376 30.20710993
v 13.81582361 -1.00207376 30.70978671
v 13.81582361 -0.50103766 28.19640279
v 13.81582361 -0.50103766 30.20710993
v 13.81582361 -0.50103766 30.70978671
v 13.81582361 -0.00000155 28.19640279
v 13.81582361 -0.00000155 28.69907957
v 13.81582361 -0.00000155 30.20710993
v 13.81582361 -0.00000155 30.70978671
v 13.81582361 0.50103456 28.69907957
v 13.81582361 0.50103456 29.70443314
v 13.81582361 0.50103456 30.20710993
v 13.81582361 0.50103456 30.70978671
v 13.81582361 1.00207067 28.69907957
v 13.81582361 1.00207067 29.20175636
v 13.81582361 1.00207067 29.70443314
v 13.81582361 1.00207067 30.20710993
v 13.81582361 1.50310677 29.20175636
v 13.81582361 1.50310677 29.70443314
v 14.31600678 -1.50310987 29.20175636
v 14.31600678 -1.00207376 29.20175636
v 14.31600678 -1.00207376 29.70443314
v 14.31600678 -0.50103766 28.69907957
v 14.31600678 -0.50103766 29.20175636
v 14.31600678 -0.50103766 29.70443314
v 14.31600678 -0.00000155 29.20175636
v 14.31600678 -0.00000155 29.70443314
v 14.31600678 0.50103456 29.20175636
vn -1.00000000 -0.00000000 -0.00000000
vn -0.27216554 -0.68041384 -0.68041384
vn -0.51449573 -0.85749292 -0.00000000
vn -0.44721359 -0.89442718 0.00000000
vn -1.00000000 -0.00000000 0.00000000
vn -0.44721359 -0.89442718 0.00000000
vn -1.00000000 -0.00000000 0.00000000
vn -0.44721359 -0.89442718 0.00000000
vn -1.00000000 -0.00000000 0.00000000
vn -0.44721359 -0.89442718 0.00000000
vn -1.00000000 -0.00000000 0.00000000
vn -0.27216554 -0.68041384 0.68041384
vn -1.00000000 0.00000000 -0.00000000
vn -0.42857143 -0.28571430 -0.85714287
vn -1.00000000 -0.00000000 0.00000000
vn -1.00000000 0.00000000 0.00000000
vn -1.00000000 0.00000000 0.00000000
vn -1.00000000 0.00000000 0.00000000
vn -1.00000000 -0.00000000 0.00000000
vn -1.00000000 0.00000000 0.00000000
vn -0.32444283 -0.48666427 0.81110710
vn -1.00000000 0.00000000 -0.00000000
vn -0.44721359 0.00000000 -0.89442718
vn -1.00000000 0.00000000 0.00000000
vn -1.00000000 0.00000000 0.00000000
vn -1.00000000 0.00000000 0.00000000
vn -1.00000000 0.00000000 0.00000000
vn -1.00000000 0.00000000 0.00000000
vn -1.00000000 0.00000000 0.00000000
vn -0.42857143 -0.28571430 0.85714287
vn -1.00000000 0.00000000 -0.00000000
vn -0.44721359 0.00000000 -0.89442718
vn -1.00000000 0.00000000 0.00000000
vn -1.00000000 0.00000000 0.00000000
vn -1.00000000 0.00000000 0.00000000
vn -1.00000000 0.00000000 0.00000000
vn -1.00000000 0.00000000 0.00000000
vn -1.00000000 -0.00000000 0.00000000
vn -1.00000000 0.00000000 0.00000000
vn -0.32444283 -0.48666427 0.81110710
vn -1.00000000 0.00000000 -0.00000000
vn -0.44721359 0.00000000 -0.89442718
vn -1.00000000 0.00000000 0.00000000
vn -1.00000000 0.00000000 0.00000000
vn -1.00000000 0.00000000 0.00000000
vn -1.00000000 0.00000000 0.00000000
vn -1.00000000 0.00000000 0.00000000
vn -1.00000000 0.00000000 0.00000000
vn -1.00000000 0.00000000 0.00000000
vn -0.44721359 0.00000000 0.89442718
vn -1.00000000 0.00000000 -0.00000000
vn -0.44721359 0.00000000 -0.89442718
vn -1.00000000 0.00000000 0.00000000
vn -1.00000000 0.00000000 0.00000000
vn -1.00000000 0.00000000 0.00000000
vn -1.00000000 0.00000000 0.00000000
vn -1.00000000 0.00000000 0.00000000
vn -1.00000000 0.00000000 0.00000000
vn -1.00000000 0.00000000 0.00000000
vn -0.44721359 0.00000000 0.89442718
vn -1.00000000 0.00000000 -0.00000000
vn -0.51449573 0.00000000 -0.85749292
vn -1.00000000 0.00000000 0.00000000
vn -1.00000000 0.00000000 0.00000000
vn -1.00000000 0.00000000 0.00000000
vn -1.00000000 0.00000000 0.00000000
vn -1.00000000 0.00000000 0.00000000
vn -1.00000000 0.00000000 0.00000000
vn -1.00000000 0.00000000 0.00000000
vn -0.44721359 0.00000000 0.89442718
vn -0.70710677 0.00000000 -0.70710677
vn -1.00000000 0.00000000 -0.00000000
vn -1.00000000 0.00000000 0.00000000
vn -1.00000000 0.00000000 0.00000000
vn -1.00000000 0.00000000 0.00000000
vn -1.00000000 0.00000000 0.00000000
vn -1.00000000 0.00000000 0.00000000
vn -1.00000000 0.00000000 0.00000000
vn -0.44721359 0.00000000 0.89442718
vn -0.70710677 0.00000000 -0.70710677
vn -1.00000000 0.00000000 -0.00000000
vn -1.00000000 0.00000000 0.00000000
vn -1.00000000 0.00000000 0.00000000
vn -1.00000000 0.00000000 0.00000000
vn -1.00000000 0.00000000 0.00000000
vn -1.00000000 0.00000000 0.00000000
vn -0.44721359 0.00000000 0.89442718
vn -1.00000000 0.00000000 -0.00000000
vn -0.51449573 0.00000000 -0.85749292
vn -1.00000000 0.00000000 0.00000000
vn -1.00000000 0.00000000 0.00000000
vn -1.00000000 0.00000000 0.00000000
vn -1.00000000 0.00000000 0.00000000
vn -1.00000000 0.00000000 0.00000000
vn -0.44721359 0.00000000 0.89442718
vn -0.70710677 0.00000000 -0.70710677
vn -1.00000000 0.00000000 -0.00000000
vn -1.00000000 0.00000000 0.00000000
vn -1.00000000 0.00000000 0.00000000
vn -1.00000000 0.00000000 0.00000000
vn -1.00000000 0.00000000 0.00000000
vn -0.44721359 0.00000000 0.89442718
vn -0.70710677 0.00000000 -0.70710677
vn -1.00000000 0.00000000 -0.00000000
vn -1.00000000 0.00000000 0.00000000
vn -1.00000000 0.00000000 0.00000000
vn -0.51449573 0.00000000 0.85749292
vn -0.70710677 0.00000000 -0.70710677
vn -1.00000000 0.00000000 -0.00000000
vn -0.51449573 0.00000000 0.85749292
vn -1.00000000 0.00000000 0.00000000
vn -1.00000000 -0.00000000 -0.00000000
vn -0.27216554 -0.68041384 -0.68041384
vn -0.51449573 -0.85749292 -0.00000000
vn -0.44721359 -0.89442718 0.00000000
vn -1.00000000 -0.00000000 0.00000000
vn -0.44721359 -0.89442718 0.00000000
vn -1.00000000 -0.00000000 0.00000000
vn -0.44721359 -0.89442718 0.00000000
vn -1.00000000 -0.00000000 0.00000000
vn -0.44721359 -0.89442718 0.00000000
vn -1.00000000 -0.00000000 0.00000000
vn -0.44721359 -0.89442718 0.00000000
vn -1.00000000 -0.00000000 0.00000000
vn -0.27216554 -0.68041384 0.68041384
vn -1.00000000 0.00000000 -0.00000000
vn -0.42857143 -0.28571430 -0.85714287
vn -1.00000000 -0.00000000 0.00000000
vn -1.00000000 -0.00000000 0.00000000
vn -0.44721359 -0.89442718 0.00000000
vn -1.00000000 -0.00000000 0.00000000
vn -0.32444283 -0.48666427 0.81110710
vn -1.00000000 0.00000000 -0.00000000
vn -0.32444283 -0.48666427 -0.81110710
vn -1.00000000 0.00000000 0.00000000
vn -0.42857143 -0.28571430 0.85714287
vn -1.00000000 0.00000000 -0.00000000
vn -0.42857143 -0.28571430 -0.85714287
vn -1.00000000 0.00000000 0.00000000
vn -0.27216554 -0.68041384 0.68041384
vn -1.00000000 0.00000000 -0.00000000
vn -0.44721359 0.00000000 -0.89442718
vn -1.00000000 -0.00000000 0.00000000
vn -1.00000000 0.00000000 0.00000000
vn -0.32444283 -0.48666427 0.81110710
vn -1.00000000 0.00000000 -0.00000000
vn -0.44721359 0.00000000 -0.89442718
vn -1.00000000 0.00000000 0.00000000
vn -0.44721359 0.00000000 0.89442718
vn -1.00000000 0.00000000 -0.00000000
vn -0.44721359 0.00000000 -0.89442718
vn -1.00000000 0.00000000 0.00000000
vn -0.44721359 0.00000000 0.89442718
vn -1.00000000 0.00000000 -0.00000000
vn -0.51449573 0.00000000 -0.85749292
vn -1.00000000 0.00000000 0.00000000
vn -0.44721359 0.00000000 0.89442718
vn -0.70710677 0.00000000 -0.70710677
vn -1.00000000 0.00000000 0.00000000
vn -0.42857143 -0.28571430 0.85714287
vn -0.97014248 0.24253562 -0.00000000
vn -0.51449573 0.00000000 -0.85749292
vn -1.00000000 -0.00000000 0.00000000
vn -1.00000000 0.00000000 0.00000000
vn -0.32444283 -0.48666427 0.81110710
vn -0.70710677 0.00000000 -0.70710677
vn -0.97014248 0.24253562 -0.00000000
vn -1.00000000 0.00000000 0.00000000
vn -0.51449573 0.00000000 0.85749292
vn -1.00000000 0.00000000 -0.00000000
vn -0.51449573 0.00000000 -0.85749292
vn -1.00000000 0.00000000 0.00000000
vn -0.44721359 0.00000000 0.89442718
vn -0.70710677 0.00000000 -0.70710677
vn -0.97014248 0.24253562 -0.00000000
vn -1.00000000 0.00000000 0.00000000
vn -0.44721359 0.00000000 0.89442718
vn -1.00000000 0.00000000 -0.00000000
vn -0.51449573 0.00000000 -0.85749292
vn -0.98639393 0.16439898 0.00000000
vn -0.97014248 0.24253562 0.00000000
vn -1.00000000 0.00000000 0.00000000
vn -0.44721359 0.00000000 0.89442718
vn -0.70710677 0.00000000 -0.70710677
vn -1.00000000 0.00000000 -0.00000000
vn -0.98639393 0.16439898 0.00000000
vn -0.98058069 0.19611613 0.00000000
vn -1.00000000 0.00000000 0.00000000
vn -0.51449573 0.00000000 0.85749292
vn -1.00000000 0.00000000 -0.00000000
vn -0.51449573 0.00000000 -0.85749292
vn -1.00000000 0.00000000 0.00000000
vn -0.98639393 0.16439898 0.00000000
vn -0.98058069 0.19611613 0.00000000
vn -1.00000000 0.00000000 0.00000000
vn -1.00000000 0.00000000 0.00000000
vn -0.44721359 0.00000000 0.89442718
vn -0.70710677 0.00000000 -0.70710677
vn -1.00000000 0.00000000 -0.00000000
vn -1.00000000 0.00000000 0.00000000
vn -1.00000000 0.00000000 0.00000000
vn -1.00000000 0.00000000 0.00000000
vn -1.00000000 0.00000000 0.00000000
vn -0.51449573 0.00000000 0.85749292
vn -0.60000002 0.80000001 -0.00000000
vn -0.44721359 0.89442718 0.00000000
vn -0.44721359 0.89442718 0.00000000
vn -0.44721359 0.89442718 0.00000000
vn -0.83205032 0.55470020 0.00000000
vn -1.00000000 -0.00000000 -0.00000000
vn -0.27216554 -0.68041384 -0.68041384
vn -0.51449573 -0.85749292 -0.00000000
vn -0.44721359 -0.89442718 0.00000000
vn -1.00000000 -0.00000000 0.00000000
vn -0.44721359 -0.89442718 0.00000000
vn -1.00000000 -0.00000000 0.00000000
vn -0.44721359 -0.89442718 0.00000000
vn -1.00000000 -0.00000000 0.00000000
vn -0.44721359 -0.89442718 0.00000000
vn -1.00000000 -0.00000000 0.00000000
vn -0.44721359 -0.89442718 0.00000000
vn -1.00000000 -0.00000000 0.00000000
vn -0.27216554 -0.68041384 0.68041384
vn -1.00000000 0.00000000 -0.00000000
vn -0.27216554 -0.68041384 -0.68041384
vn -1.00000000 -0.00000000 0.00000000
vn -0.52999896 -0.84799832 0.00000000
vn -1.00000000 -0.00000000 0.00000000
vn -0.27216554 -0.68041384 0.68041384
vn -1.00000000 0.00000000 -0.00000000
vn -0.27216554 -0.68041384 -0.68041384
vn -1.00000000 0.00000000 0.00000000
vn -0.27216554 -0.68041384 0.68041384
vn -1.00000000 0.00000000 -0.00000000
vn -0.36650833 -0.36650833 -0.85518610
vn -1.00000000 0.00000000 0.00000000
vn -0.32444283 -0.48666427 0.81110710
vn -1.00000000 0.00000000 -0.00000000
vn -0.44721359 0.00000000 -0.89442718
vn -1.00000000 0.00000000 0.00000000
vn -0.42857143 -0.28571430 0.85714287
vn -0.44721359 0.00000000 -0.89442718
vn -1.00000000 0.00000000 0.00000000
vn -0.32444283 -0.48666427 0.81110710
vn -0.44721359 0.00000000 -0.89442718
vn -0.44721359 0.00000000 0.89442718
vn -0.44721359 0.00000000 -0.89442718
vn -0.42857143 -0.28571430 0.85714287
vn -0.44721359 0.00000000 -0.89442718
vn -1.00000000 0.00000000 0.00000000
vn -0.32444283 -0.48666427 0.81110710
vn -0.44721359 0.00000000 -0.89442718
vn -1.00000000 0.00000000 0.00000000
vn -0.44721359 0.00000000 0.89442718
vn -0.97014248 0.24253562 -0.00000000
vn -0.44721359 0.00000000 -0.89442718
vn -1.00000000 0.00000000 0.00000000
vn -0.44721359 0.00000000 0.89442718
vn -0.55470020 0.00000000 -0.83205032
vn -0.44721359 0.00000000 0.89442718
vn -0.97014248 0.24253562 -0.00000000
vn -0.44721359 0.00000000 -0.89442718
vn -0.97014248 0.24253562 0.00000000
vn -0.44721359 0.00000000 0.89442718
vn -0.55470020 0.00000000 -0.83205032
vn -1.00000000 0.00000000 0.00000000
vn -0.44721359 0.00000000 0.89442718
vn -0.97014248 0.24253562 -0.00000000
vn -0.44721359 0.00000000 -0.89442718
vn -1.00000000 0.00000000 0.00000000
vn -0.52999896 0.00000000 0.84799832
vn -0.55470020 0.00000000 -0.83205032
vn -0.51449573 0.00000000 0.85749292
vn -0.97014248 0.24253562 -0.00000000
vn -0.44721359 0.00000000 -0.89442718
vn -0.97014248 0.24253562 0.00000000
vn -0.44721359 0.00000000 0.89442718
vn -0.55470020 0.00000000 -0.83205032
vn -1.00000000 0.00000000 0.00000000
vn -0.44721359 0.00000000 0.89442718
vn -0.97014248 0.24253562 -0.00000000
vn -0.44721359 0.00000000 -0.89442718
vn -0.98058069 0.19611613 0.00000000
vn -0.51449573 0.00000000 0.85749292
vn -0.55470020 0.00000000 -0.83205032
vn -0.97014248 0.24253562 -0.00000000
vn -0.98058069 0.19611613 0.00000000
vn -0.51449573 0.00000000 0.85749292
vn -0.70710677 0.00000000 -0.70710677
vn -1.00000000 0.00000000 -0.00000000
vn -1.00000000 0.00000000 0.00000000
vn -1.00000000 0.00000000 0.00000000
vn -1.00000000 0.00000000 0.00000000
vn -1.00000000 0.00000000 0.00000000
vn -0.51449573 0.00000000 0.85749292
vn -0.60000002 0.80000001 -0.00000000
vn -0.44721359 0.89442718 0.00000000
vn -0.44721359 0.89442718 0.00000000
vn -0.44721359 0.89442718 0.00000000
vn -0.83205032 0.55470020 0.00000000
vn -1.00000000 -0.00000000 -0.00000000
vn -0.27216554 -0.68041384 -0.68041384
vn -0.51449573 -0.85749292 -0.00000000
vn -0.44721359 -0.89442718 0.00000000
vn -1.00000000 -0.00000000 0.00000000
vn -0.44721359 -0.89442718 0.00000000
vn -1.00000000 -0.00000000 0.00000000
vn -0.44721359 -0.89442718 0.00000000
vn -1.00000000 -0.00000000 0.00000000
vn -0.27216554 -0.68041384 0.68041384
vn -1.00000000 0.00000000 -0.00000000
vn -0.27216554 -0.68041384 -0.68041384
vn -0.44721359 -0.89442718 0.00000000
vn -0.52999896 -0.84799832 0.00000000
vn -1.00000000 -0.00000000 0.00000000
vn -0.27216554 -0.68041384 0.68041384
vn -1.00000000 0.00000000 -0.00000000
vn -0.27216554 -0.68041384 -0.68041384
vn -0.22941573 -0.68824720 0.68824720
vn -1.00000000 0.00000000 -0.00000000
vn -0.36650833 -0.36650833 -0.85518610
vn -0.52999896 -0.84799832 0.00000000
vn -1.00000000 -0.00000000 0.00000000
vn -0.32444283 -0.48666427 0.81110710
vn -0.32444283 -0.48666427 -0.81110710
vn -0.36650833 -0.36650833 0.85518610
vn -0.14744195 -0.44232586 -0.88465172
vn -0.27216554 -0.68041384 0.68041384
vn -0.39391929 0.00000000 -0.91914505
vn -1.00000000 0.00000000 0.00000000
vn -0.13736056 -0.54944223 0.82416338
vn -0.44721359 0.00000000 -0.89442718
vn -0.39391929 0.00000000 0.91914505
vn -0.44721359 0.00000000 -0.89442718
vn -0.42857143 -0.28571430 0.85714287
vn -0.44721359 0.00000000 -0.89442718
vn -1.00000000 0.00000000 0.00000000
vn -0.13736056 -0.54944223 0.82416338
vn -0.44721359 0.00000000 -0.89442718
vn -0.31622776 0.00000000 0.94868332
vn -0.49613893 0.00000000 -0.86824316
vn -0.31622776 0.00000000 0.94868332
vn -0.16439898 0.00000000 -0.98639393
vn -0.39391929 0.00000000 0.91914505
vn -0.60000002 0.00000000 -0.80000001
vn -0.49613893 0.00000000 0.86824316
vn -0.16439898 0.00000000 -0.98639393
vn -0.37139067 0.00000000 0.92847669
vn -0.60000002 0.00000000 -0.80000001
vn -0.31622776 0.00000000 0.94868332
vn -0.16439898 0.00000000 -0.98639393
vn -0.27472112 0.00000000 0.96152395
vn -0.60000002 0.00000000 -0.80000001
vn -0.55470020 0.00000000 0.83205032
vn -0.16439898 0.00000000 -0.98639393
vn -0.44721359 0.00000000 0.89442718
vn -0.60000002 0.00000000 -0.80000001
vn -0.49613893 0.00000000 0.86824316
vn -0.16439898 0.00000000 -0.98639393
vn -0.98058069 0.19611613 0.00000000
vn -0.31622776 0.00000000 0.94868332
vn -0.60000002 0.00000000 -0.80000001
vn -0.98058069 0.19611613 0.00000000
vn -0.51449573 0.00000000 0.85749292
vn -0.97014248 0.24253562 -0.00000000
vn -0.44721359 0.00000000 -0.89442718
vn -0.98058069 0.19611613 0.00000000
vn -0.51449573 0.00000000 0.85749292
vn -0.55470020 0.00000000 -0.83205032
vn -0.94868332 0.31622776 -0.00000000
vn -0.97014248 0.24253562 0.00000000
vn -0.51449573 0.00000000 0.85749292
vn -0.60000002 0.80000001 -0.00000000
vn -0.63960212 0.42640144 -0.63960212
vn -1.00000000 0.00000000 -0.00000000
vn -1.00000000 0.00000000 0.00000000
vn -1.00000000 0.00000000 0.00000000
vn -0.51449573 0.00000000 0.85749292
vn -0.83205032 0.55470020 0.00000000
vn -0.60000002 0.80000001 -0.00000000
vn -0.44721359 0.89442718 0.00000000
vn -0.83205032 0.55470020 0.00000000
vn -1.00000000 -0.00000000 -0.00000000
vn -0.27216554 -0.68041384 -0.68041384
vn -0.51449573 -0.85749292 -0.00000000
vn -0.44721359 -0.89442718 0.00000000
vn -0.44721359 -0.89442718 0.00000000
vn -0.44721359 -0.89442718 0.00000000
vn -0.44721359 -0.89442718 0.00000000
vn -0.44721359 -0.89442718 0.00000000
vn -1.00000000 -0.00000000 0.00000000
vn -0.27216554 -0.68041384 0.68041384
vn -1.00000000 0.00000000 -0.00000000
vn -0.27216554 -0.68041384 -0.68041384
vn -0.44721359 -0.89442718 0.00000000
vn -0.22941573 -0.68824720 0.68824720
vn -1.00000000 0.00000000 -0.00000000
vn -0.36650833 -0.36650833 -0.85518610
vn -0.52999896 -0.84799832 0.00000000
vn -1.00000000 -0.00000000 0.00000000
vn -0.27216554 -0.68041384 0.68041384
vn -0.32444283 -0.48666427 -0.81110710
vn -0.22941573 -0.68824720 0.68824720
vn -0.36650833 -0.36650833 -0.85518610
vn -0.27216554 -0.68041384 0.68041384
vn -0.39391929 0.00000000 -0.91914505
vn -1.00000000 0.00000000 0.00000000
vn -0.13736056 -0.54944223 0.82416338
vn -0.13736056 -0.54944223 -0.82416338
vn -0.35112345 0.00000000 0.93632919
vn -0.14744195 -0.44232586 -0.88465172
vn -0.14744195 -0.44232586 0.88465172
vn -0.16439898 0.00000000 -0.98639393
vn -0.13736056 -0.54944223 0.82416338
vn -0.16439898 0.00000000 -0.98639393
vn -0.35112345 0.00000000 0.93632919
vn -0.16439898 0.00000000 -0.98639393
vn -0.16439898 0.00000000 0.98639393
vn -0.16439898 0.00000000 -0.98639393
vn -0.16439898 0.00000000 0.98639393
vn -0.14142136 0.00000000 -0.98994946
vn -0.14744195 -0.44232586 0.88465172
vn -0.00000000 0.00000000 -1.00000000
vn -0.13736056 -0.54944223 0.82416338
vn -0.27472112 0.00000000 -0.96152395
vn -0.27472112 0.00000000 0.96152395
vn -0.00000000 0.00000000 -1.00000000
vn -0.00000000 0.00000000 1.00000000
vn -0.27472112 0.00000000 -0.96152395
vn -0.16439898 0.00000000 0.98639393
vn -0.00000000 0.00000000 -1.00000000
vn -0.19611613 0.00000000 0.98058069
vn -0.27472112 0.00000000 -0.96152395
vn -0.49613893 0.00000000 0.86824316
vn -0.00000000 0.00000000 -1.00000000
vn -0.49613893 0.00000000 0.86824316
vn -0.27472112 0.00000000 -0.96152395
vn -0.31622776 0.00000000 0.94868332
vn -0.00000000 0.00000000 -1.00000000
vn -0.00000000 0.00000000 1.00000000
vn -0.52999896 0.00000000 -0.84799832
vn -0.52999896 0.00000000 0.84799832
vn -0.16439898 0.00000000 -0.98639393
vn -0.98058069 0.19611613 0.00000000
vn -0.31622776 0.00000000 0.94868332
vn -0.60000002 0.00000000 -0.80000001
vn -0.98058069 0.19611613 0.00000000
vn -0.58123821 0.00000000 0.81373346
vn -0.97014248 0.24253562 -0.00000000
vn -0.44721359 0.00000000 -0.89442718
vn -0.97014248 0.24253562 0.00000000
vn -0.58123821 0.00000000 0.81373346
vn -0.55470020 0.00000000 -0.83205032
vn -1.00000000 0.00000000 -0.00000000
vn -0.98639393 0.16439898 0.00000000
vn -0.97014248 0.24253562 0.00000000
vn -0.51449573 0.00000000 0.85749292
vn -0.44721359 0.89442718 0.00000000
vn -0.44721359 0.89442718 -0.00000000
vn -0.44721359 0.89442718 0.00000000
vn -0.44721359 0.89442718 0.00000000
vn -0.44721359 0.89442718 0.00000000
vn -0.44721359 0.89442718 0.00000000
vn -0.83205032 0.55470020 0.00000000
vn -1.00000000 -0.00000000 -0.00000000
vn -0.22941573 -0.68824720 -0.68824720
vn -0.44721359 -0.89442718 -0.00000000
vn -0.44721359 -0.89442718 0.00000000
vn -0.44721359 -0.89442718 0.00000000
vn -0.44721359 -0.89442718 0.00000000
vn -0.44721359 -0.89442718 0.00000000
vn -0.44721359 -0.89442718 0.00000000
vn -0.44721359 -0.89442718 0.00000000
vn -0.52999896 -0.84799832 0.00000000
vn -1.00000000 -0.00000000 0.00000000
vn -0.27216554 -0.68041384 0.68041384
vn -1.00000000 0.00000000 -0.00000000
vn -0.36650833 -0.36650833 -0.85518610
vn -0.52999896 -0.84799832 0.00000000
vn -1.00000000 -0.00000000 0.00000000
vn -0.27216554 -0.68041384 0.68041384
vn -0.32444283 -0.48666427 -0.81110710
vn -0.22941573 -0.68824720 0.68824720
vn -0.36650833 -0.36650833 -0.85518610
vn -0.22941573 -0.68824720 0.68824720
vn -0.32444283 -0.48666427 -0.81110710
vn -0.22941573 -0.68824720 0.68824720
vn -0.14744195 -0.44232586 -0.88465172
vn -0.12309149 -0.49236596 0.86164045
vn -0.16439898 0.00000000 -0.98639393
vn -0.13018891 -0.39056674 0.91132236
vn -0.14142136 0.00000000 -0.98994946
vn -0.13736056 -0.54944223 0.82416338
vn -0.27472112 0.00000000 -0.96152395
vn -0.35112345 0.00000000 0.93632919
vn -0.31622776 0.00000000 -0.94868332
vn -0.14744195 -0.44232586 0.88465172
vn -0.31622776 0.00000000 -0.94868332
vn -0.13736056 -0.54944223 0.82416338
vn -0.31622776 0.00000000 -0.94868332
vn -0.31622776 0.00000000 0.94868332
vn -0.31622776 0.00000000 -0.94868332
vn -0.31622776 0.00000000 0.94868332
vn -0.44721359 0.00000000 -0.89442718
vn -0.27472112 0.00000000 0.96152395
vn -0.27472112 0.00000000 -0.96152395
vn 0.00000000 0.00000000 1.00000000
vn -0.00000000 0.00000000 -1.00000000
vn 0.00000000 0.00000000 1.00000000
vn -0.27472112 0.00000000 -0.96152395
vn -0.39391929 0.00000000 0.91914505
vn -0.00000000 0.00000000 -1.00000000
vn -0.31622776 0.00000000 0.94868332
vn -0.27472112 0.00000000 -0.96152395
vn -0.31622776 0.00000000 0.94868332
vn -0.00000000 0.00000000 -1.00000000
vn -0.31622776 0.00000000 0.94868332
vn -0.27472112 0.00000000 -0.96152395
vn -0.27472112 0.00000000 0.96152395
vn -0.00000000 0.00000000 -1.00000000
vn -0.00000000 0.00000000 1.00000000
vn -0.31622776 0.00000000 -0.94868332
vn -0.52999896 0.00000000 0.84799832
vn -0.14142136 0.00000000 -0.98994946
vn -0.31622776 0.00000000 0.94868332
vn -0.00000000 0.00000000 -1.00000000
vn -0.00000000 0.00000000 1.00000000
vn -0.31622776 0.00000000 -0.94868332
vn -0.55470020 0.00000000 0.83205032
vn -0.14142136 0.00000000 -0.98994946
vn -0.55470020 0.00000000 0.83205032
vn -0.60000002 0.00000000 -0.80000001
vn -0.55470020 0.00000000 0.83205032
vn -0.60000002 0.00000000 -0.80000001
vn -0.97014248 0.24253562 0.00000000
vn -0.58123821 0.00000000 0.81373346
vn -0.60000002 0.80000001 -0.00000000
vn -0.44721359 0.89442718 0.00000000
vn -0.44721359 0.89442718 0.00000000
vn -0.44721359 0.89442718 0.00000000
vn -0.44721359 0.89442718 0.00000000
vn -0.44721359 0.89442718 0.00000000
vn -0.44721359 0.89442718 0.00000000
vn -1.00000000 0.00000000 0.00000000
vn -0.27216554 -0.68041384 -0.68041384
vn -0.00000000 -1.00000000 -0.00000000
vn -0.27216554 -0.68041384 0.68041384
vn -0.27216554 -0.68041384 -0.68041384
vn -0.51449573 -0.85749292 -0.00000000
vn -0.44721359 -0.89442718 0.00000000
vn -0.44721359 -0.89442718 0.00000000
vn -0.44721359 -0.89442718 0.00000000
vn -0.52999896 -0.84799832 0.00000000
vn -0.22941573 -0.68824720 0.68824720
vn -0.27216554 -0.68041384 -0.68041384
vn -0.52999896 -0.84799832 0.00000000
vn -0.22941573 -0.68824720 0.68824720
vn -0.14744195 -0.44232586 -0.88465172
vn -0.22941573 -0.68824720 0.68824720
vn -0.28571430 -0.42857143 -0.85714287
vn -0.22941573 -0.68824720 0.68824720
vn -0.14744195 -0.44232586 -0.88465172
vn -0.22941573 -0.68824720 0.68824720
vn -0.14142136 0.00000000 -0.98994946
vn -0.12309149 -0.49236596 0.86164045
vn -0.27472112 0.00000000 -0.96152395
vn -0.13018891 -0.39056674 0.91132236
vn -0.31622776 0.00000000 -0.94868332
vn -0.12309149 -0.49236596 0.86164045
vn -0.13736056 -0.54944223 -0.82416338
vn -0.13018891 -0.39056674 0.91132236
vn -0.14744195 -0.44232586 -0.88465172
vn -0.13736056 -0.54944223 0.82416338
vn -0.16439898 0.00000000 -0.98639393
vn -0.27472112 0.00000000 0.96152395
vn -0.16439898 0.00000000 -0.98639393
vn 0.00000000 0.00000000 1.00000000
vn -0.16439898 0.00000000 -0.98639393
vn -0.14142136 0.00000000 0.98994946
vn -0.16439898 0.00000000 -0.98639393
vn -0.16439898 0.00000000 0.98639393
vn -0.14142136 0.00000000 -0.98994946
vn -0.16439898 0.00000000 0.98639393
vn -0.00000000 0.00000000 -1.00000000
vn -0.16439898 0.00000000 0.98639393
vn -0.27472112 0.00000000 -0.96152395
vn -0.16439898 0.00000000 0.98639393
vn -0.00000000 0.00000000 -1.00000000
vn -0.16439898 0.00000000 0.98639393
vn -0.27472112 0.00000000 -0.96152395
vn -0.16439898 0.00000000 0.98639393
vn -0.00000000 0.00000000 -1.00000000
vn -0.16439898 0.00000000 0.98639393
vn -0.31622776 0.00000000 -0.94868332
vn -0.16439898 0.00000000 0.98639393
vn -0.00000000 0.00000000 -1.00000000
vn -0.31622776 0.00000000 0.94868332
vn -0.24253562 0.00000000 -0.97014248
vn -0.44721359 0.00000000 0.89442718
vn -0.00000000 0.00000000 -1.00000000
vn -0.27472112 0.00000000 0.96152395
vn 0.00000000 0.00000000 -1.00000000
vn -0.00000000 0.00000000 1.00000000
vn -0.24253562 0.00000000 -0.97014248
vn -0.52999896 0.00000000 0.84799832
vn -0.00000000 0.00000000 -1.00000000
vn -0.31622776 0.00000000 0.94868332
vn -0.44721359 0.00000000 -0.89442718
vn -0.58123821 0.00000000 0.81373346
vn -0.27472112 0.00000000 -0.96152395
vn -0.98058069 0.19611613 0.00000000
vn -0.31622776 0.00000000 0.94868332
vn -0.60000002 0.00000000 -0.80000001
vn -0.97014248 0.24253562 0.00000000
vn -0.58123821 0.00000000 0.81373346
vn -0.94868332 0.31622776 -0.00000000
vn -0.44721359 0.00000000 -0.89442718
vn -0.60000002 0.00000000 0.80000001
vn -0.44721359 0.89442718 0.00000000
vn -0.44721359 0.89442718 -0.00000000
vn -0.44721359 0.89442718 0.00000000
vn -0.63960212 0.42640144 -0.63960212
vn -1.00000000 0.00000000 -0.00000000
vn -1.00000000 0.00000000 0.00000000
vn -0.51449573 0.00000000 0.85749292
vn -0.44721359 0.89442718 0.00000000
vn -0.44721359 0.89442718 0.00000000
vn -0.60000002 0.80000001 -0.00000000
vn -0.83205032 0.55470020 0.00000000
vn -1.00000000 -0.00000000 -0.00000000
vn -0.22941573 -0.68824720 -0.68824720
vn -0.44721359 -0.89442718 -0.00000000
vn -0.44721359 -0.89442718 0.00000000
vn -0.44721359 -0.89442718 0.00000000
vn -0.39391929 -0.91914505 0.00000000
vn -0.51449573 -0.85749292 0.00000000
vn -0.39391929 -0.91914505 0.00000000
vn -0.44721359 -0.89442718 0.00000000
vn -0.44721359 -0.89442718 0.00000000
vn -0.52999896 -0.84799832 0.00000000
vn -0.22941573 -0.68824720 0.68824720
vn -1.00000000 0.00000000 -0.00000000
vn -0.14744195 -0.44232586 -0.88465172
vn -0.52999896 -0.84799832 0.00000000
vn -0.22941573 -0.68824720 0.68824720
vn -0.35112345 0.00000000 -0.93632919
vn -0.22941573 -0.68824720 0.68824720
vn -0.13736056 -0.54944223 -0.82416338
vn -0.22941573 -0.68824720 0.68824720
vn -0.13018891 -0.39056674 -0.91132236
vn -0.08804509 -0.70436072 0.70436072
vn -0.27472112 0.00000000 -0.96152395
vn -0.14744195 -0.44232586 0.88465172
vn -0.13736056 -0.54944223 -0.82416338
vn -0.13018891 -0.39056674 0.91132236
vn -0.14744195 -0.44232586 -0.88465172
vn -0.12309149 -0.49236596 0.86164045
vn -0.16439898 0.00000000 -0.98639393
vn -0.13018891 -0.39056674 0.91132236
vn -0.14142136 0.00000000 -0.98994946
vn -0.12309149 -0.49236596 0.86164045
vn 0.00000000 0.00000000 -1.00000000
vn 0.00000000 0.00000000 1.00000000
vn 0.00000000 0.00000000 -1.00000000
vn 0.00000000 0.00000000 1.00000000
vn -0.27472112 0.00000000 -0.96152395
vn -0.13018891 -0.39056674 0.91132236
vn -0.39391929 0.00000000 -0.91914505
vn -0.13736056 -0.54944223 0.82416338
vn 0.00000000 0.00000000 -1.00000000
vn -0.31622776 0.00000000 0.94868332
vn 0.00000000 0.00000000 -1.00000000
vn -0.31622776 0.00000000 0.94868332
vn -0.24253562 0.00000000 -0.97014248
vn -0.31622776 0.00000000 0.94868332
vn -0.00000000 0.00000000 -1.00000000
vn -0.31622776 0.00000000 0.94868332
vn -0.27472112 0.00000000 -0.96152395
vn -0.31622776 0.00000000 0.94868332
vn -0.00000000 0.00000000 -1.00000000
vn -0.31622776 0.00000000 0.94868332
vn -0.27472112 0.00000000 -0.96152395
vn -0.31622776 0.00000000 0.94868332
vn -0.00000000 0.00000000 -1.00000000
vn -0.31622776 0.00000000 0.94868332
vn 0.00000000 0.00000000 -1.00000000
vn -0.27472112 0.00000000 0.96152395
vn 0.00000000 0.00000000 -1.00000000
vn -0.00000000 0.00000000 1.00000000
vn -0.24253562 0.00000000 -0.97014248
vn -0.31622776 0.00000000 0.94868332
vn -0.00000000 0.00000000 -1.00000000
vn -0.44721359 0.00000000 0.89442718
vn 0.00000000 0.00000000 -1.00000000
vn -0.27472112 0.00000000 0.96152395
vn -0.27472112 0.00000000 -0.96152395
vn -0.00000000 0.00000000 1.00000000
vn -0.14142136 0.00000000 -0.98994946
vn -0.55470020 0.00000000 0.83205032
vn -0.00000000 0.00000000 -1.00000000
vn -0.00000000 0.00000000 1.00000000
vn -0.31622776 0.00000000 -0.94868332
vn -0.55470020 0.00000000 0.83205032
vn -0.14142136 0.00000000 -0.98994946
vn -0.60000002 0.00000000 0.80000001
vn -0.60000002 0.00000000 -0.80000001
vn -0.60000002 0.00000000 0.80000001
vn -0.44721359 0.89442718 0.00000000
vn -0.44721359 0.89442718 -0.00000000
vn -0.63960212 0.42640144 -0.63960212
vn -0.94868332 0.31622776 -0.00000000
vn -0.97014248 0.24253562 0.00000000
vn -0.58123821 0.00000000 0.81373346
vn -0.44721359 0.89442718 0.00000000
vn -0.60000002 0.80000001 -0.00000000
vn -0.44721359 0.89442718 0.00000000
vn -0.44721359 0.89442718 0.00000000
vn -0.44721359 0.89442718 0.00000000
vn -0.27216554 -0.68041384 -0.68041384
vn -0.00000000 -1.00000000 -0.00000000
vn -0.49613893 -0.86824316 0.00000000
vn -0.44721359 -0.89442718 0.00000000
vn -0.44721359 -0.89442718 0.00000000
vn -0.44721359 -0.89442718 0.00000000
vn -0.44721359 -0.89442718 0.00000000
vn -0.44721359 -0.89442718 0.00000000
vn -0.49613893 -0.86824316 0.00000000
vn -0.00000000 -1.00000000 0.00000000
vn -0.22941573 -0.68824720 0.68824720
vn -0.13018891 -0.39056674 -0.91132236
vn -0.52999896 -0.84799832 0.00000000
vn -0.22941573 -0.68824720 0.68824720
vn -0.12309149 -0.49236596 -0.86164045
vn -0.22941573 -0.68824720 0.68824720
vn -0.14744195 -0.44232586 -0.88465172
vn -0.22941573 -0.68824720 0.68824720
vn -0.14142136 0.00000000 -0.98994946
vn -0.12309149 -0.49236596 0.86164045
vn -0.12309149 -0.49236596 -0.86164045
vn -0.15617377 -0.31234753 0.93704259
vn -0.14744195 -0.44232586 -0.88465172
vn -0.11704115 -0.70224690 0.70224690
vn -0.14142136 0.00000000 -0.98994946
vn -0.12309149 -0.49236596 0.86164045
vn 0.00000000 0.00000000 -1.00000000
vn 0.00000000 -0.49613893 0.86824316
vn 0.00000000 0.00000000 -1.00000000
vn -0.14744195 -0.44232586 0.88465172
vn -0.27472112 0.00000000 -0.96152395
vn 0.00000000 0.00000000 1.00000000
vn -0.31622776 0.00000000 -0.94868332
vn 0.00000000 0.00000000 1.00000000
vn -0.13736056 -0.54944223 -0.82416338
vn -0.13018891 -0.39056674 0.91132236
vn -0.14744195 -0.44232586 -0.88465172
vn -0.12309149 -0.49236596 0.86164045
vn -0.14142136 0.00000000 -0.98994946
vn 0.00000000 0.00000000 1.00000000
vn -0.00000000 0.00000000 -1.00000000
vn 0.00000000 0.00000000 1.00000000
vn -0.31622776 0.00000000 -0.94868332
vn 0.00000000 0.00000000 1.00000000
vn -0.44721359 0.00000000 -0.89442718
vn 0.00000000 0.00000000 1.00000000
vn -0.27472112 0.00000000 -0.96152395
vn 0.00000000 0.00000000 1.00000000
vn -0.00000000 0.00000000 -1.00000000
vn 0.00000000 0.00000000 1.00000000
vn -0.27472112 0.00000000 -0.96152395
vn 0.00000000 0.00000000 1.00000000
vn -0.00000000 0.00000000 -1.00000000
vn 0.00000000 0.00000000 1.00000000
vn -0.31622776 0.00000000 -0.94868332
vn 0.00000000 0.00000000 1.00000000
vn -0.60000002 0.00000000 -0.80000001
vn 0.00000000 0.00000000 1.00000000
vn -0.00000000 0.00000000 -1.00000000
vn -0.39391929 0.00000000 0.91914505
vn 0.00000000 0.00000000 -1.00000000
vn -0.27472112 0.00000000 0.96152395
vn -0.24253562 0.00000000 -0.97014248
vn -0.00000000 0.00000000 1.00000000
vn -0.00000000 0.00000000 -1.00000000
vn -0.31622776 0.00000000 0.94868332
vn 0.00000000 0.00000000 -1.00000000
vn -0.44721359 0.00000000 0.89442718
vn 0.00000000 0.00000000 -1.00000000
vn -0.27472112 0.00000000 0.96152395
vn -0.24253562 0.00000000 -0.97014248
vn -0.58123821 0.00000000 0.81373346
vn -0.00000000 0.00000000 -1.00000000
vn -0.31622776 0.00000000 0.94868332
vn -0.44721359 0.00000000 -0.89442718
vn -0.60000002 0.00000000 0.80000001
vn -0.27472112 0.00000000 -0.96152395
vn -0.60000002 0.00000000 0.80000001
vn -0.60000002 0.00000000 -0.80000001
vn -0.55470020 0.00000000 0.83205032
vn -0.44721359 0.89442718 0.00000000
vn -0.70710677 0.00000000 -0.70710677
vn -0.94868332 0.31622776 -0.00000000
vn -0.60000002 0.00000000 0.80000001
vn -0.83205032 0.55470020 0.00000000
vn -0.44721359 0.89442718 -0.00000000
vn -0.44721359 0.89442718 0.00000000
vn -0.44721359 0.89442718 0.00000000
vn -0.44721359 0.89442718 0.00000000
vn -0.44721359 0.89442718 0.00000000
vn -0.27216554 -0.68041384 -0.68041384
vn -0.00000000 -1.00000000 -0.00000000
vn -0.49613893 -0.86824316 0.00000000
vn -0.44721359 -0.89442718 0.00000000
vn -0.44721359 -0.89442718 0.00000000
vn -0.44721359 -0.89442718 0.00000000
vn -0.49613893 -0.86824316 0.00000000
vn -0.00000000 -1.00000000 0.00000000
vn -0.27216554 -0.68041384 0.68041384
vn -0.38100037 -0.25400025 -0.88900089
vn -0.00000000 -1.00000000 -0.00000000
vn -0.44721359 -0.89442718 0.00000000
vn -0.00000000 -1.00000000 0.00000000
vn -0.22941573 -0.68824720 0.68824720
vn -0.13736056 -0.54944223 -0.82416338
vn -0.22941573 -0.68824720 0.68824720
vn -0.13018891 -0.39056674 -0.91132236
vn -0.08804509 -0.70436072 0.70436072
vn -0.27472112 0.00000000 -0.96152395
vn -0.14744195 -0.44232586 0.88465172
vn -0.13736056 -0.54944223 -0.82416338
vn -0.13018891 -0.39056674 0.91132236
vn -0.13018891 -0.39056674 -0.91132236
vn -0.08804509 -0.70436072 0.70436072
vn 0.00000000 0.00000000 -1.00000000
vn -0.14744195 -0.44232586 0.88465172
vn 0.00000000 0.00000000 -1.00000000
vn 0.00000000 0.00000000 1.00000000
vn -0.27472112 0.00000000 -0.96152395
vn -0.15617377 -0.31234753 0.93704259
vn -0.13736056 -0.54944223 -0.82416338
vn 0.00000000 -0.49613893 0.86824316
vn -0.14744195 -0.44232586 -0.88465172
vn 0.00000000 0.00000000 1.00000000
vn -0.16439898 0.00000000 -0.98639393
vn -0.13018891 -0.39056674 0.91132236
vn -0.14142136 0.00000000 -0.98994946
vn -0.12309149 -0.49236596 0.86164045
vn 0.00000000 0.00000000 -1.00000000
vn 0.00000000 0.00000000 1.00000000
vn 0.00000000 0.00000000 -1.00000000
vn 0.00000000 0.00000000 1.00000000
vn -0.27472112 0.00000000 -0.96152395
vn 0.00000000 0.00000000 1.00000000
vn -0.16439898 0.00000000 -0.98639393
vn 0.00000000 0.00000000 1.00000000
vn -0.14142136 0.00000000 -0.98994946
vn 0.00000000 0.00000000 1.00000000
vn -0.00000000 0.00000000 -1.00000000
vn 0.00000000 0.00000000 1.00000000
vn -0.27472112 0.00000000 -0.96152395
vn 0.00000000 0.00000000 1.00000000
vn -0.00000000 0.00000000 -1.00000000
vn 0.00000000 0.00000000 1.00000000
vn -0.27472112 0.00000000 -0.96152395
vn 0.00000000 0.00000000 1.00000000
vn -0.00000000 0.00000000 -1.00000000
vn 0.00000000 0.00000000 1.00000000
vn 0.00000000 0.00000000 -1.00000000
vn 0.00000000 0.00000000 1.00000000
vn -0.27472112 0.00000000 -0.96152395
vn 0.00000000 0.00000000 1.00000000
vn -0.00000000 0.00000000 -1.00000000
vn 0.00000000 0.00000000 1.00000000
vn 0.00000000 0.00000000 -1.00000000
vn -0.39391929 0.00000000 0.91914505
vn -0.24253562 0.00000000 -0.97014248
vn -0.27472112 0.00000000 0.96152395
vn -0.00000000 0.00000000 -1.00000000
vn -0.00000000 0.00000000 1.00000000
vn -0.39391929 0.00000000 -0.91914505
vn -0.31622776 0.00000000 0.94868332
vn 0.00000000 0.00000000 -1.00000000
vn -0.39391929 0.00000000 0.91914505
vn -0.27472112 0.00000000 -0.96152395
vn -0.00000000 0.00000000 1.00000000
vn -0.14142136 0.00000000 -0.98994946
vn -0.39391929 0.00000000 0.91914505
vn -0.00000000 0.00000000 -1.00000000
vn -0.60000002 0.00000000 0.80000001
vn -0.52999896 0.00000000 -0.84799832
vn -0.60000002 0.00000000 0.80000001
vn -0.94868332 0.31622776 -0.00000000
vn -0.16439898 0.00000000 -0.98639393
vn -0.97014248 0.24253562 0.00000000
vn -0.58123821 0.00000000 0.81373346
vn -0.44721359 0.89442718 -0.00000000
vn -0.66666669 0.33333334 -0.66666669
vn -0.60000002 0.00000000 0.80000001
vn -0.44721359 0.89442718 0.00000000
vn -0.44721359 0.89442718 0.00000000
vn -0.44721359 0.89442718 -0.00000000
vn -0.44721359 0.89442718 0.00000000
vn -0.44721359 0.89442718 0.00000000
vn -0.44721359 0.89442718 0.00000000
vn -0.44721359 0.89442718 0.00000000
vn -0.27216554 -0.68041384 -0.68041384
vn -0.00000000 -1.00000000 -0.00000000
vn -0.00000000 -1.00000000 0.00000000
vn -0.00000000 -1.00000000 0.00000000
vn -0.00000000 -1.00000000 0.00000000
vn -0.00000000 -1.00000000 0.00000000
vn -0.27216554 -0.68041384 0.68041384
vn -0.27216554 -0.68041384 -0.68041384
vn -0.00000000 -1.00000000 -0.00000000
vn -0.44721359 -0.89442718 0.00000000
vn -0.00000000 -1.00000000 0.00000000
vn -0.27216554 -0.68041384 0.68041384
vn -0.18257418 -0.36514837 -0.91287094
vn 0.00000000 -1.00000000 -0.00000000
vn 0.00000000 -1.00000000 0.00000000
vn -0.10050378 -0.70352650 0.70352650
vn -0.14142136 0.00000000 -0.98994946
vn -0.14744195 -0.44232586 0.88465172
vn -0.12309149 -0.49236596 -0.86164045
vn -0.15617377 -0.31234753 0.93704259
vn -0.14744195 -0.44232586 -0.88465172
vn 0.00000000 -0.70710677 0.70710677
vn -0.14142136 0.00000000 -0.98994946
vn -0.14744195 -0.44232586 0.88465172
vn 0.00000000 0.00000000 -1.00000000
vn -0.15617377 -0.31234753 0.93704259
vn -0.27472112 0.00000000 -0.96152395
vn 0.00000000 -0.49613893 0.86824316
vn -0.13736056 -0.54944223 -0.82416338
vn -0.13018891 -0.39056674 0.91132236
vn -0.14744195 -0.44232586 -0.88465172
vn -0.12309149 -0.49236596 0.86164045
vn -0.14142136 0.00000000 -0.98994946
vn 0.00000000 0.00000000 1.00000000
vn 0.00000000 0.00000000 -1.00000000
vn -0.13018891 -0.39056674 0.91132236
vn 0.00000000 0.00000000 -1.00000000
vn -0.12309149 -0.49236596 0.86164045
vn 0.00000000 0.00000000 -1.00000000
vn 0.00000000 0.00000000 1.00000000
vn 0.00000000 0.00000000 -1.00000000
vn 0.00000000 0.00000000 1.00000000
vn 0.00000000 0.00000000 -1.00000000
vn 0.00000000 0.00000000 1.00000000
vn 0.00000000 0.00000000 -1.00000000
vn 0.00000000 0.00000000 1.00000000
vn 0.00000000 0.00000000 -1.00000000
vn 0.00000000 0.00000000 1.00000000
vn 0.00000000 0.00000000 -1.00000000
vn -0.14142136 0.00000000 0.98994946
vn -0.24253562 0.00000000 -0.97014248
vn -0.16439898 0.00000000 0.98639393
vn -0.00000000 0.00000000 -1.00000000
vn -0.16439898 0.00000000 0.98639393
vn -0.27472112 0.00000000 -0.96152395
vn -0.16439898 0.00000000 0.98639393
vn -0.00000000 0.00000000 -1.00000000
vn -0.16439898 0.00000000 0.98639393
vn -0.31622776 0.00000000 -0.94868332
vn -0.16439898 0.00000000 0.98639393
vn -0.60000002 0.00000000 -0.80000001
vn -0.16439898 0.00000000 0.98639393
vn -0.00000000 0.00000000 -1.00000000
vn -0.27472112 0.00000000 0.96152395
vn -0.27472112 0.00000000 -0.96152395
vn 0.00000000 0.00000000 1.00000000
vn -0.00000000 0.00000000 -1.00000000
vn 0.00000000 0.00000000 1.00000000
vn 0.00000000 0.00000000 -1.00000000
vn 0.00000000 0.00000000 1.00000000
vn -0.27472112 0.00000000 -0.96152395
vn -0.39391929 0.00000000 0.91914505
vn -0.14142136 0.00000000 -0.98994946
vn -0.27472112 0.00000000 0.96152395
vn -0.00000000 0.00000000 -1.00000000
vn -0.00000000 0.00000000 1.00000000
vn 0.00000000 0.00000000 -1.00000000
vn -0.39391929 0.00000000 0.91914505
vn 0.00000000 0.00000000 -1.00000000
vn -0.00000000 0.00000000 1.00000000
vn -0.27472112 0.00000000 -0.96152395
vn -0.55470020 0.00000000 0.83205032
vn -0.14142136 0.00000000 -0.98994946
vn -0.60000002 0.00000000 0.80000001
vn -0.00000000 0.00000000 -1.00000000
vn -0.60000002 0.00000000 0.80000001
vn -0.27472112 0.00000000 -0.96152395
vn -0.60000002 0.00000000 0.80000001
vn -0.44721359 0.89442718 -0.00000000
vn -0.66666669 0.33333334 -0.66666669
vn -0.55470020 0.00000000 0.83205032
vn -0.44721359 0.89442718 0.00000000
vn -0.44721359 0.89442718 0.00000000
vn -0.00000000 1.00000000 -0.00000000
vn -0.19611613 0.98058069 0.00000000
vn -0.00000000 1.00000000 0.00000000
vn -0.16439898 0.98639393 0.00000000
vn -0.00000000 1.00000000 0.00000000
vn -0.27216554 -0.68041384 -0.68041384
vn -0.00000000 -1.00000000 -0.00000000
vn -0.00000000 -1.00000000 0.00000000
vn -0.49613893 -0.86824316 0.00000000
vn -0.44721359 -0.89442718 0.00000000
vn -0.44721359 -0.89442718 0.00000000
vn -0.49613893 -0.86824316 0.00000000
vn -0.00000000 -1.00000000 0.00000000
vn -0.00000000 -1.00000000 0.00000000
vn -0.27216554 -0.68041384 0.68041384
vn -0.27216554 -0.68041384 -0.68041384
vn -0.00000000 -1.00000000 -0.00000000
vn -0.00000000 -1.00000000 0.00000000
vn -0.27216554 -0.68041384 0.68041384
vn 0.00000000 -0.49613893 -0.86824316
vn -0.14002801 -0.70014006 0.70014006
vn -0.12309149 -0.49236596 -0.86164045
vn -0.11704115 -0.70224690 0.70224690
vn -0.13018891 -0.39056674 -0.91132236
vn -0.12309149 -0.49236596 0.86164045
vn 0.00000000 0.00000000 -1.00000000
vn -0.15617377 -0.31234753 0.93704259
vn -0.27472112 0.00000000 -0.96152395
vn 0.00000000 -0.70710677 0.70710677
vn -0.13736056 -0.54944223 -0.82416338
vn -0.14744195 -0.44232586 0.88465172
vn -0.14744195 -0.44232586 -0.88465172
vn 0.00000000 -0.49613893 0.86824316
vn -0.14142136 0.00000000 -0.98994946
vn -0.14744195 -0.44232586 0.88465172
vn 0.00000000 0.00000000 -1.00000000
vn 0.00000000 0.00000000 1.00000000
vn 0.00000000 0.00000000 -1.00000000
vn 0.00000000 -0.49613893 0.86824316
vn 0.00000000 0.00000000 -1.00000000
vn -0.14744195 -0.44232586 0.88465172
vn 0.00000000 0.00000000 -1.00000000
vn 0.00000000 0.00000000 1.00000000
vn 0.00000000 0.00000000 -1.00000000
vn 0.00000000 0.00000000 1.00000000
vn 0.00000000 0.00000000 -1.00000000
vn 0.00000000 0.00000000 1.00000000
vn -0.27472112 0.00000000 -0.96152395
vn 0.00000000 0.00000000 1.00000000
vn -0.31622776 0.00000000 -0.94868332
vn 0.00000000 0.00000000 1.00000000
vn -0.39391929 0.00000000 -0.91914505
vn -0.13018891 -0.39056674 0.91132236
vn 0.00000000 0.00000000 -1.00000000
vn -0.13736056 -0.54944223 0.82416338
vn 0.00000000 0.00000000 -1.00000000
vn -0.31622776 0.00000000 0.94868332
vn -0.24253562 0.00000000 -0.97014248
vn -0.31622776 0.00000000 0.94868332
vn -0.00000000 0.00000000 -1.00000000
vn -0.31622776 0.00000000 0.94868332
vn -0.27472112 0.00000000 -0.96152395
vn -0.31622776 0.00000000 0.94868332
vn -0.00000000 0.00000000 -1.00000000
vn -0.31622776 0.00000000 0.94868332
vn 0.00000000 0.00000000 -1.00000000
vn -0.31622776 0.00000000 0.94868332
vn -0.27472112 0.00000000 -0.96152395
vn -0.27472112 0.00000000 0.96152395
vn -0.00000000 0.00000000 -1.00000000
vn -0.00000000 0.00000000 1.00000000
vn -0.27472112 0.00000000 -0.96152395
vn -0.16439898 0.00000000 0.98639393
vn -0.00000000 0.00000000 -1.00000000
vn -0.27472112 0.00000000 0.96152395
vn 0.00000000 0.00000000 -1.00000000
vn 0.00000000 0.00000000 1.00000000
vn 0.00000000 0.00000000 -1.00000000
vn 0.00000000 0.00000000 1.00000000
vn -0.24253562 0.00000000 -0.97014248
vn -0.35112345 0.00000000 0.93632919
vn -0.00000000 0.00000000 -1.00000000
vn -0.00000000 0.00000000 1.00000000
vn -0.39391929 0.00000000 -0.91914505
vn -0.44721359 0.00000000 0.89442718
vn 0.00000000 0.00000000 -1.00000000
vn -0.27472112 0.00000000 0.96152395
vn 0.00000000 0.00000000 -1.00000000
vn -0.60000002 0.00000000 0.80000001
vn -0.24253562 0.00000000 -0.97014248
vn -0.60000002 0.00000000 0.80000001
vn -0.00000000 0.00000000 -1.00000000
vn -0.60000002 0.00000000 0.80000001
vn -0.31622776 0.00000000 -0.94868332
vn -0.55470020 0.00000000 0.83205032
vn -0.31622776 0.94868332 -0.00000000
vn -0.24253562 0.97014248 0.00000000
vn -0.51449573 0.85749292 0.00000000
vn -0.62469506 0.46852130 -0.62469506
vn -0.51449573 0.00000000 0.85749292
vn -0.44721359 0.89442718 0.00000000
vn -0.39391929 0.91914505 0.00000000
vn -0.14142136 0.98994946 0.00000000
vn -0.44721359 0.89442718 0.00000000
vn -0.27216554 0.95257932 0.13608277
vn -0.27216554 -0.68041384 -0.68041384
vn -0.00000000 -1.00000000 -0.00000000
vn -0.00000000 -1.00000000 0.00000000
vn -0.00000000 -1.00000000 0.00000000
vn -0.00000000 -1.00000000 0.00000000
vn -0.27216554 -0.68041384 0.68041384
vn -0.27216554 -0.68041384 -0.68041384
vn -0.00000000 -1.00000000 -0.00000000
vn -0.00000000 -1.00000000 0.00000000
vn -0.00000000 -1.00000000 0.00000000
vn -0.00000000 -1.00000000 0.00000000
vn -0.27216554 -0.68041384 0.68041384
vn -0.15617377 -0.31234753 -0.93704259
vn 0.00000000 -1.00000000 -0.00000000
vn 0.00000000 -1.00000000 0.00000000
vn -0.10050378 -0.70352650 0.70352650
vn -0.12309149 -0.49236596 -0.86164045
vn -0.10050378 -0.70352650 0.70352650
vn -0.13018891 -0.39056674 -0.91132236
vn -0.14744195 -0.44232586 0.88465172
vn 0.00000000 0.00000000 -1.00000000
vn 0.00000000 -0.49613893 0.86824316
vn -0.12309149 -0.49236596 -0.86164045
vn -0.14744195 -0.44232586 0.88465172
vn -0.14744195 -0.44232586 -0.88465172
vn -0.15617377 -0.31234753 0.93704259
vn -0.14142136 0.00000000 -0.98994946
vn 0.00000000 -0.49613893 0.86824316
vn 0.00000000 0.00000000 -1.00000000
vn 0.00000000 -0.44721359 0.89442718
vn 0.00000000 0.00000000 -1.00000000
vn 0.00000000 -0.44721359 0.89442718
vn 0.00000000 0.00000000 -1.00000000
vn 0.00000000 0.00000000 1.00000000
vn 0.00000000 0.00000000 -1.00000000
vn 0.00000000 -0.44721359 0.89442718
vn 0.00000000 0.00000000 -1.00000000
vn 0.00000000 -0.44721359 0.89442718
vn 0.00000000 0.00000000 -1.00000000
vn 0.00000000 0.00000000 1.00000000
vn -0.27472112 0.00000000 -0.96152395
vn 0.00000000 0.00000000 1.00000000
vn -0.13736056 -0.54944223 -0.82416338
vn 0.00000000 0.00000000 1.00000000
vn -0.14744195 -0.44232586 -0.88465172
vn 0.00000000 0.00000000 1.00000000
vn -0.16439898 0.00000000 -0.98639393
vn -0.13018891 -0.39056674 0.91132236
vn -0.14142136 0.00000000 -0.98994946
vn -0.12309149 -0.49236596 0.86164045
vn -0.00000000 0.00000000 -1.00000000
vn 0.00000000 0.00000000 1.00000000
vn -0.39391929 0.00000000 -0.91914505
vn 0.00000000 0.00000000 1.00000000
vn 0.00000000 0.00000000 -1.00000000
vn 0.00000000 0.00000000 1.00000000
vn -0.24253562 0.00000000 -0.97014248
vn 0.00000000 0.00000000 1.00000000
vn -0.00000000 0.00000000 -1.00000000
vn 0.00000000 0.00000000 1.00000000
vn -0.31622776 0.00000000 -0.94868332
vn 0.00000000 0.00000000 1.00000000
vn -0.60000002 0.00000000 -0.80000001
vn 0.00000000 0.00000000 1.00000000
vn -0.00000000 0.00000000 -1.00000000
vn 0.00000000 0.00000000 1.00000000
vn -0.27472112 0.00000000 -0.96152395
vn -0.39391929 0.00000000 0.91914505
vn -0.00000000 0.00000000 -1.00000000
vn -0.31622776 0.00000000 0.94868332
vn -0.27472112 0.00000000 -0.96152395
vn -0.27472112 0.00000000 0.96152395
vn -0.00000000 0.00000000 -1.00000000
vn -0.00000000 0.00000000 1.00000000
vn 0.00000000 0.00000000 -1.00000000
vn -0.27472112 0.00000000 0.96152395
vn 0.00000000 0.00000000 -1.00000000
vn 0.00000000 0.00000000 1.00000000
vn -0.27472112 0.00000000 -0.96152395
vn -0.35112345 0.00000000 0.93632919
vn -0.14142136 0.00000000 -0.98994946
vn -0.00000000 0.00000000 1.00000000
vn -0.00000000 0.00000000 -1.00000000
vn -0.31622776 0.00000000 0.94868332
vn -0.39391929 0.00000000 -0.91914505
vn -0.39391929 0.00000000 0.91914505
vn 0.00000000 0.00000000 -1.00000000
vn -0.60000002 0.00000000 0.80000001
vn -0.24253562 0.00000000 -0.97014248
vn -0.60000002 0.00000000 0.80000001
vn -0.00000000 0.00000000 -1.00000000
vn -0.60000002 0.00000000 0.80000001
vn -0.60000002 0.00000000 -0.80000001
vn -0.51449573 0.00000000 0.85749292
vn -0.31622776 0.94868332 0.00000000
vn -0.31622776 0.94868332 -0.00000000
vn -0.27472112 0.96152395 0.00000000
vn -0.39391929 0.91914505 0.00000000
vn -0.51449573 0.85749292 0.00000000
vn -0.39391929 0.91914505 0.00000000
vn -0.44721359 0.89442718 0.00000000
vn -0.14142136 0.98994946 0.00000000
vn -0.44721359 0.89442718 0.00000000
vn -0.27216554 -0.68041384 -0.68041384
vn -0.00000000 -1.00000000 -0.00000000
vn -0.00000000 -1.00000000 0.00000000
vn 0.00000000 -1.00000000 0.00000000
vn 0.00000000 -1.00000000 0.00000000
vn -0.00000000 -1.00000000 0.00000000
vn -0.00000000 -1.00000000 0.00000000
vn -0.27216554 -0.68041384 0.68041384
vn -0.14002801 -0.70014006 -0.70014006
vn 0.00000000 -1.00000000 -0.00000000
vn -0.00000000 -1.00000000 0.00000000
vn -0.00000000 -1.00000000 0.00000000
vn 0.00000000 -1.00000000 0.00000000
vn -0.11704115 -0.70224690 0.70224690
vn -0.10050378 -0.70352650 -0.70352650
vn -0.14002801 -0.70014006 0.70014006
vn -0.13018891 -0.39056674 -0.91132236
vn 0.00000000 -0.70710677 0.70710677
vn -0.27472112 0.00000000 -0.96152395
vn 0.00000000 -0.44721359 0.89442718
vn -0.13736056 -0.54944223 -0.82416338
vn -0.15617377 -0.31234753 0.93704259
vn -0.13018891 -0.39056674 -0.91132236
vn 0.00000000 -0.70710677 0.70710677
vn 0.00000000 0.00000000 -1.00000000
vn -0.14744195 -0.44232586 0.88465172
vn 0.00000000 0.00000000 -1.00000000
vn 0.00000000 0.00000000 1.00000000
vn 0.00000000 0.00000000 -1.00000000
vn 0.00000000 -0.44721359 0.89442718
vn 0.00000000 0.00000000 -1.00000000
vn 0.00000000 -0.44721359 0.89442718
vn 0.00000000 0.00000000 -1.00000000
vn 0.00000000 0.00000000 1.00000000
vn 0.00000000 0.00000000 -1.00000000
vn 0.00000000 -0.44721359 0.89442718
vn 0.00000000 0.00000000 -1.00000000
vn 0.00000000 -0.44721359 0.89442718
vn -0.12309149 -0.49236596 -0.86164045
vn 0.00000000 0.00000000 1.00000000
vn -0.14744195 -0.44232586 -0.88465172
vn 0.00000000 0.00000000 1.00000000
vn -0.14142136 0.00000000 -0.98994946
vn 0.00000000 0.00000000 1.00000000
vn 0.00000000 0.00000000 -1.00000000
vn 0.00000000 -0.49613893 0.86824316
vn 0.00000000 0.00000000 -1.00000000
vn -0.14744195 -0.44232586 0.88465172
vn 0.00000000 0.00000000 -1.00000000
vn 0.00000000 0.00000000 1.00000000
vn -0.27472112 0.00000000 -0.96152395
vn 0.00000000 0.00000000 1.00000000
vn -0.14142136 0.00000000 -0.98994946
vn 0.00000000 0.00000000 1.00000000
vn -0.00000000 0.00000000 -1.00000000
vn 0.00000000 0.00000000 1.00000000
vn 0.00000000 0.00000000 -1.00000000
vn 0.00000000 0.00000000 1.00000000
vn -0.24253562 0.00000000 -0.97014248
vn 0.00000000 0.00000000 1.00000000
vn -0.00000000 0.00000000 -1.00000000
vn 0.00000000 0.00000000 1.00000000
vn 0.00000000 0.00000000 -1.00000000
vn 0.00000000 0.00000000 1.00000000
vn -0.27472112 0.00000000 -0.96152395
vn 0.00000000 0.00000000 1.00000000
vn -0.00000000 0.00000000 -1.00000000
vn 0.00000000 0.00000000 1.00000000
vn -0.27472112 0.00000000 -0.96152395
vn 0.00000000 0.00000000 1.00000000
vn -0.00000000 0.00000000 -1.00000000
vn 0.00000000 0.00000000 1.00000000
vn -0.27472112 0.00000000 -0.96152395
vn -0.39391929 0.00000000 0.91914505
vn -0.00000000 0.00000000 -1.00000000
vn -0.27472112 0.00000000 0.96152395
vn -0.39391929 0.00000000 -0.91914505
vn -0.00000000 0.00000000 1.00000000
vn 0.00000000 0.00000000 -1.00000000
vn 0.00000000 0.00000000 1.00000000
vn 0.00000000 0.00000000 -1.00000000
vn -0.39391929 0.00000000 0.91914505
vn -0.27472112 0.00000000 -0.96152395
vn -0.27472112 0.00000000 0.96152395
vn -0.14142136 0.00000000 -0.98994946
vn -0.00000000 0.00000000 1.00000000
vn -0.00000000 0.00000000 -1.00000000
vn -0.44721359 0.00000000 0.89442718
vn 0.00000000 0.00000000 -1.00000000
vn -0.39391929 0.00000000 0.91914505
vn -0.27472112 0.00000000 -0.96152395
vn -0.60000002 0.00000000 0.80000001
vn -0.60000002 0.00000000 -0.80000001
vn -0.55470020 0.00000000 0.83205032
vn -0.24253562 0.97014248 -0.00000000
vn -0.51449573 0.51449573 -0.68599433
vn -0.51449573 0.00000000 0.85749292
vn -0.12403473 0.99227786 0.00000000
vn -0.44721359 0.89442718 0.00000000
vn -0.00000000 1.00000000 -0.00000000
vn -0.00000000 1.00000000 0.00000000
vn -0.00000000 1.00000000 0.00000000
vn -0.00000000 1.00000000 0.00000000
vn -0.00000000 1.00000000 0.00000000
vn -0.00000000 1.00000000 0.00000000
vn -0.27216554 -0.68041384 -0.68041384
vn -0.00000000 -1.00000000 -0.00000000
vn -0.00000000 -1.00000000 0.00000000
vn 0.00000000 -1.00000000 0.00000000
vn 0.00000000 -1.00000000 0.00000000
vn 0.00000000 -1.00000000 0.00000000
vn 0.00000000 -1.00000000 0.00000000
vn -0.00000000 -1.00000000 0.00000000
vn 0.00000000 -1.00000000 0.00000000
vn -0.11704115 -0.70224690 0.70224690
vn -0.11704115 -0.70224690 -0.70224690
vn -0.00000000 -1.00000000 -0.00000000
vn -0.00000000 -1.00000000 0.00000000
vn -0.14002801 -0.70014006 0.70014006
vn -0.15617377 -0.31234753 -0.93704259
vn 0.00000000 -1.00000000 -0.00000000
vn 0.00000000 -1.00000000 0.00000000
vn -0.14744195 -0.44232586 0.88465172
vn 0.00000000 -0.49613893 -0.86824316
vn -0.15617377 -0.31234753 0.93704259
vn -0.18257418 -0.36514837 -0.91287094
vn 0.00000000 -0.70710677 0.70710677
vn -0.14142136 0.00000000 -0.98994946
vn -0.14744195 -0.44232586 0.88465172
vn 0.00000000 0.00000000 -1.00000000
vn 0.00000000 -0.44721359 0.89442718
vn 0.00000000 0.00000000 -1.00000000
vn 0.00000000 -0.44721359 0.89442718
vn 0.00000000 0.00000000 -1.00000000
vn 0.00000000 0.00000000 1.00000000
vn 0.00000000 0.00000000 -1.00000000
vn 0.00000000 -0.44721359 0.89442718
vn 0.00000000 0.00000000 -1.00000000
vn 0.00000000 -0.44721359 0.89442718
vn 0.00000000 0.00000000 -1.00000000
vn 0.00000000 0.00000000 1.00000000
vn -0.27472112 0.00000000 -0.96152395
vn 0.00000000 -0.44721359 0.89442718
vn -0.13736056 -0.54944223 -0.82416338
vn 0.00000000 -0.44721359 0.89442718
vn -0.13018891 -0.39056674 -0.91132236
vn 0.00000000 0.00000000 1.00000000
vn 0.00000000 0.00000000 -1.00000000
vn 0.00000000 0.00000000 1.00000000
vn 0.00000000 0.00000000 -1.00000000
vn 0.00000000 0.00000000 1.00000000
vn 0.00000000 0.00000000 -1.00000000
vn 0.00000000 -0.44721359 0.89442718
vn 0.00000000 0.00000000 -1.00000000
vn 0.00000000 -0.44721359 0.89442718
vn 0.00000000 0.00000000 -1.00000000
vn 0.00000000 0.00000000 1.00000000
vn 0.00000000 0.00000000 -1.00000000
vn 0.00000000 0.00000000 1.00000000
vn 0.00000000 0.00000000 -1.00000000
vn 0.00000000 0.00000000 1.00000000
vn -0.24253562 0.00000000 -0.97014248
vn 0.00000000 0.00000000 1.00000000
vn -0.00000000 0.00000000 -1.00000000
vn 0.00000000 0.00000000 1.00000000
vn 0.00000000 0.00000000 -1.00000000
vn 0.00000000 0.00000000 1.00000000
vn -0.27472112 0.00000000 -0.96152395
vn 0.00000000 0.00000000 1.00000000
vn -0.60000002 0.00000000 -0.80000001
vn 0.00000000 0.00000000 1.00000000
vn -0.00000000 0.00000000 -1.00000000
vn 0.00000000 0.00000000 1.00000000
vn -0.27472112 0.00000000 -0.96152395
vn 0.00000000 0.00000000 1.00000000
vn -0.00000000 0.00000000 -1.00000000
vn 0.00000000 0.00000000 1.00000000
vn -0.27472112 0.00000000 -0.96152395
vn 0.00000000 0.00000000 1.00000000
vn -0.00000000 0.00000000 -1.00000000
vn 0.00000000 0.00000000 1.00000000
vn -0.31622776 0.00000000 -0.94868332
vn 0.00000000 0.00000000 1.00000000
vn -0.14142136 0.00000000 -0.98994946
vn -0.35112345 0.00000000 0.93632919
vn -0.00000000 0.00000000 -1.00000000
vn -0.00000000 0.00000000 1.00000000
vn 0.00000000 0.00000000 -1.00000000
vn 0.00000000 0.00000000 1.00000000
vn 0.00000000 0.00000000 -1.00000000
vn 0.00000000 0.00000000 1.00000000
vn 0.00000000 0.00000000 -1.00000000
vn -0.39391929 0.00000000 0.91914505
vn -0.24253562 0.00000000 -0.97014248
vn -0.00000000 0.00000000 1.00000000
vn -0.00000000 0.00000000 -1.00000000
vn 0.00000000 0.00000000 1.00000000
vn 0.00000000 0.00000000 -1.00000000
vn -0.44721359 0.00000000 0.89442718
vn 0.00000000 0.00000000 -1.00000000
vn -0.44721359 0.00000000 0.89442718
vn -0.60000002 0.00000000 -0.80000001
vn -0.51449573 0.00000000 0.85749292
vn -0.31622776 0.94868332 0.00000000
vn -0.00000000 1.00000000 -0.00000000
vn 0.00000000 1.00000000 0.00000000
vn -0.19611613 0.98058069 0.00000000
vn -0.27472112 0.96152395 0.00000000
vn -0.44721359 0.89442718 0.00000000
vn -0.44721359 0.89442718 0.00000000
vn -0.14142136 0.98994946 0.00000000
vn -0.14142136 0.98994946 0.00000000
vn -0.00000000 1.00000000 0.00000000
vn -0.14002801 -0.70014006 -0.70014006
vn 0.00000000 -1.00000000 -0.00000000
vn -0.00000000 -1.00000000 0.00000000
vn 0.00000000 -1.00000000 0.00000000
vn 0.00000000 -1.00000000 0.00000000
vn 0.00000000 -1.00000000 0.00000000
vn 0.00000000 -1.00000000 0.00000000
vn 0.00000000 -1.00000000 0.00000000
vn 0.00000000 -1.00000000 0.00000000
vn -0.00000000 -1.00000000 0.00000000
vn -0.14002801 -0.70014006 0.70014006
vn -0.14002801 -0.70014006 -0.70014006
vn 0.00000000 -1.00000000 -0.00000000
vn -0.00000000 -1.00000000 0.00000000
vn 0.00000000 -1.00000000 0.00000000
vn -0.11704115 -0.70224690 0.70224690
vn 0.00000000 -0.44721359 -0.89442718
vn 0.00000000 -0.70710677 0.70710677
vn -0.14744195 -0.44232586 -0.88465172
vn -0.14744195 -0.44232586 0.88465172
vn 0.00000000 -0.49613893 -0.86824316
vn 0.00000000 -0.44721359 0.89442718
vn 0.00000000 0.00000000 -1.00000000
vn 0.00000000 -0.44721359 0.89442718
vn 0.00000000 0.00000000 -1.00000000
vn 0.00000000 -0.44721359 0.89442718
vn 0.00000000 0.00000000 -1.00000000
vn 0.00000000 -0.44721359 0.89442718
vn 0.00000000 0.00000000 -1.00000000
vn 0.00000000 0.00000000 1.00000000
vn 0.00000000 0.00000000 -1.00000000
vn 0.00000000 -0.44721359 0.89442718
vn -0.27472112 0.00000000 -0.96152395
vn 0.00000000 -0.44721359 0.89442718
vn -0.13736056 -0.54944223 -0.82416338
vn 0.00000000 0.00000000 1.00000000
vn -0.14744195 -0.44232586 -0.88465172
vn 0.00000000 -0.44721359 0.89442718
vn -0.14142136 0.00000000 -0.98994946
vn 0.00000000 -0.44721359 0.89442718
vn 0.00000000 0.00000000 -1.00000000
vn 0.00000000 0.00000000 1.00000000
vn 0.00000000 0.00000000 -1.00000000
vn 0.00000000 0.00000000 1.00000000
vn 0.00000000 0.00000000 -1.00000000
vn 0.00000000 0.00000000 1.00000000
vn 0.00000000 0.00000000 -1.00000000
vn 0.00000000 -0.44721359 0.89442718
vn 0.00000000 0.00000000 -1.00000000
vn 0.00000000 -0.44721359 0.89442718
vn 0.00000000 0.00000000 -1.00000000
vn 0.00000000 0.00000000 1.00000000
vn 0.00000000 0.00000000 -1.00000000
vn 0.00000000 0.00000000 1.00000000
vn 0.00000000 0.00000000 -1.00000000
vn 0.00000000 0.00000000 1.00000000
vn 0.00000000 0.00000000 -1.00000000
vn 0.00000000 0.00000000 1.00000000
vn -0.24253562 0.00000000 -0.97014248
vn 0.00000000 0.00000000 1.00000000
vn -0.00000000 0.00000000 -1.00000000
vn 0.00000000 0.00000000 1.00000000
vn 0.00000000 0.00000000 -1.00000000
vn 0.00000000 0.00000000 1.00000000
vn 0.00000000 0.00000000 -1.00000000
vn 0.00000000 0.00000000 1.00000000
vn -0.27472112 0.00000000 -0.96152395
vn 0.00000000 0.00000000 1.00000000
vn -0.00000000 0.00000000 -1.00000000
vn 0.00000000 0.00000000 1.00000000
vn -0.27472112 0.00000000 -0.96152395
vn 0.00000000 0.00000000 1.00000000
vn -0.00000000 0.00000000 -1.00000000
vn 0.00000000 0.00000000 1.00000000
vn -0.27472112 0.00000000 -0.96152395
vn 0.00000000 0.00000000 1.00000000
vn -0.00000000 0.00000000 -1.00000000
vn 0.00000000 0.00000000 1.00000000
vn 0.00000000 0.00000000 -1.00000000
vn 0.00000000 0.00000000 1.00000000
vn -0.24253562 0.00000000 -0.97014248
vn -0.35112345 0.00000000 0.93632919
vn -0.00000000 0.00000000 -1.00000000
vn -0.00000000 0.00000000 1.00000000
vn -0.39391929 0.00000000 -0.91914505
vn 0.00000000 0.00000000 1.00000000
vn 0.00000000 0.00000000 -1.00000000
vn 0.00000000 0.00000000 1.00000000
vn 0.00000000 0.00000000 -1.00000000
vn 0.00000000 0.00000000 1.00000000
vn -0.27472112 0.00000000 -0.96152395
vn -0.44721359 0.00000000 0.89442718
vn -0.00000000 0.00000000 -1.00000000
vn -0.00000000 0.00000000 1.00000000
vn -0.27472112 0.00000000 -0.96152395
vn 0.00000000 0.00000000 1.00000000
vn -0.24253562 0.97014248 -0.00000000
vn 0.00000000 0.70710677 -0.70710677
vn -0.37139067 0.00000000 0.92847669
vn 0.00000000 1.00000000 -0.00000000
vn -0.19611613 0.98058069 0.00000000
vn -0.46852130 0.62469506 -0.62469506
vn -0.51449573 0.00000000 0.85749292
vn -0.16439898 0.98639393 0.00000000
vn -0.00000000 1.00000000 0.00000000
vn -0.00000000 1.00000000 -0.00000000
vn -0.00000000 1.00000000 0.00000000
vn -0.00000000 1.00000000 0.00000000
vn -0.00000000 1.00000000 0.00000000
vn 0.00000000 -0.70710677 -0.70710677
vn 0.00000000 -1.00000000 -0.00000000
vn 0.00000000 -1.00000000 0.00000000
vn 0.00000000 -1.00000000 0.00000000
vn 0.00000000 -1.00000000 0.00000000
vn 0.00000000 -1.00000000 0.00000000
vn 0.00000000 -1.00000000 0.00000000
vn 0.00000000 -1.00000000 0.00000000
vn 0.00000000 -1.00000000 0.00000000
vn -0.00000000 -1.00000000 0.00000000
vn 0.00000000 -1.00000000 0.00000000
vn -0.11704115 -0.70224690 0.70224690
vn 0.00000000 -0.70710677 -0.70710677
vn 0.00000000 -1.00000000 -0.00000000
vn 0.00000000 -1.00000000 0.00000000
vn 0.00000000 -0.70710677 0.70710677
vn 0.00000000 -0.70710677 -0.70710677
vn 0.00000000 -0.70710677 0.70710677
vn -0.15617377 -0.31234753 -0.93704259
vn 0.00000000 -0.44721359 0.89442718
vn 0.00000000 0.00000000 -1.00000000
vn 0.00000000 -0.44721359 0.89442718
vn 0.00000000 0.00000000 -1.00000000
vn 0.00000000 -0.44721359 0.89442718
vn 0.00000000 0.00000000 -1.00000000
vn 0.00000000 -0.44721359 0.89442718
vn -0.27472112 0.00000000 -0.96152395
vn 0.00000000 -0.44721359 0.89442718
vn -0.31622776 0.00000000 -0.94868332
vn 0.00000000 0.00000000 1.00000000
vn -0.13736056 -0.54944223 -0.82416338
vn 0.00000000 -0.44721359 0.89442718
vn -0.14744195 -0.44232586 -0.88465172
vn 0.00000000 -0.44721359 0.89442718
vn -0.14142136 0.00000000 -0.98994946
vn 0.00000000 0.00000000 1.00000000
vn 0.00000000 0.00000000 -1.00000000
vn 0.00000000 -0.44721359 0.89442718
vn 0.00000000 0.00000000 -1.00000000
vn 0.00000000 -0.44721359 0.89442718
vn 0.00000000 0.00000000 -1.00000000
vn 0.00000000 0.00000000 1.00000000
vn 0.00000000 0.00000000 -1.00000000
vn 0.00000000 0.00000000 1.00000000
vn 0.00000000 0.00000000 -1.00000000
vn 0.00000000 0.00000000 1.00000000
vn 0.00000000 0.00000000 -1.00000000
vn 0.00000000 -0.44721359 0.89442718
vn 0.00000000 0.00000000 -1.00000000
vn 0.00000000 -0.44721359 0.89442718
vn 0.00000000 0.00000000 -1.00000000
vn 0.00000000 0.00000000 1.00000000
vn 0.00000000 0.00000000 -1.00000000
vn 0.00000000 0.00000000 1.00000000
vn 0.00000000 0.00000000 -1.00000000
vn 0.00000000 0.00000000 1.00000000
vn 0.00000000 0.00000000 -1.00000000
vn 0.00000000 0.00000000 1.00000000
vn 0.00000000 0.00000000 -1.00000000
vn 0.00000000 0.00000000 1.00000000
vn -0.27472112 0.00000000 -0.96152395
vn 0.00000000 0.00000000 1.00000000
vn -0.00000000 0.00000000 -1.00000000
vn 0.00000000 0.00000000 1.00000000
vn -0.24253562 0.00000000 -0.97014248
vn 0.00000000 0.00000000 1.00000000
vn -0.00000000 0.00000000 -1.00000000
vn 0.00000000 0.00000000 1.00000000
vn -0.27472112 0.00000000 -0.96152395
vn 0.00000000 0.00000000 1.00000000
vn -0.00000000 0.00000000 -1.00000000
vn 0.00000000 0.00000000 1.00000000
vn -0.27472112 0.00000000 -0.96152395
vn 0.00000000 0.00000000 1.00000000
vn -0.00000000 0.00000000 -1.00000000
vn 0.00000000 0.00000000 1.00000000
vn -0.27472112 0.00000000 -0.96152395
vn 0.00000000 0.00000000 1.00000000
vn -0.00000000 0.00000000 -1.00000000
vn 0.00000000 0.00000000 1.00000000
vn 0.00000000 0.00000000 -1.00000000
vn 0.00000000 0.00000000 1.00000000
vn -0.27472112 0.00000000 -0.96152395
vn -0.39391929 0.00000000 0.91914505
vn -0.14142136 0.00000000 -0.98994946
vn -0.00000000 0.00000000 1.00000000
vn -0.00000000 0.00000000 -1.00000000
vn 0.00000000 0.00000000 1.00000000
vn 0.00000000 0.00000000 -1.00000000
vn -0.39391929 0.00000000 0.91914505
vn 0.00000000 0.00000000 -1.00000000
vn -0.00000000 0.00000000 1.00000000
vn 0.00000000 0.00000000 -1.00000000
vn 0.00000000 0.00000000 1.00000000
vn 0.00000000 0.00000000 -1.00000000
vn -0.44721359 0.00000000 0.89442718
vn -0.60000002 0.00000000 -0.80000001
vn 0.00000000 0.70710677 0.70710677
vn -0.00000000 1.00000000 0.00000000
vn -0.00000000 1.00000000 -0.00000000
vn -0.24253562 0.97014248 0.00000000
vn -0.46852130 0.62469506 -0.62469506
vn -0.37139067 0.00000000 0.92847669
vn 0.00000000 1.00000000 0.00000000
vn -0.00000000 1.00000000 -0.00000000
vn 0.00000000 1.00000000 0.00000000
vn 0.00000000 1.00000000 0.00000000
vn 0.00000000 1.00000000 0.00000000
vn 0.00000000 1.00000000 0.00000000
vn -0.00000000 1.00000000 0.00000000
vn -0.11704115 -0.70224690 -0.70224690
vn -0.00000000 -1.00000000 -0.00000000
vn 0.00000000 -1.00000000 0.00000000
vn 0.00000000 -1.00000000 0.00000000
vn 0.00000000 -1.00000000 0.00000000
vn 0.00000000 -1.00000000 0.00000000
vn 0.00000000 -1.00000000 0.00000000
vn 0.00000000 -1.00000000 0.00000000
vn 0.00000000 -1.00000000 0.00000000
vn 0.00000000 -1.00000000 0.00000000
vn 0.00000000 -1.00000000 0.00000000
vn 0.00000000 -0.70710677 0.70710677
vn -0.11704115 -0.70224690 -0.70224690
vn -0.00000000 -1.00000000 -0.00000000
vn 0.00000000 -1.00000000 0.00000000
vn 0.00000000 -0.70710677 0.70710677
vn -0.10050378 -0.70352650 -0.70352650
vn 0.00000000 -0.70710677 0.70710677
vn 0.00000000 -0.49613893 -0.86824316
vn 0.00000000 -0.44721359 0.89442718
vn 0.00000000 0.00000000 -1.00000000
vn 0.00000000 -0.44721359 0.89442718
vn -0.27472112 0.00000000 -0.96152395
vn 0.00000000 -0.44721359 0.89442718
vn -0.13736056 -0.54944223 -0.82416338
vn 0.00000000 -0.44721359 0.89442718
vn -0.14744195 -0.44232586 -0.88465172
vn 0.00000000 -0.44721359 0.89442718
vn -0.16439898 0.00000000 -0.98639393
vn 0.00000000 0.00000000 1.00000000
vn -0.14142136 0.00000000 -0.98994946
vn 0.00000000 -0.44721359 0.89442718
vn 0.00000000 0.00000000 -1.00000000
vn 0.00000000 -0.44721359 0.89442718
vn 0.00000000 0.00000000 -1.00000000
vn 0.00000000 0.00000000 1.00000000
vn 0.00000000 0.00000000 -1.00000000
vn 0.00000000 -0.49613893 0.86824316
vn 0.00000000 0.00000000 -1.00000000
vn 0.13608277 -0.27216554 0.95257932
vn 0.00000000 0.00000000 -1.00000000
vn 0.00000000 0.00000000 1.00000000
vn 0.00000000 0.00000000 -1.00000000
vn 0.00000000 0.00000000 1.00000000
vn 0.00000000 0.00000000 -1.00000000
vn 0.00000000 0.00000000 1.00000000
vn 0.00000000 0.00000000 -1.00000000
vn 0.00000000 -0.44721359 0.89442718
vn 0.00000000 0.00000000 -1.00000000
vn 0.00000000 -0.44721359 0.89442718
vn 0.00000000 0.00000000 -1.00000000
vn 0.00000000 0.00000000 1.00000000
vn 0.00000000 0.00000000 -1.00000000
vn 0.00000000 0.00000000 1.00000000
vn 0.00000000 0.00000000 -1.00000000
vn 0.00000000 0.00000000 1.00000000
vn 0.00000000 0.00000000 -1.00000000
vn 0.00000000 0.00000000 1.00000000
vn 0.00000000 0.00000000 -1.00000000
vn 0.00000000 0.00000000 1.00000000
vn 0.00000000 0.00000000 -1.00000000
vn 0.00000000 0.00000000 1.00000000
vn 0.00000000 0.00000000 -1.00000000
vn 0.00000000 0.00000000 1.00000000
vn 0.00000000 0.00000000 -1.00000000
vn 0.00000000 0.00000000 1.00000000
vn -0.24253562 0.00000000 -0.97014248
vn 0.00000000 0.00000000 1.00000000
vn -0.00000000 0.00000000 -1.00000000
vn 0.00000000 0.00000000 1.00000000
vn -0.27472112 0.00000000 -0.96152395
vn 0.00000000 0.00000000 1.00000000
vn -0.00000000 0.00000000 -1.00000000
vn 0.00000000 0.00000000 1.00000000
vn -0.27472112 0.00000000 -0.96152395
vn 0.00000000 0.00000000 1.00000000
vn -0.00000000 0.00000000 -1.00000000
vn 0.00000000 0.00000000 1.00000000
vn -0.27472112 0.00000000 -0.96152395
vn 0.00000000 0.00000000 1.00000000
vn -0.00000000 0.00000000 -1.00000000
vn 0.00000000 0.00000000 1.00000000
vn -0.39391929 0.00000000 -0.91914505
vn 0.00000000 0.00000000 1.00000000
vn 0.00000000 0.00000000 -1.00000000
vn 0.00000000 0.00000000 1.00000000
vn -0.24253562 0.00000000 -0.97014248
vn 0.00000000 0.00000000 1.00000000
vn -0.00000000 0.00000000 -1.00000000
vn 0.00000000 0.00000000 1.00000000
vn 0.00000000 0.00000000 -1.00000000
vn 0.00000000 0.00000000 1.00000000
vn -0.27472112 0.00000000 -0.96152395
vn -0.39391929 0.00000000 0.91914505
vn -0.00000000 0.00000000 -1.00000000
vn -0.00000000 0.00000000 1.00000000
vn 0.00000000 0.00000000 -1.00000000
vn 0.00000000 0.89442718 0.44721359
vn -0.31622776 0.94868332 0.00000000
vn 0.00000000 1.00000000 -0.00000000
vn -0.51449573 0.51449573 -0.68599433
vn 0.00000000 0.89442718 0.44721359
vn -0.31622776 0.94868332 0.00000000
vn -0.00000000 1.00000000 -0.00000000
vn 0.00000000 1.00000000 0.00000000
vn 0.00000000 1.00000000 0.00000000
vn 0.00000000 1.00000000 0.00000000
vn 0.00000000 1.00000000 0.00000000
vn 0.00000000 1.00000000 0.00000000
vn 0.00000000 1.00000000 0.00000000
vn -0.14002801 -0.70014006 -0.70014006
vn 0.00000000 -1.00000000 -0.00000000
vn -0.00000000 -1.00000000 0.00000000
vn 0.00000000 -1.00000000 0.00000000
vn 0.00000000 -1.00000000 0.00000000
vn 0.00000000 -1.00000000 0.00000000
vn 0.00000000 -1.00000000 0.00000000
vn 0.00000000 -1.00000000 0.00000000
vn 0.00000000 -1.00000000 0.00000000
vn 0.00000000 -1.00000000 0.00000000
vn 0.00000000 -1.00000000 0.00000000
vn 0.00000000 -1.00000000 0.00000000
vn 0.00000000 -0.70710677 0.70710677
vn -0.14002801 -0.70014006 -0.70014006
vn 0.00000000 -1.00000000 -0.00000000
vn 0.00000000 -1.00000000 0.00000000
vn 0.00000000 -0.70710677 0.70710677
vn -0.15617377 -0.31234753 -0.93704259
vn 0.00000000 -0.70710677 0.70710677
vn 0.00000000 0.00000000 -1.00000000
vn 0.00000000 -0.44721359 0.89442718
vn 0.00000000 -0.49613893 -0.86824316
vn 0.00000000 -0.44721359 0.89442718
vn -0.18257418 -0.36514837 -0.91287094
vn 0.00000000 -0.44721359 0.89442718
vn -0.14142136 0.00000000 -0.98994946
vn 0.00000000 -0.49613893 0.86824316
vn 0.00000000 0.00000000 -1.00000000
vn 0.13608277 -0.27216554 0.95257932
vn 0.00000000 0.00000000 -1.00000000
vn 0.00000000 0.00000000 1.00000000
vn 0.00000000 0.00000000 -1.00000000
vn 0.00000000 -0.49613893 0.86824316
vn 0.00000000 0.00000000 -1.00000000
vn 0.13608277 -0.27216554 0.95257932
vn 0.00000000 0.00000000 -1.00000000
vn 0.00000000 0.00000000 1.00000000
vn 0.00000000 0.00000000 -1.00000000
vn 0.00000000 0.00000000 1.00000000
vn 0.00000000 0.00000000 -1.00000000
vn 0.48507124 -0.48507124 0.72760689
vn 0.00000000 0.00000000 -1.00000000
vn 0.00000000 -0.49613893 0.86824316
vn 0.00000000 0.00000000 -1.00000000
vn 0.00000000 0.00000000 1.00000000
vn 0.00000000 0.00000000 -1.00000000
vn 0.00000000 0.00000000 1.00000000
vn 0.00000000 0.00000000 -1.00000000
vn 0.00000000 -0.44721359 0.89442718
vn 0.00000000 0.00000000 -1.00000000
vn 0.00000000 -0.44721359 0.89442718
vn 0.00000000 0.00000000 -1.00000000
vn 0.00000000 0.00000000 1.00000000
vn 0.00000000 0.00000000 -1.00000000
vn 0.00000000 0.00000000 1.00000000
vn 0.00000000 0.00000000 -1.00000000
vn 0.00000000 0.00000000 1.00000000
vn 0.00000000 0.00000000 -1.00000000
vn 0.00000000 0.00000000 1.00000000
vn 0.00000000 0.00000000 -1.00000000
vn 0.00000000 0.00000000 1.00000000
vn 0.00000000 0.00000000 -1.00000000
vn 0.00000000 0.00000000 1.00000000
vn -0.24253562 0.00000000 -0.97014248
vn 0.00000000 0.00000000 1.00000000
vn -0.00000000 0.00000000 -1.00000000
vn 0.00000000 0.00000000 1.00000000
vn 0.00000000 0.00000000 -1.00000000
vn 0.00000000 0.00000000 1.00000000
vn -0.24253562 0.00000000 -0.97014248
vn 0.00000000 0.00000000 1.00000000
vn -0.00000000 0.00000000 -1.00000000
vn 0.00000000 0.00000000 1.00000000
vn -0.27472112 0.00000000 -0.96152395
vn 0.00000000 0.00000000 1.00000000
vn -0.00000000 0.00000000 -1.00000000
vn 0.00000000 0.00000000 1.00000000
vn -0.27472112 0.00000000 -0.96152395
vn 0.00000000 0.00000000 1.00000000
vn -0.00000000 0.00000000 -1.00000000
vn 0.00000000 0.00000000 1.00000000
vn -0.31622776 0.00000000 -0.94868332
vn 0.00000000 0.00000000 1.00000000
vn -0.14142136 0.00000000 -0.98994946
vn 0.00000000 0.00000000 1.00000000
vn -0.00000000 0.00000000 -1.00000000
vn -0.39391929 0.00000000 0.91914505
vn 0.00000000 0.00000000 -1.00000000
vn -0.00000000 0.00000000 1.00000000
vn -0.24253562 0.00000000 -0.97014248
vn 0.00000000 0.00000000 1.00000000
vn -0.00000000 0.00000000 -1.00000000
vn 0.00000000 0.00000000 1.00000000
vn 0.00000000 0.00000000 -1.00000000
vn 0.00000000 0.00000000 1.00000000
vn 0.00000000 0.00000000 -1.00000000
vn 0.00000000 0.00000000 1.00000000
vn 0.00000000 0.00000000 -1.00000000
vn -0.37139067 0.00000000 0.92847669
vn -0.44721359 0.89442718 -0.00000000
vn 0.00000000 0.80000001 -0.60000002
vn -0.37139067 0.00000000 0.92847669
vn -0.00000000 1.00000000 0.00000000
vn 0.00000000 1.00000000 -0.00000000
vn 0.00000000 1.00000000 0.00000000
vn 0.00000000 1.00000000 0.00000000
vn 0.00000000 1.00000000 0.00000000
vn 0.00000000 1.00000000 0.00000000
vn 0.00000000 1.00000000 0.00000000
vn 0.00000000 1.00000000 0.00000000
vn -0.00000000 1.00000000 0.00000000
vn 0.00000000 -0.70710677 -0.70710677
vn 0.00000000 -1.00000000 -0.00000000
vn 0.00000000 -1.00000000 0.00000000
vn 0.00000000 -1.00000000 0.00000000
vn 0.00000000 -1.00000000 0.00000000
vn 0.00000000 -1.00000000 0.00000000
vn 0.00000000 -1.00000000 0.00000000
vn 0.00000000 -1.00000000 0.00000000
vn 0.00000000 -1.00000000 0.00000000
vn 0.00000000 -1.00000000 0.00000000
vn 0.00000000 -1.00000000 0.00000000
vn 0.00000000 -1.00000000 0.00000000
vn 0.14002801 -0.70014006 0.70014006
vn 0.00000000 -0.70710677 -0.70710677
vn 0.00000000 -1.00000000 -0.00000000
vn 0.00000000 -1.00000000 0.00000000
vn 0.00000000 -0.70710677 0.70710677
vn 0.00000000 -0.44721359 -0.89442718
vn 0.00000000 -0.70710677 0.70710677
vn 0.00000000 0.00000000 -1.00000000
vn 0.13608277 -0.27216554 0.95257932
vn -0.14744195 -0.44232586 -0.88465172
vn 0.00000000 -0.55470020 0.83205032
vn 0.00000000 -0.49613893 -0.86824316
vn 0.13608277 -0.27216554 0.95257932
vn 0.00000000 0.00000000 -1.00000000
vn 0.00000000 0.00000000 1.00000000
vn 0.00000000 0.00000000 -1.00000000
vn 0.48507124 -0.48507124 0.72760689
vn 0.00000000 0.00000000 -1.00000000
vn 0.00000000 -0.49613893 0.86824316
vn 0.00000000 0.00000000 -1.00000000
vn 0.00000000 0.00000000 1.00000000
vn 0.00000000 0.00000000 -1.00000000
vn 0.48507124 -0.48507124 0.72760689
vn 0.00000000 0.00000000 -1.00000000
vn 0.00000000 -0.49613893 0.86824316
vn 0.00000000 0.00000000 -1.00000000
vn 0.00000000 0.00000000 1.00000000
vn 0.00000000 0.00000000 -1.00000000
vn 0.00000000 -0.49613893 0.86824316
vn 0.00000000 0.00000000 -1.00000000
vn 0.13608277 -0.27216554 0.95257932
vn 0.00000000 0.00000000 -1.00000000
vn 0.00000000 0.00000000 1.00000000
vn 0.00000000 0.00000000 -1.00000000
vn 0.00000000 0.00000000 1.00000000
vn 0.00000000 0.00000000 -1.00000000
vn 0.00000000 -0.44721359 0.89442718
vn 0.00000000 0.00000000 -1.00000000
vn 0.00000000 -0.44721359 0.89442718
vn 0.00000000 0.00000000 -1.00000000
vn 0.00000000 0.00000000 1.00000000
vn 0.00000000 0.00000000 -1.00000000
vn 0.00000000 0.00000000 1.00000000
vn 0.00000000 0.00000000 -1.00000000
vn 0.00000000 0.00000000 1.00000000
vn 0.00000000 0.00000000 -1.00000000
vn 0.00000000 0.00000000 1.00000000
vn 0.00000000 0.00000000 -1.00000000
vn 0.00000000 0.00000000 1.00000000
vn 0.00000000 0.00000000 -1.00000000
vn 0.00000000 0.00000000 1.00000000
vn 0.00000000 0.00000000 -1.00000000
vn 0.00000000 0.00000000 1.00000000
vn -0.24253562 0.00000000 -0.97014248
vn 0.00000000 0.00000000 1.00000000
vn -0.00000000 0.00000000 -1.00000000
vn 0.00000000 0.00000000 1.00000000
vn 0.00000000 0.00000000 -1.00000000
vn 0.00000000 0.00000000 1.00000000
vn -0.24253562 0.00000000 -0.97014248
vn 0.00000000 0.00000000 1.00000000
vn -0.00000000 0.00000000 -1.00000000
vn 0.00000000 0.00000000 1.00000000
vn -0.27472112 0.00000000 -0.96152395
vn 0.00000000 0.00000000 1.00000000
vn -0.00000000 0.00000000 -1.00000000
vn 0.00000000 0.00000000 1.00000000
vn -0.27472112 0.00000000 -0.96152395
vn 0.00000000 0.00000000 1.00000000
vn -0.00000000 0.00000000 -1.00000000
vn 0.00000000 0.00000000 1.00000000
vn 0.00000000 0.00000000 -1.00000000
vn 0.00000000 0.00000000 1.00000000
vn -0.24253562 0.00000000 -0.97014248
vn 0.00000000 0.00000000 1.00000000
vn -0.00000000 0.00000000 -1.00000000
vn 0.00000000 0.00000000 1.00000000
vn 0.00000000 0.00000000 -1.00000000
vn 0.00000000 0.00000000 1.00000000
vn -0.27472112 0.00000000 -0.96152395
vn -0.39391929 0.00000000 0.91914505
vn -0.00000000 0.00000000 -1.00000000
vn -0.00000000 0.00000000 1.00000000
vn 0.00000000 0.00000000 -1.00000000
vn 0.00000000 0.00000000 1.00000000
vn 0.00000000 0.00000000 -1.00000000
vn 0.00000000 0.00000000 1.00000000
vn -0.60000002 0.00000000 -0.80000001
vn 0.00000000 0.70710677 0.70710677
vn 0.00000000 1.00000000 0.00000000
vn -0.00000000 1.00000000 -0.00000000
vn 0.00000000 1.00000000 0.00000000
vn 0.00000000 1.00000000 0.00000000
vn 0.00000000 1.00000000 0.00000000
vn 0.00000000 1.00000000 0.00000000
vn 0.00000000 1.00000000 0.00000000
vn 0.00000000 1.00000000 0.00000000
vn 0.00000000 1.00000000 0.00000000
vn 0.00000000 1.00000000 0.00000000
vn 0.00000000 -0.70710677 -0.70710677
vn 0.00000000 -1.00000000 -0.00000000
vn 0.00000000 -1.00000000 0.00000000
vn 0.00000000 -1.00000000 0.00000000
vn 0.00000000 -1.00000000 0.00000000
vn 0.00000000 -1.00000000 0.00000000
vn 0.00000000 -1.00000000 0.00000000
vn 0.00000000 -1.00000000 0.00000000
vn 0.00000000 -1.00000000 0.00000000
vn 0.00000000 -1.00000000 0.00000000
vn 0.00000000 -1.00000000 0.00000000
vn 0.37139067 -0.74278134 0.55708599
vn 0.00000000 -0.70710677 -0.70710677
vn 0.00000000 -1.00000000 -0.00000000
vn 0.00000000 -1.00000000 0.00000000
vn 0.00000000 -1.00000000 0.00000000
vn 0.17407766 -0.69631064 0.69631064
vn 0.00000000 -0.44721359 -0.89442718
vn 0.15617377 -0.31234753 0.93704259
vn 0.00000000 -0.49613893 -0.86824316
vn 0.48507124 -0.48507124 0.72760689
vn -0.15617377 -0.31234753 -0.93704259
vn 0.00000000 -0.55470020 0.83205032
vn 0.00000000 0.00000000 -1.00000000
vn 0.48507124 -0.48507124 0.72760689
vn 0.00000000 0.00000000 -1.00000000
vn 0.00000000 -0.49613893 0.86824316
vn 0.00000000 0.00000000 -1.00000000
vn 0.00000000 -0.49613893 0.86824316
vn 0.00000000 0.00000000 -1.00000000
vn 0.13608277 -0.27216554 0.95257932
vn 0.00000000 0.00000000 -1.00000000
vn 0.00000000 0.00000000 1.00000000
vn 0.00000000 0.00000000 -1.00000000
vn 0.00000000 -0.49613893 0.86824316
vn 0.00000000 0.00000000 -1.00000000
vn 0.13608277 -0.27216554 0.95257932
vn 0.00000000 0.00000000 -1.00000000
vn 0.00000000 0.00000000 1.00000000
vn 0.00000000 0.00000000 -1.00000000
vn 0.00000000 0.00000000 1.00000000
vn 0.00000000 0.00000000 -1.00000000
vn 0.48507124 -0.48507124 0.72760689
vn 0.00000000 0.00000000 -1.00000000
vn 0.00000000 -0.49613893 0.86824316
vn 0.00000000 0.00000000 -1.00000000
vn 0.00000000 0.00000000 1.00000000
vn 0.00000000 0.00000000 -1.00000000
vn 0.00000000 -0.49613893 0.86824316
vn 0.00000000 0.00000000 -1.00000000
vn 0.13608277 -0.27216554 0.95257932
vn 0.00000000 0.00000000 -1.00000000
vn 0.00000000 0.00000000 1.00000000
vn 0.00000000 0.00000000 -1.00000000
vn 0.00000000 0.00000000 1.00000000
vn 0.00000000 0.00000000 -1.00000000
vn 0.00000000 0.00000000 1.00000000
vn 0.00000000 0.00000000 -1.00000000
vn 0.00000000 0.00000000 1.00000000
vn 0.00000000 0.00000000 -1.00000000
vn 0.00000000 0.00000000 1.00000000
vn 0.00000000 0.00000000 -1.00000000
vn 0.00000000 0.00000000 1.00000000
vn 0.00000000 0.00000000 -1.00000000
vn 0.00000000 0.00000000 1.00000000
vn 0.00000000 0.00000000 -1.00000000
vn 0.00000000 0.00000000 1.00000000
vn -0.24253562 0.00000000 -0.97014248
vn 0.00000000 0.00000000 1.00000000
vn -0.00000000 0.00000000 -1.00000000
vn 0.00000000 0.00000000 1.00000000
vn 0.00000000 0.00000000 -1.00000000
vn 0.00000000 0.00000000 1.00000000
vn -0.27472112 0.00000000 -0.96152395
vn 0.00000000 0.00000000 1.00000000
vn -0.00000000 0.00000000 -1.00000000
vn 0.00000000 0.00000000 1.00000000
vn -0.24253562 0.00000000 -0.97014248
vn 0.00000000 0.00000000 1.00000000
vn -0.00000000 0.00000000 -1.00000000
vn 0.00000000 0.00000000 1.00000000
vn -0.27472112 0.00000000 -0.96152395
vn 0.00000000 0.00000000 1.00000000
vn -0.00000000 0.00000000 -1.00000000
vn 0.00000000 0.00000000 1.00000000
vn 0.00000000 0.00000000 -1.00000000
vn 0.31622776 0.00000000 0.94868332
vn -0.27472112 0.00000000 -0.96152395
vn 0.00000000 0.00000000 1.00000000
vn -0.00000000 0.00000000 -1.00000000
vn 0.00000000 0.00000000 1.00000000
vn 0.00000000 0.00000000 -1.00000000
vn 0.00000000 0.00000000 1.00000000
vn 0.00000000 0.00000000 -1.00000000
vn 0.00000000 0.00000000 1.00000000
vn -0.27472112 0.00000000 -0.96152395
vn 0.00000000 0.00000000 1.00000000
vn -0.60000002 0.00000000 -0.80000001
vn 0.00000000 0.00000000 1.00000000
vn -0.00000000 1.00000000 -0.00000000
vn 0.00000000 0.55470020 -0.83205032
vn 0.51449573 0.51449573 0.68599433
vn 0.00000000 1.00000000 0.00000000
vn 0.00000000 1.00000000 -0.00000000
vn 0.00000000 1.00000000 0.00000000
vn 0.00000000 1.00000000 0.00000000
vn 0.00000000 1.00000000 0.00000000
vn 0.00000000 1.00000000 0.00000000
vn 0.00000000 1.00000000 0.00000000
vn 0.00000000 1.00000000 0.00000000
vn 0.00000000 1.00000000 0.00000000
vn 0.00000000 1.00000000 0.00000000
vn 0.00000000 -0.70710677 -0.70710677
vn 0.00000000 -1.00000000 -0.00000000
vn 0.00000000 -1.00000000 0.00000000
vn 0.00000000 -1.00000000 0.00000000
vn 0.00000000 -1.00000000 0.00000000
vn 0.00000000 -1.00000000 0.00000000
vn 0.00000000 -1.00000000 0.00000000
vn 0.00000000 -1.00000000 0.00000000
vn 0.00000000 -1.00000000 0.00000000
vn 0.00000000 -1.00000000 0.00000000
vn 0.00000000 -1.00000000 0.00000000
vn 0.00000000 -0.70710677 0.70710677
vn 0.00000000 -0.70710677 -0.70710677
vn 0.00000000 -1.00000000 -0.00000000
vn 0.00000000 -1.00000000 0.00000000
vn 0.45749572 -0.76249284 0.45749572
vn 0.00000000 -0.44721359 -0.89442718
vn 0.37139067 -0.74278134 0.55708599
vn 0.00000000 -0.44721359 -0.89442718
vn 0.00000000 -0.70710677 0.70710677
vn 0.00000000 -0.44721359 -0.89442718
vn 0.13608277 -0.27216554 0.95257932
vn 0.00000000 0.00000000 -1.00000000
vn 0.00000000 -0.55470020 0.83205032
vn 0.00000000 0.00000000 -1.00000000
vn 0.13608277 -0.27216554 0.95257932
vn 0.00000000 0.00000000 -1.00000000
vn 0.00000000 0.00000000 1.00000000
vn 0.00000000 0.00000000 -1.00000000
vn 0.48507124 -0.48507124 0.72760689
vn 0.00000000 0.00000000 -1.00000000
vn 0.11624764 -0.34874290 0.92998111
vn 0.00000000 0.00000000 -1.00000000
vn 0.00000000 0.00000000 1.00000000
vn 0.00000000 0.00000000 -1.00000000
vn 0.48507124 -0.48507124 0.72760689
vn 0.00000000 0.00000000 -1.00000000
vn 0.11624764 -0.34874290 0.92998111
vn 0.00000000 0.00000000 -1.00000000
vn 0.00000000 0.00000000 1.00000000
vn 0.00000000 0.00000000 -1.00000000
vn 0.00000000 -0.49613893 0.86824316
vn 0.00000000 0.00000000 -1.00000000
vn 0.13608277 -0.27216554 0.95257932
vn 0.00000000 0.00000000 -1.00000000
vn 0.00000000 0.00000000 1.00000000
vn 0.00000000 0.00000000 -1.00000000
vn 0.00000000 0.00000000 1.00000000
vn 0.00000000 0.00000000 -1.00000000
vn 0.48507124 -0.48507124 0.72760689
vn 0.00000000 0.00000000 -1.00000000
vn 0.00000000 -0.49613893 0.86824316
vn 0.00000000 0.00000000 -1.00000000
vn 0.00000000 0.00000000 1.00000000
vn 0.00000000 0.00000000 -1.00000000
vn 0.00000000 0.00000000 1.00000000
vn 0.00000000 0.00000000 -1.00000000
vn 0.00000000 0.00000000 1.00000000
vn 0.00000000 0.00000000 -1.00000000
vn 0.00000000 0.00000000 1.00000000
vn 0.00000000 0.00000000 -1.00000000
vn 0.00000000 0.00000000 1.00000000
vn 0.00000000 0.00000000 -1.00000000
vn 0.00000000 0.00000000 1.00000000
vn 0.00000000 0.00000000 -1.00000000
vn 0.00000000 0.00000000 1.00000000
vn 0.00000000 0.00000000 -1.00000000
vn 0.00000000 0.00000000 1.00000000
vn -0.27472112 0.00000000 -0.96152395
vn 0.00000000 0.00000000 1.00000000
vn -0.00000000 0.00000000 -1.00000000
vn 0.00000000 0.00000000 1.00000000
vn 0.00000000 0.00000000 -1.00000000
vn 0.00000000 0.00000000 1.00000000
vn 0.00000000 0.00000000 -1.00000000
vn 0.00000000 0.00000000 1.00000000
vn 0.00000000 0.00000000 -1.00000000
vn 0.00000000 0.00000000 1.00000000
vn -0.24253562 0.00000000 -0.97014248
vn 0.00000000 0.00000000 1.00000000
vn -0.00000000 0.00000000 -1.00000000
vn 0.00000000 0.00000000 1.00000000
vn -0.27472112 0.00000000 -0.96152395
vn 0.00000000 0.00000000 1.00000000
vn -0.00000000 0.00000000 -1.00000000
vn 0.70710677 0.00000000 0.70710677
vn 0.00000000 0.00000000 -1.00000000
vn 0.00000000 0.00000000 1.00000000
vn 0.00000000 0.00000000 -1.00000000
vn 0.00000000 0.00000000 1.00000000
vn 0.00000000 0.00000000 -1.00000000
vn 0.31622776 0.00000000 0.94868332
vn 0.00000000 0.00000000 -1.00000000
vn 0.00000000 0.00000000 1.00000000
vn 0.00000000 0.00000000 -1.00000000
vn 0.00000000 0.00000000 1.00000000
vn 0.00000000 0.00000000 -1.00000000
vn 0.00000000 0.00000000 1.00000000
vn 0.00000000 1.00000000 -0.00000000
vn 0.00000000 0.70710677 -0.70710677
vn 0.57735026 0.57735026 0.57735026
vn 0.19611613 0.98058069 0.00000000
vn 0.00000000 1.00000000 0.00000000
vn 0.00000000 1.00000000 -0.00000000
vn 0.00000000 1.00000000 0.00000000
vn 0.00000000 1.00000000 0.00000000
vn 0.00000000 1.00000000 0.00000000
vn 0.00000000 1.00000000 0.00000000
vn 0.00000000 1.00000000 0.00000000
vn 0.00000000 1.00000000 0.00000000
vn 0.00000000 1.00000000 0.00000000
vn 0.00000000 -0.70710677 -0.70710677
vn 0.00000000 -1.00000000 -0.00000000
vn 0.00000000 -1.00000000 0.00000000
vn 0.00000000 -1.00000000 0.00000000
vn 0.00000000 -1.00000000 0.00000000
vn 0.00000000 -1.00000000 0.00000000
vn 0.00000000 -1.00000000 0.00000000
vn 0.00000000 -1.00000000 0.00000000
vn 0.00000000 -1.00000000 0.00000000
vn 0.00000000 -1.00000000 0.00000000
vn 0.00000000 -1.00000000 0.00000000
vn 0.14002801 -0.70014006 0.70014006
vn 0.00000000 -0.70710677 -0.70710677
vn 0.00000000 -1.00000000 -0.00000000
vn 0.00000000 -1.00000000 0.00000000
vn 0.00000000 -0.70710677 0.70710677
vn 0.00000000 -0.44721359 -0.89442718
vn 0.00000000 -0.70710677 0.70710677
vn 0.00000000 -0.44721359 -0.89442718
vn 0.00000000 -0.51449573 0.85749292
vn 0.00000000 -0.44721359 -0.89442718
vn 0.48507124 -0.48507124 0.72760689
vn 0.00000000 0.00000000 -1.00000000
vn 0.00000000 -0.55470020 0.83205032
vn 0.00000000 0.00000000 -1.00000000
vn 0.48507124 -0.48507124 0.72760689
vn 0.00000000 0.00000000 -1.00000000
vn 0.11624764 -0.34874290 0.92998111
vn 0.00000000 0.00000000 -1.00000000
vn 0.00000000 0.00000000 1.00000000
vn 0.00000000 0.00000000 -1.00000000
vn 0.48507124 -0.48507124 0.72760689
vn 0.00000000 0.00000000 -1.00000000
vn 0.11624764 -0.34874290 0.92998111
vn 0.00000000 0.00000000 -1.00000000
vn 0.00000000 0.00000000 1.00000000
vn 0.00000000 0.00000000 -1.00000000
vn 0.48507124 -0.48507124 0.72760689
vn 0.00000000 0.00000000 -1.00000000
vn 0.11624764 -0.34874290 0.92998111
vn 0.00000000 0.00000000 -1.00000000
vn 0.00000000 0.00000000 1.00000000
vn 0.00000000 0.00000000 -1.00000000
vn 0.48507124 -0.48507124 0.72760689
vn 0.00000000 0.00000000 -1.00000000
vn 0.00000000 -0.49613893 0.86824316
vn 0.00000000 0.00000000 -1.00000000
vn 0.00000000 0.00000000 1.00000000
vn 0.00000000 0.00000000 -1.00000000
vn 0.00000000 -0.49613893 0.86824316
vn 0.00000000 0.00000000 -1.00000000
vn 0.13608277 -0.27216554 0.95257932
vn 0.00000000 0.00000000 -1.00000000
vn 0.00000000 0.00000000 1.00000000
vn 0.00000000 0.00000000 -1.00000000
vn 0.00000000 0.00000000 1.00000000
vn 0.00000000 0.00000000 -1.00000000
vn 0.00000000 0.00000000 1.00000000
vn 0.00000000 0.00000000 -1.00000000
vn 0.00000000 0.00000000 1.00000000
vn 0.00000000 0.00000000 -1.00000000
vn 0.00000000 0.00000000 1.00000000
vn 0.00000000 0.00000000 -1.00000000
vn 0.00000000 0.00000000 1.00000000
vn 0.00000000 0.00000000 -1.00000000
vn 0.00000000 0.00000000 1.00000000
vn 0.00000000 0.00000000 -1.00000000
vn 0.00000000 0.00000000 1.00000000
vn 0.00000000 0.00000000 -1.00000000
vn 0.00000000 0.00000000 1.00000000
vn 0.00000000 0.00000000 -1.00000000
vn 0.00000000 0.00000000 1.00000000
vn 0.00000000 0.00000000 -1.00000000
vn 0.00000000 0.00000000 1.00000000
vn -0.24253562 0.00000000 -0.97014248
vn 0.00000000 0.00000000 1.00000000
vn -0.00000000 0.00000000 -1.00000000
vn 0.00000000 0.00000000 1.00000000
vn 0.00000000 0.00000000 -1.00000000
vn 0.00000000 0.00000000 1.00000000
vn -0.27472112 0.00000000 -0.96152395
vn 0.00000000 0.00000000 1.00000000
vn -0.00000000 0.00000000 -1.00000000
vn 0.31622776 0.00000000 0.94868332
vn -0.27472112 0.00000000 -0.96152395
vn 0.00000000 0.00000000 1.00000000
vn -0.00000000 0.00000000 -1.00000000
vn 0.00000000 0.00000000 1.00000000
vn -0.27472112 0.00000000 -0.96152395
vn 0.00000000 0.00000000 1.00000000
vn -0.00000000 0.00000000 -1.00000000
vn 0.70710677 0.00000000 0.70710677
vn -0.27472112 0.00000000 -0.96152395
vn 0.00000000 0.00000000 1.00000000
vn -0.00000000 0.00000000 -1.00000000
vn 0.00000000 0.00000000 1.00000000
vn 0.00000000 0.00000000 -1.00000000
vn 0.60000002 0.00000000 0.80000001
vn 0.00000000 1.00000000 -0.00000000
vn 0.37139067 0.55708599 -0.74278134
vn 0.00000000 0.70710677 0.70710677
vn 0.00000000 1.00000000 0.00000000
vn 0.00000000 1.00000000 0.00000000
vn 0.00000000 1.00000000 -0.00000000
vn 0.00000000 1.00000000 0.00000000
vn 0.00000000 1.00000000 0.00000000
vn 0.00000000 1.00000000 0.00000000
vn 0.00000000 1.00000000 0.00000000
vn 0.00000000 1.00000000 0.00000000
vn 0.00000000 1.00000000 0.00000000
vn 0.00000000 1.00000000 0.00000000
vn 0.00000000 -0.70710677 -0.70710677
vn 0.00000000 -1.00000000 -0.00000000
vn 0.00000000 -1.00000000 0.00000000
vn 0.00000000 -1.00000000 0.00000000
vn 0.00000000 -1.00000000 0.00000000
vn 0.00000000 -1.00000000 0.00000000
vn 0.00000000 -1.00000000 0.00000000
vn 0.00000000 -1.00000000 0.00000000
vn 0.00000000 -1.00000000 0.00000000
vn 0.00000000 -1.00000000 0.00000000
vn 0.37139067 -0.74278134 0.55708599
vn 0.00000000 -0.70710677 -0.70710677
vn 0.00000000 -1.00000000 -0.00000000
vn 0.00000000 -1.00000000 0.00000000
vn 0.00000000 -1.00000000 0.00000000
vn 0.14002801 -0.70014006 0.70014006
vn 0.00000000 -0.44721359 -0.89442718
vn 0.00000000 -0.70710677 0.70710677
vn 0.00000000 -0.44721359 -0.89442718
vn 0.13608277 -0.27216554 0.95257932
vn 0.00000000 -0.44721359 -0.89442718
vn 0.00000000 -0.55470020 0.83205032
vn 0.00000000 0.00000000 -1.00000000
vn 0.13608277 -0.27216554 0.95257932
vn 0.00000000 0.00000000 -1.00000000
vn 0.00000000 0.00000000 1.00000000
vn 0.00000000 0.00000000 -1.00000000
vn 0.48507124 -0.48507124 0.72760689
vn 0.00000000 0.00000000 -1.00000000
vn 0.11624764 -0.34874290 0.92998111
vn 0.00000000 0.00000000 -1.00000000
vn 0.00000000 0.00000000 1.00000000
vn 0.00000000 0.00000000 -1.00000000
vn 0.48507124 -0.48507124 0.72760689
vn 0.00000000 0.00000000 -1.00000000
vn 0.11624764 -0.34874290 0.92998111
vn 0.00000000 0.00000000 -1.00000000
vn 0.00000000 0.00000000 1.00000000
vn 0.00000000 0.00000000 -1.00000000
vn 0.48507124 -0.48507124 0.72760689
vn 0.00000000 0.00000000 -1.00000000
vn 0.00000000 -0.49613893 0.86824316
vn 0.00000000 0.00000000 -1.00000000
vn 0.00000000 -0.49613893 0.86824316
vn 0.00000000 0.00000000 -1.00000000
vn 0.13608277 -0.27216554 0.95257932
vn 0.00000000 0.00000000 -1.00000000
vn 0.00000000 0.00000000 1.00000000
vn 0.00000000 0.00000000 -1.00000000
vn 0.00000000 0.00000000 1.00000000
vn 0.00000000 0.00000000 -1.00000000
vn 0.48507124 -0.48507124 0.72760689
vn 0.00000000 0.00000000 -1.00000000
vn 0.00000000 -0.49613893 0.86824316
vn 0.00000000 0.00000000 -1.00000000
vn 0.00000000 0.00000000 1.00000000
vn 0.00000000 0.00000000 -1.00000000
vn 0.00000000 0.00000000 1.00000000
vn 0.00000000 0.00000000 -1.00000000
vn 0.00000000 0.00000000 1.00000000
vn 0.00000000 0.00000000 -1.00000000
vn 0.00000000 0.00000000 1.00000000
vn 0.00000000 0.00000000 -1.00000000
vn 0.00000000 0.00000000 1.00000000
vn 0.00000000 0.00000000 -1.00000000
vn 0.00000000 0.00000000 1.00000000
vn 0.00000000 0.00000000 -1.00000000
vn 0.00000000 0.00000000 1.00000000
vn 0.00000000 0.00000000 -1.00000000
vn 0.00000000 0.00000000 1.00000000
vn -0.24253562 0.00000000 -0.97014248
vn 0.00000000 0.00000000 1.00000000
vn -0.00000000 0.00000000 -1.00000000
vn 0.00000000 0.00000000 1.00000000
vn 0.00000000 0.00000000 -1.00000000
vn 0.00000000 0.00000000 1.00000000
vn -0.24253562 0.00000000 -0.97014248
vn 0.00000000 0.00000000 1.00000000
vn -0.00000000 0.00000000 -1.00000000
vn 0.00000000 0.00000000 1.00000000
vn 0.00000000 0.00000000 -1.00000000
vn 0.00000000 0.00000000 1.00000000
vn 0.00000000 0.00000000 -1.00000000
vn 0.70710677 0.00000000 0.70710677
vn 0.00000000 0.00000000 -1.00000000
vn 0.00000000 0.00000000 1.00000000
vn 0.00000000 0.00000000 -1.00000000
vn 0.00000000 0.00000000 1.00000000
vn 0.00000000 0.00000000 -1.00000000
vn 0.00000000 0.00000000 1.00000000
vn 0.00000000 0.00000000 -1.00000000
vn 0.00000000 0.00000000 1.00000000
vn 0.00000000 0.00000000 -1.00000000
vn 0.00000000 0.00000000 1.00000000
vn 0.00000000 0.00000000 -1.00000000
vn 0.00000000 0.00000000 1.00000000
vn 0.44721359 0.00000000 -0.89442718
vn 0.57735026 0.57735026 0.57735026
vn 0.44721359 0.89442718 0.00000000
vn 0.00000000 1.00000000 -0.00000000
vn 0.16439898 0.98639393 0.00000000
vn 0.68824720 0.22941573 -0.68824720
vn 0.51449573 0.51449573 0.68599433
vn 0.00000000 1.00000000 0.00000000
vn 0.00000000 1.00000000 -0.00000000
vn 0.00000000 1.00000000 0.00000000
vn 0.00000000 1.00000000 0.00000000
vn 0.00000000 1.00000000 0.00000000
vn 0.00000000 1.00000000 0.00000000
vn 0.00000000 1.00000000 0.00000000
vn 0.00000000 1.00000000 0.00000000
vn 0.00000000 -0.70710677 -0.70710677
vn 0.00000000 -1.00000000 -0.00000000
vn 0.00000000 -1.00000000 0.00000000
vn 0.00000000 -1.00000000 0.00000000
vn 0.00000000 -1.00000000 0.00000000
vn 0.00000000 -1.00000000 0.00000000
vn 0.00000000 -1.00000000 0.00000000
vn 0.00000000 -1.00000000 0.00000000
vn 0.00000000 -1.00000000 0.00000000
vn 0.00000000 -1.00000000 0.00000000
vn 0.00000000 -0.70710677 0.70710677
vn 0.00000000 -0.70710677 -0.70710677
vn 0.00000000 -1.00000000 -0.00000000
vn 0.00000000 -1.00000000 0.00000000
vn 0.37139067 -0.74278134 0.55708599
vn 0.00000000 -0.44721359 -0.89442718
vn 0.00000000 -1.00000000 0.00000000
vn 0.15617377 -0.31234753 0.93704259
vn 0.00000000 -0.44721359 -0.89442718
vn 0.48507124 -0.48507124 0.72760689
vn 0.00000000 -0.44721359 -0.89442718
vn 0.00000000 -0.55470020 0.83205032
vn 0.00000000 0.00000000 -1.00000000
vn 0.48507124 -0.48507124 0.72760689
vn 0.00000000 0.00000000 -1.00000000
vn 0.11624764 -0.34874290 0.92998111
vn 0.00000000 0.00000000 -1.00000000
vn 0.00000000 0.00000000 1.00000000
vn 0.00000000 0.00000000 -1.00000000
vn 0.48507124 -0.48507124 0.72760689
vn 0.00000000 0.00000000 -1.00000000
vn 0.11624764 -0.34874290 0.92998111
vn 0.00000000 0.00000000 -1.00000000
vn 0.00000000 0.00000000 1.00000000
vn 0.00000000 0.00000000 -1.00000000
vn 0.48507124 -0.48507124 0.72760689
vn 0.00000000 0.00000000 -1.00000000
vn 0.11624764 -0.34874290 0.92998111
vn 0.00000000 0.00000000 -1.00000000
vn 0.00000000 -0.55470020 0.83205032
vn 0.00000000 0.00000000 -1.00000000
vn 0.13608277 -0.27216554 0.95257932
vn 0.00000000 0.00000000 -1.00000000
vn 0.00000000 0.00000000 1.00000000
vn 0.00000000 0.00000000 -1.00000000
vn 0.48507124 -0.48507124 0.72760689
vn 0.00000000 0.00000000 -1.00000000
vn 0.11624764 -0.34874290 0.92998111
vn 0.00000000 0.00000000 -1.00000000
vn 0.00000000 0.00000000 1.00000000
vn 0.00000000 0.00000000 -1.00000000
vn 0.00000000 -0.49613893 0.86824316
vn 0.00000000 0.00000000 -1.00000000
vn 0.13608277 -0.27216554 0.95257932
vn 0.00000000 0.00000000 -1.00000000
vn 0.00000000 0.00000000 1.00000000
vn 0.00000000 0.00000000 -1.00000000
vn 0.00000000 0.00000000 1.00000000
vn 0.00000000 0.00000000 -1.00000000
vn 0.00000000 0.00000000 1.00000000
vn 0.00000000 0.00000000 -1.00000000
vn 0.00000000 0.00000000 1.00000000
vn 0.00000000 0.00000000 -1.00000000
vn 0.00000000 0.00000000 1.00000000
vn 0.00000000 0.00000000 -1.00000000
vn 0.00000000 0.00000000 1.00000000
vn 0.00000000 0.00000000 -1.00000000
vn 0.00000000 0.00000000 1.00000000
vn 0.00000000 0.00000000 -1.00000000
vn 0.00000000 0.00000000 1.00000000
vn 0.00000000 0.00000000 -1.00000000
vn 0.00000000 0.00000000 1.00000000
vn -0.27472112 0.00000000 -0.96152395
vn 0.00000000 0.00000000 1.00000000
vn -0.00000000 0.00000000 -1.00000000
vn 0.00000000 0.00000000 1.00000000
vn 0.00000000 0.00000000 -1.00000000
vn 0.00000000 0.00000000 1.00000000
vn -0.27472112 0.00000000 -0.96152395
vn 0.00000000 0.00000000 1.00000000
vn -0.00000000 0.00000000 -1.00000000
vn 0.31622776 0.00000000 0.94868332
vn -0.27472112 0.00000000 -0.96152395
vn 0.00000000 0.00000000 1.00000000
vn -0.00000000 0.00000000 -1.00000000
vn 0.00000000 0.00000000 1.00000000
vn -0.27472112 0.00000000 -0.96152395
vn 0.00000000 0.00000000 1.00000000
vn -0.00000000 0.00000000 -1.00000000
vn 0.00000000 0.00000000 1.00000000
vn 0.00000000 0.00000000 -1.00000000
vn 0.00000000 0.00000000 1.00000000
vn 0.00000000 0.00000000 -1.00000000
vn 0.31622776 0.00000000 0.94868332
vn 0.00000000 0.00000000 -1.00000000
vn 0.44721359 0.00000000 0.89442718
vn 0.31622776 0.94868332 -0.00000000
vn 0.68824720 0.22941573 -0.68824720
vn 0.55708599 0.37139067 0.74278134
vn 0.00000000 1.00000000 0.00000000
vn 0.00000000 1.00000000 -0.00000000
vn 0.37139067 0.55708599 -0.74278134
vn 0.57735026 0.57735026 0.57735026
vn 0.24253562 0.97014248 0.00000000
vn 0.00000000 1.00000000 0.00000000
vn 0.00000000 1.00000000 -0.00000000
vn 0.00000000 1.00000000 0.00000000
vn 0.00000000 1.00000000 0.00000000
vn 0.00000000 1.00000000 0.00000000
vn 0.00000000 1.00000000 0.00000000
vn 0.00000000 1.00000000 0.00000000
vn 0.00000000 -0.70710677 -0.70710677
vn 0.00000000 -1.00000000 -0.00000000
vn 0.00000000 -1.00000000 0.00000000
vn 0.00000000 -1.00000000 0.00000000
vn 0.00000000 -1.00000000 0.00000000
vn 0.00000000 -1.00000000 0.00000000
vn 0.00000000 -1.00000000 0.00000000
vn 0.00000000 -1.00000000 0.00000000
vn 0.00000000 -1.00000000 0.00000000
vn 0.00000000 -1.00000000 0.00000000
vn 0.14002801 -0.70014006 0.70014006
vn 0.00000000 -0.70710677 -0.70710677
vn 0.00000000 -1.00000000 -0.00000000
vn 0.00000000 -1.00000000 0.00000000
vn 0.00000000 -0.70710677 0.70710677
vn 0.00000000 -0.44721359 -0.89442718
vn 0.37139067 -0.74278134 0.55708599
vn 0.00000000 -0.44721359 -0.89442718
vn 0.00000000 -0.70710677 0.70710677
vn 0.00000000 -0.44721359 -0.89442718
vn 0.13608277 -0.27216554 0.95257932
vn 0.00000000 0.00000000 -1.00000000
vn 0.00000000 0.00000000 1.00000000
vn 0.00000000 0.00000000 -1.00000000
vn 0.48507124 -0.48507124 0.72760689
vn 0.00000000 0.00000000 -1.00000000
vn 0.11624764 -0.34874290 0.92998111
vn 0.00000000 0.00000000 -1.00000000
vn 0.00000000 0.00000000 1.00000000
vn 0.00000000 0.00000000 -1.00000000
vn 0.48507124 -0.48507124 0.72760689
vn 0.00000000 0.00000000 -1.00000000
vn 0.11624764 -0.34874290 0.92998111
vn 0.00000000 0.00000000 -1.00000000
vn 0.00000000 0.00000000 1.00000000
vn 0.00000000 0.00000000 -1.00000000
vn 0.48507124 -0.48507124 0.72760689
vn 0.00000000 0.00000000 -1.00000000
vn 0.00000000 -0.55470020 0.83205032
vn 0.00000000 0.00000000 -1.00000000
vn 0.48507124 -0.48507124 0.72760689
vn 0.00000000 0.00000000 -1.00000000
vn 0.11624764 -0.34874290 0.92998111
vn 0.00000000 0.00000000 -1.00000000
vn 0.00000000 0.00000000 1.00000000
vn 0.00000000 0.00000000 -1.00000000
vn 0.48507124 -0.48507124 0.72760689
vn 0.00000000 0.00000000 -1.00000000
vn 0.00000000 -0.49613893 0.86824316
vn 0.00000000 0.00000000 -1.00000000
vn 0.00000000 0.00000000 1.00000000
vn 0.00000000 0.00000000 -1.00000000
vn 0.48507124 -0.48507124 0.72760689
vn 0.00000000 0.00000000 -1.00000000
vn 0.00000000 -0.49613893 0.86824316
vn 0.00000000 0.00000000 -1.00000000
vn 0.00000000 0.00000000 1.00000000
vn 0.00000000 0.00000000 -1.00000000
vn 0.00000000 0.00000000 1.00000000
vn 0.00000000 0.00000000 -1.00000000
vn 0.00000000 0.00000000 1.00000000
vn 0.00000000 0.00000000 -1.00000000
vn 0.00000000 0.00000000 1.00000000
vn 0.00000000 0.00000000 -1.00000000
vn 0.00000000 0.00000000 1.00000000
vn 0.00000000 0.00000000 -1.00000000
vn 0.00000000 0.00000000 1.00000000
vn 0.00000000 0.00000000 -1.00000000
vn 0.00000000 0.00000000 1.00000000
vn 0.00000000 0.00000000 -1.00000000
vn 0.00000000 0.00000000 1.00000000
vn 0.00000000 0.00000000 -1.00000000
vn 0.00000000 0.00000000 1.00000000
vn 0.00000000 0.00000000 -1.00000000
vn 0.00000000 0.00000000 1.00000000
vn 0.00000000 0.00000000 -1.00000000
vn 0.00000000 0.00000000 1.00000000
vn 0.00000000 0.00000000 -1.00000000
vn 0.27472112 0.00000000 0.96152395
vn 0.00000000 0.00000000 -1.00000000
vn 0.70710677 0.00000000 0.70710677
vn 0.00000000 0.00000000 -1.00000000
vn 0.00000000 0.00000000 1.00000000
vn 0.00000000 0.00000000 -1.00000000
vn 0.00000000 0.00000000 1.00000000
vn 0.00000000 0.00000000 -1.00000000
vn 0.00000000 0.00000000 1.00000000
vn 0.00000000 0.00000000 -1.00000000
vn 0.31622776 0.00000000 0.94868332
vn -0.27472112 0.00000000 -0.96152395
vn 0.00000000 0.00000000 1.00000000
vn -0.00000000 0.00000000 -1.00000000
vn 0.70710677 0.00000000 0.70710677
vn 0.00000000 0.00000000 -1.00000000
vn 0.70710677 0.00000000 0.70710677
vn 0.00000000 1.00000000 -0.00000000
vn 0.00000000 0.70710677 -0.70710677
vn 0.57735026 0.57735026 0.57735026
vn 0.44721359 0.89442718 0.00000000
vn 0.00000000 1.00000000 -0.00000000
vn 0.16439898 0.98639393 0.00000000
vn 0.68824720 0.22941573 -0.68824720
vn 0.57735026 0.57735026 0.57735026
vn 0.19611613 0.98058069 0.00000000
vn 0.00000000 1.00000000 0.00000000
vn 0.00000000 1.00000000 -0.00000000
vn 0.00000000 1.00000000 0.00000000
vn 0.00000000 1.00000000 0.00000000
vn 0.00000000 1.00000000 0.00000000
vn 0.00000000 -0.70710677 -0.70710677
vn 0.00000000 -1.00000000 -0.00000000
vn 0.00000000 -1.00000000 0.00000000
vn 0.00000000 -1.00000000 0.00000000
vn 0.00000000 -1.00000000 0.00000000
vn 0.00000000 -1.00000000 0.00000000
vn 0.00000000 -1.00000000 0.00000000
vn 0.00000000 -1.00000000 0.00000000
vn 0.00000000 -1.00000000 0.00000000
vn 0.37139067 -0.74278134 0.55708599
vn 0.00000000 -0.70710677 -0.70710677
vn 0.00000000 -1.00000000 -0.00000000
vn 0.00000000 -1.00000000 0.00000000
vn 0.00000000 -1.00000000 0.00000000
vn 0.14002801 -0.70014006 0.70014006
vn 0.00000000 -0.44721359 -0.89442718
vn 0.00000000 -0.70710677 0.70710677
vn 0.00000000 -0.44721359 -0.89442718
vn 0.15617377 -0.31234753 0.93704259
vn 0.00000000 -0.44721359 -0.89442718
vn 0.48507124 -0.48507124 0.72760689
vn 0.00000000 0.00000000 -1.00000000
vn 0.11624764 -0.34874290 0.92998111
vn 0.00000000 0.00000000 -1.00000000
vn 0.00000000 0.00000000 1.00000000
vn 0.00000000 0.00000000 -1.00000000
vn 0.48507124 -0.48507124 0.72760689
vn 0.00000000 0.00000000 -1.00000000
vn 0.11624764 -0.34874290 0.92998111
vn 0.00000000 0.00000000 -1.00000000
vn 0.00000000 0.00000000 1.00000000
vn 0.00000000 0.00000000 -1.00000000
vn 0.48507124 -0.48507124 0.72760689
vn 0.00000000 0.00000000 -1.00000000
vn 0.11624764 -0.34874290 0.92998111
vn 0.00000000 0.00000000 -1.00000000
vn 0.00000000 -0.55470020 0.83205032
vn 0.00000000 0.00000000 -1.00000000
vn 0.13608277 -0.27216554 0.95257932
vn 0.00000000 0.00000000 -1.00000000
vn 0.00000000 0.00000000 1.00000000
vn 0.00000000 0.00000000 -1.00000000
vn 0.48507124 -0.48507124 0.72760689
vn 0.00000000 0.00000000 -1.00000000
vn 0.00000000 -0.49613893 0.86824316
vn 0.00000000 0.00000000 -1.00000000
vn 0.00000000 -0.49613893 0.86824316
vn 0.00000000 0.00000000 -1.00000000
vn 0.13608277 -0.27216554 0.95257932
vn 0.00000000 0.00000000 -1.00000000
vn 0.00000000 0.00000000 1.00000000
vn 0.00000000 0.00000000 -1.00000000
vn 0.00000000 -0.49613893 0.86824316
vn 0.00000000 0.00000000 -1.00000000
vn 0.13608277 -0.27216554 0.95257932
vn 0.00000000 0.00000000 -1.00000000
vn 0.00000000 0.00000000 1.00000000
vn 0.00000000 0.00000000 -1.00000000
vn 0.00000000 0.00000000 1.00000000
vn 0.00000000 0.00000000 -1.00000000
vn 0.00000000 0.00000000 1.00000000
vn 0.00000000 0.00000000 -1.00000000
vn 0.00000000 0.00000000 1.00000000
vn 0.00000000 0.00000000 -1.00000000
vn 0.00000000 0.00000000 1.00000000
vn 0.00000000 0.00000000 -1.00000000
vn 0.00000000 0.00000000 1.00000000
vn 0.00000000 0.00000000 -1.00000000
vn 0.00000000 0.00000000 1.00000000
vn 0.00000000 0.00000000 -1.00000000
vn 0.00000000 0.00000000 1.00000000
vn 0.00000000 0.00000000 -1.00000000
vn 0.00000000 0.00000000 1.00000000
vn -0.27472112 0.00000000 -0.96152395
vn 0.00000000 0.00000000 1.00000000
vn -0.00000000 0.00000000 -1.00000000
vn 0.27472112 0.00000000 0.96152395
vn 0.00000000 0.00000000 -1.00000000
vn 0.70710677 0.00000000 0.70710677
vn -0.27472112 0.00000000 -0.96152395
vn 0.00000000 0.00000000 1.00000000
vn -0.00000000 0.00000000 -1.00000000
vn 0.00000000 0.00000000 1.00000000
vn -0.27472112 0.00000000 -0.96152395
vn 0.00000000 0.00000000 1.00000000
vn -0.00000000 0.00000000 -1.00000000
vn 0.27472112 0.00000000 0.96152395
vn 0.00000000 0.00000000 -1.00000000
vn 0.70710677 0.00000000 0.70710677
vn 0.00000000 0.00000000 -1.00000000
vn 0.00000000 0.00000000 1.00000000
vn 0.00000000 0.00000000 -1.00000000
vn 0.00000000 0.00000000 1.00000000
vn 0.44721359 0.00000000 -0.89442718
vn 0.60000002 0.00000000 0.80000001
vn 0.00000000 1.00000000 -0.00000000
vn 0.37139067 0.55708599 -0.74278134
vn 0.55708599 0.37139067 0.74278134
vn 0.00000000 1.00000000 0.00000000
vn 0.00000000 1.00000000 -0.00000000
vn 0.00000000 1.00000000 0.00000000
vn 0.16439898 0.98639393 0.00000000
vn 0.85749292 0.51449573 -0.00000000
vn 0.89442718 0.44721359 0.00000000
vn 0.89442718 0.44721359 0.00000000
vn 0.70710677 0.70710677 0.00000000
vn 0.19611613 0.98058069 0.00000000
vn 0.00000000 1.00000000 0.00000000
vn 0.00000000 1.00000000 0.00000000
vn 0.11704115 -0.70224690 -0.70224690
vn 0.00000000 -1.00000000 -0.00000000
vn 0.00000000 -1.00000000 0.00000000
vn 0.00000000 -1.00000000 0.00000000
vn 0.00000000 -1.00000000 0.00000000
vn 0.00000000 -1.00000000 0.00000000
vn 0.00000000 -1.00000000 0.00000000
vn 0.00000000 -1.00000000 0.00000000
vn 0.00000000 -1.00000000 0.00000000
vn 0.14002801 -0.70014006 0.70014006
vn 0.00000000 -0.70710677 -0.70710677
vn 0.00000000 -1.00000000 -0.00000000
vn 0.00000000 -1.00000000 0.00000000
vn 0.37139067 -0.74278134 0.55708599
vn 0.00000000 -0.44721359 -0.89442718
vn 0.00000000 -1.00000000 0.00000000
vn 0.15617377 -0.31234753 0.93704259
vn 0.00000000 -0.44721359 -0.89442718
vn 0.48507124 -0.48507124 0.72760689
vn 0.00000000 -0.44721359 -0.89442718
vn 0.13018891 -0.39056674 0.91132236
vn 0.00000000 0.00000000 -1.00000000
vn 0.48507124 -0.48507124 0.72760689
vn 0.00000000 0.00000000 -1.00000000
vn 0.11624764 -0.34874290 0.92998111
vn 0.00000000 0.00000000 -1.00000000
vn 0.00000000 0.00000000 1.00000000
vn 0.00000000 0.00000000 -1.00000000
vn 0.48507124 -0.48507124 0.72760689
vn 0.00000000 0.00000000 -1.00000000
vn 0.11624764 -0.34874290 0.92998111
vn 0.00000000 0.00000000 -1.00000000
vn 0.00000000 0.00000000 1.00000000
vn 0.00000000 0.00000000 -1.00000000
vn 0.48507124 -0.48507124 0.72760689
vn 0.00000000 0.00000000 -1.00000000
vn 0.13018891 -0.39056674 0.91132236
vn 0.00000000 0.00000000 -1.00000000
vn 0.48507124 -0.48507124 0.72760689
vn 0.00000000 0.00000000 -1.00000000
vn 0.11624764 -0.34874290 0.92998111
vn 0.00000000 0.00000000 -1.00000000
vn 0.00000000 -0.55470020 0.83205032
vn 0.00000000 0.00000000 -1.00000000
vn 0.13608277 -0.27216554 0.95257932
vn 0.00000000 0.00000000 -1.00000000
vn 0.00000000 0.00000000 1.00000000
vn 0.00000000 0.00000000 -1.00000000
vn 0.48507124 -0.48507124 0.72760689
vn 0.00000000 0.00000000 -1.00000000
vn 0.00000000 -0.49613893 0.86824316
vn 0.00000000 0.00000000 -1.00000000
vn 0.00000000 0.00000000 1.00000000
vn 0.00000000 0.00000000 -1.00000000
vn 0.48507124 -0.48507124 0.72760689
vn 0.00000000 0.00000000 -1.00000000
vn 0.00000000 -0.49613893 0.86824316
vn 0.00000000 0.00000000 -1.00000000
vn 0.00000000 0.00000000 1.00000000
vn 0.00000000 0.00000000 -1.00000000
vn 0.00000000 0.00000000 1.00000000
vn 0.00000000 0.00000000 -1.00000000
vn 0.00000000 0.00000000 1.00000000
vn 0.00000000 0.00000000 -1.00000000
vn 0.00000000 0.00000000 1.00000000
vn 0.00000000 0.00000000 -1.00000000
vn 0.00000000 0.00000000 1.00000000
vn 0.00000000 0.00000000 -1.00000000
vn 0.00000000 0.00000000 1.00000000
vn 0.00000000 0.00000000 -1.00000000
vn 0.00000000 0.00000000 1.00000000
vn 0.00000000 0.00000000 -1.00000000
vn 0.00000000 0.00000000 1.00000000
vn 0.00000000 0.00000000 -1.00000000
vn 0.00000000 0.00000000 1.00000000
vn 0.00000000 0.00000000 -1.00000000
vn 0.70710677 0.00000000 0.70710677
vn 0.00000000 0.00000000 -1.00000000
vn 0.00000000 0.00000000 1.00000000
vn 0.00000000 0.00000000 -1.00000000
vn 0.00000000 0.00000000 1.00000000
vn 0.00000000 0.00000000 -1.00000000
vn 0.00000000 0.00000000 1.00000000
vn 0.00000000 0.00000000 -1.00000000
vn 0.00000000 0.00000000 1.00000000
vn 0.00000000 0.00000000 -1.00000000
vn 0.70710677 0.00000000 0.70710677
vn 0.00000000 0.00000000 -1.00000000
vn 0.00000000 0.00000000 1.00000000
vn 0.00000000 0.00000000 -1.00000000
vn 0.31622776 0.00000000 0.94868332
vn 0.00000000 0.00000000 -1.00000000
vn 0.44721359 0.00000000 0.89442718
vn 0.31622776 0.94868332 -0.00000000
vn 0.68824720 0.22941573 -0.68824720
vn 0.57735026 0.57735026 0.57735026
vn 0.24253562 0.97014248 0.00000000
vn 0.31622776 0.94868332 -0.00000000
vn 0.68824720 0.22941573 -0.68824720
vn 0.57735026 0.57735026 0.57735026
vn 0.44721359 0.89442718 0.00000000
vn 0.00000000 1.00000000 -0.00000000
vn 0.00000000 1.00000000 0.00000000
vn 0.00000000 1.00000000 0.00000000
vn 0.00000000 1.00000000 0.00000000
vn 0.00000000 1.00000000 0.00000000
vn 0.00000000 1.00000000 0.00000000
vn 0.00000000 1.00000000 0.00000000
vn 0.00000000 1.00000000 0.00000000
vn 0.55708599 -0.74278134 -0.37139067
vn 0.00000000 -1.00000000 -0.00000000
vn 0.00000000 -1.00000000 0.00000000
vn 0.00000000 -1.00000000 0.00000000
vn 0.00000000 -1.00000000 0.00000000
vn 0.00000000 -1.00000000 0.00000000
vn 0.00000000 -1.00000000 0.00000000
vn 0.37139067 -0.74278134 0.55708599
vn 0.11704115 -0.70224690 -0.70224690
vn 0.00000000 -1.00000000 -0.00000000
vn 0.00000000 -1.00000000 0.00000000
vn 0.00000000 -1.00000000 0.00000000
vn 0.00000000 -1.00000000 0.00000000
vn 0.14002801 -0.70014006 0.70014006
vn 0.00000000 -0.44721359 -0.89442718
vn 0.37139067 -0.74278134 0.55708599
vn 0.00000000 -0.44721359 -0.89442718
vn 0.00000000 -0.55470020 0.83205032
vn 0.00000000 -0.44721359 -0.89442718
vn 0.48507124 -0.48507124 0.72760689
vn 0.00000000 0.00000000 -1.00000000
vn 0.00000000 -0.55470020 0.83205032
vn 0.00000000 0.00000000 -1.00000000
vn 0.48507124 -0.48507124 0.72760689
vn 0.00000000 0.00000000 -1.00000000
vn 0.11624764 -0.34874290 0.92998111
vn 0.00000000 0.00000000 -1.00000000
vn 0.00000000 0.00000000 1.00000000
vn 0.00000000 0.00000000 -1.00000000
vn 0.48507124 -0.48507124 0.72760689
vn 0.00000000 0.00000000 -1.00000000
vn 0.11624764 -0.34874290 0.92998111
vn 0.00000000 0.00000000 -1.00000000
vn 0.00000000 0.00000000 1.00000000
vn 0.00000000 0.00000000 -1.00000000
vn 0.48507124 -0.48507124 0.72760689
vn 0.00000000 0.00000000 -1.00000000
vn 0.00000000 -0.55470020 0.83205032
vn 0.00000000 0.00000000 -1.00000000
vn 0.48507124 -0.48507124 0.72760689
vn 0.00000000 0.00000000 -1.00000000
vn 0.00000000 -0.55470020 0.83205032
vn 0.00000000 0.00000000 -1.00000000
vn 0.48507124 -0.48507124 0.72760689
vn 0.00000000 0.00000000 -1.00000000
vn 0.00000000 -0.49613893 0.86824316
vn 0.00000000 0.00000000 -1.00000000
vn 0.00000000 -0.49613893 0.86824316
vn 0.00000000 0.00000000 -1.00000000
vn 0.13608277 -0.27216554 0.95257932
vn 0.00000000 0.00000000 -1.00000000
vn 0.00000000 0.00000000 1.00000000
vn 0.00000000 0.00000000 -1.00000000
vn 0.00000000 -0.49613893 0.86824316
vn 0.00000000 0.00000000 -1.00000000
vn 0.13608277 -0.27216554 0.95257932
vn 0.00000000 0.00000000 -1.00000000
vn 0.00000000 0.00000000 1.00000000
vn 0.00000000 0.00000000 -1.00000000
vn 0.00000000 0.00000000 1.00000000
vn 0.00000000 0.00000000 -1.00000000
vn 0.00000000 0.00000000 1.00000000
vn 0.00000000 0.00000000 -1.00000000
vn 0.00000000 0.00000000 1.00000000
vn 0.00000000 0.00000000 -1.00000000
vn 0.00000000 0.00000000 1.00000000
vn 0.00000000 0.00000000 -1.00000000
vn 0.00000000 0.00000000 1.00000000
vn 0.00000000 0.00000000 -1.00000000
vn 0.00000000 0.00000000 1.00000000
vn 0.00000000 0.00000000 -1.00000000
vn 0.00000000 0.00000000 1.00000000
vn 0.00000000 0.00000000 -1.00000000
vn 0.31622776 0.00000000 0.94868332
vn 0.00000000 0.00000000 -1.00000000
vn 0.00000000 0.00000000 1.00000000
vn 0.00000000 0.00000000 -1.00000000
vn 0.00000000 0.00000000 1.00000000
vn 0.00000000 0.00000000 -1.00000000
vn 0.00000000 0.00000000 1.00000000
vn 0.00000000 0.00000000 -1.00000000
vn 0.00000000 0.00000000 1.00000000
vn 0.00000000 0.00000000 -1.00000000
vn 0.31622776 0.00000000 0.94868332
vn 0.00000000 0.00000000 -1.00000000
vn 0.00000000 0.00000000 1.00000000
vn 0.00000000 0.00000000 -1.00000000
vn 0.27472112 0.00000000 0.96152395
vn 0.00000000 0.00000000 -1.00000000
vn 0.70710677 0.00000000 0.70710677
vn 0.44721359 0.00000000 -0.89442718
vn 0.70710677 0.00000000 0.70710677
vn 0.00000000 1.00000000 -0.00000000
vn 0.37139067 0.55708599 -0.74278134
vn 0.60000002 0.00000000 0.80000001
vn 0.00000000 1.00000000 -0.00000000
vn 0.16439898 0.98639393 0.00000000
vn 0.68824720 0.22941573 -0.68824720
vn 0.57735026 0.57735026 0.57735026
vn 0.24253562 0.97014248 0.00000000
vn 0.00000000 1.00000000 0.00000000
vn 0.00000000 1.00000000 -0.00000000
vn 0.00000000 1.00000000 0.00000000
vn 0.00000000 1.00000000 0.00000000
vn 0.00000000 1.00000000 0.00000000
vn 0.00000000 1.00000000 0.00000000
vn 0.00000000 1.00000000 0.00000000
vn 0.11704115 -0.70224690 -0.70224690
vn 0.00000000 -1.00000000 -0.00000000
vn 0.00000000 -1.00000000 0.00000000
vn 0.00000000 -1.00000000 0.00000000
vn 0.00000000 -1.00000000 0.00000000
vn 0.00000000 -1.00000000 0.00000000
vn 0.37139067 -0.74278134 0.55708599
vn 0.55708599 -0.74278134 -0.37139067
vn 0.00000000 -1.00000000 -0.00000000
vn 0.00000000 -1.00000000 0.00000000
vn 0.00000000 -1.00000000 0.00000000
vn 0.37139067 -0.74278134 0.55708599
vn 0.13018891 -0.39056674 -0.91132236
vn 0.00000000 -1.00000000 -0.00000000
vn 0.00000000 -1.00000000 0.00000000
vn 0.17407766 -0.69631064 0.69631064
vn 0.00000000 -0.51449573 -0.85749292
vn 0.13608277 -0.27216554 0.95257932
vn 0.00000000 -0.44721359 -0.89442718
vn 0.00000000 -0.55470020 0.83205032
vn 0.00000000 0.00000000 -1.00000000
vn 0.13608277 -0.27216554 0.95257932
vn 0.00000000 0.00000000 -1.00000000
vn 0.00000000 0.00000000 1.00000000
vn 0.00000000 0.00000000 -1.00000000
vn 0.48507124 -0.48507124 0.72760689
vn 0.00000000 0.00000000 -1.00000000
vn 0.11624764 -0.34874290 0.92998111
vn 0.00000000 0.00000000 -1.00000000
vn 0.00000000 0.00000000 1.00000000
vn 0.00000000 0.00000000 -1.00000000
vn 0.48507124 -0.48507124 0.72760689
vn 0.00000000 0.00000000 -1.00000000
vn 0.11624764 -0.34874290 0.92998111
vn 0.00000000 0.00000000 -1.00000000
vn 0.00000000 -0.55470020 0.83205032
vn 0.00000000 0.00000000 -1.00000000
vn 0.13608277 -0.27216554 0.95257932
vn 0.00000000 0.00000000 -1.00000000
vn 0.00000000 -0.55470020 0.83205032
vn 0.00000000 0.00000000 -1.00000000
vn 0.13608277 -0.27216554 0.95257932
vn 0.00000000 0.00000000 -1.00000000
vn 0.00000000 -0.55470020 0.83205032
vn 0.00000000 0.00000000 -1.00000000
vn 0.13608277 -0.27216554 0.95257932
vn 0.00000000 0.00000000 -1.00000000
vn 0.00000000 0.00000000 1.00000000
vn 0.00000000 0.00000000 -1.00000000
vn 0.48507124 -0.48507124 0.72760689
vn 0.00000000 0.00000000 -1.00000000
vn 0.00000000 -0.49613893 0.86824316
vn 0.00000000 0.00000000 -1.00000000
vn 0.00000000 0.00000000 1.00000000
vn 0.00000000 0.00000000 -1.00000000
vn 0.48507124 -0.48507124 0.72760689
vn 0.00000000 0.00000000 -1.00000000
vn 0.00000000 -0.49613893 0.86824316
vn 0.00000000 0.00000000 -1.00000000
vn 0.00000000 0.00000000 1.00000000
vn 0.00000000 0.00000000 -1.00000000
vn 0.00000000 0.00000000 1.00000000
vn 0.00000000 0.00000000 -1.00000000
vn 0.00000000 0.00000000 1.00000000
vn 0.00000000 0.00000000 -1.00000000
vn 0.00000000 0.00000000 1.00000000
vn 0.00000000 0.00000000 -1.00000000
vn 0.00000000 0.00000000 1.00000000
vn 0.00000000 0.00000000 -1.00000000
vn 0.00000000 0.00000000 1.00000000
vn 0.00000000 0.00000000 -1.00000000
vn 0.27472112 0.00000000 0.96152395
vn 0.00000000 0.00000000 -1.00000000
vn 0.70710677 0.00000000 0.70710677
vn 0.00000000 0.00000000 -1.00000000
vn 0.00000000 0.00000000 1.00000000
vn 0.00000000 0.00000000 -1.00000000
vn 0.00000000 0.00000000 1.00000000
vn 0.00000000 0.00000000 -1.00000000
vn 0.00000000 0.00000000 1.00000000
vn 0.00000000 0.00000000 -1.00000000
vn 0.27472112 0.00000000 0.96152395
vn 0.00000000 0.00000000 -1.00000000
vn 0.70710677 0.00000000 0.70710677
vn 0.00000000 0.00000000 -1.00000000
vn 0.00000000 0.00000000 1.00000000
vn 0.00000000 0.00000000 -1.00000000
vn 0.70710677 0.00000000 0.70710677
vn 0.44721359 0.00000000 -0.89442718
vn 0.31622776 0.00000000 0.94868332
vn 0.31622776 0.94868332 -0.00000000
vn 0.68824720 0.22941573 -0.68824720
vn 0.44721359 0.00000000 0.89442718
vn 0.31622776 0.94868332 -0.00000000
vn 0.68824720 0.22941573 -0.68824720
vn 0.57735026 0.57735026 0.57735026
vn 0.24253562 0.97014248 0.00000000
vn 0.00000000 1.00000000 -0.00000000
vn 0.16439898 0.98639393 0.00000000
vn 0.85749292 0.51449573 -0.00000000
vn 0.78446454 0.19611613 -0.58834839
vn 0.87038827 0.34815532 0.34815532
vn 0.89442718 0.44721359 0.00000000
vn 0.70710677 0.70710677 0.00000000
vn 0.24253562 0.97014248 0.00000000
vn 0.00000000 1.00000000 0.00000000
vn 0.27216554 0.95257932 -0.13608277
vn 0.55708599 -0.74278134 -0.37139067
vn 0.00000000 -1.00000000 -0.00000000
vn 0.00000000 -1.00000000 0.00000000
vn 0.00000000 -1.00000000 0.00000000
vn 0.37139067 -0.74278134 0.55708599
vn 0.00000000 -0.70710677 -0.70710677
vn 0.00000000 -1.00000000 -0.00000000
vn 0.00000000 -1.00000000 0.00000000
vn 0.00000000 -1.00000000 0.00000000
vn 0.00000000 -1.00000000 0.00000000
vn 0.00000000 -1.00000000 0.00000000
vn 0.14002801 -0.70014006 0.70014006
vn 0.55708599 -0.74278134 -0.37139067
vn 0.45749572 -0.76249284 0.45749572
vn 0.00000000 -0.70710677 -0.70710677
vn 0.37139067 -0.74278134 0.55708599
vn 0.13018891 -0.39056674 -0.91132236
vn 0.13018891 -0.39056674 0.91132236
vn 0.00000000 0.00000000 -1.00000000
vn 0.48507124 -0.48507124 0.72760689
vn 0.00000000 0.00000000 -1.00000000
vn 0.11624764 -0.34874290 0.92998111
vn 0.00000000 0.00000000 -1.00000000
vn 0.00000000 0.00000000 1.00000000
vn 0.00000000 0.00000000 -1.00000000
vn 0.48507124 -0.48507124 0.72760689
vn 0.00000000 0.00000000 -1.00000000
vn 0.11624764 -0.34874290 0.92998111
vn 0.00000000 0.00000000 -1.00000000
vn 0.00000000 0.00000000 1.00000000
vn 0.00000000 0.00000000 -1.00000000
vn 0.48507124 -0.48507124 0.72760689
vn 0.00000000 0.00000000 -1.00000000
vn 0.13018891 -0.39056674 0.91132236
vn 0.00000000 0.00000000 -1.00000000
vn 0.48507124 -0.48507124 0.72760689
vn 0.00000000 0.00000000 -1.00000000
vn 0.00000000 -0.55470020 0.83205032
vn 0.00000000 0.00000000 -1.00000000
vn 0.48507124 -0.48507124 0.72760689
vn 0.00000000 0.00000000 -1.00000000
vn 0.00000000 -0.55470020 0.83205032
vn 0.00000000 0.00000000 -1.00000000
vn 0.48507124 -0.48507124 0.72760689
vn 0.00000000 0.00000000 -1.00000000
vn 0.00000000 -0.49613893 0.86824316
vn 0.00000000 0.00000000 -1.00000000
vn 0.00000000 -0.44721359 0.89442718
vn 0.00000000 0.00000000 -1.00000000
vn 0.00000000 -0.44721359 0.89442718
vn 0.00000000 0.00000000 -1.00000000
vn 0.00000000 0.00000000 1.00000000
vn 0.00000000 0.00000000 -1.00000000
vn 0.00000000 -0.49613893 0.86824316
vn 0.00000000 0.00000000 -1.00000000
vn 0.13608277 -0.27216554 0.95257932
vn 0.00000000 0.00000000 -1.00000000
vn 0.00000000 0.00000000 1.00000000
vn 0.00000000 0.00000000 -1.00000000
vn 0.00000000 0.00000000 1.00000000
vn 0.00000000 0.00000000 -1.00000000
vn 0.00000000 0.00000000 1.00000000
vn 0.00000000 0.00000000 -1.00000000
vn 0.00000000 0.00000000 1.00000000
vn 0.00000000 0.00000000 -1.00000000
vn 0.00000000 0.00000000 1.00000000
vn 0.00000000 0.00000000 -1.00000000
vn 0.00000000 0.00000000 1.00000000
vn 0.00000000 0.00000000 -1.00000000
vn 0.70710677 0.00000000 0.70710677
vn 0.00000000 0.00000000 -1.00000000
vn 0.00000000 0.00000000 1.00000000
vn 0.00000000 0.00000000 -1.00000000
vn 0.00000000 0.00000000 1.00000000
vn 0.00000000 0.00000000 -1.00000000
vn 0.00000000 0.00000000 1.00000000
vn 0.00000000 0.00000000 -1.00000000
vn 0.00000000 0.00000000 1.00000000
vn 0.00000000 0.00000000 -1.00000000
vn 0.70710677 0.00000000 0.70710677
vn 0.00000000 0.00000000 -1.00000000
vn 0.00000000 0.00000000 1.00000000
vn 0.00000000 0.00000000 -1.00000000
vn 0.31622776 0.00000000 0.94868332
vn 0.00000000 0.00000000 -1.00000000
vn 0.00000000 0.00000000 1.00000000
vn 0.00000000 0.00000000 -1.00000000
vn 0.70710677 0.00000000 0.70710677
vn 0.44721359 0.00000000 -0.89442718
vn 0.70710677 0.00000000 0.70710677
vn 0.00000000 1.00000000 -0.00000000
vn 0.37139067 0.55708599 -0.74278134
vn 0.57735026 0.57735026 0.57735026
vn 0.24253562 0.97014248 0.00000000
vn 0.00000000 1.00000000 -0.00000000
vn 0.00000000 1.00000000 0.00000000
vn 0.00000000 1.00000000 0.00000000
vn 0.16439898 0.98639393 0.00000000
vn 0.55470020 0.83205032 0.00000000
vn 0.19611613 0.98058069 0.00000000
vn 0.00000000 1.00000000 0.00000000
vn 0.00000000 1.00000000 0.00000000
vn 0.00000000 1.00000000 0.00000000
vn 0.80000001 -0.60000002 -0.00000000
vn 0.89442718 -0.44721359 0.00000000
vn 0.85749292 -0.51449573 0.00000000
vn 0.11704115 -0.70224690 -0.70224690
vn 0.00000000 -1.00000000 -0.00000000
vn 0.00000000 -1.00000000 0.00000000
vn 0.00000000 -1.00000000 0.00000000
vn 0.00000000 -1.00000000 0.00000000
vn 0.00000000 -1.00000000 0.00000000
vn 0.00000000 -1.00000000 0.00000000
vn 0.37139067 -0.74278134 0.55708599
vn 0.00000000 -0.70710677 -0.70710677
vn 0.00000000 -1.00000000 0.00000000
vn 0.14002801 -0.70014006 0.70014006
vn 0.00000000 -0.51449573 -0.85749292
vn 0.00000000 -0.51449573 0.85749292
vn 0.63960212 -0.63960212 -0.42640144
vn 0.48507124 -0.48507124 0.72760689
vn 0.00000000 -0.49613893 -0.86824316
vn 0.00000000 -0.55470020 0.83205032
vn 0.00000000 0.00000000 -1.00000000
vn 0.48507124 -0.48507124 0.72760689
vn 0.00000000 0.00000000 -1.00000000
vn 0.11624764 -0.34874290 0.92998111
vn 0.00000000 0.00000000 -1.00000000
vn 0.00000000 0.00000000 1.00000000
vn 0.00000000 0.00000000 -1.00000000
vn 0.48507124 -0.48507124 0.72760689
vn 0.00000000 0.00000000 -1.00000000
vn 0.11624764 -0.34874290 0.92998111
vn 0.00000000 0.00000000 -1.00000000
vn 0.00000000 0.00000000 1.00000000
vn 0.00000000 0.00000000 -1.00000000
vn 0.48507124 -0.48507124 0.72760689
vn 0.00000000 0.00000000 -1.00000000
vn 0.00000000 -0.70710677 0.70710677
vn 0.00000000 0.00000000 -1.00000000
vn 0.13608277 -0.27216554 0.95257932
vn 0.00000000 0.00000000 -1.00000000
vn 0.00000000 -0.55470020 0.83205032
vn 0.00000000 0.00000000 -1.00000000
vn 0.13608277 -0.27216554 0.95257932
vn 0.00000000 0.00000000 -1.00000000
vn 0.00000000 -0.51449573 0.85749292
vn 0.00000000 0.00000000 -1.00000000
vn 0.00000000 -0.44721359 0.89442718
vn 0.00000000 0.00000000 -1.00000000
vn 0.00000000 -0.49613893 0.86824316
vn 0.00000000 0.00000000 -1.00000000
vn 0.13608277 -0.27216554 0.95257932
vn 0.00000000 0.00000000 -1.00000000
vn 0.00000000 0.00000000 1.00000000
vn 0.00000000 0.00000000 -1.00000000
vn 0.00000000 0.00000000 1.00000000
vn 0.00000000 0.00000000 -1.00000000
vn 0.48507124 -0.48507124 0.72760689
vn 0.00000000 0.00000000 -1.00000000
vn 0.00000000 -0.49613893 0.86824316
vn 0.00000000 0.00000000 -1.00000000
vn 0.00000000 0.00000000 1.00000000
vn 0.00000000 0.00000000 -1.00000000
vn 0.00000000 0.00000000 1.00000000
vn 0.00000000 0.00000000 -1.00000000
vn 0.00000000 0.00000000 1.00000000
vn 0.00000000 0.00000000 -1.00000000
vn 0.00000000 0.00000000 1.00000000
vn 0.00000000 0.00000000 -1.00000000
vn 0.31622776 0.00000000 0.94868332
vn 0.00000000 0.00000000 -1.00000000
vn 0.00000000 0.00000000 1.00000000
vn 0.00000000 0.00000000 -1.00000000
vn 0.00000000 0.00000000 1.00000000
vn 0.00000000 0.00000000 -1.00000000
vn 0.00000000 0.00000000 1.00000000
vn 0.00000000 0.00000000 -1.00000000
vn 0.00000000 0.00000000 1.00000000
vn 0.00000000 0.00000000 -1.00000000
vn 0.31622776 0.00000000 0.94868332
vn 0.00000000 0.00000000 -1.00000000
vn 0.00000000 0.00000000 1.00000000
vn 0.00000000 0.00000000 -1.00000000
vn 0.00000000 0.00000000 1.00000000
vn 0.00000000 0.00000000 -1.00000000
vn 0.70710677 0.00000000 0.70710677
vn 0.00000000 0.00000000 -1.00000000
vn 0.31622776 0.00000000 0.94868332
vn 0.00000000 0.00000000 -1.00000000
vn 0.44721359 0.00000000 0.89442718
vn 0.31622776 0.94868332 -0.00000000
vn 0.68824720 0.22941573 -0.68824720
vn 0.57735026 0.57735026 0.57735026
vn 0.24253562 0.97014248 0.00000000
vn 0.31622776 0.94868332 -0.00000000
vn 0.68824720 0.22941573 -0.68824720
vn 0.87038827 0.34815532 0.34815532
vn 0.70710677 0.70710677 0.00000000
vn 0.24253562 0.97014248 0.00000000
vn 0.00000000 1.00000000 -0.00000000
vn 0.00000000 1.00000000 0.00000000
vn 0.00000000 1.00000000 0.00000000
vn 0.00000000 1.00000000 0.00000000
vn 0.00000000 1.00000000 0.00000000
vn 0.00000000 1.00000000 0.00000000
vn 0.55708599 -0.74278134 -0.37139067
vn 0.00000000 -1.00000000 -0.00000000
vn 0.00000000 -1.00000000 0.00000000
vn 0.00000000 -1.00000000 0.00000000
vn 0.00000000 -1.00000000 0.00000000
vn 0.00000000 -1.00000000 0.00000000
vn 0.00000000 -1.00000000 0.00000000
vn 0.00000000 -1.00000000 0.00000000
vn 0.37139067 -0.74278134 0.55708599
vn 0.00000000 -0.70710677 -0.70710677
vn 0.00000000 -1.00000000 -0.00000000
vn 0.00000000 -1.00000000 0.00000000
vn 0.37139067 -0.74278134 0.55708599
vn 0.00000000 -0.44721359 -0.89442718
vn 0.00000000 -1.00000000 0.00000000
vn 0.13608277 -0.27216554 0.95257932
vn 0.00000000 -0.44721359 -0.89442718
vn 0.00000000 -0.55470020 0.83205032
vn 0.00000000 -0.44721359 -0.89442718
vn 0.13608277 -0.27216554 0.95257932
vn 0.00000000 0.00000000 -1.00000000
vn 0.00000000 0.00000000 1.00000000
vn 0.00000000 0.00000000 -1.00000000
vn 0.48507124 -0.48507124 0.72760689
vn 0.00000000 0.00000000 -1.00000000
vn 0.11624764 -0.34874290 0.92998111
vn 0.00000000 0.00000000 -1.00000000
vn 0.00000000 0.00000000 1.00000000
vn 0.00000000 0.00000000 -1.00000000
vn 0.48507124 -0.48507124 0.72760689
vn 0.00000000 0.00000000 -1.00000000
vn 0.00000000 -0.49613893 0.86824316
vn 0.00000000 0.00000000 -1.00000000
vn 0.00000000 -0.44721359 0.89442718
vn 0.00000000 0.00000000 -1.00000000
vn 0.00000000 -0.51449573 0.85749292
vn 0.00000000 0.00000000 -1.00000000
vn 0.48507124 -0.48507124 0.72760689
vn 0.00000000 0.00000000 -1.00000000
vn 0.00000000 -0.55470020 0.83205032
vn 0.00000000 0.00000000 -1.00000000
vn 0.48507124 -0.48507124 0.72760689
vn 0.00000000 0.00000000 -1.00000000
vn 0.00000000 -0.70710677 0.70710677
vn 0.00000000 0.00000000 -1.00000000
vn 0.13608277 -0.27216554 0.95257932
vn 0.00000000 0.00000000 -1.00000000
vn 0.00000000 0.00000000 1.00000000
vn 0.00000000 0.00000000 -1.00000000
vn 0.48507124 -0.48507124 0.72760689
vn 0.00000000 0.00000000 -1.00000000
vn 0.00000000 -0.49613893 0.86824316
vn 0.00000000 0.00000000 -1.00000000
vn 0.00000000 0.00000000 1.00000000
vn 0.00000000 0.00000000 -1.00000000
vn 0.00000000 -0.49613893 0.86824316
vn 0.00000000 0.00000000 -1.00000000
vn 0.13608277 -0.27216554 0.95257932
vn 0.00000000 0.00000000 -1.00000000
vn 0.00000000 0.00000000 1.00000000
vn 0.00000000 0.00000000 -1.00000000
vn 0.00000000 0.00000000 1.00000000
vn 0.00000000 0.00000000 -1.00000000
vn 0.00000000 0.00000000 1.00000000
vn 0.00000000 0.00000000 -1.00000000
vn 0.00000000 0.00000000 1.00000000
vn 0.00000000 0.00000000 -1.00000000
vn 0.70710677 0.00000000 0.70710677
vn 0.00000000 0.00000000 -1.00000000
vn 0.00000000 0.00000000 1.00000000
vn 0.00000000 0.00000000 -1.00000000
vn 0.00000000 0.00000000 1.00000000
vn 0.00000000 0.00000000 -1.00000000
vn 0.00000000 0.00000000 1.00000000
vn 0.00000000 0.00000000 -1.00000000
vn 0.00000000 0.00000000 1.00000000
vn 0.00000000 0.00000000 -1.00000000
vn 0.70710677 0.00000000 0.70710677
vn 0.00000000 0.00000000 -1.00000000
vn 0.00000000 0.00000000 1.00000000
vn 0.00000000 0.00000000 -1.00000000
vn 0.31622776 0.00000000 0.94868332
vn 0.00000000 0.00000000 -1.00000000
vn 0.00000000 0.00000000 1.00000000
vn 0.00000000 0.00000000 -1.00000000
vn 0.70710677 0.00000000 0.70710677
vn 0.44721359 0.00000000 -0.89442718
vn 0.70710677 0.00000000 0.70710677
vn 0.00000000 1.00000000 -0.00000000
vn 0.37139067 0.55708599 -0.74278134
vn 0.57735026 0.57735026 0.57735026
vn 0.44721359 0.89442718 0.00000000
vn 0.00000000 1.00000000 -0.00000000
vn 0.16439898 0.98639393 0.00000000
vn 0.85749292 0.51449573 -0.00000000
vn 0.89442718 0.44721359 0.00000000
vn 0.89442718 0.44721359 0.00000000
vn 0.89442718 0.44721359 0.00000000
vn 0.89442718 0.44721359 0.00000000
vn 0.70710677 0.70710677 0.00000000
vn 0.24253562 0.97014248 0.00000000
vn 0.00000000 1.00000000 0.00000000
vn 0.55708599 -0.74278134 -0.37139067
vn 0.00000000 -1.00000000 -0.00000000
vn 0.00000000 -1.00000000 0.00000000
vn 0.00000000 -1.00000000 0.00000000
vn 0.00000000 -1.00000000 0.00000000
vn 0.00000000 -1.00000000 0.00000000
vn 0.00000000 -1.00000000 0.00000000
vn 0.14002801 -0.70014006 0.70014006
vn 0.08804509 -0.70436072 -0.70436072
vn 0.00000000 -1.00000000 -0.00000000
vn 0.00000000 -1.00000000 0.00000000
vn 0.00000000 -1.00000000 0.00000000
vn 0.14002801 -0.70014006 0.70014006
vn 0.13018891 -0.39056674 -0.91132236
vn 0.37139067 -0.74278134 0.55708599
vn 0.00000000 -0.55470020 -0.83205032
vn 0.00000000 -0.55470020 0.83205032
vn 0.13018891 -0.39056674 -0.91132236
vn 0.48507124 -0.48507124 0.72760689
vn 0.00000000 0.00000000 -1.00000000
vn 0.11624764 -0.34874290 0.92998111
vn 0.00000000 0.00000000 -1.00000000
vn 0.00000000 0.00000000 1.00000000
vn 0.00000000 0.00000000 -1.00000000
vn 0.48507124 -0.48507124 0.72760689
vn 0.00000000 0.00000000 -1.00000000
vn 0.00000000 -0.49613893 0.86824316
vn 0.00000000 0.00000000 -1.00000000
vn 0.00000000 -0.49613893 0.86824316
vn 0.00000000 0.00000000 -1.00000000
vn 0.13608277 -0.27216554 0.95257932
vn 0.00000000 0.00000000 -1.00000000
vn 0.00000000 -0.55470020 0.83205032
vn 0.00000000 0.00000000 -1.00000000
vn 0.13608277 -0.27216554 0.95257932
vn 0.00000000 0.00000000 -1.00000000
vn 0.00000000 -0.51449573 0.85749292
vn 0.00000000 0.00000000 -1.00000000
vn 0.00000000 -0.44721359 0.89442718
vn 0.00000000 0.00000000 -1.00000000
vn 0.00000000 -0.44721359 0.89442718
vn 0.00000000 0.00000000 -1.00000000
vn 0.00000000 -0.51449573 0.85749292
vn 0.00000000 0.00000000 -1.00000000
vn 0.48507124 -0.48507124 0.72760689
vn 0.00000000 0.00000000 -1.00000000
vn 0.00000000 -0.49613893 0.86824316
vn 0.00000000 0.00000000 -1.00000000
vn 0.00000000 -0.44721359 0.89442718
vn 0.00000000 0.00000000 -1.00000000
vn 0.00000000 -0.44721359 0.89442718
vn 0.00000000 0.00000000 -1.00000000
vn 0.00000000 0.00000000 1.00000000
vn 0.00000000 0.00000000 -1.00000000
vn 0.00000000 0.00000000 1.00000000
vn 0.00000000 0.00000000 -1.00000000
vn 0.48507124 -0.48507124 0.72760689
vn 0.00000000 0.00000000 -1.00000000
vn 0.00000000 -0.49613893 0.86824316
vn 0.00000000 0.00000000 -1.00000000
vn 0.00000000 0.00000000 1.00000000
vn 0.00000000 0.00000000 -1.00000000
vn 0.00000000 0.00000000 1.00000000
vn 0.00000000 0.00000000 -1.00000000
vn 0.31622776 0.00000000 0.94868332
vn 0.00000000 0.00000000 -1.00000000
vn 0.00000000 0.00000000 1.00000000
vn 0.00000000 0.00000000 -1.00000000
vn 0.00000000 0.00000000 1.00000000
vn 0.00000000 0.00000000 -1.00000000
vn 0.00000000 0.00000000 1.00000000
vn 0.00000000 0.00000000 -1.00000000
vn 0.00000000 0.00000000 1.00000000
vn 0.00000000 0.00000000 -1.00000000
vn 0.31622776 0.00000000 0.94868332
vn 0.00000000 0.00000000 -1.00000000
vn 0.00000000 0.00000000 1.00000000
vn 0.00000000 0.00000000 -1.00000000
vn 0.00000000 0.00000000 1.00000000
vn 0.00000000 0.00000000 -1.00000000
vn 0.70710677 0.00000000 0.70710677
vn 0.00000000 0.00000000 -1.00000000
vn 0.31622776 0.00000000 0.94868332
vn 0.00000000 0.00000000 -1.00000000
vn 0.44721359 0.00000000 0.89442718
vn 0.31622776 0.94868332 -0.00000000
vn 0.68824720 0.22941573 -0.68824720
vn 0.44721359 0.00000000 0.89442718
vn 0.31622776 0.94868332 -0.00000000
vn 0.68824720 0.22941573 -0.68824720
vn 0.57735026 0.57735026 0.57735026
vn 0.24253562 0.97014248 0.00000000
vn 0.00000000 1.00000000 0.00000000
vn 0.00000000 1.00000000 -0.00000000
vn 0.00000000 1.00000000 0.00000000
vn 0.00000000 1.00000000 0.00000000
vn 0.00000000 1.00000000 0.00000000
vn 0.00000000 1.00000000 0.00000000
vn 0.00000000 1.00000000 0.00000000
vn 0.00000000 1.00000000 0.00000000
vn 0.00000000 1.00000000 0.00000000
vn 0.55708599 -0.74278134 -0.37139067
vn 0.00000000 -1.00000000 -0.00000000
vn 0.00000000 -1.00000000 0.00000000
vn 0.00000000 -1.00000000 0.00000000
vn 0.51449573 -0.68599433 0.51449573
vn 0.85749292 -0.51449573 0.00000000
vn 0.48507124 -0.72760689 -0.48507124
vn 0.00000000 -1.00000000 -0.00000000
vn 0.00000000 -1.00000000 0.00000000
vn 0.00000000 -1.00000000 0.00000000
vn 0.37139067 -0.74278134 0.55708599
vn 0.55708599 -0.74278134 -0.37139067
vn 0.00000000 -1.00000000 0.00000000
vn 0.17407766 -0.69631064 0.69631064
vn 0.00000000 -0.55470020 -0.83205032
vn 0.13608277 -0.27216554 0.95257932
vn 0.63960212 -0.63960212 -0.42640144
vn 0.00000000 0.00000000 1.00000000
vn 0.00000000 -0.49613893 -0.86824316
vn 0.48507124 -0.48507124 0.72760689
vn 0.00000000 0.00000000 -1.00000000
vn 0.00000000 -0.49613893 0.86824316
vn 0.00000000 0.00000000 -1.00000000
vn 0.00000000 -0.49613893 0.86824316
vn 0.00000000 0.00000000 -1.00000000
vn 0.13608277 -0.27216554 0.95257932
vn 0.00000000 0.00000000 -1.00000000
vn 0.00000000 0.00000000 1.00000000
vn 0.00000000 0.00000000 -1.00000000
vn 0.48507124 -0.48507124 0.72760689
vn 0.00000000 0.00000000 -1.00000000
vn 0.00000000 -0.55470020 0.83205032
vn 0.00000000 0.00000000 -1.00000000
vn 0.48507124 -0.48507124 0.72760689
vn 0.00000000 0.00000000 -1.00000000
vn 0.00000000 -0.70710677 0.70710677
vn 0.00000000 0.00000000 -1.00000000
vn 0.13608277 -0.27216554 0.95257932
vn 0.00000000 0.00000000 -1.00000000
vn 0.00000000 -0.51449573 0.85749292
vn 0.00000000 0.00000000 -1.00000000
vn 0.00000000 -0.44721359 0.89442718
vn 0.00000000 0.00000000 -1.00000000
vn 0.00000000 -0.44721359 0.89442718
vn 0.00000000 0.00000000 -1.00000000
vn 0.00000000 -0.44721359 0.89442718
vn 0.00000000 0.00000000 -1.00000000
vn 0.00000000 -0.44721359 0.89442718
vn 0.00000000 0.00000000 -1.00000000
vn 0.00000000 -0.44721359 0.89442718
vn 0.00000000 0.00000000 -1.00000000
vn 0.00000000 0.00000000 1.00000000
vn 0.00000000 0.00000000 -1.00000000
vn 0.00000000 0.00000000 1.00000000
vn 0.00000000 0.00000000 -1.00000000
vn 0.00000000 -0.49613893 0.86824316
vn 0.00000000 0.00000000 -1.00000000
vn 0.13608277 -0.27216554 0.95257932
vn 0.00000000 0.00000000 -1.00000000
vn 0.00000000 0.00000000 1.00000000
vn 0.00000000 0.00000000 -1.00000000
vn 0.27472112 0.00000000 0.96152395
vn 0.00000000 0.00000000 -1.00000000
vn 0.70710677 0.00000000 0.70710677
vn 0.00000000 0.00000000 -1.00000000
vn 0.00000000 0.00000000 1.00000000
vn 0.00000000 0.00000000 -1.00000000
vn 0.00000000 0.00000000 1.00000000
vn 0.00000000 0.00000000 -1.00000000
vn 0.00000000 0.00000000 1.00000000
vn 0.00000000 0.00000000 -1.00000000
vn 0.00000000 0.00000000 1.00000000
vn 0.00000000 0.00000000 -1.00000000
vn 0.70710677 0.00000000 0.70710677
vn 0.00000000 0.00000000 -1.00000000
vn 0.00000000 0.00000000 1.00000000
vn 0.00000000 0.00000000 -1.00000000
vn 0.31622776 0.00000000 0.94868332
vn 0.00000000 0.00000000 -1.00000000
vn 0.00000000 0.00000000 1.00000000
vn 0.00000000 0.00000000 -1.00000000
vn 0.70710677 0.00000000 0.70710677
vn 0.44721359 0.00000000 -0.89442718
vn 0.70710677 0.00000000 0.70710677
vn 0.00000000 1.00000000 -0.00000000
vn 0.37139067 0.55708599 -0.74278134
vn 0.70710677 0.00000000 0.70710677
vn 0.00000000 1.00000000 -0.00000000
vn 0.16439898 0.98639393 0.00000000
vn 0.68824720 0.22941573 -0.68824720
vn 0.57735026 0.57735026 0.57735026
vn 0.24253562 0.97014248 0.00000000
vn 0.00000000 1.00000000 0.00000000
vn 0.00000000 1.00000000 -0.00000000
vn 0.00000000 1.00000000 0.00000000
vn 0.00000000 1.00000000 0.00000000
vn 0.00000000 1.00000000 0.00000000
vn 0.00000000 1.00000000 0.00000000
vn 0.00000000 1.00000000 0.00000000
vn 0.80000001 -0.60000002 -0.00000000
vn 0.89442718 -0.44721359 0.00000000
vn 0.85749292 -0.51449573 0.00000000
vn 0.11704115 -0.70224690 -0.70224690
vn 0.00000000 -1.00000000 -0.00000000
vn 0.00000000 -1.00000000 0.00000000
vn 0.00000000 -1.00000000 0.00000000
vn 0.00000000 -1.00000000 0.00000000
vn 0.00000000 -1.00000000 0.00000000
vn 0.00000000 -1.00000000 0.00000000
vn 0.14002801 -0.70014006 0.70014006
vn 0.00000000 -0.70710677 -0.70710677
vn 0.45749572 -0.76249284 0.45749572
vn 0.13018891 -0.39056674 -0.91132236
vn 0.37139067 -0.74278134 0.55708599
vn 0.00000000 -0.55470020 -0.83205032
vn 0.00000000 -0.49613893 0.86824316
vn 0.13018891 -0.39056674 -0.91132236
vn 0.00000000 -0.44721359 0.89442718
vn 0.00000000 0.00000000 -1.00000000
vn 0.00000000 -0.44721359 0.89442718
vn 0.00000000 0.00000000 -1.00000000
vn 0.00000000 0.00000000 1.00000000
vn 0.00000000 0.00000000 -1.00000000
vn 0.48507124 -0.48507124 0.72760689
vn 0.00000000 0.00000000 -1.00000000
vn 0.00000000 -0.49613893 0.86824316
vn 0.00000000 0.00000000 -1.00000000
vn 0.00000000 -0.44721359 0.89442718
vn 0.00000000 0.00000000 -1.00000000
vn 0.00000000 -0.44721359 0.89442718
vn 0.00000000 0.00000000 -1.00000000
vn 0.00000000 -0.44721359 0.89442718
vn 0.00000000 0.00000000 -1.00000000
vn 0.00000000 -0.51449573 0.85749292
vn 0.00000000 0.00000000 -1.00000000
vn 0.48507124 -0.48507124 0.72760689
vn 0.00000000 0.00000000 -1.00000000
vn 0.00000000 -0.70710677 0.70710677
vn 0.00000000 0.00000000 -1.00000000
vn 0.00000000 -0.44721359 0.89442718
vn 0.00000000 0.00000000 -1.00000000
vn 0.00000000 -0.44721359 0.89442718
vn 0.00000000 0.00000000 -1.00000000
vn 0.00000000 -0.44721359 0.89442718
vn 0.00000000 0.00000000 -1.00000000
vn 0.00000000 -0.44721359 0.89442718
vn 0.00000000 0.00000000 -1.00000000
vn 0.00000000 -0.44721359 0.89442718
vn 0.00000000 0.00000000 -1.00000000
vn 0.00000000 0.00000000 1.00000000
vn 0.00000000 0.00000000 -1.00000000
vn 0.00000000 0.00000000 1.00000000
vn 0.00000000 0.00000000 -1.00000000
vn 0.00000000 0.00000000 1.00000000
vn 0.00000000 0.00000000 -1.00000000
vn 0.48507124 -0.48507124 0.72760689
vn 0.00000000 0.00000000 -1.00000000
vn 0.13018891 -0.39056674 0.91132236
vn 0.00000000 0.00000000 -1.00000000
vn 0.70710677 0.00000000 0.70710677
vn 0.00000000 0.00000000 -1.00000000
vn 0.00000000 0.00000000 1.00000000
vn 0.00000000 0.00000000 -1.00000000
vn 0.00000000 0.00000000 1.00000000
vn 0.00000000 0.00000000 -1.00000000
vn 0.00000000 0.00000000 1.00000000
vn 0.00000000 0.00000000 -1.00000000
vn 0.00000000 0.00000000 1.00000000
vn 0.00000000 0.00000000 -1.00000000
vn 0.31622776 0.00000000 0.94868332
vn 0.00000000 0.00000000 -1.00000000
vn 0.00000000 0.00000000 1.00000000
vn 0.00000000 0.00000000 -1.00000000
vn 0.00000000 0.00000000 1.00000000
vn 0.00000000 0.00000000 -1.00000000
vn 0.70710677 0.00000000 0.70710677
vn 0.44721359 0.00000000 -0.89442718
vn 0.31622776 0.00000000 0.94868332
vn 0.51449573 0.00000000 -0.85749292
vn 0.00000000 0.00000000 1.00000000
vn 0.31622776 0.94868332 -0.00000000
vn 0.68824720 0.22941573 -0.68824720
vn 0.60000002 0.00000000 0.80000001
vn 0.31622776 0.94868332 -0.00000000
vn 0.68824720 0.22941573 -0.68824720
vn 0.57735026 0.57735026 0.57735026
vn 0.24253562 0.97014248 0.00000000
vn 0.00000000 1.00000000 -0.00000000
vn 0.16439898 0.98639393 0.00000000
vn 0.85749292 0.51449573 -0.00000000
vn 0.89442718 0.44721359 0.00000000
vn 0.89442718 0.44721359 0.00000000
vn 0.89442718 0.44721359 0.00000000
vn 0.89442718 0.44721359 0.00000000
vn 0.70710677 0.70710677 0.00000000
vn 0.24253562 0.97014248 0.00000000
vn 0.00000000 1.00000000 0.00000000
vn 0.55708599 -0.74278134 -0.37139067
vn 0.00000000 -1.00000000 -0.00000000
vn 0.00000000 -1.00000000 0.00000000
vn 0.00000000 -1.00000000 0.00000000
vn 0.00000000 -1.00000000 0.00000000
vn 0.00000000 -1.00000000 0.00000000
vn 0.00000000 -1.00000000 0.00000000
vn 0.00000000 -1.00000000 0.00000000
vn 0.37139067 -0.74278134 0.55708599
vn 0.14744195 -0.44232586 -0.88465172
vn 0.00000000 -1.00000000 -0.00000000
vn 0.00000000 -1.00000000 0.00000000
vn 0.14002801 -0.70014006 0.70014006
vn 0.63960212 -0.63960212 -0.42640144
vn 0.00000000 -0.70710677 0.70710677
vn 0.00000000 -0.55470020 -0.83205032
vn 0.13608277 -0.27216554 0.95257932
vn 0.63960212 -0.63960212 -0.42640144
vn 0.00000000 -0.55470020 0.83205032
vn 0.11111111 -0.44444445 -0.88888890
vn 0.13608277 -0.27216554 0.95257932
vn 0.00000000 0.00000000 -1.00000000
vn 0.00000000 0.00000000 1.00000000
vn 0.00000000 0.00000000 -1.00000000
vn 0.00000000 -0.44721359 0.89442718
vn 0.00000000 0.00000000 -1.00000000
vn 0.00000000 -0.44721359 0.89442718
vn 0.00000000 0.00000000 -1.00000000
vn 0.00000000 -0.44721359 0.89442718
vn 0.00000000 0.00000000 -1.00000000
vn 0.00000000 -0.44721359 0.89442718
vn 0.00000000 0.00000000 -1.00000000
vn 0.00000000 -0.44721359 0.89442718
vn 0.00000000 0.00000000 -1.00000000
vn 0.00000000 -0.44721359 0.89442718
vn 0.00000000 0.00000000 -1.00000000
vn 0.00000000 -0.44721359 0.89442718
vn 0.00000000 0.00000000 -1.00000000
vn 0.00000000 -0.70710677 0.70710677
vn 0.00000000 0.00000000 -1.00000000
vn 0.00000000 -0.44721359 0.89442718
vn 0.00000000 0.00000000 -1.00000000
vn 0.00000000 -0.44721359 0.89442718
vn 0.00000000 0.00000000 -1.00000000
vn 0.00000000 -0.44721359 0.89442718
vn 0.00000000 0.00000000 -1.00000000
vn 0.00000000 -0.49613893 0.86824316
vn 0.00000000 0.00000000 -1.00000000
vn 0.13608277 -0.27216554 0.95257932
vn 0.00000000 0.00000000 -1.00000000
vn 0.00000000 0.00000000 1.00000000
vn 0.00000000 0.00000000 -1.00000000
vn 0.00000000 0.00000000 1.00000000
vn 0.00000000 0.00000000 -1.00000000
vn 0.00000000 0.00000000 1.00000000
vn 0.00000000 0.00000000 -1.00000000
vn 0.00000000 0.00000000 1.00000000
vn 0.00000000 0.00000000 -1.00000000
vn 0.55470020 0.00000000 0.83205032
vn 0.00000000 0.00000000 -1.00000000
vn 0.00000000 0.00000000 1.00000000
vn 0.00000000 0.00000000 -1.00000000
vn 0.00000000 0.00000000 1.00000000
vn 0.00000000 0.00000000 -1.00000000
vn 0.00000000 0.00000000 1.00000000
vn 0.00000000 0.00000000 -1.00000000
vn 0.00000000 0.00000000 1.00000000
vn 0.44721359 0.00000000 -0.89442718
vn 0.00000000 0.00000000 1.00000000
vn 0.00000000 0.00000000 -1.00000000
vn 0.70710677 0.00000000 0.70710677
vn 0.00000000 0.00000000 -1.00000000
vn 0.00000000 0.00000000 1.00000000
vn 0.00000000 0.00000000 -1.00000000
vn 0.31622776 0.00000000 0.94868332
vn 0.00000000 0.00000000 -1.00000000
vn 0.00000000 0.00000000 1.00000000
vn 0.00000000 0.00000000 -1.00000000
vn 0.70710677 0.00000000 0.70710677
vn 0.70710677 0.00000000 -0.70710677
vn 0.31622776 0.00000000 0.94868332
vn 0.00000000 0.00000000 -1.00000000
vn 0.57735026 0.57735026 0.57735026
vn 0.24253562 0.97014248 0.00000000
vn 0.00000000 1.00000000 -0.00000000
vn 0.37139067 0.55708599 -0.74278134
vn 0.57735026 0.57735026 0.57735026
vn 0.44721359 0.89442718 0.00000000
vn 0.00000000 1.00000000 -0.00000000
vn 0.00000000 1.00000000 0.00000000
vn 0.00000000 1.00000000 0.00000000
vn 0.00000000 1.00000000 0.00000000
vn 0.00000000 1.00000000 0.00000000
vn 0.00000000 1.00000000 0.00000000
vn 0.00000000 1.00000000 0.00000000
vn 0.00000000 1.00000000 0.00000000
vn 0.00000000 1.00000000 0.00000000
vn 0.80000001 -0.60000002 -0.00000000
vn 0.74535596 -0.59628481 -0.29814240
vn 0.00000000 -1.00000000 -0.00000000
vn 0.00000000 -1.00000000 0.00000000
vn 0.00000000 -1.00000000 0.00000000
vn 0.00000000 -1.00000000 0.00000000
vn 0.37139067 -0.74278134 0.55708599
vn 0.55708599 -0.74278134 -0.37139067
vn 0.00000000 -1.00000000 -0.00000000
vn 0.00000000 -1.00000000 0.00000000
vn 0.37139067 -0.74278134 0.55708599
vn 0.00000000 -0.70710677 -0.70710677
vn 0.00000000 -1.00000000 0.00000000
vn 0.15617377 -0.31234753 0.93704259
vn 0.00000000 -0.44721359 -0.89442718
vn 0.48507124 -0.48507124 0.72760689
vn 0.00000000 0.00000000 -1.00000000
vn 0.00000000 -0.55470020 0.83205032
vn 0.63960212 -0.63960212 -0.42640144
vn 0.48507124 -0.48507124 0.72760689
vn 0.11111111 -0.44444445 -0.88888890
vn 0.00000000 -0.49613893 0.86824316
vn 0.00000000 0.00000000 -1.00000000
vn 0.00000000 -0.44721359 0.89442718
vn 0.00000000 0.00000000 -1.00000000
vn 0.00000000 -0.44721359 0.89442718
vn 0.00000000 0.00000000 -1.00000000
vn 0.00000000 -0.44721359 0.89442718
vn 0.00000000 0.00000000 -1.00000000
vn 0.00000000 -0.44721359 0.89442718
vn 0.00000000 0.00000000 -1.00000000
vn 0.00000000 -0.44721359 0.89442718
vn 0.00000000 0.00000000 -1.00000000
vn 0.00000000 -0.44721359 0.89442718
vn 0.00000000 0.00000000 -1.00000000
vn 0.00000000 -0.44721359 0.89442718
vn 0.00000000 0.00000000 -1.00000000
vn 0.00000000 -0.70710677 0.70710677
vn 0.00000000 0.00000000 -1.00000000
vn 0.13608277 -0.27216554 0.95257932
vn 0.00000000 0.00000000 -1.00000000
vn 0.00000000 -0.51449573 0.85749292
vn 0.00000000 0.00000000 -1.00000000
vn 0.00000000 -0.44721359 0.89442718
vn 0.00000000 0.00000000 -1.00000000
vn 0.00000000 0.00000000 1.00000000
vn 0.00000000 0.00000000 -1.00000000
vn 0.48507124 -0.48507124 0.72760689
vn 0.00000000 0.00000000 -1.00000000
vn 0.00000000 -0.49613893 0.86824316
vn 0.00000000 0.00000000 -1.00000000
vn 0.00000000 0.00000000 1.00000000
vn 0.00000000 0.00000000 -1.00000000
vn 0.00000000 0.00000000 1.00000000
vn 0.00000000 0.00000000 -1.00000000
vn 0.00000000 0.00000000 1.00000000
vn 0.00000000 0.00000000 -1.00000000
vn 0.00000000 0.00000000 1.00000000
vn 0.00000000 0.00000000 -1.00000000
vn 0.00000000 0.00000000 1.00000000
vn 0.00000000 0.00000000 -1.00000000
vn 0.00000000 0.00000000 1.00000000
vn 0.00000000 0.00000000 -1.00000000
vn 0.00000000 0.00000000 1.00000000
vn 0.00000000 0.00000000 -1.00000000
vn 0.00000000 0.00000000 1.00000000
vn 0.00000000 0.00000000 -1.00000000
vn 0.31622776 0.00000000 0.94868332
vn 0.00000000 0.00000000 -1.00000000
vn 0.00000000 0.00000000 1.00000000
vn 0.00000000 0.00000000 -1.00000000
vn 0.00000000 0.00000000 1.00000000
vn 0.44721359 0.00000000 -0.89442718
vn 0.70710677 0.00000000 0.70710677
vn 0.00000000 0.00000000 -1.00000000
vn 0.00000000 0.00000000 1.00000000
vn 0.00000000 0.00000000 -1.00000000
vn 0.00000000 0.00000000 1.00000000
vn 0.00000000 0.00000000 -1.00000000
vn 0.70710677 0.00000000 0.70710677
vn 0.44721359 0.00000000 -0.89442718
vn 0.60000002 0.00000000 0.80000001
vn 0.00000000 1.00000000 -0.00000000
vn 0.16439898 0.98639393 0.00000000
vn 0.68824720 0.22941573 -0.68824720
vn 0.57735026 0.57735026 0.57735026
vn 0.24253562 0.97014248 0.00000000
vn 0.00000000 1.00000000 0.00000000
vn 0.00000000 1.00000000 -0.00000000
vn 0.00000000 1.00000000 0.00000000
vn 0.00000000 1.00000000 0.00000000
vn 0.00000000 1.00000000 0.00000000
vn 0.00000000 1.00000000 0.00000000
vn 0.00000000 1.00000000 0.00000000
vn 0.00000000 1.00000000 0.00000000
vn 0.80000001 -0.60000002 -0.00000000
vn 0.89442718 -0.44721359 0.00000000
vn 0.89442718 -0.44721359 0.00000000
vn 0.85749292 -0.51449573 0.00000000
vn 0.11704115 -0.70224690 -0.70224690
vn 0.00000000 -1.00000000 -0.00000000
vn 0.00000000 -1.00000000 0.00000000
vn 0.00000000 -1.00000000 0.00000000
vn 0.00000000 -1.00000000 0.00000000
vn 0.00000000 -1.00000000 0.00000000
vn 0.14002801 -0.70014006 0.70014006
vn 0.00000000 -0.70710677 -0.70710677
vn 0.37139067 -0.74278134 0.55708599
vn 0.13018891 -0.39056674 -0.91132236
vn 0.00000000 -0.70710677 0.70710677
vn 0.00000000 0.00000000 -1.00000000
vn 0.00000000 -0.44721359 0.89442718
vn 0.00000000 0.00000000 -1.00000000
vn 0.00000000 -0.44721359 0.89442718
vn 0.63960212 -0.63960212 -0.42640144
vn 0.00000000 -0.44721359 0.89442718
vn 0.12309149 -0.49236596 -0.86164045
vn 0.00000000 -0.49613893 0.86824316
vn 0.31622776 0.00000000 -0.94868332
vn 0.13608277 -0.27216554 0.95257932
vn 0.31622776 0.00000000 -0.94868332
vn 0.00000000 -0.55470020 0.83205032
vn 0.31622776 0.00000000 -0.94868332
vn 0.13608277 -0.27216554 0.95257932
vn 0.31622776 0.00000000 -0.94868332
vn 0.00000000 -0.51449573 0.85749292
vn 0.31622776 0.00000000 -0.94868332
vn 0.00000000 -0.44721359 0.89442718
vn 0.31622776 0.00000000 -0.94868332
vn 0.00000000 -0.44721359 0.89442718
vn 0.31622776 0.00000000 -0.94868332
vn 0.00000000 -0.51449573 0.85749292
vn 0.31622776 0.00000000 -0.94868332
vn 0.48507124 -0.48507124 0.72760689
vn 0.31622776 0.00000000 -0.94868332
vn 0.00000000 -0.70710677 0.70710677
vn 0.27472112 0.00000000 -0.96152395
vn 0.00000000 -0.44721359 0.89442718
vn 0.00000000 0.00000000 -1.00000000
vn 0.00000000 0.00000000 1.00000000
vn 0.00000000 0.00000000 -1.00000000
vn 0.00000000 -0.44721359 0.89442718
vn 0.00000000 0.00000000 -1.00000000
vn 0.00000000 -0.44721359 0.89442718
vn 0.00000000 0.00000000 -1.00000000
vn 0.00000000 0.00000000 1.00000000
vn 0.00000000 0.00000000 -1.00000000
vn 0.00000000 0.00000000 1.00000000
vn 0.00000000 0.00000000 -1.00000000
vn 0.00000000 0.00000000 1.00000000
vn 0.00000000 0.00000000 -1.00000000
vn 0.00000000 0.00000000 1.00000000
vn 0.00000000 0.00000000 -1.00000000
vn 0.00000000 0.00000000 1.00000000
vn 0.00000000 0.00000000 -1.00000000
vn 0.00000000 0.00000000 1.00000000
vn 0.00000000 0.00000000 -1.00000000
vn 0.00000000 0.00000000 1.00000000
vn 0.00000000 0.00000000 -1.00000000
vn 0.00000000 0.00000000 1.00000000
vn 0.00000000 0.00000000 -1.00000000
vn 0.70710677 0.00000000 0.70710677
vn 0.00000000 0.00000000 -1.00000000
vn 0.00000000 0.00000000 1.00000000
vn 0.00000000 0.00000000 -1.00000000
vn 0.31622776 0.00000000 0.94868332
vn 0.00000000 0.00000000 -1.00000000
vn 0.00000000 0.00000000 1.00000000
vn 0.00000000 0.00000000 -1.00000000
vn 0.31622776 0.00000000 0.94868332
vn 0.00000000 0.00000000 -1.00000000
vn 0.00000000 0.00000000 1.00000000
vn 0.00000000 0.00000000 -1.00000000
vn 0.00000000 0.00000000 1.00000000
vn 0.31622776 0.94868332 -0.00000000
vn 0.68824720 0.22941573 -0.68824720
vn 0.57735026 0.57735026 0.57735026
vn 0.44721359 0.89442718 0.00000000
vn 0.00000000 1.00000000 -0.00000000
vn 0.16439898 0.98639393 0.00000000
vn 0.68824720 0.22941573 -0.68824720
vn 0.57735026 0.57735026 0.57735026
vn 0.19611613 0.98058069 0.00000000
vn 0.00000000 1.00000000 0.00000000
vn 0.00000000 1.00000000 -0.00000000
vn 0.00000000 1.00000000 0.00000000
vn 0.00000000 1.00000000 0.00000000
vn 0.00000000 1.00000000 0.00000000
vn 0.00000000 1.00000000 0.00000000
vn 0.55708599 -0.74278134 -0.37139067
vn 0.00000000 -1.00000000 -0.00000000
vn 0.00000000 -1.00000000 0.00000000
vn 0.00000000 -1.00000000 0.00000000
vn 0.00000000 -1.00000000 0.00000000
vn 0.00000000 -1.00000000 0.00000000
vn 0.00000000 -1.00000000 0.00000000
vn 0.00000000 -1.00000000 0.00000000
vn 0.37139067 -0.74278134 0.55708599
vn 0.14744195 -0.44232586 -0.88465172
vn 0.00000000 -1.00000000 -0.00000000
vn 0.00000000 -1.00000000 0.00000000
vn 0.14002801 -0.70014006 0.70014006
vn 0.63960212 -0.63960212 -0.42640144
vn 0.00000000 -0.70710677 0.70710677
vn 0.00000000 -0.49613893 -0.86824316
vn 0.13608277 -0.27216554 0.95257932
vn 0.00000000 0.00000000 -1.00000000
vn 0.00000000 -0.55470020 0.83205032
vn 0.00000000 0.00000000 -1.00000000
vn 0.13608277 -0.27216554 0.95257932
vn 0.80000001 0.00000000 -0.60000002
vn 0.00000000 0.00000000 1.00000000
vn 0.80000001 0.00000000 -0.60000002
vn 0.48507124 -0.48507124 0.72760689
vn 0.80000001 0.00000000 -0.60000002
vn 0.00000000 -0.55470020 0.83205032
vn 0.80000001 0.00000000 -0.60000002
vn 0.48507124 -0.48507124 0.72760689
vn 0.80000001 0.00000000 -0.60000002
vn 0.00000000 -0.70710677 0.70710677
vn 0.80000001 0.00000000 -0.60000002
vn 0.00000000 -0.44721359 0.89442718
vn 0.80000001 0.00000000 -0.60000002
vn 0.00000000 -0.44721359 0.89442718
vn 0.80000001 0.00000000 -0.60000002
vn 0.00000000 -0.44721359 0.89442718
vn 0.80000001 0.00000000 -0.60000002
vn 0.00000000 -0.44721359 0.89442718
vn 0.80000001 0.00000000 -0.60000002
vn 0.00000000 -0.70710677 0.70710677
vn 0.63960212 -0.63960212 -0.42640144
vn 0.13608277 -0.27216554 0.95257932
vn 0.11111111 -0.44444445 -0.88888890
vn 0.00000000 0.00000000 1.00000000
vn 0.00000000 0.00000000 -1.00000000
vn 0.00000000 -0.44721359 0.89442718
vn 0.00000000 0.00000000 -1.00000000
vn 0.00000000 -0.44721359 0.89442718
vn 0.00000000 0.00000000 -1.00000000
vn 0.00000000 0.00000000 1.00000000
vn 0.00000000 0.00000000 -1.00000000
vn 0.00000000 0.00000000 1.00000000
vn 0.00000000 0.00000000 -1.00000000
vn 0.00000000 0.00000000 1.00000000
vn 0.00000000 0.00000000 -1.00000000
vn 0.00000000 0.00000000 1.00000000
vn 0.00000000 0.00000000 -1.00000000
vn 0.00000000 0.00000000 1.00000000
vn 0.00000000 0.00000000 -1.00000000
vn 0.00000000 0.00000000 1.00000000
vn 0.00000000 0.00000000 -1.00000000
vn 0.00000000 0.00000000 1.00000000
vn 0.44721359 0.00000000 -0.89442718
vn 0.31622776 0.00000000 0.94868332
vn 0.00000000 0.00000000 -1.00000000
vn 0.00000000 0.00000000 1.00000000
vn 0.00000000 0.00000000 -1.00000000
vn 0.00000000 0.00000000 1.00000000
vn 0.00000000 0.00000000 -1.00000000
vn 0.70710677 0.00000000 0.70710677
vn 0.00000000 0.00000000 -1.00000000
vn 0.00000000 0.00000000 1.00000000
vn 0.00000000 0.00000000 -1.00000000
vn 0.70710677 0.00000000 0.70710677
vn 0.00000000 0.00000000 -1.00000000
vn 0.31622776 0.00000000 0.94868332
vn 0.44721359 0.00000000 -0.89442718
vn 0.44721359 0.00000000 0.89442718
vn 0.00000000 1.00000000 -0.00000000
vn 0.37139067 0.55708599 -0.74278134
vn 0.55708599 0.37139067 0.74278134
vn 0.00000000 1.00000000 0.00000000
vn 0.00000000 1.00000000 -0.00000000
vn 0.00000000 1.00000000 0.00000000
vn 0.16439898 0.98639393 0.00000000
vn 0.85749292 0.51449573 -0.00000000
vn 0.89442718 0.44721359 0.00000000
vn 0.89442718 0.44721359 0.00000000
vn 0.89442718 0.44721359 0.00000000
vn 0.70710677 0.70710677 0.00000000
vn 0.19611613 0.98058069 0.00000000
vn 0.00000000 1.00000000 0.00000000
vn 0.00000000 1.00000000 0.00000000
vn 0.55708599 -0.74278134 -0.37139067
vn 0.00000000 -1.00000000 -0.00000000
vn 0.00000000 -1.00000000 0.00000000
vn 0.00000000 -1.00000000 0.00000000
vn 0.00000000 -1.00000000 0.00000000
vn 0.51449573 -0.68599433 0.51449573
vn 0.85749292 -0.51449573 0.00000000
vn 0.55708599 -0.74278134 -0.37139067
vn 0.00000000 -1.00000000 -0.00000000
vn 0.00000000 -1.00000000 0.00000000
vn 0.37139067 -0.74278134 0.55708599
vn 0.00000000 -0.70710677 -0.70710677
vn 0.00000000 -1.00000000 0.00000000
vn 0.15617377 -0.31234753 0.93704259
vn 0.13018891 -0.39056674 -0.91132236
vn 0.48507124 -0.48507124 0.72760689
vn 0.00000000 0.00000000 -1.00000000
vn 0.00000000 -0.55470020 0.83205032
vn 0.00000000 0.00000000 -1.00000000
vn 0.48507124 -0.48507124 0.72760689
vn 0.00000000 0.00000000 -1.00000000
vn 0.00000000 -0.49613893 0.86824316
vn 0.00000000 0.00000000 -1.00000000
vn 0.00000000 -0.44721359 0.89442718
vn 0.00000000 0.00000000 -1.00000000
vn 0.00000000 -0.44721359 0.89442718
vn 0.00000000 0.00000000 -1.00000000
vn 0.00000000 -0.44721359 0.89442718
vn 0.00000000 0.00000000 -1.00000000
vn 0.00000000 -0.70710677 0.70710677
vn 0.00000000 0.00000000 -1.00000000
vn 0.00000000 -0.44721359 0.89442718
vn 0.00000000 0.00000000 -1.00000000
vn 0.00000000 -0.44721359 0.89442718
vn 0.00000000 0.00000000 -1.00000000
vn 0.00000000 -0.44721359 0.89442718
vn 0.00000000 0.00000000 -1.00000000
vn 0.00000000 -0.44721359 0.89442718
vn 0.00000000 0.00000000 -1.00000000
vn 0.00000000 -0.51449573 0.85749292
vn 0.00000000 0.00000000 -1.00000000
vn 0.48507124 -0.48507124 0.72760689
vn 0.63960212 -0.63960212 -0.42640144
vn 0.00000000 -0.49613893 0.86824316
vn 0.12309149 -0.49236596 -0.86164045
vn 0.00000000 -0.49613893 0.86824316
vn 0.27472112 0.00000000 -0.96152395
vn 0.13608277 -0.27216554 0.95257932
vn 0.00000000 0.00000000 -1.00000000
vn 0.00000000 0.00000000 1.00000000
vn 0.00000000 0.00000000 -1.00000000
vn 0.00000000 0.00000000 1.00000000
vn 0.00000000 0.00000000 -1.00000000
vn 0.00000000 0.00000000 1.00000000
vn 0.00000000 0.00000000 -1.00000000
vn 0.00000000 0.00000000 1.00000000
vn 0.00000000 0.00000000 -1.00000000
vn 0.00000000 0.00000000 1.00000000
vn 0.00000000 0.00000000 -1.00000000
vn 0.00000000 0.00000000 1.00000000
vn 0.39391929 0.00000000 -0.91914505
vn 0.27472112 0.00000000 0.96152395
vn 0.00000000 0.00000000 -1.00000000
vn 0.70710677 0.00000000 0.70710677
vn 0.00000000 0.00000000 -1.00000000
vn 0.00000000 0.00000000 1.00000000
vn 0.00000000 0.00000000 -1.00000000
vn 0.31622776 0.00000000 0.94868332
vn 0.44721359 0.00000000 -0.89442718
vn 0.00000000 0.00000000 1.00000000
vn 0.00000000 0.00000000 -1.00000000
vn 0.31622776 0.00000000 0.94868332
vn 0.44721359 0.00000000 -0.89442718
vn 0.00000000 0.00000000 1.00000000
vn 0.51449573 0.00000000 -0.85749292
vn 0.70710677 0.00000000 0.70710677
vn 0.31622776 0.94868332 -0.00000000
vn 0.68824720 0.22941573 -0.68824720
vn 0.70710677 0.00000000 0.70710677
vn 0.31622776 0.94868332 -0.00000000
vn 0.68824720 0.22941573 -0.68824720
vn 0.57735026 0.57735026 0.57735026
vn 0.44721359 0.89442718 0.00000000
vn 0.00000000 1.00000000 -0.00000000
vn 0.00000000 1.00000000 0.00000000
vn 0.00000000 1.00000000 0.00000000
vn 0.00000000 1.00000000 0.00000000
vn 0.00000000 1.00000000 0.00000000
vn 0.00000000 1.00000000 0.00000000
vn 0.00000000 1.00000000 0.00000000
vn 0.00000000 1.00000000 0.00000000
vn 0.00000000 1.00000000 0.00000000
vn 0.80000001 -0.60000002 -0.00000000
vn 0.89442718 -0.44721359 0.00000000
vn 0.89442718 -0.44721359 0.00000000
vn 0.85749292 -0.51449573 0.00000000
vn 0.55708599 -0.74278134 -0.37139067
vn 0.00000000 -1.00000000 -0.00000000
vn 0.00000000 -1.00000000 0.00000000
vn 0.00000000 -1.00000000 0.00000000
vn 0.00000000 -1.00000000 0.00000000
vn 0.14002801 -0.70014006 0.70014006
vn 0.14744195 -0.44232586 -0.88465172
vn 0.00000000 -1.00000000 -0.00000000
vn 0.37139067 -0.74278134 0.55708599
vn 0.63960212 -0.63960212 -0.42640144
vn 0.00000000 -0.70710677 0.70710677
vn 0.11111111 -0.44444445 -0.88888890
vn 0.00000000 -0.44721359 0.89442718
vn 0.00000000 0.00000000 -1.00000000
vn 0.00000000 -0.44721359 0.89442718
vn 0.00000000 0.00000000 -1.00000000
vn 0.00000000 -0.44721359 0.89442718
vn 0.00000000 0.00000000 -1.00000000
vn 0.00000000 -0.44721359 0.89442718
vn 0.00000000 0.00000000 -1.00000000
vn 0.00000000 -0.44721359 0.89442718
vn 0.00000000 0.00000000 -1.00000000
vn 0.00000000 -0.44721359 0.89442718
vn 0.00000000 0.00000000 -1.00000000
vn 0.00000000 -0.70710677 0.70710677
vn 0.00000000 0.00000000 -1.00000000
vn 0.00000000 -0.44721359 0.89442718
vn 0.00000000 0.00000000 -1.00000000
vn 0.00000000 -0.44721359 0.89442718
vn 0.00000000 0.00000000 -1.00000000
vn 0.00000000 -0.44721359 0.89442718
vn 0.00000000 0.00000000 -1.00000000
vn 0.00000000 -0.44721359 0.89442718
vn 0.00000000 0.00000000 -1.00000000
vn 0.00000000 -0.44721359 0.89442718
vn 0.00000000 0.00000000 -1.00000000
vn 0.00000000 -0.44721359 0.89442718
vn 0.00000000 0.00000000 -1.00000000
vn 0.00000000 -0.44721359 0.89442718
vn 0.80000001 0.00000000 -0.60000002
vn 0.00000000 0.00000000 1.00000000
vn 0.63960212 -0.63960212 -0.42640144
vn 0.48507124 -0.48507124 0.72760689
vn 0.12309149 -0.49236596 -0.86164045
vn 0.00000000 -0.49613893 0.86824316
vn 0.31622776 0.00000000 -0.94868332
vn 0.00000000 0.00000000 1.00000000
vn 0.31622776 0.00000000 -0.94868332
vn 0.00000000 0.00000000 1.00000000
vn 0.31622776 0.00000000 -0.94868332
vn 0.00000000 0.00000000 1.00000000
vn 0.31622776 0.00000000 -0.94868332
vn 0.00000000 0.00000000 1.00000000
vn 0.31622776 0.00000000 -0.94868332
vn 0.27472112 0.00000000 0.96152395
vn 0.00000000 0.00000000 -1.00000000
vn 0.70710677 0.00000000 0.70710677
vn 0.00000000 0.00000000 -1.00000000
vn 0.00000000 0.00000000 1.00000000
vn 0.00000000 0.00000000 -1.00000000
vn 0.00000000 0.00000000 1.00000000
vn 0.00000000 0.00000000 -1.00000000
vn 0.70710677 0.00000000 0.70710677
vn 0.00000000 0.00000000 -1.00000000
vn 0.00000000 0.00000000 1.00000000
vn 0.00000000 0.00000000 -1.00000000
vn 0.70710677 0.00000000 0.70710677
vn 0.00000000 0.00000000 -1.00000000
vn 0.00000000 0.00000000 1.00000000
vn 0.70710677 0.00000000 -0.70710677
vn 0.00000000 0.00000000 1.00000000
vn 0.00000000 0.00000000 -1.00000000
vn 0.60000002 0.00000000 0.80000001
vn 0.00000000 1.00000000 -0.00000000
vn 0.37139067 0.55708599 -0.74278134
vn 0.55708599 0.37139067 0.74278134
vn 0.00000000 1.00000000 0.00000000
vn 0.00000000 1.00000000 -0.00000000
vn 0.00000000 1.00000000 0.00000000
vn 0.00000000 1.00000000 0.00000000
vn 0.00000000 1.00000000 0.00000000
vn 0.00000000 1.00000000 0.00000000
vn 0.00000000 1.00000000 0.00000000
vn 0.00000000 1.00000000 0.00000000
vn 0.00000000 1.00000000 0.00000000
vn 0.00000000 1.00000000 0.00000000
vn 0.11704115 -0.70224690 -0.70224690
vn 0.00000000 -1.00000000 -0.00000000
vn 0.00000000 -1.00000000 0.00000000
vn 0.00000000 -1.00000000 0.00000000
vn 0.00000000 -1.00000000 0.00000000
vn 0.00000000 -1.00000000 0.00000000
vn 0.00000000 -1.00000000 0.00000000
vn 0.00000000 -1.00000000 0.00000000
vn 0.37139067 -0.74278134 0.55708599
vn 0.55708599 -0.74278134 -0.37139067
vn 0.00000000 -1.00000000 0.00000000
vn 0.14002801 -0.70014006 0.70014006
vn 0.00000000 -0.55470020 -0.83205032
vn 0.00000000 -0.70710677 0.70710677
vn 0.63960212 -0.63960212 -0.42640144
vn 0.00000000 -0.44721359 0.89442718
vn 0.00000000 -0.49613893 -0.86824316
vn 0.00000000 -0.44721359 0.89442718
vn 0.00000000 0.00000000 -1.00000000
vn 0.00000000 -0.44721359 0.89442718
vn 0.00000000 0.00000000 -1.00000000
vn 0.00000000 -0.44721359 0.89442718
vn 0.00000000 0.00000000 -1.00000000
vn 0.00000000 -0.44721359 0.89442718
vn 0.00000000 0.00000000 -1.00000000
vn 0.00000000 -0.44721359 0.89442718
vn 0.00000000 0.00000000 -1.00000000
vn 0.00000000 -0.70710677 0.70710677
vn 0.00000000 0.00000000 -1.00000000
vn 0.00000000 -0.44721359 0.89442718
vn 0.00000000 0.00000000 -1.00000000
vn 0.00000000 -0.44721359 0.89442718
vn 0.00000000 0.00000000 -1.00000000
vn 0.00000000 -0.44721359 0.89442718
vn 0.00000000 0.00000000 -1.00000000
vn 0.00000000 -0.44721359 0.89442718
vn 0.00000000 0.00000000 -1.00000000
vn 0.00000000 -0.44721359 0.89442718
vn 0.00000000 0.00000000 -1.00000000
vn 0.00000000 -0.44721359 0.89442718
vn 0.00000000 0.00000000 -1.00000000
vn 0.00000000 -0.44721359 0.89442718
vn 0.00000000 0.00000000 -1.00000000
vn 0.00000000 0.00000000 1.00000000
vn 0.00000000 0.00000000 -1.00000000
vn 0.00000000 -0.49613893 0.86824316
vn 0.80000001 0.00000000 -0.60000002
vn 0.15617377 -0.31234753 0.93704259
vn 0.80000001 0.00000000 -0.60000002
vn 0.16439898 0.00000000 0.98639393
vn 0.80000001 0.00000000 -0.60000002
vn 0.16439898 0.00000000 0.98639393
vn 0.80000001 0.00000000 -0.60000002
vn 0.16439898 0.00000000 0.98639393
vn 0.80000001 0.00000000 -0.60000002
vn 0.16439898 0.00000000 0.98639393
vn 0.70710677 0.00000000 -0.70710677
vn 0.70710677 0.00000000 0.70710677
vn 0.00000000 0.00000000 -1.00000000
vn 0.00000000 0.00000000 1.00000000
vn 0.00000000 0.00000000 -1.00000000
vn 0.00000000 0.00000000 1.00000000
vn 0.00000000 0.00000000 -1.00000000
vn 0.31622776 0.00000000 0.94868332
vn 0.44721359 0.00000000 -0.89442718
vn 0.00000000 0.00000000 1.00000000
vn 0.00000000 0.00000000 -1.00000000
vn 0.00000000 0.00000000 1.00000000
vn 0.00000000 0.00000000 -1.00000000
vn 0.00000000 0.00000000 1.00000000
vn 0.00000000 0.00000000 -1.00000000
vn 0.31622776 0.00000000 0.94868332
vn 0.00000000 0.00000000 -1.00000000
vn 0.00000000 0.00000000 1.00000000
vn 0.44721359 0.00000000 -0.89442718
vn 0.57735026 0.57735026 0.57735026
vn 0.44721359 0.89442718 0.00000000
vn 0.00000000 1.00000000 -0.00000000
vn 0.16439898 0.98639393 0.00000000
vn 0.68824720 0.22941573 -0.68824720
vn 0.57735026 0.57735026 0.57735026
vn 0.44721359 0.89442718 0.00000000
vn 0.00000000 1.00000000 -0.00000000
vn 0.00000000 1.00000000 0.00000000
vn 0.00000000 1.00000000 0.00000000
vn 0.00000000 1.00000000 0.00000000
vn 0.00000000 1.00000000 0.00000000
vn 0.00000000 1.00000000 0.00000000
vn 0.00000000 1.00000000 0.00000000
vn 0.55708599 -0.74278134 -0.37139067
vn 0.00000000 -1.00000000 -0.00000000
vn 0.00000000 -1.00000000 0.00000000
vn 0.00000000 -1.00000000 0.00000000
vn 0.00000000 -1.00000000 0.00000000
vn 0.00000000 -1.00000000 0.00000000
vn 0.37139067 -0.74278134 0.55708599
vn 0.08804509 -0.70436072 -0.70436072
vn 0.00000000 -1.00000000 -0.00000000
vn 0.00000000 -1.00000000 0.00000000
vn 0.37139067 -0.74278134 0.55708599
vn 0.13018891 -0.39056674 -0.91132236
vn 0.00000000 -1.00000000 0.00000000
vn 0.00000000 -0.70710677 0.70710677
vn 0.00000000 -0.55470020 -0.83205032
vn 0.00000000 -0.44721359 0.89442718
vn 0.14744195 -0.44232586 -0.88465172
vn 0.00000000 -0.44721359 0.89442718
vn 0.27472112 0.00000000 -0.96152395
vn 0.00000000 -0.44721359 0.89442718
vn 0.00000000 0.00000000 -1.00000000
vn 0.00000000 -0.44721359 0.89442718
vn 0.00000000 0.00000000 -1.00000000
vn 0.00000000 -0.44721359 0.89442718
vn 0.00000000 0.00000000 -1.00000000
vn -0.15617377 -0.31234753 0.93704259
vn 0.00000000 0.00000000 -1.00000000
vn 0.00000000 -0.70710677 0.70710677
vn 0.00000000 0.00000000 -1.00000000
vn 0.00000000 -0.44721359 0.89442718
vn 0.00000000 0.00000000 -1.00000000
vn 0.00000000 -0.44721359 0.89442718
vn 0.00000000 0.00000000 -1.00000000
vn 0.00000000 -0.44721359 0.89442718
vn 0.00000000 0.00000000 -1.00000000
vn 0.00000000 -0.44721359 0.89442718
vn 0.00000000 0.00000000 -1.00000000
vn 0.00000000 -0.44721359 0.89442718
vn 0.00000000 0.00000000 -1.00000000
vn 0.00000000 -0.49613893 0.86824316
vn 0.00000000 0.00000000 -1.00000000
vn 0.13608277 -0.27216554 0.95257932
vn 0.00000000 0.00000000 -1.00000000
vn 0.00000000 0.00000000 1.00000000
vn 0.00000000 0.00000000 -1.00000000
vn 0.00000000 0.00000000 1.00000000
vn 0.00000000 0.00000000 -1.00000000
vn 0.55470020 0.00000000 0.83205032
vn 0.00000000 0.00000000 -1.00000000
vn 0.55470020 0.00000000 0.83205032
vn 0.00000000 0.00000000 -1.00000000
vn 0.55470020 0.00000000 0.83205032
vn 0.00000000 0.00000000 -1.00000000
vn 0.55470020 0.00000000 0.83205032
vn 0.00000000 0.00000000 -1.00000000
vn 0.55470020 0.00000000 0.83205032
vn 0.00000000 0.00000000 -1.00000000
vn 0.00000000 0.00000000 1.00000000
vn 0.00000000 0.00000000 -1.00000000
vn 0.00000000 0.00000000 1.00000000
vn 0.00000000 0.00000000 -1.00000000
vn 0.00000000 0.00000000 1.00000000
vn 0.00000000 0.00000000 -1.00000000
vn 0.70710677 0.00000000 0.70710677
vn 0.00000000 0.00000000 -1.00000000
vn 0.00000000 0.00000000 1.00000000
vn 0.00000000 0.00000000 -1.00000000
vn 0.31622776 0.00000000 0.94868332
vn 0.44721359 0.00000000 -0.89442718
vn 0.00000000 0.00000000 1.00000000
vn 0.00000000 0.00000000 -1.00000000
vn 0.70710677 0.00000000 0.70710677
vn 0.00000000 0.00000000 -1.00000000
vn 0.31622776 0.00000000 0.94868332
vn 0.31622776 0.94868332 -0.00000000
vn 0.68824720 0.22941573 -0.68824720
vn 0.00000000 0.55470020 0.83205032
vn 0.00000000 1.00000000 0.00000000
vn 0.00000000 1.00000000 -0.00000000
vn 0.16439898 0.98639393 0.00000000
vn 0.68824720 0.22941573 -0.68824720
vn 0.57735026 0.57735026 0.57735026
vn 0.19611613 0.98058069 0.00000000
vn 0.00000000 1.00000000 0.00000000
vn 0.00000000 1.00000000 -0.00000000
vn 0.00000000 1.00000000 0.00000000
vn 0.00000000 1.00000000 0.00000000
vn 0.00000000 1.00000000 0.00000000
vn 0.00000000 1.00000000 0.00000000
vn 0.80000001 -0.60000002 -0.00000000
vn 0.89442718 -0.44721359 0.00000000
vn 0.89442718 -0.44721359 0.00000000
vn 0.89442718 -0.44721359 0.00000000
vn 0.85749292 -0.51449573 0.00000000
vn 0.48507124 -0.72760689 -0.48507124
vn 0.00000000 -1.00000000 -0.00000000
vn 0.00000000 -1.00000000 0.00000000
vn 0.00000000 -1.00000000 0.00000000
vn 0.14002801 -0.70014006 0.70014006
vn 0.55708599 -0.74278134 -0.37139067
vn 0.00000000 -1.00000000 0.00000000
vn 0.17407766 -0.69631064 0.69631064
vn 0.00000000 -0.55470020 -0.83205032
vn 0.13608277 -0.27216554 0.95257932
vn 0.80000001 0.00000000 -0.60000002
vn 0.00000000 -0.51449573 0.85749292
vn 0.63960212 -0.63960212 -0.42640144
vn 0.00000000 -0.44721359 0.89442718
vn 0.12309149 -0.49236596 -0.86164045
vn 0.00000000 -0.44721359 0.89442718
vn 0.31622776 0.00000000 -0.94868332
vn 0.00000000 -0.70710677 0.70710677
vn 0.31622776 0.00000000 -0.94868332
vn -0.14744195 -0.44232586 0.88465172
vn 0.31622776 0.00000000 -0.94868332
vn 0.00000000 -0.44721359 0.89442718
vn 0.31622776 0.00000000 -0.94868332
vn 0.00000000 -0.44721359 0.89442718
vn 0.31622776 0.00000000 -0.94868332
vn 0.00000000 -0.44721359 0.89442718
vn 0.31622776 0.00000000 -0.94868332
vn 0.00000000 -0.44721359 0.89442718
vn 0.31622776 0.00000000 -0.94868332
vn 0.00000000 -0.44721359 0.89442718
vn 0.27472112 0.00000000 -0.96152395
vn 0.00000000 -0.44721359 0.89442718
vn 0.00000000 0.00000000 -1.00000000
vn 0.00000000 0.00000000 1.00000000
vn 0.00000000 0.00000000 -1.00000000
vn 0.48507124 -0.48507124 0.72760689
vn 0.00000000 0.00000000 -1.00000000
vn 0.00000000 -0.49613893 0.86824316
vn 0.00000000 0.00000000 -1.00000000
vn 0.00000000 0.00000000 1.00000000
vn 0.00000000 0.00000000 -1.00000000
vn 0.00000000 0.00000000 1.00000000
vn 0.00000000 0.00000000 -1.00000000
vn 0.00000000 0.00000000 1.00000000
vn 0.00000000 0.00000000 -1.00000000
vn 0.00000000 0.00000000 1.00000000
vn 0.00000000 0.00000000 -1.00000000
vn 0.00000000 0.00000000 1.00000000
vn 0.00000000 0.00000000 -1.00000000
vn 0.00000000 0.00000000 1.00000000
vn 0.00000000 0.00000000 -1.00000000
vn 0.00000000 0.00000000 1.00000000
vn 0.00000000 0.00000000 -1.00000000
vn 0.00000000 0.00000000 1.00000000
vn 0.00000000 0.00000000 -1.00000000
vn 0.31622776 0.00000000 0.94868332
vn 0.44721359 0.00000000 -0.89442718
vn 0.00000000 0.00000000 1.00000000
vn 0.00000000 0.00000000 -1.00000000
vn 0.00000000 0.00000000 1.00000000
vn 0.00000000 0.00000000 -1.00000000
vn 0.70710677 0.00000000 0.70710677
vn 0.00000000 0.00000000 -1.00000000
vn 0.00000000 0.00000000 1.00000000
vn 0.44721359 0.00000000 -0.89442718
vn 0.00000000 0.00000000 1.00000000
vn 0.51449573 0.00000000 -0.85749292
vn 0.70710677 0.00000000 0.70710677
vn 0.00000000 1.00000000 -0.00000000
vn 0.37139067 0.55708599 -0.74278134
vn 0.60000002 0.00000000 0.80000001
vn 0.00000000 1.00000000 -0.00000000
vn 0.00000000 1.00000000 0.00000000
vn 0.16439898 0.98639393 0.00000000
vn 0.68824720 0.22941573 -0.68824720
vn 0.57735026 0.57735026 0.57735026
vn 0.19611613 0.98058069 0.00000000
vn 0.00000000 1.00000000 0.00000000
vn 0.00000000 1.00000000 0.00000000
vn 0.00000000 1.00000000 -0.00000000
vn 0.00000000 1.00000000 0.00000000
vn 0.00000000 1.00000000 0.00000000
vn 0.11704115 -0.70224690 -0.70224690
vn 0.00000000 -1.00000000 -0.00000000
vn 0.00000000 -1.00000000 0.00000000
vn 0.00000000 -1.00000000 0.00000000
vn 0.00000000 -1.00000000 0.00000000
vn 0.00000000 -1.00000000 0.00000000
vn 0.00000000 -1.00000000 0.00000000
vn 0.00000000 -1.00000000 0.00000000
vn 0.37139067 -0.74278134 0.55708599
vn 0.00000000 -0.70710677 -0.70710677
vn 0.00000000 -1.00000000 0.00000000
vn 0.45749572 -0.76249284 0.45749572
vn 0.13018891 -0.39056674 -0.91132236
vn 0.37139067 -0.74278134 0.55708599
vn 0.00000000 0.00000000 -1.00000000
vn 0.00000000 -0.70710677 0.70710677
vn 0.00000000 0.00000000 -1.00000000
vn 0.00000000 -0.44721359 0.89442718
vn 0.80000001 0.00000000 -0.60000002
vn 0.00000000 -0.44721359 0.89442718
vn 0.80000001 0.00000000 -0.60000002
vn 0.00000000 -0.70710677 0.70710677
vn 0.80000001 0.00000000 -0.60000002
vn 0.00000000 -0.44721359 0.89442718
vn 0.80000001 0.00000000 -0.60000002
vn 0.00000000 -0.44721359 0.89442718
vn 0.80000001 0.00000000 -0.60000002
vn 0.00000000 -0.44721359 0.89442718
vn 0.80000001 0.00000000 -0.60000002
vn 0.00000000 -0.44721359 0.89442718
vn 0.80000001 0.00000000 -0.60000002
vn 0.00000000 -0.44721359 0.89442718
vn 0.80000001 0.00000000 -0.60000002
vn 0.00000000 -0.44721359 0.89442718
vn 0.63960212 -0.63960212 -0.42640144
vn 0.00000000 -0.44721359 0.89442718
vn 0.12309149 -0.49236596 -0.86164045
vn 0.00000000 0.00000000 1.00000000
vn 0.31622776 0.00000000 -0.94868332
vn 0.00000000 -0.44721359 0.89442718
vn 0.31622776 0.00000000 -0.94868332
vn 0.00000000 -0.44721359 0.89442718
vn 0.27472112 0.00000000 -0.96152395
vn 0.00000000 0.00000000 1.00000000
vn 0.00000000 0.00000000 -1.00000000
vn 0.00000000 0.00000000 1.00000000
vn 0.00000000 0.00000000 -1.00000000
vn 0.00000000 0.00000000 1.00000000
vn 0.00000000 0.00000000 -1.00000000
vn 0.00000000 0.00000000 1.00000000
vn 0.00000000 0.00000000 -1.00000000
vn 0.00000000 0.00000000 1.00000000
vn 0.00000000 0.00000000 -1.00000000
vn 0.00000000 0.00000000 1.00000000
vn 0.00000000 0.00000000 -1.00000000
vn 0.00000000 0.00000000 1.00000000
vn 0.00000000 0.00000000 -1.00000000
vn 0.27472112 0.00000000 0.96152395
vn 0.39391929 0.00000000 -0.91914505
vn 0.70710677 0.00000000 0.70710677
vn 0.00000000 0.00000000 -1.00000000
vn 0.00000000 0.00000000 1.00000000
vn 0.00000000 0.00000000 -1.00000000
vn 0.31622776 0.00000000 0.94868332
vn 0.44721359 0.00000000 -0.89442718
vn 0.00000000 0.00000000 1.00000000
vn 0.00000000 0.00000000 -1.00000000
vn 0.31622776 0.00000000 0.94868332
vn 0.00000000 0.00000000 -1.00000000
vn 0.00000000 0.00000000 1.00000000
vn 0.70710677 0.00000000 -0.70710677
vn 0.00000000 0.00000000 1.00000000
vn 0.31622776 0.94868332 -0.00000000
vn 0.68824720 0.22941573 -0.68824720
vn 0.57735026 0.57735026 0.57735026
vn 0.44721359 0.89442718 0.00000000
vn 0.00000000 1.00000000 -0.00000000
vn 0.00000000 1.00000000 0.00000000
vn 0.16439898 0.98639393 0.00000000
vn 0.85749292 0.51449573 -0.00000000
vn 0.89442718 0.44721359 0.00000000
vn 0.70710677 0.70710677 0.00000000
vn 0.19611613 0.98058069 0.00000000
vn 0.00000000 1.00000000 0.00000000
vn 0.00000000 1.00000000 0.00000000
vn 0.55708599 -0.74278134 -0.37139067
vn 0.00000000 -1.00000000 -0.00000000
vn 0.00000000 -1.00000000 0.00000000
vn 0.00000000 -1.00000000 0.00000000
vn 0.00000000 -1.00000000 0.00000000
vn 0.00000000 -1.00000000 0.00000000
vn 0.00000000 -1.00000000 0.00000000
vn 0.14002801 -0.70014006 0.70014006
vn 0.14744195 -0.44232586 -0.88465172
vn 0.00000000 -1.00000000 -0.00000000
vn 0.00000000 -1.00000000 0.00000000
vn 0.14002801 -0.70014006 0.70014006
vn 0.63960212 -0.63960212 -0.42640144
vn 0.00000000 -0.70710677 0.70710677
vn 0.11111111 -0.44444445 -0.88888890
vn 0.00000000 -0.70710677 0.70710677
vn 0.00000000 0.00000000 -1.00000000
vn 0.00000000 -0.44721359 0.89442718
vn 0.00000000 0.00000000 -1.00000000
vn 0.00000000 -0.44721359 0.89442718
vn 0.00000000 0.00000000 -1.00000000
vn 0.00000000 -0.70710677 0.70710677
vn 0.00000000 0.00000000 -1.00000000
vn 0.00000000 -0.44721359 0.89442718
vn 0.00000000 0.00000000 -1.00000000
vn 0.00000000 -0.44721359 0.89442718
vn 0.00000000 0.00000000 -1.00000000
vn 0.00000000 -0.44721359 0.89442718
vn 0.00000000 0.00000000 -1.00000000
vn 0.00000000 -0.44721359 0.89442718
vn 0.00000000 0.00000000 -1.00000000
vn 0.00000000 -0.44721359 0.89442718
vn 0.00000000 0.00000000 -1.00000000
vn 0.00000000 -0.49613893 0.86824316
vn 0.00000000 0.00000000 -1.00000000
vn 0.13608277 -0.27216554 0.95257932
vn 0.80000001 0.00000000 -0.60000002
vn 0.00000000 0.00000000 1.00000000
vn 0.80000001 0.00000000 -0.60000002
vn 0.00000000 -0.49613893 0.86824316
vn 0.80000001 0.00000000 -0.60000002
vn 0.13608277 -0.27216554 0.95257932
vn 0.63960212 -0.63960212 -0.42640144
vn 0.00000000 0.00000000 1.00000000
vn 0.12309149 -0.49236596 -0.86164045
vn 0.00000000 0.00000000 1.00000000
vn 0.31622776 0.00000000 -0.94868332
vn 0.00000000 0.00000000 1.00000000
vn 0.31622776 0.00000000 -0.94868332
vn 0.00000000 0.00000000 1.00000000
vn 0.31622776 0.00000000 -0.94868332
vn 0.00000000 0.00000000 1.00000000
vn 0.31622776 0.00000000 -0.94868332
vn 0.00000000 0.00000000 1.00000000
vn 0.31622776 0.00000000 -0.94868332
vn 0.27472112 0.00000000 0.96152395
vn 0.31622776 0.00000000 -0.94868332
vn 0.70710677 0.00000000 0.70710677
vn 0.00000000 0.00000000 -1.00000000
vn 0.00000000 0.00000000 1.00000000
vn 0.00000000 0.00000000 -1.00000000
vn 0.00000000 0.00000000 1.00000000
vn 0.00000000 0.00000000 -1.00000000
vn 0.70710677 0.00000000 0.70710677
vn 0.00000000 0.00000000 -1.00000000
vn 0.00000000 0.00000000 1.00000000
vn 0.00000000 0.00000000 -1.00000000
vn 0.70710677 0.00000000 0.70710677
vn 0.00000000 0.00000000 -1.00000000
vn 0.00000000 0.00000000 1.00000000
vn 0.00000000 0.00000000 -1.00000000
vn 0.60000002 0.00000000 0.80000001
vn 0.00000000 1.00000000 -0.00000000
vn 0.37139067 0.55708599 -0.74278134
vn 0.55708599 0.37139067 0.74278134
vn 0.00000000 1.00000000 0.00000000
vn 0.00000000 1.00000000 -0.00000000
vn 0.00000000 1.00000000 0.00000000
vn 0.00000000 1.00000000 0.00000000
vn 0.00000000 1.00000000 0.00000000
vn 0.00000000 1.00000000 0.00000000
vn 0.00000000 1.00000000 0.00000000
vn 0.00000000 1.00000000 0.00000000
vn 0.00000000 1.00000000 0.00000000
vn 0.00000000 1.00000000 0.00000000
vn 0.80000001 -0.60000002 -0.00000000
vn 0.89442718 -0.44721359 0.00000000
vn 0.89442718 -0.44721359 0.00000000
vn 0.89442718 -0.44721359 0.00000000
vn 0.89442718 -0.44721359 0.00000000
vn 0.85749292 -0.51449573 0.00000000
vn 0.55708599 -0.74278134 -0.37139067
vn 0.00000000 -1.00000000 -0.00000000
vn 0.00000000 -1.00000000 0.00000000
vn 0.37139067 -0.74278134 0.55708599
vn 0.12309149 -0.49236596 -0.86164045
vn 0.00000000 -1.00000000 0.00000000
vn 0.00000000 -0.70710677 0.70710677
vn 0.63960212 -0.63960212 -0.42640144
vn 0.00000000 -0.70710677 0.70710677
vn 0.12309149 -0.49236596 -0.86164045
vn 0.00000000 -0.44721359 0.89442718
vn 0.27472112 0.00000000 -0.96152395
vn 0.00000000 -0.44721359 0.89442718
vn 0.00000000 0.00000000 -1.00000000
vn 0.00000000 -0.70710677 0.70710677
vn 0.00000000 0.00000000 -1.00000000
vn 0.00000000 -0.44721359 0.89442718
vn 0.00000000 0.00000000 -1.00000000
vn 0.00000000 -0.44721359 0.89442718
vn 0.00000000 0.00000000 -1.00000000
vn 0.00000000 -0.44721359 0.89442718
vn 0.00000000 0.00000000 -1.00000000
vn 0.00000000 -0.44721359 0.89442718
vn 0.00000000 0.00000000 -1.00000000
vn 0.00000000 -0.44721359 0.89442718
vn 0.00000000 0.00000000 -1.00000000
vn 0.00000000 0.00000000 1.00000000
vn 0.00000000 0.00000000 -1.00000000
vn 0.48507124 -0.48507124 0.72760689
vn 0.00000000 0.00000000 -1.00000000
vn 0.00000000 -0.49613893 0.86824316
vn 0.00000000 0.00000000 -1.00000000
vn 0.00000000 0.00000000 1.00000000
vn 0.00000000 0.00000000 -1.00000000
vn 0.48507124 -0.48507124 0.72760689
vn 0.00000000 0.00000000 -1.00000000
vn 0.11624764 -0.34874290 0.92998111
vn 0.80000001 0.00000000 -0.60000002
vn 0.00000000 0.00000000 1.00000000
vn 0.80000001 0.00000000 -0.60000002
vn 0.00000000 0.00000000 1.00000000
vn 0.80000001 0.00000000 -0.60000002
vn 0.00000000 0.00000000 1.00000000
vn 0.80000001 0.00000000 -0.60000002
vn 0.00000000 0.00000000 1.00000000
vn 0.80000001 0.00000000 -0.60000002
vn 0.27472112 0.00000000 0.96152395
vn 0.80000001 0.00000000 -0.60000002
vn 0.70710677 0.00000000 0.70710677
vn 0.70710677 0.00000000 -0.70710677
vn 0.00000000 0.00000000 1.00000000
vn 0.00000000 0.00000000 -1.00000000
vn 0.00000000 0.00000000 1.00000000
vn 0.00000000 0.00000000 -1.00000000
vn 0.00000000 0.00000000 1.00000000
vn 0.44721359 0.00000000 -0.89442718
vn 0.00000000 0.00000000 1.00000000
vn 0.00000000 0.00000000 -1.00000000
vn 0.00000000 0.00000000 1.00000000
vn 0.44721359 0.00000000 -0.89442718
vn 0.00000000 0.00000000 1.00000000
vn 0.00000000 0.00000000 -1.00000000
vn 0.31622776 0.00000000 0.94868332
vn 0.44721359 0.00000000 -0.89442718
vn 0.57735026 0.57735026 0.57735026
vn 0.24253562 0.97014248 0.00000000
vn 0.00000000 1.00000000 -0.00000000
vn 0.16439898 0.98639393 0.00000000
vn 0.68824720 0.22941573 -0.68824720
vn 0.57735026 0.57735026 0.57735026
vn 0.44721359 0.89442718 0.00000000
vn 0.00000000 1.00000000 -0.00000000
vn 0.00000000 1.00000000 0.00000000
vn 0.00000000 1.00000000 0.00000000
vn 0.00000000 1.00000000 0.00000000
vn 0.00000000 1.00000000 0.00000000
vn 0.00000000 1.00000000 0.00000000
vn 0.00000000 1.00000000 0.00000000
vn 0.48507124 -0.72760689 -0.48507124
vn 0.00000000 -1.00000000 -0.00000000
vn 0.00000000 -1.00000000 0.00000000
vn 0.00000000 -1.00000000 0.00000000
vn 0.00000000 -1.00000000 0.00000000
vn 0.00000000 -1.00000000 0.00000000
vn 0.00000000 -1.00000000 0.00000000
vn 0.00000000 -1.00000000 0.00000000
vn 0.14002801 -0.70014006 0.70014006
vn 0.55708599 -0.74278134 -0.37139067
vn 0.00000000 -1.00000000 0.00000000
vn 0.14002801 -0.70014006 0.70014006
vn 0.00000000 -0.55470020 -0.83205032
vn 0.00000000 -0.70710677 0.70710677
vn 0.80000001 0.00000000 -0.60000002
vn 0.00000000 -0.44721359 0.89442718
vn 0.63960212 -0.63960212 -0.42640144
vn 0.00000000 -0.44721359 0.89442718
vn 0.12309149 -0.49236596 -0.86164045
vn 0.00000000 -0.70710677 0.70710677
vn 0.31622776 0.00000000 -0.94868332
vn 0.00000000 -0.44721359 0.89442718
vn 0.31622776 0.00000000 -0.94868332
vn 0.00000000 -0.44721359 0.89442718
vn 0.31622776 0.00000000 -0.94868332
vn 0.00000000 -0.44721359 0.89442718
vn 0.31622776 0.00000000 -0.94868332
vn 0.00000000 -0.49613893 0.86824316
vn 0.31622776 0.00000000 -0.94868332
vn 0.13608277 -0.27216554 0.95257932
vn 0.31622776 0.00000000 -0.94868332
vn 0.00000000 0.00000000 1.00000000
vn 0.31622776 0.00000000 -0.94868332
vn 0.00000000 -0.44721359 0.89442718
vn 0.31622776 0.00000000 -0.94868332
vn 0.00000000 -0.44721359 0.89442718
vn 0.27472112 0.00000000 -0.96152395
vn 0.00000000 0.00000000 1.00000000
vn 0.00000000 0.00000000 -1.00000000
vn 0.00000000 0.00000000 1.00000000
vn 0.00000000 0.00000000 -1.00000000
vn 0.48507124 -0.48507124 0.72760689
vn 0.00000000 0.00000000 -1.00000000
vn 0.13018891 -0.39056674 0.91132236
vn 0.00000000 0.00000000 -1.00000000
vn 0.16439898 0.00000000 0.98639393
vn 0.00000000 0.00000000 -1.00000000
vn 0.16439898 0.00000000 0.98639393
vn 0.00000000 0.00000000 -1.00000000
vn 0.16439898 0.00000000 0.98639393
vn 0.00000000 0.00000000 -1.00000000
vn 0.70710677 0.00000000 0.70710677
vn 0.00000000 0.00000000 -1.00000000
vn 0.00000000 0.00000000 1.00000000
vn 0.00000000 0.00000000 -1.00000000
vn 0.00000000 0.00000000 1.00000000
vn 0.00000000 0.00000000 -1.00000000
vn 0.00000000 0.00000000 1.00000000
vn 0.39391929 0.00000000 -0.91914505
vn 0.31622776 0.00000000 0.94868332
vn 0.00000000 0.00000000 -1.00000000
vn 0.00000000 0.00000000 1.00000000
vn 0.00000000 0.00000000 -1.00000000
vn 0.00000000 0.00000000 1.00000000
vn 0.00000000 0.00000000 -1.00000000
vn 0.00000000 0.00000000 1.00000000
vn 0.44721359 0.00000000 -0.89442718
vn 0.70710677 0.00000000 0.70710677
vn 0.31622776 0.94868332 -0.00000000
vn 0.68824720 0.22941573 -0.68824720
vn 0.00000000 0.00000000 1.00000000
vn 0.00000000 1.00000000 -0.00000000
vn 0.00000000 0.70710677 -0.70710677
vn 0.51449573 0.51449573 0.68599433
vn 0.00000000 1.00000000 0.00000000
vn 0.00000000 1.00000000 -0.00000000
vn 0.00000000 1.00000000 0.00000000
vn 0.00000000 1.00000000 0.00000000
vn 0.00000000 1.00000000 0.00000000
vn 0.00000000 1.00000000 0.00000000
vn 0.00000000 1.00000000 0.00000000
vn 0.00000000 1.00000000 0.00000000
vn 0.55708599 -0.74278134 -0.37139067
vn 0.00000000 -1.00000000 -0.00000000
vn 0.00000000 -1.00000000 0.00000000
vn 0.00000000 -1.00000000 0.00000000
vn 0.00000000 -1.00000000 0.00000000
vn 0.00000000 -1.00000000 0.00000000
vn 0.37139067 -0.74278134 0.55708599
vn 0.08804509 -0.70436072 -0.70436072
vn 0.00000000 -1.00000000 -0.00000000
vn 0.00000000 -1.00000000 0.00000000
vn 0.37139067 -0.74278134 0.55708599
vn 0.13018891 -0.39056674 -0.91132236
vn 0.00000000 -1.00000000 0.00000000
vn 0.00000000 -0.70710677 0.70710677
vn 0.00000000 0.00000000 -1.00000000
vn 0.00000000 -0.44721359 0.89442718
vn 0.00000000 0.00000000 -1.00000000
vn 0.00000000 -0.44721359 0.89442718
vn 0.80000001 0.00000000 -0.60000002
vn 0.00000000 -0.70710677 0.70710677
vn 0.80000001 0.00000000 -0.60000002
vn 0.00000000 -0.44721359 0.89442718
vn 0.80000001 0.00000000 -0.60000002
vn 0.00000000 -0.44721359 0.89442718
vn 0.80000001 0.00000000 -0.60000002
vn 0.00000000 -0.44721359 0.89442718
vn 0.80000001 0.00000000 -0.60000002
vn 0.00000000 0.00000000 1.00000000
vn 0.80000001 0.00000000 -0.60000002
vn 0.48507124 -0.48507124 0.72760689
vn 0.80000001 0.00000000 -0.60000002
vn 0.00000000 -0.49613893 0.86824316
vn 0.80000001 0.00000000 -0.60000002
vn 0.00000000 -0.49613893 0.86824316
vn 0.80000001 0.00000000 -0.60000002
vn 0.13608277 -0.27216554 0.95257932
vn 0.63960212 -0.63960212 -0.42640144
vn 0.00000000 0.00000000 1.00000000
vn 0.12309149 -0.49236596 -0.86164045
vn 0.00000000 0.00000000 1.00000000
vn 0.31622776 0.00000000 -0.94868332
vn 0.00000000 0.00000000 1.00000000
vn 0.31622776 0.00000000 -0.94868332
vn 0.55470020 0.00000000 0.83205032
vn 0.27472112 0.00000000 -0.96152395
vn 0.55470020 0.00000000 0.83205032
vn 0.00000000 0.00000000 -1.00000000
vn 0.55470020 0.00000000 0.83205032
vn 0.00000000 0.00000000 -1.00000000
vn 0.55470020 0.00000000 0.83205032
vn 0.00000000 0.00000000 -1.00000000
vn 0.00000000 0.00000000 1.00000000
vn 0.00000000 0.00000000 -1.00000000
vn 0.00000000 0.00000000 1.00000000
vn 0.00000000 0.00000000 -1.00000000
vn 0.00000000 0.00000000 1.00000000
vn 0.39391929 0.00000000 -0.91914505
vn 0.00000000 0.00000000 1.00000000
vn 0.00000000 0.00000000 -1.00000000
vn 0.70710677 0.00000000 0.70710677
vn 0.00000000 0.00000000 -1.00000000
vn 0.00000000 0.00000000 1.00000000
vn 0.00000000 0.00000000 -1.00000000
vn 0.31622776 0.00000000 0.94868332
vn 0.00000000 0.00000000 -1.00000000
vn 0.00000000 0.00000000 1.00000000
vn 0.00000000 0.00000000 -1.00000000
vn 0.00000000 0.00000000 1.00000000
vn 0.00000000 0.00000000 -1.00000000
vn 0.00000000 0.00000000 1.00000000
vn 0.00000000 1.00000000 -0.00000000
vn 0.37139067 0.55708599 -0.74278134
vn 0.57735026 0.57735026 0.57735026
vn 0.19611613 0.98058069 0.00000000
vn 0.00000000 1.00000000 0.00000000
vn 0.00000000 1.00000000 -0.00000000
vn 0.00000000 1.00000000 0.00000000
vn 0.00000000 1.00000000 0.00000000
vn 0.00000000 1.00000000 0.00000000
vn 0.00000000 1.00000000 0.00000000
vn 0.00000000 1.00000000 0.00000000
vn 0.80000001 -0.60000002 -0.00000000
vn 0.74535596 -0.59628481 -0.29814240
vn 0.00000000 -1.00000000 -0.00000000
vn 0.00000000 -1.00000000 0.00000000
vn 0.37139067 -0.74278134 0.55708599
vn 0.48507124 -0.72760689 -0.48507124
vn 0.00000000 -1.00000000 -0.00000000
vn 0.00000000 -1.00000000 0.00000000
vn 0.00000000 -1.00000000 0.00000000
vn 0.00000000 -0.70710677 0.70710677
vn 0.55708599 -0.74278134 -0.37139067
vn 0.00000000 -1.00000000 0.00000000
vn 0.14002801 -0.70014006 0.70014006
vn 0.11111111 -0.44444445 -0.88888890
vn 0.00000000 -0.44721359 0.89442718
vn 0.00000000 0.00000000 -1.00000000
vn 0.00000000 -0.44721359 0.89442718
vn 0.00000000 0.00000000 -1.00000000
vn 0.00000000 -0.70710677 0.70710677
vn 0.00000000 0.00000000 -1.00000000
vn 0.00000000 -0.44721359 0.89442718
vn 0.00000000 0.00000000 -1.00000000
vn 0.00000000 -0.44721359 0.89442718
vn 0.00000000 0.00000000 -1.00000000
vn 0.00000000 -0.44721359 0.89442718
vn 0.00000000 0.00000000 -1.00000000
vn 0.00000000 0.00000000 1.00000000
vn 0.00000000 0.00000000 -1.00000000
vn 0.00000000 -0.44721359 0.89442718
vn 0.00000000 0.00000000 -1.00000000
vn 0.00000000 -0.44721359 0.89442718
vn 0.00000000 0.00000000 -1.00000000
vn 0.00000000 0.00000000 1.00000000
vn 0.00000000 0.00000000 -1.00000000
vn 0.48507124 -0.48507124 0.72760689
vn 0.00000000 0.00000000 -1.00000000
vn 0.00000000 -0.49613893 0.86824316
vn 0.80000001 0.00000000 -0.60000002
vn 0.00000000 0.00000000 1.00000000
vn 0.80000001 0.00000000 -0.60000002
vn 0.00000000 0.00000000 1.00000000
vn 0.80000001 0.00000000 -0.60000002
vn 0.00000000 0.00000000 1.00000000
vn 0.63960212 -0.63960212 -0.42640144
vn 0.00000000 0.00000000 1.00000000
vn 0.12309149 -0.49236596 -0.86164045
vn 0.00000000 0.00000000 1.00000000
vn 0.31622776 0.00000000 -0.94868332
vn 0.00000000 0.00000000 1.00000000
vn 0.31622776 0.00000000 -0.94868332
vn 0.00000000 0.00000000 1.00000000
vn 0.31622776 0.00000000 -0.94868332
vn 0.00000000 0.00000000 1.00000000
vn 0.31622776 0.00000000 -0.94868332
vn 0.00000000 0.00000000 1.00000000
vn 0.00000000 0.00000000 -1.00000000
vn 0.31622776 0.00000000 0.94868332
vn 0.00000000 0.00000000 -1.00000000
vn 0.00000000 0.00000000 1.00000000
vn 0.00000000 0.00000000 -1.00000000
vn 0.00000000 0.00000000 1.00000000
vn 0.44721359 0.00000000 -0.89442718
vn 0.70710677 0.00000000 0.70710677
vn 0.00000000 0.00000000 -1.00000000
vn 0.00000000 0.00000000 1.00000000
vn 0.00000000 0.00000000 -1.00000000
vn 0.00000000 0.00000000 1.00000000
vn 0.44721359 0.00000000 -0.89442718
vn 0.60000002 0.00000000 0.80000001
vn 0.00000000 1.00000000 -0.00000000
vn 0.16439898 0.98639393 0.00000000
vn 0.68824720 0.22941573 -0.68824720
vn 0.57735026 0.57735026 0.57735026
vn 0.19611613 0.98058069 0.00000000
vn 0.00000000 1.00000000 0.00000000
vn 0.00000000 1.00000000 0.00000000
vn 0.00000000 1.00000000 -0.00000000
vn 0.00000000 1.00000000 0.00000000
vn 0.00000000 1.00000000 0.00000000
vn 0.00000000 1.00000000 0.00000000
vn 0.80000001 -0.60000002 -0.00000000
vn 0.85749292 -0.51449573 0.00000000
vn 0.08804509 -0.70436072 -0.70436072
vn 0.00000000 -1.00000000 -0.00000000
vn 0.00000000 -1.00000000 0.00000000
vn 0.00000000 -1.00000000 0.00000000
vn 0.00000000 -1.00000000 0.00000000
vn 0.00000000 -1.00000000 0.00000000
vn 0.00000000 -1.00000000 0.00000000
vn 0.14002801 -0.70014006 0.70014006
vn 0.14744195 -0.44232586 -0.88465172
vn 0.37139067 -0.74278134 0.55708599
vn 0.63960212 -0.63960212 -0.42640144
vn 0.00000000 -1.00000000 0.00000000
vn 0.13608277 -0.27216554 0.95257932
vn 0.12309149 -0.49236596 -0.86164045
vn 0.00000000 -0.51449573 0.85749292
vn 0.27472112 0.00000000 -0.96152395
vn 0.00000000 -0.70710677 0.70710677
vn 0.00000000 0.00000000 -1.00000000
vn 0.00000000 -0.44721359 0.89442718
vn 0.00000000 0.00000000 -1.00000000
vn 0.00000000 -0.44721359 0.89442718
vn 0.00000000 0.00000000 -1.00000000
vn 0.00000000 -0.44721359 0.89442718
vn 0.00000000 0.00000000 -1.00000000
vn 0.00000000 0.00000000 1.00000000
vn 0.00000000 0.00000000 -1.00000000
vn 0.00000000 -0.44721359 0.89442718
vn 0.00000000 0.00000000 -1.00000000
vn 0.00000000 -0.44721359 0.89442718
vn 0.00000000 0.00000000 -1.00000000
vn 0.00000000 0.00000000 1.00000000
vn 0.00000000 0.00000000 -1.00000000
vn 0.00000000 -0.44721359 0.89442718
vn 0.00000000 0.00000000 -1.00000000
vn 0.00000000 -0.44721359 0.89442718
vn 0.00000000 0.00000000 -1.00000000
vn 0.00000000 0.00000000 1.00000000
vn 0.00000000 0.00000000 -1.00000000
vn 0.00000000 0.00000000 1.00000000
vn 0.00000000 0.00000000 -1.00000000
vn 0.00000000 0.00000000 1.00000000
vn 0.00000000 0.00000000 -1.00000000
vn 0.00000000 0.00000000 1.00000000
vn 0.80000001 0.00000000 -0.60000002
vn 0.00000000 0.00000000 1.00000000
vn 0.80000001 0.00000000 -0.60000002
vn 0.00000000 0.00000000 1.00000000
vn 0.80000001 0.00000000 -0.60000002
vn 0.00000000 0.00000000 1.00000000
vn 0.80000001 0.00000000 -0.60000002
vn 0.00000000 0.00000000 1.00000000
vn 0.70710677 0.00000000 -0.70710677
vn 0.00000000 0.00000000 1.00000000
vn 0.00000000 0.00000000 -1.00000000
vn 0.70710677 0.00000000 0.70710677
vn 0.00000000 0.00000000 -1.00000000
vn 0.00000000 0.00000000 1.00000000
vn 0.39391929 0.00000000 -0.91914505
vn 0.00000000 0.00000000 1.00000000
vn 0.00000000 0.00000000 -1.00000000
vn 0.00000000 0.00000000 1.00000000
vn 0.00000000 0.00000000 -1.00000000
vn 0.00000000 0.00000000 1.00000000
vn 0.00000000 0.00000000 -1.00000000
vn 0.00000000 0.00000000 1.00000000
vn 0.31622776 0.94868332 -0.00000000
vn 0.68824720 0.22941573 -0.68824720
vn 0.57735026 0.57735026 0.57735026
vn 0.44721359 0.89442718 0.00000000
vn 0.00000000 1.00000000 -0.00000000
vn 0.16439898 0.98639393 0.00000000
vn 0.68824720 0.22941573 -0.68824720
vn 0.57735026 0.57735026 0.57735026
vn 0.19611613 0.98058069 0.00000000
vn 0.00000000 1.00000000 0.00000000
vn 0.00000000 1.00000000 0.00000000
vn 0.00000000 1.00000000 -0.00000000
vn 0.00000000 1.00000000 0.00000000
vn 0.48507124 -0.72760689 -0.48507124
vn 0.00000000 -1.00000000 -0.00000000
vn 0.00000000 -1.00000000 0.00000000
vn 0.00000000 -1.00000000 0.00000000
vn 0.00000000 -1.00000000 0.00000000
vn 0.00000000 -1.00000000 0.00000000
vn 0.00000000 -1.00000000 0.00000000
vn 0.37139067 -0.74278134 0.55708599
vn 0.55708599 -0.74278134 -0.37139067
vn 0.00000000 -1.00000000 0.00000000
vn 0.00000000 -0.70710677 0.70710677
vn 0.00000000 -0.55470020 -0.83205032
vn 0.37139067 -0.74278134 0.55708599
vn 0.80000001 0.00000000 -0.60000002
vn 0.00000000 -0.70710677 0.70710677
vn 0.63960212 -0.63960212 -0.42640144
vn 0.00000000 -0.70710677 0.70710677
vn 0.12309149 -0.49236596 -0.86164045
vn 0.13608277 -0.27216554 0.95257932
vn 0.31622776 0.00000000 -0.94868332
vn 0.00000000 -0.55470020 0.83205032
vn 0.31622776 0.00000000 -0.94868332
vn 0.13608277 -0.27216554 0.95257932
vn 0.31622776 0.00000000 -0.94868332
vn 0.00000000 0.00000000 1.00000000
vn 0.31622776 0.00000000 -0.94868332
vn 0.00000000 -0.44721359 0.89442718
vn 0.31622776 0.00000000 -0.94868332
vn 0.00000000 -0.44721359 0.89442718
vn 0.31622776 0.00000000 -0.94868332
vn 0.00000000 0.00000000 1.00000000
vn 0.31622776 0.00000000 -0.94868332
vn 0.00000000 -0.49613893 0.86824316
vn 0.31622776 0.00000000 -0.94868332
vn 0.13608277 -0.27216554 0.95257932
vn 0.31622776 0.00000000 -0.94868332
vn 0.00000000 0.00000000 1.00000000
vn 0.31622776 0.00000000 -0.94868332
vn 0.00000000 0.00000000 1.00000000
vn 0.27472112 0.00000000 -0.96152395
vn 0.00000000 0.00000000 1.00000000
vn 0.00000000 0.00000000 -1.00000000
vn 0.00000000 0.00000000 1.00000000
vn 0.00000000 0.00000000 -1.00000000
vn 0.00000000 0.00000000 1.00000000
vn 0.00000000 0.00000000 -1.00000000
vn 0.00000000 0.00000000 1.00000000
vn 0.00000000 0.00000000 -1.00000000
vn 0.00000000 0.00000000 1.00000000
vn 0.00000000 0.00000000 -1.00000000
vn 0.00000000 0.00000000 1.00000000
vn 0.00000000 0.00000000 -1.00000000
vn 0.31622776 0.00000000 0.94868332
vn 0.00000000 0.00000000 -1.00000000
vn 0.00000000 0.00000000 1.00000000
vn 0.39391929 0.00000000 -0.91914505
vn 0.00000000 0.00000000 1.00000000
vn 0.00000000 0.00000000 -1.00000000
vn 0.00000000 0.00000000 1.00000000
vn 0.00000000 0.00000000 -1.00000000
vn 0.00000000 0.00000000 1.00000000
vn 0.44721359 0.00000000 -0.89442718
vn 0.31622776 0.00000000 0.94868332
vn 0.51449573 0.00000000 -0.85749292
vn 0.44721359 0.00000000 0.89442718
vn 0.00000000 1.00000000 -0.00000000
vn 0.37139067 0.55708599 -0.74278134
vn 0.55708599 0.37139067 0.74278134
vn 0.00000000 1.00000000 0.00000000
vn 0.00000000 1.00000000 -0.00000000
vn 0.00000000 1.00000000 0.00000000
vn 0.16439898 0.98639393 0.00000000
vn 0.85749292 0.51449573 -0.00000000
vn 0.70710677 0.70710677 0.00000000
vn 0.19611613 0.98058069 0.00000000
vn 0.00000000 1.00000000 0.00000000
vn 0.00000000 1.00000000 0.00000000
vn 0.00000000 1.00000000 0.00000000
vn 0.80000001 -0.60000002 -0.00000000
vn 0.74535596 -0.59628481 -0.29814240
vn 0.00000000 -1.00000000 -0.00000000
vn 0.00000000 -1.00000000 0.00000000
vn 0.00000000 -1.00000000 0.00000000
vn 0.37139067 -0.74278134 0.55708599
vn 0.08804509 -0.70436072 -0.70436072
vn 0.00000000 -1.00000000 -0.00000000
vn 0.00000000 -1.00000000 0.00000000
vn 0.00000000 -1.00000000 0.00000000
vn 0.14002801 -0.70014006 0.70014006
vn 0.13018891 -0.39056674 -0.91132236
vn 0.00000000 -0.70710677 0.70710677
vn 0.00000000 0.00000000 -1.00000000
vn 0.00000000 -0.70710677 0.70710677
vn 0.00000000 0.00000000 -1.00000000
vn 0.00000000 -0.51449573 0.85749292
vn 0.80000001 0.00000000 -0.60000002
vn 0.48507124 -0.48507124 0.72760689
vn 0.80000001 0.00000000 -0.60000002
vn 0.00000000 -0.55470020 0.83205032
vn 0.80000001 0.00000000 -0.60000002
vn 0.48507124 -0.48507124 0.72760689
vn 0.80000001 0.00000000 -0.60000002
vn 0.00000000 -0.49613893 0.86824316
vn 0.80000001 0.00000000 -0.60000002
vn 0.00000000 -0.44721359 0.89442718
vn 0.80000001 0.00000000 -0.60000002
vn 0.00000000 -0.44721359 0.89442718
vn 0.80000001 0.00000000 -0.60000002
vn 0.00000000 0.00000000 1.00000000
vn 0.80000001 0.00000000 -0.60000002
vn 0.00000000 0.00000000 1.00000000
vn 0.80000001 0.00000000 -0.60000002
vn 0.48507124 -0.48507124 0.72760689
vn 0.80000001 0.00000000 -0.60000002
vn 0.00000000 -0.49613893 0.86824316
vn 0.80000001 0.00000000 -0.60000002
vn 0.00000000 0.00000000 1.00000000
vn 0.63960212 -0.63960212 -0.42640144
vn 0.00000000 0.00000000 1.00000000
vn 0.12309149 -0.49236596 -0.86164045
vn 0.00000000 0.00000000 1.00000000
vn 0.31622776 0.00000000 -0.94868332
vn 0.00000000 0.00000000 1.00000000
vn 0.27472112 0.00000000 -0.96152395
vn 0.00000000 0.00000000 1.00000000
vn 0.00000000 0.00000000 -1.00000000
vn 0.00000000 0.00000000 1.00000000
vn 0.00000000 0.00000000 -1.00000000
vn 0.00000000 0.00000000 1.00000000
vn 0.00000000 0.00000000 -1.00000000
vn 0.70710677 0.00000000 0.70710677
vn 0.39391929 0.00000000 -0.91914505
vn 0.00000000 0.00000000 1.00000000
vn 0.00000000 0.00000000 -1.00000000
vn 0.00000000 0.00000000 1.00000000
vn 0.00000000 0.00000000 -1.00000000
vn 0.31622776 0.00000000 0.94868332
vn 0.00000000 0.00000000 -1.00000000
vn 0.00000000 0.00000000 1.00000000
vn 0.00000000 0.00000000 -1.00000000
vn 0.70710677 0.00000000 0.70710677
vn 0.70710677 0.00000000 -0.70710677
vn 0.70710677 0.00000000 0.70710677
vn 0.31622776 0.94868332 -0.00000000
vn 0.68824720 0.22941573 -0.68824720
vn 0.57735026 0.57735026 0.57735026
vn 0.44721359 0.89442718 0.00000000
vn 0.00000000 1.00000000 -0.00000000
vn 0.00000000 1.00000000 0.00000000
vn 0.00000000 1.00000000 0.00000000
vn 0.00000000 1.00000000 0.00000000
vn 0.00000000 1.00000000 0.00000000
vn 0.00000000 1.00000000 0.00000000
vn 0.00000000 1.00000000 0.00000000
vn 0.80000001 -0.60000002 -0.00000000
vn 0.89442718 -0.44721359 0.00000000
vn 0.85749292 -0.51449573 0.00000000
vn 0.48507124 -0.72760689 -0.48507124
vn 0.00000000 -1.00000000 -0.00000000
vn 0.00000000 -1.00000000 0.00000000
vn 0.00000000 -1.00000000 0.00000000
vn 0.00000000 -1.00000000 0.00000000
vn 0.37139067 -0.74278134 0.55708599
vn 0.55708599 -0.74278134 -0.37139067
vn 0.00000000 -1.00000000 0.00000000
vn 0.00000000 -0.70710677 0.70710677
vn 0.00000000 -0.49613893 -0.86824316
vn 0.00000000 -0.70710677 0.70710677
vn 0.00000000 0.00000000 -1.00000000
vn 0.00000000 -0.44721359 0.89442718
vn 0.00000000 0.00000000 -1.00000000
vn 0.00000000 -0.44721359 0.89442718
vn 0.00000000 0.00000000 -1.00000000
vn 0.00000000 -0.44721359 0.89442718
vn 0.00000000 0.00000000 -1.00000000
vn 0.00000000 -0.44721359 0.89442718
vn 0.00000000 0.00000000 -1.00000000
vn 0.00000000 -0.44721359 0.89442718
vn 0.00000000 0.00000000 -1.00000000
vn 0.00000000 -0.49613893 0.86824316
vn 0.00000000 0.00000000 -1.00000000
vn 0.13608277 -0.27216554 0.95257932
vn 0.00000000 0.00000000 -1.00000000
vn 0.00000000 0.00000000 1.00000000
vn 0.00000000 0.00000000 -1.00000000
vn 0.00000000 0.00000000 1.00000000
vn 0.00000000 0.00000000 -1.00000000
vn 0.00000000 -0.49613893 0.86824316
vn 0.00000000 0.00000000 -1.00000000
vn 0.13608277 -0.27216554 0.95257932
vn 0.00000000 0.00000000 -1.00000000
vn 0.00000000 0.00000000 1.00000000
vn 0.00000000 0.00000000 -1.00000000
vn 0.00000000 0.00000000 1.00000000
vn 0.80000001 0.00000000 -0.60000002
vn 0.00000000 0.00000000 1.00000000
vn 0.80000001 0.00000000 -0.60000002
vn 0.00000000 0.00000000 1.00000000
vn 0.63960212 -0.63960212 -0.42640144
vn 0.00000000 0.00000000 1.00000000
vn 0.12309149 -0.49236596 -0.86164045
vn 0.00000000 0.00000000 1.00000000
vn 0.31622776 0.00000000 -0.94868332
vn 0.31622776 0.00000000 0.94868332
vn 0.31622776 0.00000000 -0.94868332
vn 0.00000000 0.00000000 1.00000000
vn 0.00000000 0.00000000 -1.00000000
vn 0.00000000 0.00000000 1.00000000
vn 0.00000000 0.00000000 -1.00000000
vn 0.00000000 0.00000000 1.00000000
vn 0.00000000 0.00000000 -1.00000000
vn 0.70710677 0.00000000 0.70710677
vn 0.44721359 0.00000000 -0.89442718
vn 0.00000000 0.00000000 1.00000000
vn 0.00000000 0.00000000 -1.00000000
vn 0.00000000 0.00000000 1.00000000
vn 0.00000000 0.00000000 -1.00000000
vn 0.00000000 0.00000000 1.00000000
vn 0.00000000 1.00000000 -0.00000000
vn 0.37139067 0.55708599 -0.74278134
vn 0.51449573 0.51449573 0.68599433
vn 0.00000000 1.00000000 0.00000000
vn 0.00000000 1.00000000 -0.00000000
vn 0.00000000 1.00000000 0.00000000
vn 0.00000000 1.00000000 0.00000000
vn 0.00000000 1.00000000 0.00000000
vn 0.00000000 1.00000000 0.00000000
vn 0.00000000 1.00000000 0.00000000
vn 0.00000000 1.00000000 0.00000000
vn 0.55708599 -0.74278134 -0.37139067
vn 0.00000000 -1.00000000 -0.00000000
vn 0.00000000 -1.00000000 0.00000000
vn 0.00000000 -1.00000000 0.00000000
vn 0.00000000 -1.00000000 0.00000000
vn 0.00000000 -1.00000000 0.00000000
vn 0.00000000 -1.00000000 0.00000000
vn 0.14002801 -0.70014006 0.70014006
vn 0.00000000 -0.70710677 -0.70710677
vn 0.00000000 -1.00000000 -0.00000000
vn 0.00000000 -1.00000000 0.00000000
vn 0.14002801 -0.70014006 0.70014006
vn 0.13018891 -0.39056674 -0.91132236
vn 0.00000000 -0.70710677 0.70710677
vn 0.00000000 0.00000000 -1.00000000
vn 0.00000000 -0.44721359 0.89442718
vn 0.00000000 0.00000000 -1.00000000
vn 0.00000000 -0.44721359 0.89442718
vn 0.00000000 0.00000000 -1.00000000
vn 0.00000000 -0.44721359 0.89442718
vn 0.00000000 0.00000000 -1.00000000
vn 0.00000000 -0.44721359 0.89442718
vn 0.00000000 0.00000000 -1.00000000
vn 0.00000000 -0.44721359 0.89442718
vn 0.00000000 0.00000000 -1.00000000
vn 0.00000000 0.00000000 1.00000000
vn 0.00000000 0.00000000 -1.00000000
vn 0.48507124 -0.48507124 0.72760689
vn 0.00000000 0.00000000 -1.00000000
vn 0.00000000 -0.49613893 0.86824316
vn 0.00000000 0.00000000 -1.00000000
vn 0.00000000 0.00000000 1.00000000
vn 0.00000000 0.00000000 -1.00000000
vn 0.00000000 0.00000000 1.00000000
vn 0.00000000 0.00000000 -1.00000000
vn 0.48507124 -0.48507124 0.72760689
vn 0.00000000 0.00000000 -1.00000000
vn 0.11624764 -0.34874290 0.92998111
vn 0.00000000 0.00000000 -1.00000000
vn 0.00000000 0.00000000 1.00000000
vn 0.00000000 0.00000000 -1.00000000
vn 0.00000000 0.00000000 1.00000000
vn 0.00000000 0.00000000 -1.00000000
vn 0.00000000 0.00000000 1.00000000
vn 0.00000000 0.00000000 -1.00000000
vn 0.00000000 0.00000000 1.00000000
vn 0.80000001 0.00000000 -0.60000002
vn 0.27472112 0.00000000 0.96152395
vn 0.80000001 0.00000000 -0.60000002
vn 0.70710677 0.00000000 0.70710677
vn 0.70710677 0.00000000 -0.70710677
vn 0.00000000 0.00000000 1.00000000
vn 0.00000000 0.00000000 -1.00000000
vn 0.00000000 0.00000000 1.00000000
vn 0.00000000 0.00000000 -1.00000000
vn 0.00000000 0.00000000 1.00000000
vn 0.39391929 0.00000000 -0.91914505
vn 0.00000000 0.00000000 1.00000000
vn 0.00000000 0.00000000 -1.00000000
vn 0.00000000 0.00000000 1.00000000
vn 0.44721359 0.00000000 -0.89442718
vn 0.00000000 0.00000000 1.00000000
vn 0.51449573 0.00000000 -0.85749292
vn 0.60000002 0.00000000 0.80000001
vn 0.00000000 1.00000000 -0.00000000
vn 0.16439898 0.98639393 0.00000000
vn 0.68824720 0.22941573 -0.68824720
vn 0.57735026 0.57735026 0.57735026
vn 0.24253562 0.97014248 0.00000000
vn 0.00000000 1.00000000 0.00000000
vn 0.00000000 1.00000000 -0.00000000
vn 0.00000000 1.00000000 0.00000000
vn 0.00000000 1.00000000 0.00000000
vn 0.00000000 1.00000000 0.00000000
vn 0.00000000 1.00000000 0.00000000
vn 0.55708599 -0.74278134 -0.37139067
vn 0.00000000 -1.00000000 -0.00000000
vn 0.00000000 -1.00000000 0.00000000
vn 0.00000000 -1.00000000 0.00000000
vn 0.00000000 -1.00000000 0.00000000
vn 0.37139067 -0.74278134 0.55708599
vn 0.14744195 -0.44232586 -0.88465172
vn 0.00000000 -1.00000000 -0.00000000
vn 0.00000000 -1.00000000 0.00000000
vn 0.00000000 -1.00000000 0.00000000
vn 0.37139067 -0.74278134 0.55708599
vn 0.63960212 -0.63960212 -0.42640144
vn 0.00000000 -1.00000000 0.00000000
vn 0.00000000 -0.70710677 0.70710677
vn 0.00000000 -0.49613893 -0.86824316
vn 0.13608277 -0.27216554 0.95257932
vn 0.00000000 0.00000000 -1.00000000
vn 0.00000000 -0.51449573 0.85749292
vn 0.00000000 0.00000000 -1.00000000
vn 0.00000000 -0.44721359 0.89442718
vn 0.00000000 0.00000000 -1.00000000
vn 0.00000000 -0.44721359 0.89442718
vn 0.00000000 0.00000000 -1.00000000
vn 0.00000000 -0.44721359 0.89442718
vn 0.00000000 0.00000000 -1.00000000
vn 0.00000000 0.00000000 1.00000000
vn 0.00000000 0.00000000 -1.00000000
vn 0.00000000 -0.49613893 0.86824316
vn 0.00000000 0.00000000 -1.00000000
vn 0.13608277 -0.27216554 0.95257932
vn 0.00000000 0.00000000 -1.00000000
vn 0.00000000 0.00000000 1.00000000
vn 0.00000000 0.00000000 -1.00000000
vn 0.00000000 0.00000000 1.00000000
vn 0.00000000 0.00000000 -1.00000000
vn 0.00000000 0.00000000 1.00000000
vn 0.00000000 0.00000000 -1.00000000
vn 0.48507124 -0.48507124 0.72760689
vn 0.00000000 0.00000000 -1.00000000
vn 0.13018891 -0.39056674 0.91132236
vn 0.00000000 0.00000000 -1.00000000
vn 0.16439898 0.00000000 0.98639393
vn 0.00000000 0.00000000 -1.00000000
vn 0.16439898 0.00000000 0.98639393
vn 0.00000000 0.00000000 -1.00000000
vn 0.16439898 0.00000000 0.98639393
vn 0.00000000 0.00000000 -1.00000000
vn 0.70710677 0.00000000 0.70710677
vn 0.00000000 0.00000000 -1.00000000
vn 0.00000000 0.00000000 1.00000000
vn 0.00000000 0.00000000 -1.00000000
vn 0.00000000 0.00000000 1.00000000
vn 0.00000000 0.00000000 -1.00000000
vn 0.00000000 0.00000000 1.00000000
vn 0.00000000 0.00000000 -1.00000000
vn 0.31622776 0.00000000 0.94868332
vn 0.00000000 0.00000000 -1.00000000
vn 0.00000000 0.00000000 1.00000000
vn 0.00000000 0.00000000 -1.00000000
vn 0.31622776 0.00000000 0.94868332
vn 0.00000000 0.00000000 -1.00000000
vn 0.44721359 0.00000000 0.89442718
vn 0.70710677 0.00000000 -0.70710677
vn 0.57735026 0.57735026 0.57735026
vn 0.24253562 0.97014248 0.00000000
vn 0.00000000 1.00000000 -0.00000000
vn 0.16439898 0.98639393 0.00000000
vn 0.68824720 0.22941573 -0.68824720
vn 0.57735026 0.57735026 0.57735026
vn 0.19611613 0.98058069 0.00000000
vn 0.00000000 1.00000000 0.00000000
vn 0.00000000 1.00000000 -0.00000000
vn 0.00000000 1.00000000 0.00000000
vn 0.00000000 1.00000000 0.00000000
vn 0.80000001 -0.60000002 -0.00000000
vn 0.89442718 -0.44721359 0.00000000
vn 0.89442718 -0.44721359 0.00000000
vn 0.85749292 -0.51449573 0.00000000
vn 0.55708599 -0.74278134 -0.37139067
vn 0.00000000 -1.00000000 -0.00000000
vn 0.00000000 -1.00000000 0.00000000
vn 0.00000000 -1.00000000 0.00000000
vn 0.00000000 -1.00000000 0.00000000
vn 0.14002801 -0.70014006 0.70014006
vn 0.00000000 -0.70710677 -0.70710677
vn 0.00000000 -1.00000000 0.00000000
vn 0.15617377 -0.31234753 0.93704259
vn 0.13018891 -0.39056674 -0.91132236
vn 0.48507124 -0.48507124 0.72760689
vn 0.00000000 0.00000000 -1.00000000
vn 0.00000000 -0.70710677 0.70710677
vn 0.00000000 0.00000000 -1.00000000
vn 0.00000000 -0.44721359 0.89442718
vn 0.00000000 0.00000000 -1.00000000
vn 0.00000000 -0.49613893 0.86824316
vn 0.00000000 0.00000000 -1.00000000
vn 0.13608277 -0.27216554 0.95257932
vn 0.00000000 0.00000000 -1.00000000
vn 0.00000000 0.00000000 1.00000000
vn 0.00000000 0.00000000 -1.00000000
vn 0.00000000 0.00000000 1.00000000
vn 0.00000000 0.00000000 -1.00000000
vn 0.48507124 -0.48507124 0.72760689
vn 0.00000000 0.00000000 -1.00000000
vn 0.00000000 -0.49613893 0.86824316
vn 0.00000000 0.00000000 -1.00000000
vn 0.00000000 0.00000000 1.00000000
vn 0.39391929 0.00000000 -0.91914505
vn 0.00000000 0.00000000 1.00000000
vn 0.31622776 0.00000000 -0.94868332
vn 0.00000000 0.00000000 1.00000000
vn 0.31622776 0.00000000 -0.94868332
vn 0.55470020 0.00000000 0.83205032
vn 0.27472112 0.00000000 -0.96152395
vn 0.55470020 0.00000000 0.83205032
vn 0.00000000 0.00000000 -1.00000000
vn 0.55470020 0.00000000 0.83205032
vn 0.00000000 0.00000000 -1.00000000
vn 0.55470020 0.00000000 0.83205032
vn 0.00000000 0.00000000 -1.00000000
vn 0.00000000 0.00000000 1.00000000
vn 0.00000000 0.00000000 -1.00000000
vn 0.00000000 0.00000000 1.00000000
vn 0.00000000 0.00000000 -1.00000000
vn 0.00000000 0.00000000 1.00000000
vn 0.39391929 0.00000000 -0.91914505
vn 0.00000000 0.00000000 1.00000000
vn 0.37139067 0.00000000 -0.92847669
vn 0.70710677 0.00000000 0.70710677
vn 0.00000000 0.00000000 -1.00000000
vn 0.00000000 0.00000000 1.00000000
vn 0.44721359 0.00000000 -0.89442718
vn 0.70710677 0.00000000 0.70710677
vn 0.00000000 0.00000000 -1.00000000
vn 0.70710677 0.00000000 0.70710677
vn 0.44721359 0.00000000 -0.89442718
vn 0.60000002 0.00000000 0.80000001
vn 0.00000000 1.00000000 -0.00000000
vn 0.00000000 1.00000000 0.00000000
vn 0.16439898 0.98639393 0.00000000
vn 0.85749292 0.51449573 -0.00000000
vn 0.89442718 0.44721359 0.00000000
vn 0.70710677 0.70710677 0.00000000
vn 0.19611613 0.98058069 0.00000000
vn 0.00000000 1.00000000 0.00000000
vn 0.00000000 1.00000000 0.00000000
vn 0.55708599 -0.74278134 -0.37139067
vn 0.00000000 -1.00000000 -0.00000000
vn 0.00000000 -1.00000000 0.00000000
vn 0.00000000 -1.00000000 0.00000000
vn 0.00000000 -1.00000000 0.00000000
vn 0.00000000 -1.00000000 0.00000000
vn 0.00000000 -1.00000000 0.00000000
vn 0.37139067 -0.74278134 0.55708599
vn 0.14744195 -0.44232586 -0.88465172
vn 0.00000000 -1.00000000 -0.00000000
vn 0.00000000 -1.00000000 0.00000000
vn 0.37139067 -0.74278134 0.55708599
vn 0.63960212 -0.63960212 -0.42640144
vn 0.00000000 -0.70710677 0.70710677
vn 0.00000000 -0.49613893 -0.86824316
vn 0.00000000 -0.70710677 0.70710677
vn 0.00000000 0.00000000 -1.00000000
vn 0.13608277 -0.27216554 0.95257932
vn 0.00000000 0.00000000 -1.00000000
vn 0.00000000 0.00000000 1.00000000
vn 0.00000000 0.00000000 -1.00000000
vn 0.48507124 -0.48507124 0.72760689
vn 0.00000000 0.00000000 -1.00000000
vn 0.00000000 -0.49613893 0.86824316
vn 0.00000000 0.00000000 -1.00000000
vn 0.00000000 0.00000000 1.00000000
vn 0.00000000 0.00000000 -1.00000000
vn 0.00000000 -0.49613893 0.86824316
vn 0.00000000 0.00000000 -1.00000000
vn 0.13608277 -0.27216554 0.95257932
vn 0.00000000 0.00000000 -1.00000000
vn 0.00000000 0.00000000 1.00000000
vn 0.00000000 0.00000000 -1.00000000
vn 0.00000000 0.00000000 1.00000000
vn 0.80000001 0.00000000 -0.60000002
vn 0.00000000 0.00000000 1.00000000
vn 0.80000001 0.00000000 -0.60000002
vn 0.00000000 0.00000000 1.00000000
vn 0.63960212 -0.63960212 -0.42640144
vn 0.00000000 0.00000000 1.00000000
vn 0.12309149 -0.49236596 -0.86164045
vn 0.00000000 0.00000000 1.00000000
vn 0.31622776 0.00000000 -0.94868332
vn 0.00000000 0.00000000 1.00000000
vn 0.31622776 0.00000000 -0.94868332
vn 0.00000000 0.00000000 1.00000000
vn 0.31622776 0.00000000 -0.94868332
vn 0.00000000 0.00000000 1.00000000
vn 0.31622776 0.00000000 -0.94868332
vn 0.00000000 0.00000000 1.00000000
vn 0.00000000 0.00000000 -1.00000000
vn 0.31622776 0.00000000 0.94868332
vn 0.70710677 0.00000000 -0.70710677
vn 0.00000000 0.00000000 1.00000000
vn 0.00000000 0.00000000 -1.00000000
vn 0.31622776 0.00000000 0.94868332
vn 0.00000000 0.00000000 -1.00000000
vn 0.00000000 0.00000000 1.00000000
vn 0.44721359 0.00000000 -0.89442718
vn 0.60000002 0.00000000 0.80000001
vn 0.31622776 0.94868332 -0.00000000
vn 0.68824720 0.22941573 -0.68824720
vn 0.57735026 0.57735026 0.57735026
vn 0.24253562 0.97014248 0.00000000
vn 0.00000000 1.00000000 -0.00000000
vn 0.00000000 1.00000000 0.00000000
vn 0.00000000 1.00000000 0.00000000
vn 0.00000000 1.00000000 0.00000000
vn 0.00000000 1.00000000 0.00000000
vn 0.00000000 1.00000000 0.00000000
vn 0.00000000 1.00000000 0.00000000
vn 0.55708599 -0.74278134 -0.37139067
vn 0.00000000 -1.00000000 -0.00000000
vn 0.00000000 -1.00000000 0.00000000
vn 0.00000000 -1.00000000 0.00000000
vn 0.00000000 -1.00000000 0.00000000
vn 0.37139067 -0.74278134 0.55708599
vn 0.55708599 -0.74278134 -0.37139067
vn 0.00000000 -1.00000000 -0.00000000
vn 0.00000000 -1.00000000 0.00000000
vn 0.00000000 -1.00000000 0.00000000
vn 0.14002801 -0.70014006 0.70014006
vn 0.00000000 -0.70710677 -0.70710677
vn 0.00000000 -0.70710677 0.70710677
vn 0.13018891 -0.39056674 -0.91132236
vn 0.00000000 -0.51449573 0.85749292
vn 0.00000000 0.00000000 -1.00000000
vn 0.48507124 -0.48507124 0.72760689
vn 0.00000000 0.00000000 -1.00000000
vn 0.00000000 -0.49613893 0.86824316
vn 0.00000000 0.00000000 -1.00000000
vn 0.00000000 -0.49613893 0.86824316
vn 0.00000000 0.00000000 -1.00000000
vn 0.13608277 -0.27216554 0.95257932
vn 0.00000000 0.00000000 -1.00000000
vn 0.00000000 0.00000000 1.00000000
vn 0.00000000 0.00000000 -1.00000000
vn 0.00000000 0.00000000 1.00000000
vn 0.00000000 0.00000000 -1.00000000
vn 0.48507124 -0.48507124 0.72760689
vn 0.00000000 0.00000000 -1.00000000
vn 0.11624764 -0.34874290 0.92998111
vn 0.00000000 0.00000000 -1.00000000
vn 0.00000000 0.00000000 1.00000000
vn 0.00000000 0.00000000 -1.00000000
vn 0.00000000 0.00000000 1.00000000
vn 0.00000000 0.00000000 -1.00000000
vn 0.00000000 0.00000000 1.00000000
vn 0.00000000 0.00000000 -1.00000000
vn 0.00000000 0.00000000 1.00000000
vn 0.80000001 0.00000000 -0.60000002
vn 0.00000000 0.00000000 1.00000000
vn 0.80000001 0.00000000 -0.60000002
vn 0.00000000 0.00000000 1.00000000
vn 0.80000001 0.00000000 -0.60000002
vn 0.00000000 0.00000000 1.00000000
vn 0.80000001 0.00000000 -0.60000002
vn 0.00000000 0.00000000 1.00000000
vn 0.70710677 0.00000000 -0.70710677
vn 0.27472112 0.00000000 0.96152395
vn 0.00000000 0.00000000 -1.00000000
vn 0.70710677 0.00000000 0.70710677
vn 0.00000000 0.00000000 -1.00000000
vn 0.00000000 0.00000000 1.00000000
vn 0.44721359 0.00000000 -0.89442718
vn 0.70710677 0.00000000 0.70710677
vn 0.00000000 0.00000000 -1.00000000
vn 0.31622776 0.00000000 0.94868332
vn 0.55470020 0.00000000 -0.83205032
vn 0.57735026 0.57735026 0.57735026
vn 0.24253562 0.97014248 0.00000000
vn 0.31622776 0.94868332 -0.00000000
vn 0.68824720 0.22941573 -0.68824720
vn 0.57735026 0.57735026 0.57735026
vn 0.44721359 0.89442718 0.00000000
vn 0.00000000 1.00000000 -0.00000000
vn 0.00000000 1.00000000 0.00000000
vn 0.00000000 1.00000000 0.00000000
vn 0.00000000 1.00000000 0.00000000
vn 0.00000000 1.00000000 0.00000000
vn 0.80000001 -0.60000002 -0.00000000
vn 0.89442718 -0.44721359 0.00000000
vn 0.89442718 -0.44721359 0.00000000
vn 0.85749292 -0.51449573 0.00000000
vn 0.11704115 -0.70224690 -0.70224690
vn 0.00000000 -1.00000000 -0.00000000
vn 0.00000000 -1.00000000 0.00000000
vn 0.00000000 -1.00000000 0.00000000
vn 0.00000000 -1.00000000 0.00000000
vn 0.37139067 -0.74278134 0.55708599
vn 0.00000000 -0.51449573 -0.85749292
vn 0.00000000 -1.00000000 0.00000000
vn 0.17407766 -0.69631064 0.69631064
vn 0.63960212 -0.63960212 -0.42640144
vn 0.13608277 -0.27216554 0.95257932
vn 0.00000000 -0.49613893 -0.86824316
vn 0.00000000 -0.55470020 0.83205032
vn 0.00000000 0.00000000 -1.00000000
vn 0.13608277 -0.27216554 0.95257932
vn 0.00000000 0.00000000 -1.00000000
vn 0.00000000 0.00000000 1.00000000
vn 0.00000000 0.00000000 -1.00000000
vn 0.48507124 -0.48507124 0.72760689
vn 0.00000000 0.00000000 -1.00000000
vn 0.11624764 -0.34874290 0.92998111
vn 0.00000000 0.00000000 -1.00000000
vn 0.00000000 0.00000000 1.00000000
vn 0.00000000 0.00000000 -1.00000000
vn 0.00000000 0.00000000 1.00000000
vn 0.00000000 0.00000000 -1.00000000
vn 0.48507124 -0.48507124 0.72760689
vn -0.24253562 0.00000000 -0.97014248
vn 0.13018891 -0.39056674 0.91132236
vn -0.00000000 0.00000000 -1.00000000
vn 0.14142136 0.00000000 0.98994946
vn 0.00000000 0.00000000 -1.00000000
vn 0.00000000 0.00000000 1.00000000
vn 0.00000000 0.00000000 -1.00000000
vn 0.00000000 0.00000000 1.00000000
vn 0.00000000 0.00000000 -1.00000000
vn 0.00000000 0.00000000 1.00000000
vn 0.00000000 0.00000000 -1.00000000
vn 0.00000000 0.00000000 1.00000000
vn 0.00000000 0.00000000 -1.00000000
vn 0.00000000 0.00000000 1.00000000
vn 0.00000000 0.00000000 -1.00000000
vn 0.27472112 0.00000000 0.96152395
vn 0.00000000 0.00000000 -1.00000000
vn 0.70710677 0.00000000 0.70710677
vn 0.00000000 0.00000000 -1.00000000
vn 0.00000000 0.00000000 1.00000000
vn 0.39391929 0.00000000 -0.91914505
vn 0.31622776 0.00000000 0.94868332
vn 0.00000000 0.00000000 -1.00000000
vn 0.00000000 0.00000000 1.00000000
vn 0.44721359 0.00000000 -0.89442718
vn 0.70710677 0.00000000 0.70710677
vn 0.31622776 0.94868332 -0.00000000
vn 0.68824720 0.22941573 -0.68824720
vn 0.60000002 0.00000000 0.80000001
vn 0.31622776 0.94868332 -0.00000000
vn 0.85749292 0.51449573 -0.00000000
vn 0.89442718 0.44721359 0.00000000
vn 0.89442718 0.44721359 0.00000000
vn 0.89442718 0.44721359 0.00000000
vn 0.70710677 0.70710677 0.00000000
vn 0.24253562 0.97014248 0.00000000
vn 0.00000000 1.00000000 0.00000000
vn 0.55708599 -0.74278134 -0.37139067
vn 0.00000000 -1.00000000 -0.00000000
vn 0.00000000 -1.00000000 0.00000000
vn 0.00000000 -1.00000000 0.00000000
vn 0.00000000 -1.00000000 0.00000000
vn 0.00000000 -1.00000000 0.00000000
vn 0.00000000 -1.00000000 0.00000000
vn 0.00000000 -1.00000000 0.00000000
vn 0.14002801 -0.70014006 0.70014006
vn 0.13018891 -0.39056674 -0.91132236
vn 0.00000000 -1.00000000 -0.00000000
vn 0.45749572 -0.76249284 0.45749572
vn 0.00000000 -0.51449573 -0.85749292
vn 0.37139067 -0.74278134 0.55708599
vn 0.00000000 -0.44721359 -0.89442718
vn 0.00000000 -0.55470020 0.83205032
vn 0.00000000 0.00000000 -1.00000000
vn 0.48507124 -0.48507124 0.72760689
vn 0.00000000 0.00000000 -1.00000000
vn 0.00000000 -0.49613893 0.86824316
vn 0.00000000 0.00000000 -1.00000000
vn 0.00000000 0.00000000 1.00000000
vn 0.00000000 0.00000000 -1.00000000
vn 0.48507124 -0.48507124 0.72760689
vn 0.00000000 0.00000000 -1.00000000
vn 0.11624764 -0.34874290 0.92998111
vn 0.00000000 0.00000000 -1.00000000
vn 0.00000000 0.00000000 1.00000000
vn 0.00000000 0.00000000 -1.00000000
vn 0.00000000 0.00000000 1.00000000
vn 0.00000000 0.00000000 -1.00000000
vn 0.55470020 0.00000000 0.83205032
vn -0.27472112 0.00000000 -0.96152395
vn 0.48507124 -0.48507124 0.72760689
vn -0.00000000 0.00000000 -1.00000000
vn 0.13018891 -0.39056674 0.91132236
vn 0.00000000 0.00000000 -1.00000000
vn 0.16439898 0.00000000 0.98639393
vn 0.00000000 0.00000000 -1.00000000
vn 0.16439898 0.00000000 0.98639393
vn 0.00000000 0.00000000 -1.00000000
vn 0.16439898 0.00000000 0.98639393
vn 0.00000000 0.00000000 -1.00000000
vn 0.16439898 0.00000000 0.98639393
vn 0.00000000 0.00000000 -1.00000000
vn 0.70710677 0.00000000 0.70710677
vn 0.00000000 0.00000000 -1.00000000
vn 0.00000000 0.00000000 1.00000000
vn 0.00000000 0.00000000 -1.00000000
vn 0.00000000 0.00000000 1.00000000
vn 0.00000000 0.00000000 -1.00000000
vn 0.70710677 0.00000000 0.70710677
vn 0.00000000 0.00000000 -1.00000000
vn 0.31622776 0.00000000 0.94868332
vn 0.00000000 0.00000000 -1.00000000
vn 0.44721359 0.00000000 0.89442718
vn 0.31622776 0.94868332 -0.00000000
vn 0.68824720 0.22941573 -0.68824720
vn 0.57735026 0.57735026 0.57735026
vn 0.24253562 0.97014248 0.00000000
vn 0.00000000 1.00000000 -0.00000000
vn 0.00000000 1.00000000 0.00000000
vn 0.00000000 1.00000000 0.00000000
vn 0.00000000 1.00000000 0.00000000
vn 0.00000000 1.00000000 0.00000000
vn 0.00000000 1.00000000 0.00000000
vn 0.55708599 -0.74278134 -0.37139067
vn 0.00000000 -1.00000000 -0.00000000
vn 0.00000000 -1.00000000 0.00000000
vn 0.00000000 -1.00000000 0.00000000
vn 0.00000000 -1.00000000 0.00000000
vn 0.00000000 -1.00000000 0.00000000
vn 0.37139067 -0.74278134 0.55708599
vn 0.55708599 -0.74278134 -0.37139067
vn 0.00000000 -1.00000000 -0.00000000
vn 0.00000000 -1.00000000 0.00000000
vn 0.14002801 -0.70014006 0.70014006
vn 0.00000000 -0.70710677 -0.70710677
vn 0.00000000 -0.70710677 0.70710677
vn 0.13018891 -0.39056674 -0.91132236
vn 0.13608277 -0.27216554 0.95257932
vn 0.00000000 0.00000000 -1.00000000
vn 0.00000000 -0.55470020 0.83205032
vn 0.00000000 0.00000000 -1.00000000
vn 0.13608277 -0.27216554 0.95257932
vn 0.00000000 0.00000000 -1.00000000
vn 0.00000000 0.00000000 1.00000000
vn 0.00000000 0.00000000 -1.00000000
vn 0.00000000 0.00000000 1.00000000
vn 0.00000000 0.00000000 -1.00000000
vn 0.48507124 -0.48507124 0.72760689
vn 0.00000000 0.00000000 -1.00000000
vn 0.11624764 -0.34874290 0.92998111
vn 0.00000000 0.00000000 -1.00000000
vn 0.00000000 0.00000000 1.00000000
vn 0.00000000 0.00000000 -1.00000000
vn 0.00000000 0.00000000 1.00000000
vn 0.00000000 0.00000000 -1.00000000
vn 0.00000000 0.00000000 1.00000000
vn 0.00000000 0.00000000 -1.00000000
vn 0.55470020 0.00000000 0.83205032
vn 0.00000000 0.00000000 -1.00000000
vn 0.55470020 0.00000000 0.83205032
vn 0.00000000 0.00000000 -1.00000000
vn 0.55470020 0.00000000 0.83205032
vn 0.00000000 0.00000000 -1.00000000
vn 0.55470020 0.00000000 0.83205032
vn 0.00000000 0.00000000 -1.00000000
vn 0.55470020 0.00000000 0.83205032
vn 0.00000000 0.00000000 -1.00000000
vn 0.00000000 0.00000000 1.00000000
vn 0.00000000 0.00000000 -1.00000000
vn 0.00000000 0.00000000 1.00000000
vn 0.44721359 0.00000000 -0.89442718
vn 0.31622776 0.00000000 0.94868332
vn 0.00000000 0.00000000 -1.00000000
vn 0.00000000 0.00000000 1.00000000
vn 0.44721359 0.00000000 -0.89442718
vn 0.70710677 0.00000000 0.70710677
vn 0.51449573 0.00000000 -0.85749292
vn 0.70710677 0.00000000 0.70710677
vn 0.00000000 1.00000000 -0.00000000
vn 0.16439898 0.98639393 0.00000000
vn 0.85749292 0.51449573 -0.00000000
vn 0.89442718 0.44721359 0.00000000
vn 0.89442718 0.44721359 0.00000000
vn 0.89442718 0.44721359 0.00000000
vn 0.89442718 0.44721359 0.00000000
vn 0.70710677 0.70710677 0.00000000
vn 0.24253562 0.97014248 0.00000000
vn 0.80000001 -0.60000002 -0.00000000
vn 0.89442718 -0.44721359 0.00000000
vn 0.89442718 -0.44721359 0.00000000
vn 0.89442718 -0.44721359 0.00000000
vn 0.85749292 -0.51449573 0.00000000
vn 0.11704115 -0.70224690 -0.70224690
vn 0.00000000 -1.00000000 -0.00000000
vn 0.00000000 -1.00000000 0.00000000
vn 0.00000000 -1.00000000 0.00000000
vn 0.37139067 -0.74278134 0.55708599
vn 0.00000000 -0.51449573 -0.85749292
vn 0.00000000 -1.00000000 0.00000000
vn 0.15617377 -0.31234753 0.93704259
vn 0.63960212 -0.63960212 -0.42640144
vn 0.48507124 -0.48507124 0.72760689
vn 0.00000000 -0.49613893 -0.86824316
vn 0.00000000 -0.55470020 0.83205032
vn 0.00000000 0.00000000 -1.00000000
vn 0.48507124 -0.48507124 0.72760689
vn 0.00000000 0.00000000 -1.00000000
vn 0.11624764 -0.34874290 0.92998111
vn 0.00000000 0.00000000 -1.00000000
vn 0.00000000 0.00000000 1.00000000
vn 0.00000000 0.00000000 -1.00000000
vn 0.00000000 0.00000000 1.00000000
vn 0.00000000 0.00000000 -1.00000000
vn 0.48507124 -0.48507124 0.72760689
vn 0.00000000 0.00000000 -1.00000000
vn 0.13018891 -0.39056674 0.91132236
vn 0.00000000 0.00000000 -1.00000000
vn 0.14142136 0.00000000 0.98994946
vn 0.00000000 0.00000000 -1.00000000
vn 0.00000000 0.00000000 1.00000000
vn -0.24253562 0.00000000 -0.97014248
vn 0.00000000 0.00000000 1.00000000
vn -0.00000000 0.00000000 -1.00000000
vn 0.00000000 0.00000000 1.00000000
vn 0.00000000 0.00000000 -1.00000000
vn 0.00000000 0.00000000 1.00000000
vn 0.00000000 0.00000000 -1.00000000
vn 0.00000000 0.00000000 1.00000000
vn 0.00000000 0.00000000 -1.00000000
vn 0.00000000 0.00000000 1.00000000
vn 0.00000000 0.00000000 -1.00000000
vn 0.27472112 0.00000000 0.96152395
vn 0.00000000 0.00000000 -1.00000000
vn 0.16439898 0.00000000 0.98639393
vn 0.00000000 0.00000000 -1.00000000
vn 0.70710677 0.00000000 0.70710677
vn 0.00000000 0.00000000 -1.00000000
vn 0.31622776 0.00000000 0.94868332
vn 0.00000000 0.00000000 -1.00000000
vn 0.44721359 0.00000000 0.89442718
vn 0.70710677 0.00000000 -0.70710677
vn 0.57735026 0.57735026 0.57735026
vn 0.24253562 0.97014248 0.00000000
vn 0.00000000 1.00000000 -0.00000000
vn 0.00000000 1.00000000 0.00000000
vn 0.00000000 1.00000000 0.00000000
vn 0.00000000 1.00000000 0.00000000
vn 0.00000000 1.00000000 0.00000000
vn 0.00000000 1.00000000 0.00000000
vn 0.00000000 1.00000000 0.00000000
vn 0.55708599 -0.74278134 -0.37139067
vn 0.00000000 -1.00000000 -0.00000000
vn 0.00000000 -1.00000000 0.00000000
vn 0.00000000 -1.00000000 0.00000000
vn 0.00000000 -1.00000000 0.00000000
vn 0.00000000 -1.00000000 0.00000000
vn 0.00000000 -1.00000000 0.00000000
vn 0.00000000 -1.00000000 0.00000000
vn 0.14002801 -0.70014006 0.70014006
vn 0.13018891 -0.39056674 -0.91132236
vn 0.00000000 -1.00000000 -0.00000000
vn 0.37139067 -0.74278134 0.55708599
vn 0.00000000 -0.51449573 -0.85749292
vn 0.00000000 -0.70710677 0.70710677
vn 0.00000000 -0.44721359 -0.89442718
vn 0.13608277 -0.27216554 0.95257932
vn 0.00000000 0.00000000 -1.00000000
vn 0.00000000 0.00000000 1.00000000
vn 0.00000000 0.00000000 -1.00000000
vn 0.48507124 -0.48507124 0.72760689
vn 0.00000000 0.00000000 -1.00000000
vn 0.13018891 -0.39056674 0.91132236
vn -0.27472112 0.00000000 -0.96152395
vn 0.14142136 0.00000000 0.98994946
vn -0.39391929 0.00000000 -0.91914505
vn 0.00000000 0.00000000 1.00000000
vn 0.00000000 0.00000000 -1.00000000
vn 0.55470020 0.00000000 0.83205032
vn 0.00000000 0.00000000 -1.00000000
vn 0.48507124 -0.48507124 0.72760689
vn 0.00000000 0.00000000 -1.00000000
vn 0.13018891 -0.39056674 0.91132236
vn 0.00000000 0.00000000 -1.00000000
vn 0.16439898 0.00000000 0.98639393
vn -0.24253562 0.00000000 -0.97014248
vn 0.16439898 0.00000000 0.98639393
vn -0.00000000 0.00000000 -1.00000000
vn 0.16439898 0.00000000 0.98639393
vn 0.00000000 0.00000000 -1.00000000
vn 0.16439898 0.00000000 0.98639393
vn 0.00000000 0.00000000 -1.00000000
vn 0.16439898 0.00000000 0.98639393
vn 0.00000000 0.00000000 -1.00000000
vn 0.70710677 0.00000000 0.70710677
vn 0.00000000 0.00000000 -1.00000000
vn 0.55470020 0.00000000 0.83205032
vn 0.00000000 0.00000000 -1.00000000
vn 0.27472112 0.00000000 0.96152395
vn 0.00000000 0.00000000 -1.00000000
vn 0.70710677 0.00000000 0.70710677
vn 0.44721359 0.00000000 -0.89442718
vn 0.70710677 0.00000000 0.70710677
vn 0.31622776 0.94868332 -0.00000000
vn 0.85749292 0.51449573 -0.00000000
vn 0.78446454 0.19611613 -0.58834839
vn 0.87038827 0.34815532 0.34815532
vn 0.70710677 0.70710677 0.00000000
vn 0.24253562 0.97014248 0.00000000
vn 0.00000000 1.00000000 -0.00000000
vn 0.00000000 1.00000000 0.00000000
vn 0.00000000 1.00000000 0.00000000
vn 0.55708599 -0.74278134 -0.37139067
vn 0.00000000 -1.00000000 -0.00000000
vn 0.00000000 -1.00000000 0.00000000
vn 0.00000000 -1.00000000 0.00000000
vn 0.00000000 -1.00000000 0.00000000
vn 0.51449573 -0.68599433 0.51449573
vn 0.85749292 -0.51449573 0.00000000
vn 0.55708599 -0.74278134 -0.37139067
vn 0.00000000 -1.00000000 -0.00000000
vn 0.00000000 -1.00000000 0.00000000
vn 0.17407766 -0.69631064 0.69631064
vn 0.00000000 -0.70710677 -0.70710677
vn 0.15617377 -0.31234753 0.93704259
vn 0.00000000 -0.44721359 -0.89442718
vn 0.48507124 -0.48507124 0.72760689
vn 0.00000000 0.00000000 -1.00000000
vn 0.11624764 -0.34874290 0.92998111
vn 0.00000000 0.00000000 -1.00000000
vn 0.00000000 0.00000000 1.00000000
vn -0.12309149 -0.49236596 -0.86164045
vn 0.55470020 0.00000000 0.83205032
vn -0.14744195 -0.44232586 -0.88465172
vn 0.48507124 -0.48507124 0.72760689
vn -0.14142136 0.00000000 -0.98994946
vn 0.13018891 -0.39056674 0.91132236
vn -0.00000000 0.00000000 -1.00000000
vn 0.14142136 0.00000000 0.98994946
vn -0.39391929 0.00000000 -0.91914505
vn 0.00000000 0.00000000 1.00000000
vn 0.00000000 0.00000000 -1.00000000
vn 0.55470020 0.00000000 0.83205032
vn 0.00000000 0.00000000 -1.00000000
vn 0.55470020 0.00000000 0.83205032
vn 0.00000000 0.00000000 -1.00000000
vn 0.55470020 0.00000000 0.83205032
vn -0.24253562 0.00000000 -0.97014248
vn 0.55470020 0.00000000 0.83205032
vn -0.00000000 0.00000000 -1.00000000
vn 0.55470020 0.00000000 0.83205032
vn 0.00000000 0.00000000 -1.00000000
vn 0.55470020 0.00000000 0.83205032
vn 0.00000000 0.00000000 -1.00000000
vn 0.00000000 0.00000000 1.00000000
vn 0.00000000 0.00000000 -1.00000000
vn 0.27472112 0.00000000 0.96152395
vn 0.00000000 0.00000000 -1.00000000
vn 0.70710677 0.00000000 0.70710677
vn 0.44721359 0.00000000 -0.89442718
vn 0.31622776 0.00000000 0.94868332
vn 0.31622776 0.94868332 -0.00000000
vn 0.68824720 0.22941573 -0.68824720
vn 0.57735026 0.57735026 0.57735026
vn 0.24253562 0.97014248 0.00000000
vn 0.00000000 1.00000000 -0.00000000
vn 0.16439898 0.98639393 0.00000000
vn 0.85749292 0.51449573 -0.00000000
vn 0.89442718 0.44721359 0.00000000
vn 0.70710677 0.70710677 0.00000000
vn 0.24253562 0.97014248 0.00000000
vn 0.00000000 1.00000000 0.00000000
vn 0.80000001 -0.60000002 -0.00000000
vn 0.89442718 -0.44721359 0.00000000
vn 0.89442718 -0.44721359 0.00000000
vn 0.85749292 -0.51449573 0.00000000
vn 0.11704115 -0.70224690 -0.70224690
vn 0.00000000 -1.00000000 -0.00000000
vn 0.00000000 -1.00000000 0.00000000
vn 0.00000000 -1.00000000 0.00000000
vn 0.00000000 -1.00000000 0.00000000
vn 0.45749572 -0.76249284 0.45749572
vn 0.00000000 -0.70710677 -0.70710677
vn 0.37139067 -0.74278134 0.55708599
vn 0.13018891 -0.39056674 -0.91132236
vn 0.00000000 -0.55470020 0.83205032
vn 0.00000000 0.00000000 -1.00000000
vn 0.48507124 -0.48507124 0.72760689
vn 0.00000000 -0.49613893 -0.86824316
vn 0.11624764 -0.34874290 0.92998111
vn -0.15617377 -0.31234753 -0.93704259
vn 0.00000000 0.00000000 1.00000000
vn 0.00000000 0.00000000 -1.00000000
vn 0.00000000 0.00000000 1.00000000
vn 0.00000000 0.00000000 -1.00000000
vn 0.55470020 0.00000000 0.83205032
vn -0.27472112 0.00000000 -0.96152395
vn 0.48507124 -0.48507124 0.72760689
vn -0.14142136 0.00000000 -0.98994946
vn 0.13018891 -0.39056674 0.91132236
vn -0.00000000 0.00000000 -1.00000000
vn 0.16439898 0.00000000 0.98639393
vn -0.39391929 0.00000000 -0.91914505
vn 0.16439898 0.00000000 0.98639393
vn 0.00000000 0.00000000 -1.00000000
vn 0.16439898 0.00000000 0.98639393
vn 0.00000000 0.00000000 -1.00000000
vn 0.16439898 0.00000000 0.98639393
vn -0.27472112 0.00000000 -0.96152395
vn 0.16439898 0.00000000 0.98639393
vn -0.00000000 0.00000000 -1.00000000
vn 0.16439898 0.00000000 0.98639393
vn 0.00000000 0.00000000 -1.00000000
vn 0.16439898 0.00000000 0.98639393
vn 0.00000000 0.00000000 -1.00000000
vn 0.70710677 0.00000000 0.70710677
vn 0.00000000 0.00000000 -1.00000000
vn 0.27472112 0.00000000 0.96152395
vn 0.00000000 0.00000000 -1.00000000
vn 0.70710677 0.00000000 0.70710677
vn 0.31622776 0.94868332 -0.00000000
vn 0.68824720 0.22941573 -0.68824720
vn 0.57735026 0.57735026 0.57735026
vn 0.24253562 0.97014248 0.00000000
vn 0.00000000 1.00000000 -0.00000000
vn 0.00000000 1.00000000 0.00000000
vn 0.00000000 1.00000000 0.00000000
vn 0.00000000 1.00000000 0.00000000
vn 0.00000000 1.00000000 0.00000000
vn 0.55708599 -0.74278134 -0.37139067
vn 0.00000000 -1.00000000 -0.00000000
vn 0.00000000 -1.00000000 0.00000000
vn 0.00000000 -1.00000000 0.00000000
vn 0.00000000 -1.00000000 0.00000000
vn 0.00000000 -1.00000000 0.00000000
vn 0.00000000 -1.00000000 0.00000000
vn 0.37139067 -0.74278134 0.55708599
vn 0.14744195 -0.44232586 -0.88465172
vn 0.00000000 -1.00000000 -0.00000000
vn 0.00000000 -1.00000000 0.00000000
vn 0.17407766 -0.69631064 0.69631064
vn 0.63960212 -0.63960212 -0.42640144
vn 0.13608277 -0.27216554 0.95257932
vn 0.00000000 -0.49613893 -0.86824316
vn 0.00000000 0.00000000 1.00000000
vn 0.00000000 -0.44721359 -0.89442718
vn 0.48507124 -0.48507124 0.72760689
vn 0.00000000 -0.44721359 -0.89442718
vn 0.13018891 -0.39056674 0.91132236
vn 0.00000000 0.00000000 -1.00000000
vn 0.14142136 0.00000000 0.98994946
vn 0.00000000 0.00000000 -1.00000000
vn 0.00000000 0.00000000 1.00000000
vn 0.00000000 0.00000000 -1.00000000
vn 0.00000000 0.00000000 1.00000000
vn 0.00000000 0.00000000 -1.00000000
vn 0.55470020 0.00000000 0.83205032
vn -0.27472112 0.00000000 -0.96152395
vn 0.55470020 0.00000000 0.83205032
vn -0.14142136 0.00000000 -0.98994946
vn 0.55470020 0.00000000 0.83205032
vn -0.00000000 0.00000000 -1.00000000
vn 0.55470020 0.00000000 0.83205032
vn 0.00000000 0.00000000 -1.00000000
vn 0.55470020 0.00000000 0.83205032
vn 0.00000000 0.00000000 -1.00000000
vn 0.55470020 0.00000000 0.83205032
vn 0.00000000 0.00000000 -1.00000000
vn 0.55470020 0.00000000 0.83205032
vn 0.00000000 0.00000000 -1.00000000
vn 0.55470020 0.00000000 0.83205032
vn 0.00000000 0.00000000 -1.00000000
vn 0.27472112 0.00000000 0.96152395
vn 0.00000000 0.00000000 -1.00000000
vn 0.70710677 0.00000000 0.70710677
vn 0.00000000 0.00000000 -1.00000000
vn 0.70710677 0.00000000 0.70710677
vn 0.00000000 1.00000000 -0.00000000
vn 0.16439898 0.98639393 0.00000000
vn 0.85749292 0.51449573 -0.00000000
vn 0.89442718 0.44721359 0.00000000
vn 0.89442718 0.44721359 0.00000000
vn 0.89442718 0.44721359 0.00000000
vn 0.70710677 0.70710677 0.00000000
vn 0.24253562 0.97014248 0.00000000
vn 0.55708599 -0.74278134 -0.37139067
vn 0.00000000 -1.00000000 -0.00000000
vn 0.00000000 -1.00000000 0.00000000
vn 0.00000000 -1.00000000 0.00000000
vn 0.00000000 -1.00000000 0.00000000
vn 0.37139067 -0.74278134 0.55708599
vn 0.55708599 -0.74278134 -0.37139067
vn 0.00000000 -1.00000000 -0.00000000
vn 0.00000000 -1.00000000 0.00000000
vn 0.45749572 -0.76249284 0.45749572
vn 0.00000000 -0.70710677 -0.70710677
vn 0.37139067 -0.74278134 0.55708599
vn 0.00000000 -0.44721359 -0.89442718
vn 0.11624764 -0.34874290 0.92998111
vn 0.00000000 -0.44721359 -0.89442718
vn 0.00000000 0.00000000 1.00000000
vn 0.00000000 -0.44721359 -0.89442718
vn 0.55470020 0.00000000 0.83205032
vn 0.00000000 0.00000000 -1.00000000
vn 0.48507124 -0.48507124 0.72760689
vn 0.00000000 0.00000000 -1.00000000
vn 0.13018891 -0.39056674 0.91132236
vn 0.00000000 0.00000000 -1.00000000
vn 0.16439898 0.00000000 0.98639393
vn 0.00000000 0.00000000 -1.00000000
vn 0.14142136 0.00000000 0.98994946
vn 0.00000000 0.00000000 -1.00000000
vn 0.00000000 0.00000000 1.00000000
vn 0.00000000 0.00000000 -1.00000000
vn 0.00000000 0.00000000 1.00000000
vn -0.24253562 0.00000000 -0.97014248
vn 0.00000000 0.00000000 1.00000000
vn -0.00000000 0.00000000 -1.00000000
vn 0.00000000 0.00000000 1.00000000
vn 0.00000000 0.00000000 -1.00000000
vn 0.27472112 0.00000000 0.96152395
vn -0.27472112 0.00000000 -0.96152395
vn 0.16439898 0.00000000 0.98639393
vn -0.00000000 0.00000000 -1.00000000
vn 0.16439898 0.00000000 0.98639393
vn 0.00000000 0.00000000 -1.00000000
vn 0.70710677 0.00000000 0.70710677
vn 0.00000000 0.00000000 -1.00000000
vn 0.31622776 0.00000000 0.94868332
vn 0.00000000 0.00000000 -1.00000000
vn 0.57735026 0.57735026 0.57735026
vn 0.24253562 0.97014248 0.00000000
vn 0.00000000 1.00000000 -0.00000000
vn 0.00000000 1.00000000 0.00000000
vn 0.00000000 1.00000000 0.00000000
vn 0.00000000 1.00000000 0.00000000
vn 0.00000000 1.00000000 0.00000000
vn 0.00000000 1.00000000 0.00000000
vn 0.00000000 1.00000000 0.00000000
vn 0.80000001 -0.60000002 -0.00000000
vn 0.89442718 -0.44721359 0.00000000
vn 0.89442718 -0.44721359 0.00000000
vn 0.85749292 -0.51449573 0.00000000
vn 0.11704115 -0.70224690 -0.70224690
vn 0.00000000 -1.00000000 -0.00000000
vn 0.00000000 -1.00000000 0.00000000
vn 0.00000000 -1.00000000 0.00000000
vn 0.37139067 -0.74278134 0.55708599
vn 0.00000000 -0.70710677 -0.70710677
vn 0.00000000 -1.00000000 0.00000000
vn 0.15617377 -0.31234753 0.93704259
vn 0.00000000 -0.44721359 -0.89442718
vn 0.48507124 -0.48507124 0.72760689
vn 0.00000000 -0.44721359 -0.89442718
vn 0.11624764 -0.34874290 0.92998111
vn 0.00000000 -0.44721359 -0.89442718
vn 0.00000000 0.00000000 1.00000000
vn 0.00000000 0.00000000 -1.00000000
vn 0.00000000 0.00000000 1.00000000
vn 0.00000000 0.00000000 -1.00000000
vn 0.55470020 0.00000000 0.83205032
vn 0.00000000 0.00000000 -1.00000000
vn 0.55470020 0.00000000 0.83205032
vn 0.00000000 0.00000000 -1.00000000
vn 0.48507124 -0.48507124 0.72760689
vn 0.00000000 0.00000000 -1.00000000
vn 0.13018891 -0.39056674 0.91132236
vn 0.00000000 0.00000000 -1.00000000
vn 0.16439898 0.00000000 0.98639393
vn 0.00000000 0.00000000 -1.00000000
vn 0.16439898 0.00000000 0.98639393
vn -0.27472112 0.00000000 -0.96152395
vn 0.16439898 0.00000000 0.98639393
vn -0.00000000 0.00000000 -1.00000000
vn 0.70710677 0.00000000 0.70710677
vn 0.00000000 0.00000000 -1.00000000
vn 0.55470020 0.00000000 0.83205032
vn 0.00000000 0.00000000 -1.00000000
vn 0.55470020 0.00000000 0.83205032
vn 0.00000000 0.00000000 -1.00000000
vn 0.16439898 0.00000000 0.98639393
vn 0.00000000 0.00000000 -1.00000000
vn 0.70710677 0.00000000 0.70710677
vn 0.00000000 0.00000000 -1.00000000
vn 0.57735026 0.57735026 0.57735026
vn 0.24253562 0.97014248 0.00000000
vn 0.00000000 1.00000000 -0.00000000
vn 0.00000000 1.00000000 0.00000000
vn 0.00000000 1.00000000 0.00000000
vn 0.00000000 1.00000000 0.00000000
vn 0.00000000 1.00000000 0.00000000
vn 0.00000000 1.00000000 0.00000000
vn 0.55708599 -0.74278134 -0.37139067
vn 0.00000000 -1.00000000 -0.00000000
vn 0.00000000 -1.00000000 0.00000000
vn 0.00000000 -1.00000000 0.00000000
vn 0.00000000 -1.00000000 0.00000000
vn 0.00000000 -1.00000000 0.00000000
vn 0.37139067 -0.74278134 0.55708599
vn 0.08804509 -0.70436072 -0.70436072
vn 0.00000000 -1.00000000 -0.00000000
vn 0.00000000 -1.00000000 0.00000000
vn 0.37139067 -0.74278134 0.55708599
vn 0.13018891 -0.39056674 -0.91132236
vn 0.00000000 -0.55470020 0.83205032
vn 0.00000000 -0.51449573 -0.85749292
vn 0.48507124 -0.48507124 0.72760689
vn 0.00000000 -0.44721359 -0.89442718
vn 0.11624764 -0.34874290 0.92998111
vn 0.00000000 0.00000000 -1.00000000
vn 0.00000000 0.00000000 1.00000000
vn 0.00000000 0.00000000 -1.00000000
vn 0.00000000 0.00000000 1.00000000
vn 0.00000000 0.00000000 -1.00000000
vn 0.00000000 0.00000000 1.00000000
vn -0.27472112 0.00000000 -0.96152395
vn 0.00000000 0.00000000 1.00000000
vn -0.39391929 0.00000000 -0.91914505
vn 0.55470020 0.00000000 0.83205032
vn 0.00000000 0.00000000 -1.00000000
vn 0.55470020 0.00000000 0.83205032
vn 0.00000000 0.00000000 -1.00000000
vn 0.55470020 0.00000000 0.83205032
vn 0.00000000 0.00000000 -1.00000000
vn 0.55470020 0.00000000 0.83205032
vn 0.00000000 0.00000000 -1.00000000
vn 0.00000000 0.00000000 1.00000000
vn 0.00000000 0.00000000 -1.00000000
vn 0.27472112 0.00000000 0.96152395
vn -0.27472112 0.00000000 -0.96152395
vn 0.70710677 0.00000000 0.70710677
vn -0.00000000 0.00000000 -1.00000000
vn 0.62469506 0.00000000 0.78086883
vn 0.00000000 0.00000000 -1.00000000
vn 0.70710677 0.00000000 0.70710677
vn 0.00000000 0.00000000 -1.00000000
vn 0.57735026 0.57735026 0.57735026
vn 0.44721359 0.89442718 0.00000000
vn 0.00000000 1.00000000 -0.00000000
vn 0.00000000 1.00000000 0.00000000
vn 0.00000000 1.00000000 0.00000000
vn 0.00000000 1.00000000 0.00000000
vn 0.00000000 1.00000000 0.00000000
vn 0.80000001 -0.60000002 -0.00000000
vn 0.74535596 -0.59628481 -0.29814240
vn 0.00000000 -1.00000000 -0.00000000
vn 0.00000000 -1.00000000 0.00000000
vn 0.37139067 -0.74278134 0.55708599
vn 0.48507124 -0.72760689 -0.48507124
vn 0.00000000 -1.00000000 -0.00000000
vn 0.00000000 -1.00000000 0.00000000
vn 0.37139067 -0.74278134 0.55708599
vn 0.55708599 -0.74278134 -0.37139067
vn 0.00000000 -1.00000000 0.00000000
vn 0.13608277 -0.27216554 0.95257932
vn 0.00000000 -0.70710677 -0.70710677
vn 0.00000000 0.00000000 1.00000000
vn 0.13018891 -0.39056674 -0.91132236
vn 0.48507124 -0.48507124 0.72760689
vn 0.00000000 0.00000000 -1.00000000
vn 0.13018891 -0.39056674 0.91132236
vn 0.00000000 0.00000000 -1.00000000
vn 0.16439898 0.00000000 0.98639393
vn -0.12309149 -0.49236596 -0.86164045
vn 0.14142136 0.00000000 0.98994946
vn -0.14744195 -0.44232586 -0.88465172
vn 0.00000000 0.00000000 1.00000000
vn -0.14142136 0.00000000 -0.98994946
vn 0.00000000 0.00000000 1.00000000
vn -0.00000000 0.00000000 -1.00000000
vn 0.00000000 0.00000000 1.00000000
vn 0.00000000 0.00000000 -1.00000000
vn 0.27472112 0.00000000 0.96152395
vn 0.00000000 0.00000000 -1.00000000
vn 0.16439898 0.00000000 0.98639393
vn -0.24253562 0.00000000 -0.97014248
vn 0.16439898 0.00000000 0.98639393
vn -0.00000000 0.00000000 -1.00000000
vn 0.70710677 0.00000000 0.70710677
vn 0.00000000 0.00000000 -1.00000000
vn 0.00000000 0.00000000 1.00000000
vn 0.00000000 0.00000000 -1.00000000
vn 0.31622776 0.00000000 0.94868332
vn 0.00000000 0.00000000 -1.00000000
vn 0.44721359 0.00000000 0.89442718
vn 0.00000000 0.00000000 -1.00000000
vn 0.57735026 0.57735026 0.57735026
vn 0.24253562 0.97014248 0.00000000
vn 0.00000000 1.00000000 0.00000000
vn 0.00000000 1.00000000 -0.00000000
vn 0.00000000 1.00000000 0.00000000
vn 0.00000000 1.00000000 0.00000000
vn 0.00000000 1.00000000 0.00000000
vn 0.80000001 -0.60000002 -0.00000000
vn 0.85749292 -0.51449573 0.00000000
vn 0.11704115 -0.70224690 -0.70224690
vn 0.00000000 -1.00000000 -0.00000000
vn 0.00000000 -1.00000000 0.00000000
vn 0.00000000 -1.00000000 0.00000000
vn 0.00000000 -1.00000000 0.00000000
vn 0.00000000 -1.00000000 0.00000000
vn 0.17407766 -0.69631064 0.69631064
vn 0.00000000 -0.70710677 -0.70710677
vn 0.37139067 -0.74278134 0.55708599
vn 0.00000000 -0.51449573 -0.85749292
vn 0.11624764 -0.34874290 0.92998111
vn 0.63960212 -0.63960212 -0.42640144
vn 0.00000000 0.00000000 1.00000000
vn 0.00000000 -0.49613893 -0.86824316
vn 0.55470020 0.00000000 0.83205032
vn 0.00000000 -0.49613893 -0.86824316
vn 0.55470020 0.00000000 0.83205032
vn -0.15617377 -0.31234753 -0.93704259
vn 0.48507124 -0.48507124 0.72760689
vn 0.00000000 0.00000000 -1.00000000
vn 0.13018891 -0.39056674 0.91132236
vn 0.00000000 0.00000000 -1.00000000
vn 0.16439898 0.00000000 0.98639393
vn -0.24253562 0.00000000 -0.97014248
vn 0.16439898 0.00000000 0.98639393
vn -0.00000000 0.00000000 -1.00000000
vn 0.70710677 0.00000000 0.70710677
vn 0.00000000 0.00000000 -1.00000000
vn 0.55470020 0.00000000 0.83205032
vn 0.00000000 0.00000000 -1.00000000
vn 0.55470020 0.00000000 0.83205032
vn -0.27472112 0.00000000 -0.96152395
vn 0.00000000 0.00000000 1.00000000
vn -0.00000000 0.00000000 -1.00000000
vn 0.27472112 0.00000000 0.96152395
vn 0.00000000 0.00000000 -1.00000000
vn 0.70710677 0.00000000 0.70710677
vn -0.31622776 0.00000000 -0.94868332
vn 0.70710677 0.00000000 0.70710677
vn -0.00000000 1.00000000 -0.00000000
vn 0.00000000 0.55470020 -0.83205032
vn 0.00000000 0.70710677 0.70710677
vn 0.00000000 1.00000000 0.00000000
vn 0.00000000 1.00000000 -0.00000000
vn 0.00000000 1.00000000 0.00000000
vn 0.00000000 1.00000000 0.00000000
vn 0.00000000 1.00000000 0.00000000
vn 0.55708599 -0.74278134 -0.37139067
vn 0.00000000 -1.00000000 -0.00000000
vn 0.00000000 -1.00000000 0.00000000
vn 0.00000000 -1.00000000 0.00000000
vn 0.00000000 -1.00000000 0.00000000
vn 0.00000000 -1.00000000 0.00000000
vn 0.45749572 -0.76249284 0.45749572
vn 0.11704115 -0.70224690 -0.70224690
vn 0.00000000 -1.00000000 -0.00000000
vn 0.45749572 -0.76249284 0.45749572
vn 0.00000000 -0.44721359 -0.89442718
vn 0.37139067 -0.74278134 0.55708599
vn 0.00000000 -0.44721359 -0.89442718
vn 0.11624764 -0.34874290 0.92998111
vn 0.00000000 -0.44721359 -0.89442718
vn 0.00000000 0.00000000 1.00000000
vn 0.00000000 -0.44721359 -0.89442718
vn 0.00000000 0.00000000 1.00000000
vn 0.00000000 -0.44721359 -0.89442718
vn 0.00000000 0.00000000 1.00000000
vn 0.00000000 0.00000000 -1.00000000
vn 0.55470020 0.00000000 0.83205032
vn 0.00000000 0.00000000 -1.00000000
vn 0.55470020 0.00000000 0.83205032
vn 0.00000000 0.00000000 -1.00000000
vn 0.55470020 0.00000000 0.83205032
vn -0.24253562 0.00000000 -0.97014248
vn 0.00000000 0.00000000 1.00000000
vn -0.00000000 0.00000000 -1.00000000
vn 0.00000000 0.00000000 1.00000000
vn 0.00000000 0.00000000 -1.00000000
vn 0.27472112 0.00000000 0.96152395
vn 0.00000000 0.00000000 -1.00000000
vn 0.16439898 0.00000000 0.98639393
vn 0.00000000 0.00000000 -1.00000000
vn 0.70710677 0.00000000 0.70710677
vn -0.27472112 0.00000000 -0.96152395
vn 0.31622776 0.00000000 0.94868332
vn -0.00000000 0.00000000 -1.00000000
vn 0.44721359 0.00000000 0.89442718
vn 0.00000000 1.00000000 -0.00000000
vn 0.00000000 0.70710677 -0.70710677
vn 0.55708599 0.37139067 0.74278134
vn 0.00000000 1.00000000 0.00000000
vn 0.00000000 1.00000000 -0.00000000
vn 0.00000000 1.00000000 0.00000000
vn 0.00000000 1.00000000 0.00000000
vn 0.00000000 1.00000000 0.00000000
vn 0.80000001 -0.60000002 -0.00000000
vn 0.89442718 -0.44721359 0.00000000
vn 0.89442718 -0.44721359 0.00000000
vn 0.89442718 -0.44721359 0.00000000
vn 0.85749292 -0.51449573 0.00000000
vn 0.55708599 -0.74278134 -0.37139067
vn 0.00000000 -1.00000000 -0.00000000
vn 0.00000000 -1.00000000 0.00000000
vn 0.17407766 -0.69631064 0.69631064
vn 0.13018891 -0.39056674 -0.91132236
vn 0.00000000 -1.00000000 -0.00000000
vn 0.15617377 -0.31234753 0.93704259
vn 0.00000000 -0.51449573 -0.85749292
vn 0.48507124 -0.48507124 0.72760689
vn 0.00000000 -0.44721359 -0.89442718
vn 0.13018891 -0.39056674 0.91132236
vn 0.00000000 -0.49613893 -0.86824316
vn 0.16439898 0.00000000 0.98639393
vn 0.13018891 -0.39056674 -0.91132236
vn 0.14142136 0.00000000 0.98994946
vn 0.00000000 0.00000000 -1.00000000
vn 0.00000000 0.00000000 1.00000000
vn 0.00000000 0.00000000 -1.00000000
vn 0.00000000 0.00000000 1.00000000
vn 0.00000000 0.00000000 -1.00000000
vn 0.00000000 0.00000000 1.00000000
vn 0.00000000 0.00000000 -1.00000000
vn 0.27472112 0.00000000 0.96152395
vn -0.27472112 0.00000000 -0.96152395
vn 0.16439898 0.00000000 0.98639393
vn -0.00000000 0.00000000 -1.00000000
vn 0.70710677 0.00000000 0.70710677
vn 0.00000000 0.00000000 -1.00000000
vn 0.55470020 0.00000000 0.83205032
vn 0.00000000 0.00000000 -1.00000000
vn 0.27472112 0.00000000 0.96152395
vn 0.00000000 0.00000000 -1.00000000
vn 0.70710677 0.00000000 0.70710677
vn 0.00000000 0.00000000 -1.00000000
vn 0.70710677 0.00000000 0.70710677
vn 0.00000000 1.00000000 -0.00000000
vn 0.00000000 0.70710677 -0.70710677
vn 0.57735026 0.57735026 0.57735026
vn 0.44721359 0.89442718 0.00000000
vn 0.00000000 1.00000000 -0.00000000
vn 0.00000000 1.00000000 0.00000000
vn 0.00000000 1.00000000 0.00000000
vn 0.55708599 -0.74278134 -0.37139067
vn 0.00000000 -1.00000000 -0.00000000
vn 0.00000000 -1.00000000 0.00000000
vn 0.00000000 -1.00000000 0.00000000
vn 0.00000000 -1.00000000 0.00000000
vn 0.00000000 -1.00000000 0.00000000
vn 0.45749572 -0.76249284 0.45749572
vn 0.55708599 -0.74278134 -0.37139067
vn 0.00000000 -1.00000000 -0.00000000
vn 0.37139067 -0.74278134 0.55708599
vn 0.00000000 -0.70710677 -0.70710677
vn 0.13018891 -0.39056674 0.91132236
vn 0.13018891 -0.39056674 -0.91132236
vn 0.55470020 0.00000000 0.83205032
vn 0.00000000 0.00000000 -1.00000000
vn 0.55470020 0.00000000 0.83205032
vn 0.63960212 -0.63960212 -0.42640144
vn 0.48507124 -0.48507124 0.72760689
vn 0.00000000 -0.49613893 -0.86824316
vn 0.13018891 -0.39056674 0.91132236
vn 0.00000000 0.00000000 -1.00000000
vn 0.16439898 0.00000000 0.98639393
vn 0.00000000 0.00000000 -1.00000000
vn 0.16439898 0.00000000 0.98639393
vn 0.00000000 0.00000000 -1.00000000
vn 0.70710677 0.00000000 0.70710677
vn 0.00000000 0.00000000 -1.00000000
vn 0.55470020 0.00000000 0.83205032
vn 0.00000000 0.00000000 -1.00000000
vn 0.00000000 0.00000000 1.00000000
vn 0.00000000 0.00000000 -1.00000000
vn 0.27472112 0.00000000 0.96152395
vn 0.00000000 0.00000000 -1.00000000
vn 0.70710677 0.00000000 0.70710677
vn 0.00000000 0.00000000 -1.00000000
vn 0.31622776 0.00000000 0.94868332
vn 0.00000000 0.00000000 -1.00000000
vn 0.44721359 0.00000000 0.89442718
vn 0.00000000 1.00000000 -0.00000000
vn 0.00000000 0.70710677 -0.70710677
vn 0.55708599 0.37139067 0.74278134
vn 0.00000000 1.00000000 0.00000000
vn 0.00000000 1.00000000 -0.00000000
vn 0.00000000 1.00000000 0.00000000
vn 0.00000000 1.00000000 0.00000000
vn 0.80000001 -0.60000002 -0.00000000
vn 0.89442718 -0.44721359 0.00000000
vn 0.89442718 -0.44721359 0.00000000
vn 0.89442718 -0.44721359 0.00000000
vn 0.85749292 -0.51449573 0.00000000
vn 0.08804509 -0.70436072 -0.70436072
vn 0.00000000 -1.00000000 -0.00000000
vn 0.00000000 -1.00000000 0.00000000
vn 0.00000000 -1.00000000 0.00000000
vn 0.15617377 -0.31234753 0.93704259
vn 0.14744195 -0.44232586 -0.88465172
vn 0.48507124 -0.48507124 0.72760689
vn 0.63960212 -0.63960212 -0.42640144
vn 0.13018891 -0.39056674 0.91132236
vn 0.00000000 -0.49613893 -0.86824316
vn 0.14142136 0.00000000 0.98994946
vn 0.00000000 -0.49613893 -0.86824316
vn 0.00000000 0.00000000 1.00000000
vn 0.13018891 -0.39056674 -0.91132236
vn 0.55470020 0.00000000 0.83205032
vn 0.00000000 0.00000000 -1.00000000
vn 0.55470020 0.00000000 0.83205032
vn 0.00000000 0.00000000 -1.00000000
vn 0.55470020 0.00000000 0.83205032
vn 0.00000000 0.00000000 -1.00000000
vn 0.00000000 0.00000000 1.00000000
vn 0.00000000 0.00000000 -1.00000000
vn 0.27472112 0.00000000 0.96152395
vn 0.00000000 0.00000000 -1.00000000
vn 0.16439898 0.00000000 0.98639393
vn 0.00000000 0.00000000 -1.00000000
vn 0.70710677 0.00000000 0.70710677
vn 0.00000000 0.00000000 -1.00000000
vn 0.00000000 0.00000000 1.00000000
vn 0.00000000 0.00000000 -1.00000000
vn 0.70710677 0.00000000 0.70710677
vn 0.44721359 0.00000000 -0.89442718
vn 0.70710677 0.00000000 0.70710677
vn 0.00000000 1.00000000 -0.00000000
vn 0.37139067 0.55708599 -0.74278134
vn 0.57735026 0.57735026 0.57735026
vn 0.44721359 0.89442718 0.00000000
vn 0.00000000 1.00000000 -0.00000000
vn 0.00000000 1.00000000 0.00000000
vn 0.48507124 -0.72760689 -0.48507124
vn 0.00000000 -1.00000000 -0.00000000
vn 0.00000000 -1.00000000 0.00000000
vn 0.00000000 -1.00000000 0.00000000
vn 0.00000000 -1.00000000 0.00000000
vn 0.00000000 -1.00000000 0.00000000
vn 0.51449573 -0.68599433 0.51449573
vn 0.85749292 -0.51449573 0.00000000
vn 0.55708599 -0.74278134 -0.37139067
vn 0.14744195 -0.44232586 0.88465172
vn 0.00000000 -0.70710677 -0.70710677
vn 0.55470020 0.00000000 0.83205032
vn 0.13018891 -0.39056674 -0.91132236
vn 0.48507124 -0.48507124 0.72760689
vn 0.00000000 0.00000000 -1.00000000
vn 0.13018891 -0.39056674 0.91132236
vn 0.63960212 -0.63960212 -0.42640144
vn 0.16439898 0.00000000 0.98639393
vn 0.00000000 -0.49613893 -0.86824316
vn 0.16439898 0.00000000 0.98639393
vn 0.00000000 0.00000000 -1.00000000
vn 0.16439898 0.00000000 0.98639393
vn 0.00000000 0.00000000 -1.00000000
vn 0.16439898 0.00000000 0.98639393
vn 0.00000000 0.00000000 -1.00000000
vn 0.70710677 0.00000000 0.70710677
vn 0.00000000 0.00000000 -1.00000000
vn 0.55470020 0.00000000 0.83205032
vn 0.00000000 0.00000000 -1.00000000
vn 0.27472112 0.00000000 0.96152395
vn 0.00000000 0.00000000 -1.00000000
vn 0.19611613 0.00000000 0.98058069
vn 0.44721359 0.00000000 -0.89442718
vn 0.44721359 0.00000000 0.89442718
vn 0.31622776 0.94868332 -0.00000000
vn 0.68824720 0.22941573 -0.68824720
vn 0.44721359 0.00000000 0.89442718
vn 0.31622776 0.94868332 -0.00000000
vn 0.85749292 0.51449573 -0.00000000
vn 0.70710677 0.70710677 0.00000000
vn 0.24253562 0.97014248 0.00000000
vn 0.00000000 1.00000000 0.00000000
vn 0.80000001 -0.60000002 -0.00000000
vn 0.89442718 -0.44721359 0.00000000
vn 0.89442718 -0.44721359 0.00000000
vn 0.89442718 -0.44721359 0.00000000
vn 0.85749292 -0.51449573 0.00000000
vn 0.08804509 -0.70436072 -0.70436072
vn 0.00000000 -1.00000000 -0.00000000
vn 0.00000000 -1.00000000 0.00000000
vn 0.48507124 -0.48507124 0.72760689
vn 0.14744195 -0.44232586 -0.88465172
vn 0.48507124 -0.48507124 0.72760689
vn 0.63960212 -0.63960212 -0.42640144
vn 0.14744195 -0.44232586 0.88465172
vn 0.11111111 -0.44444445 -0.88888890
vn 0.55470020 0.00000000 0.83205032
vn 0.00000000 -0.55470020 -0.83205032
vn 0.55470020 0.00000000 0.83205032
vn 0.14744195 -0.44232586 -0.88465172
vn 0.55470020 0.00000000 0.83205032
vn 0.31622776 0.00000000 -0.94868332
vn 0.55470020 0.00000000 0.83205032
vn 0.31622776 0.00000000 -0.94868332
vn 0.55470020 0.00000000 0.83205032
vn 0.37139067 0.00000000 -0.92847669
vn 0.16439898 0.00000000 0.98639393
vn 0.00000000 0.00000000 -1.00000000
vn 0.16439898 0.00000000 0.98639393
vn 0.44721359 0.00000000 -0.89442718
vn 0.70710677 0.00000000 0.70710677
vn 0.00000000 0.00000000 -1.00000000
vn 0.62469506 0.00000000 0.78086883
vn 0.00000000 0.00000000 -1.00000000
vn 0.70710677 0.00000000 0.70710677
vn 0.44721359 0.00000000 -0.89442718
vn 0.70710677 0.00000000 0.70710677
vn 0.00000000 1.00000000 -0.00000000
vn 0.00000000 1.00000000 0.00000000
vn 0.00000000 1.00000000 0.00000000
vn 0.00000000 1.00000000 0.00000000
vn 0.83205032 -0.55470020 -0.00000000
vn 0.89442718 -0.44721359 0.00000000
vn 0.89442718 -0.44721359 0.00000000
vn 0.89442718 -0.44721359 0.00000000
vn 0.89442718 -0.44721359 0.00000000
vn 0.86824316 -0.49613893 0.00000000
vn 1.00000000 -0.00000000 0.00000000
vn 0.55708599 -0.74278134 -0.37139067
vn 0.27216554 -0.68041384 0.68041384
vn 0.12309149 -0.49236596 -0.86164045
vn 0.48507124 -0.48507124 0.72760689
vn 0.63960212 -0.63960212 -0.42640144
vn 0.55470020 0.00000000 0.83205032
vn 0.12309149 -0.49236596 -0.86164045
vn 0.48507124 -0.48507124 0.72760689
vn 0.80000001 0.00000000 -0.60000002
vn 0.13018891 -0.39056674 0.91132236
vn 0.80000001 0.00000000 -0.60000002
vn 0.16439898 0.00000000 0.98639393
vn 0.80000001 0.00000000 -0.60000002
vn 0.70710677 0.00000000 0.70710677
vn 0.70710677 0.00000000 -0.70710677
vn 0.55470020 0.00000000 0.83205032
vn 0.31622776 0.00000000 -0.94868332
vn 0.55470020 0.00000000 0.83205032
vn 0.00000000 0.00000000 -1.00000000
vn 0.16439898 0.00000000 0.98639393
vn 0.44721359 0.00000000 -0.89442718
vn 0.70710677 0.00000000 0.70710677
vn 0.51449573 0.00000000 -0.85749292
vn 0.19611613 0.00000000 0.98058069
vn 0.31622776 0.94868332 -0.00000000
vn 0.68824720 0.22941573 -0.68824720
vn 0.57735026 0.57735026 0.57735026
vn 0.31622776 0.94868332 0.00000000
vn 0.00000000 1.00000000 -0.00000000
vn 0.00000000 1.00000000 0.00000000
vn 0.83205032 -0.55470020 -0.00000000
vn 0.89442718 -0.44721359 0.00000000
vn 0.89442718 -0.44721359 0.00000000
vn 0.89442718 -0.44721359 0.00000000
vn 0.86824316 -0.49613893 0.00000000
vn 1.00000000 -0.00000000 0.00000000
vn 0.55708599 -0.74278134 -0.37139067
vn 0.27216554 -0.68041384 0.68041384
vn 1.00000000 0.00000000 0.00000000
vn 0.13736056 -0.54944223 -0.82416338
vn 0.42857143 -0.28571430 0.85714287
vn 0.63960212 -0.63960212 -0.42640144
vn 0.57735026 -0.57735026 0.57735026
vn 0.12309149 -0.49236596 -0.86164045
vn 0.48507124 -0.48507124 0.72760689
vn 0.31622776 0.00000000 -0.94868332
vn 0.55470020 0.00000000 0.83205032
vn 0.31622776 0.00000000 -0.94868332
vn 0.16439898 0.00000000 0.98639393
vn 0.00000000 0.00000000 -1.00000000
vn 0.70710677 0.00000000 0.70710677
vn 0.70710677 0.00000000 -0.70710677
vn 0.55470020 0.00000000 0.83205032
vn 0.31622776 0.00000000 -0.94868332
vn 0.62469506 0.00000000 0.78086883
vn 0.60000002 0.00000000 -0.80000001
vn 0.70710677 0.00000000 0.70710677
vn 0.70710677 0.00000000 -0.70710677
vn 0.89442718 0.00000000 0.44721359
vn 0.94868332 0.31622776 0.00000000
vn 0.44721359 0.89442718 -0.00000000
vn 0.85749292 0.51449573 -0.00000000
vn 0.94868332 0.31622776 0.00000000
vn 0.83205032 -0.55470020 -0.00000000
vn 0.89442718 -0.44721359 0.00000000
vn 0.89442718 -0.44721359 0.00000000
vn 0.86824316 -0.49613893 0.00000000
vn 1.00000000 -0.00000000 0.00000000
vn 0.78446454 -0.19611613 -0.58834839
vn 0.27216554 -0.68041384 0.68041384
vn 1.00000000 0.00000000 0.00000000
vn 0.57735026 -0.57735026 -0.57735026
vn 0.42857143 -0.28571430 0.85714287
vn 0.78446454 -0.19611613 -0.58834839
vn 0.80000001 -0.00000000 0.60000002
vn 1.00000000 0.00000000 0.00000000
vn 0.80000001 0.00000000 -0.60000002
vn 0.80000001 0.00000000 0.60000002
vn 1.00000000 0.00000000 0.00000000
vn 0.70710677 0.00000000 -0.70710677
vn 0.70710677 0.00000000 0.70710677
vn 1.00000000 0.00000000 0.00000000
vn 0.31622776 0.00000000 -0.94868332
vn 0.55470020 0.00000000 0.83205032
vn 0.44721359 0.00000000 -0.89442718
vn 0.60000002 0.00000000 0.80000001
vn 0.70710677 0.00000000 -0.70710677
vn 0.89442718 0.00000000 0.44721359
vn 0.97014248 0.24253562 0.00000000
vn 0.70710677 0.00000000 -0.70710677
vn 0.89442718 0.00000000 0.44721359
vn 0.97014248 0.24253562 0.00000000
vn 0.92847669 0.37139067 -0.00000000
vn 0.98994946 0.14142136 0.00000000
vn 0.94868332 0.31622776 0.00000000
vn 1.00000000 -0.00000000 -0.00000000
vn 1.00000000 -0.00000000 0.00000000
vn 1.00000000 -0.00000000 0.00000000
vn 1.00000000 -0.00000000 0.00000000
vn 1.00000000 0.00000000 -0.00000000
vn 0.84799832 -0.52999896 0.00000000
vn 1.00000000 0.00000000 0.00000000
vn 1.00000000 -0.00000000 0.00000000
vn 1.00000000 0.00000000 0.00000000
vn 1.00000000 0.00000000 -0.00000000
vn 0.66666669 -0.33333334 -0.66666669
vn 0.27216554 -0.68041384 0.68041384
vn 1.00000000 0.00000000 0.00000000
vn 1.00000000 0.00000000 0.00000000
vn 1.00000000 0.00000000 -0.00000000
vn 0.80178374 -0.53452247 -0.26726124
vn 0.42857143 -0.28571430 0.85714287
vn 1.00000000 0.00000000 0.00000000
vn 0.68041384 -0.27216554 -0.68041384
vn 0.80000001 0.00000000 0.60000002
vn 1.00000000 0.00000000 0.00000000
vn 0.98058069 0.19611613 -0.00000000
vn 0.83205032 0.00000000 -0.55470020
vn 0.78086883 0.00000000 0.62469506
vn 1.00000000 0.00000000 0.00000000
vn 0.78086883 0.00000000 -0.62469506
vn 0.91914505 0.00000000 0.39391929
vn 0.97014248 0.24253562 0.00000000
vn 1.00000000 0.00000000 0.00000000
vn 0.98058069 0.19611613 -0.00000000
vn 1.00000000 0.00000000 -0.00000000
vn 0.97014248 0.24253562 0.00000000
vn 1.00000000 0.00000000 0.00000000
vn 1.00000000 0.00000000 -0.00000000
vn 1.00000000 0.00000000 0.00000000
vn 1.00000000 0.00000000 0.00000000
vn 1.00000000 -0.00000000 -0.00000000
vn 1.00000000 0.00000000 0.00000000
vn 1.00000000 0.00000000 -0.00000000
vn 1.00000000 -0.00000000 0.00000000
vn 1.00000000 0.00000000 0.00000000
vn 1.00000000 0.00000000 -0.00000000
vn 1.00000000 0.00000000 0.00000000
vn 1.00000000 0.00000000 0.00000000
f 3//3 2//2 1//1
f 5//5 4//4 1//1
f 1//1 4//4 3//3
f 7//7 6//6 5//5
f 5//5 6//6 4//4
f 9//9 8//8 7//7
f 7//7 8//8 6//6
f 11//11 10//10 9//9
f 9//9 10//10 8//8
f 11//11 12//12 10//10
f 2//2 14//14 13//13
f 13//13 1//1 2//2
f 13//13 15//15 1//1
f 1//1 16//16 5//5
f 1//1 15//15 16//16
f 5//5 17//17 7//7
f 5//5 16//16 17//17
f 7//7 18//18 9//9
f 7//7 17//17 18//18
f 9//9 19//19 11//11
f 9//9 18//18 19//19
f 11//11 20//20 12//12
f 11//11 19//19 20//20
f 20//20 21//21 12//12
f 13//13 14//14 22//22
f 22//22 14//14 23//23
f 13//13 24//24 15//15
f 13//13 22//22 24//24
f 15//15 25//25 16//16
f 15//15 24//24 25//25
f 16//16 26//26 17//17
f 16//16 25//25 26//26
f 17//17 27//27 18//18
f 17//17 26//26 27//27
f 18//18 28//28 19//19
f 18//18 27//27 28//28
f 19//19 29//29 20//20
f 19//19 28//28 29//29
f 21//21 20//20 30//30
f 30//30 20//20 29//29
f 22//22 23//23 31//31
f 31//31 23//23 32//32
f 22//22 33//33 24//24
f 22//22 31//31 33//33
f 24//24 34//34 25//25
f 24//24 33//33 34//34
f 25//25 35//35 26//26
f 25//25 34//34 35//35
f 26//26 36//36 27//27
f 26//26 35//35 36//36
f 27//27 37//37 28//28
f 27//27 36//36 37//37
f 28//28 38//38 29//29
f 28//28 37//37 38//38
f 29//29 39//39 30//30
f 29//29 38//38 39//39
f 39//39 40//40 30//30
f 31//31 32//32 41//41
f 41//41 32//32 42//42
f 31//31 43//43 33//33
f 31//31 41//41 43//43
f 33//33 44//44 34//34
f 33//33 43//43 44//44
f 34//34 45//45 35//35
f 34//34 44//44 45//45
f 35//35 46//46 36//36
f 35//35 45//45 46//46
f 36//36 47//47 37//37
f 36//36 46//46 47//47
f 37//37 48//48 38//38
f 37//37 47//47 48//48
f 38//38 49//49 39//39
f 38//38 48//48 49//49
f 40//40 39//39 50//50
f 50//50 39//39 49//49
f 41//41 42//42 51//51
f 51//51 42//42 52//52
f 41//41 53//53 43//43
f 41//41 51//51 53//53
f 43//43 54//54 44//44
f 43//43 53//53 54//54
f 44//44 55//55 45//45
f 44//44 54//54 55//55
f 45//45 56//56 46//46
f 45//45 55//55 56//56
f 46//46 57//57 47//47
f 46//46 56//56 57//57
f 47//47 58//58 48//48
f 47//47 57//57 58//58
f 48//48 59//59 49//49
f 48//48 58//58 59//59
f 50//50 49//49 60//60
f 60//60 49//49 59//59
f 51//51 52//52 61//61
f 61//61 52//52 62//62
f 51//51 63//63 53//53
f 51//51 61//61 63//63
f 53//53 64//64 54//54
f 53//53 63//63 64//64
f 54//54 65//65 55//55
f 54//54 64//64 65//65
f 55//55 66//66 56//56
f 55//55 65//65 66//66
f 56//56 67//67 57//57
f 56//56 66//66 67//67
f 57//57 68//68 58//58
f 57//57 67//67 68//68
f 58//58 69//69 59//59
f 58//58 68//68 69//69
f 60//60 59//59 70//70
f 70//70 59//59 69//69
f 62//62 71//71 61//61
f 72//72 61//61 71//71
f 72//72 63//63 61//61
f 63//63 73//73 64//64
f 63//63 72//72 73//73
f 64//64 74//74 65//65
f 64//64 73//73 74//74
f 65//65 75//75 66//66
f 65//65 74//74 75//75
f 66//66 76//76 67//67
f 66//66 75//75 76//76
f 67//67 77//77 68//68
f 67//67 76//76 77//77
f 68//68 78//78 69//69
f 68//68 77//77 78//78
f 70//70 69//69 79//79
f 79//79 69//69 78//78
f 71//71 80//80 72//72
f 81//81 72//72 80//80
f 81//81 73//73 72//72
f 73//73 82//82 74//74
f 73//73 81//81 82//82
f 74//74 83//83 75//75
f 74//74 82//82 83//83
f 75//75 84//84 76//76
f 75//75 83//83 84//84
f 76//76 85//85 77//77
f 76//76 84//84 85//85
f 77//77 86//86 78//78
f 77//77 85//85 86//86
f 79//79 78//78 87//87
f 87//87 78//78 86//86
f 81//81 80//80 88//88
f 88//88 80//80 89//89
f 81//81 90//90 82//82
f 81//81 88//88 90//90
f 82//82 91//91 83//83
f 82//82 90//90 91//91
f 83//83 92//92 84//84
f 83//83 91//91 92//92
f 84//84 93//93 85//85
f 84//84 92//92 93//93
f 85//85 94//94 86//86
f 85//85 93//93 94//94
f 87//87 86//86 95//95
f 95//95 86//86 94//94
f 89//89 96//96 88//88
f 97//97 88//88 96//96
f 97//97 90//90 88//88
f 90//90 98//98 91//91
f 90//90 97//97 98//98
f 91//91 99//99 92//92
f 91//91 98//98 99//99
f 92//92 100//100 93//93
f 92//92 99//99 100//100
f 93//93 101//101 94//94
f 93//93 100//100 101//101
f 95//95 94//94 102//102
f 102//102 94//94 101//101
f 96//96 103//103 97//97
f 104//104 97//97 103//103
f 104//104 98//98 97//97
f 98//98 105//105 99//99
f 98//98 104//104 105//105
f 99//99 106//106 100//100
f 99//99 105//105 106//106
f 101//101 106//106 107//107
f 101//101 100//100 106//106
f 101//101 107//107 102//102
f 103//103 108//108 104//104
f 109//109 104//104 108//108
f 109//109 105//105 104//104
f 106//106 109//109 110//110
f 106//106 105//105 109//109
f 106//106 110//110 107//107
f 108//108 111//111 109//109
f 109//109 111//111 110//110
f 114//114 113//113 112//112
f 116//116 115//115 112//112
f 112//112 115//115 114//114
f 118//118 117//117 116//116
f 116//116 117//117 115//115
f 120//120 119//119 118//118
f 118//118 119//119 117//117
f 122//122 121//121 120//120
f 120//120 121//121 119//119
f 124//124 123//123 122//122
f 122//122 123//123 121//121
f 124//124 125//125 123//123
f 113//113 127//127 126//126
f 126//126 112//112 113//113
f 126//126 128//128 112//112
f 112//112 3//3 116//116
f 112//112 128//128 3//3
f 116//116 4//4 118//118
f 116//116 3//3 4//4
f 118//118 6//6 120//120
f 118//118 4//4 6//6
f 120//120 8//8 122//122
f 120//120 6//6 8//8
f 122//122 10//10 124//124
f 122//122 8//8 10//10
f 124//124 129//129 125//125
f 124//124 10//10 129//129
f 131//131 130//130 129//129
f 129//129 130//130 125//125
f 131//131 132//132 130//130
f 126//126 127//127 133//133
f 133//133 127//127 134//134
f 126//126 2//2 128//128
f 126//126 133//133 2//2
f 128//128 2//2 3//3
f 129//129 10//10 12//12
f 129//129 135//135 131//131
f 129//129 12//12 135//135
f 132//132 131//131 136//136
f 136//136 131//131 135//135
f 134//134 138//138 137//137
f 137//137 133//133 134//134
f 137//137 14//14 133//133
f 133//133 14//14 2//2
f 135//135 12//12 21//21
f 135//135 139//139 136//136
f 135//135 21//21 139//139
f 139//139 140//140 136//136
f 137//137 138//138 141//141
f 141//141 138//138 142//142
f 137//137 23//23 14//14
f 137//137 141//141 23//23
f 21//21 143//143 139//139
f 21//21 30//30 143//143
f 139//139 144//144 140//140
f 139//139 143//143 144//144
f 144//144 145//145 140//140
f 141//141 142//142 146//146
f 146//146 142//142 147//147
f 141//141 32//32 23//23
f 141//141 146//146 32//32
f 143//143 30//30 40//40
f 143//143 148//148 144//144
f 143//143 40//40 148//148
f 145//145 144//144 149//149
f 149//149 144//144 148//148
f 146//146 147//147 150//150
f 150//150 147//147 151//151
f 146//146 42//42 32//32
f 146//146 150//150 42//42
f 40//40 152//152 148//148
f 40//40 50//50 152//152
f 149//149 148//148 153//153
f 153//153 148//148 152//152
f 150//150 151//151 154//154
f 154//154 151//151 155//155
f 150//150 52//52 42//42
f 150//150 154//154 52//52
f 50//50 156//156 152//152
f 50//50 60//60 156//156
f 153//153 152//152 157//157
f 157//157 152//152 156//156
f 155//155 158//158 154//154
f 62//62 154//154 158//158
f 62//62 52//52 154//154
f 60//60 159//159 156//156
f 60//60 70//70 159//159
f 157//157 156//156 160//160
f 160//160 156//156 159//159
f 62//62 158//158 161//161
f 161//161 158//158 162//162
f 161//161 71//71 62//62
f 70//70 163//163 159//159
f 70//70 79//79 163//163
f 159//159 164//164 160//160
f 159//159 163//163 164//164
f 164//164 165//165 160//160
f 162//162 166//166 161//161
f 167//167 161//161 166//166
f 167//167 71//71 161//161
f 167//167 80//80 71//71
f 79//79 168//168 163//163
f 79//79 87//87 168//168
f 164//164 168//168 169//169
f 164//164 163//163 168//168
f 164//164 169//169 165//165
f 167//167 166//166 170//170
f 170//170 166//166 171//171
f 167//167 89//89 80//80
f 167//167 170//170 89//89
f 87//87 172//172 168//168
f 87//87 95//95 172//172
f 169//169 168//168 173//173
f 173//173 168//168 172//172
f 171//171 174//174 170//170
f 175//175 170//170 174//174
f 175//175 89//89 170//170
f 175//175 96//96 89//89
f 95//95 176//176 172//172
f 95//95 102//102 176//176
f 173//173 172//172 177//177
f 177//177 172//172 176//176
f 175//175 174//174 178//178
f 178//178 174//174 179//179
f 175//175 180//180 96//96
f 175//175 178//178 180//180
f 180//180 103//103 96//96
f 181//181 102//102 107//107
f 102//102 182//182 176//176
f 102//102 181//181 182//182
f 177//177 176//176 183//183
f 183//183 176//176 182//182
f 179//179 184//184 178//178
f 185//185 178//178 184//184
f 185//185 180//180 178//178
f 180//180 186//186 103//103
f 180//180 185//185 186//186
f 186//186 108//108 103//103
f 187//187 107//107 110//110
f 107//107 188//188 181//181
f 107//107 187//187 188//188
f 182//182 188//188 189//189
f 182//182 181//181 188//188
f 182//182 189//189 183//183
f 185//185 184//184 190//190
f 190//190 184//184 191//191
f 185//185 192//192 186//186
f 185//185 190//190 192//192
f 186//186 193//193 108//108
f 186//186 192//192 193//193
f 193//193 111//111 108//108
f 194//194 110//110 111//111
f 110//110 195//195 187//187
f 110//110 194//194 195//195
f 187//187 196//196 188//188
f 187//187 195//195 196//196
f 189//189 188//188 197//197
f 197//197 188//188 196//196
f 191//191 198//198 190//190
f 199//199 190//190 198//198
f 199//199 192//192 190//190
f 192//192 200//200 193//193
f 192//192 199//199 200//200
f 193//193 201//201 111//111
f 193//193 200//200 201//201
f 111//111 202//202 194//194
f 111//111 201//201 202//202
f 194//194 203//203 195//195
f 194//194 202//202 203//203
f 196//196 203//203 204//204
f 196//196 195//195 203//203
f 196//196 204//204 197//197
f 198//198 205//205 199//199
f 199//199 205//205 200//200
f 200//200 205//205 206//206
f 200//200 206//206 201//201
f 201//201 206//206 207//207
f 201//201 207//207 202//202
f 202//202 207//207 208//208
f 202//202 208//208 203//203
f 203//203 208//208 209//209
f 203//203 209//209 204//204
f 212//212 211//211 210//210
f 214//214 213//213 210//210
f 210//210 213//213 212//212
f 216//216 215//215 214//214
f 214//214 215//215 213//213
f 218//218 217//217 216//216
f 216//216 217//217 215//215
f 220//220 219//219 218//218
f 218//218 219//219 217//217
f 222//222 221//221 220//220
f 220//220 221//221 219//219
f 222//222 223//223 221//221
f 211//211 225//225 224//224
f 224//224 210//210 211//211
f 224//224 114//114 210//210
f 210//210 115//115 214//214
f 210//210 114//114 115//115
f 214//214 117//117 216//216
f 214//214 115//115 117//117
f 216//216 119//119 218//218
f 216//216 117//117 119//119
f 218//218 121//121 220//220
f 218//218 119//119 121//121
f 220//220 123//123 222//222
f 220//220 121//121 123//123
f 222//222 226//226 223//223
f 222//222 123//123 226//226
f 228//228 227//227 226//226
f 226//226 227//227 223//223
f 228//228 229//229 227//227
f 225//225 231//231 230//230
f 230//230 224//224 225//225
f 230//230 113//113 224//224
f 224//224 113//113 114//114
f 226//226 123//123 125//125
f 226//226 130//130 228//228
f 226//226 125//125 130//130
f 228//228 232//232 229//229
f 228//228 130//130 232//232
f 232//232 233//233 229//229
f 231//231 235//235 234//234
f 234//234 230//230 231//231
f 234//234 127//127 230//230
f 230//230 127//127 113//113
f 232//232 130//130 132//132
f 232//232 236//236 233//233
f 232//232 132//132 236//236
f 236//236 237//237 233//233
f 234//234 235//235 238//238
f 238//238 235//235 239//239
f 234//234 134//134 127//127
f 234//234 238//238 134//134
f 132//132 240//240 236//236
f 132//132 136//136 240//240
f 237//237 236//236 241//241
f 241//241 236//236 240//240
f 238//238 239//239 138//138
f 138//138 239//239 242//242
f 238//238 138//138 134//134
f 240//240 136//136 140//140
f 240//240 243//243 241//241
f 240//240 140//140 243//243
f 243//243 244//244 241//241
f 138//138 242//242 142//142
f 142//142 242//242 245//245
f 243//243 140//140 145//145
f 244//244 243//243 246//246
f 246//246 243//243 145//145
f 142//142 245//245 147//147
f 147//147 245//245 247//247
f 246//246 145//145 248//248
f 248//248 145//145 149//149
f 147//147 247//247 151//151
f 151//151 247//247 249//249
f 149//149 250//250 248//248
f 149//149 153//153 250//250
f 250//250 251//251 248//248
f 151//151 249//249 155//155
f 155//155 249//249 252//252
f 153//153 253//253 250//250
f 153//153 157//157 253//253
f 251//251 250//250 254//254
f 254//254 250//250 253//253
f 155//155 252//252 255//255
f 255//255 252//252 256//256
f 255//255 158//158 155//155
f 157//157 257//257 253//253
f 157//157 160//160 257//257
f 254//254 253//253 258//258
f 258//258 253//253 257//257
f 256//256 259//259 255//255
f 162//162 255//255 259//259
f 162//162 158//158 255//255
f 257//257 160//160 165//165
f 258//258 257//257 260//260
f 260//260 257//257 165//165
f 162//162 259//259 261//261
f 261//261 259//259 262//262
f 261//261 166//166 162//162
f 263//263 165//165 169//169
f 260//260 165//165 264//264
f 264//264 165//165 263//263
f 262//262 265//265 261//261
f 171//171 261//261 265//265
f 171//171 166//166 261//261
f 169//169 266//266 263//263
f 169//169 173//173 266//266
f 264//264 263//263 267//267
f 267//267 263//263 266//266
f 171//171 265//265 268//268
f 268//268 265//265 269//269
f 268//268 174//174 171//171
f 173//173 270//270 266//266
f 173//173 177//177 270//270
f 267//267 266//266 271//271
f 271//271 266//266 270//270
f 269//269 272//272 268//268
f 179//179 268//268 272//272
f 179//179 174//174 268//268
f 270//270 183//183 273//273
f 270//270 177//177 183//183
f 270//270 273//273 271//271
f 179//179 272//272 274//274
f 274//274 272//272 275//275
f 274//274 184//184 179//179
f 276//276 183//183 189//189
f 273//273 183//183 277//277
f 277//277 183//183 276//276
f 275//275 278//278 274//274
f 191//191 274//274 278//278
f 191//191 184//184 274//274
f 189//189 279//279 276//276
f 189//189 197//197 279//279
f 277//277 276//276 280//280
f 280//280 276//276 279//279
f 191//191 278//278 281//281
f 281//281 278//278 282//282
f 281//281 198//198 191//191
f 283//283 197//197 204//204
f 279//279 283//283 284//284
f 279//279 197//197 283//283
f 279//279 284//284 280//280
f 282//282 285//285 281//281
f 286//286 281//281 285//285
f 286//286 198//198 281//281
f 286//286 205//205 198//198
f 287//287 204//204 209//209
f 283//283 287//287 288//288
f 283//283 204//204 287//287
f 283//283 288//288 284//284
f 285//285 289//289 286//286
f 290//290 286//286 289//289
f 290//290 205//205 286//286
f 205//205 291//291 206//206
f 205//205 290//290 291//291
f 206//206 292//292 207//207
f 206//206 291//291 292//292
f 207//207 293//293 208//208
f 207//207 292//292 293//293
f 208//208 294//294 209//209
f 208//208 293//293 294//294
f 287//287 294//294 295//295
f 287//287 209//209 294//294
f 287//287 295//295 288//288
f 289//289 296//296 290//290
f 290//290 296//296 291//291
f 291//291 296//296 297//297
f 291//291 297//297 292//292
f 292//292 297//297 298//298
f 292//292 298//298 293//293
f 293//293 298//298 299//299
f 293//293 299//299 294//294
f 294//294 299//299 300//300
f 294//294 300//300 295//295
f 303//303 302//302 301//301
f 305//305 304//304 301//301
f 301//301 304//304 303//303
f 307//307 306//306 305//305
f 305//305 306//306 304//304
f 309//309 308//308 307//307
f 307//307 308//308 306//306
f 309//309 310//310 308//308
f 302//302 312//312 311//311
f 311//311 301//301 302//302
f 311//311 212//212 301//301
f 301//301 213//213 305//305
f 301//301 212//212 213//213
f 305//305 215//215 307//307
f 305//305 213//213 215//215
f 307//307 217//217 309//309
f 307//307 215//215 217//217
f 309//309 219//219 310//310
f 309//309 217//217 219//219
f 221//221 313//313 219//219
f 219//219 313//313 310//310
f 315//315 314//314 221//221
f 221//221 314//314 313//313
f 315//315 316//316 314//314
f 312//312 318//318 317//317
f 317//317 311//311 312//312
f 317//317 211//211 311//311
f 311//311 211//211 212//212
f 315//315 221//221 223//223
f 315//315 227//227 316//316
f 315//315 223//223 227//227
f 227//227 319//319 316//316
f 318//318 321//321 320//320
f 320//320 317//317 318//318
f 320//320 225//225 317//317
f 317//317 225//225 211//211
f 229//229 319//319 227//227
f 323//323 322//322 229//229
f 229//229 322//322 319//319
f 323//323 324//324 322//322
f 320//320 321//321 231//231
f 231//231 321//321 325//325
f 320//320 231//231 225//225
f 323//323 229//229 233//233
f 324//324 323//323 326//326
f 326//326 323//323 233//233
f 325//325 327//327 235//235
f 325//325 235//235 231//231
f 237//237 326//326 233//233
f 237//237 328//328 326//326
f 235//235 327//327 239//239
f 239//239 327//327 329//329
f 237//237 330//330 328//328
f 237//237 241//241 330//330
f 330//330 331//331 328//328
f 239//239 329//329 242//242
f 242//242 329//329 332//332
f 330//330 241//241 244//244
f 331//331 330//330 333//333
f 333//333 330//330 244//244
f 242//242 332//332 245//245
f 245//245 332//332 334//334
f 333//333 244//244 335//335
f 335//335 244//244 246//246
f 245//245 334//334 247//247
f 247//247 334//334 336//336
f 246//246 337//337 335//335
f 246//246 248//248 337//337
f 337//337 338//338 335//335
f 247//247 336//336 249//249
f 249//249 336//336 339//339
f 337//337 248//248 251//251
f 338//338 337//337 340//340
f 340//340 337//337 251//251
f 249//249 339//339 252//252
f 252//252 339//339 341//341
f 340//340 251//251 342//342
f 342//342 251//251 254//254
f 252//252 341//341 256//256
f 256//256 341//341 343//343
f 342//342 254//254 344//344
f 344//344 254//254 258//258
f 343//343 345//345 256//256
f 256//256 345//345 259//259
f 344//344 258//258 346//346
f 346//346 258//258 260//260
f 259//259 345//345 262//262
f 262//262 345//345 347//347
f 346//346 260//260 348//348
f 348//348 260//260 264//264
f 347//347 349//349 262//262
f 262//262 349//349 265//265
f 348//348 264//264 350//350
f 350//350 264//264 267//267
f 265//265 349//349 269//269
f 269//269 349//349 351//351
f 350//350 267//267 352//352
f 352//352 267//267 271//271
f 351//351 353//353 269//269
f 269//269 353//353 272//272
f 273//273 354//354 271//271
f 271//271 354//354 352//352
f 272//272 353//353 275//275
f 275//275 353//353 355//355
f 354//354 273//273 356//356
f 356//356 273//273 277//277
f 355//355 357//357 275//275
f 275//275 357//357 278//278
f 356//356 277//277 358//358
f 358//358 277//277 280//280
f 278//278 357//357 282//282
f 282//282 357//357 359//359
f 360//360 280//280 284//284
f 358//358 280//280 361//361
f 361//361 280//280 360//360
f 359//359 362//362 282//282
f 282//282 362//362 285//285
f 363//363 284//284 288//288
f 360//360 363//363 364//364
f 360//360 284//284 363//363
f 360//360 364//364 361//361
f 285//285 362//362 365//365
f 365//365 362//362 366//366
f 365//365 289//289 285//285
f 367//367 288//288 295//295
f 363//363 367//367 368//368
f 363//363 288//288 367//367
f 363//363 368//368 364//364
f 366//366 369//369 365//365
f 370//370 365//365 369//369
f 370//370 289//289 365//365
f 370//370 296//296 289//289
f 371//371 295//295 300//300
f 367//367 371//371 372//372
f 367//367 295//295 371//371
f 367//367 372//372 368//368
f 369//369 373//373 370//370
f 370//370 373//373 296//296
f 296//296 373//373 374//374
f 375//375 296//296 374//374
f 375//375 297//297 296//296
f 297//297 376//376 298//298
f 297//297 375//375 376//376
f 298//298 377//377 299//299
f 298//298 376//376 377//377
f 300//300 377//377 378//378
f 300//300 299//299 377//377
f 300//300 378//378 371//371
f 371//371 378//378 379//379
f 371//371 379//379 372//372
f 374//374 380//380 375//375
f 375//375 380//380 376//376
f 376//376 380//380 381//381
f 376//376 381//381 377//377
f 377//377 381//381 382//382
f 377//377 382//382 378//378
f 385//385 384//384 383//383
f 303//303 386//386 383//383
f 383//383 386//386 385//385
f 304//304 387//387 303//303
f 303//303 387//387 386//386
f 306//306 388//388 304//304
f 304//304 388//388 387//387
f 308//308 389//389 306//306
f 306//306 389//389 388//388
f 391//391 390//390 308//308
f 308//308 390//390 389//389
f 391//391 392//392 390//390
f 384//384 394//394 393//393
f 393//393 383//383 384//384
f 393//393 302//302 383//383
f 383//383 302//302 303//303
f 391//391 308//308 310//310
f 391//391 313//313 392//392
f 391//391 310//310 313//313
f 314//314 395//395 313//313
f 313//313 395//395 392//392
f 314//314 396//396 395//395
f 394//394 398//398 397//397
f 397//397 393//393 394//394
f 397//397 312//312 393//393
f 393//393 312//312 302//302
f 316//316 396//396 314//314
f 400//400 399//399 316//316
f 316//316 399//399 396//396
f 400//400 401//401 399//399
f 397//397 398//398 318//318
f 318//318 398//398 402//402
f 397//397 318//318 312//312
f 400//400 316//316 319//319
f 400//400 322//322 401//401
f 400//400 319//319 322//322
f 322//322 403//403 401//401
f 402//402 404//404 321//321
f 402//402 321//321 318//318
f 324//324 403//403 322//322
f 324//324 405//405 403//403
f 321//321 404//404 325//325
f 325//325 404//404 406//406
f 324//324 407//407 405//405
f 324//324 326//326 407//407
f 407//407 408//408 405//405
f 406//406 327//327 325//325
f 406//406 409//409 327//327
f 407//407 326//326 328//328
f 408//408 407//407 410//410
f 410//410 407//407 328//328
f 409//409 411//411 329//329
f 327//327 409//409 329//329
f 331//331 410//410 328//328
f 331//331 412//412 410//410
f 329//329 411//411 332//332
f 332//332 411//411 413//413
f 331//331 333//333 412//412
f 333//333 414//414 412//412
f 332//332 413//413 334//334
f 334//334 413//413 415//415
f 414//414 333//333 416//416
f 416//416 333//333 335//335
f 334//334 415//415 336//336
f 336//336 415//415 417//417
f 338//338 416//416 335//335
f 338//338 418//418 416//416
f 336//336 417//417 339//339
f 339//339 417//417 419//419
f 340//340 418//418 338//338
f 340//340 420//420 418//418
f 339//339 419//419 341//341
f 341//341 419//419 421//421
f 342//342 420//420 340//340
f 342//342 422//422 420//420
f 421//421 423//423 341//341
f 343//343 341//341 423//423
f 342//342 344//344 422//422
f 344//344 424//424 422//422
f 343//343 425//425 345//345
f 343//343 423//423 425//425
f 424//424 344//344 426//426
f 426//426 344//344 346//346
f 425//425 427//427 345//345
f 347//347 345//345 427//427
f 348//348 428//428 346//346
f 346//346 428//428 426//426
f 347//347 429//429 349//349
f 347//347 427//427 429//429
f 350//350 428//428 348//348
f 350//350 430//430 428//428
f 429//429 431//431 349//349
f 351//351 349//349 431//431
f 352//352 430//430 350//350
f 352//352 432//432 430//430
f 351//351 433//433 353//353
f 351//351 431//431 433//433
f 434//434 352//352 354//354
f 434//434 432//432 352//352
f 433//433 435//435 353//353
f 355//355 353//353 435//435
f 434//434 354//354 436//436
f 436//436 354//354 356//356
f 355//355 437//437 357//357
f 355//355 435//435 437//437
f 436//436 356//356 438//438
f 438//438 356//356 358//358
f 437//437 439//439 357//357
f 359//359 357//357 439//439
f 361//361 440//440 358//358
f 358//358 440//440 438//438
f 359//359 441//441 362//362
f 359//359 439//439 441//441
f 442//442 361//361 364//364
f 442//442 440//440 361//361
f 362//362 441//441 366//366
f 366//366 441//441 443//443
f 444//444 364//364 368//368
f 442//442 364//364 445//445
f 445//445 364//364 444//444
f 443//443 446//446 366//366
f 366//366 446//446 369//369
f 447//447 368//368 372//372
f 444//444 447//447 448//448
f 444//444 368//368 447//447
f 444//444 448//448 445//445
f 369//369 446//446 449//449
f 449//449 446//446 450//450
f 449//449 373//373 369//369
f 451//451 372//372 379//379
f 447//447 451//451 452//452
f 447//447 372//372 451//451
f 447//447 452//452 448//448
f 450//450 453//453 449//449
f 454//454 449//449 453//453
f 454//454 373//373 449//449
f 373//373 455//455 374//374
f 373//373 454//454 455//455
f 455//455 380//380 374//374
f 456//456 378//378 382//382
f 379//379 456//456 457//457
f 379//379 378//378 456//456
f 379//379 457//457 451//451
f 451//451 457//457 458//458
f 451//451 458//458 452//452
f 453//453 459//459 454//454
f 454//454 459//459 455//455
f 455//455 459//459 460//460
f 455//455 460//460 380//380
f 380//380 460//460 461//461
f 380//380 461//461 381//381
f 381//381 461//461 462//462
f 381//381 462//462 382//382
f 382//382 462//462 463//463
f 382//382 463//463 456//456
f 456//456 463//463 464//464
f 456//456 464//464 457//457
f 467//467 466//466 465//465
f 385//385 468//468 465//465
f 465//465 468//468 467//467
f 386//386 469//469 385//385
f 385//385 469//469 468//468
f 387//387 470//470 386//386
f 386//386 470//470 469//469
f 388//388 471//471 387//387
f 387//387 471//471 470//470
f 389//389 472//472 388//388
f 388//388 472//472 471//471
f 390//390 473//473 389//389
f 389//389 473//473 472//472
f 475//475 474//474 390//390
f 390//390 474//474 473//473
f 475//475 476//476 474//474
f 466//466 478//478 477//477
f 477//477 465//465 466//466
f 477//477 384//384 465//465
f 465//465 384//384 385//385
f 475//475 390//390 392//392
f 475//475 395//395 476//476
f 475//475 392//392 395//395
f 480//480 479//479 395//395
f 395//395 479//479 476//476
f 480//480 481//481 479//479
f 477//477 478//478 394//394
f 394//394 478//478 482//482
f 477//477 394//394 384//384
f 480//480 395//395 396//396
f 480//480 399//399 481//481
f 480//480 396//396 399//399
f 399//399 483//483 481//481
f 482//482 484//484 398//398
f 482//482 398//398 394//394
f 401//401 483//483 399//399
f 401//401 485//485 483//483
f 398//398 484//484 402//402
f 402//402 484//484 486//486
f 403//403 485//485 401//401
f 403//403 487//487 485//485
f 486//486 488//488 404//404
f 486//486 404//404 402//402
f 405//405 487//487 403//403
f 405//405 489//489 487//487
f 404//404 488//488 406//406
f 406//406 488//488 490//490
f 408//408 489//489 405//405
f 408//408 491//491 489//489
f 406//406 490//490 409//409
f 409//409 490//490 492//492
f 408//408 410//410 491//491
f 410//410 493//493 491//491
f 492//492 411//411 409//409
f 492//492 494//494 411//411
f 493//493 410//410 495//495
f 495//495 410//410 412//412
f 494//494 413//413 411//411
f 496//496 413//413 494//494
f 414//414 495//495 412//412
f 414//414 497//497 495//495
f 496//496 415//415 413//413
f 498//498 415//415 496//496
f 414//414 416//416 497//497
f 416//416 499//499 497//497
f 498//498 417//417 415//415
f 500//500 417//417 498//498
f 499//499 416//416 501//501
f 501//501 416//416 418//418
f 500//500 419//419 417//417
f 502//502 419//419 500//500
f 501//501 418//418 503//503
f 503//503 418//418 420//420
f 502//502 421//421 419//419
f 504//504 421//421 502//502
f 503//503 420//420 505//505
f 505//505 420//420 422//422
f 421//421 506//506 423//423
f 421//421 504//504 506//506
f 424//424 505//505 422//422
f 424//424 507//507 505//505
f 506//506 508//508 423//423
f 425//425 423//423 508//508
f 426//426 507//507 424//424
f 426//426 509//509 507//507
f 425//425 510//510 427//427
f 425//425 508//508 510//510
f 511//511 426//426 428//428
f 511//511 509//509 426//426
f 510//510 512//512 427//427
f 429//429 427//427 512//512
f 511//511 428//428 513//513
f 513//513 428//428 430//430
f 429//429 514//514 431//431
f 429//429 512//512 514//514
f 513//513 430//430 515//515
f 515//515 430//430 432//432
f 514//514 516//516 431//431
f 433//433 431//431 516//516
f 515//515 432//432 517//517
f 517//517 432//432 434//434
f 433//433 518//518 435//435
f 433//433 516//516 518//518
f 517//517 434//434 519//519
f 519//519 434//434 436//436
f 518//518 520//520 435//435
f 437//437 435//435 520//520
f 438//438 521//521 436//436
f 436//436 521//521 519//519
f 437//437 522//522 439//439
f 437//437 520//520 522//522
f 523//523 438//438 440//440
f 523//523 521//521 438//438
f 439//439 522//522 441//441
f 441//441 522//522 524//524
f 523//523 440//440 525//525
f 525//525 440//440 442//442
f 524//524 526//526 441//441
f 443//443 441//441 526//526
f 445//445 527//527 442//442
f 442//442 527//527 525//525
f 443//443 528//528 446//446
f 443//443 526//526 528//528
f 529//529 445//445 448//448
f 529//529 527//527 445//445
f 446//446 528//528 450//450
f 450//450 528//528 530//530
f 452//452 531//531 448//448
f 448//448 531//531 529//529
f 530//530 532//532 450//450
f 450//450 532//532 453//453
f 458//458 533//533 452//452
f 452//452 533//533 531//531
f 532//532 534//534 453//453
f 453//453 534//534 459//459
f 535//535 457//457 464//464
f 458//458 535//535 536//536
f 458//458 457//457 535//535
f 458//458 536//536 533//533
f 534//534 537//537 459//459
f 459//459 537//537 460//460
f 460//460 537//537 538//538
f 460//460 538//538 461//461
f 461//461 538//538 539//539
f 461//461 539//539 462//462
f 462//462 539//539 540//540
f 462//462 540//540 463//463
f 463//463 540//540 541//541
f 463//463 541//541 464//464
f 464//464 541//541 542//542
f 464//464 542//542 535//535
f 535//535 542//542 543//543
f 535//535 543//543 536//536
f 546//546 545//545 544//544
f 544//544 547//547 546//546
f 549//549 548//548 467//467
f 468//468 550//550 467//467
f 467//467 550//550 549//549
f 469//469 545//545 468//468
f 468//468 545//545 550//550
f 469//469 544//544 545//545
f 469//469 470//470 544//544
f 544//544 471//471 547//547
f 544//544 470//470 471//471
f 472//472 551//551 471//471
f 471//471 551//551 547//547
f 473//473 552//552 472//472
f 472//472 552//552 551//551
f 474//474 553//553 473//473
f 473//473 553//553 552//552
f 474//474 554//554 553//553
f 548//548 555//555 466//466
f 548//548 466//466 467//467
f 476//476 554//554 474//474
f 479//479 556//556 476//476
f 476//476 556//556 554//554
f 479//479 557//557 556//556
f 555//555 558//558 478//478
f 555//555 478//478 466//466
f 481//481 557//557 479//479
f 481//481 559//559 557//557
f 478//478 558//558 482//482
f 482//482 558//558 560//560
f 483//483 559//559 481//481
f 483//483 561//561 559//559
f 560//560 562//562 484//484
f 560//560 484//484 482//482
f 485//485 561//561 483//483
f 485//485 563//563 561//561
f 484//484 562//562 486//486
f 486//486 562//562 564//564
f 487//487 563//563 485//485
f 487//487 565//565 563//563
f 564//564 488//488 486//486
f 564//564 566//566 488//488
f 489//489 565//565 487//487
f 489//489 567//567 565//565
f 566//566 490//490 488//488
f 568//568 490//490 566//566
f 489//489 491//491 567//567
f 491//491 569//569 567//567
f 568//568 492//492 490//490
f 570//570 492//492 568//568
f 493//493 569//569 491//491
f 493//493 571//571 569//569
f 570//570 572//572 494//494
f 492//492 570//570 494//494
f 493//493 495//495 571//571
f 495//495 573//573 571//571
f 494//494 572//572 496//496
f 496//496 572//572 574//574
f 573//573 495//495 575//575
f 575//575 495//495 497//497
f 496//496 574//574 498//498
f 498//498 574//574 576//576
f 499//499 575//575 497//497
f 499//499 577//577 575//575
f 498//498 576//576 500//500
f 500//500 576//576 578//578
f 501//501 577//577 499//499
f 501//501 579//579 577//577
f 500//500 578//578 502//502
f 502//502 578//578 580//580
f 503//503 579//579 501//501
f 503//503 581//581 579//579
f 502//502 580//580 504//504
f 504//504 580//580 582//582
f 505//505 581//581 503//503
f 505//505 583//583 581//581
f 582//582 584//584 504//504
f 506//506 504//504 584//584
f 507//507 583//583 505//505
f 507//507 585//585 583//583
f 506//506 586//586 508//508
f 506//506 584//584 586//586
f 509//509 585//585 507//507
f 509//509 587//587 585//585
f 586//586 588//588 508//508
f 510//510 508//508 588//588
f 511//511 587//587 509//509
f 511//511 589//589 587//587
f 510//510 590//590 512//512
f 510//510 588//588 590//590
f 513//513 589//589 511//511
f 513//513 591//591 589//589
f 590//590 592//592 512//512
f 514//514 512//512 592//592
f 515//515 591//591 513//513
f 515//515 593//593 591//591
f 514//514 594//594 516//516
f 514//514 592//592 594//594
f 517//517 593//593 515//515
f 517//517 595//595 593//593
f 594//594 596//596 516//516
f 518//518 516//516 596//596
f 519//519 595//595 517//517
f 519//519 597//597 595//595
f 518//518 598//598 520//520
f 518//518 596//596 598//598
f 599//599 519//519 521//521
f 599//599 597//597 519//519
f 598//598 600//600 520//520
f 522//522 520//520 600//600
f 599//599 521//521 601//601
f 601//601 521//521 523//523
f 600//600 524//524 522//522
f 602//602 524//524 600//600
f 525//525 603//603 523//523
f 523//523 603//603 601//601
f 524//524 604//604 526//526
f 524//524 602//602 604//604
f 605//605 525//525 527//527
f 605//605 603//603 525//525
f 604//604 606//606 526//526
f 528//528 526//526 606//606
f 605//605 527//527 607//607
f 607//607 527//527 529//529
f 606//606 530//530 528//528
f 608//608 530//530 606//606
f 531//531 609//609 529//529
f 529//529 609//609 607//607
f 530//530 610//610 532//532
f 530//530 608//608 610//610
f 611//611 531//531 533//533
f 609//609 531//531 612//612
f 612//612 531//531 611//611
f 610//610 613//613 532//532
f 532//532 613//613 534//534
f 614//614 533//533 536//536
f 611//611 614//614 615//615
f 611//611 533//533 614//614
f 611//611 615//615 612//612
f 534//534 613//613 616//616
f 616//616 613//613 617//617
f 616//616 537//537 534//534
f 543//543 618//618 536//536
f 536//536 618//618 614//614
f 614//614 618//618 619//619
f 614//614 619//619 615//615
f 617//617 620//620 616//616
f 616//616 620//620 537//537
f 537//537 620//620 621//621
f 537//537 621//621 538//538
f 538//538 621//621 622//622
f 623//623 538//538 622//622
f 623//623 539//539 538//538
f 539//539 624//624 540//540
f 539//539 623//623 624//624
f 541//541 624//624 625//625
f 541//541 540//540 624//624
f 541//541 625//625 542//542
f 542//542 625//625 626//626
f 542//542 626//626 543//543
f 543//543 626//626 627//627
f 543//543 627//627 618//618
f 622//622 628//628 623//623
f 623//623 628//628 624//624
f 624//624 628//628 629//629
f 624//624 629//629 625//625
f 632//632 631//631 630//630
f 549//549 633//633 630//630
f 630//630 633//633 632//632
f 550//550 634//634 549//549
f 549//549 634//634 633//633
f 545//545 635//635 550//550
f 550//550 635//635 634//634
f 546//546 635//635 545//545
f 546//546 636//636 635//635
f 637//637 546//546 547//547
f 637//637 636//636 546//546
f 551//551 638//638 547//547
f 547//547 638//638 637//637
f 552//552 639//639 551//551
f 551//551 639//639 638//638
f 553//553 640//640 552//552
f 552//552 640//640 639//639
f 553//553 641//641 640//640
f 631//631 643//643 642//642
f 642//642 630//630 631//631
f 642//642 548//548 630//630
f 630//630 548//548 549//549
f 554//554 641//641 553//553
f 556//556 644//644 554//554
f 554//554 644//644 641//641
f 556//556 645//645 644//644
f 642//642 643//643 555//555
f 555//555 643//643 646//646
f 642//642 555//555 548//548
f 557//557 645//645 556//556
f 557//557 647//647 645//645
f 646//646 558//558 555//555
f 646//646 648//648 558//558
f 559//559 647//647 557//557
f 559//559 649//649 647//647
f 648//648 650//650 560//560
f 558//558 648//648 560//560
f 561//561 649//649 559//559
f 561//561 651//651 649//649
f 650//650 562//562 560//560
f 650//650 652//652 562//562
f 563//563 651//651 561//561
f 563//563 653//653 651//651
f 652//652 564//564 562//562
f 654//654 564//564 652//652
f 565//565 653//653 563//563
f 565//565 655//655 653//653
f 654//654 656//656 566//566
f 564//564 654//654 566//566
f 565//565 567//567 655//655
f 567//567 657//657 655//655
f 566//566 656//656 568//568
f 568//568 656//656 658//658
f 569//569 657//657 567//567
f 569//569 659//659 657//657
f 568//568 658//658 570//570
f 570//570 658//658 660//660
f 569//569 571//571 659//659
f 571//571 661//661 659//659
f 660//660 572//572 570//570
f 660//660 662//662 572//572
f 573//573 661//661 571//571
f 573//573 663//663 661//661
f 662//662 574//574 572//572
f 664//664 574//574 662//662
f 575//575 663//663 573//573
f 575//575 665//665 663//663
f 664//664 576//576 574//574
f 666//666 576//576 664//664
f 577//577 665//665 575//575
f 577//577 667//667 665//665
f 666//666 578//578 576//576
f 668//668 578//578 666//666
f 577//577 579//579 667//667
f 579//579 669//669 667//667
f 668//668 580//580 578//578
f 670//670 580//580 668//668
f 669//669 579//579 671//671
f 671//671 579//579 581//581
f 670//670 582//582 580//580
f 672//672 582//582 670//670
f 671//671 581//581 673//673
f 673//673 581//581 583//583
f 582//582 674//674 584//584
f 582//582 672//672 674//674
f 673//673 583//583 675//675
f 675//675 583//583 585//585
f 674//674 676//676 584//584
f 586//586 584//584 676//676
f 675//675 585//585 677//677
f 677//677 585//585 587//587
f 586//586 678//678 588//588
f 586//586 676//676 678//678
f 677//677 587//587 679//679
f 679//679 587//587 589//589
f 678//678 680//680 588//588
f 590//590 588//588 680//680
f 679//679 589//589 681//681
f 681//681 589//589 591//591
f 590//590 682//682 592//592
f 590//590 680//680 682//682
f 681//681 591//591 683//683
f 683//683 591//591 593//593
f 682//682 684//684 592//592
f 594//594 592//592 684//684
f 683//683 593//593 685//685
f 685//685 593//593 595//595
f 684//684 686//686 594//594
f 594//594 686//686 596//596
f 685//685 595//595 687//687
f 687//687 595//595 597//597
f 686//686 598//598 596//596
f 688//688 598//598 686//686
f 599//599 689//689 597//597
f 597//597 689//689 687//687
f 598//598 690//690 600//600
f 598//598 688//688 690//690
f 601//601 689//689 599//599
f 601//601 691//691 689//689
f 690//690 692//692 600//600
f 602//602 600//600 692//692
f 693//693 601//601 603//603
f 693//693 691//691 601//601
f 692//692 604//604 602//602
f 694//694 604//604 692//692
f 693//693 603//603 695//695
f 695//695 603//603 605//605
f 604//604 696//696 606//606
f 604//604 694//694 696//696
f 607//607 697//697 605//605
f 605//605 697//697 695//695
f 606//606 696//696 608//608
f 608//608 696//696 698//698
f 699//699 607//607 609//609
f 699//699 697//697 607//607
f 698//698 700//700 608//608
f 610//610 608//608 700//700
f 612//612 701//701 609//609
f 609//609 701//701 699//699
f 610//610 702//702 613//613
f 610//610 700//700 702//702
f 703//703 612//612 615//615
f 703//703 701//701 612//612
f 613//613 702//702 617//617
f 617//617 702//702 704//704
f 619//619 705//705 615//615
f 615//615 705//705 703//703
f 704//704 706//706 617//617
f 617//617 706//706 620//620
f 627//627 707//707 618//618
f 618//618 707//707 619//619
f 619//619 707//707 708//708
f 619//619 708//708 705//705
f 706//706 709//709 620//620
f 620//620 709//709 621//621
f 621//621 709//709 710//710
f 711//711 621//621 710//710
f 711//711 622//622 621//621
f 711//711 628//628 622//622
f 712//712 625//625 629//629
f 626//626 712//712 713//713
f 626//626 625//625 712//712
f 626//626 713//713 627//627
f 627//627 713//713 714//714
f 627//627 714//714 707//707
f 710//710 715//715 711//711
f 711//711 715//715 628//628
f 628//628 715//715 716//716
f 628//628 716//716 629//629
f 629//629 716//716 717//717
f 629//629 717//717 712//712
f 712//712 717//717 718//718
f 712//712 718//718 713//713
f 720//720 719//719 632//632
f 633//633 721//721 632//632
f 632//632 721//721 720//720
f 634//634 722//722 633//633
f 633//633 722//722 721//721
f 635//635 723//723 634//634
f 634//634 723//723 722//722
f 636//636 724//724 635//635
f 635//635 724//724 723//723
f 637//637 725//725 636//636
f 636//636 725//725 724//724
f 638//638 726//726 637//637
f 637//637 726//726 725//725
f 639//639 727//727 638//638
f 638//638 727//727 726//726
f 640//640 728//728 639//639
f 639//639 728//728 727//727
f 640//640 729//729 728//728
f 719//719 730//730 631//631
f 719//719 631//631 632//632
f 641//641 729//729 640//640
f 644//644 731//731 641//641
f 641//641 731//731 729//729
f 644//644 732//732 731//731
f 730//730 643//643 631//631
f 730//730 733//733 643//643
f 645//645 732//732 644//644
f 645//645 734//734 732//732
f 733//733 735//735 646//646
f 643//643 733//733 646//646
f 647//647 734//734 645//645
f 647//647 736//736 734//734
f 646//646 735//735 648//648
f 648//648 735//735 737//737
f 649//649 736//736 647//647
f 649//649 738//738 736//736
f 737//737 650//650 648//648
f 737//737 739//739 650//650
f 651//651 738//738 649//649
f 651//651 740//740 738//738
f 739//739 741//741 652//652
f 650//650 739//739 652//652
f 651//651 653//653 740//740
f 740//740 653//653 742//742
f 652//652 741//741 654//654
f 654//654 741//741 743//743
f 653//653 655//655 742//742
f 655//655 744//744 742//742
f 743//743 656//656 654//654
f 743//743 745//745 656//656
f 657//657 744//744 655//655
f 657//657 746//746 744//744
f 745//745 658//658 656//656
f 747//747 658//658 745//745
f 657//657 659//659 746//746
f 659//659 748//748 746//746
f 747//747 660//660 658//658
f 749//749 660//660 747//747
f 661//661 748//748 659//659
f 661//661 750//750 748//748
f 749//749 662//662 660//660
f 751//751 662//662 749//749
f 663//663 750//750 661//661
f 663//663 752//752 750//750
f 751//751 664//664 662//662
f 753//753 664//664 751//751
f 665//665 752//752 663//663
f 665//665 754//754 752//752
f 753//753 755//755 666//666
f 664//664 753//753 666//666
f 665//665 667//667 754//754
f 667//667 756//756 754//754
f 666//666 755//755 668//668
f 668//668 755//755 757//757
f 669//669 756//756 667//667
f 669//669 758//758 756//756
f 757//757 759//759 668//668
f 670//670 668//668 759//759
f 671//671 758//758 669//669
f 671//671 760//760 758//758
f 759//759 672//672 670//670
f 761//761 672//672 759//759
f 673//673 760//760 671//671
f 673//673 762//762 760//760
f 761//761 674//674 672//672
f 763//763 674//674 761//761
f 675//675 762//762 673//673
f 675//675 764//764 762//762
f 674//674 765//765 676//676
f 674//674 763//763 765//765
f 677//677 764//764 675//675
f 677//677 766//766 764//764
f 765//765 767//767 676//676
f 678//678 676//676 767//767
f 679//679 766//766 677//677
f 679//679 768//768 766//766
f 678//678 769//769 680//680
f 678//678 767//767 769//769
f 681//681 768//768 679//679
f 681//681 770//770 768//768
f 769//769 771//771 680//680
f 682//682 680//680 771//771
f 683//683 770//770 681//681
f 683//683 772//772 770//770
f 682//682 773//773 684//684
f 682//682 771//771 773//773
f 685//685 772//772 683//683
f 685//685 774//774 772//772
f 773//773 775//775 684//684
f 684//684 775//775 686//686
f 687//687 774//774 685//685
f 687//687 776//776 774//774
f 775//775 777//777 686//686
f 688//688 686//686 777//777
f 778//778 687//687 689//689
f 778//778 776//776 687//687
f 777//777 690//690 688//688
f 779//779 690//690 777//777
f 778//778 689//689 780//780
f 780//780 689//689 691//691
f 690//690 781//781 692//692
f 690//690 779//779 781//781
f 693//693 782//782 691//691
f 691//691 782//782 780//780
f 781//781 783//783 692//692
f 694//694 692//692 783//783
f 695//695 782//782 693//693
f 695//695 784//784 782//782
f 783//783 696//696 694//694
f 785//785 696//696 783//783
f 786//786 695//695 697//697
f 786//786 784//784 695//695
f 785//785 698//698 696//696
f 787//787 698//698 785//785
f 786//786 697//697 788//788
f 788//788 697//697 699//699
f 698//698 789//789 700//700
f 698//698 787//787 789//789
f 701//701 790//790 699//699
f 699//699 790//790 788//788
f 789//789 791//791 700//700
f 702//702 700//700 791//791
f 790//790 701//701 792//792
f 792//792 701//701 703//703
f 791//791 704//704 702//702
f 793//793 704//704 791//791
f 705//705 794//794 703//703
f 703//703 794//794 792//792
f 704//704 795//795 706//706
f 704//704 793//793 795//795
f 708//708 796//796 705//705
f 705//705 796//796 794//794
f 795//795 797//797 706//706
f 706//706 797//797 709//709
f 714//714 798//798 707//707
f 707//707 798//798 708//708
f 708//708 798//798 799//799
f 708//708 799//799 796//796
f 797//797 800//800 709//709
f 801//801 709//709 800//800
f 801//801 710//710 709//709
f 801//801 715//715 710//710
f 718//718 802//802 713//713
f 713//713 802//802 714//714
f 714//714 802//802 803//803
f 714//714 803//803 798//798
f 800//800 804//804 801//801
f 801//801 804//804 715//715
f 715//715 804//804 805//805
f 715//715 805//805 716//716
f 716//716 805//805 806//806
f 716//716 806//806 717//717
f 717//717 806//806 807//807
f 717//717 807//807 718//718
f 718//718 807//807 808//808
f 718//718 808//808 802//802
f 810//810 809//809 721//721
f 722//722 811//811 721//721
f 721//721 811//811 810//810
f 723//723 812//812 722//722
f 722//722 812//812 811//811
f 724//724 813//813 723//723
f 723//723 813//813 812//812
f 725//725 814//814 724//724
f 724//724 814//814 813//813
f 726//726 815//815 725//725
f 725//725 815//815 814//814
f 727//727 816//816 726//726
f 726//726 816//816 815//815
f 727//727 817//817 816//816
f 819//819 818//818 719//719
f 720//720 819//819 719//719
f 720//720 809//809 819//819
f 720//720 721//721 809//809
f 728//728 817//817 727//727
f 820//820 728//728 729//729
f 820//820 817//817 728//728
f 731//731 821//821 729//729
f 729//729 821//821 820//820
f 731//731 822//822 821//821
f 818//818 730//730 719//719
f 818//818 823//823 730//730
f 732//732 822//822 731//731
f 732//732 824//824 822//822
f 823//823 825//825 733//733
f 730//730 823//823 733//733
f 734//734 824//824 732//732
f 734//734 826//826 824//824
f 825//825 735//735 733//733
f 825//825 827//827 735//735
f 736//736 826//826 734//734
f 736//736 828//828 826//826
f 827//827 737//737 735//735
f 829//829 737//737 827//827
f 738//738 828//828 736//736
f 738//738 830//830 828//828
f 829//829 831//831 739//739
f 737//737 829//829 739//739
f 738//738 740//740 830//830
f 740//740 832//832 830//830
f 831//831 741//741 739//739
f 831//831 833//833 741//741
f 742//742 832//832 740//740
f 742//742 834//834 832//832
f 833//833 743//743 741//741
f 835//835 743//743 833//833
f 744//744 834//834 742//742
f 744//744 836//836 834//834
f 835//835 745//745 743//743
f 837//837 745//745 835//835
f 746//746 836//836 744//744
f 746//746 838//838 836//836
f 837//837 747//747 745//745
f 839//839 747//747 837//837
f 746//746 748//748 838//838
f 838//838 748//748 840//840
f 839//839 841//841 749//749
f 747//747 839//839 749//749
f 750//750 840//840 748//748
f 750//750 842//842 840//840
f 749//749 841//841 751//751
f 751//751 841//841 843//843
f 752//752 842//842 750//750
f 752//752 844//844 842//842
f 751//751 843//843 753//753
f 753//753 843//843 845//845
f 752//752 754//754 844//844
f 754//754 846//846 844//844
f 845//845 755//755 753//753
f 845//845 847//847 755//755
f 756//756 846//846 754//754
f 756//756 848//848 846//846
f 847//847 757//757 755//755
f 849//849 757//757 847//847
f 758//758 848//848 756//756
f 758//758 850//850 848//848
f 757//757 851//851 759//759
f 757//757 849//849 851//851
f 760//760 850//850 758//758
f 760//760 852//852 850//850
f 759//759 851//851 761//761
f 761//761 851//851 853//853
f 762//762 852//852 760//760
f 762//762 854//854 852//852
f 761//761 853//853 763//763
f 763//763 853//853 855//855
f 764//764 854//854 762//762
f 764//764 856//856 854//854
f 855//855 857//857 763//763
f 765//765 763//763 857//857
f 766//766 856//856 764//764
f 766//766 858//858 856//856
f 765//765 859//859 767//767
f 765//765 857//857 859//859
f 768//768 858//858 766//766
f 768//768 860//860 858//858
f 859//859 861//861 767//767
f 769//769 767//767 861//861
f 770//770 860//860 768//768
f 770//770 862//862 860//860
f 769//769 863//863 771//771
f 769//769 861//861 863//863
f 772//772 862//862 770//770
f 772//772 864//864 862//862
f 863//863 865//865 771//771
f 773//773 771//771 865//865
f 774//774 864//864 772//772
f 774//774 866//866 864//864
f 865//865 867//867 773//773
f 773//773 867//867 775//775
f 776//776 866//866 774//774
f 776//776 868//868 866//866
f 775//775 869//869 777//777
f 775//775 867//867 869//869
f 778//778 868//868 776//776
f 778//778 870//870 868//868
f 869//869 871//871 777//777
f 779//779 777//777 871//871
f 780//780 870//870 778//778
f 780//780 872//872 870//870
f 871//871 781//781 779//779
f 873//873 781//781 871//871
f 874//874 780//780 782//782
f 874//874 872//872 780//780
f 781//781 875//875 783//783
f 781//781 873//873 875//875
f 874//874 782//782 876//876
f 876//876 782//782 784//784
f 875//875 877//877 783//783
f 785//785 783//783 877//877
f 786//786 878//878 784//784
f 784//784 878//878 876//876
f 877//877 787//787 785//785
f 879//879 787//787 877//877
f 788//788 878//878 786//786
f 788//788 880//880 878//878
f 879//879 789//789 787//787
f 881//881 789//789 879//879
f 882//882 788//788 790//790
f 882//882 880//880 788//788
f 789//789 883//883 791//791
f 789//789 881//881 883//883
f 792//792 884//884 790//790
f 790//790 884//884 882//882
f 791//791 883//883 793//793
f 793//793 883//883 885//885
f 886//886 792//792 794//794
f 886//886 884//884 792//792
f 885//885 887//887 793//793
f 795//795 793//793 887//887
f 796//796 888//888 794//794
f 794//794 888//888 886//886
f 795//795 889//889 797//797
f 795//795 887//887 889//889
f 799//799 890//890 796//796
f 796//796 890//890 888//888
f 797//797 889//889 891//891
f 891//891 889//889 892//892
f 891//891 800//800 797//797
f 893//893 798//798 803//803
f 799//799 893//893 894//894
f 799//799 798//798 893//893
f 799//799 894//894 890//890
f 892//892 895//895 891//891
f 891//891 895//895 800//800
f 800//800 895//895 896//896
f 800//800 896//896 804//804
f 808//808 897//897 802//802
f 802//802 897//897 803//803
f 803//803 897//897 898//898
f 803//803 898//898 893//893
f 893//893 898//898 899//899
f 893//893 899//899 894//894
f 896//896 900//900 804//804
f 804//804 900//900 805//805
f 805//805 900//900 901//901
f 805//805 901//901 806//806
f 806//806 901//901 902//902
f 806//806 902//902 807//807
f 807//807 902//902 903//903
f 807//807 903//903 808//808
f 808//808 903//903 904//904
f 808//808 904//904 897//897
f 906//906 905//905 811//811
f 812//812 907//907 811//811
f 811//811 907//907 906//906
f 813//813 908//908 812//812
f 812//812 908//908 907//907
f 814//814 909//909 813//813
f 813//813 909//909 908//908
f 815//815 910//910 814//814
f 814//814 910//910 909//909
f 815//815 911//911 910//910
f 913//913 912//912 809//809
f 810//810 913//913 809//809
f 810//810 905//905 913//913
f 810//810 811//811 905//905
f 816//816 911//911 815//815
f 914//914 816//816 817//817
f 914//914 911//911 816//816
f 820//820 915//915 817//817
f 817//817 915//915 914//914
f 820//820 916//916 915//915
f 918//918 917//917 818//818
f 819//819 918//918 818//818
f 819//819 912//912 918//918
f 819//819 809//809 912//912
f 821//821 916//916 820//820
f 919//919 821//821 822//822
f 919//919 916//916 821//821
f 822//822 920//920 919//919
f 818//818 917//917 823//823
f 823//823 917//917 921//921
f 824//824 920//920 822//822
f 824//824 922//922 920//920
f 921//921 825//825 823//823
f 921//921 923//923 825//825
f 826//826 922//922 824//824
f 826//826 924//924 922//922
f 923//923 925//925 827//827
f 825//825 923//923 827//827
f 826//826 828//828 924//924
f 924//924 828//828 926//926
f 827//827 925//925 829//829
f 829//829 925//925 927//927
f 828//828 830//830 926//926
f 830//830 928//928 926//926
f 927//927 831//831 829//829
f 927//927 929//929 831//831
f 832//832 928//928 830//830
f 832//832 930//930 928//928
f 929//929 833//833 831//831
f 931//931 833//833 929//929
f 832//832 834//834 930//930
f 930//930 834//834 932//932
f 931//931 835//835 833//833
f 933//933 835//835 931//931
f 836//836 932//932 834//834
f 836//836 934//934 932//932
f 933//933 935//935 837//837
f 835//835 933//933 837//837
f 836//836 838//838 934//934
f 838//838 936//936 934//934
f 837//837 935//935 839//839
f 839//839 935//935 937//937
f 840//840 936//936 838//838
f 840//840 938//938 936//936
f 937//937 841//841 839//839
f 937//937 939//939 841//841
f 842//842 938//938 840//840
f 842//842 940//940 938//938
f 939//939 843//843 841//841
f 941//941 843//843 939//939
f 842//842 844//844 940//940
f 844//844 942//942 940//940
f 941//941 845//845 843//843
f 943//943 845//845 941//941
f 846//846 942//942 844//844
f 846//846 944//944 942//942
f 943//943 847//847 845//845
f 945//945 847//847 943//943
f 848//848 944//944 846//846
f 848//848 946//946 944//944
f 945//945 849//849 847//847
f 947//947 849//849 945//945
f 850//850 946//946 848//848
f 850//850 948//948 946//946
f 947//947 851//851 849//849
f 949//949 851//851 947//947
f 852//852 948//948 850//850
f 852//852 950//950 948//948
f 949//949 853//853 851//851
f 951//951 853//853 949//949
f 854//854 950//950 852//852
f 854//854 952//952 950//950
f 951//951 855//855 853//853
f 953//953 855//855 951//951
f 856//856 952//952 854//854
f 856//856 954//954 952//952
f 855//855 955//955 857//857
f 855//855 953//953 955//955
f 858//858 954//954 856//856
f 858//858 956//956 954//954
f 955//955 957//957 857//857
f 859//859 857//857 957//957
f 860//860 956//956 858//858
f 860//860 958//958 956//956
f 859//859 959//959 861//861
f 859//859 957//957 959//959
f 862//862 958//958 860//860
f 862//862 960//960 958//958
f 959//959 961//961 861//861
f 863//863 861//861 961//961
f 864//864 960//960 862//862
f 864//864 962//962 960//960
f 863//863 963//963 865//865
f 863//863 961//961 963//963
f 866//866 962//962 864//864
f 866//866 964//964 962//962
f 963//963 965//965 865//865
f 865//865 965//965 867//867
f 868//868 964//964 866//866
f 868//868 966//966 964//964
f 965//965 967//967 867//867
f 869//869 867//867 967//967
f 870//870 966//966 868//868
f 870//870 968//968 966//966
f 869//869 969//969 871//871
f 869//869 967//967 969//969
f 872//872 968//968 870//870
f 872//872 970//970 968//968
f 969//969 971//971 871//871
f 873//873 871//871 971//971
f 874//874 970//970 872//872
f 874//874 972//972 970//970
f 971//971 875//875 873//873
f 973//973 875//875 971//971
f 876//876 972//972 874//874
f 876//876 974//974 972//972
f 875//875 975//975 877//877
f 875//875 973//973 975//975
f 976//976 876//876 878//878
f 976//976 974//974 876//876
f 877//877 975//975 879//879
f 879//879 975//975 977//977
f 976//976 878//878 978//978
f 978//978 878//878 880//880
f 977//977 979//979 879//879
f 881//881 879//879 979//979
f 882//882 980//980 880//880
f 880//880 980//980 978//978
f 979//979 883//883 881//881
f 981//981 883//883 979//979
f 982//982 882//882 884//884
f 982//982 980//980 882//882
f 981//981 885//885 883//883
f 983//983 885//885 981//981
f 886//886 984//984 884//884
f 884//884 984//984 982//982
f 885//885 985//985 887//887
f 885//885 983//983 985//985
f 986//986 886//886 888//888
f 986//986 984//984 886//886
f 887//887 985//985 889//889
f 889//889 985//985 987//987
f 890//890 988//988 888//888
f 888//888 988//988 986//986
f 987//987 989//989 889//889
f 892//892 889//889 989//989
f 894//894 990//990 890//890
f 890//890 990//990 988//988
f 892//892 991//991 895//895
f 892//892 989//989 991//991
f 899//899 992//992 894//894
f 894//894 992//992 990//990
f 991//991 993//993 895//895
f 895//895 993//993 896//896
f 896//896 993//993 994//994
f 896//896 994//994 900//900
f 904//904 995//995 897//897
f 897//897 995//995 898//898
f 898//898 995//995 996//996
f 898//898 996//996 899//899
f 899//899 996//996 997//997
f 899//899 997//997 992//992
f 994//994 998//998 900//900
f 900//900 998//998 901//901
f 901//901 998//998 999//999
f 901//901 999//999 902//902
f 902//902 999//999 1000//1000
f 902//902 1000//1000 903//903
f 903//903 1000//1000 1001//1001
f 903//903 1001//1001 904//904
f 904//904 1001//1001 1002//1002
f 904//904 1002//1002 995//995
f 1004//1004 1003//1003 905//905
f 906//906 1004//1004 905//905
f 906//906 1005//1005 1004//1004
f 1006//1006 906//906 907//907
f 1006//1006 1005//1005 906//906
f 1007//1007 907//907 908//908
f 1007//1007 1006//1006 907//907
f 1008//1008 908//908 909//909
f 1008//1008 1007//1007 908//908
f 1009//1009 909//909 910//910
f 1009//1009 1008//1008 909//909
f 1010//1010 910//910 911//911
f 1010//1010 1009//1009 910//910
f 914//914 1011//1011 911//911
f 911//911 1011//1011 1010//1010
f 914//914 1012//1012 1011//1011
f 1014//1014 1013//1013 912//912
f 913//913 1014//1014 912//912
f 913//913 1003//1003 1014//1014
f 913//913 905//905 1003//1003
f 915//915 1012//1012 914//914
f 1015//1015 915//915 916//916
f 1015//1015 1012//1012 915//915
f 916//916 1016//1016 1015//1015
f 1013//1013 1017//1017 918//918
f 918//918 1017//1017 917//917
f 918//918 912//912 1013//1013
f 919//919 1016//1016 916//916
f 919//919 920//920 1016//1016
f 1016//1016 920//920 1018//1018
f 1017//1017 921//921 917//917
f 1019//1019 921//921 1017//1017
f 920//920 922//922 1018//1018
f 1018//1018 922//922 1020//1020
f 1019//1019 1021//1021 923//923
f 921//921 1019//1019 923//923
f 922//922 924//924 1020//1020
f 924//924 1022//1022 1020//1020
f 1021//1021 925//925 923//923
f 1021//1021 1023//1023 925//925
f 926//926 1022//1022 924//924
f 926//926 1024//1024 1022//1022
f 1023//1023 927//927 925//925
f 1025//1025 927//927 1023//1023
f 926//926 928//928 1024//1024
f 1024//1024 928//928 1026//1026
f 1025//1025 929//929 927//927
f 1027//1027 929//929 1025//1025
f 928//928 930//930 1026//1026
f 930//930 1028//1028 1026//1026
f 1027//1027 1029//1029 931//931
f 929//929 1027//1027 931//931
f 932//932 1028//1028 930//930
f 932//932 1030//1030 1028//1028
f 931//931 1029//1029 933//933
f 933//933 1029//1029 1031//1031
f 932//932 934//934 1030//1030
f 934//934 1032//1032 1030//1030
f 1031//1031 935//935 933//933
f 1031//1031 1033//1033 935//935
f 936//936 1032//1032 934//934
f 936//936 1034//1034 1032//1032
f 1033//1033 937//937 935//935
f 1035//1035 937//937 1033//1033
f 938//938 1034//1034 936//936
f 938//938 1036//1036 1034//1034
f 1035//1035 939//939 937//937
f 1037//1037 939//939 1035//1035
f 938//938 940//940 1036//1036
f 940//940 1038//1038 1036//1036
f 1037//1037 941//941 939//939
f 1039//1039 941//941 1037//1037
f 942//942 1038//1038 940//940
f 942//942 1040//1040 1038//1038
f 1039//1039 943//943 941//941
f 1041//1041 943//943 1039//1039
f 944//944 1040//1040 942//942
f 944//944 1042//1042 1040//1040
f 1041//1041 945//945 943//943
f 1043//1043 945//945 1041//1041
f 946//946 1042//1042 944//944
f 946//946 1044//1044 1042//1042
f 1043//1043 947//947 945//945
f 1045//1045 947//947 1043//1043
f 948//948 1044//1044 946//946
f 948//948 1046//1046 1044//1044
f 1045//1045 949//949 947//947
f 1047//1047 949//949 1045//1045
f 950//950 1046//1046 948//948
f 950//950 1048//1048 1046//1046
f 1047//1047 951//951 949//949
f 1049//1049 951//951 1047//1047
f 952//952 1048//1048 950//950
f 952//952 1050//1050 1048//1048
f 1049//1049 953//953 951//951
f 1051//1051 953//953 1049//1049
f 952//952 954//954 1050//1050
f 954//954 1052//1052 1050//1050
f 1051//1051 955//955 953//953
f 1053//1053 955//955 1051//1051
f 1052//1052 954//954 1054//1054
f 1054//1054 954//954 956//956
f 955//955 1055//1055 957//957
f 955//955 1053//1053 1055//1055
f 1054//1054 956//956 1056//1056
f 1056//1056 956//956 958//958
f 1055//1055 1057//1057 957//957
f 959//959 957//957 1057//1057
f 1056//1056 958//958 1058//1058
f 1058//1058 958//958 960//960
f 959//959 1059//1059 961//961
f 959//959 1057//1057 1059//1059
f 1058//1058 960//960 1060//1060
f 1060//1060 960//960 962//962
f 1059//1059 1061//1061 961//961
f 963//963 961//961 1061//1061
f 1060//1060 962//962 1062//1062
f 1062//1062 962//962 964//964
f 1061//1061 1063//1063 963//963
f 963//963 1063//1063 965//965
f 1062//1062 964//964 1064//1064
f 1064//1064 964//964 966//966
f 965//965 1065//1065 967//967
f 965//965 1063//1063 1065//1065
f 1064//1064 966//966 1066//1066
f 1066//1066 966//966 968//968
f 1065//1065 1067//1067 967//967
f 969//969 967//967 1067//1067
f 970//970 1068//1068 968//968
f 968//968 1068//1068 1066//1066
f 969//969 1069//1069 971//971
f 969//969 1067//1067 1069//1069
f 972//972 1068//1068 970//970
f 972//972 1070//1070 1068//1068
f 1069//1069 1071//1071 971//971
f 973//973 971//971 1071//1071
f 974//974 1070//1070 972//972
f 974//974 1072//1072 1070//1070
f 1071//1071 975//975 973//973
f 1073//1073 975//975 1071//1071
f 976//976 1072//1072 974//974
f 976//976 1074//1074 1072//1072
f 1073//1073 977//977 975//975
f 1075//1075 977//977 1073//1073
f 978//978 1074//1074 976//976
f 978//978 1076//1076 1074//1074
f 977//977 1077//1077 979//979
f 977//977 1075//1075 1077//1077
f 1078//1078 978//978 980//980
f 1078//1078 1076//1076 978//978
f 1077//1077 1079//1079 979//979
f 981//981 979//979 1079//1079
f 982//982 1080//1080 980//980
f 980//980 1080//1080 1078//1078
f 1079//1079 983//983 981//981
f 1081//1081 983//983 1079//1079
f 1082//1082 982//982 984//984
f 1082//1082 1080//1080 982//982
f 1081//1081 985//985 983//983
f 1083//1083 985//985 1081//1081
f 1082//1082 984//984 1084//1084
f 1084//1084 984//984 986//986
f 1083//1083 987//987 985//985
f 1085//1085 987//987 1083//1083
f 988//988 1086//1086 986//986
f 986//986 1086//1086 1084//1084
f 987//987 1087//1087 989//989
f 987//987 1085//1085 1087//1087
f 990//990 1088//1088 988//988
f 988//988 1088//1088 1086//1086
f 1087//1087 1089//1089 989//989
f 991//991 989//989 1089//1089
f 992//992 1090//1090 990//990
f 990//990 1090//1090 1088//1088
f 991//991 1091//1091 993//993
f 991//991 1089//1089 1091//1091
f 997//997 1092//1092 992//992
f 992//992 1092//1092 1090//1090
f 1091//1091 1093//1093 993//993
f 993//993 1093//1093 994//994
f 994//994 1093//1093 1094//1094
f 1094//1094 998//998 994//994
f 1094//1094 1095//1095 998//998
f 998//998 1096//1096 999//999
f 1095//1095 1096//1096 998//998
f 999//999 1096//1096 1000//1000
f 1001//1001 1000//1000 1097//1097
f 1001//1001 1098//1098 1002//1002
f 1097//1097 1098//1098 1001//1001
f 1002//1002 1099//1099 995//995
f 1002//1002 1098//1098 1099//1099
f 995//995 1099//1099 996//996
f 996//996 1099//1099 1100//1100
f 996//996 1100//1100 997//997
f 997//997 1100//1100 1101//1101
f 997//997 1101//1101 1092//1092
f 1096//1096 1102//1102 1000//1000
f 1000//1000 1102//1102 1097//1097
f 1104//1104 1103//1103 1006//1006
f 1007//1007 1105//1105 1006//1006
f 1006//1006 1105//1105 1104//1104
f 1008//1008 1106//1106 1007//1007
f 1007//1007 1106//1106 1105//1105
f 1009//1009 1107//1107 1008//1008
f 1008//1008 1107//1107 1106//1106
f 1009//1009 1108//1108 1107//1107
f 1110//1110 1109//1109 1003//1003
f 1004//1004 1110//1110 1003//1003
f 1004//1004 1111//1111 1110//1110
f 1103//1103 1004//1004 1005//1005
f 1103//1103 1111//1111 1004//1004
f 1005//1005 1006//1006 1103//1103
f 1010//1010 1108//1108 1009//1009
f 1112//1112 1010//1010 1011//1011
f 1112//1112 1108//1108 1010//1010
f 1113//1113 1011//1011 1012//1012
f 1113//1113 1112//1112 1011//1011
f 1012//1012 1114//1114 1113//1113
f 1116//1116 1115//1115 1013//1013
f 1014//1014 1116//1116 1013//1013
f 1014//1014 1109//1109 1116//1116
f 1014//1014 1003//1003 1109//1109
f 1015//1015 1114//1114 1012//1012
f 1117//1117 1015//1015 1016//1016
f 1117//1117 1114//1114 1015//1015
f 1016//1016 1118//1118 1117//1117
f 1115//1115 1017//1017 1013//1013
f 1115//1115 1119//1119 1017//1017
f 1018//1018 1118//1118 1016//1016
f 1018//1018 1120//1120 1118//1118
f 1119//1119 1121//1121 1019//1019
f 1017//1017 1119//1119 1019//1019
f 1020//1020 1120//1120 1018//1018
f 1020//1020 1122//1122 1120//1120
f 1121//1121 1021//1021 1019//1019
f 1121//1121 1123//1123 1021//1021
f 1022//1022 1122//1122 1020//1020
f 1022//1022 1124//1124 1122//1122
f 1123//1123 1023//1023 1021//1021
f 1125//1125 1023//1023 1123//1123
f 1022//1022 1024//1024 1124//1124
f 1024//1024 1126//1126 1124//1124
f 1125//1125 1127//1127 1025//1025
f 1023//1023 1125//1125 1025//1025
f 1026//1026 1126//1126 1024//1024
f 1026//1026 1128//1128 1126//1126
f 1025//1025 1127//1127 1027//1027
f 1027//1027 1127//1127 1129//1129
f 1026//1026 1028//1028 1128//1128
f 1128//1128 1028//1028 1130//1130
f 1129//1129 1029//1029 1027//1027
f 1129//1129 1131//1131 1029//1029
f 1030//1030 1130//1130 1028//1028
f 1030//1030 1132//1132 1130//1130
f 1131//1131 1031//1031 1029//1029
f 1133//1133 1031//1031 1131//1131
f 1030//1030 1032//1032 1132//1132
f 1132//1132 1032//1032 1134//1134
f 1133//1133 1033//1033 1031//1031
f 1135//1135 1033//1033 1133//1133
f 1034//1034 1134//1134 1032//1032
f 1034//1034 1136//1136 1134//1134
f 1135//1135 1035//1035 1033//1033
f 1137//1137 1035//1035 1135//1135
f 1036//1036 1136//1136 1034//1034
f 1036//1036 1138//1138 1136//1136
f 1137//1137 1037//1037 1035//1035
f 1139//1139 1037//1037 1137//1137
f 1036//1036 1038//1038 1138//1138
f 1138//1138 1038//1038 1140//1140
f 1139//1139 1039//1039 1037//1037
f 1141//1141 1039//1039 1139//1139
f 1040//1040 1140//1140 1038//1038
f 1040//1040 1142//1142 1140//1140
f 1141//1141 1041//1041 1039//1039
f 1143//1143 1041//1041 1141//1141
f 1042//1042 1142//1142 1040//1040
f 1042//1042 1144//1144 1142//1142
f 1143//1143 1043//1043 1041//1041
f 1145//1145 1043//1043 1143//1143
f 1044//1044 1144//1144 1042//1042
f 1044//1044 1146//1146 1144//1144
f 1145//1145 1147//1147 1045//1045
f 1043//1043 1145//1145 1045//1045
f 1046//1046 1146//1146 1044//1044
f 1046//1046 1148//1148 1146//1146
f 1045//1045 1147//1147 1047//1047
f 1047//1047 1147//1147 1149//1149
f 1048//1048 1148//1148 1046//1046
f 1048//1048 1150//1150 1148//1148
f 1047//1047 1149//1149 1049//1049
f 1049//1049 1149//1149 1151//1151
f 1048//1048 1050//1050 1150//1150
f 1050//1050 1152//1152 1150//1150
f 1151//1151 1153//1153 1049//1049
f 1051//1051 1049//1049 1153//1153
f 1052//1052 1152//1152 1050//1050
f 1052//1052 1154//1154 1152//1152
f 1153//1153 1053//1053 1051//1051
f 1155//1155 1053//1053 1153//1153
f 1054//1054 1154//1154 1052//1052
f 1054//1054 1156//1156 1154//1154
f 1155//1155 1055//1055 1053//1053
f 1157//1157 1055//1055 1155//1155
f 1056//1056 1156//1156 1054//1054
f 1056//1056 1158//1158 1156//1156
f 1055//1055 1159//1159 1057//1057
f 1055//1055 1157//1157 1159//1159
f 1058//1058 1158//1158 1056//1056
f 1058//1058 1160//1160 1158//1158
f 1159//1159 1161//1161 1057//1057
f 1059//1059 1057//1057 1161//1161
f 1060//1060 1160//1160 1058//1058
f 1060//1060 1162//1162 1160//1160
f 1059//1059 1163//1163 1061//1061
f 1059//1059 1161//1161 1163//1163
f 1062//1062 1162//1162 1060//1060
f 1062//1062 1164//1164 1162//1162
f 1163//1163 1165//1165 1061//1061
f 1061//1061 1165//1165 1063//1063
f 1064//1064 1164//1164 1062//1062
f 1064//1064 1166//1166 1164//1164
f 1165//1165 1167//1167 1063//1063
f 1065//1065 1063//1063 1167//1167
f 1066//1066 1166//1166 1064//1064
f 1066//1066 1168//1168 1166//1166
f 1065//1065 1169//1169 1067//1067
f 1065//1065 1167//1167 1169//1169
f 1170//1170 1066//1066 1068//1068
f 1170//1170 1168//1168 1066//1066
f 1169//1169 1171//1171 1067//1067
f 1069//1069 1067//1067 1171//1171
f 1170//1170 1068//1068 1172//1172
f 1172//1172 1068//1068 1070//1070
f 1069//1069 1173//1173 1071//1071
f 1069//1069 1171//1171 1173//1173
f 1172//1172 1070//1070 1174//1174
f 1174//1174 1070//1070 1072//1072
f 1173//1173 1175//1175 1071//1071
f 1073//1073 1071//1071 1175//1175
f 1074//1074 1176//1176 1072//1072
f 1072//1072 1176//1176 1174//1174
f 1175//1175 1075//1075 1073//1073
f 1177//1177 1075//1075 1175//1175
f 1076//1076 1176//1176 1074//1074
f 1076//1076 1178//1178 1176//1176
f 1177//1177 1077//1077 1075//1075
f 1179//1179 1077//1077 1177//1177
f 1078//1078 1178//1178 1076//1076
f 1078//1078 1180//1180 1178//1178
f 1077//1077 1181//1181 1079//1079
f 1077//1077 1179//1179 1181//1181
f 1182//1182 1078//1078 1080//1080
f 1182//1182 1180//1180 1078//1078
f 1079//1079 1181//1181 1081//1081
f 1081//1081 1181//1181 1183//1183
f 1082//1082 1184//1184 1080//1080
f 1080//1080 1184//1184 1182//1182
f 1183//1183 1185//1185 1081//1081
f 1083//1083 1081//1081 1185//1185
f 1084//1084 1184//1184 1082//1082
f 1084//1084 1186//1186 1184//1184
f 1185//1185 1085//1085 1083//1083
f 1187//1187 1085//1085 1185//1185
f 1188//1188 1084//1084 1086//1086
f 1188//1188 1186//1186 1084//1084
f 1187//1187 1087//1087 1085//1085
f 1189//1189 1087//1087 1187//1187
f 1088//1088 1190//1190 1086//1086
f 1086//1086 1190//1190 1188//1188
f 1087//1087 1191//1191 1089//1089
f 1087//1087 1189//1189 1191//1191
f 1090//1090 1192//1192 1088//1088
f 1088//1088 1192//1192 1190//1190
f 1191//1191 1193//1193 1089//1089
f 1091//1091 1089//1089 1193//1193
f 1092//1092 1194//1194 1090//1090
f 1090//1090 1194//1194 1192//1192
f 1193//1193 1195//1195 1091//1091
f 1091//1091 1195//1195 1093//1093
f 1093//1093 1195//1195 1094//1094
f 1101//1101 1100//1100 1196//1196
f 1101//1101 1197//1197 1092//1092
f 1101//1101 1196//1196 1197//1197
f 1092//1092 1197//1197 1194//1194
f 1195//1195 1198//1198 1094//1094
f 1094//1094 1198//1198 1095//1095
f 1095//1095 1198//1198 1199//1199
f 1095//1095 1199//1199 1096//1096
f 1096//1096 1199//1199 1200//1200
f 1200//1200 1102//1102 1096//1096
f 1200//1200 1201//1201 1102//1102
f 1102//1102 1202//1202 1097//1097
f 1102//1102 1201//1201 1202//1202
f 1097//1097 1202//1202 1098//1098
f 1098//1098 1202//1202 1203//1203
f 1098//1098 1203//1203 1099//1099
f 1099//1099 1203//1203 1204//1204
f 1099//1099 1204//1204 1100//1100
f 1100//1100 1204//1204 1205//1205
f 1100//1100 1205//1205 1196//1196
f 1207//1207 1206//1206 1103//1103
f 1104//1104 1207//1207 1103//1103
f 1104//1104 1208//1208 1207//1207
f 1209//1209 1104//1104 1105//1105
f 1209//1209 1208//1208 1104//1104
f 1210//1210 1105//1105 1106//1106
f 1210//1210 1209//1209 1105//1105
f 1211//1211 1106//1106 1107//1107
f 1211//1211 1210//1210 1106//1106
f 1212//1212 1107//1107 1108//1108
f 1212//1212 1211//1211 1107//1107
f 1108//1108 1213//1213 1212//1212
f 1215//1215 1214//1214 1109//1109
f 1110//1110 1215//1215 1109//1109
f 1110//1110 1216//1216 1215//1215
f 1206//1206 1110//1110 1111//1111
f 1206//1206 1216//1216 1110//1110
f 1111//1111 1103//1103 1206//1206
f 1112//1112 1213//1213 1108//1108
f 1217//1217 1112//1112 1113//1113
f 1217//1217 1213//1213 1112//1112
f 1218//1218 1113//1113 1114//1114
f 1218//1218 1217//1217 1113//1113
f 1114//1114 1219//1219 1218//1218
f 1214//1214 1220//1220 1116//1116
f 1116//1116 1220//1220 1115//1115
f 1116//1116 1109//1109 1214//1214
f 1117//1117 1219//1219 1114//1114
f 1117//1117 1118//1118 1219//1219
f 1219//1219 1118//1118 1221//1221
f 1220//1220 1222//1222 1119//1119
f 1115//1115 1220//1220 1119//1119
f 1118//1118 1120//1120 1221//1221
f 1221//1221 1120//1120 1223//1223
f 1222//1222 1121//1121 1119//1119
f 1222//1222 1224//1224 1121//1121
f 1120//1120 1122//1122 1223//1223
f 1223//1223 1122//1122 1225//1225
f 1224//1224 1123//1123 1121//1121
f 1226//1226 1123//1123 1224//1224
f 1124//1124 1225//1225 1122//1122
f 1124//1124 1227//1227 1225//1225
f 1226//1226 1228//1228 1125//1125
f 1123//1123 1226//1226 1125//1125
f 1124//1124 1126//1126 1227//1227
f 1227//1227 1126//1126 1229//1229
f 1228//1228 1127//1127 1125//1125
f 1228//1228 1230//1230 1127//1127
f 1126//1126 1128//1128 1229//1229
f 1128//1128 1231//1231 1229//1229
f 1230//1230 1129//1129 1127//1127
f 1232//1232 1129//1129 1230//1230
f 1130//1130 1231//1231 1128//1128
f 1130//1130 1233//1233 1231//1231
f 1232//1232 1131//1131 1129//1129
f 1234//1234 1131//1131 1232//1232
f 1132//1132 1233//1233 1130//1130
f 1132//1132 1235//1235 1233//1233
f 1234//1234 1133//1133 1131//1131
f 1236//1236 1133//1133 1234//1234
f 1132//1132 1134//1134 1235//1235
f 1235//1235 1134//1134 1237//1237
f 1236//1236 1135//1135 1133//1133
f 1238//1238 1135//1135 1236//1236
f 1136//1136 1237//1237 1134//1134
f 1136//1136 1239//1239 1237//1237
f 1238//1238 1137//1137 1135//1135
f 1240//1240 1137//1137 1238//1238
f 1138//1138 1239//1239 1136//1136
f 1138//1138 1241//1241 1239//1239
f 1240//1240 1139//1139 1137//1137
f 1242//1242 1139//1139 1240//1240
f 1138//1138 1140//1140 1241//1241
f 1241//1241 1140//1140 1243//1243
f 1242//1242 1141//1141 1139//1139
f 1244//1244 1141//1141 1242//1242
f 1142//1142 1243//1243 1140//1140
f 1142//1142 1245//1245 1243//1243
f 1244//1244 1246//1246 1143//1143
f 1141//1141 1244//1244 1143//1143
f 1144//1144 1245//1245 1142//1142
f 1144//1144 1247//1247 1245//1245
f 1143//1143 1246//1246 1145//1145
f 1145//1145 1246//1246 1248//1248
f 1146//1146 1247//1247 1144//1144
f 1146//1146 1249//1249 1247//1247
f 1248//1248 1147//1147 1145//1145
f 1248//1248 1250//1250 1147//1147
f 1148//1148 1249//1249 1146//1146
f 1148//1148 1251//1251 1249//1249
f 1250//1250 1149//1149 1147//1147
f 1252//1252 1149//1149 1250//1250
f 1148//1148 1150//1150 1251//1251
f 1150//1150 1253//1253 1251//1251
f 1252//1252 1151//1151 1149//1149
f 1254//1254 1151//1151 1252//1252
f 1152//1152 1253//1253 1150//1150
f 1152//1152 1255//1255 1253//1253
f 1151//1151 1256//1256 1153//1153
f 1151//1151 1254//1254 1256//1256
f 1154//1154 1255//1255 1152//1152
f 1154//1154 1257//1257 1255//1255
f 1153//1153 1256//1256 1155//1155
f 1155//1155 1256//1256 1258//1258
f 1156//1156 1257//1257 1154//1154
f 1156//1156 1259//1259 1257//1257
f 1258//1258 1260//1260 1155//1155
f 1157//1157 1155//1155 1260//1260
f 1158//1158 1259//1259 1156//1156
f 1158//1158 1261//1261 1259//1259
f 1260//1260 1159//1159 1157//1157
f 1262//1262 1159//1159 1260//1260
f 1160//1160 1261//1261 1158//1158
f 1160//1160 1263//1263 1261//1261
f 1159//1159 1264//1264 1161//1161
f 1159//1159 1262//1262 1264//1264
f 1162//1162 1263//1263 1160//1160
f 1162//1162 1265//1265 1263//1263
f 1264//1264 1266//1266 1161//1161
f 1163//1163 1161//1161 1266//1266
f 1164//1164 1265//1265 1162//1162
f 1164//1164 1267//1267 1265//1265
f 1266//1266 1268//1268 1163//1163
f 1163//1163 1268//1268 1165//1165
f 1166//1166 1267//1267 1164//1164
f 1166//1166 1269//1269 1267//1267
f 1165//1165 1270//1270 1167//1167
f 1165//1165 1268//1268 1270//1270
f 1168//1168 1269//1269 1166//1166
f 1168//1168 1271//1271 1269//1269
f 1270//1270 1272//1272 1167//1167
f 1169//1169 1167//1167 1272//1272
f 1170//1170 1271//1271 1168//1168
f 1170//1170 1273//1273 1271//1271
f 1169//1169 1274//1274 1171//1171
f 1169//1169 1272//1272 1274//1274
f 1172//1172 1273//1273 1170//1170
f 1172//1172 1275//1275 1273//1273
f 1274//1274 1276//1276 1171//1171
f 1173//1173 1171//1171 1276//1276
f 1174//1174 1275//1275 1172//1172
f 1174//1174 1277//1277 1275//1275
f 1173//1173 1278//1278 1175//1175
f 1173//1173 1276//1276 1278//1278
f 1279//1279 1174//1174 1176//1176
f 1279//1279 1277//1277 1174//1174
f 1278//1278 1280//1280 1175//1175
f 1177//1177 1175//1175 1280//1280
f 1279//1279 1176//1176 1281//1281
f 1281//1281 1176//1176 1178//1178
f 1280//1280 1179//1179 1177//1177
f 1282//1282 1179//1179 1280//1280
f 1180//1180 1283//1283 1178//1178
f 1178//1178 1283//1283 1281//1281
f 1282//1282 1181//1181 1179//1179
f 1284//1284 1181//1181 1282//1282
f 1182//1182 1283//1283 1180//1180
f 1182//1182 1285//1285 1283//1283
f 1284//1284 1183//1183 1181//1181
f 1286//1286 1183//1183 1284//1284
f 1287//1287 1182//1182 1184//1184
f 1287//1287 1285//1285 1182//1182
f 1183//1183 1288//1288 1185//1185
f 1183//1183 1286//1286 1288//1288
f 1287//1287 1184//1184 1289//1289
f 1289//1289 1184//1184 1186//1186
f 1185//1185 1288//1288 1187//1187
f 1187//1187 1288//1288 1290//1290
f 1188//1188 1291//1291 1186//1186
f 1186//1186 1291//1291 1289//1289
f 1290//1290 1292//1292 1187//1187
f 1189//1189 1187//1187 1292//1292
f 1293//1293 1188//1188 1190//1190
f 1293//1293 1291//1291 1188//1188
f 1292//1292 1191//1191 1189//1189
f 1294//1294 1191//1191 1292//1292
f 1192//1192 1295//1295 1190//1190
f 1190//1190 1295//1295 1293//1293
f 1191//1191 1296//1296 1193//1193
f 1191//1191 1294//1294 1296//1296
f 1194//1194 1297//1297 1192//1192
f 1192//1192 1297//1297 1295//1295
f 1296//1296 1298//1298 1193//1193
f 1193//1193 1298//1298 1195//1195
f 1197//1197 1299//1299 1194//1194
f 1194//1194 1299//1299 1297//1297
f 1298//1298 1300//1300 1195//1195
f 1300//1300 1198//1198 1195//1195
f 1300//1300 1301//1301 1198//1198
f 1198//1198 1301//1301 1199//1199
f 1205//1205 1204//1204 1302//1302
f 1205//1205 1303//1303 1196//1196
f 1205//1205 1302//1302 1303//1303
f 1196//1196 1303//1303 1197//1197
f 1197//1197 1303//1303 1304//1304
f 1197//1197 1304//1304 1299//1299
f 1301//1301 1305//1305 1199//1199
f 1199//1199 1305//1305 1200//1200
f 1200//1200 1305//1305 1306//1306
f 1200//1200 1306//1306 1201//1201
f 1201//1201 1306//1306 1307//1307
f 1201//1201 1307//1307 1202//1202
f 1202//1202 1307//1307 1308//1308
f 1202//1202 1308//1308 1203//1203
f 1203//1203 1308//1308 1309//1309
f 1203//1203 1309//1309 1204//1204
f 1204//1204 1309//1309 1310//1310
f 1204//1204 1310//1310 1302//1302
f 1312//1312 1311//1311 1206//1206
f 1207//1207 1312//1312 1206//1206
f 1207//1207 1313//1313 1312//1312
f 1314//1314 1207//1207 1208//1208
f 1314//1314 1313//1313 1207//1207
f 1315//1315 1208//1208 1209//1209
f 1315//1315 1314//1314 1208//1208
f 1316//1316 1209//1209 1210//1210
f 1316//1316 1315//1315 1209//1209
f 1317//1317 1210//1210 1211//1211
f 1317//1317 1316//1316 1210//1210
f 1318//1318 1211//1211 1212//1212
f 1318//1318 1317//1317 1211//1211
f 1319//1319 1212//1212 1213//1213
f 1319//1319 1318//1318 1212//1212
f 1213//1213 1320//1320 1319//1319
f 1322//1322 1321//1321 1215//1215
f 1215//1215 1321//1321 1214//1214
f 1311//1311 1215//1215 1216//1216
f 1311//1311 1322//1322 1215//1215
f 1216//1216 1206//1206 1311//1311
f 1217//1217 1320//1320 1213//1213
f 1323//1323 1217//1217 1218//1218
f 1323//1323 1320//1320 1217//1217
f 1218//1218 1219//1219 1323//1323
f 1323//1323 1219//1219 1324//1324
f 1326//1326 1325//1325 1220//1220
f 1214//1214 1326//1326 1220//1220
f 1214//1214 1321//1321 1326//1326
f 1327//1327 1219//1219 1221//1221
f 1327//1327 1324//1324 1219//1219
f 1221//1221 1328//1328 1327//1327
f 1325//1325 1222//1222 1220//1220
f 1325//1325 1329//1329 1222//1222
f 1223//1223 1328//1328 1221//1221
f 1223//1223 1330//1330 1328//1328
f 1329//1329 1331//1331 1224//1224
f 1222//1222 1329//1329 1224//1224
f 1223//1223 1225//1225 1330//1330
f 1330//1330 1225//1225 1332//1332
f 1224//1224 1331//1331 1226//1226
f 1226//1226 1331//1331 1333//1333
f 1225//1225 1227//1227 1332//1332
f 1227//1227 1334//1334 1332//1332
f 1333//1333 1228//1228 1226//1226
f 1333//1333 1335//1335 1228//1228
f 1229//1229 1334//1334 1227//1227
f 1229//1229 1336//1336 1334//1334
f 1335//1335 1230//1230 1228//1228
f 1337//1337 1230//1230 1335//1335
f 1229//1229 1231//1231 1336//1336
f 1336//1336 1231//1231 1338//1338
f 1337//1337 1232//1232 1230//1230
f 1339//1339 1232//1232 1337//1337
f 1233//1233 1338//1338 1231//1231
f 1233//1233 1340//1340 1338//1338
f 1339//1339 1234//1234 1232//1232
f 1341//1341 1234//1234 1339//1339
f 1235//1235 1340//1340 1233//1233
f 1235//1235 1342//1342 1340//1340
f 1341//1341 1236//1236 1234//1234
f 1343//1343 1236//1236 1341//1341
f 1235//1235 1237//1237 1342//1342
f 1342//1342 1237//1237 1344//1344
f 1343//1343 1238//1238 1236//1236
f 1345//1345 1238//1238 1343//1343
f 1239//1239 1344//1344 1237//1237
f 1239//1239 1346//1346 1344//1344
f 1345//1345 1240//1240 1238//1238
f 1347//1347 1240//1240 1345//1345
f 1241//1241 1346//1346 1239//1239
f 1241//1241 1348//1348 1346//1346
f 1347//1347 1242//1242 1240//1240
f 1349//1349 1242//1242 1347//1347
f 1241//1241 1243//1243 1348//1348
f 1348//1348 1243//1243 1350//1350
f 1349//1349 1351//1351 1244//1244
f 1242//1242 1349//1349 1244//1244
f 1245//1245 1350//1350 1243//1243
f 1245//1245 1352//1352 1350//1350
f 1351//1351 1246//1246 1244//1244
f 1351//1351 1353//1353 1246//1246
f 1247//1247 1352//1352 1245//1245
f 1247//1247 1354//1354 1352//1352
f 1353//1353 1248//1248 1246//1246
f 1355//1355 1248//1248 1353//1353
f 1249//1249 1354//1354 1247//1247
f 1249//1249 1356//1356 1354//1354
f 1355//1355 1250//1250 1248//1248
f 1357//1357 1250//1250 1355//1355
f 1251//1251 1356//1356 1249//1249
f 1251//1251 1358//1358 1356//1356
f 1357//1357 1252//1252 1250//1250
f 1359//1359 1252//1252 1357//1357
f 1251//1251 1253//1253 1358//1358
f 1358//1358 1253//1253 1360//1360
f 1359//1359 1254//1254 1252//1252
f 1361//1361 1254//1254 1359//1359
f 1255//1255 1360//1360 1253//1253
f 1255//1255 1362//1362 1360//1360
f 1361//1361 1256//1256 1254//1254
f 1363//1363 1256//1256 1361//1361
f 1257//1257 1362//1362 1255//1255
f 1257//1257 1364//1364 1362//1362
f 1363//1363 1258//1258 1256//1256
f 1365//1365 1258//1258 1363//1363
f 1259//1259 1364//1364 1257//1257
f 1259//1259 1366//1366 1364//1364
f 1258//1258 1367//1367 1260//1260
f 1258//1258 1365//1365 1367//1367
f 1261//1261 1366//1366 1259//1259
f 1261//1261 1368//1368 1366//1366
f 1367//1367 1369//1369 1260//1260
f 1262//1262 1260//1260 1369//1369
f 1263//1263 1368//1368 1261//1261
f 1263//1263 1370//1370 1368//1368
f 1369//1369 1264//1264 1262//1262
f 1371//1371 1264//1264 1369//1369
f 1265//1265 1370//1370 1263//1263
f 1265//1265 1372//1372 1370//1370
f 1264//1264 1373//1373 1266//1266
f 1264//1264 1371//1371 1373//1373
f 1267//1267 1372//1372 1265//1265
f 1267//1267 1374//1374 1372//1372
f 1373//1373 1375//1375 1266//1266
f 1266//1266 1375//1375 1268//1268
f 1269//1269 1374//1374 1267//1267
f 1269//1269 1376//1376 1374//1374
f 1375//1375 1377//1377 1268//1268
f 1270//1270 1268//1268 1377//1377
f 1271//1271 1376//1376 1269//1269
f 1271//1271 1378//1378 1376//1376
f 1270//1270 1379//1379 1272//1272
f 1270//1270 1377//1377 1379//1379
f 1273//1273 1378//1378 1271//1271
f 1273//1273 1380//1380 1378//1378
f 1379//1379 1381//1381 1272//1272
f 1274//1274 1272//1272 1381//1381
f 1275//1275 1380//1380 1273//1273
f 1275//1275 1382//1382 1380//1380
f 1274//1274 1383//1383 1276//1276
f 1274//1274 1381//1381 1383//1383
f 1277//1277 1382//1382 1275//1275
f 1277//1277 1384//1384 1382//1382
f 1383//1383 1385//1385 1276//1276
f 1278//1278 1276//1276 1385//1385
f 1279//1279 1384//1384 1277//1277
f 1279//1279 1386//1386 1384//1384
f 1278//1278 1387//1387 1280//1280
f 1278//1278 1385//1385 1387//1387
f 1281//1281 1386//1386 1279//1279
f 1281//1281 1388//1388 1386//1386
f 1280//1280 1387//1387 1282//1282
f 1282//1282 1387//1387 1389//1389
f 1390//1390 1281//1281 1283//1283
f 1390//1390 1388//1388 1281//1281
f 1389//1389 1391//1391 1282//1282
f 1284//1284 1282//1282 1391//1391
f 1285//1285 1392//1392 1283//1283
f 1283//1283 1392//1392 1390//1390
f 1391//1391 1286//1286 1284//1284
f 1393//1393 1286//1286 1391//1391
f 1287//1287 1392//1392 1285//1285
f 1287//1287 1394//1394 1392//1392
f 1393//1393 1288//1288 1286//1286
f 1395//1395 1288//1288 1393//1393
f 1289//1289 1394//1394 1287//1287
f 1289//1289 1396//1396 1394//1394
f 1395//1395 1290//1290 1288//1288
f 1397//1397 1290//1290 1395//1395
f 1398//1398 1289//1289 1291//1291
f 1398//1398 1396//1396 1289//1289
f 1290//1290 1399//1399 1292//1292
f 1290//1290 1397//1397 1399//1399
f 1293//1293 1400//1400 1291//1291
f 1291//1291 1400//1400 1398//1398
f 1399//1399 1401//1401 1292//1292
f 1294//1294 1292//1292 1401//1401
f 1293//1293 1295//1295 1400//1400
f 1400//1400 1295//1295 1402//1402
f 1401//1401 1296//1296 1294//1294
f 1403//1403 1296//1296 1401//1401
f 1404//1404 1295//1295 1297//1297
f 1404//1404 1402//1402 1295//1295
f 1403//1403 1405//1405 1296//1296
f 1296//1296 1405//1405 1298//1298
f 1299//1299 1406//1406 1297//1297
f 1297//1297 1406//1406 1404//1404
f 1405//1405 1407//1407 1298//1298
f 1298//1298 1407//1407 1300//1300
f 1300//1300 1407//1407 1301//1301
f 1304//1304 1303//1303 1408//1408
f 1304//1304 1409//1409 1299//1299
f 1304//1304 1408//1408 1409//1409
f 1299//1299 1409//1409 1406//1406
f 1407//1407 1410//1410 1301//1301
f 1410//1410 1305//1305 1301//1301
f 1410//1410 1411//1411 1305//1305
f 1305//1305 1412//1412 1306//1306
f 1411//1411 1412//1412 1305//1305
f 1306//1306 1413//1413 1307//1307
f 1412//1412 1413//1413 1306//1306
f 1307//1307 1414//1414 1308//1308
f 1413//1413 1414//1414 1307//1307
f 1308//1308 1415//1415 1309//1309
f 1414//1414 1415//1415 1308//1308
f 1309//1309 1416//1416 1310//1310
f 1415//1415 1416//1416 1309//1309
f 1310//1310 1417//1417 1302//1302
f 1310//1310 1416//1416 1417//1417
f 1302//1302 1417//1417 1303//1303
f 1303//1303 1417//1417 1418//1418
f 1303//1303 1418//1418 1408//1408
f 1420//1420 1419//1419 1311//1311
f 1312//1312 1420//1420 1311//1311
f 1312//1312 1421//1421 1420//1420
f 1422//1422 1312//1312 1313//1313
f 1422//1422 1421//1421 1312//1312
f 1423//1423 1313//1313 1314//1314
f 1423//1423 1422//1422 1313//1313
f 1424//1424 1314//1314 1315//1315
f 1424//1424 1423//1423 1314//1314
f 1425//1425 1315//1315 1316//1316
f 1425//1425 1424//1424 1315//1315
f 1426//1426 1316//1316 1317//1317
f 1426//1426 1425//1425 1316//1316
f 1427//1427 1317//1317 1318//1318
f 1427//1427 1426//1426 1317//1317
f 1428//1428 1318//1318 1319//1319
f 1428//1428 1427//1427 1318//1318
f 1319//1319 1320//1320 1428//1428
f 1428//1428 1320//1320 1429//1429
f 1431//1431 1430//1430 1321//1321
f 1322//1322 1431//1431 1321//1321
f 1322//1322 1419//1419 1431//1431
f 1322//1322 1311//1311 1419//1419
f 1432//1432 1320//1320 1323//1323
f 1432//1432 1429//1429 1320//1320
f 1433//1433 1323//1323 1324//1324
f 1433//1433 1432//1432 1323//1323
f 1324//1324 1434//1434 1433//1433
f 1430//1430 1435//1435 1326//1326
f 1326//1326 1435//1435 1325//1325
f 1326//1326 1321//1321 1430//1430
f 1327//1327 1434//1434 1324//1324
f 1327//1327 1328//1328 1434//1434
f 1434//1434 1328//1328 1436//1436
f 1435//1435 1329//1329 1325//1325
f 1437//1437 1329//1329 1435//1435
f 1328//1328 1330//1330 1436//1436
f 1330//1330 1438//1438 1436//1436
f 1437//1437 1439//1439 1329//1329
f 1329//1329 1439//1439 1331//1331
f 1332//1332 1438//1438 1330//1330
f 1332//1332 1440//1440 1438//1438
f 1439//1439 1333//1333 1331//1331
f 1441//1441 1333//1333 1439//1439
f 1332//1332 1334//1334 1440//1440
f 1440//1440 1334//1334 1442//1442
f 1441//1441 1335//1335 1333//1333
f 1443//1443 1335//1335 1441//1441
f 1336//1336 1442//1442 1334//1334
f 1336//1336 1444//1444 1442//1442
f 1443//1443 1337//1337 1335//1335
f 1445//1445 1337//1337 1443//1443
f 1336//1336 1338//1338 1444//1444
f 1444//1444 1338//1338 1446//1446
f 1445//1445 1339//1339 1337//1337
f 1447//1447 1339//1339 1445//1445
f 1340//1340 1446//1446 1338//1338
f 1340//1340 1448//1448 1446//1446
f 1447//1447 1341//1341 1339//1339
f 1449//1449 1341//1341 1447//1447
f 1342//1342 1448//1448 1340//1340
f 1342//1342 1450//1450 1448//1448
f 1449//1449 1343//1343 1341//1341
f 1451//1451 1343//1343 1449//1449
f 1342//1342 1344//1344 1450//1450
f 1450//1450 1344//1344 1452//1452
f 1451//1451 1345//1345 1343//1343
f 1453//1453 1345//1345 1451//1451
f 1346//1346 1452//1452 1344//1344
f 1346//1346 1454//1454 1452//1452
f 1453//1453 1455//1455 1347//1347
f 1345//1345 1453//1453 1347//1347
f 1348//1348 1454//1454 1346//1346
f 1348//1348 1456//1456 1454//1454
f 1347//1347 1455//1455 1349//1349
f 1349//1349 1455//1455 1457//1457
f 1348//1348 1350//1350 1456//1456
f 1456//1456 1350//1350 1458//1458
f 1457//1457 1351//1351 1349//1349
f 1457//1457 1459//1459 1351//1351
f 1352//1352 1458//1458 1350//1350
f 1352//1352 1460//1460 1458//1458
f 1459//1459 1353//1353 1351//1351
f 1461//1461 1353//1353 1459//1459
f 1354//1354 1460//1460 1352//1352
f 1354//1354 1462//1462 1460//1460
f 1461//1461 1355//1355 1353//1353
f 1463//1463 1355//1355 1461//1461
f 1356//1356 1462//1462 1354//1354
f 1356//1356 1464//1464 1462//1462
f 1463//1463 1357//1357 1355//1355
f 1465//1465 1357//1357 1463//1463
f 1358//1358 1464//1464 1356//1356
f 1358//1358 1466//1466 1464//1464
f 1465//1465 1359//1359 1357//1357
f 1467//1467 1359//1359 1465//1465
f 1358//1358 1360//1360 1466//1466
f 1466//1466 1360//1360 1468//1468
f 1467//1467 1361//1361 1359//1359
f 1469//1469 1361//1361 1467//1467
f 1362//1362 1468//1468 1360//1360
f 1362//1362 1470//1470 1468//1468
f 1469//1469 1363//1363 1361//1361
f 1471//1471 1363//1363 1469//1469
f 1364//1364 1470//1470 1362//1362
f 1364//1364 1472//1472 1470//1470
f 1471//1471 1365//1365 1363//1363
f 1473//1473 1365//1365 1471//1471
f 1366//1366 1472//1472 1364//1364
f 1366//1366 1474//1474 1472//1472
f 1473//1473 1367//1367 1365//1365
f 1475//1475 1367//1367 1473//1473
f 1368//1368 1474//1474 1366//1366
f 1368//1368 1476//1476 1474//1474
f 1367//1367 1477//1477 1369//1369
f 1367//1367 1475//1475 1477//1477
f 1370//1370 1476//1476 1368//1368
f 1370//1370 1478//1478 1476//1476
f 1477//1477 1479//1479 1369//1369
f 1371//1371 1369//1369 1479//1479
f 1372//1372 1478//1478 1370//1370
f 1372//1372 1480//1480 1478//1478
f 1479//1479 1373//1373 1371//1371
f 1481//1481 1373//1373 1479//1479
f 1374//1374 1480//1480 1372//1372
f 1374//1374 1482//1482 1480//1480
f 1481//1481 1483//1483 1373//1373
f 1373//1373 1483//1483 1375//1375
f 1376//1376 1482//1482 1374//1374
f 1376//1376 1484//1484 1482//1482
f 1375//1375 1485//1485 1377//1377
f 1375//1375 1483//1483 1485//1485
f 1378//1378 1484//1484 1376//1376
f 1378//1378 1486//1486 1484//1484
f 1485//1485 1487//1487 1377//1377
f 1379//1379 1377//1377 1487//1487
f 1380//1380 1486//1486 1378//1378
f 1380//1380 1488//1488 1486//1486
f 1379//1379 1489//1489 1381//1381
f 1379//1379 1487//1487 1489//1489
f 1382//1382 1488//1488 1380//1380
f 1382//1382 1490//1490 1488//1488
f 1489//1489 1491//1491 1381//1381
f 1383//1383 1381//1381 1491//1491
f 1384//1384 1490//1490 1382//1382
f 1384//1384 1492//1492 1490//1490
f 1383//1383 1493//1493 1385//1385
f 1383//1383 1491//1491 1493//1493
f 1386//1386 1492//1492 1384//1384
f 1386//1386 1494//1494 1492//1492
f 1493//1493 1495//1495 1385//1385
f 1387//1387 1385//1385 1495//1495
f 1388//1388 1494//1494 1386//1386
f 1388//1388 1496//1496 1494//1494
f 1495//1495 1389//1389 1387//1387
f 1497//1497 1389//1389 1495//1495
f 1390//1390 1496//1496 1388//1388
f 1390//1390 1498//1498 1496//1496
f 1389//1389 1499//1499 1391//1391
f 1389//1389 1497//1497 1499//1499
f 1500//1500 1390//1390 1392//1392
f 1500//1500 1498//1498 1390//1390
f 1499//1499 1501//1501 1391//1391
f 1393//1393 1391//1391 1501//1501
f 1394//1394 1502//1502 1392//1392
f 1392//1392 1502//1502 1500//1500
f 1501//1501 1395//1395 1393//1393
f 1503//1503 1395//1395 1501//1501
f 1396//1396 1502//1502 1394//1394
f 1396//1396 1504//1504 1502//1502
f 1503//1503 1397//1397 1395//1395
f 1505//1505 1397//1397 1503//1503
f 1398//1398 1504//1504 1396//1396
f 1398//1398 1506//1506 1504//1504
f 1505//1505 1399//1399 1397//1397
f 1507//1507 1399//1399 1505//1505
f 1398//1398 1400//1400 1506//1506
f 1506//1506 1400//1400 1508//1508
f 1399//1399 1509//1509 1401//1401
f 1399//1399 1507//1507 1509//1509
f 1510//1510 1400//1400 1402//1402
f 1510//1510 1508//1508 1400//1400
f 1509//1509 1511//1511 1401//1401
f 1403//1403 1401//1401 1511//1511
f 1404//1404 1512//1512 1402//1402
f 1402//1402 1512//1512 1510//1510
f 1403//1403 1513//1513 1405//1405
f 1403//1403 1511//1511 1513//1513
f 1404//1404 1406//1406 1512//1512
f 1512//1512 1406//1406 1514//1514
f 1513//1513 1515//1515 1405//1405
f 1515//1515 1407//1407 1405//1405
f 1515//1515 1516//1516 1407//1407
f 1409//1409 1408//1408 1517//1517
f 1406//1406 1409//1409 1514//1514
f 1514//1514 1409//1409 1517//1517
f 1516//1516 1518//1518 1407//1407
f 1407//1407 1518//1518 1410//1410
f 1410//1410 1519//1519 1411//1411
f 1518//1518 1519//1519 1410//1410
f 1411//1411 1520//1520 1412//1412
f 1519//1519 1520//1520 1411//1411
f 1412//1412 1520//1520 1413//1413
f 1417//1417 1416//1416 1521//1521
f 1417//1417 1522//1522 1418//1418
f 1521//1521 1522//1522 1417//1417
f 1418//1418 1523//1523 1408//1408
f 1418//1418 1522//1522 1523//1523
f 1408//1408 1523//1523 1517//1517
f 1520//1520 1524//1524 1413//1413
f 1413//1413 1524//1524 1414//1414
f 1414//1414 1524//1524 1525//1525
f 1414//1414 1525//1525 1415//1415
f 1415//1415 1525//1525 1526//1526
f 1415//1415 1526//1526 1416//1416
f 1416//1416 1526//1526 1527//1527
f 1416//1416 1527//1527 1521//1521
f 1529//1529 1528//1528 1420//1420
f 1420//1420 1528//1528 1419//1419
f 1530//1530 1420//1420 1421//1421
f 1530//1530 1529//1529 1420//1420
f 1531//1531 1421//1421 1422//1422
f 1531//1531 1530//1530 1421//1421
f 1532//1532 1422//1422 1423//1423
f 1532//1532 1531//1531 1422//1422
f 1533//1533 1423//1423 1424//1424
f 1533//1533 1532//1532 1423//1423
f 1534//1534 1424//1424 1425//1425
f 1534//1534 1533//1533 1424//1424
f 1535//1535 1425//1425 1426//1426
f 1535//1535 1534//1534 1425//1425
f 1536//1536 1426//1426 1427//1427
f 1536//1536 1535//1535 1426//1426
f 1537//1537 1427//1427 1428//1428
f 1537//1537 1536//1536 1427//1427
f 1538//1538 1428//1428 1429//1429
f 1538//1538 1537//1537 1428//1428
f 1429//1429 1539//1539 1538//1538
f 1541//1541 1540//1540 1431//1431
f 1431//1431 1540//1540 1430//1430
f 1528//1528 1431//1431 1419//1419
f 1528//1528 1541//1541 1431//1431
f 1432//1432 1539//1539 1429//1429
f 1542//1542 1432//1432 1433//1433
f 1542//1542 1539//1539 1432//1432
f 1433//1433 1434//1434 1542//1542
f 1542//1542 1434//1434 1543//1543
f 1540//1540 1544//1544 1430//1430
f 1430//1430 1544//1544 1435//1435
f 1434//1434 1436//1436 1543//1543
f 1543//1543 1436//1436 1545//1545
f 1544//1544 1546//1546 1437//1437
f 1435//1435 1544//1544 1437//1437
f 1436//1436 1438//1438 1545//1545
f 1545//1545 1438//1438 1547//1547
f 1546//1546 1439//1439 1437//1437
f 1546//1546 1548//1548 1439//1439
f 1440//1440 1547//1547 1438//1438
f 1440//1440 1549//1549 1547//1547
f 1548//1548 1441//1441 1439//1439
f 1550//1550 1441//1441 1548//1548
f 1440//1440 1442//1442 1549//1549
f 1549//1549 1442//1442 1551//1551
f 1550//1550 1443//1443 1441//1441
f 1552//1552 1443//1443 1550//1550
f 1444//1444 1551//1551 1442//1442
f 1444//1444 1553//1553 1551//1551
f 1552//1552 1445//1445 1443//1443
f 1554//1554 1445//1445 1552//1552
f 1444//1444 1446//1446 1553//1553
f 1553//1553 1446//1446 1555//1555
f 1554//1554 1447//1447 1445//1445
f 1556//1556 1447//1447 1554//1554
f 1448//1448 1555//1555 1446//1446
f 1448//1448 1557//1557 1555//1555
f 1556//1556 1449//1449 1447//1447
f 1558//1558 1449//1449 1556//1556
f 1450//1450 1557//1557 1448//1448
f 1450//1450 1559//1559 1557//1557
f 1558//1558 1560//1560 1451//1451
f 1449//1449 1558//1558 1451//1451
f 1450//1450 1452//1452 1559//1559
f 1559//1559 1452//1452 1561//1561
f 1451//1451 1560//1560 1453//1453
f 1453//1453 1560//1560 1562//1562
f 1454//1454 1561//1561 1452//1452
f 1454//1454 1563//1563 1561//1561
f 1562//1562 1455//1455 1453//1453
f 1562//1562 1564//1564 1455//1455
f 1456//1456 1563//1563 1454//1454
f 1456//1456 1565//1565 1563//1563
f 1564//1564 1457//1457 1455//1455
f 1566//1566 1457//1457 1564//1564
f 1456//1456 1458//1458 1565//1565
f 1565//1565 1458//1458 1567//1567
f 1566//1566 1459//1459 1457//1457
f 1568//1568 1459//1459 1566//1566
f 1460//1460 1567//1567 1458//1458
f 1460//1460 1569//1569 1567//1567
f 1568//1568 1461//1461 1459//1459
f 1570//1570 1461//1461 1568//1568
f 1462//1462 1569//1569 1460//1460
f 1462//1462 1571//1571 1569//1569
f 1570//1570 1463//1463 1461//1461
f 1572//1572 1463//1463 1570//1570
f 1464//1464 1571//1571 1462//1462
f 1464//1464 1573//1573 1571//1571
f 1572//1572 1465//1465 1463//1463
f 1574//1574 1465//1465 1572//1572
f 1466//1466 1573//1573 1464//1464
f 1466//1466 1575//1575 1573//1573
f 1574//1574 1467//1467 1465//1465
f 1576//1576 1467//1467 1574//1574
f 1466//1466 1468//1468 1575//1575
f 1575//1575 1468//1468 1577//1577
f 1576//1576 1469//1469 1467//1467
f 1578//1578 1469//1469 1576//1576
f 1470//1470 1577//1577 1468//1468
f 1470//1470 1579//1579 1577//1577
f 1578//1578 1471//1471 1469//1469
f 1580//1580 1471//1471 1578//1578
f 1472//1472 1579//1579 1470//1470
f 1472//1472 1581//1581 1579//1579
f 1580//1580 1473//1473 1471//1471
f 1582//1582 1473//1473 1580//1580
f 1474//1474 1581//1581 1472//1472
f 1474//1474 1583//1583 1581//1581
f 1582//1582 1475//1475 1473//1473
f 1584//1584 1475//1475 1582//1582
f 1476//1476 1583//1583 1474//1474
f 1476//1476 1585//1585 1583//1583
f 1584//1584 1477//1477 1475//1475
f 1586//1586 1477//1477 1584//1584
f 1478//1478 1585//1585 1476//1476
f 1478//1478 1587//1587 1585//1585
f 1477//1477 1588//1588 1479//1479
f 1477//1477 1586//1586 1588//1588
f 1480//1480 1587//1587 1478//1478
f 1480//1480 1589//1589 1587//1587
f 1588//1588 1590//1590 1479//1479
f 1481//1481 1479//1479 1590//1590
f 1482//1482 1589//1589 1480//1480
f 1482//1482 1591//1591 1589//1589
f 1481//1481 1592//1592 1483//1483
f 1481//1481 1590//1590 1592//1592
f 1484//1484 1591//1591 1482//1482
f 1484//1484 1593//1593 1591//1591
f 1592//1592 1594//1594 1483//1483
f 1485//1485 1483//1483 1594//1594
f 1486//1486 1593//1593 1484//1484
f 1486//1486 1595//1595 1593//1593
f 1485//1485 1596//1596 1487//1487
f 1485//1485 1594//1594 1596//1596
f 1488//1488 1595//1595 1486//1486
f 1488//1488 1597//1597 1595//1595
f 1596//1596 1598//1598 1487//1487
f 1489//1489 1487//1487 1598//1598
f 1490//1490 1597//1597 1488//1488
f 1490//1490 1599//1599 1597//1597
f 1489//1489 1600//1600 1491//1491
f 1489//1489 1598//1598 1600//1600
f 1492//1492 1599//1599 1490//1490
f 1492//1492 1601//1601 1599//1599
f 1600//1600 1602//1602 1491//1491
f 1493//1493 1491//1491 1602//1602
f 1494//1494 1601//1601 1492//1492
f 1494//1494 1603//1603 1601//1601
f 1493//1493 1604//1604 1495//1495
f 1493//1493 1602//1602 1604//1604
f 1496//1496 1603//1603 1494//1494
f 1496//1496 1605//1605 1603//1603
f 1604//1604 1606//1606 1495//1495
f 1497//1497 1495//1495 1606//1606
f 1498//1498 1605//1605 1496//1496
f 1498//1498 1607//1607 1605//1605
f 1606//1606 1499//1499 1497//1497
f 1608//1608 1499//1499 1606//1606
f 1500//1500 1607//1607 1498//1498
f 1500//1500 1609//1609 1607//1607
f 1499//1499 1610//1610 1501//1501
f 1499//1499 1608//1608 1610//1610
f 1611//1611 1500//1500 1502//1502
f 1611//1611 1609//1609 1500//1500
f 1501//1501 1610//1610 1503//1503
f 1503//1503 1610//1610 1612//1612
f 1504//1504 1613//1613 1502//1502
f 1502//1502 1613//1613 1611//1611
f 1612//1612 1614//1614 1503//1503
f 1505//1505 1503//1503 1614//1614
f 1506//1506 1613//1613 1504//1504
f 1506//1506 1615//1615 1613//1613
f 1614//1614 1507//1507 1505//1505
f 1616//1616 1507//1507 1614//1614
f 1617//1617 1506//1506 1508//1508
f 1617//1617 1615//1615 1506//1506
f 1616//1616 1509//1509 1507//1507
f 1618//1618 1509//1509 1616//1616
f 1510//1510 1619//1619 1508//1508
f 1508//1508 1619//1619 1617//1617
f 1618//1618 1620//1620 1509//1509
f 1509//1509 1620//1620 1511//1511
f 1510//1510 1512//1512 1619//1619
f 1619//1619 1512//1512 1621//1621
f 1620//1620 1513//1513 1511//1511
f 1622//1622 1513//1513 1620//1620
f 1623//1623 1512//1512 1514//1514
f 1623//1623 1621//1621 1512//1512
f 1622//1622 1624//1624 1513//1513
f 1513//1513 1624//1624 1515//1515
f 1515//1515 1624//1624 1516//1516
f 1517//1517 1626//1626 1514//1514
f 1517//1517 1625//1625 1626//1626
f 1514//1514 1626//1626 1623//1623
f 1624//1624 1627//1627 1516//1516
f 1627//1627 1518//1518 1516//1516
f 1627//1627 1628//1628 1518//1518
f 1518//1518 1629//1629 1519//1519
f 1628//1628 1629//1629 1518//1518
f 1519//1519 1629//1629 1520//1520
f 1522//1522 1521//1521 1630//1630
f 1522//1522 1631//1631 1523//1523
f 1630//1630 1631//1631 1522//1522
f 1517//1517 1523//1523 1625//1625
f 1625//1625 1523//1523 1631//1631
f 1629//1629 1632//1632 1520//1520
f 1632//1632 1524//1524 1520//1520
f 1632//1632 1633//1633 1524//1524
f 1524//1524 1634//1634 1525//1525
f 1633//1633 1634//1634 1524//1524
f 1525//1525 1635//1635 1526//1526
f 1634//1634 1635//1635 1525//1525
f 1526//1526 1636//1636 1527//1527
f 1635//1635 1636//1636 1526//1526
f 1527//1527 1637//1637 1521//1521
f 1527//1527 1636//1636 1637//1637
f 1521//1521 1637//1637 1630//1630
f 1639//1639 1638//1638 1529//1529
f 1529//1529 1638//1638 1528//1528
f 1640//1640 1529//1529 1530//1530
f 1640//1640 1639//1639 1529//1529
f 1641//1641 1530//1530 1531//1531
f 1641//1641 1640//1640 1530//1530
f 1642//1642 1531//1531 1532//1532
f 1642//1642 1641//1641 1531//1531
f 1643//1643 1532//1532 1533//1533
f 1643//1643 1642//1642 1532//1532
f 1644//1644 1533//1533 1534//1534
f 1644//1644 1643//1643 1533//1533
f 1645//1645 1534//1534 1535//1535
f 1645//1645 1644//1644 1534//1534
f 1646//1646 1535//1535 1536//1536
f 1646//1646 1645//1645 1535//1535
f 1647//1647 1536//1536 1537//1537
f 1647//1647 1646//1646 1536//1536
f 1648//1648 1537//1537 1538//1538
f 1648//1648 1647//1647 1537//1537
f 1538//1538 1539//1539 1648//1648
f 1648//1648 1539//1539 1649//1649
f 1651//1651 1650//1650 1541//1541
f 1541//1541 1650//1650 1540//1540
f 1638//1638 1541//1541 1528//1528
f 1638//1638 1651//1651 1541//1541
f 1652//1652 1539//1539 1542//1542
f 1652//1652 1649//1649 1539//1539
f 1542//1542 1543//1543 1652//1652
f 1652//1652 1543//1543 1653//1653
f 1650//1650 1654//1654 1540//1540
f 1540//1540 1654//1654 1544//1544
f 1543//1543 1545//1545 1653//1653
f 1653//1653 1545//1545 1655//1655
f 1654//1654 1656//1656 1544//1544
f 1544//1544 1656//1656 1546//1546
f 1545//1545 1547//1547 1655//1655
f 1655//1655 1547//1547 1657//1657
f 1656//1656 1548//1548 1546//1546
f 1658//1658 1548//1548 1656//1656
f 1549//1549 1657//1657 1547//1547
f 1549//1549 1659//1659 1657//1657
f 1658//1658 1550//1550 1548//1548
f 1660//1660 1550//1550 1658//1658
f 1549//1549 1551//1551 1659//1659
f 1659//1659 1551//1551 1661//1661
f 1660//1660 1552//1552 1550//1550
f 1662//1662 1552//1552 1660//1660
f 1553//1553 1661//1661 1551//1551
f 1553//1553 1663//1663 1661//1661
f 1662//1662 1664//1664 1554//1554
f 1552//1552 1662//1662 1554//1554
f 1553//1553 1555//1555 1663//1663
f 1663//1663 1555//1555 1665//1665
f 1554//1554 1664//1664 1556//1556
f 1556//1556 1664//1664 1666//1666
f 1557//1557 1665//1665 1555//1555
f 1557//1557 1667//1667 1665//1665
f 1556//1556 1666//1666 1558//1558
f 1558//1558 1666//1666 1668//1668
f 1559//1559 1667//1667 1557//1557
f 1559//1559 1669//1669 1667//1667
f 1668//1668 1560//1560 1558//1558
f 1668//1668 1670//1670 1560//1560
f 1559//1559 1561//1561 1669//1669
f 1669//1669 1561//1561 1671//1671
f 1670//1670 1562//1562 1560//1560
f 1672//1672 1562//1562 1670//1670
f 1563//1563 1671//1671 1561//1561
f 1563//1563 1673//1673 1671//1671
f 1672//1672 1564//1564 1562//1562
f 1674//1674 1564//1564 1672//1672
f 1565//1565 1673//1673 1563//1563
f 1565//1565 1675//1675 1673//1673
f 1674//1674 1566//1566 1564//1564
f 1676//1676 1566//1566 1674//1674
f 1565//1565 1567//1567 1675//1675
f 1675//1675 1567//1567 1677//1677
f 1676//1676 1568//1568 1566//1566
f 1678//1678 1568//1568 1676//1676
f 1569//1569 1677//1677 1567//1567
f 1569//1569 1679//1679 1677//1677
f 1678//1678 1570//1570 1568//1568
f 1680//1680 1570//1570 1678//1678
f 1571//1571 1679//1679 1569//1569
f 1571//1571 1681//1681 1679//1679
f 1680//1680 1572//1572 1570//1570
f 1682//1682 1572//1572 1680//1680
f 1573//1573 1681//1681 1571//1571
f 1573//1573 1683//1683 1681//1681
f 1682//1682 1574//1574 1572//1572
f 1684//1684 1574//1574 1682//1682
f 1575//1575 1683//1683 1573//1573
f 1575//1575 1685//1685 1683//1683
f 1684//1684 1576//1576 1574//1574
f 1686//1686 1576//1576 1684//1684
f 1575//1575 1577//1577 1685//1685
f 1685//1685 1577//1577 1687//1687
f 1686//1686 1578//1578 1576//1576
f 1688//1688 1578//1578 1686//1686
f 1579//1579 1687//1687 1577//1577
f 1579//1579 1689//1689 1687//1687
f 1688//1688 1580//1580 1578//1578
f 1690//1690 1580//1580 1688//1688
f 1581//1581 1689//1689 1579//1579
f 1581//1581 1691//1691 1689//1689
f 1690//1690 1582//1582 1580//1580
f 1692//1692 1582//1582 1690//1690
f 1583//1583 1691//1691 1581//1581
f 1583//1583 1693//1693 1691//1691
f 1692//1692 1584//1584 1582//1582
f 1694//1694 1584//1584 1692//1692
f 1585//1585 1693//1693 1583//1583
f 1585//1585 1695//1695 1693//1693
f 1694//1694 1586//1586 1584//1584
f 1696//1696 1586//1586 1694//1694
f 1587//1587 1695//1695 1585//1585
f 1587//1587 1697//1697 1695//1695
f 1696//1696 1588//1588 1586//1586
f 1698//1698 1588//1588 1696//1696
f 1589//1589 1697//1697 1587//1587
f 1589//1589 1699//1699 1697//1697
f 1698//1698 1700//1700 1588//1588
f 1588//1588 1700//1700 1590//1590
f 1591//1591 1699//1699 1589//1589
f 1591//1591 1701//1701 1699//1699
f 1700//1700 1592//1592 1590//1590
f 1702//1702 1592//1592 1700//1700
f 1593//1593 1701//1701 1591//1591
f 1593//1593 1703//1703 1701//1701
f 1592//1592 1704//1704 1594//1594
f 1592//1592 1702//1702 1704//1704
f 1595//1595 1703//1703 1593//1593
f 1595//1595 1705//1705 1703//1703
f 1704//1704 1706//1706 1594//1594
f 1596//1596 1594//1594 1706//1706
f 1597//1597 1705//1705 1595//1595
f 1597//1597 1707//1707 1705//1705
f 1596//1596 1708//1708 1598//1598
f 1596//1596 1706//1706 1708//1708
f 1599//1599 1707//1707 1597//1597
f 1599//1599 1709//1709 1707//1707
f 1708//1708 1710//1710 1598//1598
f 1600//1600 1598//1598 1710//1710
f 1601//1601 1709//1709 1599//1599
f 1601//1601 1711//1711 1709//1709
f 1600//1600 1712//1712 1602//1602
f 1600//1600 1710//1710 1712//1712
f 1603//1603 1711//1711 1601//1601
f 1603//1603 1713//1713 1711//1711
f 1712//1712 1714//1714 1602//1602
f 1604//1604 1602//1602 1714//1714
f 1605//1605 1713//1713 1603//1603
f 1605//1605 1715//1715 1713//1713
f 1604//1604 1716//1716 1606//1606
f 1604//1604 1714//1714 1716//1716
f 1607//1607 1715//1715 1605//1605
f 1607//1607 1717//1717 1715//1715
f 1716//1716 1718//1718 1606//1606
f 1608//1608 1606//1606 1718//1718
f 1609//1609 1717//1717 1607//1607
f 1609//1609 1719//1719 1717//1717
f 1718//1718 1610//1610 1608//1608
f 1720//1720 1610//1610 1718//1718
f 1611//1611 1719//1719 1609//1609
f 1611//1611 1721//1721 1719//1719
f 1720//1720 1612//1612 1610//1610
f 1722//1722 1612//1612 1720//1720
f 1611//1611 1613//1613 1721//1721
f 1721//1721 1613//1613 1723//1723
f 1612//1612 1724//1724 1614//1614
f 1612//1612 1722//1722 1724//1724
f 1615//1615 1723//1723 1613//1613
f 1615//1615 1725//1725 1723//1723
f 1724//1724 1726//1726 1614//1614
f 1616//1616 1614//1614 1726//1726
f 1617//1617 1725//1725 1615//1615
f 1617//1617 1727//1727 1725//1725
f 1726//1726 1618//1618 1616//1616
f 1728//1728 1618//1618 1726//1726
f 1617//1617 1619//1619 1727//1727
f 1727//1727 1619//1619 1729//1729
f 1618//1618 1730//1730 1620//1620
f 1618//1618 1728//1728 1730//1730
f 1731//1731 1619//1619 1621//1621
f 1731//1731 1729//1729 1619//1619
f 1730//1730 1732//1732 1620//1620
f 1622//1622 1620//1620 1732//1732
f 1623//1623 1733//1733 1621//1621
f 1621//1621 1733//1733 1731//1731
f 1732//1732 1734//1734 1622//1622
f 1622//1622 1734//1734 1624//1624
f 1625//1625 1736//1736 1626//1626
f 1735//1735 1736//1736 1625//1625
f 1623//1623 1626//1626 1733//1733
f 1733//1733 1626//1626 1736//1736
f 1734//1734 1737//1737 1624//1624
f 1624//1624 1737//1737 1627//1627
f 1627//1627 1738//1738 1628//1628
f 1737//1737 1738//1738 1627//1627
f 1628//1628 1738//1738 1629//1629
f 1630//1630 1740//1740 1631//1631
f 1739//1739 1740//1740 1630//1630
f 1625//1625 1631//1631 1735//1735
f 1735//1735 1631//1631 1740//1740
f 1738//1738 1741//1741 1629//1629
f 1741//1741 1632//1632 1629//1629
f 1741//1741 1742//1742 1632//1632
f 1632//1632 1743//1743 1633//1633
f 1742//1742 1743//1743 1632//1632
f 1633//1633 1744//1744 1634//1634
f 1743//1743 1744//1744 1633//1633
f 1634//1634 1745//1745 1635//1635
f 1744//1744 1745//1745 1634//1634
f 1635//1635 1746//1746 1636//1636
f 1745//1745 1746//1746 1635//1635
f 1636//1636 1747//1747 1637//1637
f 1746//1746 1747//1747 1636//1636
f 1630//1630 1637//1637 1739//1739
f 1739//1739 1637//1637 1747//1747
f 1749//1749 1748//1748 1638//1638
f 1639//1639 1749//1749 1638//1638
f 1639//1639 1750//1750 1749//1749
f 1751//1751 1639//1639 1640//1640
f 1751//1751 1750//1750 1639//1639
f 1752//1752 1640//1640 1641//1641
f 1752//1752 1751//1751 1640//1640
f 1753//1753 1641//1641 1642//1642
f 1753//1753 1752//1752 1641//1641
f 1754//1754 1642//1642 1643//1643
f 1754//1754 1753//1753 1642//1642
f 1755//1755 1643//1643 1644//1644
f 1755//1755 1754//1754 1643//1643
f 1756//1756 1644//1644 1645//1645
f 1756//1756 1755//1755 1644//1644
f 1757//1757 1645//1645 1646//1646
f 1757//1757 1756//1756 1645//1645
f 1758//1758 1646//1646 1647//1647
f 1758//1758 1757//1757 1646//1646
f 1759//1759 1647//1647 1648//1648
f 1759//1759 1758//1758 1647//1647
f 1648//1648 1649//1649 1759//1759
f 1759//1759 1649//1649 1760//1760
f 1762//1762 1761//1761 1650//1650
f 1651//1651 1762//1762 1650//1650
f 1651//1651 1748//1748 1762//1762
f 1651//1651 1638//1638 1748//1748
f 1763//1763 1649//1649 1652//1652
f 1763//1763 1760//1760 1649//1649
f 1652//1652 1653//1653 1763//1763
f 1763//1763 1653//1653 1764//1764
f 1761//1761 1765//1765 1654//1654
f 1761//1761 1654//1654 1650//1650
f 1653//1653 1655//1655 1764//1764
f 1764//1764 1655//1655 1766//1766
f 1765//1765 1656//1656 1654//1654
f 1765//1765 1767//1767 1656//1656
f 1655//1655 1657//1657 1766//1766
f 1766//1766 1657//1657 1768//1768
f 1767//1767 1658//1658 1656//1656
f 1769//1769 1658//1658 1767//1767
f 1659//1659 1768//1768 1657//1657
f 1659//1659 1770//1770 1768//1768
f 1769//1769 1771//1771 1660//1660
f 1658//1658 1769//1769 1660//1660
f 1659//1659 1661//1661 1770//1770
f 1770//1770 1661//1661 1772//1772
f 1660//1660 1771//1771 1662//1662
f 1662//1662 1771//1771 1773//1773
f 1663//1663 1772//1772 1661//1661
f 1663//1663 1774//1774 1772//1772
f 1773//1773 1664//1664 1662//1662
f 1773//1773 1775//1775 1664//1664
f 1663//1663 1665//1665 1774//1774
f 1774//1774 1665//1665 1776//1776
f 1775//1775 1666//1666 1664//1664
f 1777//1777 1666//1666 1775//1775
f 1667//1667 1776//1776 1665//1665
f 1667//1667 1778//1778 1776//1776
f 1777//1777 1668//1668 1666//1666
f 1779//1779 1668//1668 1777//1777
f 1669//1669 1778//1778 1667//1667
f 1669//1669 1780//1780 1778//1778
f 1779//1779 1670//1670 1668//1668
f 1781//1781 1670//1670 1779//1779
f 1669//1669 1671//1671 1780//1780
f 1780//1780 1671//1671 1782//1782
f 1781//1781 1672//1672 1670//1670
f 1783//1783 1672//1672 1781//1781
f 1673//1673 1782//1782 1671//1671
f 1673//1673 1784//1784 1782//1782
f 1783//1783 1674//1674 1672//1672
f 1785//1785 1674//1674 1783//1783
f 1675//1675 1784//1784 1673//1673
f 1675//1675 1786//1786 1784//1784
f 1785//1785 1676//1676 1674//1674
f 1787//1787 1676//1676 1785//1785
f 1786//1786 1675//1675 1788//1788
f 1677//1677 1788//1788 1675//1675
f 1787//1787 1678//1678 1676//1676
f 1789//1789 1678//1678 1787//1787
f 1677//1677 1790//1790 1788//1788
f 1677//1677 1679//1679 1790//1790
f 1789//1789 1680//1680 1678//1678
f 1791//1791 1680//1680 1789//1789
f 1681//1681 1790//1790 1679//1679
f 1681//1681 1792//1792 1790//1790
f 1791//1791 1682//1682 1680//1680
f 1793//1793 1682//1682 1791//1791
f 1683//1683 1792//1792 1681//1681
f 1683//1683 1794//1794 1792//1792
f 1793//1793 1684//1684 1682//1682
f 1795//1795 1684//1684 1793//1793
f 1685//1685 1794//1794 1683//1683
f 1685//1685 1796//1796 1794//1794
f 1795//1795 1686//1686 1684//1684
f 1797//1797 1686//1686 1795//1795
f 1685//1685 1687//1687 1796//1796
f 1796//1796 1687//1687 1798//1798
f 1797//1797 1688//1688 1686//1686
f 1799//1799 1688//1688 1797//1797
f 1689//1689 1798//1798 1687//1687
f 1689//1689 1800//1800 1798//1798
f 1799//1799 1690//1690 1688//1688
f 1801//1801 1690//1690 1799//1799
f 1691//1691 1800//1800 1689//1689
f 1691//1691 1802//1802 1800//1800
f 1801//1801 1692//1692 1690//1690
f 1803//1803 1692//1692 1801//1801
f 1693//1693 1802//1802 1691//1691
f 1693//1693 1804//1804 1802//1802
f 1803//1803 1694//1694 1692//1692
f 1805//1805 1694//1694 1803//1803
f 1695//1695 1804//1804 1693//1693
f 1695//1695 1806//1806 1804//1804
f 1805//1805 1696//1696 1694//1694
f 1807//1807 1696//1696 1805//1805
f 1697//1697 1806//1806 1695//1695
f 1697//1697 1808//1808 1806//1806
f 1807//1807 1698//1698 1696//1696
f 1809//1809 1698//1698 1807//1807
f 1699//1699 1808//1808 1697//1697
f 1699//1699 1810//1810 1808//1808
f 1698//1698 1811//1811 1700//1700
f 1698//1698 1809//1809 1811//1811
f 1701//1701 1810//1810 1699//1699
f 1701//1701 1812//1812 1810//1810
f 1811//1811 1813//1813 1700//1700
f 1702//1702 1700//1700 1813//1813
f 1703//1703 1812//1812 1701//1701
f 1703//1703 1814//1814 1812//1812
f 1813//1813 1704//1704 1702//1702
f 1815//1815 1704//1704 1813//1813
f 1705//1705 1814//1814 1703//1703
f 1705//1705 1816//1816 1814//1814
f 1704//1704 1817//1817 1706//1706
f 1704//1704 1815//1815 1817//1817
f 1707//1707 1816//1816 1705//1705
f 1707//1707 1818//1818 1816//1816
f 1817//1817 1819//1819 1706//1706
f 1708//1708 1706//1706 1819//1819
f 1709//1709 1818//1818 1707//1707
f 1709//1709 1820//1820 1818//1818
f 1708//1708 1821//1821 1710//1710
f 1708//1708 1819//1819 1821//1821
f 1711//1711 1820//1820 1709//1709
f 1711//1711 1822//1822 1820//1820
f 1821//1821 1823//1823 1710//1710
f 1712//1712 1710//1710 1823//1823
f 1713//1713 1822//1822 1711//1711
f 1713//1713 1824//1824 1822//1822
f 1712//1712 1825//1825 1714//1714
f 1712//1712 1823//1823 1825//1825
f 1715//1715 1824//1824 1713//1713
f 1715//1715 1826//1826 1824//1824
f 1825//1825 1827//1827 1714//1714
f 1716//1716 1714//1714 1827//1827
f 1717//1717 1826//1826 1715//1715
f 1717//1717 1828//1828 1826//1826
f 1716//1716 1829//1829 1718//1718
f 1716//1716 1827//1827 1829//1829
f 1719//1719 1828//1828 1717//1717
f 1719//1719 1830//1830 1828//1828
f 1718//1718 1829//1829 1720//1720
f 1720//1720 1829//1829 1831//1831
f 1721//1721 1830//1830 1719//1719
f 1721//1721 1832//1832 1830//1830
f 1831//1831 1833//1833 1720//1720
f 1722//1722 1720//1720 1833//1833
f 1834//1834 1721//1721 1723//1723
f 1834//1834 1832//1832 1721//1721
f 1833//1833 1724//1724 1722//1722
f 1835//1835 1724//1724 1833//1833
f 1725//1725 1836//1836 1723//1723
f 1723//1723 1836//1836 1834//1834
f 1724//1724 1837//1837 1726//1726
f 1724//1724 1835//1835 1837//1837
f 1727//1727 1836//1836 1725//1725
f 1727//1727 1838//1838 1836//1836
f 1837//1837 1839//1839 1726//1726
f 1728//1728 1726//1726 1839//1839
f 1727//1727 1729//1729 1838//1838
f 1838//1838 1729//1729 1840//1840
f 1839//1839 1730//1730 1728//1728
f 1841//1841 1730//1730 1839//1839
f 1731//1731 1840//1840 1729//1729
f 1731//1731 1842//1842 1840//1840
f 1841//1841 1843//1843 1730//1730
f 1730//1730 1843//1843 1732//1732
f 1731//1731 1733//1733 1842//1842
f 1842//1842 1733//1733 1844//1844
f 1843//1843 1845//1845 1732//1732
f 1732//1732 1845//1845 1734//1734
f 1736//1736 1735//1735 1846//1846
f 1733//1733 1736//1736 1844//1844
f 1844//1844 1736//1736 1846//1846
f 1845//1845 1847//1847 1734//1734
f 1734//1734 1847//1847 1737//1737
f 1737//1737 1848//1848 1738//1738
f 1847//1847 1848//1848 1737//1737
f 1740//1740 1739//1739 1849//1849
f 1740//1740 1850//1850 1735//1735
f 1740//1740 1849//1849 1850//1850
f 1735//1735 1850//1850 1846//1846
f 1848//1848 1851//1851 1738//1738
f 1738//1738 1851//1851 1741//1741
f 1741//1741 1852//1852 1742//1742
f 1851//1851 1852//1852 1741//1741
f 1742//1742 1853//1853 1743//1743
f 1852//1852 1853//1853 1742//1742
f 1743//1743 1854//1854 1744//1744
f 1853//1853 1854//1854 1743//1743
f 1744//1744 1855//1855 1745//1745
f 1854//1854 1855//1855 1744//1744
f 1745//1745 1856//1856 1746//1746
f 1855//1855 1856//1856 1745//1745
f 1746//1746 1857//1857 1747//1747
f 1856//1856 1857//1857 1746//1746
f 1747//1747 1858//1858 1739//1739
f 1747//1747 1857//1857 1858//1858
f 1739//1739 1858//1858 1849//1849
f 1860//1860 1859//1859 1749//1749
f 1749//1749 1859//1859 1748//1748
f 1861//1861 1749//1749 1750//1750
f 1861//1861 1860//1860 1749//1749
f 1862//1862 1750//1750 1751//1751
f 1862//1862 1861//1861 1750//1750
f 1863//1863 1751//1751 1752//1752
f 1863//1863 1862//1862 1751//1751
f 1864//1864 1752//1752 1753//1753
f 1864//1864 1863//1863 1752//1752
f 1865//1865 1753//1753 1754//1754
f 1865//1865 1864//1864 1753//1753
f 1866//1866 1754//1754 1755//1755
f 1866//1866 1865//1865 1754//1754
f 1867//1867 1755//1755 1756//1756
f 1867//1867 1866//1866 1755//1755
f 1868//1868 1756//1756 1757//1757
f 1868//1868 1867//1867 1756//1756
f 1869//1869 1757//1757 1758//1758
f 1869//1869 1868//1868 1757//1757
f 1870//1870 1758//1758 1759//1759
f 1870//1870 1869//1869 1758//1758
f 1759//1759 1760//1760 1870//1870
f 1870//1870 1760//1760 1871//1871
f 1873//1873 1872//1872 1762//1762
f 1762//1762 1872//1872 1761//1761
f 1859//1859 1762//1762 1748//1748
f 1859//1859 1873//1873 1762//1762
f 1874//1874 1760//1760 1763//1763
f 1874//1874 1871//1871 1760//1760
f 1763//1763 1764//1764 1874//1874
f 1874//1874 1764//1764 1875//1875
f 1872//1872 1876//1876 1761//1761
f 1761//1761 1876//1876 1765//1765
f 1764//1764 1766//1766 1875//1875
f 1875//1875 1766//1766 1877//1877
f 1876//1876 1767//1767 1765//1765
f 1878//1878 1767//1767 1876//1876
f 1766//1766 1768//1768 1877//1877
f 1877//1877 1768//1768 1879//1879
f 1878//1878 1769//1769 1767//1767
f 1880//1880 1769//1769 1878//1878
f 1770//1770 1879//1879 1768//1768
f 1770//1770 1881//1881 1879//1879
f 1880//1880 1882//1882 1769//1769
f 1769//1769 1882//1882 1771//1771
f 1770//1770 1772//1772 1881//1881
f 1881//1881 1772//1772 1883//1883
f 1882//1882 1773//1773 1771//1771
f 1884//1884 1773//1773 1882//1882
f 1774//1774 1883//1883 1772//1772
f 1774//1774 1885//1885 1883//1883
f 1884//1884 1775//1775 1773//1773
f 1886//1886 1775//1775 1884//1884
f 1885//1885 1774//1774 1887//1887
f 1776//1776 1887//1887 1774//1774
f 1886//1886 1777//1777 1775//1775
f 1888//1888 1777//1777 1886//1886
f 1776//1776 1889//1889 1887//1887
f 1776//1776 1778//1778 1889//1889
f 1888//1888 1779//1779 1777//1777
f 1890//1890 1779//1779 1888//1888
f 1780//1780 1889//1889 1778//1778
f 1780//1780 1891//1891 1889//1889
f 1890//1890 1781//1781 1779//1779
f 1892//1892 1781//1781 1890//1890
f 1891//1891 1780//1780 1893//1893
f 1782//1782 1893//1893 1780//1780
f 1892//1892 1783//1783 1781//1781
f 1894//1894 1783//1783 1892//1892
f 1782//1782 1895//1895 1893//1893
f 1782//1782 1784//1784 1895//1895
f 1894//1894 1785//1785 1783//1783
f 1896//1896 1785//1785 1894//1894
f 1786//1786 1895//1895 1784//1784
f 1786//1786 1897//1897 1895//1895
f 1896//1896 1787//1787 1785//1785
f 1898//1898 1787//1787 1896//1896
f 1788//1788 1897//1897 1786//1786
f 1788//1788 1899//1899 1897//1897
f 1898//1898 1789//1789 1787//1787
f 1900//1900 1789//1789 1898//1898
f 1788//1788 1790//1790 1899//1899
f 1899//1899 1790//1790 1901//1901
f 1900//1900 1791//1791 1789//1789
f 1902//1902 1791//1791 1900//1900
f 1792//1792 1901//1901 1790//1790
f 1792//1792 1903//1903 1901//1901
f 1902//1902 1793//1793 1791//1791
f 1904//1904 1793//1793 1902//1902
f 1794//1794 1903//1903 1792//1792
f 1794//1794 1905//1905 1903//1903
f 1904//1904 1795//1795 1793//1793
f 1906//1906 1795//1795 1904//1904
f 1796//1796 1905//1905 1794//1794
f 1796//1796 1907//1907 1905//1905
f 1906//1906 1797//1797 1795//1795
f 1908//1908 1797//1797 1906//1906
f 1796//1796 1798//1798 1907//1907
f 1907//1907 1798//1798 1909//1909
f 1908//1908 1799//1799 1797//1797
f 1910//1910 1799//1799 1908//1908
f 1800//1800 1909//1909 1798//1798
f 1800//1800 1911//1911 1909//1909
f 1910//1910 1801//1801 1799//1799
f 1912//1912 1801//1801 1910//1910
f 1802//1802 1911//1911 1800//1800
f 1802//1802 1913//1913 1911//1911
f 1912//1912 1803//1803 1801//1801
f 1914//1914 1803//1803 1912//1912
f 1804//1804 1913//1913 1802//1802
f 1804//1804 1915//1915 1913//1913
f 1914//1914 1805//1805 1803//1803
f 1916//1916 1805//1805 1914//1914
f 1806//1806 1915//1915 1804//1804
f 1806//1806 1917//1917 1915//1915
f 1916//1916 1807//1807 1805//1805
f 1918//1918 1807//1807 1916//1916
f 1808//1808 1917//1917 1806//1806
f 1808//1808 1919//1919 1917//1917
f 1918//1918 1809//1809 1807//1807
f 1920//1920 1809//1809 1918//1918
f 1810//1810 1919//1919 1808//1808
f 1810//1810 1921//1921 1919//1919
f 1920//1920 1811//1811 1809//1809
f 1922//1922 1811//1811 1920//1920
f 1812//1812 1921//1921 1810//1810
f 1812//1812 1923//1923 1921//1921
f 1811//1811 1924//1924 1813//1813
f 1811//1811 1922//1922 1924//1924
f 1814//1814 1923//1923 1812//1812
f 1814//1814 1925//1925 1923//1923
f 1924//1924 1926//1926 1813//1813
f 1815//1815 1813//1813 1926//1926
f 1816//1816 1925//1925 1814//1814
f 1816//1816 1927//1927 1925//1925
f 1926//1926 1817//1817 1815//1815
f 1928//1928 1817//1817 1926//1926
f 1818//1818 1927//1927 1816//1816
f 1818//1818 1929//1929 1927//1927
f 1817//1817 1930//1930 1819//1819
f 1817//1817 1928//1928 1930//1930
f 1820//1820 1929//1929 1818//1818
f 1820//1820 1931//1931 1929//1929
f 1930//1930 1932//1932 1819//1819
f 1821//1821 1819//1819 1932//1932
f 1822//1822 1931//1931 1820//1820
f 1822//1822 1933//1933 1931//1931
f 1821//1821 1934//1934 1823//1823
f 1821//1821 1932//1932 1934//1934
f 1824//1824 1933//1933 1822//1822
f 1824//1824 1935//1935 1933//1933
f 1934//1934 1936//1936 1823//1823
f 1825//1825 1823//1823 1936//1936
f 1826//1826 1935//1935 1824//1824
f 1826//1826 1937//1937 1935//1935
f 1825//1825 1938//1938 1827//1827
f 1825//1825 1936//1936 1938//1938
f 1828//1828 1937//1937 1826//1826
f 1828//1828 1939//1939 1937//1937
f 1938//1938 1940//1940 1827//1827
f 1829//1829 1827//1827 1940//1940
f 1830//1830 1939//1939 1828//1828
f 1830//1830 1941//1941 1939//1939
f 1940//1940 1831//1831 1829//1829
f 1942//1942 1831//1831 1940//1940
f 1832//1832 1941//1941 1830//1830
f 1832//1832 1943//1943 1941//1941
f 1831//1831 1944//1944 1833//1833
f 1831//1831 1942//1942 1944//1944
f 1834//1834 1943//1943 1832//1832
f 1834//1834 1945//1945 1943//1943
f 1944//1944 1946//1946 1833//1833
f 1835//1835 1833//1833 1946//1946
f 1834//1834 1836//1836 1945//1945
f 1945//1945 1836//1836 1947//1947
f 1946//1946 1837//1837 1835//1835
f 1948//1948 1837//1837 1946//1946
f 1838//1838 1947//1947 1836//1836
f 1838//1838 1949//1949 1947//1947
f 1837//1837 1950//1950 1839//1839
f 1837//1837 1948//1948 1950//1950
f 1951//1951 1838//1838 1840//1840
f 1951//1951 1949//1949 1838//1838
f 1950//1950 1952//1952 1839//1839
f 1841//1841 1839//1839 1952//1952
f 1842//1842 1953//1953 1840//1840
f 1840//1840 1953//1953 1951//1951
f 1952//1952 1954//1954 1841//1841
f 1841//1841 1954//1954 1843//1843
f 1842//1842 1844//1844 1953//1953
f 1953//1953 1844//1844 1955//1955
f 1954//1954 1956//1956 1843//1843
f 1843//1843 1956//1956 1845//1845
f 1844//1844 1846//1846 1955//1955
f 1955//1955 1846//1846 1957//1957
f 1956//1956 1958//1958 1845//1845
f 1845//1845 1958//1958 1847//1847
f 1847//1847 1958//1958 1848//1848
f 1849//1849 1960//1960 1850//1850
f 1959//1959 1960//1960 1849//1849
f 1846//1846 1850//1850 1957//1957
f 1957//1957 1850//1850 1960//1960
f 1958//1958 1961//1961 1848//1848
f 1961//1961 1851//1851 1848//1848
f 1961//1961 1962//1962 1851//1851
f 1851//1851 1963//1963 1852//1852
f 1962//1962 1963//1963 1851//1851
f 1852//1852 1964//1964 1853//1853
f 1963//1963 1964//1964 1852//1852
f 1853//1853 1965//1965 1854//1854
f 1964//1964 1965//1965 1853//1853
f 1854//1854 1966//1966 1855//1855
f 1965//1965 1966//1966 1854//1854
f 1855//1855 1967//1967 1856//1856
f 1966//1966 1967//1967 1855//1855
f 1856//1856 1968//1968 1857//1857
f 1967//1967 1968//1968 1856//1856
f 1857//1857 1969//1969 1858//1858
f 1968//1968 1969//1969 1857//1857
f 1849//1849 1858//1858 1959//1959
f 1959//1959 1858//1858 1969//1969
f 1971//1971 1970//1970 1860//1860
f 1860//1860 1970//1970 1859//1859
f 1972//1972 1860//1860 1861//1861
f 1972//1972 1971//1971 1860//1860
f 1973//1973 1861//1861 1862//1862
f 1973//1973 1972//1972 1861//1861
f 1974//1974 1862//1862 1863//1863
f 1974//1974 1973//1973 1862//1862
f 1975//1975 1863//1863 1864//1864
f 1975//1975 1974//1974 1863//1863
f 1976//1976 1864//1864 1865//1865
f 1976//1976 1975//1975 1864//1864
f 1977//1977 1865//1865 1866//1866
f 1977//1977 1976//1976 1865//1865
f 1978//1978 1866//1866 1867//1867
f 1978//1978 1977//1977 1866//1866
f 1979//1979 1867//1867 1868//1868
f 1979//1979 1978//1978 1867//1867
f 1980//1980 1868//1868 1869//1869
f 1980//1980 1979//1979 1868//1868
f 1980//1980 1870//1870 1981//1981
f 1980//1980 1869//1869 1870//1870
f 1871//1871 1981//1981 1870//1870
f 1983//1983 1982//1982 1873//1873
f 1873//1873 1982//1982 1872//1872
f 1970//1970 1873//1873 1859//1859
f 1970//1970 1983//1983 1873//1873
f 1984//1984 1981//1981 1871//1871
f 1985//1985 1871//1871 1874//1874
f 1985//1985 1984//1984 1871//1871
f 1874//1874 1875//1875 1985//1985
f 1985//1985 1875//1875 1986//1986
f 1982//1982 1987//1987 1872//1872
f 1872//1872 1987//1987 1876//1876
f 1875//1875 1877//1877 1986//1986
f 1986//1986 1877//1877 1988//1988
f 1987//1987 1878//1878 1876//1876
f 1989//1989 1878//1878 1987//1987
f 1988//1988 1877//1877 1990//1990
f 1879//1879 1990//1990 1877//1877
f 1989//1989 1991//1991 1880//1880
f 1878//1878 1989//1989 1880//1880
f 1879//1879 1992//1992 1990//1990
f 1879//1879 1881//1881 1992//1992
f 1991//1991 1882//1882 1880//1880
f 1991//1991 1993//1993 1882//1882
f 1992//1992 1881//1881 1994//1994
f 1883//1883 1994//1994 1881//1881
f 1993//1993 1884//1884 1882//1882
f 1995//1995 1884//1884 1993//1993
f 1883//1883 1996//1996 1994//1994
f 1883//1883 1885//1885 1996//1996
f 1995//1995 1886//1886 1884//1884
f 1997//1997 1886//1886 1995//1995
f 1887//1887 1996//1996 1885//1885
f 1887//1887 1998//1998 1996//1996
f 1997//1997 1888//1888 1886//1886
f 1999//1999 1888//1888 1997//1997
f 1887//1887 1889//1889 1998//1998
f 1998//1998 1889//1889 2000//2000
f 1999//1999 1890//1890 1888//1888
f 2001//2001 1890//1890 1999//1999
f 1891//1891 2000//2000 1889//1889
f 1891//1891 2002//2002 2000//2000
f 2001//2001 1892//1892 1890//1890
f 2003//2003 1892//1892 2001//2001
f 1893//1893 2002//2002 1891//1891
f 1893//1893 2004//2004 2002//2002
f 2003//2003 1894//1894 1892//1892
f 2005//2005 1894//1894 2003//2003
f 1893//1893 1895//1895 2004//2004
f 2004//2004 1895//1895 2006//2006
f 2005//2005 1896//1896 1894//1894
f 2007//2007 1896//1896 2005//2005
f 1897//1897 2006//2006 1895//1895
f 1897//1897 2008//2008 2006//2006
f 2007//2007 1898//1898 1896//1896
f 2009//2009 1898//1898 2007//2007
f 1899//1899 2008//2008 1897//1897
f 1899//1899 2010//2010 2008//2008
f 2009//2009 1900//1900 1898//1898
f 2011//2011 1900//1900 2009//2009
f 2010//2010 1899//1899 2012//2012
f 1901//1901 2012//2012 1899//1899
f 2011//2011 1902//1902 1900//1900
f 2013//2013 1902//1902 2011//2011
f 1901//1901 2014//2014 2012//2012
f 1901//1901 1903//1903 2014//2014
f 2013//2013 1904//1904 1902//1902
f 2015//2015 1904//1904 2013//2013
f 1905//1905 2014//2014 1903//1903
f 1905//1905 2016//2016 2014//2014
f 2015//2015 1906//1906 1904//1904
f 2017//2017 1906//1906 2015//2015
f 1907//1907 2016//2016 1905//1905
f 1907//1907 2018//2018 2016//2016
f 2017//2017 1908//1908 1906//1906
f 2019//2019 1908//1908 2017//2017
f 1907//1907 1909//1909 2018//2018
f 2018//2018 1909//1909 2020//2020
f 2019//2019 1910//1910 1908//1908
f 2021//2021 1910//1910 2019//2019
f 1911//1911 2020//2020 1909//1909
f 1911//1911 2022//2022 2020//2020
f 2021//2021 1912//1912 1910//1910
f 2023//2023 1912//1912 2021//2021
f 1913//1913 2022//2022 1911//1911
f 1913//1913 2024//2024 2022//2022
f 2023//2023 1914//1914 1912//1912
f 2025//2025 1914//1914 2023//2023
f 1915//1915 2024//2024 1913//1913
f 1915//1915 2026//2026 2024//2024
f 2025//2025 1916//1916 1914//1914
f 2027//2027 1916//1916 2025//2025
f 1917//1917 2026//2026 1915//1915
f 1917//1917 2028//2028 2026//2026
f 2027//2027 1918//1918 1916//1916
f 2029//2029 1918//1918 2027//2027
f 1919//1919 2028//2028 1917//1917
f 1919//1919 2030//2030 2028//2028
f 2029//2029 1920//1920 1918//1918
f 2031//2031 1920//1920 2029//2029
f 1921//1921 2030//2030 1919//1919
f 1921//1921 2032//2032 2030//2030
f 2031//2031 1922//1922 1920//1920
f 2033//2033 1922//1922 2031//2031
f 1923//1923 2032//2032 1921//1921
f 1923//1923 2034//2034 2032//2032
f 2033//2033 1924//1924 1922//1922
f 2035//2035 1924//1924 2033//2033
f 1925//1925 2034//2034 1923//1923
f 1925//1925 2036//2036 2034//2034
f 1924//1924 2037//2037 1926//1926
f 1924//1924 2035//2035 2037//2037
f 1927//1927 2036//2036 1925//1925
f 1927//1927 2038//2038 2036//2036
f 2037//2037 2039//2039 1926//1926
f 1928//1928 1926//1926 2039//2039
f 1929//1929 2038//2038 1927//1927
f 1929//1929 2040//2040 2038//2038
f 2039//2039 1930//1930 1928//1928
f 2041//2041 1930//1930 2039//2039
f 1931//1931 2040//2040 1929//1929
f 1931//1931 2042//2042 2040//2040
f 1930//1930 2043//2043 1932//1932
f 1930//1930 2041//2041 2043//2043
f 1933//1933 2042//2042 1931//1931
f 1933//1933 2044//2044 2042//2042
f 2043//2043 2045//2045 1932//1932
f 1934//1934 1932//1932 2045//2045
f 1935//1935 2044//2044 1933//1933
f 1935//1935 2046//2046 2044//2044
f 1934//1934 2047//2047 1936//1936
f 1934//1934 2045//2045 2047//2047
f 1937//1937 2046//2046 1935//1935
f 1937//1937 2048//2048 2046//2046
f 2047//2047 2049//2049 1936//1936
f 1938//1938 1936//1936 2049//2049
f 1939//1939 2048//2048 1937//1937
f 1939//1939 2050//2050 2048//2048
f 1938//1938 2051//2051 1940//1940
f 1938//1938 2049//2049 2051//2051
f 1941//1941 2050//2050 1939//1939
f 1941//1941 2052//2052 2050//2050
f 2051//2051 2053//2053 1940//1940
f 1942//1942 1940//1940 2053//2053
f 1943//1943 2052//2052 1941//1941
f 1943//1943 2054//2054 2052//2052
f 2053//2053 1944//1944 1942//1942
f 2055//2055 1944//1944 2053//2053
f 1945//1945 2054//2054 1943//1943
f 1945//1945 2056//2056 2054//2054
f 1944//1944 2057//2057 1946//1946
f 1944//1944 2055//2055 2057//2057
f 1945//1945 1947//1947 2056//2056
f 2056//2056 1947//1947 2058//2058
f 2057//2057 2059//2059 1946//1946
f 1948//1948 1946//1946 2059//2059
f 1949//1949 2058//2058 1947//1947
f 1949//1949 2060//2060 2058//2058
f 2059//2059 1950//1950 1948//1948
f 2061//2061 1950//1950 2059//2059
f 1951//1951 2060//2060 1949//1949
f 1951//1951 2062//2062 2060//2060
f 2061//2061 2063//2063 1950//1950
f 1950//1950 2063//2063 1952//1952
f 1951//1951 1953//1953 2062//2062
f 2062//2062 1953//1953 2064//2064
f 1952//1952 2065//2065 1954//1954
f 1952//1952 2063//2063 2065//2065
f 1953//1953 1955//1955 2064//2064
f 2064//2064 1955//1955 2066//2066
f 2065//2065 2067//2067 1954//1954
f 1954//1954 2067//2067 1956//1956
f 1955//1955 1957//1957 2066//2066
f 2066//2066 1957//1957 2068//2068
f 2067//2067 2069//2069 1956//1956
f 2069//2069 1958//1958 1956//1956
f 2069//2069 2070//2070 1958//1958
f 1959//1959 2072//2072 1960//1960
f 2071//2071 2072//2072 1959//1959
f 1957//1957 1960//1960 2068//2068
f 2068//2068 1960//1960 2072//2072
f 2070//2070 2073//2073 1958//1958
f 1958//1958 2073//2073 1961//1961
f 1961//1961 2074//2074 1962//1962
f 2073//2073 2074//2074 1961//1961
f 1962//1962 2075//2075 1963//1963
f 2074//2074 2075//2075 1962//1962
f 1963//1963 2076//2076 1964//1964
f 2075//2075 2076//2076 1963//1963
f 1964//1964 2077//2077 1965//1965
f 2076//2076 2077//2077 1964//1964
f 1965//1965 2078//2078 1966//1966
f 2077//2077 2078//2078 1965//1965
f 1966//1966 2079//2079 1967//1967
f 2078//2078 2079//2079 1966//1966
f 1967//1967 2080//2080 1968//1968
f 2079//2079 2080//2080 1967//1967
f 1968//1968 2081//2081 1969//1969
f 2080//2080 2081//2081 1968//1968
f 1959//1959 1969//1969 2071//2071
f 2071//2071 1969//1969 2081//2081
f 2083//2083 2082//2082 1971//1971
f 1971//1971 2082//2082 1970//1970
f 2084//2084 1971//1971 1972//1972
f 2084//2084 2083//2083 1971//1971
f 2085//2085 1972//1972 1973//1973
f 2085//2085 2084//2084 1972//1972
f 2086//2086 1973//1973 1974//1974
f 2086//2086 2085//2085 1973//1973
f 2087//2087 1974//1974 1975//1975
f 2087//2087 2086//2086 1974//1974
f 2088//2088 1975//1975 1976//1976
f 2088//2088 2087//2087 1975//1975
f 2089//2089 1976//1976 1977//1977
f 2089//2089 2088//2088 1976//1976
f 2090//2090 1977//1977 1978//1978
f 2090//2090 2089//2089 1977//1977
f 2091//2091 1978//1978 1979//1979
f 2091//2091 2090//2090 1978//1978
f 2092//2092 1979//1979 1980//1980
f 2092//2092 2091//2091 1979//1979
f 1980//1980 1981//1981 2092//2092
f 2092//2092 1981//1981 2093//2093
f 2095//2095 2094//2094 1983//1983
f 1983//1983 2094//2094 1982//1982
f 2082//2082 1983//1983 1970//1970
f 2082//2082 2095//2095 1983//1983
f 2096//2096 1981//1981 1984//1984
f 2096//2096 2093//2093 1981//1981
f 2096//2096 1985//1985 2097//2097
f 2096//2096 1984//1984 1985//1985
f 1986//1986 2097//2097 1985//1985
f 2094//2094 2098//2098 1982//1982
f 1982//1982 2098//2098 1987//1987
f 2099//2099 2097//2097 1986//1986
f 1988//1988 2099//2099 1986//1986
f 2098//2098 1989//1989 1987//1987
f 2100//2100 1989//1989 2098//2098
f 1988//1988 2101//2101 2099//2099
f 1988//1988 1990//1990 2101//2101
f 2100//2100 2102//2102 1989//1989
f 1989//1989 2102//2102 1991//1991
f 1990//1990 1992//1992 2101//2101
f 2101//2101 1992//1992 2103//2103
f 2102//2102 1993//1993 1991//1991
f 2104//2104 1993//1993 2102//2102
f 1994//1994 2103//2103 1992//1992
f 1994//1994 2105//2105 2103//2103
f 2104//2104 1995//1995 1993//1993
f 2106//2106 1995//1995 2104//2104
f 1994//1994 1996//1996 2105//2105
f 2105//2105 1996//1996 2107//2107
f 2106//2106 1997//1997 1995//1995
f 2108//2108 1997//1997 2106//2106
f 1998//1998 2107//2107 1996//1996
f 1998//1998 2109//2109 2107//2107
f 2108//2108 1999//1999 1997//1997
f 2110//2110 1999//1999 2108//2108
f 2109//2109 1998//1998 2111//2111
f 2000//2000 2111//2111 1998//1998
f 2110//2110 2001//2001 1999//1999
f 2112//2112 2001//2001 2110//2110
f 2000//2000 2113//2113 2111//2111
f 2000//2000 2002//2002 2113//2113
f 2112//2112 2003//2003 2001//2001
f 2114//2114 2003//2003 2112//2112
f 2004//2004 2113//2113 2002//2002
f 2004//2004 2115//2115 2113//2113
f 2114//2114 2005//2005 2003//2003
f 2116//2116 2005//2005 2114//2114
f 2115//2115 2004//2004 2117//2117
f 2006//2006 2117//2117 2004//2004
f 2116//2116 2007//2007 2005//2005
f 2118//2118 2007//2007 2116//2116
f 2006//2006 2119//2119 2117//2117
f 2006//2006 2008//2008 2119//2119
f 2118//2118 2009//2009 2007//2007
f 2120//2120 2009//2009 2118//2118
f 2010//2010 2119//2119 2008//2008
f 2010//2010 2121//2121 2119//2119
f 2120//2120 2011//2011 2009//2009
f 2122//2122 2011//2011 2120//2120
f 2012//2012 2121//2121 2010//2010
f 2012//2012 2123//2123 2121//2121
f 2122//2122 2013//2013 2011//2011
f 2124//2124 2013//2013 2122//2122
f 2012//2012 2014//2014 2123//2123
f 2123//2123 2014//2014 2125//2125
f 2124//2124 2015//2015 2013//2013
f 2126//2126 2015//2015 2124//2124
f 2016//2016 2125//2125 2014//2014
f 2016//2016 2127//2127 2125//2125
f 2126//2126 2017//2017 2015//2015
f 2128//2128 2017//2017 2126//2126
f 2018//2018 2127//2127 2016//2016
f 2018//2018 2129//2129 2127//2127
f 2128//2128 2019//2019 2017//2017
f 2130//2130 2019//2019 2128//2128
f 2129//2129 2018//2018 2131//2131
f 2020//2020 2131//2131 2018//2018
f 2130//2130 2021//2021 2019//2019
f 2132//2132 2021//2021 2130//2130
f 2020//2020 2133//2133 2131//2131
f 2020//2020 2022//2022 2133//2133
f 2132//2132 2023//2023 2021//2021
f 2134//2134 2023//2023 2132//2132
f 2024//2024 2133//2133 2022//2022
f 2024//2024 2135//2135 2133//2133
f 2134//2134 2025//2025 2023//2023
f 2136//2136 2025//2025 2134//2134
f 2026//2026 2135//2135 2024//2024
f 2026//2026 2137//2137 2135//2135
f 2136//2136 2027//2027 2025//2025
f 2138//2138 2027//2027 2136//2136
f 2028//2028 2137//2137 2026//2026
f 2028//2028 2139//2139 2137//2137
f 2138//2138 2029//2029 2027//2027
f 2140//2140 2029//2029 2138//2138
f 2030//2030 2139//2139 2028//2028
f 2030//2030 2141//2141 2139//2139
f 2140//2140 2031//2031 2029//2029
f 2142//2142 2031//2031 2140//2140
f 2032//2032 2141//2141 2030//2030
f 2032//2032 2143//2143 2141//2141
f 2142//2142 2033//2033 2031//2031
f 2144//2144 2033//2033 2142//2142
f 2034//2034 2143//2143 2032//2032
f 2034//2034 2145//2145 2143//2143
f 2144//2144 2035//2035 2033//2033
f 2146//2146 2035//2035 2144//2144
f 2036//2036 2145//2145 2034//2034
f 2036//2036 2147//2147 2145//2145
f 2146//2146 2037//2037 2035//2035
f 2148//2148 2037//2037 2146//2146
f 2038//2038 2147//2147 2036//2036
f 2038//2038 2149//2149 2147//2147
f 2037//2037 2150//2150 2039//2039
f 2037//2037 2148//2148 2150//2150
f 2040//2040 2149//2149 2038//2038
f 2040//2040 2151//2151 2149//2149
f 2150//2150 2152//2152 2039//2039
f 2041//2041 2039//2039 2152//2152
f 2042//2042 2151//2151 2040//2040
f 2042//2042 2153//2153 2151//2151
f 2152//2152 2043//2043 2041//2041
f 2154//2154 2043//2043 2152//2152
f 2044//2044 2153//2153 2042//2042
f 2044//2044 2155//2155 2153//2153
f 2154//2154 2156//2156 2043//2043
f 2043//2043 2156//2156 2045//2045
f 2046//2046 2155//2155 2044//2044
f 2046//2046 2157//2157 2155//2155
f 2156//2156 2047//2047 2045//2045
f 2158//2158 2047//2047 2156//2156
f 2048//2048 2157//2157 2046//2046
f 2048//2048 2159//2159 2157//2157
f 2047//2047 2160//2160 2049//2049
f 2047//2047 2158//2158 2160//2160
f 2050//2050 2159//2159 2048//2048
f 2050//2050 2161//2161 2159//2159
f 2160//2160 2162//2162 2049//2049
f 2051//2051 2049//2049 2162//2162
f 2052//2052 2161//2161 2050//2050
f 2052//2052 2163//2163 2161//2161
f 2051//2051 2164//2164 2053//2053
f 2051//2051 2162//2162 2164//2164
f 2054//2054 2163//2163 2052//2052
f 2054//2054 2165//2165 2163//2163
f 2164//2164 2166//2166 2053//2053
f 2055//2055 2053//2053 2166//2166
f 2165//2165 2056//2056 2167//2167
f 2165//2165 2054//2054 2056//2056
f 2166//2166 2057//2057 2055//2055
f 2168//2168 2057//2057 2166//2166
f 2169//2169 2167//2167 2058//2058
f 2058//2058 2167//2167 2056//2056
f 2168//2168 2170//2170 2057//2057
f 2057//2057 2170//2170 2059//2059
f 2060//2060 2169//2169 2058//2058
f 2060//2060 2171//2171 2169//2169
f 2170//2170 2061//2061 2059//2059
f 2172//2172 2061//2061 2170//2170
f 2062//2062 2171//2171 2060//2060
f 2062//2062 2173//2173 2171//2171
f 2172//2172 2174//2174 2061//2061
f 2061//2061 2174//2174 2063//2063
f 2062//2062 2064//2064 2173//2173
f 2173//2173 2064//2064 2175//2175
f 2174//2174 2065//2065 2063//2063
f 2176//2176 2065//2065 2174//2174
f 2064//2064 2066//2066 2175//2175
f 2175//2175 2066//2066 2177//2177
f 2176//2176 2178//2178 2065//2065
f 2065//2065 2178//2178 2067//2067
f 2066//2066 2068//2068 2177//2177
f 2177//2177 2068//2068 2179//2179
f 2178//2178 2180//2180 2067//2067
f 2067//2067 2180//2180 2069//2069
f 2069//2069 2181//2181 2070//2070
f 2180//2180 2181//2181 2069//2069
f 2183//2183 2071//2071 2182//2182
f 2071//2071 2184//2184 2072//2072
f 2183//2183 2184//2184 2071//2071
f 2068//2068 2072//2072 2179//2179
f 2179//2179 2072//2072 2184//2184
f 2181//2181 2185//2185 2070//2070
f 2070//2070 2185//2185 2073//2073
f 2073//2073 2186//2186 2074//2074
f 2185//2185 2186//2186 2073//2073
f 2074//2074 2187//2187 2075//2075
f 2186//2186 2187//2187 2074//2074
f 2075//2075 2188//2188 2076//2076
f 2187//2187 2188//2188 2075//2075
f 2076//2076 2189//2189 2077//2077
f 2188//2188 2189//2189 2076//2076
f 2077//2077 2190//2190 2078//2078
f 2189//2189 2190//2190 2077//2077
f 2078//2078 2191//2191 2079//2079
f 2190//2190 2191//2191 2078//2078
f 2079//2079 2192//2192 2080//2080
f 2191//2191 2192//2192 2079//2079
f 2081//2081 2192//2192 2182//2182
f 2081//2081 2080//2080 2192//2192
f 2081//2081 2182//2182 2071//2071
f 2194//2194 2193//2193 2083//2083
f 2083//2083 2193//2193 2082//2082
f 2195//2195 2083//2083 2084//2084
f 2195//2195 2194//2194 2083//2083
f 2196//2196 2084//2084 2085//2085
f 2196//2196 2195//2195 2084//2084
f 2197//2197 2085//2085 2086//2086
f 2197//2197 2196//2196 2085//2085
f 2198//2198 2086//2086 2087//2087
f 2198//2198 2197//2197 2086//2086
f 2199//2199 2087//2087 2088//2088
f 2199//2199 2198//2198 2087//2087
f 2200//2200 2088//2088 2089//2089
f 2200//2200 2199//2199 2088//2088
f 2201//2201 2089//2089 2090//2090
f 2201//2201 2200//2200 2089//2089
f 2202//2202 2090//2090 2091//2091
f 2202//2202 2201//2201 2090//2090
f 2203//2203 2091//2091 2092//2092
f 2203//2203 2202//2202 2091//2091
f 2092//2092 2093//2093 2203//2203
f 2203//2203 2093//2093 2204//2204
f 2206//2206 2205//2205 2095//2095
f 2095//2095 2205//2205 2094//2094
f 2193//2193 2095//2095 2082//2082
f 2193//2193 2206//2206 2095//2095
f 2207//2207 2093//2093 2096//2096
f 2207//2207 2204//2204 2093//2093
f 2096//2096 2097//2097 2207//2207
f 2207//2207 2097//2097 2208//2208
f 2205//2205 2209//2209 2094//2094
f 2094//2094 2209//2209 2098//2098
f 2097//2097 2099//2099 2208//2208
f 2208//2208 2099//2099 2210//2210
f 2209//2209 2100//2100 2098//2098
f 2211//2211 2100//2100 2209//2209
f 2099//2099 2101//2101 2210//2210
f 2210//2210 2101//2101 2212//2212
f 2211//2211 2213//2213 2100//2100
f 2100//2100 2213//2213 2102//2102
f 2212//2212 2101//2101 2214//2214
f 2103//2103 2214//2214 2101//2101
f 2213//2213 2104//2104 2102//2102
f 2215//2215 2104//2104 2213//2213
f 2103//2103 2216//2216 2214//2214
f 2103//2103 2105//2105 2216//2216
f 2215//2215 2106//2106 2104//2104
f 2217//2217 2106//2106 2215//2215
f 2216//2216 2105//2105 2218//2218
f 2107//2107 2218//2218 2105//2105
f 2217//2217 2108//2108 2106//2106
f 2219//2219 2108//2108 2217//2217
f 2107//2107 2220//2220 2218//2218
f 2107//2107 2109//2109 2220//2220
f 2219//2219 2110//2110 2108//2108
f 2221//2221 2110//2110 2219//2219
f 2111//2111 2220//2220 2109//2109
f 2111//2111 2222//2222 2220//2220
f 2221//2221 2112//2112 2110//2110
f 2223//2223 2112//2112 2221//2221
f 2222//2222 2111//2111 2224//2224
f 2113//2113 2224//2224 2111//2111
f 2223//2223 2114//2114 2112//2112
f 2225//2225 2114//2114 2223//2223
f 2113//2113 2226//2226 2224//2224
f 2113//2113 2115//2115 2226//2226
f 2225//2225 2116//2116 2114//2114
f 2227//2227 2116//2116 2225//2225
f 2117//2117 2226//2226 2115//2115
f 2117//2117 2228//2228 2226//2226
f 2227//2227 2118//2118 2116//2116
f 2229//2229 2118//2118 2227//2227
f 2228//2228 2117//2117 2230//2230
f 2119//2119 2230//2230 2117//2117
f 2229//2229 2120//2120 2118//2118
f 2231//2231 2120//2120 2229//2229
f 2119//2119 2232//2232 2230//2230
f 2119//2119 2121//2121 2232//2232
f 2231//2231 2122//2122 2120//2120
f 2233//2233 2122//2122 2231//2231
f 2123//2123 2232//2232 2121//2121
f 2123//2123 2234//2234 2232//2232
f 2233//2233 2124//2124 2122//2122
f 2235//2235 2124//2124 2233//2233
f 2234//2234 2123//2123 2236//2236
f 2125//2125 2236//2236 2123//2123
f 2235//2235 2126//2126 2124//2124
f 2237//2237 2126//2126 2235//2235
f 2125//2125 2238//2238 2236//2236
f 2125//2125 2127//2127 2238//2238
f 2237//2237 2128//2128 2126//2126
f 2239//2239 2128//2128 2237//2237
f 2129//2129 2238//2238 2127//2127
f 2129//2129 2240//2240 2238//2238
f 2239//2239 2130//2130 2128//2128
f 2241//2241 2130//2130 2239//2239
f 2131//2131 2240//2240 2129//2129
f 2131//2131 2242//2242 2240//2240
f 2241//2241 2132//2132 2130//2130
f 2243//2243 2132//2132 2241//2241
f 2131//2131 2133//2133 2242//2242
f 2242//2242 2133//2133 2244//2244
f 2243//2243 2134//2134 2132//2132
f 2245//2245 2134//2134 2243//2243
f 2135//2135 2244//2244 2133//2133
f 2135//2135 2246//2246 2244//2244
f 2245//2245 2136//2136 2134//2134
f 2247//2247 2136//2136 2245//2245
f 2137//2137 2246//2246 2135//2135
f 2137//2137 2248//2248 2246//2246
f 2247//2247 2138//2138 2136//2136
f 2249//2249 2138//2138 2247//2247
f 2139//2139 2248//2248 2137//2137
f 2139//2139 2250//2250 2248//2248
f 2249//2249 2140//2140 2138//2138
f 2251//2251 2140//2140 2249//2249
f 2141//2141 2250//2250 2139//2139
f 2141//2141 2252//2252 2250//2250
f 2251//2251 2142//2142 2140//2140
f 2253//2253 2142//2142 2251//2251
f 2143//2143 2252//2252 2141//2141
f 2143//2143 2254//2254 2252//2252
f 2253//2253 2144//2144 2142//2142
f 2255//2255 2144//2144 2253//2253
f 2145//2145 2254//2254 2143//2143
f 2145//2145 2256//2256 2254//2254
f 2255//2255 2146//2146 2144//2144
f 2257//2257 2146//2146 2255//2255
f 2147//2147 2256//2256 2145//2145
f 2147//2147 2258//2258 2256//2256
f 2257//2257 2148//2148 2146//2146
f 2259//2259 2148//2148 2257//2257
f 2149//2149 2258//2258 2147//2147
f 2149//2149 2260//2260 2258//2258
f 2259//2259 2150//2150 2148//2148
f 2261//2261 2150//2150 2259//2259
f 2151//2151 2260//2260 2149//2149
f 2151//2151 2262//2262 2260//2260
f 2261//2261 2263//2263 2150//2150
f 2150//2150 2263//2263 2152//2152
f 2153//2153 2262//2262 2151//2151
f 2153//2153 2264//2264 2262//2262
f 2263//2263 2154//2154 2152//2152
f 2265//2265 2154//2154 2263//2263
f 2155//2155 2264//2264 2153//2153
f 2155//2155 2266//2266 2264//2264
f 2154//2154 2267//2267 2156//2156
f 2154//2154 2265//2265 2267//2267
f 2157//2157 2266//2266 2155//2155
f 2157//2157 2268//2268 2266//2266
f 2267//2267 2269//2269 2156//2156
f 2158//2158 2156//2156 2269//2269
f 2159//2159 2268//2268 2157//2157
f 2159//2159 2270//2270 2268//2268
f 2269//2269 2160//2160 2158//2158
f 2271//2271 2160//2160 2269//2269
f 2161//2161 2270//2270 2159//2159
f 2161//2161 2272//2272 2270//2270
f 2160//2160 2273//2273 2162//2162
f 2160//2160 2271//2271 2273//2273
f 2163//2163 2272//2272 2161//2161
f 2163//2163 2274//2274 2272//2272
f 2273//2273 2275//2275 2162//2162
f 2164//2164 2162//2162 2275//2275
f 2165//2165 2274//2274 2163//2163
f 2165//2165 2276//2276 2274//2274
f 2164//2164 2277//2277 2166//2166
f 2164//2164 2275//2275 2277//2277
f 2165//2165 2167//2167 2276//2276
f 2276//2276 2167//2167 2278//2278
f 2277//2277 2279//2279 2166//2166
f 2168//2168 2166//2166 2279//2279
f 2169//2169 2278//2278 2167//2167
f 2169//2169 2280//2280 2278//2278
f 2168//2168 2281//2281 2170//2170
f 2168//2168 2279//2279 2281//2281
f 2171//2171 2280//2280 2169//2169
f 2171//2171 2282//2282 2280//2280
f 2281//2281 2283//2283 2170//2170
f 2172//2172 2170//2170 2283//2283
f 2282//2282 2173//2173 2284//2284
f 2282//2282 2171//2171 2173//2173
f 2172//2172 2285//2285 2174//2174
f 2172//2172 2283//2283 2285//2285
f 2286//2286 2284//2284 2175//2175
f 2175//2175 2284//2284 2173//2173
f 2285//2285 2287//2287 2174//2174
f 2176//2176 2174//2174 2287//2287
f 2175//2175 2177//2177 2286//2286
f 2286//2286 2177//2177 2288//2288
f 2287//2287 2289//2289 2176//2176
f 2176//2176 2289//2289 2178//2178
f 2177//2177 2179//2179 2288//2288
f 2288//2288 2179//2179 2290//2290
f 2289//2289 2291//2291 2178//2178
f 2178//2178 2291//2291 2180//2180
f 2180//2180 2292//2292 2181//2181
f 2291//2291 2292//2292 2180//2180
f 2182//2182 2294//2294 2183//2183
f 2293//2293 2294//2294 2182//2182
f 2183//2183 2295//2295 2184//2184
f 2294//2294 2295//2295 2183//2183
f 2179//2179 2184//2184 2290//2290
f 2290//2290 2184//2184 2295//2295
f 2292//2292 2296//2296 2181//2181
f 2181//2181 2296//2296 2185//2185
f 2185//2185 2297//2297 2186//2186
f 2296//2296 2297//2297 2185//2185
f 2186//2186 2298//2298 2187//2187
f 2297//2297 2298//2298 2186//2186
f 2187//2187 2299//2299 2188//2188
f 2298//2298 2299//2299 2187//2187
f 2188//2188 2300//2300 2189//2189
f 2299//2299 2300//2300 2188//2188
f 2189//2189 2301//2301 2190//2190
f 2300//2300 2301//2301 2189//2189
f 2190//2190 2302//2302 2191//2191
f 2301//2301 2302//2302 2190//2190
f 2191//2191 2303//2303 2192//2192
f 2302//2302 2303//2303 2191//2191
f 2182//2182 2192//2192 2293//2293
f 2293//2293 2192//2192 2303//2303
f 2305//2305 2304//2304 2194//2194
f 2194//2194 2304//2304 2193//2193
f 2306//2306 2194//2194 2195//2195
f 2306//2306 2305//2305 2194//2194
f 2307//2307 2195//2195 2196//2196
f 2307//2307 2306//2306 2195//2195
f 2308//2308 2196//2196 2197//2197
f 2308//2308 2307//2307 2196//2196
f 2309//2309 2197//2197 2198//2198
f 2309//2309 2308//2308 2197//2197
f 2310//2310 2198//2198 2199//2199
f 2310//2310 2309//2309 2198//2198
f 2311//2311 2199//2199 2200//2200
f 2311//2311 2310//2310 2199//2199
f 2312//2312 2200//2200 2201//2201
f 2312//2312 2311//2311 2200//2200
f 2313//2313 2201//2201 2202//2202
f 2313//2313 2312//2312 2201//2201
f 2313//2313 2203//2203 2314//2314
f 2313//2313 2202//2202 2203//2203
f 2204//2204 2314//2314 2203//2203
f 2316//2316 2315//2315 2206//2206
f 2206//2206 2315//2315 2205//2205
f 2304//2304 2206//2206 2193//2193
f 2304//2304 2316//2316 2206//2206
f 2317//2317 2314//2314 2204//2204
f 2318//2318 2204//2204 2207//2207
f 2318//2318 2317//2317 2204//2204
f 2207//2207 2208//2208 2318//2318
f 2318//2318 2208//2208 2319//2319
f 2315//2315 2320//2320 2205//2205
f 2205//2205 2320//2320 2209//2209
f 2208//2208 2210//2210 2319//2319
f 2319//2319 2210//2210 2321//2321
f 2320//2320 2211//2211 2209//2209
f 2322//2322 2211//2211 2320//2320
f 2210//2210 2212//2212 2321//2321
f 2321//2321 2212//2212 2323//2323
f 2322//2322 2324//2324 2211//2211
f 2211//2211 2324//2324 2213//2213
f 2214//2214 2323//2323 2212//2212
f 2214//2214 2325//2325 2323//2323
f 2324//2324 2215//2215 2213//2213
f 2326//2326 2215//2215 2324//2324
f 2214//2214 2216//2216 2325//2325
f 2325//2325 2216//2216 2327//2327
f 2326//2326 2217//2217 2215//2215
f 2328//2328 2217//2217 2326//2326
f 2218//2218 2327//2327 2216//2216
f 2218//2218 2329//2329 2327//2327
f 2328//2328 2219//2219 2217//2217
f 2330//2330 2219//2219 2328//2328
f 2329//2329 2218//2218 2331//2331
f 2220//2220 2331//2331 2218//2218
f 2330//2330 2221//2221 2219//2219
f 2332//2332 2221//2221 2330//2330
f 2220//2220 2333//2333 2331//2331
f 2220//2220 2222//2222 2333//2333
f 2332//2332 2223//2223 2221//2221
f 2334//2334 2223//2223 2332//2332
f 2224//2224 2333//2333 2222//2222
f 2224//2224 2335//2335 2333//2333
f 2334//2334 2225//2225 2223//2223
f 2336//2336 2225//2225 2334//2334
f 2335//2335 2224//2224 2337//2337
f 2226//2226 2337//2337 2224//2224
f 2336//2336 2227//2227 2225//2225
f 2338//2338 2227//2227 2336//2336
f 2226//2226 2339//2339 2337//2337
f 2226//2226 2228//2228 2339//2339
f 2338//2338 2229//2229 2227//2227
f 2340//2340 2229//2229 2338//2338
f 2230//2230 2339//2339 2228//2228
f 2230//2230 2341//2341 2339//2339
f 2340//2340 2231//2231 2229//2229
f 2342//2342 2231//2231 2340//2340
f 2341//2341 2230//2230 2343//2343
f 2232//2232 2343//2343 2230//2230
f 2342//2342 2233//2233 2231//2231
f 2344//2344 2233//2233 2342//2342
f 2232//2232 2345//2345 2343//2343
f 2232//2232 2234//2234 2345//2345
f 2344//2344 2235//2235 2233//2233
f 2346//2346 2235//2235 2344//2344
f 2236//2236 2345//2345 2234//2234
f 2236//2236 2347//2347 2345//2345
f 2346//2346 2237//2237 2235//2235
f 2348//2348 2237//2237 2346//2346
f 2236//2236 2238//2238 2347//2347
f 2347//2347 2238//2238 2349//2349
f 2348//2348 2239//2239 2237//2237
f 2350//2350 2239//2239 2348//2348
f 2240//2240 2349//2349 2238//2238
f 2240//2240 2351//2351 2349//2349
f 2350//2350 2241//2241 2239//2239
f 2352//2352 2241//2241 2350//2350
f 2242//2242 2351//2351 2240//2240
f 2242//2242 2353//2353 2351//2351
f 2352//2352 2243//2243 2241//2241
f 2354//2354 2243//2243 2352//2352
f 2353//2353 2242//2242 2355//2355
f 2244//2244 2355//2355 2242//2242
f 2354//2354 2245//2245 2243//2243
f 2356//2356 2245//2245 2354//2354
f 2244//2244 2357//2357 2355//2355
f 2244//2244 2246//2246 2357//2357
f 2356//2356 2247//2247 2245//2245
f 2358//2358 2247//2247 2356//2356
f 2248//2248 2357//2357 2246//2246
f 2248//2248 2359//2359 2357//2357
f 2358//2358 2249//2249 2247//2247
f 2360//2360 2249//2249 2358//2358
f 2250//2250 2359//2359 2248//2248
f 2250//2250 2361//2361 2359//2359
f 2360//2360 2251//2251 2249//2249
f 2362//2362 2251//2251 2360//2360
f 2252//2252 2361//2361 2250//2250
f 2252//2252 2363//2363 2361//2361
f 2362//2362 2253//2253 2251//2251
f 2364//2364 2253//2253 2362//2362
f 2254//2254 2363//2363 2252//2252
f 2254//2254 2365//2365 2363//2363
f 2364//2364 2255//2255 2253//2253
f 2366//2366 2255//2255 2364//2364
f 2256//2256 2365//2365 2254//2254
f 2256//2256 2367//2367 2365//2365
f 2366//2366 2257//2257 2255//2255
f 2368//2368 2257//2257 2366//2366
f 2258//2258 2367//2367 2256//2256
f 2258//2258 2369//2369 2367//2367
f 2368//2368 2259//2259 2257//2257
f 2370//2370 2259//2259 2368//2368
f 2260//2260 2369//2369 2258//2258
f 2260//2260 2371//2371 2369//2369
f 2370//2370 2261//2261 2259//2259
f 2372//2372 2261//2261 2370//2370
f 2262//2262 2371//2371 2260//2260
f 2262//2262 2373//2373 2371//2371
f 2261//2261 2374//2374 2263//2263
f 2261//2261 2372//2372 2374//2374
f 2264//2264 2373//2373 2262//2262
f 2264//2264 2375//2375 2373//2373
f 2374//2374 2376//2376 2263//2263
f 2265//2265 2263//2263 2376//2376
f 2266//2266 2375//2375 2264//2264
f 2266//2266 2377//2377 2375//2375
f 2376//2376 2267//2267 2265//2265
f 2378//2378 2267//2267 2376//2376
f 2268//2268 2377//2377 2266//2266
f 2268//2268 2379//2379 2377//2377
f 2267//2267 2380//2380 2269//2269
f 2267//2267 2378//2378 2380//2380
f 2270//2270 2379//2379 2268//2268
f 2270//2270 2381//2381 2379//2379
f 2380//2380 2382//2382 2269//2269
f 2271//2271 2269//2269 2382//2382
f 2272//2272 2381//2381 2270//2270
f 2272//2272 2383//2383 2381//2381
f 2382//2382 2273//2273 2271//2271
f 2384//2384 2273//2273 2382//2382
f 2274//2274 2383//2383 2272//2272
f 2274//2274 2385//2385 2383//2383
f 2384//2384 2386//2386 2273//2273
f 2273//2273 2386//2386 2275//2275
f 2385//2385 2276//2276 2387//2387
f 2385//2385 2274//2274 2276//2276
f 2386//2386 2277//2277 2275//2275
f 2388//2388 2277//2277 2386//2386
f 2389//2389 2387//2387 2278//2278
f 2278//2278 2387//2387 2276//2276
f 2388//2388 2390//2390 2277//2277
f 2277//2277 2390//2390 2279//2279
f 2280//2280 2389//2389 2278//2278
f 2280//2280 2391//2391 2389//2389
f 2390//2390 2281//2281 2279//2279
f 2392//2392 2281//2281 2390//2390
f 2282//2282 2391//2391 2280//2280
f 2282//2282 2393//2393 2391//2391
f 2392//2392 2394//2394 2281//2281
f 2281//2281 2394//2394 2283//2283
f 2282//2282 2284//2284 2393//2393
f 2393//2393 2284//2284 2395//2395
f 2394//2394 2285//2285 2283//2283
f 2396//2396 2285//2285 2394//2394
f 2286//2286 2395//2395 2284//2284
f 2286//2286 2397//2397 2395//2395
f 2396//2396 2398//2398 2285//2285
f 2285//2285 2398//2398 2287//2287
f 2286//2286 2288//2288 2397//2397
f 2397//2397 2288//2288 2399//2399
f 2398//2398 2400//2400 2287//2287
f 2287//2287 2400//2400 2289//2289
f 2402//2402 2290//2290 2401//2401
f 2288//2288 2290//2290 2399//2399
f 2399//2399 2290//2290 2402//2402
f 2400//2400 2403//2403 2289//2289
f 2289//2289 2403//2403 2291//2291
f 2291//2291 2404//2404 2292//2292
f 2403//2403 2404//2404 2291//2291
f 2404//2404 2405//2405 2292//2292
f 2293//2293 2407//2407 2294//2294
f 2406//2406 2407//2407 2293//2293
f 2295//2295 2407//2407 2401//2401
f 2295//2295 2294//2294 2407//2407
f 2295//2295 2401//2401 2290//2290
f 2405//2405 2296//2296 2292//2292
f 2408//2408 2296//2296 2405//2405
f 2408//2408 2297//2297 2296//2296
f 2297//2297 2409//2409 2298//2298
f 2408//2408 2409//2409 2297//2297
f 2298//2298 2410//2410 2299//2299
f 2409//2409 2410//2410 2298//2298
f 2299//2299 2411//2411 2300//2300
f 2410//2410 2411//2411 2299//2299
f 2300//2300 2412//2412 2301//2301
f 2411//2411 2412//2412 2300//2300
f 2301//2301 2413//2413 2302//2302
f 2412//2412 2413//2413 2301//2301
f 2302//2302 2414//2414 2303//2303
f 2413//2413 2414//2414 2302//2302
f 2293//2293 2303//2303 2406//2406
f 2406//2406 2303//2303 2414//2414
f 2416//2416 2415//2415 2305//2305
f 2305//2305 2415//2415 2304//2304
f 2417//2417 2305//2305 2306//2306
f 2417//2417 2416//2416 2305//2305
f 2418//2418 2306//2306 2307//2307
f 2418//2418 2417//2417 2306//2306
f 2419//2419 2307//2307 2308//2308
f 2419//2419 2418//2418 2307//2307
f 2420//2420 2308//2308 2309//2309
f 2420//2420 2419//2419 2308//2308
f 2421//2421 2309//2309 2310//2310
f 2421//2421 2420//2420 2309//2309
f 2422//2422 2310//2310 2311//2311
f 2422//2422 2421//2421 2310//2310
f 2423//2423 2311//2311 2312//2312
f 2423//2423 2422//2422 2311//2311
f 2424//2424 2312//2312 2313//2313
f 2424//2424 2423//2423 2312//2312
f 2313//2313 2314//2314 2424//2424
f 2424//2424 2314//2314 2425//2425
f 2427//2427 2426//2426 2316//2316
f 2316//2316 2426//2426 2315//2315
f 2415//2415 2316//2316 2304//2304
f 2415//2415 2427//2427 2316//2316
f 2428//2428 2314//2314 2317//2317
f 2428//2428 2425//2425 2314//2314
f 2428//2428 2318//2318 2429//2429
f 2428//2428 2317//2317 2318//2318
f 2319//2319 2429//2429 2318//2318
f 2426//2426 2430//2430 2315//2315
f 2315//2315 2430//2430 2320//2320
f 2431//2431 2429//2429 2319//2319
f 2319//2319 2321//2321 2431//2431
f 2431//2431 2321//2321 2432//2432
f 2430//2430 2322//2322 2320//2320
f 2433//2433 2322//2322 2430//2430
f 2432//2432 2321//2321 2434//2434
f 2323//2323 2434//2434 2321//2321
f 2433//2433 2435//2435 2322//2322
f 2322//2322 2435//2435 2324//2324
f 2323//2323 2436//2436 2434//2434
f 2323//2323 2325//2325 2436//2436
f 2435//2435 2326//2326 2324//2324
f 2437//2437 2326//2326 2435//2435
f 2436//2436 2325//2325 2438//2438
f 2327//2327 2438//2438 2325//2325
f 2437//2437 2328//2328 2326//2326
f 2439//2439 2328//2328 2437//2437
f 2327//2327 2440//2440 2438//2438
f 2327//2327 2329//2329 2440//2440
f 2439//2439 2330//2330 2328//2328
f 2441//2441 2330//2330 2439//2439
f 2331//2331 2440//2440 2329//2329
f 2331//2331 2442//2442 2440//2440
f 2441//2441 2332//2332 2330//2330
f 2443//2443 2332//2332 2441//2441
f 2442//2442 2331//2331 2444//2444
f 2333//2333 2444//2444 2331//2331
f 2443//2443 2334//2334 2332//2332
f 2445//2445 2334//2334 2443//2443
f 2333//2333 2446//2446 2444//2444
f 2333//2333 2335//2335 2446//2446
f 2445//2445 2336//2336 2334//2334
f 2447//2447 2336//2336 2445//2445
f 2337//2337 2446//2446 2335//2335
f 2337//2337 2448//2448 2446//2446
f 2447//2447 2338//2338 2336//2336
f 2449//2449 2338//2338 2447//2447
f 2448//2448 2337//2337 2450//2450
f 2339//2339 2450//2450 2337//2337
f 2449//2449 2340//2340 2338//2338
f 2451//2451 2340//2340 2449//2449
f 2339//2339 2452//2452 2450//2450
f 2339//2339 2341//2341 2452//2452
f 2451//2451 2342//2342 2340//2340
f 2453//2453 2342//2342 2451//2451
f 2343//2343 2452//2452 2341//2341
f 2343//2343 2454//2454 2452//2452
f 2453//2453 2344//2344 2342//2342
f 2455//2455 2344//2344 2453//2453
f 2343//2343 2345//2345 2454//2454
f 2454//2454 2345//2345 2456//2456
f 2455//2455 2346//2346 2344//2344
f 2457//2457 2346//2346 2455//2455
f 2347//2347 2456//2456 2345//2345
f 2347//2347 2458//2458 2456//2456
f 2457//2457 2348//2348 2346//2346
f 2459//2459 2348//2348 2457//2457
f 2458//2458 2347//2347 2460//2460
f 2349//2349 2460//2460 2347//2347
f 2459//2459 2350//2350 2348//2348
f 2461//2461 2350//2350 2459//2459
f 2349//2349 2462//2462 2460//2460
f 2349//2349 2351//2351 2462//2462
f 2461//2461 2352//2352 2350//2350
f 2463//2463 2352//2352 2461//2461
f 2353//2353 2462//2462 2351//2351
f 2353//2353 2464//2464 2462//2462
f 2463//2463 2354//2354 2352//2352
f 2465//2465 2354//2354 2463//2463
f 2355//2355 2464//2464 2353//2353
f 2355//2355 2466//2466 2464//2464
f 2465//2465 2356//2356 2354//2354
f 2467//2467 2356//2356 2465//2465
f 2355//2355 2357//2357 2466//2466
f 2466//2466 2357//2357 2468//2468
f 2467//2467 2358//2358 2356//2356
f 2469//2469 2358//2358 2467//2467
f 2359//2359 2468//2468 2357//2357
f 2359//2359 2470//2470 2468//2468
f 2469//2469 2360//2360 2358//2358
f 2471//2471 2360//2360 2469//2469
f 2361//2361 2470//2470 2359//2359
f 2361//2361 2472//2472 2470//2470
f 2471//2471 2362//2362 2360//2360
f 2473//2473 2362//2362 2471//2471
f 2363//2363 2472//2472 2361//2361
f 2363//2363 2474//2474 2472//2472
f 2473//2473 2364//2364 2362//2362
f 2475//2475 2364//2364 2473//2473
f 2365//2365 2474//2474 2363//2363
f 2365//2365 2476//2476 2474//2474
f 2475//2475 2366//2366 2364//2364
f 2477//2477 2366//2366 2475//2475
f 2367//2367 2476//2476 2365//2365
f 2367//2367 2478//2478 2476//2476
f 2477//2477 2368//2368 2366//2366
f 2479//2479 2368//2368 2477//2477
f 2369//2369 2478//2478 2367//2367
f 2369//2369 2480//2480 2478//2478
f 2479//2479 2370//2370 2368//2368
f 2481//2481 2370//2370 2479//2479
f 2371//2371 2480//2480 2369//2369
f 2371//2371 2482//2482 2480//2480
f 2481//2481 2372//2372 2370//2370
f 2483//2483 2372//2372 2481//2481
f 2373//2373 2482//2482 2371//2371
f 2373//2373 2484//2484 2482//2482
f 2483//2483 2374//2374 2372//2372
f 2485//2485 2374//2374 2483//2483
f 2375//2375 2484//2484 2373//2373
f 2375//2375 2486//2486 2484//2484
f 2374//2374 2487//2487 2376//2376
f 2374//2374 2485//2485 2487//2487
f 2377//2377 2486//2486 2375//2375
f 2377//2377 2488//2488 2486//2486
f 2487//2487 2489//2489 2376//2376
f 2378//2378 2376//2376 2489//2489
f 2379//2379 2488//2488 2377//2377
f 2379//2379 2490//2490 2488//2488
f 2489//2489 2380//2380 2378//2378
f 2491//2491 2380//2380 2489//2489
f 2381//2381 2490//2490 2379//2379
f 2381//2381 2492//2492 2490//2490
f 2380//2380 2493//2493 2382//2382
f 2380//2380 2491//2491 2493//2493
f 2383//2383 2492//2492 2381//2381
f 2383//2383 2494//2494 2492//2492
f 2493//2493 2495//2495 2382//2382
f 2384//2384 2382//2382 2495//2495
f 2385//2385 2494//2494 2383//2383
f 2385//2385 2496//2496 2494//2494
f 2384//2384 2497//2497 2386//2386
f 2384//2384 2495//2495 2497//2497
f 2385//2385 2387//2387 2496//2496
f 2496//2496 2387//2387 2498//2498
f 2497//2497 2499//2499 2386//2386
f 2388//2388 2386//2386 2499//2499
f 2389//2389 2498//2498 2387//2387
f 2389//2389 2500//2500 2498//2498
f 2388//2388 2501//2501 2390//2390
f 2388//2388 2499//2499 2501//2501
f 2391//2391 2500//2500 2389//2389
f 2391//2391 2502//2502 2500//2500
f 2501//2501 2503//2503 2390//2390
f 2392//2392 2390//2390 2503//2503
f 2393//2393 2502//2502 2391//2391
f 2393//2393 2504//2504 2502//2502
f 2503//2503 2505//2505 2392//2392
f 2392//2392 2505//2505 2394//2394
f 2393//2393 2395//2395 2504//2504
f 2504//2504 2395//2395 2506//2506
f 2505//2505 2396//2396 2394//2394
f 2507//2507 2396//2396 2505//2505
f 2397//2397 2506//2506 2395//2395
f 2397//2397 2508//2508 2506//2506
f 2507//2507 2509//2509 2396//2396
f 2396//2396 2509//2509 2398//2398
f 2397//2397 2399//2399 2508//2508
f 2508//2508 2399//2399 2510//2510
f 2509//2509 2511//2511 2398//2398
f 2398//2398 2511//2511 2400//2400
f 2511//2511 2512//2512 2400//2400
f 2401//2401 2514//2514 2402//2402
f 2513//2513 2514//2514 2401//2401
f 2399//2399 2402//2402 2510//2510
f 2510//2510 2402//2402 2514//2514
f 2512//2512 2403//2403 2400//2400
f 2515//2515 2403//2403 2512//2512
f 2515//2515 2404//2404 2403//2403
f 2404//2404 2516//2516 2405//2405
f 2515//2515 2516//2516 2404//2404
f 2518//2518 2406//2406 2517//2517
f 2406//2406 2519//2519 2407//2407
f 2518//2518 2519//2519 2406//2406
f 2401//2401 2407//2407 2513//2513
f 2513//2513 2407//2407 2519//2519
f 2516//2516 2520//2520 2405//2405
f 2405//2405 2520//2520 2408//2408
f 2408//2408 2521//2521 2409//2409
f 2520//2520 2521//2521 2408//2408
f 2409//2409 2522//2522 2410//2410
f 2521//2521 2522//2522 2409//2409
f 2410//2410 2523//2523 2411//2411
f 2522//2522 2523//2523 2410//2410
f 2411//2411 2524//2524 2412//2412
f 2523//2523 2524//2524 2411//2411
f 2412//2412 2525//2525 2413//2413
f 2524//2524 2525//2525 2412//2412
f 2414//2414 2525//2525 2517//2517
f 2414//2414 2413//2413 2525//2525
f 2414//2414 2517//2517 2406//2406
f 2527//2527 2526//2526 2416//2416
f 2416//2416 2526//2526 2415//2415
f 2528//2528 2416//2416 2417//2417
f 2528//2528 2527//2527 2416//2416
f 2529//2529 2417//2417 2418//2418
f 2529//2529 2528//2528 2417//2417
f 2530//2530 2418//2418 2419//2419
f 2530//2530 2529//2529 2418//2418
f 2531//2531 2419//2419 2420//2420
f 2531//2531 2530//2530 2419//2419
f 2532//2532 2420//2420 2421//2421
f 2532//2532 2531//2531 2420//2420
f 2533//2533 2421//2421 2422//2422
f 2533//2533 2532//2532 2421//2421
f 2534//2534 2422//2422 2423//2423
f 2534//2534 2533//2533 2422//2422
f 2535//2535 2423//2423 2424//2424
f 2535//2535 2534//2534 2423//2423
f 2424//2424 2425//2425 2535//2535
f 2535//2535 2425//2425 2536//2536
f 2538//2538 2537//2537 2427//2427
f 2427//2427 2537//2537 2426//2426
f 2526//2526 2427//2427 2415//2415
f 2526//2526 2538//2538 2427//2427
f 2539//2539 2425//2425 2428//2428
f 2539//2539 2536//2536 2425//2425
f 2428//2428 2429//2429 2539//2539
f 2539//2539 2429//2429 2540//2540
f 2537//2537 2541//2541 2426//2426
f 2426//2426 2541//2541 2430//2430
f 2540//2540 2431//2431 2542//2542
f 2540//2540 2429//2429 2431//2431
f 2432//2432 2542//2542 2431//2431
f 2541//2541 2433//2433 2430//2430
f 2543//2543 2433//2433 2541//2541
f 2432//2432 2544//2544 2542//2542
f 2432//2432 2434//2434 2544//2544
f 2543//2543 2545//2545 2433//2433
f 2433//2433 2545//2545 2435//2435
f 2434//2434 2436//2436 2544//2544
f 2544//2544 2436//2436 2546//2546
f 2545//2545 2437//2437 2435//2435
f 2547//2547 2437//2437 2545//2545
f 2438//2438 2546//2546 2436//2436
f 2438//2438 2548//2548 2546//2546
f 2547//2547 2439//2439 2437//2437
f 2549//2549 2439//2439 2547//2547
f 2548//2548 2438//2438 2550//2550
f 2440//2440 2550//2550 2438//2438
f 2549//2549 2441//2441 2439//2439
f 2551//2551 2441//2441 2549//2549
f 2440//2440 2552//2552 2550//2550
f 2440//2440 2442//2442 2552//2552
f 2551//2551 2443//2443 2441//2441
f 2553//2553 2443//2443 2551//2551
f 2444//2444 2552//2552 2442//2442
f 2444//2444 2554//2554 2552//2552
f 2553//2553 2445//2445 2443//2443
f 2555//2555 2445//2445 2553//2553
f 2554//2554 2444//2444 2556//2556
f 2446//2446 2556//2556 2444//2444
f 2555//2555 2447//2447 2445//2445
f 2557//2557 2447//2447 2555//2555
f 2446//2446 2558//2558 2556//2556
f 2446//2446 2448//2448 2558//2558
f 2557//2557 2449//2449 2447//2447
f 2559//2559 2449//2449 2557//2557
f 2450//2450 2558//2558 2448//2448
f 2450//2450 2560//2560 2558//2558
f 2559//2559 2451//2451 2449//2449
f 2561//2561 2451//2451 2559//2559
f 2560//2560 2450//2450 2562//2562
f 2452//2452 2562//2562 2450//2450
f 2561//2561 2453//2453 2451//2451
f 2563//2563 2453//2453 2561//2561
f 2452//2452 2564//2564 2562//2562
f 2452//2452 2454//2454 2564//2564
f 2563//2563 2455//2455 2453//2453
f 2565//2565 2455//2455 2563//2563
f 2564//2564 2454//2454 2566//2566
f 2456//2456 2566//2566 2454//2454
f 2565//2565 2457//2457 2455//2455
f 2567//2567 2457//2457 2565//2565
f 2456//2456 2568//2568 2566//2566
f 2456//2456 2458//2458 2568//2568
f 2567//2567 2459//2459 2457//2457
f 2569//2569 2459//2459 2567//2567
f 2460//2460 2568//2568 2458//2458
f 2460//2460 2570//2570 2568//2568
f 2569//2569 2461//2461 2459//2459
f 2571//2571 2461//2461 2569//2569
f 2570//2570 2460//2460 2572//2572
f 2462//2462 2572//2572 2460//2460
f 2571//2571 2463//2463 2461//2461
f 2573//2573 2463//2463 2571//2571
f 2462//2462 2574//2574 2572//2572
f 2462//2462 2464//2464 2574//2574
f 2573//2573 2465//2465 2463//2463
f 2575//2575 2465//2465 2573//2573
f 2466//2466 2574//2574 2464//2464
f 2466//2466 2576//2576 2574//2574
f 2575//2575 2467//2467 2465//2465
f 2577//2577 2467//2467 2575//2575
f 2576//2576 2466//2466 2578//2578
f 2468//2468 2578//2578 2466//2466
f 2577//2577 2469//2469 2467//2467
f 2579//2579 2469//2469 2577//2577
f 2468//2468 2580//2580 2578//2578
f 2468//2468 2470//2470 2580//2580
f 2579//2579 2471//2471 2469//2469
f 2581//2581 2471//2471 2579//2579
f 2472//2472 2580//2580 2470//2470
f 2472//2472 2582//2582 2580//2580
f 2581//2581 2473//2473 2471//2471
f 2583//2583 2473//2473 2581//2581
f 2474//2474 2582//2582 2472//2472
f 2474//2474 2584//2584 2582//2582
f 2583//2583 2475//2475 2473//2473
f 2585//2585 2475//2475 2583//2583
f 2476//2476 2584//2584 2474//2474
f 2476//2476 2586//2586 2584//2584
f 2585//2585 2477//2477 2475//2475
f 2587//2587 2477//2477 2585//2585
f 2478//2478 2586//2586 2476//2476
f 2478//2478 2588//2588 2586//2586
f 2587//2587 2479//2479 2477//2477
f 2589//2589 2479//2479 2587//2587
f 2480//2480 2588//2588 2478//2478
f 2480//2480 2590//2590 2588//2588
f 2589//2589 2481//2481 2479//2479
f 2591//2591 2481//2481 2589//2589
f 2482//2482 2590//2590 2480//2480
f 2482//2482 2592//2592 2590//2590
f 2591//2591 2483//2483 2481//2481
f 2593//2593 2483//2483 2591//2591
f 2484//2484 2592//2592 2482//2482
f 2484//2484 2594//2594 2592//2592
f 2593//2593 2485//2485 2483//2483
f 2595//2595 2485//2485 2593//2593
f 2486//2486 2594//2594 2484//2484
f 2486//2486 2596//2596 2594//2594
f 2595//2595 2487//2487 2485//2485
f 2597//2597 2487//2487 2595//2595
f 2488//2488 2596//2596 2486//2486
f 2488//2488 2598//2598 2596//2596
f 2597//2597 2599//2599 2487//2487
f 2487//2487 2599//2599 2489//2489
f 2490//2490 2598//2598 2488//2488
f 2490//2490 2600//2600 2598//2598
f 2599//2599 2491//2491 2489//2489
f 2601//2601 2491//2491 2599//2599
f 2492//2492 2600//2600 2490//2490
f 2492//2492 2602//2602 2600//2600
f 2601//2601 2493//2493 2491//2491
f 2603//2603 2493//2493 2601//2601
f 2494//2494 2602//2602 2492//2492
f 2494//2494 2604//2604 2602//2602
f 2603//2603 2605//2605 2493//2493
f 2493//2493 2605//2605 2495//2495
f 2604//2604 2496//2496 2606//2606
f 2604//2604 2494//2494 2496//2496
f 2605//2605 2497//2497 2495//2495
f 2607//2607 2497//2497 2605//2605
f 2608//2608 2606//2606 2498//2498
f 2498//2498 2606//2606 2496//2496
f 2607//2607 2609//2609 2497//2497
f 2497//2497 2609//2609 2499//2499
f 2500//2500 2608//2608 2498//2498
f 2500//2500 2610//2610 2608//2608
f 2609//2609 2501//2501 2499//2499
f 2611//2611 2501//2501 2609//2609
f 2502//2502 2610//2610 2500//2500
f 2502//2502 2612//2612 2610//2610
f 2611//2611 2613//2613 2501//2501
f 2501//2501 2613//2613 2503//2503
f 2504//2504 2612//2612 2502//2502
f 2504//2504 2614//2614 2612//2612
f 2503//2503 2615//2615 2505//2505
f 2503//2503 2613//2613 2615//2615
f 2504//2504 2506//2506 2614//2614
f 2614//2614 2506//2506 2616//2616
f 2615//2615 2617//2617 2505//2505
f 2507//2507 2505//2505 2617//2617
f 2616//2616 2508//2508 2618//2618
f 2616//2616 2506//2506 2508//2508
f 2617//2617 2619//2619 2507//2507
f 2507//2507 2619//2619 2509//2509
f 2510//2510 2620//2620 2618//2618
f 2510//2510 2618//2618 2508//2508
f 2619//2619 2621//2621 2509//2509
f 2509//2509 2621//2621 2511//2511
f 2511//2511 2622//2622 2512//2512
f 2621//2621 2622//2622 2511//2511
f 2624//2624 2513//2513 2623//2623
f 2514//2514 2624//2624 2620//2620
f 2514//2514 2513//2513 2624//2624
f 2514//2514 2620//2620 2510//2510
f 2622//2622 2625//2625 2512//2512
f 2512//2512 2625//2625 2515//2515
f 2515//2515 2626//2626 2516//2516
f 2625//2625 2626//2626 2515//2515
f 2626//2626 2627//2627 2516//2516
f 2629//2629 2517//2517 2628//2628
f 2517//2517 2630//2630 2518//2518
f 2629//2629 2630//2630 2517//2517
f 2519//2519 2630//2630 2623//2623
f 2519//2519 2518//2518 2630//2630
f 2519//2519 2623//2623 2513//2513
f 2627//2627 2520//2520 2516//2516
f 2631//2631 2520//2520 2627//2627
f 2631//2631 2521//2521 2520//2520
f 2521//2521 2632//2632 2522//2522
f 2631//2631 2632//2632 2521//2521
f 2522//2522 2633//2633 2523//2523
f 2632//2632 2633//2633 2522//2522
f 2523//2523 2634//2634 2524//2524
f 2633//2633 2634//2634 2523//2523
f 2525//2525 2634//2634 2628//2628
f 2525//2525 2524//2524 2634//2634
f 2525//2525 2628//2628 2517//2517
f 2636//2636 2635//2635 2527//2527
f 2527//2527 2635//2635 2526//2526
f 2637//2637 2527//2527 2528//2528
f 2637//2637 2636//2636 2527//2527
f 2638//2638 2528//2528 2529//2529
f 2638//2638 2637//2637 2528//2528
f 2639//2639 2529//2529 2530//2530
f 2639//2639 2638//2638 2529//2529
f 2640//2640 2530//2530 2531//2531
f 2640//2640 2639//2639 2530//2530
f 2641//2641 2531//2531 2532//2532
f 2641//2641 2640//2640 2531//2531
f 2642//2642 2532//2532 2533//2533
f 2642//2642 2641//2641 2532//2532
f 2643//2643 2533//2533 2534//2534
f 2643//2643 2642//2642 2533//2533
f 2643//2643 2535//2535 2644//2644
f 2643//2643 2534//2534 2535//2535
f 2536//2536 2644//2644 2535//2535
f 2646//2646 2645//2645 2538//2538
f 2538//2538 2645//2645 2537//2537
f 2635//2635 2538//2538 2526//2526
f 2635//2635 2646//2646 2538//2538
f 2647//2647 2644//2644 2536//2536
f 2648//2648 2536//2536 2539//2539
f 2648//2648 2647//2647 2536//2536
f 2539//2539 2540//2540 2648//2648
f 2648//2648 2540//2540 2649//2649
f 2645//2645 2650//2650 2537//2537
f 2537//2537 2650//2650 2541//2541
f 2540//2540 2542//2542 2649//2649
f 2649//2649 2542//2542 2651//2651
f 2650//2650 2543//2543 2541//2541
f 2652//2652 2543//2543 2650//2650
f 2542//2542 2544//2544 2651//2651
f 2651//2651 2544//2544 2653//2653
f 2652//2652 2654//2654 2543//2543
f 2543//2543 2654//2654 2545//2545
f 2653//2653 2544//2544 2655//2655
f 2546//2546 2655//2655 2544//2544
f 2654//2654 2547//2547 2545//2545
f 2656//2656 2547//2547 2654//2654
f 2546//2546 2657//2657 2655//2655
f 2546//2546 2548//2548 2657//2657
f 2656//2656 2549//2549 2547//2547
f 2658//2658 2549//2549 2656//2656
f 2550//2550 2657//2657 2548//2548
f 2550//2550 2659//2659 2657//2657
f 2658//2658 2551//2551 2549//2549
f 2660//2660 2551//2551 2658//2658
f 2659//2659 2550//2550 2661//2661
f 2552//2552 2661//2661 2550//2550
f 2660//2660 2553//2553 2551//2551
f 2662//2662 2553//2553 2660//2660
f 2552//2552 2663//2663 2661//2661
f 2552//2552 2554//2554 2663//2663
f 2662//2662 2555//2555 2553//2553
f 2664//2664 2555//2555 2662//2662
f 2556//2556 2663//2663 2554//2554
f 2556//2556 2665//2665 2663//2663
f 2664//2664 2557//2557 2555//2555
f 2666//2666 2557//2557 2664//2664
f 2665//2665 2556//2556 2667//2667
f 2558//2558 2667//2667 2556//2556
f 2666//2666 2559//2559 2557//2557
f 2668//2668 2559//2559 2666//2666
f 2558//2558 2669//2669 2667//2667
f 2558//2558 2560//2560 2669//2669
f 2668//2668 2561//2561 2559//2559
f 2670//2670 2561//2561 2668//2668
f 2562//2562 2669//2669 2560//2560
f 2562//2562 2671//2671 2669//2669
f 2670//2670 2563//2563 2561//2561
f 2672//2672 2563//2563 2670//2670
f 2562//2562 2564//2564 2671//2671
f 2671//2671 2564//2564 2673//2673
f 2672//2672 2565//2565 2563//2563
f 2674//2674 2565//2565 2672//2672
f 2566//2566 2673//2673 2564//2564
f 2566//2566 2675//2675 2673//2673
f 2674//2674 2567//2567 2565//2565
f 2676//2676 2567//2567 2674//2674
f 2675//2675 2566//2566 2677//2677
f 2568//2568 2677//2677 2566//2566
f 2676//2676 2569//2569 2567//2567
f 2678//2678 2569//2569 2676//2676
f 2568//2568 2679//2679 2677//2677
f 2568//2568 2570//2570 2679//2679
f 2678//2678 2571//2571 2569//2569
f 2680//2680 2571//2571 2678//2678
f 2572//2572 2679//2679 2570//2570
f 2572//2572 2681//2681 2679//2679
f 2680//2680 2573//2573 2571//2571
f 2682//2682 2573//2573 2680//2680
f 2572//2572 2574//2574 2681//2681
f 2681//2681 2574//2574 2683//2683
f 2682//2682 2575//2575 2573//2573
f 2684//2684 2575//2575 2682//2682
f 2576//2576 2683//2683 2574//2574
f 2576//2576 2685//2685 2683//2683
f 2684//2684 2577//2577 2575//2575
f 2686//2686 2577//2577 2684//2684
f 2578//2578 2685//2685 2576//2576
f 2578//2578 2687//2687 2685//2685
f 2686//2686 2579//2579 2577//2577
f 2688//2688 2579//2579 2686//2686
f 2578//2578 2580//2580 2687//2687
f 2687//2687 2580//2580 2689//2689
f 2688//2688 2581//2581 2579//2579
f 2690//2690 2581//2581 2688//2688
f 2582//2582 2689//2689 2580//2580
f 2582//2582 2691//2691 2689//2689
f 2690//2690 2583//2583 2581//2581
f 2692//2692 2583//2583 2690//2690
f 2584//2584 2691//2691 2582//2582
f 2584//2584 2693//2693 2691//2691
f 2692//2692 2585//2585 2583//2583
f 2694//2694 2585//2585 2692//2692
f 2586//2586 2693//2693 2584//2584
f 2586//2586 2695//2695 2693//2693
f 2694//2694 2587//2587 2585//2585
f 2696//2696 2587//2587 2694//2694
f 2588//2588 2695//2695 2586//2586
f 2588//2588 2697//2697 2695//2695
f 2696//2696 2589//2589 2587//2587
f 2698//2698 2589//2589 2696//2696
f 2590//2590 2697//2697 2588//2588
f 2590//2590 2699//2699 2697//2697
f 2698//2698 2591//2591 2589//2589
f 2700//2700 2591//2591 2698//2698
f 2592//2592 2699//2699 2590//2590
f 2592//2592 2701//2701 2699//2699
f 2700//2700 2593//2593 2591//2591
f 2702//2702 2593//2593 2700//2700
f 2594//2594 2701//2701 2592//2592
f 2594//2594 2703//2703 2701//2701
f 2702//2702 2595//2595 2593//2593
f 2704//2704 2595//2595 2702//2702
f 2596//2596 2703//2703 2594//2594
f 2596//2596 2705//2705 2703//2703
f 2704//2704 2597//2597 2595//2595
f 2706//2706 2597//2597 2704//2704
f 2598//2598 2705//2705 2596//2596
f 2598//2598 2707//2707 2705//2705
f 2597//2597 2708//2708 2599//2599
f 2597//2597 2706//2706 2708//2708
f 2600//2600 2707//2707 2598//2598
f 2600//2600 2709//2709 2707//2707
f 2708//2708 2710//2710 2599//2599
f 2601//2601 2599//2599 2710//2710
f 2602//2602 2709//2709 2600//2600
f 2602//2602 2711//2711 2709//2709
f 2710//2710 2603//2603 2601//2601
f 2712//2712 2603//2603 2710//2710
f 2711//2711 2604//2604 2713//2713
f 2711//2711 2602//2602 2604//2604
f 2603//2603 2714//2714 2605//2605
f 2603//2603 2712//2712 2714//2714
f 2715//2715 2713//2713 2606//2606
f 2606//2606 2713//2713 2604//2604
f 2714//2714 2716//2716 2605//2605
f 2607//2607 2605//2605 2716//2716
f 2608//2608 2715//2715 2606//2606
f 2608//2608 2717//2717 2715//2715
f 2607//2607 2718//2718 2609//2609
f 2607//2607 2716//2716 2718//2718
f 2610//2610 2717//2717 2608//2608
f 2610//2610 2719//2719 2717//2717
f 2718//2718 2720//2720 2609//2609
f 2611//2611 2609//2609 2720//2720
f 2612//2612 2719//2719 2610//2610
f 2612//2612 2721//2721 2719//2719
f 2720//2720 2722//2722 2611//2611
f 2611//2611 2722//2722 2613//2613
f 2721//2721 2614//2614 2723//2723
f 2721//2721 2612//2612 2614//2614
f 2722//2722 2615//2615 2613//2613
f 2724//2724 2615//2615 2722//2722
f 2725//2725 2723//2723 2616//2616
f 2616//2616 2723//2723 2614//2614
f 2724//2724 2726//2726 2615//2615
f 2615//2615 2726//2726 2617//2617
f 2616//2616 2618//2618 2725//2725
f 2725//2725 2618//2618 2727//2727
f 2726//2726 2728//2728 2617//2617
f 2617//2617 2728//2728 2619//2619
f 2618//2618 2620//2620 2727//2727
f 2727//2727 2620//2620 2729//2729
f 2728//2728 2730//2730 2619//2619
f 2619//2619 2730//2730 2621//2621
f 2621//2621 2731//2731 2622//2622
f 2730//2730 2731//2731 2621//2621
f 2623//2623 2733//2733 2624//2624
f 2732//2732 2733//2733 2623//2623
f 2620//2620 2624//2624 2729//2729
f 2729//2729 2624//2624 2733//2733
f 2731//2731 2734//2734 2622//2622
f 2622//2622 2734//2734 2625//2625
f 2625//2625 2735//2735 2626//2626
f 2734//2734 2735//2735 2625//2625
f 2626//2626 2736//2736 2627//2627
f 2735//2735 2736//2736 2626//2626
f 2736//2736 2737//2737 2627//2627
f 2741//2741 2628//2628 2740//2740
f 2628//2628 2742//2742 2629//2629
f 2741//2741 2742//2742 2628//2628
f 2629//2629 2743//2743 2630//2630
f 2742//2742 2743//2743 2629//2629
f 2623//2623 2630//2630 2732//2732
f 2732//2732 2630//2630 2743//2743
f 2737//2737 2631//2631 2627//2627
f 2631//2631 2737//2737 2632//2632
f 2632//2632 2737//2737 2738//2738
f 2632//2632 2738//2738 2633//2633
f 2633//2633 2738//2738 2739//2739
f 2633//2633 2739//2739 2634//2634
f 2634//2634 2739//2739 2740//2740
f 2634//2634 2740//2740 2628//2628
f 2745//2745 2744//2744 2636//2636
f 2636//2636 2744//2744 2635//2635
f 2746//2746 2636//2636 2637//2637
f 2746//2746 2745//2745 2636//2636
f 2747//2747 2637//2637 2638//2638
f 2747//2747 2746//2746 2637//2637
f 2748//2748 2638//2638 2639//2639
f 2748//2748 2747//2747 2638//2638
f 2749//2749 2639//2639 2640//2640
f 2749//2749 2748//2748 2639//2639
f 2750//2750 2640//2640 2641//2641
f 2750//2750 2749//2749 2640//2640
f 2751//2751 2641//2641 2642//2642
f 2751//2751 2750//2750 2641//2641
f 2752//2752 2642//2642 2643//2643
f 2752//2752 2751//2751 2642//2642
f 2643//2643 2644//2644 2752//2752
f 2752//2752 2644//2644 2753//2753
f 2755//2755 2754//2754 2646//2646
f 2646//2646 2754//2754 2645//2645
f 2744//2744 2646//2646 2635//2635
f 2744//2744 2755//2755 2646//2646
f 2756//2756 2644//2644 2647//2647
f 2756//2756 2753//2753 2644//2644
f 2756//2756 2648//2648 2757//2757
f 2756//2756 2647//2647 2648//2648
f 2649//2649 2757//2757 2648//2648
f 2754//2754 2758//2758 2645//2645
f 2645//2645 2758//2758 2650//2650
f 2759//2759 2757//2757 2649//2649
f 2649//2649 2651//2651 2759//2759
f 2759//2759 2651//2651 2760//2760
f 2758//2758 2652//2652 2650//2650
f 2761//2761 2652//2652 2758//2758
f 2760//2760 2651//2651 2762//2762
f 2653//2653 2762//2762 2651//2651
f 2761//2761 2763//2763 2652//2652
f 2652//2652 2763//2763 2654//2654
f 2653//2653 2764//2764 2762//2762
f 2653//2653 2655//2655 2764//2764
f 2763//2763 2656//2656 2654//2654
f 2765//2765 2656//2656 2763//2763
f 2764//2764 2655//2655 2766//2766
f 2657//2657 2766//2766 2655//2655
f 2765//2765 2658//2658 2656//2656
f 2767//2767 2658//2658 2765//2765
f 2657//2657 2768//2768 2766//2766
f 2657//2657 2659//2659 2768//2768
f 2767//2767 2660//2660 2658//2658
f 2769//2769 2660//2660 2767//2767
f 2661//2661 2768//2768 2659//2659
f 2661//2661 2770//2770 2768//2768
f 2769//2769 2662//2662 2660//2660
f 2771//2771 2662//2662 2769//2769
f 2770//2770 2661//2661 2772//2772
f 2663//2663 2772//2772 2661//2661
f 2771//2771 2664//2664 2662//2662
f 2773//2773 2664//2664 2771//2771
f 2663//2663 2774//2774 2772//2772
f 2663//2663 2665//2665 2774//2774
f 2773//2773 2666//2666 2664//2664
f 2775//2775 2666//2666 2773//2773
f 2667//2667 2774//2774 2665//2665
f 2667//2667 2776//2776 2774//2774
f 2775//2775 2668//2668 2666//2666
f 2777//2777 2668//2668 2775//2775
f 2776//2776 2667//2667 2778//2778
f 2669//2669 2778//2778 2667//2667
f 2777//2777 2670//2670 2668//2668
f 2779//2779 2670//2670 2777//2777
f 2669//2669 2780//2780 2778//2778
f 2669//2669 2671//2671 2780//2780
f 2779//2779 2672//2672 2670//2670
f 2781//2781 2672//2672 2779//2779
f 2780//2780 2671//2671 2782//2782
f 2673//2673 2782//2782 2671//2671
f 2781//2781 2674//2674 2672//2672
f 2783//2783 2674//2674 2781//2781
f 2673//2673 2784//2784 2782//2782
f 2673//2673 2675//2675 2784//2784
f 2783//2783 2676//2676 2674//2674
f 2785//2785 2676//2676 2783//2783
f 2677//2677 2784//2784 2675//2675
f 2677//2677 2786//2786 2784//2784
f 2785//2785 2678//2678 2676//2676
f 2787//2787 2678//2678 2785//2785
f 2677//2677 2679//2679 2786//2786
f 2786//2786 2679//2679 2788//2788
f 2787//2787 2680//2680 2678//2678
f 2789//2789 2680//2680 2787//2787
f 2681//2681 2788//2788 2679//2679
f 2681//2681 2790//2790 2788//2788
f 2789//2789 2682//2682 2680//2680
f 2791//2791 2682//2682 2789//2789
f 2790//2790 2681//2681 2792//2792
f 2683//2683 2792//2792 2681//2681
f 2791//2791 2684//2684 2682//2682
f 2793//2793 2684//2684 2791//2791
f 2683//2683 2794//2794 2792//2792
f 2683//2683 2685//2685 2794//2794
f 2793//2793 2686//2686 2684//2684
f 2795//2795 2686//2686 2793//2793
f 2687//2687 2794//2794 2685//2685
f 2687//2687 2796//2796 2794//2794
f 2795//2795 2688//2688 2686//2686
f 2797//2797 2688//2688 2795//2795
f 2796//2796 2687//2687 2798//2798
f 2689//2689 2798//2798 2687//2687
f 2797//2797 2690//2690 2688//2688
f 2799//2799 2690//2690 2797//2797
f 2689//2689 2800//2800 2798//2798
f 2689//2689 2691//2691 2800//2800
f 2799//2799 2692//2692 2690//2690
f 2801//2801 2692//2692 2799//2799
f 2693//2693 2800//2800 2691//2691
f 2693//2693 2802//2802 2800//2800
f 2801//2801 2694//2694 2692//2692
f 2803//2803 2694//2694 2801//2801
f 2695//2695 2802//2802 2693//2693
f 2695//2695 2804//2804 2802//2802
f 2803//2803 2696//2696 2694//2694
f 2805//2805 2696//2696 2803//2803
f 2697//2697 2804//2804 2695//2695
f 2697//2697 2806//2806 2804//2804
f 2805//2805 2698//2698 2696//2696
f 2807//2807 2698//2698 2805//2805
f 2699//2699 2806//2806 2697//2697
f 2699//2699 2808//2808 2806//2806
f 2807//2807 2700//2700 2698//2698
f 2809//2809 2700//2700 2807//2807
f 2701//2701 2808//2808 2699//2699
f 2701//2701 2810//2810 2808//2808
f 2809//2809 2702//2702 2700//2700
f 2811//2811 2702//2702 2809//2809
f 2703//2703 2810//2810 2701//2701
f 2703//2703 2812//2812 2810//2810
f 2811//2811 2704//2704 2702//2702
f 2813//2813 2704//2704 2811//2811
f 2705//2705 2812//2812 2703//2703
f 2705//2705 2814//2814 2812//2812
f 2813//2813 2706//2706 2704//2704
f 2815//2815 2706//2706 2813//2813
f 2707//2707 2814//2814 2705//2705
f 2707//2707 2816//2816 2814//2814
f 2815//2815 2708//2708 2706//2706
f 2817//2817 2708//2708 2815//2815
f 2709//2709 2816//2816 2707//2707
f 2709//2709 2818//2818 2816//2816
f 2817//2817 2819//2819 2708//2708
f 2708//2708 2819//2819 2710//2710
f 2818//2818 2711//2711 2820//2820
f 2818//2818 2709//2709 2711//2711
f 2819//2819 2712//2712 2710//2710
f 2821//2821 2712//2712 2819//2819
f 2822//2822 2820//2820 2713//2713
f 2713//2713 2820//2820 2711//2711
f 2821//2821 2714//2714 2712//2712
f 2823//2823 2714//2714 2821//2821
f 2715//2715 2822//2822 2713//2713
f 2715//2715 2824//2824 2822//2822
f 2823//2823 2825//2825 2714//2714
f 2714//2714 2825//2825 2716//2716
f 2717//2717 2824//2824 2715//2715
f 2717//2717 2826//2826 2824//2824
f 2825//2825 2718//2718 2716//2716
f 2827//2827 2718//2718 2825//2825
f 2719//2719 2826//2826 2717//2717
f 2719//2719 2828//2828 2826//2826
f 2827//2827 2829//2829 2718//2718
f 2718//2718 2829//2829 2720//2720
f 2828//2828 2721//2721 2830//2830
f 2828//2828 2719//2719 2721//2721
f 2829//2829 2831//2831 2720//2720
f 2720//2720 2831//2831 2722//2722
f 2832//2832 2830//2830 2723//2723
f 2723//2723 2830//2830 2721//2721
f 2831//2831 2724//2724 2722//2722
f 2833//2833 2724//2724 2831//2831
f 2725//2725 2832//2832 2723//2723
f 2725//2725 2834//2834 2832//2832
f 2833//2833 2835//2835 2724//2724
f 2724//2724 2835//2835 2726//2726
f 2725//2725 2727//2727 2834//2834
f 2834//2834 2727//2727 2836//2836
f 2835//2835 2837//2837 2726//2726
f 2726//2726 2837//2837 2728//2728
f 2837//2837 2838//2838 2728//2728
f 2840//2840 2729//2729 2839//2839
f 2727//2727 2729//2729 2836//2836
f 2836//2836 2729//2729 2840//2840
f 2838//2838 2730//2730 2728//2728
f 2841//2841 2730//2730 2838//2838
f 2841//2841 2731//2731 2730//2730
f 2841//2841 2842//2842 2731//2731
f 2844//2844 2732//2732 2843//2843
f 2733//2733 2844//2844 2839//2839
f 2733//2733 2732//2732 2844//2844
f 2733//2733 2839//2839 2729//2729
f 2842//2842 2734//2734 2731//2731
f 2845//2845 2734//2734 2842//2842
f 2845//2845 2735//2735 2734//2734
f 2735//2735 2846//2846 2736//2736
f 2845//2845 2846//2846 2735//2735
f 2736//2736 2847//2847 2737//2737
f 2846//2846 2847//2847 2736//2736
f 2737//2737 2848//2848 2738//2738
f 2847//2847 2848//2848 2737//2737
f 2738//2738 2849//2849 2739//2739
f 2848//2848 2849//2849 2738//2738
f 2739//2739 2850//2850 2740//2740
f 2849//2849 2850//2850 2739//2739
f 2740//2740 2851//2851 2741//2741
f 2850//2850 2851//2851 2740//2740
f 2741//2741 2852//2852 2742//2742
f 2851//2851 2852//2852 2741//2741
f 2743//2743 2852//2852 2843//2843
f 2743//2743 2742//2742 2852//2852
f 2743//2743 2843//2843 2732//2732
f 2853//2853 2744//2744 2745//2745
f 2745//2745 2854//2854 2853//2853
f 2745//2745 2746//2746 2854//2854
f 2855//2855 2746//2746 2747//2747
f 2855//2855 2854//2854 2746//2746
f 2856//2856 2747//2747 2748//2748
f 2856//2856 2855//2855 2747//2747
f 2857//2857 2748//2748 2749//2749
f 2857//2857 2856//2856 2748//2748
f 2858//2858 2749//2749 2750//2750
f 2858//2858 2857//2857 2749//2749
f 2859//2859 2750//2750 2751//2751
f 2859//2859 2858//2858 2750//2750
f 2859//2859 2752//2752 2860//2860
f 2859//2859 2751//2751 2752//2752
f 2753//2753 2860//2860 2752//2752
f 2862//2862 2861//2861 2755//2755
f 2755//2755 2861//2861 2754//2754
f 2863//2863 2755//2755 2744//2744
f 2863//2863 2862//2862 2755//2755
f 2863//2863 2744//2744 2853//2853
f 2864//2864 2860//2860 2753//2753
f 2865//2865 2753//2753 2756//2756
f 2865//2865 2864//2864 2753//2753
f 2756//2756 2757//2757 2865//2865
f 2865//2865 2757//2757 2866//2866
f 2861//2861 2867//2867 2754//2754
f 2754//2754 2867//2867 2758//2758
f 2866//2866 2759//2759 2868//2868
f 2866//2866 2757//2757 2759//2759
f 2760//2760 2868//2868 2759//2759
f 2867//2867 2761//2761 2758//2758
f 2869//2869 2761//2761 2867//2867
f 2760//2760 2870//2870 2868//2868
f 2760//2760 2762//2762 2870//2870
f 2869//2869 2871//2871 2761//2761
f 2761//2761 2871//2871 2763//2763
f 2870//2870 2762//2762 2872//2872
f 2764//2764 2872//2872 2762//2762
f 2871//2871 2765//2765 2763//2763
f 2873//2873 2765//2765 2871//2871
f 2764//2764 2874//2874 2872//2872
f 2764//2764 2766//2766 2874//2874
f 2873//2873 2767//2767 2765//2765
f 2875//2875 2767//2767 2873//2873
f 2874//2874 2766//2766 2876//2876
f 2768//2768 2876//2876 2766//2766
f 2875//2875 2769//2769 2767//2767
f 2877//2877 2769//2769 2875//2875
f 2768//2768 2878//2878 2876//2876
f 2768//2768 2770//2770 2878//2878
f 2877//2877 2771//2771 2769//2769
f 2879//2879 2771//2771 2877//2877
f 2772//2772 2878//2878 2770//2770
f 2772//2772 2880//2880 2878//2878
f 2879//2879 2773//2773 2771//2771
f 2881//2881 2773//2773 2879//2879
f 2880//2880 2772//2772 2882//2882
f 2774//2774 2882//2882 2772//2772
f 2881//2881 2775//2775 2773//2773
f 2883//2883 2775//2775 2881//2881
f 2774//2774 2884//2884 2882//2882
f 2774//2774 2776//2776 2884//2884
f 2883//2883 2777//2777 2775//2775
f 2885//2885 2777//2777 2883//2883
f 2778//2778 2884//2884 2776//2776
f 2778//2778 2886//2886 2884//2884
f 2885//2885 2779//2779 2777//2777
f 2887//2887 2779//2779 2885//2885
f 2886//2886 2778//2778 2888//2888
f 2780//2780 2888//2888 2778//2778
f 2887//2887 2781//2781 2779//2779
f 2889//2889 2781//2781 2887//2887
f 2780//2780 2890//2890 2888//2888
f 2780//2780 2782//2782 2890//2890
f 2889//2889 2783//2783 2781//2781
f 2891//2891 2783//2783 2889//2889
f 2890//2890 2782//2782 2892//2892
f 2784//2784 2892//2892 2782//2782
f 2891//2891 2785//2785 2783//2783
f 2893//2893 2785//2785 2891//2891
f 2784//2784 2894//2894 2892//2892
f 2784//2784 2786//2786 2894//2894
f 2893//2893 2787//2787 2785//2785
f 2895//2895 2787//2787 2893//2893
f 2894//2894 2786//2786 2896//2896
f 2788//2788 2896//2896 2786//2786
f 2895//2895 2789//2789 2787//2787
f 2897//2897 2789//2789 2895//2895
f 2788//2788 2898//2898 2896//2896
f 2788//2788 2790//2790 2898//2898
f 2897//2897 2791//2791 2789//2789
f 2899//2899 2791//2791 2897//2897
f 2792//2792 2898//2898 2790//2790
f 2792//2792 2900//2900 2898//2898
f 2899//2899 2793//2793 2791//2791
f 2901//2901 2793//2793 2899//2899
f 2792//2792 2794//2794 2900//2900
f 2900//2900 2794//2794 2902//2902
f 2901//2901 2795//2795 2793//2793
f 2903//2903 2795//2795 2901//2901
f 2796//2796 2902//2902 2794//2794
f 2796//2796 2904//2904 2902//2902
f 2903//2903 2797//2797 2795//2795
f 2905//2905 2797//2797 2903//2903
f 2798//2798 2904//2904 2796//2796
f 2798//2798 2906//2906 2904//2904
f 2905//2905 2799//2799 2797//2797
f 2907//2907 2799//2799 2905//2905
f 2798//2798 2800//2800 2906//2906
f 2906//2906 2800//2800 2908//2908
f 2907//2907 2801//2801 2799//2799
f 2909//2909 2801//2801 2907//2907
f 2802//2802 2908//2908 2800//2800
f 2802//2802 2910//2910 2908//2908
f 2909//2909 2803//2803 2801//2801
f 2911//2911 2803//2803 2909//2909
f 2804//2804 2910//2910 2802//2802
f 2804//2804 2912//2912 2910//2910
f 2911//2911 2805//2805 2803//2803
f 2913//2913 2805//2805 2911//2911
f 2806//2806 2912//2912 2804//2804
f 2806//2806 2914//2914 2912//2912
f 2913//2913 2807//2807 2805//2805
f 2915//2915 2807//2807 2913//2913
f 2808//2808 2914//2914 2806//2806
f 2808//2808 2916//2916 2914//2914
f 2915//2915 2809//2809 2807//2807
f 2917//2917 2809//2809 2915//2915
f 2810//2810 2916//2916 2808//2808
f 2810//2810 2918//2918 2916//2916
f 2917//2917 2811//2811 2809//2809
f 2919//2919 2811//2811 2917//2917
f 2812//2812 2918//2918 2810//2810
f 2812//2812 2920//2920 2918//2918
f 2919//2919 2813//2813 2811//2811
f 2921//2921 2813//2813 2919//2919
f 2814//2814 2920//2920 2812//2812
f 2814//2814 2922//2922 2920//2920
f 2921//2921 2815//2815 2813//2813
f 2923//2923 2815//2815 2921//2921
f 2816//2816 2922//2922 2814//2814
f 2816//2816 2924//2924 2922//2922
f 2923//2923 2817//2817 2815//2815
f 2925//2925 2817//2817 2923//2923
f 2818//2818 2924//2924 2816//2816
f 2818//2818 2926//2926 2924//2924
f 2925//2925 2927//2927 2817//2817
f 2817//2817 2927//2927 2819//2819
f 2818//2818 2820//2820 2926//2926
f 2926//2926 2820//2820 2928//2928
f 2927//2927 2821//2821 2819//2819
f 2929//2929 2821//2821 2927//2927
f 2822//2822 2928//2928 2820//2820
f 2822//2822 2930//2930 2928//2928
f 2929//2929 2823//2823 2821//2821
f 2931//2931 2823//2823 2929//2929
f 2824//2824 2930//2930 2822//2822
f 2824//2824 2932//2932 2930//2930
f 2931//2931 2933//2933 2823//2823
f 2823//2823 2933//2933 2825//2825
f 2826//2826 2932//2932 2824//2824
f 2826//2826 2934//2934 2932//2932
f 2933//2933 2827//2827 2825//2825
f 2935//2935 2827//2827 2933//2933
f 2828//2828 2934//2934 2826//2826
f 2828//2828 2936//2936 2934//2934
f 2935//2935 2937//2937 2827//2827
f 2827//2827 2937//2937 2829//2829
f 2828//2828 2830//2830 2936//2936
f 2936//2936 2830//2830 2938//2938
f 2937//2937 2939//2939 2829//2829
f 2829//2829 2939//2939 2831//2831
f 2832//2832 2938//2938 2830//2830
f 2832//2832 2940//2940 2938//2938
f 2939//2939 2833//2833 2831//2831
f 2941//2941 2833//2833 2939//2939
f 2940//2940 2834//2834 2942//2942
f 2940//2940 2832//2832 2834//2834
f 2941//2941 2943//2943 2833//2833
f 2833//2833 2943//2943 2835//2835
f 2836//2836 2944//2944 2942//2942
f 2836//2836 2942//2942 2834//2834
f 2943//2943 2945//2945 2835//2835
f 2835//2835 2945//2945 2837//2837
f 2837//2837 2946//2946 2838//2838
f 2945//2945 2946//2946 2837//2837
f 2840//2840 2947//2947 2944//2944
f 2840//2840 2839//2839 2947//2947
f 2840//2840 2944//2944 2836//2836
f 2946//2946 2948//2948 2838//2838
f 2838//2838 2948//2948 2841//2841
f 2841//2841 2949//2949 2842//2842
f 2948//2948 2949//2949 2841//2841
f 2949//2949 2950//2950 2842//2842
f 2952//2952 2843//2843 2951//2951
f 2843//2843 2953//2953 2844//2844
f 2952//2952 2953//2953 2843//2843
f 2839//2839 2844//2844 2947//2947
f 2947//2947 2844//2844 2953//2953
f 2950//2950 2845//2845 2842//2842
f 2954//2954 2845//2845 2950//2950
f 2954//2954 2846//2846 2845//2845
f 2846//2846 2955//2955 2847//2847
f 2954//2954 2955//2955 2846//2846
f 2847//2847 2956//2956 2848//2848
f 2955//2955 2956//2956 2847//2847
f 2848//2848 2957//2957 2849//2849
f 2956//2956 2957//2957 2848//2848
f 2849//2849 2958//2958 2850//2850
f 2957//2957 2958//2958 2849//2849
f 2850//2850 2959//2959 2851//2851
f 2958//2958 2959//2959 2850//2850
f 2852//2852 2959//2959 2951//2951
f 2852//2852 2851//2851 2959//2959
f 2852//2852 2951//2951 2843//2843
f 2961//2961 2960//2960 2854//2854
f 2854//2854 2960//2960 2853//2853
f 2962//2962 2854//2854 2855//2855
f 2962//2962 2961//2961 2854//2854
f 2963//2963 2855//2855 2856//2856
f 2963//2963 2962//2962 2855//2855
f 2964//2964 2856//2856 2857//2857
f 2964//2964 2963//2963 2856//2856
f 2965//2965 2857//2857 2858//2858
f 2965//2965 2964//2964 2857//2857
f 2965//2965 2859//2859 2966//2966
f 2965//2965 2858//2858 2859//2859
f 2860//2860 2966//2966 2859//2859
f 2967//2967 2861//2861 2862//2862
f 2862//2862 2968//2968 2967//2967
f 2862//2862 2863//2863 2968//2968
f 2960//2960 2863//2863 2853//2853
f 2960//2960 2968//2968 2863//2863
f 2969//2969 2966//2966 2860//2860
f 2970//2970 2860//2860 2864//2864
f 2970//2970 2969//2969 2860//2860
f 2970//2970 2865//2865 2971//2971
f 2970//2970 2864//2864 2865//2865
f 2866//2866 2971//2971 2865//2865
f 2973//2973 2972//2972 2861//2861
f 2861//2861 2972//2972 2867//2867
f 2973//2973 2861//2861 2967//2967
f 2974//2974 2971//2971 2866//2866
f 2866//2866 2868//2868 2974//2974
f 2974//2974 2868//2868 2975//2975
f 2972//2972 2869//2869 2867//2867
f 2976//2976 2869//2869 2972//2972
f 2868//2868 2870//2870 2975//2975
f 2975//2975 2870//2870 2977//2977
f 2976//2976 2978//2978 2869//2869
f 2869//2869 2978//2978 2871//2871
f 2872//2872 2977//2977 2870//2870
f 2872//2872 2979//2979 2977//2977
f 2978//2978 2873//2873 2871//2871
f 2980//2980 2873//2873 2978//2978
f 2872//2872 2874//2874 2979//2979
f 2979//2979 2874//2874 2981//2981
f 2980//2980 2875//2875 2873//2873
f 2982//2982 2875//2875 2980//2980
f 2876//2876 2981//2981 2874//2874
f 2876//2876 2983//2983 2981//2981
f 2982//2982 2877//2877 2875//2875
f 2984//2984 2877//2877 2982//2982
f 2983//2983 2876//2876 2985//2985
f 2878//2878 2985//2985 2876//2876
f 2984//2984 2879//2879 2877//2877
f 2986//2986 2879//2879 2984//2984
f 2878//2878 2987//2987 2985//2985
f 2878//2878 2880//2880 2987//2987
f 2986//2986 2881//2881 2879//2879
f 2988//2988 2881//2881 2986//2986
f 2882//2882 2987//2987 2880//2880
f 2882//2882 2989//2989 2987//2987
f 2988//2988 2883//2883 2881//2881
f 2990//2990 2883//2883 2988//2988
f 2989//2989 2882//2882 2991//2991
f 2884//2884 2991//2991 2882//2882
f 2990//2990 2885//2885 2883//2883
f 2992//2992 2885//2885 2990//2990
f 2884//2884 2993//2993 2991//2991
f 2884//2884 2886//2886 2993//2993
f 2992//2992 2887//2887 2885//2885
f 2994//2994 2887//2887 2992//2992
f 2888//2888 2993//2993 2886//2886
f 2888//2888 2995//2995 2993//2993
f 2994//2994 2889//2889 2887//2887
f 2996//2996 2889//2889 2994//2994
f 2888//2888 2890//2890 2995//2995
f 2995//2995 2890//2890 2997//2997
f 2996//2996 2891//2891 2889//2889
f 2998//2998 2891//2891 2996//2996
f 2892//2892 2997//2997 2890//2890
f 2892//2892 2999//2999 2997//2997
f 2998//2998 2893//2893 2891//2891
f 3000//3000 2893//2893 2998//2998
f 2892//2892 2894//2894 2999//2999
f 2999//2999 2894//2894 3001//3001
f 3000//3000 2895//2895 2893//2893
f 3002//3002 2895//2895 3000//3000
f 2896//2896 3001//3001 2894//2894
f 2896//2896 3003//3003 3001//3001
f 3002//3002 2897//2897 2895//2895
f 3004//3004 2897//2897 3002//3002
f 2896//2896 2898//2898 3003//3003
f 3003//3003 2898//2898 3005//3005
f 3004//3004 2899//2899 2897//2897
f 3006//3006 2899//2899 3004//3004
f 2900//2900 3005//3005 2898//2898
f 2900//2900 3007//3007 3005//3005
f 3006//3006 2901//2901 2899//2899
f 3008//3008 2901//2901 3006//3006
f 3007//3007 2900//2900 3009//3009
f 2902//2902 3009//3009 2900//2900
f 3008//3008 2903//2903 2901//2901
f 3010//3010 2903//2903 3008//3008
f 2902//2902 3011//3011 3009//3009
f 2902//2902 2904//2904 3011//3011
f 3010//3010 2905//2905 2903//2903
f 3012//3012 2905//2905 3010//3010
f 2906//2906 3011//3011 2904//2904
f 2906//2906 3013//3013 3011//3011
f 3012//3012 2907//2907 2905//2905
f 3014//3014 2907//2907 3012//3012
f 3013//3013 2906//2906 3015//3015
f 2908//2908 3015//3015 2906//2906
f 3014//3014 2909//2909 2907//2907
f 3016//3016 2909//2909 3014//3014
f 2908//2908 3017//3017 3015//3015
f 2908//2908 2910//2910 3017//3017
f 3016//3016 2911//2911 2909//2909
f 3018//3018 2911//2911 3016//3016
f 2912//2912 3017//3017 2910//2910
f 2912//2912 3019//3019 3017//3017
f 3018//3018 2913//2913 2911//2911
f 3020//3020 2913//2913 3018//3018
f 2914//2914 3019//3019 2912//2912
f 2914//2914 3021//3021 3019//3019
f 3020//3020 2915//2915 2913//2913
f 3022//3022 2915//2915 3020//3020
f 2916//2916 3021//3021 2914//2914
f 2916//2916 3023//3023 3021//3021
f 3022//3022 2917//2917 2915//2915
f 3024//3024 2917//2917 3022//3022
f 2918//2918 3023//3023 2916//2916
f 2918//2918 3025//3025 3023//3023
f 3024//3024 2919//2919 2917//2917
f 3026//3026 2919//2919 3024//3024
f 2920//2920 3025//3025 2918//2918
f 2920//2920 3027//3027 3025//3025
f 3026//3026 2921//2921 2919//2919
f 3028//3028 2921//2921 3026//3026
f 2922//2922 3027//3027 2920//2920
f 2922//2922 3029//3029 3027//3027
f 3028//3028 2923//2923 2921//2921
f 3030//3030 2923//2923 3028//3028
f 2924//2924 3029//3029 2922//2922
f 2924//2924 3031//3031 3029//3029
f 3030//3030 2925//2925 2923//2923
f 3032//3032 2925//2925 3030//3030
f 3031//3031 2926//2926 3033//3033
f 3031//3031 2924//2924 2926//2926
f 3032//3032 3034//3034 2925//2925
f 2925//2925 3034//3034 2927//2927
f 3035//3035 3033//3033 2928//2928
f 2928//2928 3033//3033 2926//2926
f 3034//3034 2929//2929 2927//2927
f 3036//3036 2929//2929 3034//3034
f 2930//2930 3035//3035 2928//2928
f 2930//2930 3037//3037 3035//3035
f 3036//3036 2931//2931 2929//2929
f 3038//3038 2931//2931 3036//3036
f 2932//2932 3037//3037 2930//2930
f 2932//2932 3039//3039 3037//3037
f 3038//3038 3040//3040 2931//2931
f 2931//2931 3040//3040 2933//2933
f 2934//2934 3039//3039 2932//2932
f 2934//2934 3041//3041 3039//3039
f 3040//3040 2935//2935 2933//2933
f 3042//3042 2935//2935 3040//3040
f 3041//3041 2936//2936 3043//3043
f 3041//3041 2934//2934 2936//2936
f 3042//3042 3044//3044 2935//2935
f 2935//2935 3044//3044 2937//2937
f 3045//3045 3043//3043 2938//2938
f 2938//2938 3043//3043 2936//2936
f 3044//3044 3046//3046 2937//2937
f 2937//2937 3046//3046 2939//2939
f 3045//3045 2940//2940 3047//3047
f 3045//3045 2938//2938 2940//2940
f 3046//3046 2941//2941 2939//2939
f 3048//3048 2941//2941 3046//3046
f 3049//3049 3047//3047 2942//2942
f 2942//2942 3047//3047 2940//2940
f 3048//3048 3050//3050 2941//2941
f 2941//2941 3050//3050 2943//2943
f 3050//3050 3051//3051 2943//2943
f 2942//2942 2944//2944 3049//3049
f 3049//3049 2944//2944 3052//3052
f 3051//3051 2945//2945 2943//2943
f 3053//3053 2945//2945 3051//3051
f 3053//3053 2946//2946 2945//2945
f 3053//3053 3054//3054 2946//2946
f 3056//3056 2947//2947 3055//3055
f 2944//2944 2947//2947 3052//3052
f 3052//3052 2947//2947 3056//3056
f 3054//3054 2948//2948 2946//2946
f 3057//3057 2948//2948 3054//3054
f 3057//3057 2949//2949 2948//2948
f 2949//2949 3058//3058 2950//2950
f 3057//3057 3058//3058 2949//2949
f 3058//3058 3059//3059 2950//2950
f 3064//3064 2951//2951 3063//3063
f 2951//2951 3065//3065 2952//2952
f 3064//3064 3065//3065 2951//2951
f 2953//2953 3065//3065 3055//3055
f 2953//2953 2952//2952 3065//3065
f 2953//2953 3055//3055 2947//2947
f 3059//3059 2954//2954 2950//2950
f 2954//2954 3059//3059 2955//2955
f 2955//2955 3059//3059 3060//3060
f 3066//3066 2955//2955 3060//3060
f 3066//3066 2956//2956 2955//2955
f 2957//2957 3066//3066 3061//3061
f 2957//2957 2956//2956 3066//3066
f 2957//2957 3061//3061 2958//2958
f 2958//2958 3061//3061 3062//3062
f 2958//2958 3062//3062 2959//2959
f 2959//2959 3062//3062 3063//3063
f 2959//2959 3063//3063 2951//2951
f 3067//3067 2960//2960 2961//2961
f 2961//2961 3068//3068 3067//3067
f 2961//2961 2962//2962 3068//3068
f 3069//3069 2962//2962 2963//2963
f 3069//3069 3068//3068 2962//2962
f 3070//3070 2963//2963 2964//2964
f 3070//3070 3069//3069 2963//2963
f 3070//3070 2965//2965 3071//3071
f 3070//3070 2964//2964 2965//2965
f 2966//2966 3071//3071 2965//2965
f 3073//3073 3072//3072 2968//2968
f 2968//2968 3072//3072 2967//2967
f 3074//3074 2968//2968 2960//2960
f 3074//3074 3073//3073 2968//2968
f 3074//3074 2960//2960 3067//3067
f 3075//3075 3071//3071 2966//2966
f 3076//3076 2966//2966 2969//2969
f 3076//3076 3075//3075 2966//2966
f 3077//3077 2969//2969 2970//2970
f 3077//3077 3076//3076 2969//2969
f 2970//2970 2971//2971 3077//3077
f 3077//3077 2971//2971 3078//3078
f 3079//3079 2972//2972 2973//2973
f 2973//2973 3072//3072 3079//3079
f 2973//2973 2967//2967 3072//3072
f 3078//3078 2974//2974 3080//3080
f 3078//3078 2971//2971 2974//2974
f 2975//2975 3080//3080 2974//2974
f 3081//3081 2972//2972 3079//3079
f 3081//3081 2976//2976 2972//2972
f 3082//3082 3080//3080 2975//2975
f 2977//2977 3082//3082 2975//2975
f 3081//3081 3083//3083 2976//2976
f 2976//2976 3083//3083 2978//2978
f 2977//2977 3084//3084 3082//3082
f 2977//2977 2979//2979 3084//3084
f 3083//3083 2980//2980 2978//2978
f 3085//3085 2980//2980 3083//3083
f 3084//3084 2979//2979 3086//3086
f 2981//2981 3086//3086 2979//2979
f 3085//3085 2982//2982 2980//2980
f 3087//3087 2982//2982 3085//3085
f 2981//2981 3088//3088 3086//3086
f 2981//2981 2983//2983 3088//3088
f 3087//3087 2984//2984 2982//2982
f 3089//3089 2984//2984 3087//3087
f 2985//2985 3088//3088 2983//2983
f 2985//2985 3090//3090 3088//3088
f 3089//3089 2986//2986 2984//2984
f 3091//3091 2986//2986 3089//3089
f 3090//3090 2985//2985 3092//3092
f 2987//2987 3092//3092 2985//2985
f 3091//3091 2988//2988 2986//2986
f 3093//3093 2988//2988 3091//3091
f 2987//2987 3094//3094 3092//3092
f 2987//2987 2989//2989 3094//3094
f 3093//3093 2990//2990 2988//2988
f 3095//3095 2990//2990 3093//3093
f 2991//2991 3094//3094 2989//2989
f 2991//2991 3096//3096 3094//3094
f 3095//3095 2992//2992 2990//2990
f 3097//3097 2992//2992 3095//3095
f 3096//3096 2991//2991 3098//3098
f 2993//2993 3098//3098 2991//2991
f 3097//3097 2994//2994 2992//2992
f 3099//3099 2994//2994 3097//3097
f 2993//2993 3100//3100 3098//3098
f 2993//2993 2995//2995 3100//3100
f 3099//3099 2996//2996 2994//2994
f 3101//3101 2996//2996 3099//3099
f 3100//3100 2995//2995 3102//3102
f 2997//2997 3102//3102 2995//2995
f 3101//3101 2998//2998 2996//2996
f 3103//3103 2998//2998 3101//3101
f 2997//2997 3104//3104 3102//3102
f 2997//2997 2999//2999 3104//3104
f 3103//3103 3000//3000 2998//2998
f 3105//3105 3000//3000 3103//3103
f 3104//3104 2999//2999 3106//3106
f 3001//3001 3106//3106 2999//2999
f 3105//3105 3002//3002 3000//3000
f 3107//3107 3002//3002 3105//3105
f 3001//3001 3108//3108 3106//3106
f 3001//3001 3003//3003 3108//3108
f 3107//3107 3004//3004 3002//3002
f 3109//3109 3004//3004 3107//3107
f 3108//3108 3003//3003 3110//3110
f 3005//3005 3110//3110 3003//3003
f 3109//3109 3006//3006 3004//3004
f 3111//3111 3006//3006 3109//3109
f 3005//3005 3112//3112 3110//3110
f 3005//3005 3007//3007 3112//3112
f 3111//3111 3008//3008 3006//3006
f 3113//3113 3008//3008 3111//3111
f 3009//3009 3112//3112 3007//3007
f 3009//3009 3114//3114 3112//3112
f 3113//3113 3010//3010 3008//3008
f 3115//3115 3010//3010 3113//3113
f 3009//3009 3011//3011 3114//3114
f 3114//3114 3011//3011 3116//3116
f 3115//3115 3012//3012 3010//3010
f 3117//3117 3012//3012 3115//3115
f 3013//3013 3116//3116 3011//3011
f 3013//3013 3118//3118 3116//3116
f 3117//3117 3014//3014 3012//3012
f 3119//3119 3014//3014 3117//3117
f 3015//3015 3118//3118 3013//3013
f 3015//3015 3120//3120 3118//3118
f 3119//3119 3016//3016 3014//3014
f 3121//3121 3016//3016 3119//3119
f 3015//3015 3017//3017 3120//3120
f 3120//3120 3017//3017 3122//3122
f 3121//3121 3018//3018 3016//3016
f 3123//3123 3018//3018 3121//3121
f 3019//3019 3122//3122 3017//3017
f 3019//3019 3124//3124 3122//3122
f 3123//3123 3020//3020 3018//3018
f 3125//3125 3020//3020 3123//3123
f 3021//3021 3124//3124 3019//3019
f 3021//3021 3126//3126 3124//3124
f 3125//3125 3022//3022 3020//3020
f 3127//3127 3022//3022 3125//3125
f 3023//3023 3126//3126 3021//3021
f 3023//3023 3128//3128 3126//3126
f 3127//3127 3024//3024 3022//3022
f 3129//3129 3024//3024 3127//3127
f 3025//3025 3128//3128 3023//3023
f 3025//3025 3130//3130 3128//3128
f 3129//3129 3026//3026 3024//3024
f 3131//3131 3026//3026 3129//3129
f 3027//3027 3130//3130 3025//3025
f 3027//3027 3132//3132 3130//3130
f 3131//3131 3028//3028 3026//3026
f 3133//3133 3028//3028 3131//3131
f 3029//3029 3132//3132 3027//3027
f 3029//3029 3134//3134 3132//3132
f 3133//3133 3030//3030 3028//3028
f 3135//3135 3030//3030 3133//3133
f 3134//3134 3031//3031 3136//3136
f 3134//3134 3029//3029 3031//3031
f 3135//3135 3032//3032 3030//3030
f 3137//3137 3032//3032 3135//3135
f 3138//3138 3136//3136 3033//3033
f 3033//3033 3136//3136 3031//3031
f 3137//3137 3139//3139 3032//3032
f 3032//3032 3139//3139 3034//3034
f 3035//3035 3138//3138 3033//3033
f 3035//3035 3140//3140 3138//3138
f 3139//3139 3036//3036 3034//3034
f 3141//3141 3036//3036 3139//3139
f 3037//3037 3140//3140 3035//3035
f 3037//3037 3142//3142 3140//3140
f 3141//3141 3038//3038 3036//3036
f 3143//3143 3038//3038 3141//3141
f 3039//3039 3142//3142 3037//3037
f 3039//3039 3144//3144 3142//3142
f 3143//3143 3145//3145 3038//3038
f 3038//3038 3145//3145 3040//3040
f 3144//3144 3041//3041 3146//3146
f 3144//3144 3039//3039 3041//3041
f 3145//3145 3042//3042 3040//3040
f 3147//3147 3042//3042 3145//3145
f 3148//3148 3146//3146 3043//3043
f 3043//3043 3146//3146 3041//3041
f 3147//3147 3149//3149 3042//3042
f 3042//3042 3149//3149 3044//3044
f 3045//3045 3148//3148 3043//3043
f 3045//3045 3150//3150 3148//3148
f 3149//3149 3151//3151 3044//3044
f 3044//3044 3151//3151 3046//3046
f 3045//3045 3047//3047 3150//3150
f 3150//3150 3047//3047 3152//3152
f 3048//3048 3151//3151 3153//3153
f 3048//3048 3046//3046 3151//3151
f 3152//3152 3049//3049 3154//3154
f 3152//3152 3047//3047 3049//3049
f 3153//3153 3050//3050 3048//3048
f 3155//3155 3050//3050 3153//3153
f 3155//3155 3051//3051 3050//3050
f 3052//3052 3156//3156 3154//3154
f 3052//3052 3154//3154 3049//3049
f 3155//3155 3157//3157 3051//3051
f 3051//3051 3157//3157 3053//3053
f 3053//3053 3158//3158 3054//3054
f 3157//3157 3158//3158 3053//3053
f 3160//3160 3055//3055 3159//3159
f 3056//3056 3160//3160 3156//3156
f 3056//3056 3055//3055 3160//3160
f 3056//3056 3156//3156 3052//3052
f 3158//3158 3161//3161 3054//3054
f 3054//3054 3161//3161 3057//3057
f 3057//3057 3162//3162 3058//3058
f 3161//3161 3162//3162 3057//3057
f 3058//3058 3163//3163 3059//3059
f 3162//3162 3163//3163 3058//3058
f 3059//3059 3164//3164 3060//3060
f 3163//3163 3164//3164 3059//3059
f 3164//3164 3165//3165 3060//3060
f 3166//3166 3061//3061 3165//3165
f 3061//3061 3167//3167 3062//3062
f 3166//3166 3167//3167 3061//3061
f 3062//3062 3168//3168 3063//3063
f 3167//3167 3168//3168 3062//3062
f 3063//3063 3169//3169 3064//3064
f 3168//3168 3169//3169 3063//3063
f 3065//3065 3169//3169 3159//3159
f 3065//3065 3064//3064 3169//3169
f 3065//3065 3159//3159 3055//3055
f 3165//3165 3066//3066 3060//3060
f 3066//3066 3165//3165 3061//3061
f 3170//3170 3067//3067 3068//3068
f 3069//3069 3171//3171 3068//3068
f 3068//3068 3171//3171 3170//3170
f 3070//3070 3172//3172 3069//3069
f 3069//3069 3172//3172 3171//3171
f 3071//3071 3172//3172 3070//3070
f 3174//3174 3173//3173 3073//3073
f 3073//3073 3173//3173 3072//3072
f 3175//3175 3073//3073 3074//3074
f 3175//3175 3174//3174 3073//3073
f 3176//3176 3074//3074 3067//3067
f 3176//3176 3175//3175 3074//3074
f 3176//3176 3067//3067 3170//3170
f 3177//3177 3172//3172 3071//3071
f 3178//3178 3071//3071 3075//3075
f 3178//3178 3177//3177 3071//3071
f 3179//3179 3075//3075 3076//3076
f 3179//3179 3178//3178 3075//3075
f 3179//3179 3077//3077 3180//3180
f 3179//3179 3076//3076 3077//3077
f 3078//3078 3180//3180 3077//3077
f 3173//3173 3181//3181 3072//3072
f 3072//3072 3181//3181 3079//3079
f 3182//3182 3180//3180 3078//3078
f 3078//3078 3080//3080 3182//3182
f 3182//3182 3080//3080 3183//3183
f 3181//3181 3184//3184 3079//3079
f 3079//3079 3184//3184 3081//3081
f 3080//3080 3082//3082 3183//3183
f 3183//3183 3082//3082 3185//3185
f 3186//3186 3083//3083 3081//3081
f 3184//3184 3186//3186 3081//3081
f 3185//3185 3082//3082 3187//3187
f 3084//3084 3187//3187 3082//3082
f 3188//3188 3083//3083 3186//3186
f 3188//3188 3085//3085 3083//3083
f 3084//3084 3189//3189 3187//3187
f 3084//3084 3086//3086 3189//3189
f 3188//3188 3087//3087 3085//3085
f 3190//3190 3087//3087 3188//3188
f 3189//3189 3086//3086 3191//3191
f 3088//3088 3191//3191 3086//3086
f 3190//3190 3089//3089 3087//3087
f 3192//3192 3089//3089 3190//3190
f 3088//3088 3193//3193 3191//3191
f 3088//3088 3090//3090 3193//3193
f 3192//3192 3091//3091 3089//3089
f 3194//3194 3091//3091 3192//3192
f 3092//3092 3193//3193 3090//3090
f 3092//3092 3195//3195 3193//3193
f 3194//3194 3093//3093 3091//3091
f 3196//3196 3093//3093 3194//3194
f 3195//3195 3092//3092 3197//3197
f 3094//3094 3197//3197 3092//3092
f 3196//3196 3095//3095 3093//3093
f 3198//3198 3095//3095 3196//3196
f 3094//3094 3199//3199 3197//3197
f 3094//3094 3096//3096 3199//3199
f 3198//3198 3097//3097 3095//3095
f 3200//3200 3097//3097 3198//3198
f 3098//3098 3199//3199 3096//3096
f 3098//3098 3201//3201 3199//3199
f 3200//3200 3099//3099 3097//3097
f 3202//3202 3099//3099 3200//3200
f 3201//3201 3098//3098 3203//3203
f 3100//3100 3203//3203 3098//3098
f 3202//3202 3101//3101 3099//3099
f 3204//3204 3101//3101 3202//3202
f 3100//3100 3205//3205 3203//3203
f 3100//3100 3102//3102 3205//3205
f 3204//3204 3103//3103 3101//3101
f 3206//3206 3103//3103 3204//3204
f 3102//3102 3104//3104 3205//3205
f 3205//3205 3104//3104 3207//3207
f 3206//3206 3105//3105 3103//3103
f 3208//3208 3105//3105 3206//3206
f 3106//3106 3207//3207 3104//3104
f 3106//3106 3209//3209 3207//3207
f 3208//3208 3107//3107 3105//3105
f 3210//3210 3107//3107 3208//3208
f 3106//3106 3108//3108 3209//3209
f 3209//3209 3108//3108 3211//3211
f 3210//3210 3109//3109 3107//3107
f 3212//3212 3109//3109 3210//3210
f 3110//3110 3211//3211 3108//3108
f 3110//3110 3213//3213 3211//3211
f 3212//3212 3111//3111 3109//3109
f 3214//3214 3111//3111 3212//3212
f 3110//3110 3112//3112 3213//3213
f 3213//3213 3112//3112 3215//3215
f 3214//3214 3113//3113 3111//3111
f 3216//3216 3113//3113 3214//3214
f 3114//3114 3215//3215 3112//3112
f 3114//3114 3217//3217 3215//3215
f 3216//3216 3115//3115 3113//3113
f 3218//3218 3115//3115 3216//3216
f 3114//3114 3116//3116 3217//3217
f 3217//3217 3116//3116 3219//3219
f 3218//3218 3117//3117 3115//3115
f 3220//3220 3117//3117 3218//3218
f 3118//3118 3219//3219 3116//3116
f 3118//3118 3221//3221 3219//3219
f 3220//3220 3119//3119 3117//3117
f 3222//3222 3119//3119 3220//3220
f 3120//3120 3221//3221 3118//3118
f 3120//3120 3223//3223 3221//3221
f 3222//3222 3121//3121 3119//3119
f 3224//3224 3121//3121 3222//3222
f 3223//3223 3120//3120 3225//3225
f 3122//3122 3225//3225 3120//3120
f 3224//3224 3123//3123 3121//3121
f 3226//3226 3123//3123 3224//3224
f 3122//3122 3227//3227 3225//3225
f 3122//3122 3124//3124 3227//3227
f 3226//3226 3125//3125 3123//3123
f 3228//3228 3125//3125 3226//3226
f 3126//3126 3227//3227 3124//3124
f 3126//3126 3229//3229 3227//3227
f 3228//3228 3127//3127 3125//3125
f 3230//3230 3127//3127 3228//3228
f 3128//3128 3229//3229 3126//3126
f 3128//3128 3231//3231 3229//3229
f 3230//3230 3129//3129 3127//3127
f 3232//3232 3129//3129 3230//3230
f 3130//3130 3231//3231 3128//3128
f 3130//3130 3233//3233 3231//3231
f 3232//3232 3131//3131 3129//3129
f 3234//3234 3131//3131 3232//3232
f 3132//3132 3233//3233 3130//3130
f 3132//3132 3235//3235 3233//3233
f 3234//3234 3133//3133 3131//3131
f 3236//3236 3133//3133 3234//3234
f 3134//3134 3235//3235 3132//3132
f 3134//3134 3237//3237 3235//3235
f 3236//3236 3135//3135 3133//3133
f 3238//3238 3135//3135 3236//3236
f 3134//3134 3136//3136 3237//3237
f 3237//3237 3136//3136 3239//3239
f 3238//3238 3137//3137 3135//3135
f 3240//3240 3137//3137 3238//3238
f 3138//3138 3239//3239 3136//3136
f 3138//3138 3241//3241 3239//3239
f 3240//3240 3242//3242 3137//3137
f 3137//3137 3242//3242 3139//3139
f 3140//3140 3241//3241 3138//3138
f 3140//3140 3243//3243 3241//3241
f 3242//3242 3141//3141 3139//3139
f 3244//3244 3141//3141 3242//3242
f 3142//3142 3243//3243 3140//3140
f 3142//3142 3245//3245 3243//3243
f 3244//3244 3143//3143 3141//3141
f 3246//3246 3143//3143 3244//3244
f 3144//3144 3245//3245 3142//3142
f 3144//3144 3247//3247 3245//3245
f 3246//3246 3248//3248 3143//3143
f 3143//3143 3248//3248 3145//3145
f 3144//3144 3146//3146 3247//3247
f 3247//3247 3146//3146 3249//3249
f 3248//3248 3147//3147 3145//3145
f 3250//3250 3147//3147 3248//3248
f 3148//3148 3249//3249 3146//3146
f 3148//3148 3251//3251 3249//3249
f 3250//3250 3252//3252 3147//3147
f 3147//3147 3252//3252 3149//3149
f 3251//3251 3150//3150 3253//3253
f 3251//3251 3148//3148 3150//3150
f 3252//3252 3254//3254 3149//3149
f 3149//3149 3254//3254 3151//3151
f 3255//3255 3253//3253 3152//3152
f 3152//3152 3253//3253 3150//3150
f 3254//3254 3256//3256 3151//3151
f 3151//3151 3256//3256 3153//3153
f 3152//3152 3154//3154 3255//3255
f 3255//3255 3154//3154 3257//3257
f 3256//3256 3258//3258 3153//3153
f 3153//3153 3258//3258 3155//3155
f 3258//3258 3259//3259 3155//3155
f 3261//3261 3156//3156 3260//3260
f 3154//3154 3156//3156 3257//3257
f 3257//3257 3156//3156 3261//3261
f 3259//3259 3157//3157 3155//3155
f 3262//3262 3157//3157 3259//3259
f 3262//3262 3158//3158 3157//3157
f 3262//3262 3263//3263 3158//3158
f 3266//3266 3159//3159 3265//3265
f 3160//3160 3266//3266 3260//3260
f 3160//3160 3159//3159 3266//3266
f 3160//3160 3260//3260 3156//3156
f 3263//3263 3161//3161 3158//3158
f 3267//3267 3161//3161 3263//3263
f 3267//3267 3162//3162 3161//3161
f 3162//3162 3268//3268 3163//3163
f 3267//3267 3268//3268 3162//3162
f 3163//3163 3269//3269 3164//3164
f 3268//3268 3269//3269 3163//3163
f 3164//3164 3270//3270 3165//3165
f 3269//3269 3270//3270 3164//3164
f 3165//3165 3271//3271 3166//3166
f 3270//3270 3271//3271 3165//3165
f 3166//3166 3272//3272 3167//3167
f 3271//3271 3272//3272 3166//3166
f 3168//3168 3272//3272 3264//3264
f 3168//3168 3167//3167 3272//3272
f 3168//3168 3264//3264 3169//3169
f 3169//3169 3264//3264 3265//3265
f 3169//3169 3265//3265 3159//3159
f 3273//3273 3173//3173 3174//3174
f 3174//3174 3274//3274 3273//3273
f 3174//3174 3175//3175 3274//3274
f 3275//3275 3175//3175 3176//3176
f 3275//3275 3274//3274 3175//3175
f 3276//3276 3176//3176 3170//3170
f 3276//3276 3275//3275 3176//3176
f 3277//3277 3170//3170 3171//3171
f 3277//3277 3276//3276 3170//3170
f 3278//3278 3171//3171 3172//3172
f 3278//3278 3277//3277 3171//3171
f 3279//3279 3172//3172 3177//3177
f 3279//3279 3278//3278 3172//3172
f 3280//3280 3177//3177 3178//3178
f 3280//3280 3279//3279 3177//3177
f 3280//3280 3179//3179 3281//3281
f 3280//3280 3178//3178 3179//3179
f 3180//3180 3281//3281 3179//3179
f 3283//3283 3282//3282 3173//3173
f 3173//3173 3282//3282 3181//3181
f 3283//3283 3173//3173 3273//3273
f 3284//3284 3281//3281 3180//3180
f 3284//3284 3182//3182 3285//3285
f 3284//3284 3180//3180 3182//3182
f 3183//3183 3285//3285 3182//3182
f 3282//3282 3286//3286 3181//3181
f 3181//3181 3286//3286 3184//3184
f 3287//3287 3285//3285 3183//3183
f 3183//3183 3185//3185 3287//3287
f 3287//3287 3185//3185 3288//3288
f 3286//3286 3186//3186 3184//3184
f 3289//3289 3186//3186 3286//3286
f 3187//3187 3288//3288 3185//3185
f 3187//3187 3290//3290 3288//3288
f 3289//3289 3291//3291 3186//3186
f 3186//3186 3291//3291 3188//3188
f 3187//3187 3189//3189 3290//3290
f 3290//3290 3189//3189 3292//3292
f 3291//3291 3190//3190 3188//3188
f 3293//3293 3190//3190 3291//3291
f 3191//3191 3292//3292 3189//3189
f 3191//3191 3294//3294 3292//3292
f 3293//3293 3192//3192 3190//3190
f 3295//3295 3192//3192 3293//3293
f 3294//3294 3191//3191 3296//3296
f 3193//3193 3296//3296 3191//3191
f 3295//3295 3194//3194 3192//3192
f 3297//3297 3194//3194 3295//3295
f 3193//3193 3298//3298 3296//3296
f 3193//3193 3195//3195 3298//3298
f 3297//3297 3196//3196 3194//3194
f 3299//3299 3196//3196 3297//3297
f 3197//3197 3298//3298 3195//3195
f 3197//3197 3300//3300 3298//3298
f 3299//3299 3198//3198 3196//3196
f 3301//3301 3198//3198 3299//3299
f 3300//3300 3197//3197 3302//3302
f 3199//3199 3302//3302 3197//3197
f 3301//3301 3200//3200 3198//3198
f 3303//3303 3200//3200 3301//3301
f 3199//3199 3304//3304 3302//3302
f 3199//3199 3201//3201 3304//3304
f 3303//3303 3202//3202 3200//3200
f 3305//3305 3202//3202 3303//3303
f 3203//3203 3304//3304 3201//3201
f 3203//3203 3306//3306 3304//3304
f 3305//3305 3204//3204 3202//3202
f 3307//3307 3204//3204 3305//3305
f 3203//3203 3205//3205 3306//3306
f 3306//3306 3205//3205 3308//3308
f 3307//3307 3206//3206 3204//3204
f 3309//3309 3206//3206 3307//3307
f 3308//3308 3205//3205 3310//3310
f 3207//3207 3310//3310 3205//3205
f 3309//3309 3208//3208 3206//3206
f 3311//3311 3208//3208 3309//3309
f 3207//3207 3312//3312 3310//3310
f 3207//3207 3209//3209 3312//3312
f 3311//3311 3210//3210 3208//3208
f 3313//3313 3210//3210 3311//3311
f 3312//3312 3209//3209 3314//3314
f 3211//3211 3314//3314 3209//3209
f 3313//3313 3212//3212 3210//3210
f 3315//3315 3212//3212 3313//3313
f 3211//3211 3316//3316 3314//3314
f 3211//3211 3213//3213 3316//3316
f 3315//3315 3214//3214 3212//3212
f 3317//3317 3214//3214 3315//3315
f 3213//3213 3215//3215 3316//3316
f 3316//3316 3215//3215 3318//3318
f 3317//3317 3216//3216 3214//3214
f 3319//3319 3216//3216 3317//3317
f 3217//3217 3318//3318 3215//3215
f 3217//3217 3320//3320 3318//3318
f 3319//3319 3218//3218 3216//3216
f 3321//3321 3218//3218 3319//3319
f 3320//3320 3217//3217 3322//3322
f 3219//3219 3322//3322 3217//3217
f 3321//3321 3220//3220 3218//3218
f 3323//3323 3220//3220 3321//3321
f 3219//3219 3324//3324 3322//3322
f 3219//3219 3221//3221 3324//3324
f 3323//3323 3222//3222 3220//3220
f 3325//3325 3222//3222 3323//3323
f 3223//3223 3324//3324 3221//3221
f 3223//3223 3326//3326 3324//3324
f 3325//3325 3224//3224 3222//3222
f 3327//3327 3224//3224 3325//3325
f 3225//3225 3326//3326 3223//3223
f 3225//3225 3328//3328 3326//3326
f 3327//3327 3226//3226 3224//3224
f 3329//3329 3226//3226 3327//3327
f 3225//3225 3227//3227 3328//3328
f 3328//3328 3227//3227 3330//3330
f 3329//3329 3228//3228 3226//3226
f 3331//3331 3228//3228 3329//3329
f 3229//3229 3330//3330 3227//3227
f 3229//3229 3332//3332 3330//3330
f 3331//3331 3230//3230 3228//3228
f 3333//3333 3230//3230 3331//3331
f 3231//3231 3332//3332 3229//3229
f 3231//3231 3334//3334 3332//3332
f 3333//3333 3232//3232 3230//3230
f 3335//3335 3232//3232 3333//3333
f 3233//3233 3334//3334 3231//3231
f 3233//3233 3336//3336 3334//3334
f 3335//3335 3234//3234 3232//3232
f 3337//3337 3234//3234 3335//3335
f 3235//3235 3336//3336 3233//3233
f 3235//3235 3338//3338 3336//3336
f 3337//3337 3236//3236 3234//3234
f 3339//3339 3236//3236 3337//3337
f 3338//3338 3237//3237 3340//3340
f 3338//3338 3235//3235 3237//3237
f 3339//3339 3238//3238 3236//3236
f 3341//3341 3238//3238 3339//3339
f 3342//3342 3340//3340 3239//3239
f 3239//3239 3340//3340 3237//3237
f 3341//3341 3240//3240 3238//3238
f 3343//3343 3240//3240 3341//3341
f 3241//3241 3342//3342 3239//3239
f 3241//3241 3344//3344 3342//3342
f 3343//3343 3345//3345 3240//3240
f 3240//3240 3345//3345 3242//3242
f 3243//3243 3344//3344 3241//3241
f 3243//3243 3346//3346 3344//3344
f 3345//3345 3244//3244 3242//3242
f 3347//3347 3244//3244 3345//3345
f 3245//3245 3346//3346 3243//3243
f 3245//3245 3348//3348 3346//3346
f 3347//3347 3246//3246 3244//3244
f 3349//3349 3246//3246 3347//3347
f 3348//3348 3247//3247 3350//3350
f 3348//3348 3245//3245 3247//3247
f 3349//3349 3351//3351 3246//3246
f 3246//3246 3351//3351 3248//3248
f 3352//3352 3350//3350 3249//3249
f 3249//3249 3350//3350 3247//3247
f 3351//3351 3250//3250 3248//3248
f 3353//3353 3250//3250 3351//3351
f 3251//3251 3352//3352 3249//3249
f 3251//3251 3354//3354 3352//3352
f 3353//3353 3355//3355 3250//3250
f 3250//3250 3355//3355 3252//3252
f 3251//3251 3253//3253 3354//3354
f 3354//3354 3253//3253 3356//3356
f 3355//3355 3357//3357 3252//3252
f 3252//3252 3357//3357 3254//3254
f 3356//3356 3255//3255 3358//3358
f 3356//3356 3253//3253 3255//3255
f 3357//3357 3359//3359 3254//3254
f 3254//3254 3359//3359 3256//3256
f 3257//3257 3360//3360 3358//3358
f 3257//3257 3358//3358 3255//3255
f 3359//3359 3361//3361 3256//3256
f 3256//3256 3361//3361 3258//3258
f 3258//3258 3362//3362 3259//3259
f 3361//3361 3362//3362 3258//3258
f 3364//3364 3260//3260 3363//3363
f 3261//3261 3364//3364 3360//3360
f 3261//3261 3260//3260 3364//3364
f 3261//3261 3360//3360 3257//3257
f 3362//3362 3365//3365 3259//3259
f 3259//3259 3365//3365 3262//3262
f 3262//3262 3366//3366 3263//3263
f 3365//3365 3366//3366 3262//3262
f 3366//3366 3367//3367 3263//3263
f 3373//3373 3264//3264 3372//3372
f 3264//3264 3374//3374 3265//3265
f 3373//3373 3374//3374 3264//3264
f 3266//3266 3374//3374 3363//3363
f 3266//3266 3265//3265 3374//3374
f 3266//3266 3363//3363 3260//3260
f 3367//3367 3267//3267 3263//3263
f 3267//3267 3367//3367 3268//3268
f 3268//3268 3367//3367 3368//3368
f 3268//3268 3368//3368 3269//3269
f 3269//3269 3368//3368 3369//3369
f 3269//3269 3369//3369 3270//3270
f 3270//3270 3369//3369 3370//3370
f 3270//3270 3370//3370 3271//3271
f 3271//3271 3370//3370 3371//3371
f 3271//3271 3371//3371 3272//3272
f 3272//3272 3371//3371 3372//3372
f 3272//3272 3372//3372 3264//3264
f 3375//3375 3273//3273 3274//3274
f 3274//3274 3376//3376 3375//3375
f 3274//3274 3275//3275 3376//3376
f 3377//3377 3275//3275 3276//3276
f 3377//3377 3376//3376 3275//3275
f 3378//3378 3276//3276 3277//3277
f 3378//3378 3377//3377 3276//3276
f 3379//3379 3277//3277 3278//3278
f 3379//3379 3378//3378 3277//3277
f 3380//3380 3278//3278 3279//3279
f 3380//3380 3379//3379 3278//3278
f 3381//3381 3279//3279 3280//3280
f 3381//3381 3380//3380 3279//3279
f 3280//3280 3281//3281 3381//3381
f 3381//3381 3281//3281 3382//3382
f 3384//3384 3383//3383 3283//3283
f 3283//3283 3383//3383 3282//3282
f 3385//3385 3283//3283 3273//3273
f 3385//3385 3384//3384 3283//3283
f 3385//3385 3273//3273 3375//3375
f 3386//3386 3281//3281 3284//3284
f 3386//3386 3382//3382 3281//3281
f 3284//3284 3285//3285 3386//3386
f 3386//3386 3285//3285 3387//3387
f 3383//3383 3388//3388 3282//3282
f 3282//3282 3388//3388 3286//3286
f 3387//3387 3287//3287 3389//3389
f 3387//3387 3285//3285 3287//3287
f 3288//3288 3389//3389 3287//3287
f 3388//3388 3289//3289 3286//3286
f 3390//3390 3289//3289 3388//3388
f 3288//3288 3391//3391 3389//3389
f 3288//3288 3290//3290 3391//3391
f 3390//3390 3392//3392 3289//3289
f 3289//3289 3392//3392 3291//3291
f 3391//3391 3290//3290 3393//3393
f 3292//3292 3393//3393 3290//3290
f 3392//3392 3293//3293 3291//3291
f 3394//3394 3293//3293 3392//3392
f 3292//3292 3395//3395 3393//3393
f 3292//3292 3294//3294 3395//3395
f 3394//3394 3295//3295 3293//3293
f 3396//3396 3295//3295 3394//3394
f 3296//3296 3395//3395 3294//3294
f 3296//3296 3397//3397 3395//3395
f 3396//3396 3297//3297 3295//3295
f 3398//3398 3297//3297 3396//3396
f 3397//3397 3296//3296 3399//3399
f 3298//3298 3399//3399 3296//3296
f 3398//3398 3299//3299 3297//3297
f 3400//3400 3299//3299 3398//3398
f 3298//3298 3401//3401 3399//3399
f 3298//3298 3300//3300 3401//3401
f 3400//3400 3301//3301 3299//3299
f 3402//3402 3301//3301 3400//3400
f 3302//3302 3401//3401 3300//3300
f 3302//3302 3403//3403 3401//3401
f 3402//3402 3303//3303 3301//3301
f 3404//3404 3303//3303 3402//3402
f 3302//3302 3304//3304 3403//3403
f 3403//3403 3304//3304 3405//3405
f 3404//3404 3305//3305 3303//3303
f 3406//3406 3305//3305 3404//3404
f 3306//3306 3405//3405 3304//3304
f 3306//3306 3407//3407 3405//3405
f 3406//3406 3307//3307 3305//3305
f 3408//3408 3307//3307 3406//3406
f 3306//3306 3308//3308 3407//3407
f 3407//3407 3308//3308 3409//3409
f 3408//3408 3309//3309 3307//3307
f 3410//3410 3309//3309 3408//3408
f 3310//3310 3409//3409 3308//3308
f 3310//3310 3411//3411 3409//3409
f 3410//3410 3311//3311 3309//3309
f 3412//3412 3311//3311 3410//3410
f 3310//3310 3312//3312 3411//3411
f 3411//3411 3312//3312 3413//3413
f 3412//3412 3313//3313 3311//3311
f 3414//3414 3313//3313 3412//3412
f 3314//3314 3413//3413 3312//3312
f 3314//3314 3415//3415 3413//3413
f 3414//3414 3315//3315 3313//3313
f 3416//3416 3315//3315 3414//3414
f 3314//3314 3316//3316 3415//3415
f 3415//3415 3316//3316 3417//3417
f 3416//3416 3317//3317 3315//3315
f 3418//3418 3317//3317 3416//3416
f 3417//3417 3316//3316 3419//3419
f 3318//3318 3419//3419 3316//3316
f 3418//3418 3319//3319 3317//3317
f 3420//3420 3319//3319 3418//3418
f 3318//3318 3421//3421 3419//3419
f 3318//3318 3320//3320 3421//3421
f 3420//3420 3321//3321 3319//3319
f 3422//3422 3321//3321 3420//3420
f 3322//3322 3421//3421 3320//3320
f 3322//3322 3423//3423 3421//3421
f 3422//3422 3323//3323 3321//3321
f 3424//3424 3323//3323 3422//3422
f 3322//3322 3324//3324 3423//3423
f 3423//3423 3324//3324 3425//3425
f 3424//3424 3325//3325 3323//3323
f 3426//3426 3325//3325 3424//3424
f 3326//3326 3425//3425 3324//3324
f 3326//3326 3427//3427 3425//3425
f 3426//3426 3327//3327 3325//3325
f 3428//3428 3327//3327 3426//3426
f 3328//3328 3427//3427 3326//3326
f 3328//3328 3429//3429 3427//3427
f 3428//3428 3329//3329 3327//3327
f 3430//3430 3329//3329 3428//3428
f 3429//3429 3328//3328 3431//3431
f 3330//3330 3431//3431 3328//3328
f 3430//3430 3331//3331 3329//3329
f 3432//3432 3331//3331 3430//3430
f 3330//3330 3433//3433 3431//3431
f 3330//3330 3332//3332 3433//3433
f 3432//3432 3333//3333 3331//3331
f 3434//3434 3333//3333 3432//3432
f 3334//3334 3433//3433 3332//3332
f 3334//3334 3435//3435 3433//3433
f 3434//3434 3335//3335 3333//3333
f 3436//3436 3335//3335 3434//3434
f 3336//3336 3435//3435 3334//3334
f 3336//3336 3437//3437 3435//3435
f 3436//3436 3337//3337 3335//3335
f 3438//3438 3337//3337 3436//3436
f 3338//3338 3437//3437 3336//3336
f 3338//3338 3439//3439 3437//3437
f 3438//3438 3339//3339 3337//3337
f 3440//3440 3339//3339 3438//3438
f 3338//3338 3340//3340 3439//3439
f 3439//3439 3340//3340 3441//3441
f 3440//3440 3341//3341 3339//3339
f 3442//3442 3341//3341 3440//3440
f 3342//3342 3441//3441 3340//3340
f 3342//3342 3443//3443 3441//3441
f 3442//3442 3343//3343 3341//3341
f 3444//3444 3343//3343 3442//3442
f 3344//3344 3443//3443 3342//3342
f 3344//3344 3445//3445 3443//3443
f 3444//3444 3446//3446 3343//3343
f 3343//3343 3446//3446 3345//3345
f 3346//3346 3445//3445 3344//3344
f 3346//3346 3447//3447 3445//3445
f 3446//3446 3347//3347 3345//3345
f 3448//3448 3347//3347 3446//3446
f 3348//3348 3447//3447 3346//3346
f 3348//3348 3449//3449 3447//3447
f 3448//3448 3349//3349 3347//3347
f 3450//3450 3349//3349 3448//3448
f 3348//3348 3350//3350 3449//3449
f 3449//3449 3350//3350 3451//3451
f 3450//3450 3452//3452 3349//3349
f 3349//3349 3452//3452 3351//3351
f 3352//3352 3451//3451 3350//3350
f 3352//3352 3453//3453 3451//3451
f 3452//3452 3353//3353 3351//3351
f 3454//3454 3353//3353 3452//3452
f 3453//3453 3354//3354 3455//3455
f 3453//3453 3352//3352 3354//3354
f 3454//3454 3456//3456 3353//3353
f 3353//3353 3456//3456 3355//3355
f 3457//3457 3455//3455 3356//3356
f 3356//3356 3455//3455 3354//3354
f 3456//3456 3458//3458 3355//3355
f 3355//3355 3458//3458 3357//3357
f 3356//3356 3358//3358 3457//3457
f 3457//3457 3358//3358 3459//3459
f 3458//3458 3460//3460 3357//3357
f 3357//3357 3460//3460 3359//3359
f 3460//3460 3461//3461 3359//3359
f 3358//3358 3360//3360 3459//3459
f 3459//3459 3360//3360 3462//3462
f 3461//3461 3361//3361 3359//3359
f 3463//3463 3361//3361 3461//3461
f 3463//3463 3362//3362 3361//3361
f 3463//3463 3464//3464 3362//3362
f 3466//3466 3363//3363 3465//3465
f 3363//3363 3467//3467 3364//3364
f 3466//3466 3467//3467 3363//3363
f 3360//3360 3364//3364 3462//3462
f 3462//3462 3364//3364 3467//3467
f 3464//3464 3365//3365 3362//3362
f 3468//3468 3365//3365 3464//3464
f 3468//3468 3366//3366 3365//3365
f 3366//3366 3469//3469 3367//3367
f 3468//3468 3469//3469 3366//3366
f 3367//3367 3470//3470 3368//3368
f 3469//3469 3470//3470 3367//3367
f 3368//3368 3471//3471 3369//3369
f 3470//3470 3471//3471 3368//3368
f 3369//3369 3472//3472 3370//3370
f 3471//3471 3472//3472 3369//3369
f 3370//3370 3473//3473 3371//3371
f 3472//3472 3473//3473 3370//3370
f 3371//3371 3474//3474 3372//3372
f 3473//3473 3474//3474 3371//3371
f 3372//3372 3475//3475 3373//3373
f 3474//3474 3475//3475 3372//3372
f 3374//3374 3475//3475 3465//3465
f 3374//3374 3373//3373 3475//3475
f 3374//3374 3465//3465 3363//3363
f 3476//3476 3375//3375 3376//3376
f 3376//3376 3477//3477 3476//3476
f 3376//3376 3377//3377 3477//3477
f 3478//3478 3377//3377 3378//3378
f 3478//3478 3477//3477 3377//3377
f 3479//3479 3378//3378 3379//3379
f 3479//3479 3478//3478 3378//3378
f 3479//3479 3380//3380 3480//3480
f 3479//3479 3379//3379 3380//3380
f 3381//3381 3481//3481 3380//3380
f 3380//3380 3481//3481 3480//3480
f 3382//3382 3481//3481 3381//3381
f 3482//3482 3383//3383 3384//3384
f 3384//3384 3483//3483 3482//3482
f 3384//3384 3385//3385 3483//3483
f 3484//3484 3385//3385 3375//3375
f 3484//3484 3483//3483 3385//3385
f 3484//3484 3375//3375 3476//3476
f 3485//3485 3481//3481 3382//3382
f 3485//3485 3386//3386 3486//3486
f 3485//3485 3382//3382 3386//3386
f 3387//3387 3486//3486 3386//3386
f 3487//3487 3388//3388 3383//3383
f 3482//3482 3487//3487 3383//3383
f 3488//3488 3486//3486 3387//3387
f 3387//3387 3389//3389 3488//3488
f 3488//3488 3389//3389 3489//3489
f 3490//3490 3388//3388 3487//3487
f 3490//3490 3390//3390 3388//3388
f 3389//3389 3391//3391 3489//3489
f 3489//3489 3391//3391 3491//3491
f 3492//3492 3392//3392 3390//3390
f 3490//3490 3492//3492 3390//3390
f 3393//3393 3491//3491 3391//3391
f 3393//3393 3493//3493 3491//3491
f 3494//3494 3392//3392 3492//3492
f 3494//3494 3394//3394 3392//3392
f 3493//3493 3393//3393 3495//3495
f 3395//3395 3495//3495 3393//3393
f 3494//3494 3396//3396 3394//3394
f 3496//3496 3396//3396 3494//3494
f 3395//3395 3497//3497 3495//3495
f 3395//3395 3397//3397 3497//3497
f 3496//3496 3398//3398 3396//3396
f 3498//3498 3398//3398 3496//3496
f 3399//3399 3497//3497 3397//3397
f 3399//3399 3499//3499 3497//3497
f 3498//3498 3400//3400 3398//3398
f 3500//3500 3400//3400 3498//3498
f 3399//3399 3401//3401 3499//3499
f 3499//3499 3401//3401 3501//3501
f 3500//3500 3402//3402 3400//3400
f 3502//3502 3402//3402 3500//3500
f 3403//3403 3501//3501 3401//3401
f 3403//3403 3503//3503 3501//3501
f 3502//3502 3404//3404 3402//3402
f 3504//3504 3404//3404 3502//3502
f 3503//3503 3403//3403 3505//3505
f 3405//3405 3505//3505 3403//3403
f 3504//3504 3406//3406 3404//3404
f 3506//3506 3406//3406 3504//3504
f 3405//3405 3507//3507 3505//3505
f 3405//3405 3407//3407 3507//3507
f 3506//3506 3408//3408 3406//3406
f 3508//3508 3408//3408 3506//3506
f 3507//3507 3407//3407 3509//3509
f 3409//3409 3509//3509 3407//3407
f 3508//3508 3410//3410 3408//3408
f 3510//3510 3410//3410 3508//3508
f 3409//3409 3511//3511 3509//3509
f 3409//3409 3411//3411 3511//3511
f 3510//3510 3412//3412 3410//3410
f 3512//3512 3412//3412 3510//3510
f 3411//3411 3413//3413 3511//3511
f 3511//3511 3413//3413 3513//3513
f 3512//3512 3414//3414 3412//3412
f 3514//3514 3414//3414 3512//3512
f 3415//3415 3513//3513 3413//3413
f 3415//3415 3515//3515 3513//3513
f 3514//3514 3416//3416 3414//3414
f 3516//3516 3416//3416 3514//3514
f 3415//3415 3417//3417 3515//3515
f 3515//3515 3417//3417 3517//3517
f 3516//3516 3418//3418 3416//3416
f 3518//3518 3418//3418 3516//3516
f 3419//3419 3517//3517 3417//3417
f 3419//3419 3519//3519 3517//3517
f 3518//3518 3420//3420 3418//3418
f 3520//3520 3420//3420 3518//3518
f 3419//3419 3421//3421 3519//3519
f 3519//3519 3421//3421 3521//3521
f 3520//3520 3422//3422 3420//3420
f 3522//3522 3422//3422 3520//3520
f 3423//3423 3521//3521 3421//3421
f 3423//3423 3523//3523 3521//3521
f 3522//3522 3424//3424 3422//3422
f 3524//3524 3424//3424 3522//3522
f 3423//3423 3425//3425 3523//3523
f 3523//3523 3425//3425 3525//3525
f 3524//3524 3426//3426 3424//3424
f 3526//3526 3426//3426 3524//3524
f 3427//3427 3525//3525 3425//3425
f 3427//3427 3527//3527 3525//3525
f 3526//3526 3428//3428 3426//3426
f 3528//3528 3428//3428 3526//3526
f 3429//3429 3527//3527 3427//3427
f 3429//3429 3529//3529 3527//3527
f 3528//3528 3430//3430 3428//3428
f 3530//3530 3430//3430 3528//3528
f 3431//3431 3529//3529 3429//3429
f 3431//3431 3531//3531 3529//3529
f 3530//3530 3432//3432 3430//3430
f 3532//3532 3432//3432 3530//3530
f 3431//3431 3433//3433 3531//3531
f 3531//3531 3433//3433 3533//3533
f 3532//3532 3434//3434 3432//3432
f 3534//3534 3434//3434 3532//3532
f 3435//3435 3533//3533 3433//3433
f 3435//3435 3535//3535 3533//3533
f 3534//3534 3436//3436 3434//3434
f 3536//3536 3436//3436 3534//3534
f 3437//3437 3535//3535 3435//3435
f 3437//3437 3537//3537 3535//3535
f 3536//3536 3438//3438 3436//3436
f 3538//3538 3438//3438 3536//3536
f 3537//3537 3439//3439 3539//3539
f 3537//3537 3437//3437 3439//3439
f 3538//3538 3440//3440 3438//3438
f 3540//3540 3440//3440 3538//3538
f 3541//3541 3539//3539 3441//3441
f 3441//3441 3539//3539 3439//3439
f 3540//3540 3442//3442 3440//3440
f 3542//3542 3442//3442 3540//3540
f 3443//3443 3541//3541 3441//3441
f 3443//3443 3543//3543 3541//3541
f 3542//3542 3444//3444 3442//3442
f 3544//3544 3444//3444 3542//3542
f 3445//3445 3543//3543 3443//3443
f 3445//3445 3545//3545 3543//3543
f 3544//3544 3546//3546 3444//3444
f 3444//3444 3546//3546 3446//3446
f 3447//3447 3545//3545 3445//3445
f 3447//3447 3547//3547 3545//3545
f 3546//3546 3448//3448 3446//3446
f 3548//3548 3448//3448 3546//3546
f 3547//3547 3449//3449 3549//3549
f 3547//3547 3447//3447 3449//3449
f 3548//3548 3450//3450 3448//3448
f 3550//3550 3450//3450 3548//3548
f 3551//3551 3549//3549 3451//3451
f 3451//3451 3549//3549 3449//3449
f 3550//3550 3552//3552 3450//3450
f 3450//3450 3552//3552 3452//3452
f 3453//3453 3551//3551 3451//3451
f 3453//3453 3553//3553 3551//3551
f 3552//3552 3454//3454 3452//3452
f 3554//3554 3454//3454 3552//3552
f 3453//3453 3455//3455 3553//3553
f 3553//3553 3455//3455 3555//3555
f 3554//3554 3556//3556 3454//3454
f 3454//3454 3556//3556 3456//3456
f 3555//3555 3457//3457 3557//3557
f 3555//3555 3455//3455 3457//3457
f 3556//3556 3558//3558 3456//3456
f 3456//3456 3558//3558 3458//3458
f 3459//3459 3559//3559 3557//3557
f 3459//3459 3557//3557 3457//3457
f 3558//3558 3560//3560 3458//3458
f 3458//3458 3560//3560 3460//3460
f 3460//3460 3561//3561 3461//3461
f 3560//3560 3561//3561 3460//3460
f 3462//3462 3562//3562 3559//3559
f 3462//3462 3559//3559 3459//3459
f 3561//3561 3563//3563 3461//3461
f 3461//3461 3563//3563 3463//3463
f 3463//3463 3564//3564 3464//3464
f 3563//3563 3564//3564 3463//3463
f 3564//3564 3565//3565 3464//3464
f 3567//3567 3465//3465 3566//3566
f 3465//3465 3568//3568 3466//3466
f 3567//3567 3568//3568 3465//3465
f 3467//3467 3568//3568 3562//3562
f 3467//3467 3466//3466 3568//3568
f 3467//3467 3562//3562 3462//3462
f 3565//3565 3468//3468 3464//3464
f 3569//3569 3468//3468 3565//3565
f 3569//3569 3469//3469 3468//3468
f 3469//3469 3570//3570 3470//3470
f 3569//3569 3570//3570 3469//3469
f 3470//3470 3571//3571 3471//3471
f 3570//3570 3571//3571 3470//3470
f 3471//3471 3572//3572 3472//3472
f 3571//3571 3572//3572 3471//3471
f 3472//3472 3573//3573 3473//3473
f 3572//3572 3573//3573 3472//3472
f 3473//3473 3574//3574 3474//3474
f 3573//3573 3574//3574 3473//3473
f 3475//3475 3574//3574 3566//3566
f 3475//3475 3474//3474 3574//3574
f 3475//3475 3566//3566 3465//3465
f 3575//3575 3476//3476 3477//3477
f 3478//3478 3576//3576 3477//3477
f 3477//3477 3576//3576 3575//3575
f 3479//3479 3577//3577 3478//3478
f 3478//3478 3577//3577 3576//3576
f 3480//3480 3577//3577 3479//3479
f 3579//3579 3578//3578 3483//3483
f 3483//3483 3578//3578 3482//3482
f 3580//3580 3483//3483 3484//3484
f 3580//3580 3579//3579 3483//3483
f 3581//3581 3484//3484 3476//3476
f 3581//3581 3580//3580 3484//3484
f 3581//3581 3476//3476 3575//3575
f 3582//3582 3577//3577 3480//3480
f 3583//3583 3480//3480 3481//3481
f 3583//3583 3582//3582 3480//3480
f 3584//3584 3481//3481 3485//3485
f 3584//3584 3583//3583 3481//3481
f 3485//3485 3486//3486 3584//3584
f 3584//3584 3486//3486 3585//3585
f 3578//3578 3586//3586 3482//3482
f 3482//3482 3586//3586 3487//3487
f 3585//3585 3488//3488 3587//3587
f 3585//3585 3486//3486 3488//3488
f 3489//3489 3587//3587 3488//3488
f 3586//3586 3588//3588 3487//3487
f 3487//3487 3588//3588 3490//3490
f 3589//3589 3587//3587 3489//3489
f 3491//3491 3589//3589 3489//3489
f 3588//3588 3492//3492 3490//3490
f 3590//3590 3492//3492 3588//3588
f 3491//3491 3591//3591 3589//3589
f 3491//3491 3493//3493 3591//3591
f 3590//3590 3592//3592 3492//3492
f 3492//3492 3592//3592 3494//3494
f 3495//3495 3591//3591 3493//3493
f 3495//3495 3593//3593 3591//3591
f 3592//3592 3496//3496 3494//3494
f 3594//3594 3496//3496 3592//3592
f 3495//3495 3497//3497 3593//3593
f 3593//3593 3497//3497 3595//3595
f 3594//3594 3498//3498 3496//3496
f 3596//3596 3498//3498 3594//3594
f 3499//3499 3595//3595 3497//3497
f 3499//3499 3597//3597 3595//3595
f 3596//3596 3500//3500 3498//3498
f 3598//3598 3500//3500 3596//3596
f 3597//3597 3499//3499 3599//3599
f 3501//3501 3599//3599 3499//3499
f 3598//3598 3502//3502 3500//3500
f 3600//3600 3502//3502 3598//3598
f 3501//3501 3601//3601 3599//3599
f 3501//3501 3503//3503 3601//3601
f 3600//3600 3504//3504 3502//3502
f 3602//3602 3504//3504 3600//3600
f 3505//3505 3601//3601 3503//3503
f 3505//3505 3603//3603 3601//3601
f 3602//3602 3506//3506 3504//3504
f 3604//3604 3506//3506 3602//3602
f 3505//3505 3507//3507 3603//3603
f 3603//3603 3507//3507 3605//3605
f 3604//3604 3508//3508 3506//3506
f 3606//3606 3508//3508 3604//3604
f 3509//3509 3605//3605 3507//3507
f 3509//3509 3607//3607 3605//3605
f 3606//3606 3510//3510 3508//3508
f 3608//3608 3510//3510 3606//3606
f 3509//3509 3511//3511 3607//3607
f 3607//3607 3511//3511 3609//3609
f 3608//3608 3512//3512 3510//3510
f 3610//3610 3512//3512 3608//3608
f 3609//3609 3511//3511 3611//3611
f 3513//3513 3611//3611 3511//3511
f 3610//3610 3514//3514 3512//3512
f 3612//3612 3514//3514 3610//3610
f 3513//3513 3613//3613 3611//3611
f 3513//3513 3515//3515 3613//3613
f 3612//3612 3516//3516 3514//3514
f 3614//3614 3516//3516 3612//3612
f 3515//3515 3517//3517 3613//3613
f 3613//3613 3517//3517 3615//3615
f 3614//3614 3518//3518 3516//3516
f 3616//3616 3518//3518 3614//3614
f 3519//3519 3615//3615 3517//3517
f 3519//3519 3617//3617 3615//3615
f 3616//3616 3520//3520 3518//3518
f 3618//3618 3520//3520 3616//3616
f 3519//3519 3521//3521 3617//3617
f 3617//3617 3521//3521 3619//3619
f 3618//3618 3522//3522 3520//3520
f 3620//3620 3522//3522 3618//3618
f 3523//3523 3619//3619 3521//3521
f 3523//3523 3621//3621 3619//3619
f 3620//3620 3524//3524 3522//3522
f 3622//3622 3524//3524 3620//3620
f 3523//3523 3525//3525 3621//3621
f 3621//3621 3525//3525 3623//3623
f 3622//3622 3526//3526 3524//3524
f 3624//3624 3526//3526 3622//3622
f 3527//3527 3623//3623 3525//3525
f 3527//3527 3625//3625 3623//3623
f 3624//3624 3528//3528 3526//3526
f 3626//3626 3528//3528 3624//3624
f 3529//3529 3625//3625 3527//3527
f 3529//3529 3627//3627 3625//3625
f 3626//3626 3530//3530 3528//3528
f 3628//3628 3530//3530 3626//3626
f 3531//3531 3627//3627 3529//3529
f 3531//3531 3629//3629 3627//3627
f 3628//3628 3532//3532 3530//3530
f 3630//3630 3532//3532 3628//3628
f 3629//3629 3531//3531 3631//3631
f 3533//3533 3631//3631 3531//3531
f 3630//3630 3534//3534 3532//3532
f 3632//3632 3534//3534 3630//3630
f 3533//3533 3633//3633 3631//3631
f 3533//3533 3535//3535 3633//3633
f 3632//3632 3536//3536 3534//3534
f 3634//3634 3536//3536 3632//3632
f 3633//3633 3537//3537 3635//3635
f 3633//3633 3535//3535 3537//3537
f 3634//3634 3538//3538 3536//3536
f 3636//3636 3538//3538 3634//3634
f 3637//3637 3635//3635 3539//3539
f 3539//3539 3635//3635 3537//3537
f 3636//3636 3540//3540 3538//3538
f 3638//3638 3540//3540 3636//3636
f 3541//3541 3637//3637 3539//3539
f 3541//3541 3639//3639 3637//3637
f 3638//3638 3542//3542 3540//3540
f 3640//3640 3542//3542 3638//3638
f 3543//3543 3639//3639 3541//3541
f 3543//3543 3641//3641 3639//3639
f 3640//3640 3544//3544 3542//3542
f 3642//3642 3544//3544 3640//3640
f 3545//3545 3641//3641 3543//3543
f 3545//3545 3643//3643 3641//3641
f 3642//3642 3644//3644 3544//3544
f 3544//3544 3644//3644 3546//3546
f 3547//3547 3643//3643 3545//3545
f 3547//3547 3645//3645 3643//3643
f 3644//3644 3548//3548 3546//3546
f 3646//3646 3548//3548 3644//3644
f 3547//3547 3549//3549 3645//3645
f 3645//3645 3549//3549 3647//3647
f 3646//3646 3550//3550 3548//3548
f 3648//3648 3550//3550 3646//3646
f 3551//3551 3647//3647 3549//3549
f 3551//3551 3649//3649 3647//3647
f 3648//3648 3650//3650 3550//3550
f 3550//3550 3650//3650 3552//3552
f 3649//3649 3553//3553 3651//3651
f 3649//3649 3551//3551 3553//3553
f 3650//3650 3554//3554 3552//3552
f 3652//3652 3554//3554 3650//3650
f 3653//3653 3651//3651 3555//3555
f 3555//3555 3651//3651 3553//3553
f 3652//3652 3654//3654 3554//3554
f 3554//3554 3654//3654 3556//3556
f 3555//3555 3557//3557 3653//3653
f 3653//3653 3557//3557 3655//3655
f 3654//3654 3656//3656 3556//3556
f 3556//3556 3656//3656 3558//3558
f 3656//3656 3657//3657 3558//3558
f 3557//3557 3559//3559 3655//3655
f 3655//3655 3559//3559 3658//3658
f 3657//3657 3560//3560 3558//3558
f 3659//3659 3560//3560 3657//3657
f 3659//3659 3561//3561 3560//3560
f 3659//3659 3660//3660 3561//3561
f 3662//3662 3562//3562 3661//3661
f 3559//3559 3562//3562 3658//3658
f 3658//3658 3562//3562 3662//3662
f 3660//3660 3563//3563 3561//3561
f 3663//3663 3563//3563 3660//3660
f 3663//3663 3564//3564 3563//3563
f 3564//3564 3664//3664 3565//3565
f 3663//3663 3664//3664 3564//3564
f 3664//3664 3665//3665 3565//3565
f 3671//3671 3566//3566 3670//3670
f 3566//3566 3672//3672 3567//3567
f 3671//3671 3672//3672 3566//3566
f 3568//3568 3672//3672 3661//3661
f 3568//3568 3567//3567 3672//3672
f 3568//3568 3661//3661 3562//3562
f 3665//3665 3569//3569 3565//3565
f 3569//3569 3665//3665 3570//3570
f 3570//3570 3665//3665 3666//3666
f 3570//3570 3666//3666 3571//3571
f 3571//3571 3666//3666 3667//3667
f 3571//3571 3667//3667 3572//3572
f 3572//3572 3667//3667 3668//3668
f 3572//3572 3668//3668 3573//3573
f 3573//3573 3668//3668 3669//3669
f 3573//3573 3669//3669 3574//3574
f 3574//3574 3669//3669 3670//3670
f 3574//3574 3670//3670 3566//3566
f 3673//3673 3578//3578 3579//3579
f 3579//3579 3674//3674 3673//3673
f 3579//3579 3580//3580 3674//3674
f 3675//3675 3580//3580 3581//3581
f 3675//3675 3674//3674 3580//3580
f 3676//3676 3581//3581 3575//3575
f 3676//3676 3675//3675 3581//3581
f 3677//3677 3575//3575 3576//3576
f 3677//3677 3676//3676 3575//3575
f 3678//3678 3576//3576 3577//3577
f 3678//3678 3677//3677 3576//3576
f 3679//3679 3577//3577 3582//3582
f 3679//3679 3678//3678 3577//3577
f 3680//3680 3582//3582 3583//3583
f 3680//3680 3679//3679 3582//3582
f 3680//3680 3584//3584 3681//3681
f 3680//3680 3583//3583 3584//3584
f 3585//3585 3681//3681 3584//3584
f 3683//3683 3682//3682 3578//3578
f 3578//3578 3682//3682 3586//3586
f 3683//3683 3578//3578 3673//3673
f 3684//3684 3681//3681 3585//3585
f 3585//3585 3587//3587 3684//3684
f 3684//3684 3587//3587 3685//3685
f 3686//3686 3588//3588 3586//3586
f 3682//3682 3686//3686 3586//3586
f 3587//3587 3589//3589 3685//3685
f 3685//3685 3589//3589 3687//3687
f 3688//3688 3588//3588 3686//3686
f 3688//3688 3590//3590 3588//3588
f 3589//3589 3591//3591 3687//3687
f 3687//3687 3591//3591 3689//3689
f 3690//3690 3592//3592 3590//3590
f 3688//3688 3690//3690 3590//3590
f 3593//3593 3689//3689 3591//3591
f 3593//3593 3691//3691 3689//3689
f 3692//3692 3592//3592 3690//3690
f 3692//3692 3594//3594 3592//3592
f 3593//3593 3595//3595 3691//3691
f 3691//3691 3595//3595 3693//3693
f 3692//3692 3596//3596 3594//3594
f 3694//3694 3596//3596 3692//3692
f 3597//3597 3693//3693 3595//3595
f 3597//3597 3695//3695 3693//3693
f 3694//3694 3598//3598 3596//3596
f 3696//3696 3598//3598 3694//3694
f 3599//3599 3695//3695 3597//3597
f 3599//3599 3697//3697 3695//3695
f 3696//3696 3600//3600 3598//3598
f 3698//3698 3600//3600 3696//3696
f 3599//3599 3601//3601 3697//3697
f 3697//3697 3601//3601 3699//3699
f 3698//3698 3602//3602 3600//3600
f 3700//3700 3602//3602 3698//3698
f 3603//3603 3699//3699 3601//3601
f 3603//3603 3701//3701 3699//3699
f 3700//3700 3604//3604 3602//3602
f 3702//3702 3604//3604 3700//3700
f 3603//3603 3605//3605 3701//3701
f 3701//3701 3605//3605 3703//3703
f 3702//3702 3606//3606 3604//3604
f 3704//3704 3606//3606 3702//3702
f 3607//3607 3703//3703 3605//3605
f 3607//3607 3705//3705 3703//3703
f 3704//3704 3608//3608 3606//3606
f 3706//3706 3608//3608 3704//3704
f 3607//3607 3609//3609 3705//3705
f 3705//3705 3609//3609 3707//3707
f 3706//3706 3610//3610 3608//3608
f 3708//3708 3610//3610 3706//3706
f 3611//3611 3707//3707 3609//3609
f 3611//3611 3709//3709 3707//3707
f 3708//3708 3612//3612 3610//3610
f 3710//3710 3612//3612 3708//3708
f 3611//3611 3613//3613 3709//3709
f 3709//3709 3613//3613 3711//3711
f 3710//3710 3614//3614 3612//3612
f 3712//3712 3614//3614 3710//3710
f 3613//3613 3615//3615 3711//3711
f 3711//3711 3615//3615 3713//3713
f 3712//3712 3616//3616 3614//3614
f 3714//3714 3616//3616 3712//3712
f 3617//3617 3713//3713 3615//3615
f 3617//3617 3715//3715 3713//3713
f 3714//3714 3618//3618 3616//3616
f 3716//3716 3618//3618 3714//3714
f 3617//3617 3619//3619 3715//3715
f 3715//3715 3619//3619 3717//3717
f 3716//3716 3620//3620 3618//3618
f 3718//3718 3620//3620 3716//3716
f 3621//3621 3717//3717 3619//3619
f 3621//3621 3719//3719 3717//3717
f 3718//3718 3622//3622 3620//3620
f 3720//3720 3622//3622 3718//3718
f 3621//3621 3623//3623 3719//3719
f 3719//3719 3623//3623 3721//3721
f 3720//3720 3624//3624 3622//3622
f 3722//3722 3624//3624 3720//3720
f 3625//3625 3721//3721 3623//3623
f 3625//3625 3723//3723 3721//3721
f 3722//3722 3626//3626 3624//3624
f 3724//3724 3626//3626 3722//3722
f 3627//3627 3723//3723 3625//3625
f 3627//3627 3725//3725 3723//3723
f 3724//3724 3628//3628 3626//3626
f 3726//3726 3628//3628 3724//3724
f 3629//3629 3725//3725 3627//3627
f 3629//3629 3727//3727 3725//3725
f 3726//3726 3630//3630 3628//3628
f 3728//3728 3630//3630 3726//3726
f 3631//3631 3727//3727 3629//3629
f 3631//3631 3729//3729 3727//3727
f 3728//3728 3632//3632 3630//3630
f 3730//3730 3632//3632 3728//3728
f 3729//3729 3631//3631 3731//3731
f 3633//3633 3731//3731 3631//3631
f 3730//3730 3634//3634 3632//3632
f 3732//3732 3634//3634 3730//3730
f 3733//3733 3731//3731 3635//3635
f 3635//3635 3731//3731 3633//3633
f 3732//3732 3636//3636 3634//3634
f 3734//3734 3636//3636 3732//3732
f 3637//3637 3733//3733 3635//3635
f 3637//3637 3735//3735 3733//3733
f 3734//3734 3638//3638 3636//3636
f 3736//3736 3638//3638 3734//3734
f 3639//3639 3735//3735 3637//3637
f 3639//3639 3737//3737 3735//3735
f 3736//3736 3640//3640 3638//3638
f 3738//3738 3640//3640 3736//3736
f 3641//3641 3737//3737 3639//3639
f 3641//3641 3739//3739 3737//3737
f 3738//3738 3642//3642 3640//3640
f 3740//3740 3642//3642 3738//3738
f 3643//3643 3739//3739 3641//3641
f 3643//3643 3741//3741 3739//3739
f 3740//3740 3742//3742 3642//3642
f 3642//3642 3742//3742 3644//3644
f 3741//3741 3645//3645 3743//3743
f 3741//3741 3643//3643 3645//3645
f 3742//3742 3646//3646 3644//3644
f 3744//3744 3646//3646 3742//3742
f 3745//3745 3743//3743 3647//3647
f 3647//3647 3743//3743 3645//3645
f 3744//3744 3648//3648 3646//3646
f 3746//3746 3648//3648 3744//3744
f 3649//3649 3745//3745 3647//3647
f 3649//3649 3747//3747 3745//3745
f 3746//3746 3748//3748 3648//3648
f 3648//3648 3748//3748 3650//3650
f 3649//3649 3651//3651 3747//3747
f 3747//3747 3651//3651 3749//3749
f 3652//3652 3748//3748 3750//3750
f 3652//3652 3650//3650 3748//3748
f 3749//3749 3653//3653 3751//3751
f 3749//3749 3651//3651 3653//3653
f 3750//3750 3654//3654 3652//3652
f 3750//3750 3752//3752 3654//3654
f 3753//3753 3751//3751 3655//3655
f 3655//3655 3751//3751 3653//3653
f 3752//3752 3656//3656 3654//3654
f 3754//3754 3656//3656 3752//3752
f 3754//3754 3657//3657 3656//3656
f 3756//3756 3658//3658 3755//3755
f 3655//3655 3658//3658 3753//3753
f 3753//3753 3658//3658 3756//3756
f 3754//3754 3757//3757 3657//3657
f 3657//3657 3757//3757 3659//3659
f 3659//3659 3758//3758 3660//3660
f 3757//3757 3758//3758 3659//3659
f 3760//3760 3661//3661 3759//3759
f 3662//3662 3760//3760 3755//3755
f 3662//3662 3661//3661 3760//3760
f 3662//3662 3755//3755 3658//3658
f 3758//3758 3761//3761 3660//3660
f 3660//3660 3761//3761 3663//3663
f 3663//3663 3762//3762 3664//3664
f 3761//3761 3762//3762 3663//3663
f 3664//3664 3763//3763 3665//3665
f 3762//3762 3763//3763 3664//3664
f 3665//3665 3764//3764 3666//3666
f 3763//3763 3764//3764 3665//3665
f 3666//3666 3765//3765 3667//3667
f 3764//3764 3765//3765 3666//3666
f 3667//3667 3766//3766 3668//3668
f 3765//3765 3766//3766 3667//3667
f 3668//3668 3767//3767 3669//3669
f 3766//3766 3767//3767 3668//3668
f 3669//3669 3768//3768 3670//3670
f 3767//3767 3768//3768 3669//3669
f 3670//3670 3769//3769 3671//3671
f 3768//3768 3769//3769 3670//3670
f 3672//3672 3769//3769 3759//3759
f 3672//3672 3671//3671 3769//3769
f 3672//3672 3759//3759 3661//3661
f 3770//3770 3673//3673 3674//3674
f 3675//3675 3771//3771 3674//3674
f 3674//3674 3771//3771 3770//3770
f 3675//3675 3772//3772 3771//3771
f 3675//3675 3676//3676 3772//3772
f 3773//3773 3676//3676 3677//3677
f 3773//3773 3772//3772 3676//3676
f 3774//3774 3677//3677 3678//3678
f 3774//3774 3773//3773 3677//3677
f 3775//3775 3678//3678 3679//3679
f 3775//3775 3774//3774 3678//3678
f 3775//3775 3680//3680 3776//3776
f 3775//3775 3679//3679 3680//3680
f 3681//3681 3776//3776 3680//3680
f 3777//3777 3682//3682 3683//3683
f 3683//3683 3778//3778 3777//3777
f 3683//3683 3673//3673 3778//3778
f 3778//3778 3673//3673 3770//3770
f 3779//3779 3776//3776 3681//3681
f 3779//3779 3684//3684 3780//3780
f 3779//3779 3681//3681 3684//3684
f 3685//3685 3780//3780 3684//3684
f 3781//3781 3682//3682 3777//3777
f 3781//3781 3686//3686 3682//3682
f 3782//3782 3780//3780 3685//3685
f 3685//3685 3687//3687 3782//3782
f 3782//3782 3687//3687 3783//3783
f 3781//3781 3784//3784 3686//3686
f 3686//3686 3784//3784 3688//3688
f 3783//3783 3687//3687 3785//3785
f 3689//3689 3785//3785 3687//3687
f 3784//3784 3690//3690 3688//3688
f 3786//3786 3690//3690 3784//3784
f 3689//3689 3787//3787 3785//3785
f 3689//3689 3691//3691 3787//3787
f 3788//3788 3692//3692 3690//3690
f 3786//3786 3788//3788 3690//3690
f 3787//3787 3691//3691 3789//3789
f 3693//3693 3789//3789 3691//3691
f 3790//3790 3692//3692 3788//3788
f 3790//3790 3694//3694 3692//3692
f 3693//3693 3791//3791 3789//3789
f 3693//3693 3695//3695 3791//3791
f 3790//3790 3696//3696 3694//3694
f 3792//3792 3696//3696 3790//3790
f 3697//3697 3791//3791 3695//3695
f 3697//3697 3793//3793 3791//3791
f 3792//3792 3698//3698 3696//3696
f 3794//3794 3698//3698 3792//3792
f 3697//3697 3699//3699 3793//3793
f 3793//3793 3699//3699 3795//3795
f 3794//3794 3700//3700 3698//3698
f 3796//3796 3700//3700 3794//3794
f 3701//3701 3795//3795 3699//3699
f 3701//3701 3797//3797 3795//3795
f 3796//3796 3702//3702 3700//3700
f 3798//3798 3702//3702 3796//3796
f 3701//3701 3703//3703 3797//3797
f 3797//3797 3703//3703 3799//3799
f 3798//3798 3704//3704 3702//3702
f 3800//3800 3704//3704 3798//3798
f 3705//3705 3799//3799 3703//3703
f 3705//3705 3801//3801 3799//3799
f 3800//3800 3706//3706 3704//3704
f 3802//3802 3706//3706 3800//3800
f 3705//3705 3707//3707 3801//3801
f 3801//3801 3707//3707 3803//3803
f 3802//3802 3708//3708 3706//3706
f 3804//3804 3708//3708 3802//3802
f 3709//3709 3803//3803 3707//3707
f 3709//3709 3805//3805 3803//3803
f 3804//3804 3710//3710 3708//3708
f 3806//3806 3710//3710 3804//3804
f 3709//3709 3711//3711 3805//3805
f 3805//3805 3711//3711 3807//3807
f 3806//3806 3712//3712 3710//3710
f 3808//3808 3712//3712 3806//3806
f 3711//3711 3713//3713 3807//3807
f 3807//3807 3713//3713 3809//3809
f 3808//3808 3714//3714 3712//3712
f 3810//3810 3714//3714 3808//3808
f 3715//3715 3809//3809 3713//3713
f 3715//3715 3811//3811 3809//3809
f 3810//3810 3716//3716 3714//3714
f 3812//3812 3716//3716 3810//3810
f 3715//3715 3717//3717 3811//3811
f 3811//3811 3717//3717 3813//3813
f 3812//3812 3718//3718 3716//3716
f 3814//3814 3718//3718 3812//3812
f 3719//3719 3813//3813 3717//3717
f 3719//3719 3815//3815 3813//3813
f 3814//3814 3720//3720 3718//3718
f 3816//3816 3720//3720 3814//3814
f 3815//3815 3719//3719 3817//3817
f 3721//3721 3817//3817 3719//3719
f 3816//3816 3722//3722 3720//3720
f 3818//3818 3722//3722 3816//3816
f 3721//3721 3819//3819 3817//3817
f 3721//3721 3723//3723 3819//3819
f 3818//3818 3724//3724 3722//3722
f 3820//3820 3724//3724 3818//3818
f 3725//3725 3819//3819 3723//3723
f 3725//3725 3821//3821 3819//3819
f 3820//3820 3726//3726 3724//3724
f 3822//3822 3726//3726 3820//3820
f 3727//3727 3821//3821 3725//3725
f 3727//3727 3823//3823 3821//3821
f 3822//3822 3728//3728 3726//3726
f 3824//3824 3728//3728 3822//3822
f 3729//3729 3823//3823 3727//3727
f 3729//3729 3825//3825 3823//3823
f 3824//3824 3730//3730 3728//3728
f 3826//3826 3730//3730 3824//3824
f 3731//3731 3825//3825 3729//3729
f 3731//3731 3827//3827 3825//3825
f 3826//3826 3732//3732 3730//3730
f 3828//3828 3732//3732 3826//3826
f 3733//3733 3827//3827 3731//3731
f 3733//3733 3829//3829 3827//3827
f 3828//3828 3734//3734 3732//3732
f 3830//3830 3734//3734 3828//3828
f 3735//3735 3829//3829 3733//3733
f 3735//3735 3831//3831 3829//3829
f 3830//3830 3736//3736 3734//3734
f 3832//3832 3736//3736 3830//3830
f 3737//3737 3831//3831 3735//3735
f 3737//3737 3833//3833 3831//3831
f 3832//3832 3738//3738 3736//3736
f 3834//3834 3738//3738 3832//3832
f 3739//3739 3833//3833 3737//3737
f 3739//3739 3835//3835 3833//3833
f 3740//3740 3834//3834 3836//3836
f 3740//3740 3738//3738 3834//3834
f 3741//3741 3835//3835 3739//3739
f 3741//3741 3837//3837 3835//3835
f 3836//3836 3742//3742 3740//3740
f 3838//3838 3742//3742 3836//3836
f 3741//3741 3743//3743 3837//3837
f 3837//3837 3743//3743 3839//3839
f 3838//3838 3744//3744 3742//3742
f 3840//3840 3744//3744 3838//3838
f 3745//3745 3839//3839 3743//3743
f 3745//3745 3841//3841 3839//3839
f 3840//3840 3746//3746 3744//3744
f 3842//3842 3746//3746 3840//3840
f 3841//3841 3747//3747 3843//3843
f 3841//3841 3745//3745 3747//3747
f 3842//3842 3844//3844 3746//3746
f 3746//3746 3844//3844 3748//3748
f 3845//3845 3843//3843 3749//3749
f 3749//3749 3843//3843 3747//3747
f 3844//3844 3846//3846 3748//3748
f 3748//3748 3846//3846 3750//3750
f 3749//3749 3751//3751 3845//3845
f 3845//3845 3751//3751 3847//3847
f 3846//3846 3848//3848 3750//3750
f 3750//3750 3848//3848 3752//3752
f 3847//3847 3753//3753 3849//3849
f 3847//3847 3751//3751 3753//3753
f 3848//3848 3850//3850 3752//3752
f 3752//3752 3850//3850 3754//3754
f 3756//3756 3851//3851 3849//3849
f 3756//3756 3755//3755 3851//3851
f 3756//3756 3849//3849 3753//3753
f 3850//3850 3852//3852 3754//3754
f 3754//3754 3852//3852 3757//3757
f 3757//3757 3853//3853 3758//3758
f 3852//3852 3853//3853 3757//3757
f 3853//3853 3854//3854 3758//3758
f 3856//3856 3759//3759 3855//3855
f 3759//3759 3857//3857 3760//3760
f 3856//3856 3857//3857 3759//3759
f 3755//3755 3760//3760 3851//3851
f 3851//3851 3760//3760 3857//3857
f 3854//3854 3761//3761 3758//3758
f 3858//3858 3761//3761 3854//3854
f 3858//3858 3762//3762 3761//3761
f 3762//3762 3859//3859 3763//3763
f 3858//3858 3859//3859 3762//3762
f 3763//3763 3860//3860 3764//3764
f 3859//3859 3860//3860 3763//3763
f 3764//3764 3861//3861 3765//3765
f 3860//3860 3861//3861 3764//3764
f 3765//3765 3862//3862 3766//3766
f 3861//3861 3862//3862 3765//3765
f 3766//3766 3863//3863 3767//3767
f 3862//3862 3863//3863 3766//3766
f 3767//3767 3864//3864 3768//3768
f 3863//3863 3864//3864 3767//3767
f 3769//3769 3864//3864 3855//3855
f 3769//3769 3768//3768 3864//3864
f 3769//3769 3855//3855 3759//3759
f 3865//3865 3771//3771 3772//3772
f 3773//3773 3866//3866 3772//3772
f 3772//3772 3866//3866 3865//3865
f 3774//3774 3867//3867 3773//3773
f 3773//3773 3867//3867 3866//3866
f 3775//3775 3868//3868 3774//3774
f 3774//3774 3868//3868 3867//3867
f 3776//3776 3868//3868 3775//3775
f 3870//3870 3869//3869 3778//3778
f 3778//3778 3869//3869 3777//3777
f 3871//3871 3778//3778 3770//3770
f 3871//3871 3870//3870 3778//3778
f 3872//3872 3770//3770 3771//3771
f 3872//3872 3871//3871 3770//3770
f 3872//3872 3771//3771 3865//3865
f 3873//3873 3868//3868 3776//3776
f 3874//3874 3776//3776 3779//3779
f 3874//3874 3873//3873 3776//3776
f 3779//3779 3780//3780 3874//3874
f 3874//3874 3780//3780 3875//3875
f 3869//3869 3876//3876 3777//3777
f 3777//3777 3876//3876 3781//3781
f 3875//3875 3782//3782 3877//3877
f 3875//3875 3780//3780 3782//3782
f 3783//3783 3877//3877 3782//3782
f 3876//3876 3878//3878 3781//3781
f 3781//3781 3878//3878 3784//3784
f 3783//3783 3879//3879 3877//3877
f 3783//3783 3785//3785 3879//3879
f 3878//3878 3786//3786 3784//3784
f 3880//3880 3786//3786 3878//3878
f 3785//3785 3787//3787 3879//3879
f 3879//3879 3787//3787 3881//3881
f 3880//3880 3788//3788 3786//3786
f 3882//3882 3788//3788 3880//3880
f 3789//3789 3881//3881 3787//3787
f 3789//3789 3883//3883 3881//3881
f 3884//3884 3790//3790 3788//3788
f 3882//3882 3884//3884 3788//3788
f 3789//3789 3791//3791 3883//3883
f 3883//3883 3791//3791 3885//3885
f 3886//3886 3790//3790 3884//3884
f 3886//3886 3792//3792 3790//3790
f 3793//3793 3885//3885 3791//3791
f 3793//3793 3887//3887 3885//3885
f 3886//3886 3794//3794 3792//3792
f 3888//3888 3794//3794 3886//3886
f 3793//3793 3795//3795 3887//3887
f 3887//3887 3795//3795 3889//3889
f 3888//3888 3796//3796 3794//3794
f 3890//3890 3796//3796 3888//3888
f 3797//3797 3889//3889 3795//3795
f 3797//3797 3891//3891 3889//3889
f 3890//3890 3798//3798 3796//3796
f 3892//3892 3798//3798 3890//3890
f 3797//3797 3799//3799 3891//3891
f 3891//3891 3799//3799 3893//3893
f 3892//3892 3800//3800 3798//3798
f 3894//3894 3800//3800 3892//3892
f 3801//3801 3893//3893 3799//3799
f 3801//3801 3895//3895 3893//3893
f 3894//3894 3802//3802 3800//3800
f 3896//3896 3802//3802 3894//3894
f 3801//3801 3803//3803 3895//3895
f 3895//3895 3803//3803 3897//3897
f 3896//3896 3804//3804 3802//3802
f 3898//3898 3804//3804 3896//3896
f 3805//3805 3897//3897 3803//3803
f 3805//3805 3899//3899 3897//3897
f 3898//3898 3806//3806 3804//3804
f 3900//3900 3806//3806 3898//3898
f 3805//3805 3807//3807 3899//3899
f 3899//3899 3807//3807 3901//3901
f 3900//3900 3808//3808 3806//3806
f 3902//3902 3808//3808 3900//3900
f 3901//3901 3807//3807 3903//3903
f 3809//3809 3903//3903 3807//3807
f 3902//3902 3810//3810 3808//3808
f 3904//3904 3810//3810 3902//3902
f 3809//3809 3905//3905 3903//3903
f 3809//3809 3811//3811 3905//3905
f 3904//3904 3812//3812 3810//3810
f 3906//3906 3812//3812 3904//3904
f 3811//3811 3813//3813 3905//3905
f 3905//3905 3813//3813 3907//3907
f 3906//3906 3814//3814 3812//3812
f 3908//3908 3814//3814 3906//3906
f 3815//3815 3907//3907 3813//3813
f 3815//3815 3909//3909 3907//3907
f 3908//3908 3816//3816 3814//3814
f 3910//3910 3816//3816 3908//3908
f 3817//3817 3909//3909 3815//3815
f 3817//3817 3911//3911 3909//3909
f 3910//3910 3818//3818 3816//3816
f 3912//3912 3818//3818 3910//3910
f 3817//3817 3819//3819 3911//3911
f 3911//3911 3819//3819 3913//3913
f 3912//3912 3820//3820 3818//3818
f 3914//3914 3820//3820 3912//3912
f 3821//3821 3913//3913 3819//3819
f 3821//3821 3915//3915 3913//3913
f 3914//3914 3822//3822 3820//3820
f 3916//3916 3822//3822 3914//3914
f 3823//3823 3915//3915 3821//3821
f 3823//3823 3917//3917 3915//3915
f 3916//3916 3824//3824 3822//3822
f 3918//3918 3824//3824 3916//3916
f 3825//3825 3917//3917 3823//3823
f 3825//3825 3919//3919 3917//3917
f 3918//3918 3826//3826 3824//3824
f 3920//3920 3826//3826 3918//3918
f 3827//3827 3919//3919 3825//3825
f 3827//3827 3921//3921 3919//3919
f 3920//3920 3828//3828 3826//3826
f 3922//3922 3828//3828 3920//3920
f 3829//3829 3921//3921 3827//3827
f 3829//3829 3923//3923 3921//3921
f 3922//3922 3830//3830 3828//3828
f 3924//3924 3830//3830 3922//3922
f 3831//3831 3923//3923 3829//3829
f 3831//3831 3925//3925 3923//3923
f 3924//3924 3832//3832 3830//3830
f 3926//3926 3832//3832 3924//3924
f 3833//3833 3925//3925 3831//3831
f 3833//3833 3927//3927 3925//3925
f 3926//3926 3834//3834 3832//3832
f 3928//3928 3834//3834 3926//3926
f 3835//3835 3927//3927 3833//3833
f 3835//3835 3929//3929 3927//3927
f 3928//3928 3930//3930 3834//3834
f 3834//3834 3930//3930 3836//3836
f 3929//3929 3837//3837 3931//3931
f 3929//3929 3835//3835 3837//3837
f 3930//3930 3838//3838 3836//3836
f 3932//3932 3838//3838 3930//3930
f 3933//3933 3931//3931 3839//3839
f 3839//3839 3931//3931 3837//3837
f 3932//3932 3840//3840 3838//3838
f 3934//3934 3840//3840 3932//3932
f 3841//3841 3933//3933 3839//3839
f 3841//3841 3935//3935 3933//3933
f 3842//3842 3934//3934 3936//3936
f 3842//3842 3840//3840 3934//3934
f 3841//3841 3843//3843 3935//3935
f 3935//3935 3843//3843 3937//3937
f 3936//3936 3844//3844 3842//3842
f 3938//3938 3844//3844 3936//3936
f 3845//3845 3937//3937 3843//3843
f 3845//3845 3939//3939 3937//3937
f 3938//3938 3940//3940 3844//3844
f 3844//3844 3940//3940 3846//3846
f 3845//3845 3847//3847 3939//3939
f 3939//3939 3847//3847 3941//3941
f 3940//3940 3942//3942 3846//3846
f 3846//3846 3942//3942 3848//3848
f 3847//3847 3849//3849 3941//3941
f 3941//3941 3849//3849 3943//3943
f 3942//3942 3944//3944 3848//3848
f 3848//3848 3944//3944 3850//3850
f 3944//3944 3945//3945 3850//3850
f 3947//3947 3851//3851 3946//3946
f 3849//3849 3851//3851 3943//3943
f 3943//3943 3851//3851 3947//3947
f 3945//3945 3852//3852 3850//3850
f 3948//3948 3852//3852 3945//3945
f 3948//3948 3853//3853 3852//3852
f 3853//3853 3949//3949 3854//3854
f 3948//3948 3949//3949 3853//3853
f 3949//3949 3950//3950 3854//3854
f 3952//3952 3855//3855 3951//3951
f 3855//3855 3953//3953 3856//3856
f 3952//3952 3953//3953 3855//3855
f 3857//3857 3953//3953 3946//3946
f 3857//3857 3856//3856 3953//3953
f 3857//3857 3946//3946 3851//3851
f 3950//3950 3858//3858 3854//3854
f 3954//3954 3858//3858 3950//3950
f 3954//3954 3859//3859 3858//3858
f 3859//3859 3955//3955 3860//3860
f 3954//3954 3955//3955 3859//3859
f 3860//3860 3956//3956 3861//3861
f 3955//3955 3956//3956 3860//3860
f 3861//3861 3957//3957 3862//3862
f 3956//3956 3957//3957 3861//3861
f 3862//3862 3958//3958 3863//3863
f 3957//3957 3958//3958 3862//3862
f 3864//3864 3958//3958 3951//3951
f 3864//3864 3863//3863 3958//3958
f 3864//3864 3951//3951 3855//3855
f 3959//3959 3869//3869 3870//3870
f 3870//3870 3960//3960 3959//3959
f 3870//3870 3871//3871 3960//3960
f 3961//3961 3871//3871 3872//3872
f 3961//3961 3960//3960 3871//3871
f 3962//3962 3872//3872 3865//3865
f 3962//3962 3961//3961 3872//3872
f 3963//3963 3865//3865 3866//3866
f 3963//3963 3962//3962 3865//3865
f 3964//3964 3866//3866 3867//3867
f 3964//3964 3963//3963 3866//3866
f 3965//3965 3867//3867 3868//3868
f 3965//3965 3964//3964 3867//3867
f 3966//3966 3868//3868 3873//3873
f 3966//3966 3965//3965 3868//3868
f 3966//3966 3874//3874 3967//3967
f 3966//3966 3873//3873 3874//3874
f 3875//3875 3967//3967 3874//3874
f 3969//3969 3968//3968 3869//3869
f 3869//3869 3968//3968 3876//3876
f 3969//3969 3869//3869 3959//3959
f 3970//3970 3967//3967 3875//3875
f 3875//3875 3877//3877 3970//3970
f 3970//3970 3877//3877 3971//3971
f 3972//3972 3878//3878 3876//3876
f 3968//3968 3972//3972 3876//3876
f 3877//3877 3879//3879 3971//3971
f 3971//3971 3879//3879 3973//3973
f 3974//3974 3878//3878 3972//3972
f 3974//3974 3880//3880 3878//3878
f 3879//3879 3881//3881 3973//3973
f 3973//3973 3881//3881 3975//3975
f 3974//3974 3882//3882 3880//3880
f 3976//3976 3882//3882 3974//3974
f 3883//3883 3975//3975 3881//3881
f 3883//3883 3977//3977 3975//3975
f 3976//3976 3884//3884 3882//3882
f 3978//3978 3884//3884 3976//3976
f 3883//3883 3885//3885 3977//3977
f 3977//3977 3885//3885 3979//3979
f 3980//3980 3886//3886 3884//3884
f 3978//3978 3980//3980 3884//3884
f 3887//3887 3979//3979 3885//3885
f 3887//3887 3981//3981 3979//3979
f 3982//3982 3888//3888 3980//3980
f 3980//3980 3888//3888 3886//3886
f 3981//3981 3887//3887 3983//3983
f 3889//3889 3983//3983 3887//3887
f 3984//3984 3890//3890 3982//3982
f 3982//3982 3890//3890 3888//3888
f 3889//3889 3985//3985 3983//3983
f 3889//3889 3891//3891 3985//3985
f 3986//3986 3892//3892 3984//3984
f 3984//3984 3892//3892 3890//3890
f 3985//3985 3891//3891 3987//3987
f 3893//3893 3987//3987 3891//3891
f 3988//3988 3894//3894 3986//3986
f 3986//3986 3894//3894 3892//3892
f 3893//3893 3989//3989 3987//3987
f 3893//3893 3895//3895 3989//3989
f 3990//3990 3896//3896 3988//3988
f 3988//3988 3896//3896 3894//3894
f 3895//3895 3897//3897 3989//3989
f 3989//3989 3897//3897 3991//3991
f 3992//3992 3898//3898 3990//3990
f 3990//3990 3898//3898 3896//3896
f 3899//3899 3991//3991 3897//3897
f 3899//3899 3993//3993 3991//3991
f 3994//3994 3900//3900 3992//3992
f 3992//3992 3900//3900 3898//3898
f 3899//3899 3901//3901 3993//3993
f 3993//3993 3901//3901 3995//3995
f 3996//3996 3902//3902 3994//3994
f 3994//3994 3902//3902 3900//3900
f 3903//3903 3995//3995 3901//3901
f 3903//3903 3997//3997 3995//3995
f 3998//3998 3904//3904 3996//3996
f 3996//3996 3904//3904 3902//3902
f 3903//3903 3905//3905 3997//3997
f 3997//3997 3905//3905 3999//3999
f 4000//4000 3906//3906 3998//3998
f 3998//3998 3906//3906 3904//3904
f 3905//3905 3907//3907 3999//3999
f 3999//3999 3907//3907 4001//4001
f 4002//4002 3906//3906 4000//4000
f 4002//4002 3908//3908 3906//3906
f 3909//3909 4001//4001 3907//3907
f 3909//3909 4003//4003 4001//4001
f 4002//4002 3910//3910 3908//3908
f 4004//4004 3910//3910 4002//4002
f 3911//3911 4003//4003 3909//3909
f 3911//3911 4005//4005 4003//4003
f 4004//4004 3912//3912 3910//3910
f 4006//4006 3912//3912 4004//4004
f 3911//3911 3913//3913 4005//4005
f 4005//4005 3913//3913 4007//4007
f 4006//4006 3914//3914 3912//3912
f 4008//4008 3914//3914 4006//4006
f 3915//3915 4007//4007 3913//3913
f 3915//3915 4009//4009 4007//4007
f 4008//4008 3916//3916 3914//3914
f 4010//4010 3916//3916 4008//4008
f 3917//3917 4009//4009 3915//3915
f 3917//3917 4011//4011 4009//4009
f 4010//4010 3918//3918 3916//3916
f 4012//4012 3918//3918 4010//4010
f 3919//3919 4011//4011 3917//3917
f 3919//3919 4013//4013 4011//4011
f 4012//4012 3920//3920 3918//3918
f 4014//4014 3920//3920 4012//4012
f 3921//3921 4013//4013 3919//3919
f 3921//3921 4015//4015 4013//4013
f 4014//4014 3922//3922 3920//3920
f 4016//4016 3922//3922 4014//4014
f 3923//3923 4015//4015 3921//3921
f 3923//3923 4017//4017 4015//4015
f 4016//4016 3924//3924 3922//3922
f 4018//4018 3924//3924 4016//4016
f 3925//3925 4017//4017 3923//3923
f 3925//3925 4019//4019 4017//4017
f 4018//4018 3926//3926 3924//3924
f 4020//4020 3926//3926 4018//4018
f 3927//3927 4019//4019 3925//3925
f 3927//3927 4021//4021 4019//4019
f 4020//4020 3928//3928 3926//3926
f 4022//4022 3928//3928 4020//4020
f 3929//3929 4021//4021 3927//3927
f 3929//3929 4023//4023 4021//4021
f 4022//4022 4024//4024 3928//3928
f 3928//3928 4024//4024 3930//3930
f 3929//3929 3931//3931 4023//4023
f 4023//4023 3931//3931 4025//4025
f 4024//4024 3932//3932 3930//3930
f 4026//4026 3932//3932 4024//4024
f 3933//3933 4025//4025 3931//3931
f 3933//3933 4027//4027 4025//4025
f 4026//4026 3934//3934 3932//3932
f 4028//4028 3934//3934 4026//4026
f 4027//4027 3935//3935 4029//4029
f 4027//4027 3933//3933 3935//3935
f 4028//4028 4030//4030 3934//3934
f 3934//3934 4030//4030 3936//3936
f 4031//4031 4029//4029 3937//3937
f 3937//3937 4029//4029 3935//3935
f 4030//4030 3938//3938 3936//3936
f 4032//4032 3938//3938 4030//4030
f 4031//4031 3939//3939 4033//4033
f 4031//4031 3937//3937 3939//3939
f 4032//4032 4034//4034 3938//3938
f 3938//3938 4034//4034 3940//3940
f 4035//4035 4033//4033 3941//3941
f 3941//3941 4033//4033 3939//3939
f 4034//4034 4036//4036 3940//3940
f 3940//3940 4036//4036 3942//3942
f 3941//3941 3943//3943 4035//4035
f 4035//4035 3943//3943 4037//4037
f 4036//4036 4038//4038 3942//3942
f 3942//3942 4038//4038 3944//3944
f 3944//3944 4039//4039 3945//3945
f 4038//4038 4039//4039 3944//3944
f 3946//3946 4041//4041 3947//3947
f 4040//4040 4041//4041 3946//3946
f 3943//3943 3947//3947 4037//4037
f 4037//4037 3947//3947 4041//4041
f 4039//4039 4042//4042 3945//3945
f 3945//3945 4042//4042 3948//3948
f 3948//3948 4043//4043 3949//3949
f 4042//4042 4043//4043 3948//3948
f 3949//3949 4044//4044 3950//3950
f 4043//4043 4044//4044 3949//3949
f 4044//4044 4045//4045 3950//3950
f 4050//4050 3951//3951 4049//4049
f 3951//3951 4051//4051 3952//3952
f 4050//4050 4051//4051 3951//3951
f 3952//3952 4052//4052 3953//3953
f 4051//4051 4052//4052 3952//3952
f 3946//3946 3953//3953 4040//4040
f 4040//4040 3953//3953 4052//4052
f 4045//4045 3954//3954 3950//3950
f 3954//3954 4045//4045 3955//3955
f 3955//3955 4045//4045 4046//4046
f 3955//3955 4046//4046 3956//3956
f 3956//3956 4046//4046 4047//4047
f 3956//3956 4047//4047 3957//3957
f 3957//3957 4047//4047 4048//4048
f 3957//3957 4048//4048 3958//3958
f 3958//3958 4048//4048 4049//4049
f 3958//3958 4049//4049 3951//3951
f 4053//4053 3959//3959 3960//3960
f 3960//3960 4054//4054 4053//4053
f 3960//3960 3961//3961 4054//4054
f 4055//4055 3961//3961 3962//3962
f 4055//4055 4054//4054 3961//3961
f 4056//4056 3962//3962 3963//3963
f 4056//4056 4055//4055 3962//3962
f 4057//4057 3963//3963 3964//3964
f 4057//4057 4056//4056 3963//3963
f 4057//4057 3965//3965 4058//4058
f 4057//4057 3964//3964 3965//3965
f 3966//3966 4059//4059 3965//3965
f 3965//3965 4059//4059 4058//4058
f 3967//3967 4059//4059 3966//3966
f 4060//4060 3968//3968 3969//3969
f 3969//3969 4061//4061 4060//4060
f 3969//3969 3959//3959 4061//4061
f 4061//4061 3959//3959 4053//4053
f 4062//4062 4059//4059 3967//3967
f 4062//4062 3970//3970 4063//4063
f 4062//4062 3967//3967 3970//3970
f 3971//3971 4063//4063 3970//3970
f 4064//4064 3968//3968 4060//4060
f 4064//4064 3972//3972 3968//3968
f 4065//4065 4063//4063 3971//3971
f 3971//3971 3973//3973 4065//4065
f 4065//4065 3973//3973 4066//4066
f 4064//4064 4067//4067 3972//3972
f 3972//3972 4067//4067 3974//3974
f 4066//4066 3973//3973 4068//4068
f 3975//3975 4068//4068 3973//3973
f 4067//4067 3976//3976 3974//3974
f 4069//4069 3976//3976 4067//4067
f 3975//3975 4070//4070 4068//4068
f 3975//3975 3977//3977 4070//4070
f 4069//4069 3978//3978 3976//3976
f 4071//4071 3978//3978 4069//4069
f 4070//4070 3977//3977 4072//4072
f 3979//3979 4072//4072 3977//3977
f 4071//4071 3980//3980 3978//3978
f 4073//4073 3980//3980 4071//4071
f 3979//3979 4074//4074 4072//4072
f 3979//3979 3981//3981 4074//4074
f 4073//4073 3982//3982 3980//3980
f 4075//4075 3982//3982 4073//4073
f 3983//3983 4074//4074 3981//3981
f 3983//3983 4076//4076 4074//4074
f 4075//4075 3984//3984 3982//3982
f 4077//4077 3984//3984 4075//4075
f 3983//3983 3985//3985 4076//4076
f 4076//4076 3985//3985 4078//4078
f 4077//4077 3986//3986 3984//3984
f 4079//4079 3986//3986 4077//4077
f 3987//3987 4078//4078 3985//3985
f 3987//3987 4080//4080 4078//4078
f 4079//4079 3988//3988 3986//3986
f 4081//4081 3988//3988 4079//4079
f 3987//3987 3989//3989 4080//4080
f 4080//4080 3989//3989 4082//4082
f 4081//4081 3990//3990 3988//3988
f 4083//4083 3990//3990 4081//4081
f 3989//3989 3991//3991 4082//4082
f 4082//4082 3991//3991 4084//4084
f 4083//4083 3992//3992 3990//3990
f 4085//4085 3992//3992 4083//4083
f 3993//3993 4084//4084 3991//3991
f 3993//3993 4086//4086 4084//4084
f 4085//4085 3994//3994 3992//3992
f 4087//4087 3994//3994 4085//4085
f 3993//3993 3995//3995 4086//4086
f 4086//4086 3995//3995 4088//4088
f 4087//4087 3996//3996 3994//3994
f 4089//4089 3996//3996 4087//4087
f 3997//3997 4088//4088 3995//3995
f 3997//3997 4090//4090 4088//4088
f 4089//4089 3998//3998 3996//3996
f 4091//4091 3998//3998 4089//4089
f 3997//3997 3999//3999 4090//4090
f 4090//4090 3999//3999 4092//4092
f 4091//4091 4000//4000 3998//3998
f 4093//4093 4000//4000 4091//4091
f 4092//4092 3999//3999 4094//4094
f 4001//4001 4094//4094 3999//3999
f 4095//4095 4002//4002 4000//4000
f 4093//4093 4095//4095 4000//4000
f 4001//4001 4096//4096 4094//4094
f 4001//4001 4003//4003 4096//4096
f 4097//4097 4002//4002 4095//4095
f 4097//4097 4004//4004 4002//4002
f 4005//4005 4096//4096 4003//4003
f 4005//4005 4098//4098 4096//4096
f 4097//4097 4006//4006 4004//4004
f 4099//4099 4006//4006 4097//4097
f 4005//4005 4007//4007 4098//4098
f 4098//4098 4007//4007 4100//4100
f 4099//4099 4008//4008 4006//4006
f 4101//4101 4008//4008 4099//4099
f 4009//4009 4100//4100 4007//4007
f 4009//4009 4102//4102 4100//4100
f 4101//4101 4010//4010 4008//4008
f 4103//4103 4010//4010 4101//4101
f 4011//4011 4102//4102 4009//4009
f 4011//4011 4104//4104 4102//4102
f 4103//4103 4012//4012 4010//4010
f 4105//4105 4012//4012 4103//4103
f 4013//4013 4104//4104 4011//4011
f 4013//4013 4106//4106 4104//4104
f 4105//4105 4014//4014 4012//4012
f 4107//4107 4014//4014 4105//4105
f 4015//4015 4106//4106 4013//4013
f 4015//4015 4108//4108 4106//4106
f 4107//4107 4016//4016 4014//4014
f 4109//4109 4016//4016 4107//4107
f 4017//4017 4108//4108 4015//4015
f 4017//4017 4110//4110 4108//4108
f 4109//4109 4018//4018 4016//4016
f 4111//4111 4018//4018 4109//4109
f 4019//4019 4110//4110 4017//4017
f 4019//4019 4112//4112 4110//4110
f 4111//4111 4020//4020 4018//4018
f 4113//4113 4020//4020 4111//4111
f 4021//4021 4112//4112 4019//4019
f 4021//4021 4114//4114 4112//4112
f 4022//4022 4113//4113 4115//4115
f 4022//4022 4020//4020 4113//4113
f 4114//4114 4023//4023 4116//4116
f 4114//4114 4021//4021 4023//4023
f 4115//4115 4024//4024 4022//4022
f 4117//4117 4024//4024 4115//4115
f 4118//4118 4116//4116 4025//4025
f 4025//4025 4116//4116 4023//4023
f 4117//4117 4026//4026 4024//4024
f 4119//4119 4026//4026 4117//4117
f 4027//4027 4118//4118 4025//4025
f 4027//4027 4120//4120 4118//4118
f 4119//4119 4028//4028 4026//4026
f 4121//4121 4028//4028 4119//4119
f 4027//4027 4029//4029 4120//4120
f 4120//4120 4029//4029 4122//4122
f 4121//4121 4123//4123 4028//4028
f 4028//4028 4123//4123 4030//4030
f 4031//4031 4122//4122 4029//4029
f 4031//4031 4124//4124 4122//4122
f 4123//4123 4032//4032 4030//4030
f 4125//4125 4032//4032 4123//4123
f 4031//4031 4033//4033 4124//4124
f 4124//4124 4033//4033 4126//4126
f 4125//4125 4127//4127 4032//4032
f 4032//4032 4127//4127 4034//4034
f 4126//4126 4035//4035 4128//4128
f 4126//4126 4033//4033 4035//4035
f 4127//4127 4129//4129 4034//4034
f 4034//4034 4129//4129 4036//4036
f 4129//4129 4130//4130 4036//4036
f 4037//4037 4131//4131 4128//4128
f 4037//4037 4128//4128 4035//4035
f 4130//4130 4038//4038 4036//4036
f 4132//4132 4038//4038 4130//4130
f 4132//4132 4039//4039 4038//4038
f 4132//4132 4133//4133 4039//4039
f 4135//4135 4040//4040 4134//4134
f 4041//4041 4135//4135 4131//4131
f 4041//4041 4040//4040 4135//4135
f 4041//4041 4131//4131 4037//4037
f 4133//4133 4042//4042 4039//4039
f 4136//4136 4042//4042 4133//4133
f 4136//4136 4043//4043 4042//4042
f 4043//4043 4137//4137 4044//4044
f 4136//4136 4137//4137 4043//4043
f 4044//4044 4138//4138 4045//4045
f 4137//4137 4138//4138 4044//4044
f 4045//4045 4139//4139 4046//4046
f 4138//4138 4139//4139 4045//4045
f 4046//4046 4140//4140 4047//4047
f 4139//4139 4140//4140 4046//4046
f 4047//4047 4141//4141 4048//4048
f 4140//4140 4141//4141 4047//4047
f 4048//4048 4142//4142 4049//4049
f 4141//4141 4142//4142 4048//4048
f 4049//4049 4143//4143 4050//4050
f 4142//4142 4143//4143 4049//4049
f 4050//4050 4144//4144 4051//4051
f 4143//4143 4144//4144 4050//4050
f 4052//4052 4144//4144 4134//4134
f 4052//4052 4051//4051 4144//4144
f 4052//4052 4134//4134 4040//4040
f 4145//4145 4053//4053 4054//4054
f 4055//4055 4146//4146 4054//4054
f 4054//4054 4146//4146 4145//4145
f 4056//4056 4147//4147 4055//4055
f 4055//4055 4147//4147 4146//4146
f 4057//4057 4148//4148 4056//4056
f 4056//4056 4148//4148 4147//4147
f 4058//4058 4148//4148 4057//4057
f 4149//4149 4060//4060 4061//4061
f 4061//4061 4150//4150 4149//4149
f 4061//4061 4053//4053 4150//4150
f 4150//4150 4053//4053 4145//4145
f 4151//4151 4148//4148 4058//4058
f 4152//4152 4058//4058 4059//4059
f 4152//4152 4151//4151 4058//4058
f 4153//4153 4059//4059 4062//4062
f 4153//4153 4152//4152 4059//4059
f 4062//4062 4063//4063 4153//4153
f 4153//4153 4063//4063 4154//4154
f 4156//4156 4155//4155 4060//4060
f 4060//4060 4155//4155 4064//4064
f 4156//4156 4060//4060 4149//4149
f 4154//4154 4065//4065 4157//4157
f 4154//4154 4063//4063 4065//4065
f 4066//4066 4157//4157 4065//4065
f 4158//4158 4067//4067 4064//4064
f 4155//4155 4158//4158 4064//4064
f 4066//4066 4159//4159 4157//4157
f 4066//4066 4068//4068 4159//4159
f 4160//4160 4067//4067 4158//4158
f 4160//4160 4069//4069 4067//4067
f 4068//4068 4070//4070 4159//4159
f 4159//4159 4070//4070 4161//4161
f 4160//4160 4071//4071 4069//4069
f 4162//4162 4071//4071 4160//4160
f 4072//4072 4161//4161 4070//4070
f 4072//4072 4163//4163 4161//4161
f 4162//4162 4073//4073 4071//4071
f 4164//4164 4073//4073 4162//4162
f 4072//4072 4074//4074 4163//4163
f 4163//4163 4074//4074 4165//4165
f 4164//4164 4075//4075 4073//4073
f 4166//4166 4075//4075 4164//4164
f 4076//4076 4165//4165 4074//4074
f 4076//4076 4167//4167 4165//4165
f 4166//4166 4077//4077 4075//4075
f 4168//4168 4077//4077 4166//4166
f 4076//4076 4078//4078 4167//4167
f 4167//4167 4078//4078 4169//4169
f 4168//4168 4079//4079 4077//4077
f 4170//4170 4079//4079 4168//4168
f 4080//4080 4169//4169 4078//4078
f 4080//4080 4171//4171 4169//4169
f 4170//4170 4081//4081 4079//4079
f 4172//4172 4081//4081 4170//4170
f 4080//4080 4082//4082 4171//4171
f 4171//4171 4082//4082 4173//4173
f 4172//4172 4083//4083 4081//4081
f 4174//4174 4083//4083 4172//4172
f 4082//4082 4084//4084 4173//4173
f 4173//4173 4084//4084 4175//4175
f 4174//4174 4085//4085 4083//4083
f 4176//4176 4085//4085 4174//4174
f 4086//4086 4175//4175 4084//4084
f 4086//4086 4177//4177 4175//4175
f 4176//4176 4087//4087 4085//4085
f 4178//4178 4087//4087 4176//4176
f 4086//4086 4088//4088 4177//4177
f 4177//4177 4088//4088 4179//4179
f 4178//4178 4089//4089 4087//4087
f 4180//4180 4089//4089 4178//4178
f 4090//4090 4179//4179 4088//4088
f 4090//4090 4181//4181 4179//4179
f 4180//4180 4091//4091 4089//4089
f 4182//4182 4091//4091 4180//4180
f 4090//4090 4092//4092 4181//4181
f 4181//4181 4092//4092 4183//4183
f 4182//4182 4093//4093 4091//4091
f 4184//4184 4093//4093 4182//4182
f 4094//4094 4183//4183 4092//4092
f 4094//4094 4185//4185 4183//4183
f 4184//4184 4095//4095 4093//4093
f 4186//4186 4095//4095 4184//4184
f 4094//4094 4096//4096 4185//4185
f 4185//4185 4096//4096 4187//4187
f 4188//4188 4097//4097 4095//4095
f 4186//4186 4188//4188 4095//4095
f 4098//4098 4187//4187 4096//4096
f 4098//4098 4189//4189 4187//4187
f 4190//4190 4099//4099 4188//4188
f 4188//4188 4099//4099 4097//4097
f 4189//4189 4098//4098 4191//4191
f 4100//4100 4191//4191 4098//4098
f 4192//4192 4099//4099 4190//4190
f 4192//4192 4101//4101 4099//4099
f 4100//4100 4193//4193 4191//4191
f 4100//4100 4102//4102 4193//4193
f 4192//4192 4103//4103 4101//4101
f 4194//4194 4103//4103 4192//4192
f 4104//4104 4193//4193 4102//4102
f 4104//4104 4195//4195 4193//4193
f 4194//4194 4105//4105 4103//4103
f 4196//4196 4105//4105 4194//4194
f 4106//4106 4195//4195 4104//4104
f 4106//4106 4197//4197 4195//4195
f 4196//4196 4107//4107 4105//4105
f 4198//4198 4107//4107 4196//4196
f 4108//4108 4197//4197 4106//4106
f 4108//4108 4199//4199 4197//4197
f 4198//4198 4109//4109 4107//4107
f 4200//4200 4109//4109 4198//4198
f 4110//4110 4199//4199 4108//4108
f 4110//4110 4201//4201 4199//4199
f 4200//4200 4111//4111 4109//4109
f 4202//4202 4111//4111 4200//4200
f 4112//4112 4201//4201 4110//4110
f 4112//4112 4203//4203 4201//4201
f 4113//4113 4202//4202 4204//4204
f 4113//4113 4111//4111 4202//4202
f 4203//4203 4114//4114 4205//4205
f 4203//4203 4112//4112 4114//4114
f 4204//4204 4115//4115 4113//4113
f 4206//4206 4115//4115 4204//4204
f 4207//4207 4205//4205 4116//4116
f 4116//4116 4205//4205 4114//4114
f 4206//4206 4117//4117 4115//4115
f 4208//4208 4117//4117 4206//4206
f 4118//4118 4207//4207 4116//4116
f 4118//4118 4209//4209 4207//4207
f 4208//4208 4119//4119 4117//4117
f 4210//4210 4119//4119 4208//4208
f 4209//4209 4120//4120 4211//4211
f 4209//4209 4118//4118 4120//4120
f 4121//4121 4210//4210 4212//4212
f 4121//4121 4119//4119 4210//4210
f 4213//4213 4211//4211 4122//4122
f 4122//4122 4211//4211 4120//4120
f 4212//4212 4123//4123 4121//4121
f 4214//4214 4123//4123 4212//4212
f 4213//4213 4124//4124 4215//4215
f 4213//4213 4122//4122 4124//4124
f 4125//4125 4214//4214 4216//4216
f 4125//4125 4123//4123 4214//4214
f 4217//4217 4215//4215 4126//4126
f 4126//4126 4215//4215 4124//4124
f 4216//4216 4127//4127 4125//4125
f 4216//4216 4218//4218 4127//4127
f 4126//4126 4128//4128 4217//4217
f 4217//4217 4128//4128 4219//4219
f 4218//4218 4129//4129 4127//4127
f 4220//4220 4129//4129 4218//4218
f 4220//4220 4130//4130 4129//4129
f 4128//4128 4131//4131 4219//4219
f 4219//4219 4131//4131 4221//4221
f 4220//4220 4222//4222 4130//4130
f 4130//4130 4222//4222 4132//4132
f 4132//4132 4223//4223 4133//4133
f 4222//4222 4223//4223 4132//4132
f 4134//4134 4225//4225 4135//4135
f 4224//4224 4225//4225 4134//4134
f 4131//4131 4135//4135 4221//4221
f 4221//4221 4135//4135 4225//4225
f 4223//4223 4226//4226 4133//4133
f 4133//4133 4226//4226 4136//4136
f 4136//4136 4227//4227 4137//4137
f 4226//4226 4227//4227 4136//4136
f 4137//4137 4228//4228 4138//4138
f 4227//4227 4228//4228 4137//4137
f 4138//4138 4229//4229 4139//4139
f 4228//4228 4229//4229 4138//4138
f 4139//4139 4230//4230 4140//4140
f 4229//4229 4230//4230 4139//4139
f 4140//4140 4231//4231 4141//4141
f 4230//4230 4231//4231 4140//4140
f 4141//4141 4232//4232 4142//4142
f 4231//4231 4232//4232 4141//4141
f 4142//4142 4233//4233 4143//4143
f 4232//4232 4233//4233 4142//4142
f 4143//4143 4234//4234 4144//4144
f 4233//4233 4234//4234 4143//4143
f 4134//4134 4144//4144 4224//4224
f 4224//4224 4144//4144 4234//4234
f 4236//4236 4235//4235 4150//4150
f 4150//4150 4235//4235 4149//4149
f 4237//4237 4150//4150 4145//4145
f 4237//4237 4236//4236 4150//4150
f 4238//4238 4145//4145 4146//4146
f 4238//4238 4237//4237 4145//4145
f 4239//4239 4146//4146 4147//4147
f 4239//4239 4238//4238 4146//4146
f 4240//4240 4147//4147 4148//4148
f 4240//4240 4239//4239 4147//4147
f 4241//4241 4148//4148 4151//4151
f 4241//4241 4240//4240 4148//4148
f 4242//4242 4151//4151 4152//4152
f 4242//4242 4241//4241 4151//4151
f 4242//4242 4153//4153 4243//4243
f 4242//4242 4152//4152 4153//4153
f 4154//4154 4243//4243 4153//4153
f 4244//4244 4155//4155 4156//4156
f 4156//4156 4235//4235 4244//4244
f 4156//4156 4149//4149 4235//4235
f 4245//4245 4243//4243 4154//4154
f 4154//4154 4157//4157 4245//4245
f 4245//4245 4157//4157 4246//4246
f 4247//4247 4155//4155 4244//4244
f 4247//4247 4158//4158 4155//4155
f 4157//4157 4159//4159 4246//4246
f 4246//4246 4159//4159 4248//4248
f 4249//4249 4160//4160 4158//4158
f 4247//4247 4249//4249 4158//4158
f 4159//4159 4161//4161 4248//4248
f 4248//4248 4161//4161 4250//4250
f 4251//4251 4160//4160 4249//4249
f 4251//4251 4162//4162 4160//4160
f 4163//4163 4250//4250 4161//4161
f 4163//4163 4252//4252 4250//4250
f 4251//4251 4164//4164 4162//4162
f 4253//4253 4164//4164 4251//4251
f 4163//4163 4165//4165 4252//4252
f 4252//4252 4165//4165 4254//4254
f 4253//4253 4166//4166 4164//4164
f 4255//4255 4166//4166 4253//4253
f 4167//4167 4254//4254 4165//4165
f 4167//4167 4256//4256 4254//4254
f 4255//4255 4168//4168 4166//4166
f 4257//4257 4168//4168 4255//4255
f 4167//4167 4169//4169 4256//4256
f 4256//4256 4169//4169 4258//4258
f 4257//4257 4170//4170 4168//4168
f 4259//4259 4170//4170 4257//4257
f 4171//4171 4258//4258 4169//4169
f 4171//4171 4260//4260 4258//4258
f 4259//4259 4172//4172 4170//4170
f 4261//4261 4172//4172 4259//4259
f 4171//4171 4173//4173 4260//4260
f 4260//4260 4173//4173 4262//4262
f 4261//4261 4174//4174 4172//4172
f 4263//4263 4174//4174 4261//4261
f 4173//4173 4175//4175 4262//4262
f 4262//4262 4175//4175 4264//4264
f 4263//4263 4176//4176 4174//4174
f 4265//4265 4176//4176 4263//4263
f 4177//4177 4264//4264 4175//4175
f 4177//4177 4266//4266 4264//4264
f 4265//4265 4178//4178 4176//4176
f 4267//4267 4178//4178 4265//4265
f 4177//4177 4179//4179 4266//4266
f 4266//4266 4179//4179 4268//4268
f 4267//4267 4180//4180 4178//4178
f 4269//4269 4180//4180 4267//4267
f 4181//4181 4268//4268 4179//4179
f 4181//4181 4270//4270 4268//4268
f 4269//4269 4182//4182 4180//4180
f 4271//4271 4182//4182 4269//4269
f 4181//4181 4183//4183 4270//4270
f 4270//4270 4183//4183 4272//4272
f 4271//4271 4184//4184 4182//4182
f 4273//4273 4184//4184 4271//4271
f 4185//4185 4272//4272 4183//4183
f 4185//4185 4274//4274 4272//4272
f 4273//4273 4186//4186 4184//4184
f 4275//4275 4186//4186 4273//4273
f 4185//4185 4187//4187 4274//4274
f 4274//4274 4187//4187 4276//4276
f 4275//4275 4188//4188 4186//4186
f 4277//4277 4188//4188 4275//4275
f 4189//4189 4276//4276 4187//4187
f 4189//4189 4278//4278 4276//4276
f 4277//4277 4190//4190 4188//4188
f 4279//4279 4190//4190 4277//4277
f 4191//4191 4278//4278 4189//4189
f 4191//4191 4280//4280 4278//4278
f 4281//4281 4192//4192 4190//4190
f 4279//4279 4281//4281 4190//4190
f 4191//4191 4193//4193 4280//4280
f 4280//4280 4193//4193 4282//4282
f 4283//4283 4194//4194 4281//4281
f 4281//4281 4194//4194 4192//4192
f 4195//4195 4282//4282 4193//4193
f 4195//4195 4284//4284 4282//4282
f 4285//4285 4196//4196 4283//4283
f 4283//4283 4196//4196 4194//4194
f 4197//4197 4284//4284 4195//4195
f 4197//4197 4286//4286 4284//4284
f 4287//4287 4198//4198 4285//4285
f 4285//4285 4198//4198 4196//4196
f 4199//4199 4286//4286 4197//4197
f 4199//4199 4288//4288 4286//4286
f 4289//4289 4200//4200 4287//4287
f 4287//4287 4200//4200 4198//4198
f 4201//4201 4288//4288 4199//4199
f 4201//4201 4290//4290 4288//4288
f 4291//4291 4202//4202 4289//4289
f 4289//4289 4202//4202 4200//4200
f 4290//4290 4203//4203 4292//4292
f 4290//4290 4201//4201 4203//4203
f 4291//4291 4204//4204 4202//4202
f 4293//4293 4204//4204 4291//4291
f 4294//4294 4292//4292 4205//4205
f 4205//4205 4292//4292 4203//4203
f 4293//4293 4206//4206 4204//4204
f 4295//4295 4206//4206 4293//4293
f 4207//4207 4294//4294 4205//4205
f 4207//4207 4296//4296 4294//4294
f 4295//4295 4208//4208 4206//4206
f 4297//4297 4208//4208 4295//4295
f 4209//4209 4296//4296 4207//4207
f 4209//4209 4298//4298 4296//4296
f 4297//4297 4210//4210 4208//4208
f 4299//4299 4210//4210 4297//4297
f 4209//4209 4211//4211 4298//4298
f 4298//4298 4211//4211 4300//4300
f 4299//4299 4301//4301 4210//4210
f 4210//4210 4301//4301 4212//4212
f 4213//4213 4300//4300 4211//4211
f 4213//4213 4302//4302 4300//4300
f 4301//4301 4214//4214 4212//4212
f 4303//4303 4214//4214 4301//4301
f 4213//4213 4215//4215 4302//4302
f 4302//4302 4215//4215 4304//4304
f 4303//4303 4305//4305 4214//4214
f 4214//4214 4305//4305 4216//4216
f 4217//4217 4304//4304 4215//4215
f 4217//4217 4306//4306 4304//4304
f 4305//4305 4307//4307 4216//4216
f 4216//4216 4307//4307 4218//4218
f 4217//4217 4219//4219 4306//4306
f 4306//4306 4219//4219 4308//4308
f 4307//4307 4309//4309 4218//4218
f 4218//4218 4309//4309 4220//4220
f 4311//4311 4221//4221 4310//4310
f 4219//4219 4221//4221 4308//4308
f 4308//4308 4221//4221 4311//4311
f 4309//4309 4312//4312 4220//4220
f 4220//4220 4312//4312 4222//4222
f 4222//4222 4313//4313 4223//4223
f 4312//4312 4313//4313 4222//4222
f 4313//4313 4314//4314 4223//4223
f 4316//4316 4224//4224 4315//4315
f 4225//4225 4316//4316 4310//4310
f 4225//4225 4224//4224 4316//4316
f 4225//4225 4310//4310 4221//4221
f 4314//4314 4226//4226 4223//4223
f 4317//4317 4226//4226 4314//4314
f 4317//4317 4227//4227 4226//4226
f 4227//4227 4318//4318 4228//4228
f 4317//4317 4318//4318 4227//4227
f 4228//4228 4319//4319 4229//4229
f 4318//4318 4319//4319 4228//4228
f 4229//4229 4320//4320 4230//4230
f 4319//4319 4320//4320 4229//4229
f 4230//4230 4321//4321 4231//4231
f 4320//4320 4321//4321 4230//4230
f 4231//4231 4322//4322 4232//4232
f 4321//4321 4322//4322 4231//4231
f 4232//4232 4323//4323 4233//4233
f 4322//4322 4323//4323 4232//4232
f 4234//4234 4323//4323 4315//4315
f 4234//4234 4233//4233 4323//4323
f 4234//4234 4315//4315 4224//4224
f 4324//4324 4235//4235 4236//4236
f 4236//4236 4325//4325 4324//4324
f 4236//4236 4237//4237 4325//4325
f 4326//4326 4237//4237 4238//4238
f 4326//4326 4325//4325 4237//4237
f 4327//4327 4238//4238 4239//4239
f 4327//4327 4326//4326 4238//4238
f 4328//4328 4239//4239 4240//4240
f 4328//4328 4327//4327 4239//4239
f 4329//4329 4240//4240 4241//4241
f 4329//4329 4328//4328 4240//4240
f 4329//4329 4242//4242 4330//4330
f 4329//4329 4241//4241 4242//4242
f 4243//4243 4330//4330 4242//4242
f 4332//4332 4331//4331 4235//4235
f 4235//4235 4331//4331 4244//4244
f 4332//4332 4235//4235 4324//4324
f 4333//4333 4330//4330 4243//4243
f 4333//4333 4245//4245 4334//4334
f 4333//4333 4243//4243 4245//4245
f 4246//4246 4334//4334 4245//4245
f 4331//4331 4335//4335 4244//4244
f 4244//4244 4335//4335 4247//4247
f 4336//4336 4334//4334 4246//4246
f 4246//4246 4248//4248 4336//4336
f 4336//4336 4248//4248 4337//4337
f 4335//4335 4249//4249 4247//4247
f 4338//4338 4249//4249 4335//4335
f 4248//4248 4250//4250 4337//4337
f 4337//4337 4250//4250 4339//4339
f 4338//4338 4340//4340 4249//4249
f 4249//4249 4340//4340 4251//4251
f 4252//4252 4339//4339 4250//4250
f 4252//4252 4341//4341 4339//4339
f 4340//4340 4253//4253 4251//4251
f 4342//4342 4253//4253 4340//4340
f 4252//4252 4254//4254 4341//4341
f 4341//4341 4254//4254 4343//4343
f 4342//4342 4255//4255 4253//4253
f 4344//4344 4255//4255 4342//4342
f 4256//4256 4343//4343 4254//4254
f 4256//4256 4345//4345 4343//4343
f 4344//4344 4257//4257 4255//4255
f 4346//4346 4257//4257 4344//4344
f 4256//4256 4258//4258 4345//4345
f 4345//4345 4258//4258 4347//4347
f 4346//4346 4259//4259 4257//4257
f 4348//4348 4259//4259 4346//4346
f 4260//4260 4347//4347 4258//4258
f 4260//4260 4349//4349 4347//4347
f 4348//4348 4261//4261 4259//4259
f 4350//4350 4261//4261 4348//4348
f 4260//4260 4262//4262 4349//4349
f 4349//4349 4262//4262 4351//4351
f 4350//4350 4263//4263 4261//4261
f 4352//4352 4263//4263 4350//4350
f 4262//4262 4264//4264 4351//4351
f 4351//4351 4264//4264 4353//4353
f 4352//4352 4265//4265 4263//4263
f 4354//4354 4265//4265 4352//4352
f 4266//4266 4353//4353 4264//4264
f 4266//4266 4355//4355 4353//4353
f 4354//4354 4267//4267 4265//4265
f 4356//4356 4267//4267 4354//4354
f 4266//4266 4268//4268 4355//4355
f 4355//4355 4268//4268 4357//4357
f 4356//4356 4269//4269 4267//4267
f 4358//4358 4269//4269 4356//4356
f 4270//4270 4357//4357 4268//4268
f 4270//4270 4359//4359 4357//4357
f 4358//4358 4271//4271 4269//4269
f 4360//4360 4271//4271 4358//4358
f 4270//4270 4272//4272 4359//4359
f 4359//4359 4272//4272 4361//4361
f 4360//4360 4273//4273 4271//4271
f 4362//4362 4273//4273 4360//4360
f 4274//4274 4361//4361 4272//4272
f 4274//4274 4363//4363 4361//4361
f 4362//4362 4275//4275 4273//4273
f 4364//4364 4275//4275 4362//4362
f 4274//4274 4276//4276 4363//4363
f 4363//4363 4276//4276 4365//4365
f 4364//4364 4277//4277 4275//4275
f 4366//4366 4277//4277 4364//4364
f 4278//4278 4365//4365 4276//4276
f 4278//4278 4367//4367 4365//4365
f 4366//4366 4279//4279 4277//4277
f 4368//4368 4279//4279 4366//4366
f 4280//4280 4367//4367 4278//4278
f 4280//4280 4369//4369 4367//4367
f 4368//4368 4281//4281 4279//4279
f 4370//4370 4281//4281 4368//4368
f 4369//4369 4280//4280 4371//4371
f 4282//4282 4371//4371 4280//4280
f 4370//4370 4283//4283 4281//4281
f 4372//4372 4283//4283 4370//4370
f 4284//4284 4373//4373 4282//4282
f 4282//4282 4373//4373 4371//4371
f 4372//4372 4285//4285 4283//4283
f 4374//4374 4285//4285 4372//4372
f 4286//4286 4375//4375 4284//4284
f 4284//4284 4375//4375 4373//4373
f 4374//4374 4287//4287 4285//4285
f 4376//4376 4287//4287 4374//4374
f 4288//4288 4377//4377 4286//4286
f 4286//4286 4377//4377 4375//4375
f 4376//4376 4289//4289 4287//4287
f 4378//4378 4289//4289 4376//4376
f 4290//4290 4379//4379 4288//4288
f 4288//4288 4379//4379 4377//4377
f 4378//4378 4291//4291 4289//4289
f 4380//4380 4291//4291 4378//4378
f 4381//4381 4379//4379 4292//4292
f 4292//4292 4379//4379 4290//4290
f 4380//4380 4293//4293 4291//4291
f 4382//4382 4293//4293 4380//4380
f 4294//4294 4381//4381 4292//4292
f 4294//4294 4383//4383 4381//4381
f 4382//4382 4295//4295 4293//4293
f 4384//4384 4295//4295 4382//4382
f 4296//4296 4383//4383 4294//4294
f 4296//4296 4385//4385 4383//4383
f 4384//4384 4297//4297 4295//4295
f 4386//4386 4297//4297 4384//4384
f 4385//4385 4298//4298 4387//4387
f 4385//4385 4296//4296 4298//4298
f 4299//4299 4386//4386 4388//4388
f 4299//4299 4297//4297 4386//4386
f 4389//4389 4387//4387 4300//4300
f 4300//4300 4387//4387 4298//4298
f 4388//4388 4301//4301 4299//4299
f 4390//4390 4301//4301 4388//4388
f 4302//4302 4389//4389 4300//4300
f 4302//4302 4391//4391 4389//4389
f 4390//4390 4303//4303 4301//4301
f 4392//4392 4303//4303 4390//4390
f 4302//4302 4304//4304 4391//4391
f 4391//4391 4304//4304 4393//4393
f 4392//4392 4394//4394 4303//4303
f 4303//4303 4394//4394 4305//4305
f 4393//4393 4306//4306 4395//4395
f 4393//4393 4304//4304 4306//4306
f 4394//4394 4396//4396 4305//4305
f 4305//4305 4396//4396 4307//4307
f 4397//4397 4395//4395 4308//4308
f 4308//4308 4395//4395 4306//4306
f 4396//4396 4398//4398 4307//4307
f 4307//4307 4398//4398 4309//4309
f 4398//4398 4399//4399 4309//4309
f 4310//4310 4401//4401 4311//4311
f 4400//4400 4401//4401 4310//4310
f 4308//4308 4311//4311 4397//4397
f 4397//4397 4311//4311 4401//4401
f 4399//4399 4312//4312 4309//4309
f 4402//4402 4312//4312 4399//4399
f 4402//4402 4313//4313 4312//4312
f 4313//4313 4403//4403 4314//4314
f 4402//4402 4403//4403 4313//4313
f 4403//4403 4404//4404 4314//4314
f 4406//4406 4315//4315 4405//4405
f 4315//4315 4407//4407 4316//4316
f 4406//4406 4407//4407 4315//4315
f 4310//4310 4316//4316 4400//4400
f 4400//4400 4316//4316 4407//4407
f 4404//4404 4317//4317 4314//4314
f 4408//4408 4317//4317 4404//4404
f 4408//4408 4318//4318 4317//4317
f 4318//4318 4409//4409 4319//4319
f 4408//4408 4409//4409 4318//4318
f 4319//4319 4410//4410 4320//4320
f 4409//4409 4410//4410 4319//4319
f 4320//4320 4411//4411 4321//4321
f 4410//4410 4411//4411 4320//4320
f 4321//4321 4412//4412 4322//4322
f 4411//4411 4412//4412 4321//4321
f 4323//4323 4412//4412 4405//4405
f 4323//4323 4322//4322 4412//4412
f 4323//4323 4405//4405 4315//4315
f 4413//4413 4324//4324 4325//4325
f 4326//4326 4414//4414 4325//4325
f 4325//4325 4414//4414 4413//4413
f 4327//4327 4415//4415 4326//4326
f 4326//4326 4415//4415 4414//4414
f 4328//4328 4416//4416 4327//4327
f 4327//4327 4416//4416 4415//4415
f 4329//4329 4417//4417 4328//4328
f 4328//4328 4417//4417 4416//4416
f 4330//4330 4417//4417 4329//4329
f 4418//4418 4331//4331 4332//4332
f 4332//4332 4419//4419 4418//4418
f 4332//4332 4324//4324 4419//4419
f 4419//4419 4324//4324 4413//4413
f 4420//4420 4417//4417 4330//4330
f 4421//4421 4330//4330 4333//4333
f 4421//4421 4420//4420 4330//4330
f 4333//4333 4334//4334 4421//4421
f 4421//4421 4334//4334 4422//4422
f 4423//4423 4335//4335 4331//4331
f 4418//4418 4423//4423 4331//4331
f 4424//4424 4334//4334 4336//4336
f 4424//4424 4422//4422 4334//4334
f 4336//4336 4337//4337 4424//4424
f 4424//4424 4337//4337 4425//4425
f 4426//4426 4335//4335 4423//4423
f 4426//4426 4338//4338 4335//4335
f 4337//4337 4339//4339 4425//4425
f 4425//4425 4339//4339 4427//4427
f 4428//4428 4340//4340 4338//4338
f 4426//4426 4428//4428 4338//4338
f 4341//4341 4427//4427 4339//4339
f 4341//4341 4429//4429 4427//4427
f 4430//4430 4342//4342 4428//4428
f 4428//4428 4342//4342 4340//4340
f 4341//4341 4343//4343 4429//4429
f 4429//4429 4343//4343 4431//4431
f 4432//4432 4342//4342 4430//4430
f 4432//4432 4344//4344 4342//4342
f 4345//4345 4431//4431 4343//4343
f 4345//4345 4433//4433 4431//4431
f 4432//4432 4346//4346 4344//4344
f 4434//4434 4346//4346 4432//4432
f 4345//4345 4347//4347 4433//4433
f 4433//4433 4347//4347 4435//4435
f 4434//4434 4348//4348 4346//4346
f 4436//4436 4348//4348 4434//4434
f 4347//4347 4349//4349 4435//4435
f 4349//4349 4437//4437 4435//4435
f 4436//4436 4350//4350 4348//4348
f 4438//4438 4350//4350 4436//4436
f 4351//4351 4437//4437 4349//4349
f 4351//4351 4439//4439 4437//4437
f 4438//4438 4352//4352 4350//4350
f 4440//4440 4352//4352 4438//4438
f 4351//4351 4353//4353 4439//4439
f 4439//4439 4353//4353 4441//4441
f 4440//4440 4354//4354 4352//4352
f 4442//4442 4354//4354 4440//4440
f 4355//4355 4441//4441 4353//4353
f 4355//4355 4443//4443 4441//4441
f 4442//4442 4356//4356 4354//4354
f 4444//4444 4356//4356 4442//4442
f 4355//4355 4357//4357 4443//4443
f 4443//4443 4357//4357 4445//4445
f 4444//4444 4358//4358 4356//4356
f 4446//4446 4358//4358 4444//4444
f 4359//4359 4445//4445 4357//4357
f 4359//4359 4447//4447 4445//4445
f 4446//4446 4360//4360 4358//4358
f 4448//4448 4360//4360 4446//4446
f 4359//4359 4361//4361 4447//4447
f 4447//4447 4361//4361 4449//4449
f 4448//4448 4362//4362 4360//4360
f 4450//4450 4362//4362 4448//4448
f 4363//4363 4449//4449 4361//4361
f 4363//4363 4451//4451 4449//4449
f 4450//4450 4364//4364 4362//4362
f 4452//4452 4364//4364 4450//4450
f 4451//4451 4363//4363 4453//4453
f 4365//4365 4453//4453 4363//4363
f 4452//4452 4366//4366 4364//4364
f 4454//4454 4366//4366 4452//4452
f 4365//4365 4455//4455 4453//4453
f 4365//4365 4367//4367 4455//4455
f 4454//4454 4368//4368 4366//4366
f 4456//4456 4368//4368 4454//4454
f 4369//4369 4455//4455 4367//4367
f 4369//4369 4457//4457 4455//4455
f 4456//4456 4370//4370 4368//4368
f 4458//4458 4370//4370 4456//4456
f 4371//4371 4457//4457 4369//4369
f 4371//4371 4459//4459 4457//4457
f 4458//4458 4372//4372 4370//4370
f 4460//4460 4372//4372 4458//4458
f 4373//4373 4459//4459 4371//4371
f 4373//4373 4461//4461 4459//4459
f 4460//4460 4374//4374 4372//4372
f 4462//4462 4374//4374 4460//4460
f 4375//4375 4461//4461 4373//4373
f 4375//4375 4463//4463 4461//4461
f 4462//4462 4376//4376 4374//4374
f 4464//4464 4376//4376 4462//4462
f 4377//4377 4463//4463 4375//4375
f 4377//4377 4465//4465 4463//4463
f 4464//4464 4378//4378 4376//4376
f 4466//4466 4378//4378 4464//4464
f 4379//4379 4465//4465 4377//4377
f 4379//4379 4467//4467 4465//4465
f 4466//4466 4380//4380 4378//4378
f 4468//4468 4380//4380 4466//4466
f 4381//4381 4467//4467 4379//4379
f 4381//4381 4469//4469 4467//4467
f 4468//4468 4382//4382 4380//4380
f 4470//4470 4382//4382 4468//4468
f 4383//4383 4469//4469 4381//4381
f 4383//4383 4471//4471 4469//4469
f 4470//4470 4384//4384 4382//4382
f 4472//4472 4384//4384 4470//4470
f 4385//4385 4471//4471 4383//4383
f 4385//4385 4473//4473 4471//4471
f 4472//4472 4386//4386 4384//4384
f 4474//4474 4386//4386 4472//4472
f 4385//4385 4387//4387 4473//4473
f 4473//4473 4387//4387 4475//4475
f 4474//4474 4476//4476 4386//4386
f 4386//4386 4476//4476 4388//4388
f 4389//4389 4475//4475 4387//4387
f 4389//4389 4477//4477 4475//4475
f 4476//4476 4390//4390 4388//4388
f 4478//4478 4390//4390 4476//4476
f 4477//4477 4391//4391 4479//4479
f 4477//4477 4389//4389 4391//4391
f 4392//4392 4478//4478 4480//4480
f 4392//4392 4390//4390 4478//4478
f 4481//4481 4479//4479 4393//4393
f 4393//4393 4479//4479 4391//4391
f 4480//4480 4394//4394 4392//4392
f 4482//4482 4394//4394 4480//4480
f 4393//4393 4395//4395 4481//4481
f 4481//4481 4395//4395 4483//4483
f 4482//4482 4484//4484 4394//4394
f 4394//4394 4484//4484 4396//4396
f 4483//4483 4397//4397 4485//4485
f 4483//4483 4395//4395 4397//4397
f 4484//4484 4486//4486 4396//4396
f 4396//4396 4486//4486 4398//4398
f 4398//4398 4487//4487 4399//4399
f 4486//4486 4487//4487 4398//4398
f 4401//4401 4488//4488 4485//4485
f 4401//4401 4400//4400 4488//4488
f 4401//4401 4485//4485 4397//4397
f 4487//4487 4489//4489 4399//4399
f 4399//4399 4489//4489 4402//4402
f 4402//4402 4490//4490 4403//4403
f 4489//4489 4490//4490 4402//4402
f 4403//4403 4491//4491 4404//4404
f 4490//4490 4491//4491 4403//4403
f 4491//4491 4492//4492 4404//4404
f 4494//4494 4405//4405 4493//4493
f 4405//4405 4495//4495 4406//4406
f 4494//4494 4495//4495 4405//4405
f 4406//4406 4496//4496 4407//4407
f 4495//4495 4496//4496 4406//4406
f 4400//4400 4407//4407 4488//4488
f 4488//4488 4407//4407 4496//4496
f 4492//4492 4408//4408 4404//4404
f 4497//4497 4408//4408 4492//4492
f 4497//4497 4409//4409 4408//4408
f 4409//4409 4498//4498 4410//4410
f 4497//4497 4498//4498 4409//4409
f 4410//4410 4499//4499 4411//4411
f 4498//4498 4499//4499 4410//4410
f 4412//4412 4499//4499 4493//4493
f 4412//4412 4411//4411 4499//4499
f 4412//4412 4493//4493 4405//4405
f 4501//4501 4500//4500 4419//4419
f 4419//4419 4500//4500 4418//4418
f 4502//4502 4419//4419 4413//4413
f 4502//4502 4501//4501 4419//4419
f 4503//4503 4413//4413 4414//4414
f 4503//4503 4502//4502 4413//4413
f 4504//4504 4414//4414 4415//4415
f 4504//4504 4503//4503 4414//4414
f 4505//4505 4415//4415 4416//4416
f 4505//4505 4504//4504 4415//4415
f 4506//4506 4416//4416 4417//4417
f 4506//4506 4505//4505 4416//4416
f 4507//4507 4417//4417 4420//4420
f 4507//4507 4506//4506 4417//4417
f 4507//4507 4421//4421 4508//4508
f 4507//4507 4420//4420 4421//4421
f 4422//4422 4508//4508 4421//4421
f 4500//4500 4509//4509 4418//4418
f 4418//4418 4509//4509 4423//4423
f 4510//4510 4508//4508 4422//4422
f 4510//4510 4424//4424 4511//4511
f 4510//4510 4422//4422 4424//4424
f 4425//4425 4511//4511 4424//4424
f 4509//4509 4512//4512 4423//4423
f 4423//4423 4512//4512 4426//4426
f 4513//4513 4511//4511 4425//4425
f 4427//4427 4513//4513 4425//4425
f 4512//4512 4428//4428 4426//4426
f 4514//4514 4428//4428 4512//4512
f 4427//4427 4515//4515 4513//4513
f 4427//4427 4429//4429 4515//4515
f 4514//4514 4430//4430 4428//4428
f 4516//4516 4430//4430 4514//4514
f 4429//4429 4431//4431 4515//4515
f 4515//4515 4431//4431 4517//4517
f 4518//4518 4432//4432 4430//4430
f 4516//4516 4518//4518 4430//4430
f 4433//4433 4517//4517 4431//4431
f 4433//4433 4519//4519 4517//4517
f 4520//4520 4434//4434 4518//4518
f 4518//4518 4434//4434 4432//4432
f 4433//4433 4435//4435 4519//4519
f 4519//4519 4435//4435 4521//4521
f 4522//4522 4436//4436 4520//4520
f 4520//4520 4436//4436 4434//4434
f 4435//4435 4437//4437 4521//4521
f 4521//4521 4437//4437 4523//4523
f 4524//4524 4438//4438 4522//4522
f 4522//4522 4438//4438 4436//4436
f 4439//4439 4523//4523 4437//4437
f 4439//4439 4525//4525 4523//4523
f 4526//4526 4440//4440 4524//4524
f 4524//4524 4440//4440 4438//4438
f 4439//4439 4441//4441 4525//4525
f 4525//4525 4441//4441 4527//4527
f 4528//4528 4442//4442 4526//4526
f 4526//4526 4442//4442 4440//4440
f 4443//4443 4527//4527 4441//4441
f 4443//4443 4529//4529 4527//4527
f 4530//4530 4444//4444 4528//4528
f 4528//4528 4444//4444 4442//4442
f 4443//4443 4445//4445 4529//4529
f 4529//4529 4445//4445 4531//4531
f 4532//4532 4446//4446 4530//4530
f 4530//4530 4446//4446 4444//4444
f 4447//4447 4531//4531 4445//4445
f 4447//4447 4533//4533 4531//4531
f 4534//4534 4448//4448 4532//4532
f 4532//4532 4448//4448 4446//4446
f 4447//4447 4449//4449 4533//4533
f 4533//4533 4449//4449 4535//4535
f 4536//4536 4448//4448 4534//4534
f 4536//4536 4450//4450 4448//4448
f 4451//4451 4535//4535 4449//4449
f 4451//4451 4537//4537 4535//4535
f 4536//4536 4452//4452 4450//4450
f 4538//4538 4452//4452 4536//4536
f 4453//4453 4537//4537 4451//4451
f 4453//4453 4539//4539 4537//4537
f 4538//4538 4454//4454 4452//4452
f 4540//4540 4454//4454 4538//4538
f 4453//4453 4455//4455 4539//4539
f 4539//4539 4455//4455 4541//4541
f 4540//4540 4456//4456 4454//4454
f 4542//4542 4456//4456 4540//4540
f 4457//4457 4541//4541 4455//4455
f 4457//4457 4543//4543 4541//4541
f 4542//4542 4458//4458 4456//4456
f 4544//4544 4458//4458 4542//4542
f 4459//4459 4543//4543 4457//4457
f 4459//4459 4545//4545 4543//4543
f 4544//4544 4460//4460 4458//4458
f 4546//4546 4460//4460 4544//4544
f 4461//4461 4545//4545 4459//4459
f 4461//4461 4547//4547 4545//4545
f 4546//4546 4462//4462 4460//4460
f 4548//4548 4462//4462 4546//4546
f 4463//4463 4547//4547 4461//4461
f 4463//4463 4549//4549 4547//4547
f 4548//4548 4464//4464 4462//4462
f 4550//4550 4464//4464 4548//4548
f 4465//4465 4549//4549 4463//4463
f 4465//4465 4551//4551 4549//4549
f 4550//4550 4466//4466 4464//4464
f 4552//4552 4466//4466 4550//4550
f 4467//4467 4551//4551 4465//4465
f 4467//4467 4553//4553 4551//4551
f 4552//4552 4468//4468 4466//4466
f 4554//4554 4468//4468 4552//4552
f 4469//4469 4553//4553 4467//4467
f 4469//4469 4555//4555 4553//4553
f 4554//4554 4470//4470 4468//4468
f 4556//4556 4470//4470 4554//4554
f 4471//4471 4555//4555 4469//4469
f 4471//4471 4557//4557 4555//4555
f 4556//4556 4472//4472 4470//4470
f 4558//4558 4472//4472 4556//4556
f 4557//4557 4473//4473 4559//4559
f 4557//4557 4471//4471 4473//4473
f 4474//4474 4558//4558 4560//4560
f 4474//4474 4472//4472 4558//4558
f 4561//4561 4559//4559 4475//4475
f 4475//4475 4559//4559 4473//4473
f 4560//4560 4476//4476 4474//4474
f 4562//4562 4476//4476 4560//4560
f 4477//4477 4561//4561 4475//4475
f 4477//4477 4563//4563 4561//4561
f 4562//4562 4478//4478 4476//4476
f 4564//4564 4478//4478 4562//4562
f 4477//4477 4479//4479 4563//4563
f 4563//4563 4479//4479 4565//4565
f 4564//4564 4566//4566 4478//4478
f 4478//4478 4566//4566 4480//4480
f 4481//4481 4565//4565 4479//4479
f 4481//4481 4567//4567 4565//4565
f 4482//4482 4566//4566 4568//4568
f 4482//4482 4480//4480 4566//4566
f 4481//4481 4483//4483 4567//4567
f 4567//4567 4483//4483 4569//4569
f 4568//4568 4484//4484 4482//4482
f 4568//4568 4570//4570 4484//4484
f 4483//4483 4485//4485 4569//4569
f 4569//4569 4485//4485 4571//4571
f 4570//4570 4486//4486 4484//4484
f 4572//4572 4486//4486 4570//4570
f 4572//4572 4487//4487 4486//4486
f 4572//4572 4573//4573 4487//4487
f 4575//4575 4488//4488 4574//4574
f 4485//4485 4488//4488 4571//4571
f 4571//4571 4488//4488 4575//4575
f 4573//4573 4489//4489 4487//4487
f 4576//4576 4489//4489 4573//4573
f 4576//4576 4490//4490 4489//4489
f 4490//4490 4577//4577 4491//4491
f 4576//4576 4577//4577 4490//4490
f 4491//4491 4578//4578 4492//4492
f 4577//4577 4578//4578 4491//4491
f 4578//4578 4579//4579 4492//4492
f 4582//4582 4493//4493 4581//4581
f 4493//4493 4583//4583 4494//4494
f 4582//4582 4583//4583 4493//4493
f 4494//4494 4584//4584 4495//4495
f 4583//4583 4584//4584 4494//4494
f 4496//4496 4584//4584 4574//4574
f 4496//4496 4495//4495 4584//4584
f 4496//4496 4574//4574 4488//4488
f 4579//4579 4497//4497 4492//4492
f 4497//4497 4579//4579 4498//4498
f 4498//4498 4579//4579 4580//4580
f 4498//4498 4580//4580 4499//4499
f 4499//4499 4580//4580 4581//4581
f 4499//4499 4581//4581 4493//4493
f 4585//4585 4500//4500 4501//4501
f 4501//4501 4586//4586 4585//4585
f 4501//4501 4502//4502 4586//4586
f 4587//4587 4502//4502 4503//4503
f 4587//4587 4586//4586 4502//4502
f 4588//4588 4503//4503 4504//4504
f 4588//4588 4587//4587 4503//4503
f 4589//4589 4504//4504 4505//4505
f 4589//4589 4588//4588 4504//4504
f 4590//4590 4505//4505 4506//4506
f 4590//4590 4589//4589 4505//4505
f 4591//4591 4506//4506 4507//4507
f 4591//4591 4590//4590 4506//4506
f 4507//4507 4508//4508 4591//4591
f 4591//4591 4508//4508 4592//4592
f 4594//4594 4593//4593 4500//4500
f 4500//4500 4593//4593 4509//4509
f 4594//4594 4500//4500 4585//4585
f 4595//4595 4508//4508 4510//4510
f 4595//4595 4592//4592 4508//4508
f 4510//4510 4511//4511 4595//4595
f 4595//4595 4511//4511 4596//4596
f 4597//4597 4512//4512 4509//4509
f 4593//4593 4597//4597 4509//4509
f 4511//4511 4513//4513 4596//4596
f 4596//4596 4513//4513 4598//4598
f 4599//4599 4512//4512 4597//4597
f 4599//4599 4514//4514 4512//4512
f 4513//4513 4515//4515 4598//4598
f 4598//4598 4515//4515 4600//4600
f 4599//4599 4516//4516 4514//4514
f 4601//4601 4516//4516 4599//4599
f 4515//4515 4517//4517 4600//4600
f 4600//4600 4517//4517 4602//4602
f 4601//4601 4518//4518 4516//4516
f 4603//4603 4518//4518 4601//4601
f 4519//4519 4602//4602 4517//4517
f 4519//4519 4604//4604 4602//4602
f 4603//4603 4520//4520 4518//4518
f 4605//4605 4520//4520 4603//4603
f 4519//4519 4521//4521 4604//4604
f 4604//4604 4521//4521 4606//4606
f 4605//4605 4522//4522 4520//4520
f 4607//4607 4522//4522 4605//4605
f 4521//4521 4523//4523 4606//4606
f 4606//4606 4523//4523 4608//4608
f 4607//4607 4524//4524 4522//4522
f 4609//4609 4524//4524 4607//4607
f 4525//4525 4608//4608 4523//4523
f 4525//4525 4610//4610 4608//4608
f 4609//4609 4526//4526 4524//4524
f 4611//4611 4526//4526 4609//4609
f 4525//4525 4527//4527 4610//4610
f 4610//4610 4527//4527 4612//4612
f 4611//4611 4528//4528 4526//4526
f 4613//4613 4528//4528 4611//4611
f 4529//4529 4612//4612 4527//4527
f 4529//4529 4614//4614 4612//4612
f 4613//4613 4530//4530 4528//4528
f 4615//4615 4530//4530 4613//4613
f 4529//4529 4531//4531 4614//4614
f 4614//4614 4531//4531 4616//4616
f 4615//4615 4532//4532 4530//4530
f 4617//4617 4532//4532 4615//4615
f 4533//4533 4616//4616 4531//4531
f 4533//4533 4618//4618 4616//4616
f 4617//4617 4534//4534 4532//4532
f 4619//4619 4534//4534 4617//4617
f 4533//4533 4535//4535 4618//4618
f 4618//4618 4535//4535 4620//4620
f 4621//4621 4536//4536 4534//4534
f 4619//4619 4621//4621 4534//4534
f 4537//4537 4620//4620 4535//4535
f 4537//4537 4622//4622 4620//4620
f 4623//4623 4538//4538 4621//4621
f 4621//4621 4538//4538 4536//4536
f 4539//4539 4622//4622 4537//4537
f 4539//4539 4624//4624 4622//4622
f 4625//4625 4540//4540 4623//4623
f 4623//4623 4540//4540 4538//4538
f 4539//4539 4541//4541 4624//4624
f 4624//4624 4541//4541 4626//4626
f 4627//4627 4542//4542 4625//4625
f 4625//4625 4542//4542 4540//4540
f 4543//4543 4626//4626 4541//4541
f 4543//4543 4628//4628 4626//4626
f 4629//4629 4542//4542 4627//4627
f 4629//4629 4544//4544 4542//4542
f 4545//4545 4628//4628 4543//4543
f 4545//4545 4630//4630 4628//4628
f 4629//4629 4546//4546 4544//4544
f 4631//4631 4546//4546 4629//4629
f 4547//4547 4630//4630 4545//4545
f 4547//4547 4632//4632 4630//4630
f 4631//4631 4548//4548 4546//4546
f 4633//4633 4548//4548 4631//4631
f 4549//4549 4632//4632 4547//4547
f 4549//4549 4634//4634 4632//4632
f 4633//4633 4550//4550 4548//4548
f 4635//4635 4550//4550 4633//4633
f 4551//4551 4634//4634 4549//4549
f 4551//4551 4636//4636 4634//4634
f 4635//4635 4552//4552 4550//4550
f 4637//4637 4552//4552 4635//4635
f 4553//4553 4636//4636 4551//4551
f 4553//4553 4638//4638 4636//4636
f 4637//4637 4554//4554 4552//4552
f 4639//4639 4554//4554 4637//4637
f 4555//4555 4638//4638 4553//4553
f 4555//4555 4640//4640 4638//4638
f 4639//4639 4556//4556 4554//4554
f 4641//4641 4556//4556 4639//4639
f 4640//4640 4557//4557 4642//4642
f 4640//4640 4555//4555 4557//4557
f 4558//4558 4641//4641 4643//4643
f 4558//4558 4556//4556 4641//4641
f 4644//4644 4642//4642 4559//4559
f 4559//4559 4642//4642 4557//4557
f 4643//4643 4560//4560 4558//4558
f 4645//4645 4560//4560 4643//4643
f 4561//4561 4644//4644 4559//4559
f 4561//4561 4646//4646 4644//4644
f 4645//4645 4562//4562 4560//4560
f 4647//4647 4562//4562 4645//4645
f 4646//4646 4563//4563 4648//4648
f 4646//4646 4561//4561 4563//4563
f 4564//4564 4647//4647 4649//4649
f 4564//4564 4562//4562 4647//4647
f 4650//4650 4648//4648 4565//4565
f 4565//4565 4648//4648 4563//4563
f 4649//4649 4566//4566 4564//4564
f 4651//4651 4566//4566 4649//4649
f 4650//4650 4567//4567 4652//4652
f 4650//4650 4565//4565 4567//4567
f 4651//4651 4653//4653 4566//4566
f 4566//4566 4653//4653 4568//4568
f 4654//4654 4652//4652 4569//4569
f 4569//4569 4652//4652 4567//4567
f 4653//4653 4655//4655 4568//4568
f 4568//4568 4655//4655 4570//4570
f 4569//4569 4571//4571 4654//4654
f 4654//4654 4571//4571 4656//4656
f 4655//4655 4657//4657 4570//4570
f 4570//4570 4657//4657 4572//4572
f 4572//4572 4658//4658 4573//4573
f 4657//4657 4658//4658 4572//4572
f 4574//4574 4660//4660 4575//4575
f 4659//4659 4660//4660 4574//4574
f 4571//4571 4575//4575 4656//4656
f 4656//4656 4575//4575 4660//4660
f 4658//4658 4661//4661 4573//4573
f 4573//4573 4661//4661 4576//4576
f 4576//4576 4662//4662 4577//4577
f 4661//4661 4662//4662 4576//4576
f 4577//4577 4663//4663 4578//4578
f 4662//4662 4663//4663 4577//4577
f 4578//4578 4664//4664 4579//4579
f 4663//4663 4664//4664 4578//4578
f 4579//4579 4665//4665 4580//4580
f 4664//4664 4665//4665 4579//4579
f 4580//4580 4666//4666 4581//4581
f 4665//4665 4666//4666 4580//4580
f 4581//4581 4667//4667 4582//4582
f 4666//4666 4667//4667 4581//4581
f 4582//4582 4668//4668 4583//4583
f 4667//4667 4668//4668 4582//4582
f 4583//4583 4669//4669 4584//4584
f 4668//4668 4669//4669 4583//4583
f 4574//4574 4584//4584 4659//4659
f 4659//4659 4584//4584 4669//4669
f 4670//4670 4585//4585 4586//4586
f 4587//4587 4671//4671 4586//4586
f 4586//4586 4671//4671 4670//4670
f 4588//4588 4672//4672 4587//4587
f 4587//4587 4672//4672 4671//4671
f 4589//4589 4673//4673 4588//4588
f 4588//4588 4673//4673 4672//4672
f 4590//4590 4674//4674 4589//4589
f 4589//4589 4674//4674 4673//4673
f 4591//4591 4675//4675 4590//4590
f 4590//4590 4675//4675 4674//4674
f 4592//4592 4675//4675 4591//4591
f 4676//4676 4593//4593 4594//4594
f 4594//4594 4677//4677 4676//4676
f 4594//4594 4585//4585 4677//4677
f 4677//4677 4585//4585 4670//4670
f 4678//4678 4675//4675 4592//4592
f 4678//4678 4595//4595 4679//4679
f 4678//4678 4592//4592 4595//4595
f 4596//4596 4679//4679 4595//4595
f 4680//4680 4593//4593 4676//4676
f 4680//4680 4597//4597 4593//4593
f 4681//4681 4679//4679 4596//4596
f 4596//4596 4598//4598 4681//4681
f 4681//4681 4598//4598 4682//4682
f 4683//4683 4599//4599 4597//4597
f 4680//4680 4683//4683 4597//4597
f 4598//4598 4600//4600 4682//4682
f 4682//4682 4600//4600 4684//4684
f 4685//4685 4599//4599 4683//4683
f 4685//4685 4601//4601 4599//4599
f 4600//4600 4602//4602 4684//4684
f 4684//4684 4602//4602 4686//4686
f 4685//4685 4603//4603 4601//4601
f 4687//4687 4603//4603 4685//4685
f 4604//4604 4686//4686 4602//4602
f 4604//4604 4688//4688 4686//4686
f 4687//4687 4605//4605 4603//4603
f 4689//4689 4605//4605 4687//4687
f 4604//4604 4606//4606 4688//4688
f 4688//4688 4606//4606 4690//4690
f 4689//4689 4607//4607 4605//4605
f 4691//4691 4607//4607 4689//4689
f 4606//4606 4608//4608 4690//4690
f 4690//4690 4608//4608 4692//4692
f 4691//4691 4609//4609 4607//4607
f 4693//4693 4609//4609 4691//4691
f 4610//4610 4692//4692 4608//4608
f 4610//4610 4694//4694 4692//4692
f 4693//4693 4611//4611 4609//4609
f 4695//4695 4611//4611 4693//4693
f 4610//4610 4612//4612 4694//4694
f 4694//4694 4612//4612 4696//4696
f 4695//4695 4613//4613 4611//4611
f 4697//4697 4613//4613 4695//4695
f 4614//4614 4696//4696 4612//4612
f 4614//4614 4698//4698 4696//4696
f 4697//4697 4615//4615 4613//4613
f 4699//4699 4615//4615 4697//4697
f 4614//4614 4616//4616 4698//4698
f 4698//4698 4616//4616 4700//4700
f 4699//4699 4617//4617 4615//4615
f 4701//4701 4617//4617 4699//4699
f 4618//4618 4700//4700 4616//4616
f 4618//4618 4702//4702 4700//4700
f 4701//4701 4619//4619 4617//4617
f 4703//4703 4619//4619 4701//4701
f 4702//4702 4618//4618 4704//4704
f 4620//4620 4704//4704 4618//4618
f 4703//4703 4621//4621 4619//4619
f 4705//4705 4621//4621 4703//4703
f 4620//4620 4706//4706 4704//4704
f 4620//4620 4622//4622 4706//4706
f 4705//4705 4623//4623 4621//4621
f 4707//4707 4623//4623 4705//4705
f 4624//4624 4706//4706 4622//4622
f 4624//4624 4708//4708 4706//4706
f 4707//4707 4625//4625 4623//4623
f 4709//4709 4625//4625 4707//4707
f 4708//4708 4624//4624 4710//4710
f 4626//4626 4710//4710 4624//4624
f 4709//4709 4627//4627 4625//4625
f 4711//4711 4627//4627 4709//4709
f 4626//4626 4712//4712 4710//4710
f 4626//4626 4628//4628 4712//4712
f 4713//4713 4629//4629 4627//4627
f 4711//4711 4713//4713 4627//4627
f 4630//4630 4712//4712 4628//4628
f 4630//4630 4714//4714 4712//4712
f 4715//4715 4631//4631 4713//4713
f 4713//4713 4631//4631 4629//4629
f 4632//4632 4714//4714 4630//4630
f 4632//4632 4716//4716 4714//4714
f 4717//4717 4633//4633 4715//4715
f 4715//4715 4633//4633 4631//4631
f 4634//4634 4716//4716 4632//4632
f 4634//4634 4718//4718 4716//4716
f 4719//4719 4635//4635 4717//4717
f 4717//4717 4635//4635 4633//4633
f 4636//4636 4718//4718 4634//4634
f 4636//4636 4720//4720 4718//4718
f 4721//4721 4637//4637 4719//4719
f 4719//4719 4637//4637 4635//4635
f 4638//4638 4720//4720 4636//4636
f 4638//4638 4722//4722 4720//4720
f 4723//4723 4639//4639 4721//4721
f 4721//4721 4639//4639 4637//4637
f 4722//4722 4640//4640 4724//4724
f 4722//4722 4638//4638 4640//4640
f 4725//4725 4641//4641 4723//4723
f 4723//4723 4641//4641 4639//4639
f 4726//4726 4724//4724 4642//4642
f 4642//4642 4724//4724 4640//4640
f 4725//4725 4643//4643 4641//4641
f 4727//4727 4643//4643 4725//4725
f 4644//4644 4726//4726 4642//4642
f 4644//4644 4728//4728 4726//4726
f 4727//4727 4645//4645 4643//4643
f 4729//4729 4645//4645 4727//4727
f 4646//4646 4728//4728 4644//4644
f 4646//4646 4730//4730 4728//4728
f 4729//4729 4647//4647 4645//4645
f 4731//4731 4647//4647 4729//4729
f 4646//4646 4648//4648 4730//4730
f 4730//4730 4648//4648 4732//4732
f 4731//4731 4733//4733 4647//4647
f 4647//4647 4733//4733 4649//4649
f 4650//4650 4732//4732 4648//4648
f 4650//4650 4734//4734 4732//4732
f 4733//4733 4651//4651 4649//4649
f 4735//4735 4651//4651 4733//4733
f 4650//4650 4652//4652 4734//4734
f 4734//4734 4652//4652 4736//4736
f 4735//4735 4737//4737 4651//4651
f 4651//4651 4737//4737 4653//4653
f 4654//4654 4736//4736 4652//4652
f 4654//4654 4738//4738 4736//4736
f 4737//4737 4739//4739 4653//4653
f 4653//4653 4739//4739 4655//4655
f 4741//4741 4656//4656 4740//4740
f 4654//4654 4656//4656 4738//4738
f 4738//4738 4656//4656 4741//4741
f 4739//4739 4742//4742 4655//4655
f 4655//4655 4742//4742 4657//4657
f 4657//4657 4743//4743 4658//4658
f 4742//4742 4743//4743 4657//4657
f 4743//4743 4744//4744 4658//4658
f 4746//4746 4659//4659 4745//4745
f 4660//4660 4746//4746 4740//4740
f 4660//4660 4659//4659 4746//4746
f 4660//4660 4740//4740 4656//4656
f 4744//4744 4661//4661 4658//4658
f 4747//4747 4661//4661 4744//4744
f 4747//4747 4662//4662 4661//4661
f 4662//4662 4748//4748 4663//4663
f 4747//4747 4748//4748 4662//4662
f 4663//4663 4749//4749 4664//4664
f 4748//4748 4749//4749 4663//4663
f 4664//4664 4750//4750 4665//4665
f 4749//4749 4750//4750 4664//4664
f 4665//4665 4751//4751 4666//4666
f 4750//4750 4751//4751 4665//4665
f 4666//4666 4752//4752 4667//4667
f 4751//4751 4752//4752 4666//4666
f 4667//4667 4753//4753 4668//4668
f 4752//4752 4753//4753 4667//4667
f 4669//4669 4753//4753 4745//4745
f 4669//4669 4668//4668 4753//4753
f 4669//4669 4745//4745 4659//4659
f 4754//4754 4676//4676 4677//4677
f 4677//4677 4755//4755 4754//4754
f 4677//4677 4670//4670 4755//4755
f 4756//4756 4670//4670 4671//4671
f 4756//4756 4755//4755 4670//4670
f 4757//4757 4671//4671 4672//4672
f 4757//4757 4756//4756 4671//4671
f 4758//4758 4672//4672 4673//4673
f 4758//4758 4757//4757 4672//4672
f 4759//4759 4673//4673 4674//4674
f 4759//4759 4758//4758 4673//4673
f 4760//4760 4674//4674 4675//4675
f 4760//4760 4759//4759 4674//4674
f 4761//4761 4675//4675 4678//4678
f 4761//4761 4760//4760 4675//4675
f 4678//4678 4679//4679 4761//4761
f 4761//4761 4679//4679 4762//4762
f 4763//4763 4680//4680 4676//4676
f 4754//4754 4763//4763 4676//4676
f 4764//4764 4679//4679 4681//4681
f 4764//4764 4762//4762 4679//4679
f 4681//4681 4682//4682 4764//4764
f 4764//4764 4682//4682 4765//4765
f 4766//4766 4680//4680 4763//4763
f 4766//4766 4683//4683 4680//4680
f 4682//4682 4684//4684 4765//4765
f 4765//4765 4684//4684 4767//4767
f 4768//4768 4685//4685 4683//4683
f 4766//4766 4768//4768 4683//4683
f 4684//4684 4686//4686 4767//4767
f 4767//4767 4686//4686 4769//4769
f 4770//4770 4687//4687 4768//4768
f 4768//4768 4687//4687 4685//4685
f 4688//4688 4769//4769 4686//4686
f 4688//4688 4771//4771 4769//4769
f 4772//4772 4687//4687 4770//4770
f 4772//4772 4689//4689 4687//4687
f 4688//4688 4690//4690 4771//4771
f 4771//4771 4690//4690 4773//4773
f 4772//4772 4691//4691 4689//4689
f 4774//4774 4691//4691 4772//4772
f 4690//4690 4692//4692 4773//4773
f 4773//4773 4692//4692 4775//4775
f 4774//4774 4693//4693 4691//4691
f 4776//4776 4693//4693 4774//4774
f 4694//4694 4775//4775 4692//4692
f 4694//4694 4777//4777 4775//4775
f 4776//4776 4695//4695 4693//4693
f 4778//4778 4695//4695 4776//4776
f 4694//4694 4696//4696 4777//4777
f 4777//4777 4696//4696 4779//4779
f 4778//4778 4697//4697 4695//4695
f 4780//4780 4697//4697 4778//4778
f 4698//4698 4779//4779 4696//4696
f 4698//4698 4781//4781 4779//4779
f 4780//4780 4699//4699 4697//4697
f 4782//4782 4699//4699 4780//4780
f 4698//4698 4700//4700 4781//4781
f 4781//4781 4700//4700 4783//4783
f 4782//4782 4701//4701 4699//4699
f 4784//4784 4701//4701 4782//4782
f 4702//4702 4783//4783 4700//4700
f 4702//4702 4785//4785 4783//4783
f 4784//4784 4703//4703 4701//4701
f 4786//4786 4703//4703 4784//4784
f 4704//4704 4785//4785 4702//4702
f 4704//4704 4787//4787 4785//4785
f 4786//4786 4705//4705 4703//4703
f 4788//4788 4705//4705 4786//4786
f 4704//4704 4706//4706 4787//4787
f 4787//4787 4706//4706 4789//4789
f 4788//4788 4707//4707 4705//4705
f 4790//4790 4707//4707 4788//4788
f 4708//4708 4789//4789 4706//4706
f 4708//4708 4791//4791 4789//4789
f 4790//4790 4709//4709 4707//4707
f 4792//4792 4709//4709 4790//4790
f 4710//4710 4791//4791 4708//4708
f 4710//4710 4793//4793 4791//4791
f 4792//4792 4711//4711 4709//4709
f 4794//4794 4711//4711 4792//4792
f 4793//4793 4710//4710 4795//4795
f 4712//4712 4795//4795 4710//4710
f 4794//4794 4713//4713 4711//4711
f 4796//4796 4713//4713 4794//4794
f 4712//4712 4797//4797 4795//4795
f 4712//4712 4714//4714 4797//4797
f 4796//4796 4715//4715 4713//4713
f 4798//4798 4715//4715 4796//4796
f 4716//4716 4797//4797 4714//4714
f 4716//4716 4799//4799 4797//4797
f 4798//4798 4717//4717 4715//4715
f 4800//4800 4717//4717 4798//4798
f 4718//4718 4799//4799 4716//4716
f 4718//4718 4801//4801 4799//4799
f 4800//4800 4719//4719 4717//4717
f 4802//4802 4719//4719 4800//4800
f 4720//4720 4801//4801 4718//4718
f 4720//4720 4803//4803 4801//4801
f 4802//4802 4721//4721 4719//4719
f 4804//4804 4721//4721 4802//4802
f 4803//4803 4722//4722 4805//4805
f 4803//4803 4720//4720 4722//4722
f 4804//4804 4723//4723 4721//4721
f 4806//4806 4723//4723 4804//4804
f 4807//4807 4805//4805 4724//4724
f 4724//4724 4805//4805 4722//4722
f 4806//4806 4725//4725 4723//4723
f 4808//4808 4725//4725 4806//4806
f 4726//4726 4807//4807 4724//4724
f 4726//4726 4809//4809 4807//4807
f 4808//4808 4727//4727 4725//4725
f 4810//4810 4727//4727 4808//4808
f 4728//4728 4809//4809 4726//4726
f 4728//4728 4811//4811 4809//4809
f 4810//4810 4729//4729 4727//4727
f 4812//4812 4729//4729 4810//4810
f 4730//4730 4811//4811 4728//4728
f 4730//4730 4813//4813 4811//4811
f 4731//4731 4812//4812 4814//4814
f 4731//4731 4729//4729 4812//4812
f 4730//4730 4732//4732 4813//4813
f 4813//4813 4732//4732 4815//4815
f 4814//4814 4733//4733 4731//4731
f 4816//4816 4733//4733 4814//4814
f 4734//4734 4815//4815 4732//4732
f 4734//4734 4817//4817 4815//4815
f 4735//4735 4816//4816 4818//4818
f 4735//4735 4733//4733 4816//4816
f 4734//4734 4736//4736 4817//4817
f 4817//4817 4736//4736 4819//4819
f 4818//4818 4737//4737 4735//4735
f 4820//4820 4737//4737 4818//4818
f 4819//4819 4738//4738 4821//4821
f 4819//4819 4736//4736 4738//4738
f 4820//4820 4822//4822 4737//4737
f 4737//4737 4822//4822 4739//4739
f 4822//4822 4823//4823 4739//4739
f 4741//4741 4824//4824 4821//4821
f 4741//4741 4740//4740 4824//4824
f 4741//4741 4821//4821 4738//4738
f 4823//4823 4742//4742 4739//4739
f 4825//4825 4742//4742 4823//4823
f 4825//4825 4743//4743 4742//4742
f 4743//4743 4826//4826 4744//4744
f 4825//4825 4826//4826 4743//4743
f 4745//4745 4828//4828 4746//4746
f 4827//4827 4828//4828 4745//4745
f 4740//4740 4746//4746 4824//4824
f 4824//4824 4746//4746 4828//4828
f 4826//4826 4829//4829 4744//4744
f 4744//4744 4829//4829 4747//4747
f 4747//4747 4830//4830 4748//4748
f 4829//4829 4830//4830 4747//4747
f 4748//4748 4831//4831 4749//4749
f 4830//4830 4831//4831 4748//4748
f 4749//4749 4832//4832 4750//4750
f 4831//4831 4832//4832 4749//4749
f 4750//4750 4833//4833 4751//4751
f 4832//4832 4833//4833 4750//4750
f 4751//4751 4834//4834 4752//4752
f 4833//4833 4834//4834 4751//4751
f 4752//4752 4835//4835 4753//4753
f 4834//4834 4835//4835 4752//4752
f 4745//4745 4753//4753 4827//4827
f 4827//4827 4753//4753 4835//4835
f 4836//4836 4754//4754 4755//4755
f 4755//4755 4837//4837 4836//4836
f 4755//4755 4756//4756 4837//4837
f 4838//4838 4756//4756 4757//4757
f 4838//4838 4837//4837 4756//4756
f 4839//4839 4757//4757 4758//4758
f 4839//4839 4838//4838 4757//4757
f 4840//4840 4758//4758 4759//4759
f 4840//4840 4839//4839 4758//4758
f 4841//4841 4759//4759 4760//4760
f 4841//4841 4840//4840 4759//4759
f 4841//4841 4761//4761 4842//4842
f 4841//4841 4760//4760 4761//4761
f 4762//4762 4842//4842 4761//4761
f 4844//4844 4843//4843 4754//4754
f 4754//4754 4843//4843 4763//4763
f 4844//4844 4754//4754 4836//4836
f 4845//4845 4842//4842 4762//4762
f 4845//4845 4764//4764 4846//4846
f 4845//4845 4762//4762 4764//4764
f 4765//4765 4846//4846 4764//4764
f 4843//4843 4847//4847 4763//4763
f 4763//4763 4847//4847 4766//4766
f 4848//4848 4846//4846 4765//4765
f 4765//4765 4767//4767 4848//4848
f 4848//4848 4767//4767 4849//4849
f 4847//4847 4768//4768 4766//4766
f 4850//4850 4768//4768 4847//4847
f 4767//4767 4769//4769 4849//4849
f 4849//4849 4769//4769 4851//4851
f 4850//4850 4770//4770 4768//4768
f 4852//4852 4770//4770 4850//4850
f 4771//4771 4851//4851 4769//4769
f 4771//4771 4853//4853 4851//4851
f 4854//4854 4772//4772 4770//4770
f 4852//4852 4854//4854 4770//4770
f 4771//4771 4773//4773 4853//4853
f 4853//4853 4773//4773 4855//4855
f 4856//4856 4774//4774 4854//4854
f 4854//4854 4774//4774 4772//4772
f 4773//4773 4775//4775 4855//4855
f 4855//4855 4775//4775 4857//4857
f 4858//4858 4776//4776 4856//4856
f 4856//4856 4776//4776 4774//4774
f 4777//4777 4857//4857 4775//4775
f 4777//4777 4859//4859 4857//4857
f 4860//4860 4778//4778 4858//4858
f 4858//4858 4778//4778 4776//4776
f 4777//4777 4779//4779 4859//4859
f 4859//4859 4779//4779 4861//4861
f 4862//4862 4780//4780 4860//4860
f 4860//4860 4780//4780 4778//4778
f 4781//4781 4861//4861 4779//4779
f 4781//4781 4863//4863 4861//4861
f 4864//4864 4782//4782 4862//4862
f 4862//4862 4782//4782 4780//4780
f 4863//4863 4781//4781 4865//4865
f 4783//4783 4865//4865 4781//4781
f 4866//4866 4784//4784 4864//4864
f 4864//4864 4784//4784 4782//4782
f 4783//4783 4867//4867 4865//4865
f 4783//4783 4785//4785 4867//4867
f 4868//4868 4786//4786 4866//4866
f 4866//4866 4786//4786 4784//4784
f 4787//4787 4867//4867 4785//4785
f 4787//4787 4869//4869 4867//4867
f 4870//4870 4788//4788 4868//4868
f 4868//4868 4788//4788 4786//4786
f 4787//4787 4789//4789 4869//4869
f 4869//4869 4789//4789 4871//4871
f 4872//4872 4790//4790 4870//4870
f 4870//4870 4790//4790 4788//4788
f 4791//4791 4871//4871 4789//4789
f 4791//4791 4873//4873 4871//4871
f 4874//4874 4790//4790 4872//4872
f 4874//4874 4792//4792 4790//4790
f 4793//4793 4873//4873 4791//4791
f 4793//4793 4875//4875 4873//4873
f 4874//4874 4794//4794 4792//4792
f 4876//4876 4794//4794 4874//4874
f 4795//4795 4875//4875 4793//4793
f 4795//4795 4877//4877 4875//4875
f 4876//4876 4796//4796 4794//4794
f 4878//4878 4796//4796 4876//4876
f 4877//4877 4795//4795 4879//4879
f 4797//4797 4879//4879 4795//4795
f 4878//4878 4798//4798 4796//4796
f 4880//4880 4798//4798 4878//4878
f 4799//4799 4881//4881 4797//4797
f 4797//4797 4881//4881 4879//4879
f 4880//4880 4800//4800 4798//4798
f 4882//4882 4800//4800 4880//4880
f 4801//4801 4883//4883 4799//4799
f 4799//4799 4883//4883 4881//4881
f 4882//4882 4802//4802 4800//4800
f 4884//4884 4802//4802 4882//4882
f 4803//4803 4885//4885 4801//4801
f 4801//4801 4885//4885 4883//4883
f 4884//4884 4804//4804 4802//4802
f 4886//4886 4804//4804 4884//4884
f 4887//4887 4885//4885 4805//4805
f 4805//4805 4885//4885 4803//4803
f 4886//4886 4806//4806 4804//4804
f 4888//4888 4806//4806 4886//4886
f 4807//4807 4887//4887 4805//4805
f 4807//4807 4889//4889 4887//4887
f 4888//4888 4808//4808 4806//4806
f 4890//4890 4808//4808 4888//4888
f 4809//4809 4889//4889 4807//4807
f 4809//4809 4891//4891 4889//4889
f 4890//4890 4810//4810 4808//4808
f 4892//4892 4810//4810 4890//4890
f 4811//4811 4891//4891 4809//4809
f 4811//4811 4893//4893 4891//4891
f 4812//4812 4892//4892 4894//4894
f 4812//4812 4810//4810 4892//4892
f 4893//4893 4813//4813 4895//4895
f 4893//4893 4811//4811 4813//4813
f 4894//4894 4814//4814 4812//4812
f 4896//4896 4814//4814 4894//4894
f 4897//4897 4895//4895 4815//4815
f 4815//4815 4895//4895 4813//4813
f 4896//4896 4816//4816 4814//4814
f 4898//4898 4816//4816 4896//4896
f 4817//4817 4897//4897 4815//4815
f 4817//4817 4899//4899 4897//4897
f 4898//4898 4900//4900 4816//4816
f 4816//4816 4900//4900 4818//4818
f 4817//4817 4819//4819 4899//4899
f 4899//4899 4819//4819 4901//4901
f 4820//4820 4900//4900 4902//4902
f 4820//4820 4818//4818 4900//4900
f 4819//4819 4821//4821 4901//4901
f 4901//4901 4821//4821 4903//4903
f 4902//4902 4822//4822 4820//4820
f 4904//4904 4822//4822 4902//4902
f 4904//4904 4823//4823 4822//4822
f 4821//4821 4824//4824 4903//4903
f 4903//4903 4824//4824 4905//4905
f 4904//4904 4906//4906 4823//4823
f 4823//4823 4906//4906 4825//4825
f 4825//4825 4907//4907 4826//4826
f 4906//4906 4907//4907 4825//4825
f 4909//4909 4827//4827 4908//4908
f 4827//4827 4910//4910 4828//4828
f 4909//4909 4910//4910 4827//4827
f 4824//4824 4828//4828 4905//4905
f 4905//4905 4828//4828 4910//4910
f 4907//4907 4911//4911 4826//4826
f 4826//4826 4911//4911 4829//4829
f 4829//4829 4912//4912 4830//4830
f 4911//4911 4912//4912 4829//4829
f 4830//4830 4913//4913 4831//4831
f 4912//4912 4913//4913 4830//4830
f 4831//4831 4914//4914 4832//4832
f 4913//4913 4914//4914 4831//4831
f 4832//4832 4915//4915 4833//4833
f 4914//4914 4915//4915 4832//4832
f 4833//4833 4916//4916 4834//4834
f 4915//4915 4916//4916 4833//4833
f 4835//4835 4916//4916 4908//4908
f 4835//4835 4834//4834 4916//4916
f 4835//4835 4908//4908 4827//4827
f 4917//4917 4836//4836 4837//4837
f 4838//4838 4918//4918 4837//4837
f 4837//4837 4918//4918 4917//4917
f 4838//4838 4919//4919 4918//4918
f 4838//4838 4839//4839 4919//4919
f 4920//4920 4839//4839 4840//4840
f 4920//4920 4919//4919 4839//4839
f 4920//4920 4841//4841 4921//4921
f 4920//4920 4840//4840 4841//4841
f 4842//4842 4921//4921 4841//4841
f 4922//4922 4843//4843 4844//4844
f 4844//4844 4923//4923 4922//4922
f 4844//4844 4836//4836 4923//4923
f 4923//4923 4836//4836 4917//4917
f 4924//4924 4921//4921 4842//4842
f 4925//4925 4842//4842 4845//4845
f 4925//4925 4924//4924 4842//4842
f 4845//4845 4846//4846 4925//4925
f 4925//4925 4846//4846 4926//4926
f 4927//4927 4847//4847 4843//4843
f 4922//4922 4927//4927 4843//4843
f 4928//4928 4846//4846 4848//4848
f 4928//4928 4926//4926 4846//4846
f 4848//4848 4849//4849 4928//4928
f 4928//4928 4849//4849 4929//4929
f 4930//4930 4847//4847 4927//4927
f 4930//4930 4850//4850 4847//4847
f 4849//4849 4851//4851 4929//4929
f 4929//4929 4851//4851 4931//4931
f 4930//4930 4852//4852 4850//4850
f 4932//4932 4852//4852 4930//4930
f 4853//4853 4931//4931 4851//4851
f 4853//4853 4933//4933 4931//4931
f 4932//4932 4854//4854 4852//4852
f 4934//4934 4854//4854 4932//4932
f 4853//4853 4855//4855 4933//4933
f 4933//4933 4855//4855 4935//4935
f 4934//4934 4856//4856 4854//4854
f 4936//4936 4856//4856 4934//4934
f 4855//4855 4857//4857 4935//4935
f 4935//4935 4857//4857 4937//4937
f 4936//4936 4858//4858 4856//4856
f 4938//4938 4858//4858 4936//4936
f 4859//4859 4937//4937 4857//4857
f 4859//4859 4939//4939 4937//4937
f 4938//4938 4860//4860 4858//4858
f 4940//4940 4860//4860 4938//4938
f 4859//4859 4861//4861 4939//4939
f 4939//4939 4861//4861 4941//4941
f 4940//4940 4862//4862 4860//4860
f 4942//4942 4862//4862 4940//4940
f 4863//4863 4941//4941 4861//4861
f 4863//4863 4943//4943 4941//4941
f 4942//4942 4864//4864 4862//4862
f 4944//4944 4864//4864 4942//4942
f 4865//4865 4943//4943 4863//4863
f 4865//4865 4945//4945 4943//4943
f 4944//4944 4866//4866 4864//4864
f 4946//4946 4866//4866 4944//4944
f 4865//4865 4867//4867 4945//4945
f 4945//4945 4867//4867 4947//4947
f 4946//4946 4868//4868 4866//4866
f 4948//4948 4868//4868 4946//4946
f 4869//4869 4947//4947 4867//4867
f 4869//4869 4949//4949 4947//4947
f 4948//4948 4870//4870 4868//4868
f 4950//4950 4870//4870 4948//4948
f 4949//4949 4869//4869 4951//4951
f 4871//4871 4951//4951 4869//4869
f 4950//4950 4872//4872 4870//4870
f 4952//4952 4872//4872 4950//4950
f 4871//4871 4953//4953 4951//4951
f 4871//4871 4873//4873 4953//4953
f 4954//4954 4874//4874 4872//4872
f 4952//4952 4954//4954 4872//4872
f 4875//4875 4953//4953 4873//4873
f 4875//4875 4955//4955 4953//4953
f 4956//4956 4876//4876 4954//4954
f 4954//4954 4876//4876 4874//4874
f 4877//4877 4955//4955 4875//4875
f 4877//4877 4957//4957 4955//4955
f 4958//4958 4878//4878 4956//4956
f 4956//4956 4878//4878 4876//4876
f 4879//4879 4957//4957 4877//4877
f 4879//4879 4959//4959 4957//4957
f 4960//4960 4880//4880 4958//4958
f 4958//4958 4880//4880 4878//4878
f 4881//4881 4959//4959 4879//4879
f 4881//4881 4961//4961 4959//4959
f 4962//4962 4880//4880 4960//4960
f 4962//4962 4882//4882 4880//4880
f 4883//4883 4961//4961 4881//4881
f 4883//4883 4963//4963 4961//4961
f 4962//4962 4884//4884 4882//4882
f 4964//4964 4884//4884 4962//4962
f 4885//4885 4963//4963 4883//4883
f 4885//4885 4965//4965 4963//4963
f 4964//4964 4886//4886 4884//4884
f 4966//4966 4886//4886 4964//4964
f 4887//4887 4965//4965 4885//4885
f 4887//4887 4967//4967 4965//4965
f 4966//4966 4888//4888 4886//4886
f 4968//4968 4888//4888 4966//4966
f 4889//4889 4967//4967 4887//4887
f 4889//4889 4969//4969 4967//4967
f 4968//4968 4890//4890 4888//4888
f 4970//4970 4890//4890 4968//4968
f 4891//4891 4969//4969 4889//4889
f 4891//4891 4971//4971 4969//4969
f 4892//4892 4970//4970 4972//4972
f 4892//4892 4890//4890 4970//4970
f 4893//4893 4971//4971 4891//4891
f 4893//4893 4973//4973 4971//4971
f 4972//4972 4894//4894 4892//4892
f 4974//4974 4894//4894 4972//4972
f 4893//4893 4895//4895 4973//4973
f 4973//4973 4895//4895 4975//4975
f 4974//4974 4896//4896 4894//4894
f 4976//4976 4896//4896 4974//4974
f 4897//4897 4975//4975 4895//4895
f 4897//4897 4977//4977 4975//4975
f 4976//4976 4898//4898 4896//4896
f 4978//4978 4898//4898 4976//4976
f 4977//4977 4899//4899 4979//4979
f 4977//4977 4897//4897 4899//4899
f 4978//4978 4980//4980 4898//4898
f 4898//4898 4980//4980 4900//4900
f 4981//4981 4979//4979 4901//4901
f 4901//4901 4979//4979 4899//4899
f 4980//4980 4982//4982 4900//4900
f 4900//4900 4982//4982 4902//4902
f 4901//4901 4903//4903 4981//4981
f 4981//4981 4903//4903 4983//4983
f 4982//4982 4984//4984 4902//4902
f 4902//4902 4984//4984 4904//4904
f 4903//4903 4905//4905 4983//4983
f 4983//4983 4905//4905 4985//4985
f 4984//4984 4986//4986 4904//4904
f 4904//4904 4986//4986 4906//4906
f 4906//4906 4987//4987 4907//4907
f 4986//4986 4987//4987 4906//4906
f 4987//4987 4988//4988 4907//4907
f 4990//4990 4908//4908 4989//4989
f 4908//4908 4991//4991 4909//4909
f 4990//4990 4991//4991 4908//4908
f 4909//4909 4992//4992 4910//4910
f 4991//4991 4992//4992 4909//4909
f 4905//4905 4910//4910 4985//4985
f 4985//4985 4910//4910 4992//4992
f 4988//4988 4911//4911 4907//4907
f 4993//4993 4911//4911 4988//4988
f 4993//4993 4912//4912 4911//4911
f 4912//4912 4994//4994 4913//4913
f 4993//4993 4994//4994 4912//4912
f 4913//4913 4995//4995 4914//4914
f 4994//4994 4995//4995 4913//4913
f 4914//4914 4996//4996 4915//4915
f 4995//4995 4996//4996 4914//4914
f 4916//4916 4996//4996 4989//4989
f 4916//4916 4915//4915 4996//4996
f 4916//4916 4989//4989 4908//4908
f 4997//4997 4918//4918 4919//4919
f 4920//4920 4998//4998 4919//4919
f 4919//4919 4998//4998 4997//4997
f 4921//4921 4998//4998 4920//4920
f 5000//5000 4999//4999 4923//4923
f 4923//4923 4999//4999 4922//4922
f 5001//5001 4923//4923 4917//4917
f 5001//5001 5000//5000 4923//4923
f 5002//5002 4917//4917 4918//4918
f 5002//5002 5001//5001 4917//4917
f 5002//5002 4918//4918 4997//4997
f 5003//5003 4998//4998 4921//4921
f 5004//5004 4921//4921 4924//4924
f 5004//5004 5003//5003 4921//4921
f 5005//5005 4924//4924 4925//4925
f 5005//5005 5004//5004 4924//4924
f 4925//4925 4926//4926 5005//5005
f 5005//5005 4926//4926 5006//5006
f 4999//4999 5007//5007 4922//4922
f 4922//4922 5007//5007 4927//4927
f 5006//5006 4928//4928 5008//5008
f 5006//5006 4926//4926 4928//4928
f 4929//4929 5008//5008 4928//4928
f 5009//5009 4930//4930 4927//4927
f 5007//5007 5009//5009 4927//4927
f 5010//5010 5008//5008 4929//4929
f 4929//4929 4931//4931 5010//5010
f 5010//5010 4931//4931 5011//5011
f 5012//5012 4930//4930 5009//5009
f 5012//5012 4932//4932 4930//4930
f 4933//4933 5011//5011 4931//4931
f 4933//4933 5013//5013 5011//5011
f 5012//5012 4934//4934 4932//4932
f 5014//5014 4934//4934 5012//5012
f 4933//4933 4935//4935 5013//5013
f 5013//5013 4935//4935 5015//5015
f 5014//5014 4936//4936 4934//4934
f 5016//5016 4936//4936 5014//5014
f 4935//4935 4937//4937 5015//5015
f 5015//5015 4937//4937 5017//5017
f 5016//5016 4938//4938 4936//4936
f 5018//5018 4938//4938 5016//5016
f 4939//4939 5017//5017 4937//4937
f 4939//4939 5019//5019 5017//5017
f 5018//5018 4940//4940 4938//4938
f 5020//5020 4940//4940 5018//5018
f 4939//4939 4941//4941 5019//5019
f 5019//5019 4941//4941 5021//5021
f 5020//5020 4942//4942 4940//4940
f 5022//5022 4942//4942 5020//5020
f 4943//4943 5021//5021 4941//4941
f 4943//4943 5023//5023 5021//5021
f 5022//5022 4944//4944 4942//4942
f 5024//5024 4944//4944 5022//5022
f 4945//4945 5023//5023 4943//4943
f 4945//4945 5025//5025 5023//5023
f 5024//5024 4946//4946 4944//4944
f 5026//5026 4946//4946 5024//5024
f 4945//4945 4947//4947 5025//5025
f 5025//5025 4947//4947 5027//5027
f 5026//5026 4948//4948 4946//4946
f 5028//5028 4948//4948 5026//5026
f 4949//4949 5027//5027 4947//4947
f 4949//4949 5029//5029 5027//5027
f 5028//5028 4950//4950 4948//4948
f 5030//5030 4950//4950 5028//5028
f 4951//4951 5029//5029 4949//4949
f 4951//4951 5031//5031 5029//5029
f 5030//5030 4952//4952 4950//4950
f 5032//5032 4952//4952 5030//5030
f 4951//4951 4953//4953 5031//5031
f 5031//5031 4953//4953 5033//5033
f 5032//5032 4954//4954 4952//4952
f 5034//5034 4954//4954 5032//5032
f 4955//4955 5033//5033 4953//4953
f 4955//4955 5035//5035 5033//5033
f 5034//5034 4956//4956 4954//4954
f 5036//5036 4956//4956 5034//5034
f 4957//4957 5035//5035 4955//4955
f 4957//4957 5037//5037 5035//5035
f 5036//5036 4958//4958 4956//4956
f 5038//5038 4958//4958 5036//5036
f 4959//4959 5037//5037 4957//4957
f 4959//4959 5039//5039 5037//5037
f 5038//5038 4960//4960 4958//4958
f 5040//5040 4960//4960 5038//5038
f 4961//4961 5039//5039 4959//4959
f 4961//4961 5041//5041 5039//5039
f 5042//5042 4962//4962 4960//4960
f 5040//5040 5042//5042 4960//4960
f 4963//4963 5041//5041 4961//4961
f 4963//4963 5043//5043 5041//5041
f 5044//5044 4964//4964 5042//5042
f 5042//5042 4964//4964 4962//4962
f 4965//4965 5043//5043 4963//4963
f 4965//4965 5045//5045 5043//5043
f 5046//5046 4966//4966 5044//5044
f 5044//5044 4966//4966 4964//4964
f 4967//4967 5045//5045 4965//4965
f 4967//4967 5047//5047 5045//5045
f 5048//5048 4968//4968 5046//5046
f 5046//5046 4968//4968 4966//4966
f 4969//4969 5047//5047 4967//4967
f 4969//4969 5049//5049 5047//5047
f 5050//5050 4970//4970 5048//5048
f 5048//5048 4970//4970 4968//4968
f 4971//4971 5049//5049 4969//4969
f 4971//4971 5051//5051 5049//5049
f 5050//5050 4972//4972 4970//4970
f 5052//5052 4972//4972 5050//5050
f 5051//5051 4973//4973 5053//5053
f 5051//5051 4971//4971 4973//4973
f 5052//5052 4974//4974 4972//4972
f 5054//5054 4974//4974 5052//5052
f 5055//5055 5053//5053 4975//4975
f 4975//4975 5053//5053 4973//4973
f 5054//5054 4976//4976 4974//4974
f 5056//5056 4976//4976 5054//5054
f 4977//4977 5055//5055 4975//4975
f 4977//4977 5057//5057 5055//5055
f 4978//4978 5056//5056 5058//5058
f 4978//4978 4976//4976 5056//5056
f 4977//4977 4979//4979 5057//5057
f 5057//5057 4979//4979 5059//5059
f 5058//5058 4980//4980 4978//4978
f 5060//5060 4980//4980 5058//5058
f 4981//4981 5059//5059 4979//4979
f 4981//4981 5061//5061 5059//5059
f 5060//5060 5062//5062 4980//4980
f 4980//4980 5062//5062 4982//4982
f 4981//4981 4983//4983 5061//5061
f 5061//5061 4983//4983 5063//5063
f 5062//5062 5064//5064 4982//4982
f 4982//4982 5064//5064 4984//4984
f 5064//5064 5065//5065 4984//4984
f 5067//5067 4985//4985 5066//5066
f 4983//4983 4985//4985 5063//5063
f 5063//5063 4985//4985 5067//5067
f 5065//5065 4986//4986 4984//4984
f 5068//5068 4986//4986 5065//5065
f 5068//5068 4987//4987 4986//4986
f 4987//4987 5069//5069 4988//4988
f 5068//5068 5069//5069 4987//4987
f 5069//5069 5070//5070 4988//4988
f 5072//5072 4989//4989 5071//5071
f 4989//4989 5073//5073 4990//4990
f 5072//5072 5073//5073 4989//4989
f 4990//4990 5074//5074 4991//4991
f 5073//5073 5074//5074 4990//4990
f 4992//4992 5074//5074 5066//5066
f 4992//4992 4991//4991 5074//5074
f 4992//4992 5066//5066 4985//4985
f 5070//5070 4993//4993 4988//4988
f 5075//5075 4993//4993 5070//5070
f 5075//5075 4994//4994 4993//4993
f 4994//4994 5076//5076 4995//4995
f 5075//5075 5076//5076 4994//4994
f 4996//4996 5076//5076 5071//5071
f 4996//4996 4995//4995 5076//5076
f 4996//4996 5071//5071 4989//4989
f 5077//5077 4999//4999 5000//5000
f 5000//5000 5078//5078 5077//5077
f 5000//5000 5001//5001 5078//5078
f 5079//5079 5001//5001 5002//5002
f 5079//5079 5078//5078 5001//5001
f 5080//5080 5002//5002 4997//4997
f 5080//5080 5079//5079 5002//5002
f 5081//5081 4997//4997 4998//4998
f 5081//5081 5080//5080 4997//4997
f 5082//5082 4998//4998 5003//5003
f 5082//5082 5081//5081 4998//4998
f 5083//5083 5003//5003 5004//5004
f 5083//5083 5082//5082 5003//5003
f 5083//5083 5005//5005 5084//5084
f 5083//5083 5004//5004 5005//5005
f 5006//5006 5084//5084 5005//5005
f 5085//5085 5007//5007 4999//4999
f 5077//5077 5085//5085 4999//4999
f 5086//5086 5084//5084 5006//5006
f 5006//5006 5008//5008 5086//5086
f 5086//5086 5008//5008 5087//5087
f 5088//5088 5007//5007 5085//5085
f 5088//5088 5009//5009 5007//5007
f 5087//5087 5010//5010 5089//5089
f 5087//5087 5008//5008 5010//5010
f 5011//5011 5089//5089 5010//5010
f 5090//5090 5012//5012 5009//5009
f 5088//5088 5090//5090 5009//5009
f 5011//5011 5091//5091 5089//5089
f 5011//5011 5013//5013 5091//5091
f 5092//5092 5014//5014 5090//5090
f 5090//5090 5014//5014 5012//5012
f 5013//5013 5015//5015 5091//5091
f 5091//5091 5015//5015 5093//5093
f 5094//5094 5014//5014 5092//5092
f 5094//5094 5016//5016 5014//5014
f 5015//5015 5017//5017 5093//5093
f 5093//5093 5017//5017 5095//5095
f 5094//5094 5018//5018 5016//5016
f 5096//5096 5018//5018 5094//5094
f 5019//5019 5095//5095 5017//5017
f 5019//5019 5097//5097 5095//5095
f 5096//5096 5020//5020 5018//5018
f 5098//5098 5020//5020 5096//5096
f 5019//5019 5021//5021 5097//5097
f 5097//5097 5021//5021 5099//5099
f 5098//5098 5022//5022 5020//5020
f 5100//5100 5022//5022 5098//5098
f 5023//5023 5099//5099 5021//5021
f 5023//5023 5101//5101 5099//5099
f 5100//5100 5024//5024 5022//5022
f 5102//5102 5024//5024 5100//5100
f 5025//5025 5101//5101 5023//5023
f 5025//5025 5103//5103 5101//5101
f 5102//5102 5026//5026 5024//5024
f 5104//5104 5026//5026 5102//5102
f 5025//5025 5027//5027 5103//5103
f 5103//5103 5027//5027 5105//5105
f 5104//5104 5028//5028 5026//5026
f 5106//5106 5028//5028 5104//5104
f 5029//5029 5105//5105 5027//5027
f 5029//5029 5107//5107 5105//5105
f 5106//5106 5030//5030 5028//5028
f 5108//5108 5030//5030 5106//5106
f 5031//5031 5107//5107 5029//5029
f 5031//5031 5109//5109 5107//5107
f 5108//5108 5032//5032 5030//5030
f 5110//5110 5032//5032 5108//5108
f 5031//5031 5033//5033 5109//5109
f 5109//5109 5033//5033 5111//5111
f 5110//5110 5034//5034 5032//5032
f 5112//5112 5034//5034 5110//5110
f 5035//5035 5111//5111 5033//5033
f 5035//5035 5113//5113 5111//5111
f 5112//5112 5036//5036 5034//5034
f 5114//5114 5036//5036 5112//5112
f 5037//5037 5113//5113 5035//5035
f 5037//5037 5115//5115 5113//5113
f 5114//5114 5038//5038 5036//5036
f 5116//5116 5038//5038 5114//5114
f 5039//5039 5115//5115 5037//5037
f 5039//5039 5117//5117 5115//5115
f 5116//5116 5040//5040 5038//5038
f 5118//5118 5040//5040 5116//5116
f 5041//5041 5117//5117 5039//5039
f 5041//5041 5119//5119 5117//5117
f 5118//5118 5042//5042 5040//5040
f 5120//5120 5042//5042 5118//5118
f 5043//5043 5119//5119 5041//5041
f 5043//5043 5121//5121 5119//5119
f 5120//5120 5044//5044 5042//5042
f 5122//5122 5044//5044 5120//5120
f 5045//5045 5121//5121 5043//5043
f 5045//5045 5123//5123 5121//5121
f 5122//5122 5046//5046 5044//5044
f 5124//5124 5046//5046 5122//5122
f 5047//5047 5123//5123 5045//5045
f 5047//5047 5125//5125 5123//5123
f 5124//5124 5048//5048 5046//5046
f 5126//5126 5048//5048 5124//5124
f 5049//5049 5125//5125 5047//5047
f 5049//5049 5127//5127 5125//5125
f 5126//5126 5050//5050 5048//5048
f 5128//5128 5050//5050 5126//5126
f 5051//5051 5127//5127 5049//5049
f 5051//5051 5129//5129 5127//5127
f 5128//5128 5052//5052 5050//5050
f 5130//5130 5052//5052 5128//5128
f 5051//5051 5053//5053 5129//5129
f 5129//5129 5053//5053 5131//5131
f 5130//5130 5054//5054 5052//5052
f 5132//5132 5054//5054 5130//5130
f 5055//5055 5131//5131 5053//5053
f 5055//5055 5133//5133 5131//5131
f 5056//5056 5132//5132 5134//5134
f 5056//5056 5054//5054 5132//5132
f 5057//5057 5133//5133 5055//5055
f 5057//5057 5135//5135 5133//5133
f 5134//5134 5058//5058 5056//5056
f 5136//5136 5058//5058 5134//5134
f 5057//5057 5059//5059 5135//5135
f 5135//5135 5059//5059 5137//5137
f 5136//5136 5060//5060 5058//5058
f 5138//5138 5060//5060 5136//5136
f 5061//5061 5137//5137 5059//5059
f 5061//5061 5139//5139 5137//5137
f 5138//5138 5140//5140 5060//5060
f 5060//5060 5140//5140 5062//5062
f 5061//5061 5063//5063 5139//5139
f 5139//5139 5063//5063 5141//5141
f 5140//5140 5142//5142 5062//5062
f 5062//5062 5142//5142 5064//5064
f 5064//5064 5143//5143 5065//5065
f 5142//5142 5143//5143 5064//5064
f 5066//5066 5145//5145 5067//5067
f 5144//5144 5145//5145 5066//5066
f 5063//5063 5067//5067 5141//5141
f 5141//5141 5067//5067 5145//5145
f 5143//5143 5146//5146 5065//5065
f 5065//5065 5146//5146 5068//5068
f 5068//5068 5147//5147 5069//5069
f 5146//5146 5147//5147 5068//5068
f 5069//5069 5148//5148 5070//5070
f 5147//5147 5148//5148 5069//5069
f 5148//5148 5149//5149 5070//5070
f 5151//5151 5071//5071 5150//5150
f 5071//5071 5152//5152 5072//5072
f 5151//5151 5152//5152 5071//5071
f 5072//5072 5153//5153 5073//5073
f 5152//5152 5153//5153 5072//5072
f 5073//5073 5154//5154 5074//5074
f 5153//5153 5154//5154 5073//5073
f 5066//5066 5074//5074 5144//5144
f 5144//5144 5074//5074 5154//5154
f 5149//5149 5075//5075 5070//5070
f 5075//5075 5149//5149 5076//5076
f 5076//5076 5149//5149 5150//5150
f 5076//5076 5150//5150 5071//5071
f 5155//5155 5077//5077 5078//5078
f 5079//5079 5156//5156 5078//5078
f 5078//5078 5156//5156 5155//5155
f 5079//5079 5157//5157 5156//5156
f 5079//5079 5080//5080 5157//5157
f 5158//5158 5080//5080 5081//5081
f 5158//5158 5157//5157 5080//5080
f 5159//5159 5081//5081 5082//5082
f 5159//5159 5158//5158 5081//5081
f 5159//5159 5083//5083 5160//5160
f 5159//5159 5082//5082 5083//5083
f 5084//5084 5160//5160 5083//5083
f 5162//5162 5161//5161 5077//5077
f 5077//5077 5161//5161 5085//5085
f 5162//5162 5077//5077 5155//5155
f 5163//5163 5160//5160 5084//5084
f 5164//5164 5084//5084 5086//5086
f 5164//5164 5163//5163 5084//5084
f 5086//5086 5087//5087 5164//5164
f 5164//5164 5087//5087 5165//5165
f 5161//5161 5166//5166 5085//5085
f 5085//5085 5166//5166 5088//5088
f 5087//5087 5089//5089 5165//5165
f 5165//5165 5089//5089 5167//5167
f 5166//5166 5090//5090 5088//5088
f 5168//5168 5090//5090 5166//5166
f 5089//5089 5091//5091 5167//5167
f 5167//5167 5091//5091 5169//5169
f 5168//5168 5092//5092 5090//5090
f 5170//5170 5092//5092 5168//5168
f 5091//5091 5093//5093 5169//5169
f 5169//5169 5093//5093 5171//5171
f 5172//5172 5094//5094 5092//5092
f 5170//5170 5172//5172 5092//5092
f 5171//5171 5093//5093 5173//5173
f 5095//5095 5173//5173 5093//5093
f 5174//5174 5096//5096 5172//5172
f 5172//5172 5096//5096 5094//5094
f 5095//5095 5175//5175 5173//5173
f 5095//5095 5097//5097 5175//5175
f 5176//5176 5098//5098 5174//5174
f 5174//5174 5098//5098 5096//5096
f 5175//5175 5097//5097 5177//5177
f 5099//5099 5177//5177 5097//5097
f 5178//5178 5100//5100 5176//5176
f 5176//5176 5100//5100 5098//5098
f 5099//5099 5179//5179 5177//5177
f 5099//5099 5101//5101 5179//5179
f 5180//5180 5102//5102 5178//5178
f 5178//5178 5102//5102 5100//5100
f 5103//5103 5179//5179 5101//5101
f 5103//5103 5181//5181 5179//5179
f 5182//5182 5104//5104 5180//5180
f 5180//5180 5104//5104 5102//5102
f 5103//5103 5105//5105 5181//5181
f 5181//5181 5105//5105 5183//5183
f 5184//5184 5106//5106 5182//5182
f 5182//5182 5106//5106 5104//5104
f 5107//5107 5183//5183 5105//5105
f 5107//5107 5185//5185 5183//5183
f 5186//5186 5108//5108 5184//5184
f 5184//5184 5108//5108 5106//5106
f 5109//5109 5185//5185 5107//5107
f 5109//5109 5187//5187 5185//5185
f 5188//5188 5110//5110 5186//5186
f 5186//5186 5110//5110 5108//5108
f 5187//5187 5109//5109 5189//5189
f 5111//5111 5189//5189 5109//5109
f 5190//5190 5112//5112 5188//5188
f 5188//5188 5112//5112 5110//5110
f 5111//5111 5191//5191 5189//5189
f 5111//5111 5113//5113 5191//5191
f 5192//5192 5114//5114 5190//5190
f 5190//5190 5114//5114 5112//5112
f 5115//5115 5191//5191 5113//5113
f 5115//5115 5193//5193 5191//5191
f 5194//5194 5116//5116 5192//5192
f 5192//5192 5116//5116 5114//5114
f 5117//5117 5193//5193 5115//5115
f 5117//5117 5195//5195 5193//5193
f 5196//5196 5116//5116 5194//5194
f 5196//5196 5118//5118 5116//5116
f 5119//5119 5195//5195 5117//5117
f 5119//5119 5197//5197 5195//5195
f 5196//5196 5120//5120 5118//5118
f 5198//5198 5120//5120 5196//5196
f 5121//5121 5197//5197 5119//5119
f 5121//5121 5199//5199 5197//5197
f 5198//5198 5122//5122 5120//5120
f 5200//5200 5122//5122 5198//5198
f 5123//5123 5199//5199 5121//5121
f 5123//5123 5201//5201 5199//5199
f 5200//5200 5124//5124 5122//5122
f 5202//5202 5124//5124 5200//5200
f 5125//5125 5201//5201 5123//5123
f 5125//5125 5203//5203 5201//5201
f 5202//5202 5126//5126 5124//5124
f 5204//5204 5126//5126 5202//5202
f 5127//5127 5203//5203 5125//5125
f 5127//5127 5205//5205 5203//5203
f 5204//5204 5128//5128 5126//5126
f 5206//5206 5128//5128 5204//5204
f 5205//5205 5129//5129 5207//5207
f 5205//5205 5127//5127 5129//5129
f 5206//5206 5130//5130 5128//5128
f 5208//5208 5130//5130 5206//5206
f 5209//5209 5207//5207 5131//5131
f 5131//5131 5207//5207 5129//5129
f 5132//5132 5208//5208 5210//5210
f 5132//5132 5130//5130 5208//5208
f 5133//5133 5209//5209 5131//5131
f 5133//5133 5211//5211 5209//5209
f 5210//5210 5134//5134 5132//5132
f 5212//5212 5134//5134 5210//5210
f 5135//5135 5211//5211 5133//5133
f 5135//5135 5213//5213 5211//5211
f 5212//5212 5136//5136 5134//5134
f 5214//5214 5136//5136 5212//5212
f 5135//5135 5137//5137 5213//5213
f 5213//5213 5137//5137 5215//5215
f 5138//5138 5214//5214 5216//5216
f 5138//5138 5136//5136 5214//5214
f 5215//5215 5139//5139 5217//5217
f 5215//5215 5137//5137 5139//5139
f 5216//5216 5140//5140 5138//5138
f 5216//5216 5218//5218 5140//5140
f 5141//5141 5219//5219 5217//5217
f 5141//5141 5217//5217 5139//5139
f 5218//5218 5142//5142 5140//5140
f 5220//5220 5142//5142 5218//5218
f 5220//5220 5143//5143 5142//5142
f 5220//5220 5221//5221 5143//5143
f 5223//5223 5144//5144 5222//5222
f 5145//5145 5223//5223 5219//5219
f 5145//5145 5144//5144 5223//5223
f 5145//5145 5219//5219 5141//5141
f 5221//5221 5146//5146 5143//5143
f 5224//5224 5146//5146 5221//5221
f 5224//5224 5147//5147 5146//5146
f 5147//5147 5225//5225 5148//5148
f 5224//5224 5225//5225 5147//5147
f 5148//5148 5226//5226 5149//5149
f 5225//5225 5226//5226 5148//5148
f 5149//5149 5227//5227 5150//5150
f 5226//5226 5227//5227 5149//5149
f 5150//5150 5228//5228 5151//5151
f 5227//5227 5228//5228 5150//5150
f 5151//5151 5229//5229 5152//5152
f 5228//5228 5229//5229 5151//5151
f 5152//5152 5230//5230 5153//5153
f 5229//5229 5230//5230 5152//5152
f 5154//5154 5230//5230 5222//5222
f 5154//5154 5153//5153 5230//5230
f 5154//5154 5222//5222 5144//5144
f 5231//5231 5156//5156 5157//5157
f 5158//5158 5232//5232 5157//5157
f 5157//5157 5232//5232 5231//5231
f 5159//5159 5233//5233 5158//5158
f 5158//5158 5233//5233 5232//5232
f 5160//5160 5233//5233 5159//5159
f 5234//5234 5161//5161 5162//5162
f 5162//5162 5235//5235 5234//5234
f 5162//5162 5155//5155 5235//5235
f 5236//5236 5155//5155 5156//5156
f 5236//5236 5235//5235 5155//5155
f 5236//5236 5156//5156 5231//5231
f 5237//5237 5233//5233 5160//5160
f 5238//5238 5160//5160 5163//5163
f 5238//5238 5237//5237 5160//5160
f 5238//5238 5164//5164 5239//5239
f 5238//5238 5163//5163 5164//5164
f 5165//5165 5239//5239 5164//5164
f 5240//5240 5166//5166 5161//5161
f 5234//5234 5240//5240 5161//5161
f 5241//5241 5239//5239 5165//5165
f 5165//5165 5167//5167 5241//5241
f 5241//5241 5167//5167 5242//5242
f 5243//5243 5166//5166 5240//5240
f 5243//5243 5168//5168 5166//5166
f 5167//5167 5169//5169 5242//5242
f 5242//5242 5169//5169 5244//5244
f 5243//5243 5170//5170 5168//5168
f 5245//5245 5170//5170 5243//5243
f 5169//5169 5171//5171 5244//5244
f 5244//5244 5171//5171 5246//5246
f 5245//5245 5172//5172 5170//5170
f 5247//5247 5172//5172 5245//5245
f 5173//5173 5246//5246 5171//5171
f 5173//5173 5248//5248 5246//5246
f 5247//5247 5174//5174 5172//5172
f 5249//5249 5174//5174 5247//5247
f 5173//5173 5175//5175 5248//5248
f 5248//5248 5175//5175 5250//5250
f 5249//5249 5176//5176 5174//5174
f 5251//5251 5176//5176 5249//5249
f 5177//5177 5250//5250 5175//5175
f 5177//5177 5252//5252 5250//5250
f 5251//5251 5178//5178 5176//5176
f 5253//5253 5178//5178 5251//5251
f 5177//5177 5179//5179 5252//5252
f 5252//5252 5179//5179 5254//5254
f 5253//5253 5180//5180 5178//5178
f 5255//5255 5180//5180 5253//5253
f 5181//5181 5254//5254 5179//5179
f 5181//5181 5256//5256 5254//5254
f 5255//5255 5182//5182 5180//5180
f 5257//5257 5182//5182 5255//5255
f 5181//5181 5183//5183 5256//5256
f 5256//5256 5183//5183 5258//5258
f 5257//5257 5184//5184 5182//5182
f 5259//5259 5184//5184 5257//5257
f 5185//5185 5258//5258 5183//5183
f 5185//5185 5260//5260 5258//5258
f 5259//5259 5186//5186 5184//5184
f 5261//5261 5186//5186 5259//5259
f 5187//5187 5260//5260 5185//5185
f 5187//5187 5262//5262 5260//5260
f 5261//5261 5188//5188 5186//5186
f 5263//5263 5188//5188 5261//5261
f 5189//5189 5262//5262 5187//5187
f 5189//5189 5264//5264 5262//5262
f 5263//5263 5190//5190 5188//5188
f 5265//5265 5190//5190 5263//5263
f 5189//5189 5191//5191 5264//5264
f 5264//5264 5191//5191 5266//5266
f 5265//5265 5192//5192 5190//5190
f 5267//5267 5192//5192 5265//5265
f 5193//5193 5266//5266 5191//5191
f 5193//5193 5268//5268 5266//5266
f 5267//5267 5194//5194 5192//5192
f 5269//5269 5194//5194 5267//5267
f 5195//5195 5268//5268 5193//5193
f 5195//5195 5270//5270 5268//5268
f 5271//5271 5196//5196 5194//5194
f 5269//5269 5271//5271 5194//5194
f 5197//5197 5270//5270 5195//5195
f 5197//5197 5272//5272 5270//5270
f 5273//5273 5198//5198 5271//5271
f 5271//5271 5198//5198 5196//5196
f 5199//5199 5272//5272 5197//5197
f 5199//5199 5274//5274 5272//5272
f 5275//5275 5200//5200 5273//5273
f 5273//5273 5200//5200 5198//5198
f 5201//5201 5274//5274 5199//5199
f 5201//5201 5276//5276 5274//5274
f 5277//5277 5200//5200 5275//5275
f 5277//5277 5202//5202 5200//5200
f 5203//5203 5276//5276 5201//5201
f 5203//5203 5278//5278 5276//5276
f 5277//5277 5204//5204 5202//5202
f 5279//5279 5204//5204 5277//5277
f 5205//5205 5278//5278 5203//5203
f 5205//5205 5280//5280 5278//5278
f 5279//5279 5206//5206 5204//5204
f 5281//5281 5206//5206 5279//5279
f 5205//5205 5207//5207 5280//5280
f 5280//5280 5207//5207 5282//5282
f 5208//5208 5281//5281 5283//5283
f 5208//5208 5206//5206 5281//5281
f 5209//5209 5282//5282 5207//5207
f 5209//5209 5284//5284 5282//5282
f 5283//5283 5210//5210 5208//5208
f 5285//5285 5210//5210 5283//5283
f 5211//5211 5284//5284 5209//5209
f 5211//5211 5286//5286 5284//5284
f 5285//5285 5212//5212 5210//5210
f 5287//5287 5212//5212 5285//5285
f 5286//5286 5213//5213 5288//5288
f 5286//5286 5211//5211 5213//5213
f 5287//5287 5214//5214 5212//5212
f 5289//5289 5214//5214 5287//5287
f 5290//5290 5288//5288 5215//5215
f 5215//5215 5288//5288 5213//5213
f 5289//5289 5291//5291 5214//5214
f 5214//5214 5291//5291 5216//5216
f 5215//5215 5217//5217 5290//5290
f 5290//5290 5217//5217 5292//5292
f 5291//5291 5293//5293 5216//5216
f 5216//5216 5293//5293 5218//5218
f 5217//5217 5219//5219 5292//5292
f 5292//5292 5219//5219 5294//5294
f 5293//5293 5295//5295 5218//5218
f 5218//5218 5295//5295 5220//5220
f 5220//5220 5296//5296 5221//5221
f 5295//5295 5296//5296 5220//5220
f 5222//5222 5298//5298 5223//5223
f 5297//5297 5298//5298 5222//5222
f 5219//5219 5223//5223 5294//5294
f 5294//5294 5223//5223 5298//5298
f 5296//5296 5299//5299 5221//5221
f 5221//5221 5299//5299 5224//5224
f 5224//5224 5300//5300 5225//5225
f 5299//5299 5300//5300 5224//5224
f 5225//5225 5301//5301 5226//5226
f 5300//5300 5301//5301 5225//5225
f 5226//5226 5302//5302 5227//5227
f 5301//5301 5302//5302 5226//5226
f 5227//5227 5303//5303 5228//5228
f 5302//5302 5303//5303 5227//5227
f 5228//5228 5304//5304 5229//5229
f 5303//5303 5304//5304 5228//5228
f 5229//5229 5305//5305 5230//5230
f 5304//5304 5305//5305 5229//5229
f 5222//5222 5230//5230 5297//5297
f 5297//5297 5230//5230 5305//5305
f 5306//5306 5234//5234 5235//5235
f 5235//5235 5307//5307 5306//5306
f 5235//5235 5236//5236 5307//5307
f 5308//5308 5236//5236 5231//5231
f 5308//5308 5307//5307 5236//5236
f 5309//5309 5231//5231 5232//5232
f 5309//5309 5308//5308 5231//5231
f 5310//5310 5232//5232 5233//5233
f 5310//5310 5309//5309 5232//5232
f 5311//5311 5233//5233 5237//5237
f 5311//5311 5310//5310 5233//5233
f 5312//5312 5237//5237 5238//5238
f 5312//5312 5311//5311 5237//5237
f 5238//5238 5239//5239 5312//5312
f 5312//5312 5239//5239 5313//5313
f 5315//5315 5314//5314 5234//5234
f 5234//5234 5314//5314 5240//5240
f 5315//5315 5234//5234 5306//5306
f 5316//5316 5239//5239 5241//5241
f 5316//5316 5313//5313 5239//5239
f 5241//5241 5242//5242 5316//5316
f 5316//5316 5242//5242 5317//5317
f 5314//5314 5318//5318 5240//5240
f 5240//5240 5318//5318 5243//5243
f 5242//5242 5244//5244 5317//5317
f 5317//5317 5244//5244 5319//5319
f 5318//5318 5245//5245 5243//5243
f 5320//5320 5245//5245 5318//5318
f 5244//5244 5246//5246 5319//5319
f 5319//5319 5246//5246 5321//5321
f 5320//5320 5247//5247 5245//5245
f 5322//5322 5247//5247 5320//5320
f 5248//5248 5321//5321 5246//5246
f 5248//5248 5323//5323 5321//5321
f 5322//5322 5249//5249 5247//5247
f 5324//5324 5249//5249 5322//5322
f 5248//5248 5250//5250 5323//5323
f 5323//5323 5250//5250 5325//5325
f 5324//5324 5251//5251 5249//5249
f 5326//5326 5251//5251 5324//5324
f 5252//5252 5325//5325 5250//5250
f 5252//5252 5327//5327 5325//5325
f 5326//5326 5253//5253 5251//5251
f 5328//5328 5253//5253 5326//5326
f 5252//5252 5254//5254 5327//5327
f 5327//5327 5254//5254 5329//5329
f 5328//5328 5255//5255 5253//5253
f 5330//5330 5255//5255 5328//5328
f 5256//5256 5329//5329 5254//5254
f 5256//5256 5331//5331 5329//5329
f 5330//5330 5257//5257 5255//5255
f 5332//5332 5257//5257 5330//5330
f 5331//5331 5256//5256 5333//5333
f 5258//5258 5333//5333 5256//5256
f 5332//5332 5259//5259 5257//5257
f 5334//5334 5259//5259 5332//5332
f 5258//5258 5335//5335 5333//5333
f 5258//5258 5260//5260 5335//5335
f 5334//5334 5261//5261 5259//5259
f 5336//5336 5261//5261 5334//5334
f 5262//5262 5335//5335 5260//5260
f 5262//5262 5337//5337 5335//5335
f 5336//5336 5263//5263 5261//5261
f 5338//5338 5263//5263 5336//5336
f 5264//5264 5337//5337 5262//5262
f 5264//5264 5339//5339 5337//5337
f 5338//5338 5265//5265 5263//5263
f 5340//5340 5265//5265 5338//5338
f 5339//5339 5264//5264 5341//5341
f 5266//5266 5341//5341 5264//5264
f 5340//5340 5267//5267 5265//5265
f 5342//5342 5267//5267 5340//5340
f 5266//5266 5343//5343 5341//5341
f 5266//5266 5268//5268 5343//5343
f 5342//5342 5269//5269 5267//5267
f 5344//5344 5269//5269 5342//5342
f 5270//5270 5343//5343 5268//5268
f 5270//5270 5345//5345 5343//5343
f 5344//5344 5271//5271 5269//5269
f 5346//5346 5271//5271 5344//5344
f 5272//5272 5345//5345 5270//5270
f 5272//5272 5347//5347 5345//5345
f 5346//5346 5273//5273 5271//5271
f 5348//5348 5273//5273 5346//5346
f 5274//5274 5347//5347 5272//5272
f 5274//5274 5349//5349 5347//5347
f 5348//5348 5275//5275 5273//5273
f 5350//5350 5275//5275 5348//5348
f 5276//5276 5349//5349 5274//5274
f 5276//5276 5351//5351 5349//5349
f 5352//5352 5277//5277 5275//5275
f 5350//5350 5352//5352 5275//5275
f 5278//5278 5351//5351 5276//5276
f 5278//5278 5353//5353 5351//5351
f 5354//5354 5279//5279 5352//5352
f 5352//5352 5279//5279 5277//5277
f 5353//5353 5280//5280 5355//5355
f 5353//5353 5278//5278 5280//5280
f 5356//5356 5281//5281 5354//5354
f 5354//5354 5281//5281 5279//5279
f 5357//5357 5355//5355 5282//5282
f 5282//5282 5355//5355 5280//5280
f 5356//5356 5283//5283 5281//5281
f 5358//5358 5283//5283 5356//5356
f 5284//5284 5357//5357 5282//5282
f 5284//5284 5359//5359 5357//5357
f 5358//5358 5285//5285 5283//5283
f 5360//5360 5285//5285 5358//5358
f 5286//5286 5359//5359 5284//5284
f 5286//5286 5361//5361 5359//5359
f 5360//5360 5287//5287 5285//5285
f 5362//5362 5287//5287 5360//5360
f 5286//5286 5288//5288 5361//5361
f 5361//5361 5288//5288 5363//5363
f 5289//5289 5362//5362 5364//5364
f 5289//5289 5287//5287 5362//5362
f 5290//5290 5363//5363 5288//5288
f 5290//5290 5365//5365 5363//5363
f 5364//5364 5291//5291 5289//5289
f 5366//5366 5291//5291 5364//5364
f 5290//5290 5292//5292 5365//5365
f 5365//5365 5292//5292 5367//5367
f 5366//5366 5368//5368 5291//5291
f 5291//5291 5368//5368 5293//5293
f 5292//5292 5294//5294 5367//5367
f 5367//5367 5294//5294 5369//5369
f 5368//5368 5370//5370 5293//5293
f 5293//5293 5370//5370 5295//5295
f 5295//5295 5371//5371 5296//5296
f 5370//5370 5371//5371 5295//5295
f 5371//5371 5372//5372 5296//5296
f 5374//5374 5297//5297 5373//5373
f 5297//5297 5375//5375 5298//5298
f 5374//5374 5375//5375 5297//5297
f 5294//5294 5298//5298 5369//5369
f 5369//5369 5298//5298 5375//5375
f 5372//5372 5299//5299 5296//5296
f 5376//5376 5299//5299 5372//5372
f 5376//5376 5300//5300 5299//5299
f 5300//5300 5377//5377 5301//5301
f 5376//5376 5377//5377 5300//5300
f 5301//5301 5378//5378 5302//5302
f 5377//5377 5378//5378 5301//5301
f 5302//5302 5379//5379 5303//5303
f 5378//5378 5379//5379 5302//5302
f 5303//5303 5380//5380 5304//5304
f 5379//5379 5380//5380 5303//5303
f 5305//5305 5380//5380 5373//5373
f 5305//5305 5304//5304 5380//5380
f 5305//5305 5373//5373 5297//5297
f 5381//5381 5306//5306 5307//5307
f 5307//5307 5382//5382 5381//5381
f 5307//5307 5308//5308 5382//5382
f 5383//5383 5308//5308 5309//5309
f 5383//5383 5382//5382 5308//5308
f 5384//5384 5309//5309 5310//5310
f 5384//5384 5383//5383 5309//5309
f 5385//5385 5310//5310 5311//5311
f 5385//5385 5384//5384 5310//5310
f 5385//5385 5312//5312 5386//5386
f 5385//5385 5311//5311 5312//5312
f 5313//5313 5386//5386 5312//5312
f 5388//5388 5387//5387 5315//5315
f 5315//5315 5387//5387 5314//5314
f 5389//5389 5315//5315 5306//5306
f 5389//5389 5388//5388 5315//5315
f 5389//5389 5306//5306 5381//5381
f 5390//5390 5386//5386 5313//5313
f 5390//5390 5316//5316 5391//5391
f 5390//5390 5313//5313 5316//5316
f 5317//5317 5391//5391 5316//5316
f 5392//5392 5318//5318 5314//5314
f 5387//5387 5392//5392 5314//5314
f 5393//5393 5391//5391 5317//5317
f 5317//5317 5319//5319 5393//5393
f 5393//5393 5319//5319 5394//5394
f 5395//5395 5318//5318 5392//5392
f 5395//5395 5320//5320 5318//5318
f 5319//5319 5321//5321 5394//5394
f 5394//5394 5321//5321 5396//5396
f 5395//5395 5322//5322 5320//5320
f 5397//5397 5322//5322 5395//5395
f 5323//5323 5396//5396 5321//5321
f 5323//5323 5398//5398 5396//5396
f 5397//5397 5324//5324 5322//5322
f 5399//5399 5324//5324 5397//5397
f 5323//5323 5325//5325 5398//5398
f 5398//5398 5325//5325 5400//5400
f 5399//5399 5326//5326 5324//5324
f 5401//5401 5326//5326 5399//5399
f 5327//5327 5400//5400 5325//5325
f 5327//5327 5402//5402 5400//5400
f 5401//5401 5328//5328 5326//5326
f 5403//5403 5328//5328 5401//5401
f 5327//5327 5329//5329 5402//5402
f 5402//5402 5329//5329 5404//5404
f 5403//5403 5330//5330 5328//5328
f 5405//5405 5330//5330 5403//5403
f 5331//5331 5404//5404 5329//5329
f 5331//5331 5406//5406 5404//5404
f 5405//5405 5332//5332 5330//5330
f 5407//5407 5332//5332 5405//5405
f 5333//5333 5406//5406 5331//5331
f 5333//5333 5408//5408 5406//5406
f 5407//5407 5334//5334 5332//5332
f 5409//5409 5334//5334 5407//5407
f 5333//5333 5335//5335 5408//5408
f 5408//5408 5335//5335 5410//5410
f 5409//5409 5336//5336 5334//5334
f 5411//5411 5336//5336 5409//5409
f 5337//5337 5410//5410 5335//5335
f 5337//5337 5412//5412 5410//5410
f 5411//5411 5338//5338 5336//5336
f 5413//5413 5338//5338 5411//5411
f 5339//5339 5412//5412 5337//5337
f 5339//5339 5414//5414 5412//5412
f 5413//5413 5340//5340 5338//5338
f 5415//5415 5340//5340 5413//5413
f 5341//5341 5414//5414 5339//5339
f 5341//5341 5416//5416 5414//5414
f 5415//5415 5342//5342 5340//5340
f 5417//5417 5342//5342 5415//5415
f 5416//5416 5341//5341 5418//5418
f 5343//5343 5418//5418 5341//5341
f 5417//5417 5344//5344 5342//5342
f 5419//5419 5344//5344 5417//5417
f 5343//5343 5420//5420 5418//5418
f 5343//5343 5345//5345 5420//5420
f 5419//5419 5346//5346 5344//5344
f 5421//5421 5346//5346 5419//5419
f 5347//5347 5420//5420 5345//5345
f 5347//5347 5422//5422 5420//5420
f 5421//5421 5348//5348 5346//5346
f 5423//5423 5348//5348 5421//5421
f 5349//5349 5422//5422 5347//5347
f 5349//5349 5424//5424 5422//5422
f 5423//5423 5350//5350 5348//5348
f 5425//5425 5350//5350 5423//5423
f 5351//5351 5424//5424 5349//5349
f 5351//5351 5426//5426 5424//5424
f 5425//5425 5352//5352 5350//5350
f 5427//5427 5352//5352 5425//5425
f 5426//5426 5353//5353 5428//5428
f 5426//5426 5351//5351 5353//5353
f 5427//5427 5354//5354 5352//5352
f 5429//5429 5354//5354 5427//5427
f 5430//5430 5428//5428 5355//5355
f 5355//5355 5428//5428 5353//5353
f 5429//5429 5356//5356 5354//5354
f 5431//5431 5356//5356 5429//5429
f 5357//5357 5430//5430 5355//5355
f 5357//5357 5432//5432 5430//5430
f 5431//5431 5358//5358 5356//5356
f 5433//5433 5358//5358 5431//5431
f 5359//5359 5432//5432 5357//5357
f 5359//5359 5434//5434 5432//5432
f 5433//5433 5360//5360 5358//5358
f 5435//5435 5360//5360 5433//5433
f 5361//5361 5434//5434 5359//5359
f 5361//5361 5436//5436 5434//5434
f 5362//5362 5435//5435 5437//5437
f 5362//5362 5360//5360 5435//5435
f 5361//5361 5363//5363 5436//5436
f 5436//5436 5363//5363 5438//5438
f 5437//5437 5364//5364 5362//5362
f 5439//5439 5364//5364 5437//5437
f 5365//5365 5438//5438 5363//5363
f 5365//5365 5440//5440 5438//5438
f 5366//5366 5439//5439 5441//5441
f 5366//5366 5364//5364 5439//5439
f 5365//5365 5367//5367 5440//5440
f 5440//5440 5367//5367 5442//5442
f 5441//5441 5368//5368 5366//5366
f 5441//5441 5443//5443 5368//5368
f 5445//5445 5369//5369 5444//5444
f 5367//5367 5369//5369 5442//5442
f 5442//5442 5369//5369 5445//5445
f 5443//5443 5370//5370 5368//5368
f 5446//5446 5370//5370 5443//5443
f 5446//5446 5371//5371 5370//5370
f 5371//5371 5447//5447 5372//5372
f 5446//5446 5447//5447 5371//5371
f 5447//5447 5448//5448 5372//5372
f 5450//5450 5373//5373 5449//5449
f 5373//5373 5451//5451 5374//5374
f 5450//5450 5451//5451 5373//5373
f 5375//5375 5451//5451 5444//5444
f 5375//5375 5374//5374 5451//5451
f 5375//5375 5444//5444 5369//5369
f 5448//5448 5376//5376 5372//5372
f 5452//5452 5376//5376 5448//5448
f 5452//5452 5377//5377 5376//5376
f 5377//5377 5453//5453 5378//5378
f 5452//5452 5453//5453 5377//5377
f 5378//5378 5454//5454 5379//5379
f 5453//5453 5454//5454 5378//5378
f 5380//5380 5454//5454 5449//5449
f 5380//5380 5379//5379 5454//5454
f 5380//5380 5449//5449 5373//5373
f 5455//5455 5381//5381 5382//5382
f 5383//5383 5456//5456 5382//5382
f 5382//5382 5456//5456 5455//5455
f 5384//5384 5457//5457 5383//5383
f 5383//5383 5457//5457 5456//5456
f 5385//5385 5458//5458 5384//5384
f 5384//5384 5458//5458 5457//5457
f 5386//5386 5458//5458 5385//5385
f 5459//5459 5387//5387 5388//5388
f 5388//5388 5460//5460 5459//5459
f 5388//5388 5389//5389 5460//5460
f 5461//5461 5389//5389 5381//5381
f 5461//5461 5460//5460 5389//5389
f 5461//5461 5381//5381 5455//5455
f 5462//5462 5458//5458 5386//5386
f 5463//5463 5386//5386 5390//5390
f 5463//5463 5462//5462 5386//5386
f 5390//5390 5391//5391 5463//5463
f 5463//5463 5391//5391 5464//5464
f 5465//5465 5387//5387 5459//5459
f 5465//5465 5392//5392 5387//5387
f 5466//5466 5391//5391 5393//5393
f 5466//5466 5464//5464 5391//5391
f 5393//5393 5394//5394 5466//5466
f 5466//5466 5394//5394 5467//5467
f 5465//5465 5468//5468 5392//5392
f 5392//5392 5468//5468 5395//5395
f 5467//5467 5394//5394 5469//5469
f 5396//5396 5469//5469 5394//5394
f 5468//5468 5397//5397 5395//5395
f 5470//5470 5397//5397 5468//5468
f 5396//5396 5471//5471 5469//5469
f 5396//5396 5398//5398 5471//5471
f 5470//5470 5399//5399 5397//5397
f 5472//5472 5399//5399 5470//5470
f 5398//5398 5400//5400 5471//5471
f 5471//5471 5400//5400 5473//5473
f 5472//5472 5401//5401 5399//5399
f 5474//5474 5401//5401 5472//5472
f 5402//5402 5473//5473 5400//5400
f 5402//5402 5475//5475 5473//5473
f 5474//5474 5403//5403 5401//5401
f 5476//5476 5403//5403 5474//5474
f 5402//5402 5404//5404 5475//5475
f 5475//5475 5404//5404 5477//5477
f 5476//5476 5405//5405 5403//5403
f 5478//5478 5405//5405 5476//5476
f 5406//5406 5477//5477 5404//5404
f 5406//5406 5479//5479 5477//5477
f 5478//5478 5407//5407 5405//5405
f 5480//5480 5407//5407 5478//5478
f 5408//5408 5479//5479 5406//5406
f 5408//5408 5481//5481 5479//5479
f 5480//5480 5409//5409 5407//5407
f 5482//5482 5409//5409 5480//5480
f 5481//5481 5408//5408 5483//5483
f 5410//5410 5483//5483 5408//5408
f 5482//5482 5411//5411 5409//5409
f 5484//5484 5411//5411 5482//5482
f 5410//5410 5485//5485 5483//5483
f 5410//5410 5412//5412 5485//5485
f 5484//5484 5413//5413 5411//5411
f 5486//5486 5413//5413 5484//5484
f 5414//5414 5485//5485 5412//5412
f 5414//5414 5487//5487 5485//5485
f 5486//5486 5415//5415 5413//5413
f 5488//5488 5415//5415 5486//5486
f 5416//5416 5487//5487 5414//5414
f 5416//5416 5489//5489 5487//5487
f 5488//5488 5417//5417 5415//5415
f 5490//5490 5417//5417 5488//5488
f 5418//5418 5489//5489 5416//5416
f 5418//5418 5491//5491 5489//5489
f 5490//5490 5419//5419 5417//5417
f 5492//5492 5419//5419 5490//5490
f 5491//5491 5418//5418 5493//5493
f 5420//5420 5493//5493 5418//5418
f 5492//5492 5421//5421 5419//5419
f 5494//5494 5421//5421 5492//5492
f 5422//5422 5495//5495 5420//5420
f 5420//5420 5495//5495 5493//5493
f 5494//5494 5423//5423 5421//5421
f 5496//5496 5423//5423 5494//5494
f 5424//5424 5497//5497 5422//5422
f 5422//5422 5497//5497 5495//5495
f 5496//5496 5425//5425 5423//5423
f 5498//5498 5425//5425 5496//5496
f 5426//5426 5499//5499 5424//5424
f 5424//5424 5499//5499 5497//5497
f 5498//5498 5427//5427 5425//5425
f 5500//5500 5427//5427 5498//5498
f 5501//5501 5499//5499 5428//5428
f 5428//5428 5499//5499 5426//5426
f 5500//5500 5429//5429 5427//5427
f 5502//5502 5429//5429 5500//5500
f 5430//5430 5501//5501 5428//5428
f 5430//5430 5503//5503 5501//5501
f 5502//5502 5431//5431 5429//5429
f 5504//5504 5431//5431 5502//5502
f 5432//5432 5503//5503 5430//5430
f 5432//5432 5505//5505 5503//5503
f 5504//5504 5433//5433 5431//5431
f 5506//5506 5433//5433 5504//5504
f 5434//5434 5505//5505 5432//5432
f 5434//5434 5507//5507 5505//5505
f 5506//5506 5435//5435 5433//5433
f 5508//5508 5435//5435 5506//5506
f 5507//5507 5436//5436 5509//5509
f 5507//5507 5434//5434 5436//5436
f 5508//5508 5510//5510 5435//5435
f 5435//5435 5510//5510 5437//5437
f 5511//5511 5509//5509 5438//5438
f 5438//5438 5509//5509 5436//5436
f 5510//5510 5439//5439 5437//5437
f 5512//5512 5439//5439 5510//5510
f 5511//5511 5440//5440 5513//5513
f 5511//5511 5438//5438 5440//5440
f 5512//5512 5514//5514 5439//5439
f 5439//5439 5514//5514 5441//5441
f 5442//5442 5515//5515 5513//5513
f 5442//5442 5513//5513 5440//5440
f 5514//5514 5516//5516 5441//5441
f 5441//5441 5516//5516 5443//5443
f 5445//5445 5517//5517 5515//5515
f 5445//5445 5444//5444 5517//5517
f 5445//5445 5515//5515 5442//5442
f 5516//5516 5518//5518 5443//5443
f 5443//5443 5518//5518 5446//5446
f 5446//5446 5519//5519 5447//5447
f 5518//5518 5519//5519 5446//5446
f 5447//5447 5520//5520 5448//5448
f 5519//5519 5520//5520 5447//5447
f 5520//5520 5521//5521 5448//5448
f 5524//5524 5449//5449 5523//5523
f 5449//5449 5525//5525 5450//5450
f 5524//5524 5525//5525 5449//5449
f 5450//5450 5526//5526 5451//5451
f 5525//5525 5526//5526 5450//5450
f 5444//5444 5451//5451 5517//5517
f 5517//5517 5451//5451 5526//5526
f 5521//5521 5452//5452 5448//5448
f 5452//5452 5521//5521 5453//5453
f 5453//5453 5521//5521 5522//5522
f 5453//5453 5522//5522 5454//5454
f 5454//5454 5522//5522 5523//5523
f 5454//5454 5523//5523 5449//5449
f 5527//5527 5459//5459 5460//5460
f 5460//5460 5528//5528 5527//5527
f 5460//5460 5461//5461 5528//5528
f 5529//5529 5461//5461 5455//5455
f 5529//5529 5528//5528 5461//5461
f 5530//5530 5455//5455 5456//5456
f 5530//5530 5529//5529 5455//5455
f 5531//5531 5456//5456 5457//5457
f 5531//5531 5530//5530 5456//5456
f 5532//5532 5457//5457 5458//5458
f 5532//5532 5531//5531 5457//5457
f 5533//5533 5458//5458 5462//5462
f 5533//5533 5532//5532 5458//5458
f 5533//5533 5463//5463 5534//5534
f 5533//5533 5462//5462 5463//5463
f 5464//5464 5534//5534 5463//5463
f 5536//5536 5535//5535 5459//5459
f 5459//5459 5535//5535 5465//5465
f 5536//5536 5459//5459 5527//5527
f 5537//5537 5534//5534 5464//5464
f 5537//5537 5466//5466 5538//5538
f 5537//5537 5464//5464 5466//5466
f 5467//5467 5538//5538 5466//5466
f 5539//5539 5468//5468 5465//5465
f 5535//5535 5539//5539 5465//5465
f 5467//5467 5540//5540 5538//5538
f 5467//5467 5469//5469 5540//5540
f 5541//5541 5468//5468 5539//5539
f 5541//5541 5470//5470 5468//5468
f 5469//5469 5471//5471 5540//5540
f 5540//5540 5471//5471 5542//5542
f 5541//5541 5472//5472 5470//5470
f 5543//5543 5472//5472 5541//5541
f 5471//5471 5473//5473 5542//5542
f 5542//5542 5473//5473 5544//5544
f 5543//5543 5474//5474 5472//5472
f 5545//5545 5474//5474 5543//5543
f 5475//5475 5544//5544 5473//5473
f 5475//5475 5546//5546 5544//5544
f 5545//5545 5476//5476 5474//5474
f 5547//5547 5476//5476 5545//5545
f 5546//5546 5475//5475 5548//5548
f 5477//5477 5548//5548 5475//5475
f 5547//5547 5478//5478 5476//5476
f 5549//5549 5478//5478 5547//5547
f 5477//5477 5550//5550 5548//5548
f 5477//5477 5479//5479 5550//5550
f 5549//5549 5480//5480 5478//5478
f 5551//5551 5480//5480 5549//5549
f 5481//5481 5550//5550 5479//5479
f 5481//5481 5552//5552 5550//5550
f 5551//5551 5482//5482 5480//5480
f 5553//5553 5482//5482 5551//5551
f 5483//5483 5552//5552 5481//5481
f 5483//5483 5554//5554 5552//5552
f 5553//5553 5484//5484 5482//5482
f 5555//5555 5484//5484 5553//5553
f 5483//5483 5485//5485 5554//5554
f 5554//5554 5485//5485 5556//5556
f 5555//5555 5486//5486 5484//5484
f 5557//5557 5486//5486 5555//5555
f 5487//5487 5556//5556 5485//5485
f 5487//5487 5558//5558 5556//5556
f 5488//5488 5557//5557 5559//5559
f 5488//5488 5486//5486 5557//5557
f 5489//5489 5558//5558 5487//5487
f 5489//5489 5560//5560 5558//5558
f 5561//5561 5490//5490 5559//5559
f 5559//5559 5490//5490 5488//5488
f 5491//5491 5560//5560 5489//5489
f 5491//5491 5562//5562 5560//5560
f 5563//5563 5492//5492 5561//5561
f 5561//5561 5492//5492 5490//5490
f 5493//5493 5562//5562 5491//5491
f 5493//5493 5564//5564 5562//5562
f 5565//5565 5494//5494 5563//5563
f 5563//5563 5494//5494 5492//5492
f 5495//5495 5564//5564 5493//5493
f 5495//5495 5566//5566 5564//5564
f 5567//5567 5494//5494 5565//5565
f 5567//5567 5496//5496 5494//5494
f 5497//5497 5566//5566 5495//5495
f 5497//5497 5568//5568 5566//5566
f 5567//5567 5498//5498 5496//5496
f 5569//5569 5498//5498 5567//5567
f 5499//5499 5568//5568 5497//5497
f 5499//5499 5570//5570 5568//5568
f 5569//5569 5500//5500 5498//5498
f 5571//5571 5500//5500 5569//5569
f 5501//5501 5570//5570 5499//5499
f 5501//5501 5572//5572 5570//5570
f 5571//5571 5502//5502 5500//5500
f 5573//5573 5502//5502 5571//5571
f 5503//5503 5572//5572 5501//5501
f 5503//5503 5574//5574 5572//5572
f 5573//5573 5504//5504 5502//5502
f 5575//5575 5504//5504 5573//5573
f 5505//5505 5574//5574 5503//5503
f 5505//5505 5576//5576 5574//5574
f 5506//5506 5575//5575 5577//5577
f 5506//5506 5504//5504 5575//5575
f 5507//5507 5576//5576 5505//5505
f 5507//5507 5578//5578 5576//5576
f 5579//5579 5508//5508 5577//5577
f 5577//5577 5508//5508 5506//5506
f 5507//5507 5509//5509 5578//5578
f 5578//5578 5509//5509 5580//5580
f 5579//5579 5510//5510 5508//5508
f 5581//5581 5510//5510 5579//5579
f 5511//5511 5580//5580 5509//5509
f 5511//5511 5582//5582 5580//5580
f 5512//5512 5581//5581 5583//5583
f 5512//5512 5510//5510 5581//5581
f 5511//5511 5513//5513 5582//5582
f 5582//5582 5513//5513 5584//5584
f 5583//5583 5514//5514 5512//5512
f 5585//5585 5514//5514 5583//5583
f 5513//5513 5515//5515 5584//5584
f 5584//5584 5515//5515 5586//5586
f 5585//5585 5587//5587 5514//5514
f 5514//5514 5587//5587 5516//5516
f 5587//5587 5588//5588 5516//5516
f 5590//5590 5517//5517 5589//5589
f 5515//5515 5517//5517 5586//5586
f 5586//5586 5517//5517 5590//5590
f 5588//5588 5518//5518 5516//5516
f 5591//5591 5518//5518 5588//5588
f 5591//5591 5519//5519 5518//5518
f 5519//5519 5592//5592 5520//5520
f 5591//5591 5592//5592 5519//5519
f 5520//5520 5593//5593 5521//5521
f 5592//5592 5593//5593 5520//5520
f 5521//5521 5594//5594 5522//5522
f 5593//5593 5594//5594 5521//5521
f 5522//5522 5595//5595 5523//5523
f 5594//5594 5595//5595 5522//5522
f 5523//5523 5596//5596 5524//5524
f 5595//5595 5596//5596 5523//5523
f 5524//5524 5597//5597 5525//5525
f 5596//5596 5597//5597 5524//5524
f 5526//5526 5597//5597 5589//5589
f 5526//5526 5525//5525 5597//5597
f 5526//5526 5589//5589 5517//5517
f 5598//5598 5527//5527 5528//5528
f 5528//5528 5599//5599 5598//5598
f 5528//5528 5529//5529 5599//5599
f 5600//5600 5529//5529 5530//5530
f 5600//5600 5599//5599 5529//5529
f 5601//5601 5530//5530 5531//5531
f 5601//5601 5600//5600 5530//5530
f 5602//5602 5531//5531 5532//5532
f 5602//5602 5601//5601 5531//5531
f 5602//5602 5533//5533 5603//5603
f 5602//5602 5532//5532 5533//5533
f 5534//5534 5603//5603 5533//5533
f 5604//5604 5535//5535 5536//5536
f 5536//5536 5605//5605 5604//5604
f 5536//5536 5527//5527 5605//5605
f 5605//5605 5527//5527 5598//5598
f 5606//5606 5603//5603 5534//5534
f 5607//5607 5534//5534 5537//5537
f 5607//5607 5606//5606 5534//5534
f 5537//5537 5538//5538 5607//5607
f 5607//5607 5538//5538 5608//5608
f 5609//5609 5535//5535 5604//5604
f 5609//5609 5539//5539 5535//5535
f 5538//5538 5540//5540 5608//5608
f 5608//5608 5540//5540 5610//5610
f 5609//5609 5611//5611 5539//5539
f 5539//5539 5611//5611 5541//5541
f 5540//5540 5542//5542 5610//5610
f 5610//5610 5542//5542 5612//5612
f 5611//5611 5543//5543 5541//5541
f 5613//5613 5543//5543 5611//5611
f 5612//5612 5542//5542 5614//5614
f 5544//5544 5614//5614 5542//5542
f 5613//5613 5545//5545 5543//5543
f 5615//5615 5545//5545 5613//5613
f 5544//5544 5616//5616 5614//5614
f 5544//5544 5546//5546 5616//5616
f 5615//5615 5547//5547 5545//5545
f 5617//5617 5547//5547 5615//5615
f 5548//5548 5616//5616 5546//5546
f 5548//5548 5618//5618 5616//5616
f 5617//5617 5549//5549 5547//5547
f 5619//5619 5549//5549 5617//5617
f 5548//5548 5550//5550 5618//5618
f 5618//5618 5550//5550 5620//5620
f 5619//5619 5551//5551 5549//5549
f 5621//5621 5551//5551 5619//5619
f 5552//5552 5620//5620 5550//5550
f 5552//5552 5622//5622 5620//5620
f 5621//5621 5553//5553 5551//5551
f 5623//5623 5553//5553 5621//5621
f 5554//5554 5622//5622 5552//5552
f 5554//5554 5624//5624 5622//5622
f 5623//5623 5555//5555 5553//5553
f 5625//5625 5555//5555 5623//5623
f 5624//5624 5554//5554 5626//5626
f 5556//5556 5626//5626 5554//5554
f 5625//5625 5557//5557 5555//5555
f 5627//5627 5557//5557 5625//5625
f 5556//5556 5628//5628 5626//5626
f 5556//5556 5558//5558 5628//5628
f 5627//5627 5629//5629 5557//5557
f 5557//5557 5629//5629 5559//5559
f 5560//5560 5628//5628 5558//5558
f 5560//5560 5630//5630 5628//5628
f 5629//5629 5561//5561 5559//5559
f 5631//5631 5561//5561 5629//5629
f 5562//5562 5630//5630 5560//5560
f 5562//5562 5632//5632 5630//5630
f 5631//5631 5563//5563 5561//5561
f 5633//5633 5563//5563 5631//5631
f 5564//5564 5632//5632 5562//5562
f 5564//5564 5634//5634 5632//5632
f 5633//5633 5565//5565 5563//5563
f 5635//5635 5565//5565 5633//5633
f 5566//5566 5634//5634 5564//5564
f 5566//5566 5636//5636 5634//5634
f 5637//5637 5567//5567 5565//5565
f 5635//5635 5637//5637 5565//5565
f 5568//5568 5636//5636 5566//5566
f 5568//5568 5638//5638 5636//5636
f 5639//5639 5569//5569 5637//5637
f 5637//5637 5569//5569 5567//5567
f 5570//5570 5638//5638 5568//5568
f 5570//5570 5640//5640 5638//5638
f 5641//5641 5571//5571 5639//5639
f 5639//5639 5571//5571 5569//5569
f 5572//5572 5640//5640 5570//5570
f 5572//5572 5642//5642 5640//5640
f 5643//5643 5573//5573 5641//5641
f 5641//5641 5573//5573 5571//5571
f 5574//5574 5642//5642 5572//5572
f 5574//5574 5644//5644 5642//5642
f 5645//5645 5575//5575 5643//5643
f 5643//5643 5575//5575 5573//5573
f 5576//5576 5644//5644 5574//5574
f 5576//5576 5646//5646 5644//5644
f 5645//5645 5577//5577 5575//5575
f 5647//5647 5577//5577 5645//5645
f 5646//5646 5578//5578 5648//5648
f 5646//5646 5576//5576 5578//5578
f 5647//5647 5579//5579 5577//5577
f 5649//5649 5579//5579 5647//5647
f 5650//5650 5648//5648 5580//5580
f 5580//5580 5648//5648 5578//5578
f 5649//5649 5581//5581 5579//5579
f 5651//5651 5581//5581 5649//5649
f 5650//5650 5582//5582 5652//5652
f 5650//5650 5580//5580 5582//5582
f 5651//5651 5653//5653 5581//5581
f 5581//5581 5653//5653 5583//5583
f 5654//5654 5652//5652 5584//5584
f 5584//5584 5652//5652 5582//5582
f 5585//5585 5653//5653 5655//5655
f 5585//5585 5583//5583 5653//5653
f 5657//5657 5586//5586 5656//5656
f 5584//5584 5586//5586 5654//5654
f 5654//5654 5586//5586 5657//5657
f 5655//5655 5587//5587 5585//5585
f 5658//5658 5587//5587 5655//5655
f 5658//5658 5588//5588 5587//5587
f 5658//5658 5659//5659 5588//5588
f 5661//5661 5589//5589 5660//5660
f 5590//5590 5661//5661 5656//5656
f 5590//5590 5589//5589 5661//5661
f 5590//5590 5656//5656 5586//5586
f 5659//5659 5591//5591 5588//5588
f 5662//5662 5591//5591 5659//5659
f 5662//5662 5592//5592 5591//5591
f 5592//5592 5663//5663 5593//5593
f 5662//5662 5663//5663 5592//5592
f 5593//5593 5664//5664 5594//5594
f 5663//5663 5664//5664 5593//5593
f 5594//5594 5665//5665 5595//5595
f 5664//5664 5665//5665 5594//5594
f 5595//5595 5666//5666 5596//5596
f 5665//5665 5666//5666 5595//5595
f 5597//5597 5666//5666 5660//5660
f 5597//5597 5596//5596 5666//5666
f 5597//5597 5660//5660 5589//5589
f 5667//5667 5598//5598 5599//5599
f 5600//5600 5668//5668 5599//5599
f 5599//5599 5668//5668 5667//5667
f 5601//5601 5669//5669 5600//5600
f 5600//5600 5669//5669 5668//5668
f 5602//5602 5670//5670 5601//5601
f 5601//5601 5670//5670 5669//5669
f 5603//5603 5670//5670 5602//5602
f 5672//5672 5671//5671 5605//5605
f 5605//5605 5671//5671 5604//5604
f 5673//5673 5605//5605 5598//5598
f 5673//5673 5672//5672 5605//5605
f 5673//5673 5598//5598 5667//5667
f 5674//5674 5670//5670 5603//5603
f 5675//5675 5603//5603 5606//5606
f 5675//5675 5674//5674 5603//5603
f 5675//5675 5607//5607 5676//5676
f 5675//5675 5606//5606 5607//5607
f 5608//5608 5676//5676 5607//5607
f 5671//5671 5677//5677 5604//5604
f 5604//5604 5677//5677 5609//5609
f 5678//5678 5676//5676 5608//5608
f 5608//5608 5610//5610 5678//5678
f 5678//5678 5610//5610 5679//5679
f 5680//5680 5611//5611 5609//5609
f 5677//5677 5680//5680 5609//5609
f 5610//5610 5612//5612 5679//5679
f 5679//5679 5612//5612 5681//5681
f 5682//5682 5611//5611 5680//5680
f 5682//5682 5613//5613 5611//5611
f 5614//5614 5681//5681 5612//5612
f 5614//5614 5683//5683 5681//5681
f 5682//5682 5615//5615 5613//5613
f 5684//5684 5615//5615 5682//5682
f 5614//5614 5616//5616 5683//5683
f 5683//5683 5616//5616 5685//5685
f 5684//5684 5617//5617 5615//5615
f 5686//5686 5617//5617 5684//5684
f 5618//5618 5685//5685 5616//5616
f 5618//5618 5687//5687 5685//5685
f 5686//5686 5619//5619 5617//5617
f 5688//5688 5619//5619 5686//5686
f 5687//5687 5618//5618 5689//5689
f 5620//5620 5689//5689 5618//5618
f 5688//5688 5621//5621 5619//5619
f 5690//5690 5621//5621 5688//5688
f 5620//5620 5691//5691 5689//5689
f 5620//5620 5622//5622 5691//5691
f 5690//5690 5623//5623 5621//5621
f 5692//5692 5623//5623 5690//5690
f 5624//5624 5691//5691 5622//5622
f 5624//5624 5693//5693 5691//5691
f 5692//5692 5625//5625 5623//5623
f 5694//5694 5625//5625 5692//5692
f 5626//5626 5693//5693 5624//5624
f 5626//5626 5695//5695 5693//5693
f 5694//5694 5627//5627 5625//5625
f 5696//5696 5627//5627 5694//5694
f 5695//5695 5626//5626 5697//5697
f 5628//5628 5697//5697 5626//5626
f 5627//5627 5698//5698 5629//5629
f 5627//5627 5696//5696 5698//5698
f 5628//5628 5699//5699 5697//5697
f 5628//5628 5630//5630 5699//5699
f 5698//5698 5700//5700 5629//5629
f 5631//5631 5629//5629 5700//5700
f 5632//5632 5699//5699 5630//5630
f 5632//5632 5701//5701 5699//5699
f 5700//5700 5633//5633 5631//5631
f 5702//5702 5633//5633 5700//5700
f 5634//5634 5701//5701 5632//5632
f 5634//5634 5703//5703 5701//5701
f 5702//5702 5635//5635 5633//5633
f 5704//5704 5635//5635 5702//5702
f 5636//5636 5703//5703 5634//5634
f 5636//5636 5705//5705 5703//5703
f 5704//5704 5637//5637 5635//5635
f 5706//5706 5637//5637 5704//5704
f 5638//5638 5705//5705 5636//5636
f 5638//5638 5707//5707 5705//5705
f 5706//5706 5639//5639 5637//5637
f 5708//5708 5639//5639 5706//5706
f 5640//5640 5707//5707 5638//5638
f 5640//5640 5709//5709 5707//5707
f 5708//5708 5641//5641 5639//5639
f 5710//5710 5641//5641 5708//5708
f 5642//5642 5709//5709 5640//5640
f 5642//5642 5711//5711 5709//5709
f 5710//5710 5643//5643 5641//5641
f 5712//5712 5643//5643 5710//5710
f 5644//5644 5711//5711 5642//5642
f 5644//5644 5713//5713 5711//5711
f 5712//5712 5645//5645 5643//5643
f 5714//5714 5645//5645 5712//5712
f 5713//5713 5646//5646 5715//5715
f 5713//5713 5644//5644 5646//5646
f 5714//5714 5647//5647 5645//5645
f 5716//5716 5647//5647 5714//5714
f 5717//5717 5715//5715 5648//5648
f 5648//5648 5715//5715 5646//5646
f 5716//5716 5649//5649 5647//5647
f 5718//5718 5649//5649 5716//5716
f 5650//5650 5717//5717 5648//5648
f 5650//5650 5719//5719 5717//5717
f 5651//5651 5718//5718 5720//5720
f 5651//5651 5649//5649 5718//5718
f 5650//5650 5652//5652 5719//5719
f 5719//5719 5652//5652 5721//5721
f 5720//5720 5653//5653 5651//5651
f 5722//5722 5653//5653 5720//5720
f 5721//5721 5654//5654 5723//5723
f 5721//5721 5652//5652 5654//5654
f 5722//5722 5724//5724 5653//5653
f 5653//5653 5724//5724 5655//5655
f 5724//5724 5725//5725 5655//5655
f 5657//5657 5726//5726 5723//5723
f 5657//5657 5656//5656 5726//5726
f 5657//5657 5723//5723 5654//5654
f 5725//5725 5658//5658 5655//5655
f 5727//5727 5658//5658 5725//5725
f 5727//5727 5659//5659 5658//5658
f 5727//5727 5728//5728 5659//5659
f 5733//5733 5660//5660 5732//5732
f 5660//5660 5734//5734 5661//5661
f 5733//5733 5734//5734 5660//5660
f 5656//5656 5661//5661 5726//5726
f 5726//5726 5661//5661 5734//5734
f 5728//5728 5662//5662 5659//5659
f 5662//5662 5728//5728 5663//5663
f 5663//5663 5728//5728 5729//5729
f 5663//5663 5729//5729 5664//5664
f 5664//5664 5729//5729 5730//5730
f 5664//5664 5730//5730 5665//5665
f 5665//5665 5730//5730 5731//5731
f 5665//5665 5731//5731 5666//5666
f 5666//5666 5731//5731 5732//5732
f 5666//5666 5732//5732 5660//5660
f 5735//5735 5671//5671 5672//5672
f 5672//5672 5736//5736 5735//5735
f 5672//5672 5673//5673 5736//5736
f 5737//5737 5673//5673 5667//5667
f 5737//5737 5736//5736 5673//5673
f 5738//5738 5667//5667 5668//5668
f 5738//5738 5737//5737 5667//5667
f 5739//5739 5668//5668 5669//5669
f 5739//5739 5738//5738 5668//5668
f 5740//5740 5669//5669 5670//5670
f 5740//5740 5739//5739 5669//5669
f 5741//5741 5670//5670 5674//5674
f 5741//5741 5740//5740 5670//5670
f 5742//5742 5674//5674 5675//5675
f 5742//5742 5741//5741 5674//5674
f 5675//5675 5676//5676 5742//5742
f 5742//5742 5676//5676 5743//5743
f 5745//5745 5744//5744 5671//5671
f 5671//5671 5744//5744 5677//5677
f 5745//5745 5671//5671 5735//5735
f 5743//5743 5678//5678 5746//5746
f 5743//5743 5676//5676 5678//5678
f 5679//5679 5746//5746 5678//5678
f 5744//5744 5680//5680 5677//5677
f 5747//5747 5680//5680 5744//5744
f 5748//5748 5746//5746 5679//5679
f 5681//5681 5748//5748 5679//5679
f 5747//5747 5749//5749 5680//5680
f 5680//5680 5749//5749 5682//5682
f 5681//5681 5750//5750 5748//5748
f 5681//5681 5683//5683 5750//5750
f 5749//5749 5684//5684 5682//5682
f 5751//5751 5684//5684 5749//5749
f 5750//5750 5683//5683 5752//5752
f 5685//5685 5752//5752 5683//5683
f 5751//5751 5686//5686 5684//5684
f 5753//5753 5686//5686 5751//5751
f 5685//5685 5754//5754 5752//5752
f 5685//5685 5687//5687 5754//5754
f 5753//5753 5688//5688 5686//5686
f 5755//5755 5688//5688 5753//5753
f 5689//5689 5754//5754 5687//5687
f 5689//5689 5756//5756 5754//5754
f 5755//5755 5690//5690 5688//5688
f 5757//5757 5690//5690 5755//5755
f 5756//5756 5689//5689 5758//5758
f 5691//5691 5758//5758 5689//5689
f 5757//5757 5692//5692 5690//5690
f 5759//5759 5692//5692 5757//5757
f 5691//5691 5760//5760 5758//5758
f 5691//5691 5693//5693 5760//5760
f 5759//5759 5694//5694 5692//5692
f 5761//5761 5694//5694 5759//5759
f 5695//5695 5760//5760 5693//5693
f 5695//5695 5762//5762 5760//5760
f 5761//5761 5696//5696 5694//5694
f 5763//5763 5696//5696 5761//5761
f 5697//5697 5762//5762 5695//5695
f 5697//5697 5764//5764 5762//5762
f 5763//5763 5698//5698 5696//5696
f 5765//5765 5698//5698 5763//5763
f 5764//5764 5697//5697 5766//5766
f 5699//5699 5766//5766 5697//5697
f 5698//5698 5767//5767 5700//5700
f 5698//5698 5765//5765 5767//5767
f 5701//5701 5768//5768 5699//5699
f 5699//5699 5768//5768 5766//5766
f 5767//5767 5769//5769 5700//5700
f 5702//5702 5700//5700 5769//5769
f 5701//5701 5770//5770 5768//5768
f 5701//5701 5703//5703 5770//5770
f 5769//5769 5704//5704 5702//5702
f 5771//5771 5704//5704 5769//5769
f 5705//5705 5770//5770 5703//5703
f 5705//5705 5772//5772 5770//5770
f 5771//5771 5706//5706 5704//5704
f 5773//5773 5706//5706 5771//5771
f 5707//5707 5772//5772 5705//5705
f 5707//5707 5774//5774 5772//5772
f 5773//5773 5708//5708 5706//5706
f 5775//5775 5708//5708 5773//5773
f 5709//5709 5774//5774 5707//5707
f 5709//5709 5776//5776 5774//5774
f 5775//5775 5710//5710 5708//5708
f 5777//5777 5710//5710 5775//5775
f 5711//5711 5776//5776 5709//5709
f 5711//5711 5778//5778 5776//5776
f 5777//5777 5712//5712 5710//5710
f 5779//5779 5712//5712 5777//5777
f 5778//5778 5713//5713 5780//5780
f 5778//5778 5711//5711 5713//5713
f 5779//5779 5714//5714 5712//5712
f 5781//5781 5714//5714 5779//5779
f 5782//5782 5780//5780 5715//5715
f 5715//5715 5780//5780 5713//5713
f 5781//5781 5716//5716 5714//5714
f 5783//5783 5716//5716 5781//5781
f 5717//5717 5782//5782 5715//5715
f 5717//5717 5784//5784 5782//5782
f 5718//5718 5783//5783 5785//5785
f 5718//5718 5716//5716 5783//5783
f 5784//5784 5719//5719 5786//5786
f 5784//5784 5717//5717 5719//5719
f 5785//5785 5720//5720 5718//5718
f 5787//5787 5720//5720 5785//5785
f 5788//5788 5786//5786 5721//5721
f 5721//5721 5786//5786 5719//5719
f 5722//5722 5787//5787 5789//5789
f 5722//5722 5720//5720 5787//5787
f 5721//5721 5723//5723 5788//5788
f 5788//5788 5723//5723 5790//5790
f 5789//5789 5724//5724 5722//5722
f 5791//5791 5724//5724 5789//5789
f 5791//5791 5725//5725 5724//5724
f 5791//5791 5792//5792 5725//5725
f 5794//5794 5726//5726 5793//5793
f 5723//5723 5726//5726 5790//5790
f 5790//5790 5726//5726 5794//5794
f 5792//5792 5727//5727 5725//5725
f 5795//5795 5727//5727 5792//5792
f 5795//5795 5728//5728 5727//5727
f 5728//5728 5796//5796 5729//5729
f 5795//5795 5796//5796 5728//5728
f 5729//5729 5797//5797 5730//5730
f 5796//5796 5797//5797 5729//5729
f 5730//5730 5798//5798 5731//5731
f 5797//5797 5798//5798 5730//5730
f 5731//5731 5799//5799 5732//5732
f 5798//5798 5799//5799 5731//5731
f 5732//5732 5800//5800 5733//5733
f 5799//5799 5800//5800 5732//5732
f 5734//5734 5800//5800 5793//5793
f 5734//5734 5733//5733 5800//5800
f 5734//5734 5793//5793 5726//5726
f 5801//5801 5735//5735 5736//5736
f 5736//5736 5802//5802 5801//5801
f 5736//5736 5737//5737 5802//5802
f 5803//5803 5737//5737 5738//5738
f 5803//5803 5802//5802 5737//5737
f 5804//5804 5738//5738 5739//5739
f 5804//5804 5803//5803 5738//5738
f 5805//5805 5739//5739 5740//5740
f 5805//5805 5804//5804 5739//5739
f 5806//5806 5740//5740 5741//5741
f 5806//5806 5805//5805 5740//5740
f 5806//5806 5742//5742 5807//5807
f 5806//5806 5741//5741 5742//5742
f 5743//5743 5807//5807 5742//5742
f 5808//5808 5744//5744 5745//5745
f 5745//5745 5809//5809 5808//5808
f 5745//5745 5735//5735 5809//5809
f 5809//5809 5735//5735 5801//5801
f 5810//5810 5807//5807 5743//5743
f 5743//5743 5746//5746 5810//5810
f 5810//5810 5746//5746 5811//5811
f 5812//5812 5744//5744 5808//5808
f 5812//5812 5747//5747 5744//5744
f 5746//5746 5748//5748 5811//5811
f 5811//5811 5748//5748 5813//5813
f 5812//5812 5814//5814 5747//5747
f 5747//5747 5814//5814 5749//5749
f 5748//5748 5750//5750 5813//5813
f 5813//5813 5750//5750 5815//5815
f 5814//5814 5751//5751 5749//5749
f 5816//5816 5751//5751 5814//5814
f 5752//5752 5815//5815 5750//5750
f 5752//5752 5817//5817 5815//5815
f 5816//5816 5753//5753 5751//5751
f 5818//5818 5753//5753 5816//5816
f 5752//5752 5754//5754 5817//5817
f 5817//5817 5754//5754 5819//5819
f 5818//5818 5755//5755 5753//5753
f 5820//5820 5755//5755 5818//5818
f 5756//5756 5819//5819 5754//5754
f 5756//5756 5821//5821 5819//5819
f 5820//5820 5757//5757 5755//5755
f 5822//5822 5757//5757 5820//5820
f 5758//5758 5821//5821 5756//5756
f 5758//5758 5823//5823 5821//5821
f 5822//5822 5759//5759 5757//5757
f 5824//5824 5759//5759 5822//5822
f 5823//5823 5758//5758 5825//5825
f 5760//5760 5825//5825 5758//5758
f 5824//5824 5761//5761 5759//5759
f 5826//5826 5761//5761 5824//5824
f 5760//5760 5827//5827 5825//5825
f 5760//5760 5762//5762 5827//5827
f 5826//5826 5763//5763 5761//5761
f 5828//5828 5763//5763 5826//5826
f 5764//5764 5827//5827 5762//5762
f 5764//5764 5829//5829 5827//5827
f 5828//5828 5765//5765 5763//5763
f 5830//5830 5765//5765 5828//5828
f 5766//5766 5829//5829 5764//5764
f 5766//5766 5831//5831 5829//5829
f 5830//5830 5767//5767 5765//5765
f 5832//5832 5767//5767 5830//5830
f 5768//5768 5831//5831 5766//5766
f 5768//5768 5833//5833 5831//5831
f 5832//5832 5834//5834 5767//5767
f 5767//5767 5834//5834 5769//5769
f 5833//5833 5768//5768 5835//5835
f 5770//5770 5835//5835 5768//5768
f 5834//5834 5771//5771 5769//5769
f 5836//5836 5771//5771 5834//5834
f 5772//5772 5837//5837 5770//5770
f 5770//5770 5837//5837 5835//5835
f 5836//5836 5773//5773 5771//5771
f 5838//5838 5773//5773 5836//5836
f 5774//5774 5839//5839 5772//5772
f 5772//5772 5839//5839 5837//5837
f 5838//5838 5775//5775 5773//5773
f 5840//5840 5775//5775 5838//5838
f 5776//5776 5841//5841 5774//5774
f 5774//5774 5841//5841 5839//5839
f 5840//5840 5777//5777 5775//5775
f 5842//5842 5777//5777 5840//5840
f 5778//5778 5843//5843 5776//5776
f 5776//5776 5843//5843 5841//5841
f 5842//5842 5779//5779 5777//5777
f 5844//5844 5779//5779 5842//5842
f 5845//5845 5843//5843 5780//5780
f 5780//5780 5843//5843 5778//5778
f 5844//5844 5781//5781 5779//5779
f 5846//5846 5781//5781 5844//5844
f 5782//5782 5845//5845 5780//5780
f 5782//5782 5847//5847 5845//5845
f 5846//5846 5783//5783 5781//5781
f 5848//5848 5783//5783 5846//5846
f 5784//5784 5847//5847 5782//5782
f 5784//5784 5849//5849 5847//5847
f 5848//5848 5850//5850 5783//5783
f 5783//5783 5850//5850 5785//5785
f 5784//5784 5786//5786 5849//5849
f 5849//5849 5786//5786 5851//5851
f 5850//5850 5787//5787 5785//5785
f 5852//5852 5787//5787 5850//5850
f 5851//5851 5788//5788 5853//5853
f 5851//5851 5786//5786 5788//5788
f 5852//5852 5854//5854 5787//5787
f 5787//5787 5854//5854 5789//5789
f 5790//5790 5855//5855 5853//5853
f 5790//5790 5853//5853 5788//5788
f 5854//5854 5856//5856 5789//5789
f 5789//5789 5856//5856 5791//5791
f 5791//5791 5857//5857 5792//5792
f 5856//5856 5857//5857 5791//5791
f 5857//5857 5858//5858 5792//5792
f 5864//5864 5793//5793 5863//5863
f 5794//5794 5864//5864 5855//5855
f 5794//5794 5793//5793 5864//5864
f 5794//5794 5855//5855 5790//5790
f 5858//5858 5795//5795 5792//5792
f 5795//5795 5858//5858 5796//5796
f 5796//5796 5858//5858 5859//5859
f 5796//5796 5859//5859 5797//5797
f 5797//5797 5859//5859 5860//5860
f 5797//5797 5860//5860 5798//5798
f 5798//5798 5860//5860 5861//5861
f 5798//5798 5861//5861 5799//5799
f 5799//5799 5861//5861 5862//5862
f 5799//5799 5862//5862 5800//5800
f 5800//5800 5862//5862 5863//5863
f 5800//5800 5863//5863 5793//5793
f 5865//5865 5801//5801 5802//5802
f 5803//5803 5866//5866 5802//5802
f 5802//5802 5866//5866 5865//5865
f 5804//5804 5867//5867 5803//5803
f 5803//5803 5867//5867 5866//5866
f 5805//5805 5868//5868 5804//5804
f 5804//5804 5868//5868 5867//5867
f 5806//5806 5869//5869 5805//5805
f 5805//5805 5869//5869 5868//5868
f 5807//5807 5869//5869 5806//5806
f 5871//5871 5870//5870 5809//5809
f 5809//5809 5870//5870 5808//5808
f 5872//5872 5809//5809 5801//5801
f 5872//5872 5871//5871 5809//5809
f 5872//5872 5801//5801 5865//5865
f 5873//5873 5869//5869 5807//5807
f 5873//5873 5810//5810 5874//5874
f 5873//5873 5807//5807 5810//5810
f 5811//5811 5874//5874 5810//5810
f 5870//5870 5875//5875 5808//5808
f 5808//5808 5875//5875 5812//5812
f 5876//5876 5874//5874 5811//5811
f 5811//5811 5813//5813 5876//5876
f 5876//5876 5813//5813 5877//5877
f 5878//5878 5814//5814 5812//5812
f 5875//5875 5878//5878 5812//5812
f 5877//5877 5813//5813 5879//5879
f 5815//5815 5879//5879 5813//5813
f 5880//5880 5814//5814 5878//5878
f 5880//5880 5816//5816 5814//5814
f 5815//5815 5881//5881 5879//5879
f 5815//5815 5817//5817 5881//5881
f 5880//5880 5818//5818 5816//5816
f 5882//5882 5818//5818 5880//5880
f 5881//5881 5817//5817 5883//5883
f 5819//5819 5883//5883 5817//5817
f 5882//5882 5820//5820 5818//5818
f 5884//5884 5820//5820 5882//5882
f 5819//5819 5885//5885 5883//5883
f 5819//5819 5821//5821 5885//5885
f 5884//5884 5822//5822 5820//5820
f 5886//5886 5822//5822 5884//5884
f 5823//5823 5885//5885 5821//5821
f 5823//5823 5887//5887 5885//5885
f 5886//5886 5824//5824 5822//5822
f 5888//5888 5824//5824 5886//5886
f 5825//5825 5887//5887 5823//5823
f 5825//5825 5889//5889 5887//5887
f 5888//5888 5826//5826 5824//5824
f 5890//5890 5826//5826 5888//5888
f 5889//5889 5825//5825 5891//5891
f 5827//5827 5891//5891 5825//5825
f 5890//5890 5828//5828 5826//5826
f 5892//5892 5828//5828 5890//5890
f 5827//5827 5893//5893 5891//5891
f 5827//5827 5829//5829 5893//5893
f 5892//5892 5830//5830 5828//5828
f 5894//5894 5830//5830 5892//5892
f 5831//5831 5893//5893 5829//5829
f 5831//5831 5895//5895 5893//5893
f 5894//5894 5832//5832 5830//5830
f 5896//5896 5832//5832 5894//5894
f 5833//5833 5895//5895 5831//5831
f 5833//5833 5897//5897 5895//5895
f 5832//5832 5898//5898 5834//5834
f 5832//5832 5896//5896 5898//5898
f 5835//5835 5897//5897 5833//5833
f 5835//5835 5899//5899 5897//5897
f 5898//5898 5900//5900 5834//5834
f 5836//5836 5834//5834 5900//5900
f 5837//5837 5899//5899 5835//5835
f 5837//5837 5901//5901 5899//5899
f 5900//5900 5838//5838 5836//5836
f 5902//5902 5838//5838 5900//5900
f 5839//5839 5901//5901 5837//5837
f 5839//5839 5903//5903 5901//5901
f 5902//5902 5840//5840 5838//5838
f 5904//5904 5840//5840 5902//5902
f 5841//5841 5903//5903 5839//5839
f 5841//5841 5905//5905 5903//5903
f 5904//5904 5842//5842 5840//5840
f 5906//5906 5842//5842 5904//5904
f 5843//5843 5905//5905 5841//5841
f 5843//5843 5907//5907 5905//5905
f 5906//5906 5844//5844 5842//5842
f 5908//5908 5844//5844 5906//5906
f 5845//5845 5907//5907 5843//5843
f 5845//5845 5909//5909 5907//5907
f 5908//5908 5846//5846 5844//5844
f 5910//5910 5846//5846 5908//5908
f 5847//5847 5909//5909 5845//5845
f 5847//5847 5911//5911 5909//5909
f 5848//5848 5910//5910 5912//5912
f 5848//5848 5846//5846 5910//5910
f 5911//5911 5849//5849 5913//5913
f 5911//5911 5847//5847 5849//5849
f 5912//5912 5850//5850 5848//5848
f 5914//5914 5850//5850 5912//5912
f 5915//5915 5913//5913 5851//5851
f 5851//5851 5913//5913 5849//5849
f 5852//5852 5914//5914 5916//5916
f 5852//5852 5850//5850 5914//5914
f 5851//5851 5853//5853 5915//5915
f 5915//5915 5853//5853 5917//5917
f 5916//5916 5854//5854 5852//5852
f 5916//5916 5918//5918 5854//5854
f 5920//5920 5855//5855 5919//5919
f 5853//5853 5855//5855 5917//5917
f 5917//5917 5855//5855 5920//5920
f 5918//5918 5856//5856 5854//5854
f 5921//5921 5856//5856 5918//5918
f 5921//5921 5857//5857 5856//5856
f 5857//5857 5922//5922 5858//5858
f 5921//5921 5922//5922 5857//5857
f 5858//5858 5923//5923 5859//5859
f 5922//5922 5923//5923 5858//5858
f 5859//5859 5924//5924 5860//5860
f 5923//5923 5924//5924 5859//5859
f 5860//5860 5925//5925 5861//5861
f 5924//5924 5925//5925 5860//5860
f 5861//5861 5926//5926 5862//5862
f 5925//5925 5926//5926 5861//5861
f 5862//5862 5927//5927 5863//5863
f 5926//5926 5927//5927 5862//5862
f 5864//5864 5927//5927 5919//5919
f 5864//5864 5863//5863 5927//5927
f 5864//5864 5919//5919 5855//5855
f 5928//5928 5870//5870 5871//5871
f 5871//5871 5929//5929 5928//5928
f 5871//5871 5872//5872 5929//5929
f 5930//5930 5872//5872 5865//5865
f 5930//5930 5929//5929 5872//5872
f 5931//5931 5865//5865 5866//5866
f 5931//5931 5930//5930 5865//5865
f 5932//5932 5866//5866 5867//5867
f 5932//5932 5931//5931 5866//5866
f 5933//5933 5867//5867 5868//5868
f 5933//5933 5932//5932 5867//5867
f 5934//5934 5868//5868 5869//5869
f 5934//5934 5933//5933 5868//5868
f 5935//5935 5869//5869 5873//5873
f 5935//5935 5934//5934 5869//5869
f 5873//5873 5874//5874 5935//5935
f 5935//5935 5874//5874 5936//5936
f 5938//5938 5937//5937 5870//5870
f 5870//5870 5937//5937 5875//5875
f 5938//5938 5870//5870 5928//5928
f 5936//5936 5876//5876 5939//5939
f 5936//5936 5874//5874 5876//5876
f 5877//5877 5939//5939 5876//5876
f 5937//5937 5878//5878 5875//5875
f 5940//5940 5878//5878 5937//5937
f 5877//5877 5941//5941 5939//5939
f 5877//5877 5879//5879 5941//5941
f 5940//5940 5942//5942 5878//5878
f 5878//5878 5942//5942 5880//5880
f 5879//5879 5881//5881 5941//5941
f 5941//5941 5881//5881 5943//5943
f 5942//5942 5882//5882 5880//5880
f 5944//5944 5882//5882 5942//5942
f 5883//5883 5943//5943 5881//5881
f 5883//5883 5945//5945 5943//5943
f 5944//5944 5884//5884 5882//5882
f 5946//5946 5884//5884 5944//5944
f 5945//5945 5883//5883 5947//5947
f 5885//5885 5947//5947 5883//5883
f 5946//5946 5886//5886 5884//5884
f 5948//5948 5886//5886 5946//5946
f 5885//5885 5949//5949 5947//5947
f 5885//5885 5887//5887 5949//5949
f 5948//5948 5888//5888 5886//5886
f 5950//5950 5888//5888 5948//5948
f 5889//5889 5949//5949 5887//5887
f 5889//5889 5951//5951 5949//5949
f 5950//5950 5890//5890 5888//5888
f 5952//5952 5890//5890 5950//5950
f 5891//5891 5951//5951 5889//5889
f 5891//5891 5953//5953 5951//5951
f 5952//5952 5892//5892 5890//5890
f 5954//5954 5892//5892 5952//5952
f 5953//5953 5891//5891 5955//5955
f 5893//5893 5955//5955 5891//5891
f 5954//5954 5894//5894 5892//5892
f 5956//5956 5894//5894 5954//5954
f 5895//5895 5957//5957 5893//5893
f 5893//5893 5957//5957 5955//5955
f 5956//5956 5896//5896 5894//5894
f 5958//5958 5896//5896 5956//5956
f 5895//5895 5959//5959 5957//5957
f 5895//5895 5897//5897 5959//5959
f 5958//5958 5898//5898 5896//5896
f 5960//5960 5898//5898 5958//5958
f 5899//5899 5959//5959 5897//5897
f 5899//5899 5961//5961 5959//5959
f 5898//5898 5962//5962 5900//5900
f 5898//5898 5960//5960 5962//5962
f 5901//5901 5961//5961 5899//5899
f 5901//5901 5963//5963 5961//5961
f 5962//5962 5964//5964 5900//5900
f 5902//5902 5900//5900 5964//5964
f 5903//5903 5963//5963 5901//5901
f 5903//5903 5965//5965 5963//5963
f 5964//5964 5904//5904 5902//5902
f 5966//5966 5904//5904 5964//5964
f 5905//5905 5965//5965 5903//5903
f 5905//5905 5967//5967 5965//5965
f 5966//5966 5906//5906 5904//5904
f 5968//5968 5906//5906 5966//5966
f 5907//5907 5967//5967 5905//5905
f 5907//5907 5969//5969 5967//5967
f 5968//5968 5908//5908 5906//5906
f 5970//5970 5908//5908 5968//5968
f 5969//5969 5909//5909 5971//5971
f 5969//5969 5907//5907 5909//5909
f 5970//5970 5910//5910 5908//5908
f 5972//5972 5910//5910 5970//5970
f 5911//5911 5973//5973 5909//5909
f 5909//5909 5973//5973 5971//5971
f 5972//5972 5974//5974 5910//5910
f 5910//5910 5974//5974 5912//5912
f 5975//5975 5973//5973 5913//5913
f 5913//5913 5973//5973 5911//5911
f 5974//5974 5914//5914 5912//5912
f 5976//5976 5914//5914 5974//5974
f 5975//5975 5915//5915 5977//5977
f 5975//5975 5913//5913 5915//5915
f 5976//5976 5978//5978 5914//5914
f 5914//5914 5978//5978 5916//5916
f 5917//5917 5979//5979 5977//5977
f 5917//5917 5977//5977 5915//5915
f 5978//5978 5980//5980 5916//5916
f 5916//5916 5980//5980 5918//5918
f 5980//5980 5981//5981 5918//5918
f 5985//5985 5919//5919 5984//5984
f 5920//5920 5985//5985 5979//5979
f 5920//5920 5919//5919 5985//5985
f 5920//5920 5979//5979 5917//5917
f 5981//5981 5921//5921 5918//5918
f 5921//5921 5981//5981 5922//5922
f 5922//5922 5981//5981 5982//5982
f 5986//5986 5922//5922 5982//5982
f 5986//5986 5923//5923 5922//5922
f 5923//5923 5987//5987 5924//5924
f 5986//5986 5987//5987 5923//5923
f 5924//5924 5988//5988 5925//5925
f 5987//5987 5988//5988 5924//5924
f 5926//5926 5988//5988 5983//5983
f 5926//5926 5925//5925 5988//5988
f 5926//5926 5983//5983 5927//5927
f 5927//5927 5983//5983 5984//5984
f 5927//5927 5984//5984 5919//5919
f 5989//5989 5928//5928 5929//5929
f 5929//5929 5990//5990 5989//5989
f 5929//5929 5930//5930 5990//5990
f 5991//5991 5930//5930 5931//5931
f 5991//5991 5990//5990 5930//5930
f 5992//5992 5931//5931 5932//5932
f 5992//5992 5991//5991 5931//5931
f 5993//5993 5932//5932 5933//5933
f 5993//5993 5992//5992 5932//5932
f 5993//5993 5934//5934 5994//5994
f 5993//5993 5933//5933 5934//5934
f 5935//5935 5995//5995 5934//5934
f 5934//5934 5995//5995 5994//5994
f 5936//5936 5995//5995 5935//5935
f 5996//5996 5937//5937 5938//5938
f 5938//5938 5997//5997 5996//5996
f 5938//5938 5928//5928 5997//5997
f 5997//5997 5928//5928 5989//5989
f 5998//5998 5995//5995 5936//5936
f 5936//5936 5939//5939 5998//5998
f 5998//5998 5939//5939 5999//5999
f 6000//6000 5937//5937 5996//5996
f 6000//6000 5940//5940 5937//5937
f 5939//5939 5941//5941 5999//5999
f 5999//5999 5941//5941 6001//6001
f 6000//6000 6002//6002 5940//5940
f 5940//5940 6002//6002 5942//5942
f 6001//6001 5941//5941 6003//6003
f 5943//5943 6003//6003 5941//5941
f 6002//6002 5944//5944 5942//5942
f 6004//6004 5944//5944 6002//6002
f 5943//5943 6005//6005 6003//6003
f 5943//5943 5945//5945 6005//6005
f 6004//6004 5946//5946 5944//5944
f 6006//6006 5946//5946 6004//6004
f 5947//5947 6005//6005 5945//5945
f 5947//5947 6007//6007 6005//6005
f 6006//6006 5948//5948 5946//5946
f 6008//6008 5948//5948 6006//6006
f 6007//6007 5947//5947 6009//6009
f 5949//5949 6009//6009 5947//5947
f 6008//6008 6010//6010 5950//5950
f 5948//5948 6008//6008 5950//5950
f 5951//5951 6011//6011 5949//5949
f 5949//5949 6011//6011 6009//6009
f 5950//5950 6010//6010 5952//5952
f 5952//5952 6010//6010 6012//6012
f 5951//5951 6013//6013 6011//6011
f 5951//5951 5953//5953 6013//6013
f 6012//6012 6014//6014 5952//5952
f 5954//5954 5952//5952 6014//6014
f 5955//5955 6013//6013 5953//5953
f 5955//5955 6015//6015 6013//6013
f 6014//6014 5956//5956 5954//5954
f 6016//6016 5956//5956 6014//6014
f 5957//5957 6015//6015 5955//5955
f 5957//5957 6017//6017 6015//6015
f 6016//6016 5958//5958 5956//5956
f 6018//6018 5958//5958 6016//6016
f 6017//6017 5957//5957 6019//6019
f 5959//5959 6019//6019 5957//5957
f 6018//6018 5960//5960 5958//5958
f 6020//6020 5960//5960 6018//6018
f 5961//5961 6021//6021 5959//5959
f 5959//5959 6021//6021 6019//6019
f 6020//6020 5962//5962 5960//5960
f 6022//6022 5962//5962 6020//6020
f 5963//5963 6023//6023 5961//5961
f 5961//5961 6023//6023 6021//6021
f 5962//5962 6024//6024 5964//5964
f 5962//5962 6022//6022 6024//6024
f 5965//5965 6025//6025 5963//5963
f 5963//5963 6025//6025 6023//6023
f 6024//6024 6026//6026 5964//5964
f 5966//5966 5964//5964 6026//6026
f 5967//5967 6027//6027 5965//5965
f 5965//5965 6027//6027 6025//6025
f 6026//6026 5968//5968 5966//5966
f 6028//6028 5968//5968 6026//6026
f 5969//5969 6029//6029 5967//5967
f 5967//5967 6029//6029 6027//6027
f 6028//6028 5970//5970 5968//5968
f 6030//6030 5970//5970 6028//6028
f 6031//6031 6029//6029 5971//5971
f 5971//5971 6029//6029 5969//5969
f 6030//6030 5972//5972 5970//5970
f 6032//6032 5972//5972 6030//6030
f 5973//5973 6031//6031 5971//5971
f 5973//5973 6033//6033 6031//6031
f 6032//6032 6034//6034 5972//5972
f 5972//5972 6034//6034 5974//5974
f 6033//6033 5975//5975 6035//6035
f 6033//6033 5973//5973 5975//5975
f 6034//6034 5976//5976 5974//5974
f 6036//6036 5976//5976 6034//6034
f 6037//6037 6035//6035 5977//5977
f 5977//5977 6035//6035 5975//5975
f 6036//6036 6038//6038 5976//5976
f 5976//5976 6038//6038 5978//5978
f 6038//6038 6039//6039 5978//5978
f 6041//6041 5979//5979 6040//6040
f 5977//5977 5979//5979 6037//6037
f 6037//6037 5979//5979 6041//6041
f 6039//6039 5980//5980 5978//5978
f 6042//6042 5980//5980 6039//6039
f 6042//6042 5981//5981 5980//5980
f 5981//5981 6043//6043 5982//5982
f 6042//6042 6043//6043 5981//5981
f 6043//6043 6044//6044 5982//5982
f 6047//6047 5983//5983 6046//6046
f 5983//5983 6048//6048 5984//5984
f 6047//6047 6048//6048 5983//5983
f 5985//5985 6048//6048 6040//6040
f 5985//5985 5984//5984 6048//6048
f 5985//5985 6040//6040 5979//5979
f 6044//6044 5986//5986 5982//5982
f 5986//5986 6044//6044 5987//5987
f 5987//5987 6044//6044 6045//6045
f 5987//5987 6045//6045 5988//5988
f 5988//5988 6045//6045 6046//6046
f 5988//5988 6046//6046 5983//5983
f 6049//6049 5989//5989 5990//5990
f 5991//5991 6050//6050 5990//5990
f 5990//5990 6050//6050 6049//6049
f 5992//5992 6051//6051 5991//5991
f 5991//5991 6051//6051 6050//6050
f 5993//5993 6052//6052 5992//5992
f 5992//5992 6052//6052 6051//6051
f 5994//5994 6052//6052 5993//5993
f 6054//6054 6053//6053 5997//5997
f 5997//5997 6053//6053 5996//5996
f 6055//6055 5997//5997 5989//5989
f 6055//6055 6054//6054 5997//5997
f 6055//6055 5989//5989 6049//6049
f 6056//6056 6052//6052 5994//5994
f 6057//6057 5994//5994 5995//5995
f 6057//6057 6056//6056 5994//5994
f 6057//6057 5998//5998 6058//6058
f 6057//6057 5995//5995 5998//5998
f 5999//5999 6058//6058 5998//5998
f 6053//6053 6059//6059 5996//5996
f 5996//5996 6059//6059 6000//6000
f 6060//6060 6058//6058 5999//5999
f 6001//6001 6060//6060 5999//5999
f 6059//6059 6061//6061 6000//6000
f 6000//6000 6061//6061 6002//6002
f 6001//6001 6062//6062 6060//6060
f 6001//6001 6003//6003 6062//6062
f 6061//6061 6004//6004 6002//6002
f 6063//6063 6004//6004 6061//6061
f 6062//6062 6003//6003 6064//6064
f 6005//6005 6064//6064 6003//6003
f 6063//6063 6006//6006 6004//6004
f 6065//6065 6006//6006 6063//6063
f 6005//6005 6066//6066 6064//6064
f 6005//6005 6007//6007 6066//6066
f 6065//6065 6067//6067 6008//6008
f 6006//6006 6065//6065 6008//6008
f 6009//6009 6066//6066 6007//6007
f 6009//6009 6068//6068 6066//6066
f 6067//6067 6010//6010 6008//6008
f 6067//6067 6069//6069 6010//6010
f 6011//6011 6068//6068 6009//6009
f 6011//6011 6070//6070 6068//6068
f 6069//6069 6012//6012 6010//6010
f 6071//6071 6012//6012 6069//6069
f 6070//6070 6011//6011 6072//6072
f 6013//6013 6072//6072 6011//6011
f 6012//6012 6073//6073 6014//6014
f 6012//6012 6071//6071 6073//6073
f 6015//6015 6074//6074 6013//6013
f 6013//6013 6074//6074 6072//6072
f 6014//6014 6073//6073 6016//6016
f 6016//6016 6073//6073 6075//6075
f 6015//6015 6076//6076 6074//6074
f 6015//6015 6017//6017 6076//6076
f 6075//6075 6077//6077 6016//6016
f 6018//6018 6016//6016 6077//6077
f 6019//6019 6076//6076 6017//6017
f 6019//6019 6078//6078 6076//6076
f 6077//6077 6020//6020 6018//6018
f 6079//6079 6020//6020 6077//6077
f 6021//6021 6078//6078 6019//6019
f 6021//6021 6080//6080 6078//6078
f 6079//6079 6022//6022 6020//6020
f 6081//6081 6022//6022 6079//6079
f 6023//6023 6080//6080 6021//6021
f 6023//6023 6082//6082 6080//6080
f 6081//6081 6024//6024 6022//6022
f 6083//6083 6024//6024 6081//6081
f 6025//6025 6082//6082 6023//6023
f 6025//6025 6084//6084 6082//6082
f 6024//6024 6085//6085 6026//6026
f 6024//6024 6083//6083 6085//6085
f 6027//6027 6084//6084 6025//6025
f 6027//6027 6086//6086 6084//6084
f 6085//6085 6087//6087 6026//6026
f 6028//6028 6026//6026 6087//6087
f 6029//6029 6086//6086 6027//6027
f 6029//6029 6088//6088 6086//6086
f 6087//6087 6030//6030 6028//6028
f 6089//6089 6030//6030 6087//6087
f 6031//6031 6088//6088 6029//6029
f 6031//6031 6090//6090 6088//6088
f 6089//6089 6032//6032 6030//6030
f 6091//6091 6032//6032 6089//6089
f 6090//6090 6033//6033 6092//6092
f 6090//6090 6031//6031 6033//6033
f 6091//6091 6093//6093 6032//6032
f 6032//6032 6093//6093 6034//6034
f 6094//6094 6092//6092 6035//6035
f 6035//6035 6092//6092 6033//6033
f 6036//6036 6093//6093 6095//6095
f 6036//6036 6034//6034 6093//6093
f 6094//6094 6037//6037 6096//6096
f 6094//6094 6035//6035 6037//6037
f 6095//6095 6038//6038 6036//6036
f 6097//6097 6038//6038 6095//6095
f 6097//6097 6039//6039 6038//6038
f 6097//6097 6098//6098 6039//6039
f 6100//6100 6040//6040 6099//6099
f 6041//6041 6100//6100 6096//6096
f 6041//6041 6040//6040 6100//6100
f 6041//6041 6096//6096 6037//6037
f 6098//6098 6042//6042 6039//6039
f 6101//6101 6042//6042 6098//6098
f 6101//6101 6043//6043 6042//6042
f 6043//6043 6102//6102 6044//6044
f 6101//6101 6102//6102 6043//6043
f 6044//6044 6103//6103 6045//6045
f 6102//6102 6103//6103 6044//6044
f 6045//6045 6104//6104 6046//6046
f 6103//6103 6104//6104 6045//6045
f 6046//6046 6105//6105 6047//6047
f 6104//6104 6105//6105 6046//6046
f 6048//6048 6105//6105 6099//6099
f 6048//6048 6047//6047 6105//6105
f 6048//6048 6099//6099 6040//6040
f 6106//6106 6053//6053 6054//6054
f 6054//6054 6107//6107 6106//6106
f 6054//6054 6055//6055 6107//6107
f 6108//6108 6055//6055 6049//6049
f 6108//6108 6107//6107 6055//6055
f 6109//6109 6049//6049 6050//6050
f 6109//6109 6108//6108 6049//6049
f 6110//6110 6050//6050 6051//6051
f 6110//6110 6109//6109 6050//6050
f 6111//6111 6051//6051 6052//6052
f 6111//6111 6110//6110 6051//6051
f 6112//6112 6052//6052 6056//6056
f 6112//6112 6111//6111 6052//6052
f 6112//6112 6057//6057 6113//6113
f 6112//6112 6056//6056 6057//6057
f 6058//6058 6113//6113 6057//6057
f 6115//6115 6114//6114 6053//6053
f 6053//6053 6114//6114 6059//6059
f 6115//6115 6053//6053 6106//6106
f 6116//6116 6113//6113 6058//6058
f 6058//6058 6060//6060 6116//6116
f 6116//6116 6060//6060 6117//6117
f 6118//6118 6061//6061 6059//6059
f 6114//6114 6118//6118 6059//6059
f 6060//6060 6062//6062 6117//6117
f 6117//6117 6062//6062 6119//6119
f 6120//6120 6061//6061 6118//6118
f 6120//6120 6063//6063 6061//6061
f 6064//6064 6119//6119 6062//6062
f 6064//6064 6121//6121 6119//6119
f 6120//6120 6065//6065 6063//6063
f 6122//6122 6065//6065 6120//6120
f 6121//6121 6064//6064 6123//6123
f 6066//6066 6123//6123 6064//6064
f 6122//6122 6124//6124 6065//6065
f 6065//6065 6124//6124 6067//6067
f 6066//6066 6125//6125 6123//6123
f 6066//6066 6068//6068 6125//6125
f 6124//6124 6069//6069 6067//6067
f 6126//6126 6069//6069 6124//6124
f 6070//6070 6125//6125 6068//6068
f 6070//6070 6127//6127 6125//6125
f 6126//6126 6071//6071 6069//6069
f 6128//6128 6071//6071 6126//6126
f 6072//6072 6127//6127 6070//6070
f 6072//6072 6129//6129 6127//6127
f 6128//6128 6073//6073 6071//6071
f 6130//6130 6073//6073 6128//6128
f 6074//6074 6129//6129 6072//6072
f 6074//6074 6131//6131 6129//6129
f 6130//6130 6075//6075 6073//6073
f 6132//6132 6075//6075 6130//6130
f 6131//6131 6074//6074 6133//6133
f 6076//6076 6133//6133 6074//6074
f 6075//6075 6134//6134 6077//6077
f 6075//6075 6132//6132 6134//6134
f 6078//6078 6135//6135 6076//6076
f 6076//6076 6135//6135 6133//6133
f 6077//6077 6134//6134 6079//6079
f 6079//6079 6134//6134 6136//6136
f 6080//6080 6137//6137 6078//6078
f 6078//6078 6137//6137 6135//6135
f 6136//6136 6138//6138 6079//6079
f 6081//6081 6079//6079 6138//6138
f 6082//6082 6139//6139 6080//6080
f 6080//6080 6139//6139 6137//6137
f 6138//6138 6083//6083 6081//6081
f 6140//6140 6083//6083 6138//6138
f 6084//6084 6141//6141 6082//6082
f 6082//6082 6141//6141 6139//6139
f 6140//6140 6085//6085 6083//6083
f 6142//6142 6085//6085 6140//6140
f 6086//6086 6143//6143 6084//6084
f 6084//6084 6143//6143 6141//6141
f 6142//6142 6144//6144 6085//6085
f 6085//6085 6144//6144 6087//6087
f 6088//6088 6145//6145 6086//6086
f 6086//6086 6145//6145 6143//6143
f 6144//6144 6089//6089 6087//6087
f 6146//6146 6089//6089 6144//6144
f 6090//6090 6147//6147 6088//6088
f 6088//6088 6147//6147 6145//6145
f 6146//6146 6091//6091 6089//6089
f 6148//6148 6091//6091 6146//6146
f 6149//6149 6147//6147 6092//6092
f 6092//6092 6147//6147 6090//6090
f 6148//6148 6150//6150 6091//6091
f 6091//6091 6150//6150 6093//6093
f 6149//6149 6094//6094 6151//6151
f 6149//6149 6092//6092 6094//6094
f 6150//6150 6152//6152 6093//6093
f 6093//6093 6152//6152 6095//6095
f 6096//6096 6153//6153 6151//6151
f 6096//6096 6151//6151 6094//6094
f 6152//6152 6154//6154 6095//6095
f 6095//6095 6154//6154 6097//6097
f 6097//6097 6155//6155 6098//6098
f 6154//6154 6155//6155 6097//6097
f 6155//6155 6156//6156 6098//6098
f 6161//6161 6099//6099 6160//6160
f 6100//6100 6161//6161 6153//6153
f 6100//6100 6099//6099 6161//6161
f 6100//6100 6153//6153 6096//6096
f 6156//6156 6101//6101 6098//6098
f 6101//6101 6156//6156 6102//6102
f 6102//6102 6156//6156 6157//6157
f 6102//6102 6157//6157 6103//6103
f 6103//6103 6157//6157 6158//6158
f 6103//6103 6158//6158 6104//6104
f 6104//6104 6158//6158 6159//6159
f 6104//6104 6159//6159 6105//6105
f 6105//6105 6159//6159 6160//6160
f 6105//6105 6160//6160 6099//6099
f 6162//6162 6106//6106 6107//6107
f 6107//6107 6163//6163 6162//6162
f 6107//6107 6108//6108 6163//6163
f 6164//6164 6108//6108 6109//6109
f 6164//6164 6163//6163 6108//6108
f 6165//6165 6109//6109 6110//6110
f 6165//6165 6164//6164 6109//6109
f 6166//6166 6110//6110 6111//6111
f 6166//6166 6165//6165 6110//6110
f 6166//6166 6112//6112 6167//6167
f 6166//6166 6111//6111 6112//6112
f 6113//6113 6167//6167 6112//6112
f 6168//6168 6114//6114 6115//6115
f 6115//6115 6169//6169 6168//6168
f 6115//6115 6106//6106 6169//6169
f 6169//6169 6106//6106 6162//6162
f 6170//6170 6167//6167 6113//6113
f 6170//6170 6116//6116 6171//6171
f 6170//6170 6113//6113 6116//6116
f 6117//6117 6171//6171 6116//6116
f 6172//6172 6114//6114 6168//6168
f 6172//6172 6118//6118 6114//6114
f 6173//6173 6171//6171 6117//6117
f 6119//6119 6173//6173 6117//6117
f 6172//6172 6174//6174 6118//6118
f 6118//6118 6174//6174 6120//6120
f 6119//6119 6175//6175 6173//6173
f 6119//6119 6121//6121 6175//6175
f 6174//6174 6122//6122 6120//6120
f 6176//6176 6122//6122 6174//6174
f 6123//6123 6175//6175 6121//6121
f 6123//6123 6177//6177 6175//6175
f 6176//6176 6178//6178 6122//6122
f 6122//6122 6178//6178 6124//6124
f 6177//6177 6123//6123 6179//6179
f 6125//6125 6179//6179 6123//6123
f 6178//6178 6126//6126 6124//6124
f 6180//6180 6126//6126 6178//6178
f 6127//6127 6181//6181 6125//6125
f 6125//6125 6181//6181 6179//6179
f 6180//6180 6128//6128 6126//6126
f 6182//6182 6128//6128 6180//6180
f 6127//6127 6183//6183 6181//6181
f 6127//6127 6129//6129 6183//6183
f 6182//6182 6130//6130 6128//6128
f 6184//6184 6130//6130 6182//6182
f 6131//6131 6183//6183 6129//6129
f 6131//6131 6185//6185 6183//6183
f 6184//6184 6132//6132 6130//6130
f 6186//6186 6132//6132 6184//6184
f 6133//6133 6185//6185 6131//6131
f 6133//6133 6187//6187 6185//6185
f 6186//6186 6134//6134 6132//6132
f 6188//6188 6134//6134 6186//6186
f 6135//6135 6187//6187 6133//6133
f 6135//6135 6189//6189 6187//6187
f 6188//6188 6136//6136 6134//6134
f 6190//6190 6136//6136 6188//6188
f 6137//6137 6189//6189 6135//6135
f 6137//6137 6191//6191 6189//6189
f 6136//6136 6192//6192 6138//6138
f 6136//6136 6190//6190 6192//6192
f 6139//6139 6191//6191 6137//6137
f 6139//6139 6193//6193 6191//6191
f 6192//6192 6194//6194 6138//6138
f 6140//6140 6138//6138 6194//6194
f 6141//6141 6193//6193 6139//6139
f 6141//6141 6195//6195 6193//6193
f 6194//6194 6142//6142 6140//6140
f 6196//6196 6142//6142 6194//6194
f 6143//6143 6195//6195 6141//6141
f 6143//6143 6197//6197 6195//6195
f 6142//6142 6198//6198 6144//6144
f 6142//6142 6196//6196 6198//6198
f 6145//6145 6197//6197 6143//6143
f 6145//6145 6199//6199 6197//6197
f 6198//6198 6200//6200 6144//6144
f 6146//6146 6144//6144 6200//6200
f 6147//6147 6199//6199 6145//6145
f 6147//6147 6201//6201 6199//6199
f 6200//6200 6148//6148 6146//6146
f 6202//6202 6148//6148 6200//6200
f 6201//6201 6149//6149 6203//6203
f 6201//6201 6147//6147 6149//6149
f 6202//6202 6204//6204 6148//6148
f 6148//6148 6204//6204 6150//6150
f 6205//6205 6203//6203 6151//6151
f 6151//6151 6203//6203 6149//6149
f 6204//6204 6206//6206 6150//6150
f 6150//6150 6206//6206 6152//6152
f 6208//6208 6153//6153 6207//6207
f 6151//6151 6153//6153 6205//6205
f 6205//6205 6153//6153 6208//6208
f 6206//6206 6209//6209 6152//6152
f 6152//6152 6209//6209 6154//6154
f 6154//6154 6210//6210 6155//6155
f 6209//6209 6210//6210 6154//6154
f 6155//6155 6211//6211 6156//6156
f 6210//6210 6211//6211 6155//6155
f 6156//6156 6212//6212 6157//6157
f 6211//6211 6212//6212 6156//6156
f 6157//6157 6213//6213 6158//6158
f 6212//6212 6213//6213 6157//6157
f 6158//6158 6214//6214 6159//6159
f 6213//6213 6214//6214 6158//6158
f 6159//6159 6215//6215 6160//6160
f 6214//6214 6215//6215 6159//6159
f 6161//6161 6215//6215 6207//6207
f 6161//6161 6160//6160 6215//6215
f 6161//6161 6207//6207 6153//6153
f 6216//6216 6162//6162 6163//6163
f 6164//6164 6217//6217 6163//6163
f 6163//6163 6217//6217 6216//6216
f 6165//6165 6218//6218 6164//6164
f 6164//6164 6218//6218 6217//6217
f 6166//6166 6219//6219 6165//6165
f 6165//6165 6219//6219 6218//6218
f 6167//6167 6219//6219 6166//6166
f 6221//6221 6220//6220 6169//6169
f 6169//6169 6220//6220 6168//6168
f 6222//6222 6169//6169 6162//6162
f 6222//6222 6221//6221 6169//6169
f 6222//6222 6162//6162 6216//6216
f 6223//6223 6219//6219 6167//6167
f 6223//6223 6170//6170 6224//6224
f 6223//6223 6167//6167 6170//6170
f 6171//6171 6224//6224 6170//6170
f 6220//6220 6225//6225 6168//6168
f 6168//6168 6225//6225 6172//6172
f 6226//6226 6224//6224 6171//6171
f 6171//6171 6173//6173 6226//6226
f 6226//6226 6173//6173 6227//6227
f 6225//6225 6228//6228 6172//6172
f 6172//6172 6228//6228 6174//6174
f 6227//6227 6173//6173 6229//6229
f 6175//6175 6229//6229 6173//6173
f 6228//6228 6176//6176 6174//6174
f 6230//6230 6176//6176 6228//6228
f 6175//6175 6231//6231 6229//6229
f 6175//6175 6177//6177 6231//6231
f 6230//6230 6232//6232 6176//6176
f 6176//6176 6232//6232 6178//6178
f 6179//6179 6231//6231 6177//6177
f 6179//6179 6233//6233 6231//6231
f 6232//6232 6180//6180 6178//6178
f 6234//6234 6180//6180 6232//6232
f 6181//6181 6233//6233 6179//6179
f 6181//6181 6235//6235 6233//6233
f 6234//6234 6182//6182 6180//6180
f 6236//6236 6182//6182 6234//6234
f 6235//6235 6181//6181 6237//6237
f 6183//6183 6237//6237 6181//6181
f 6236//6236 6184//6184 6182//6182
f 6238//6238 6184//6184 6236//6236
f 6185//6185 6239//6239 6183//6183
f 6183//6183 6239//6239 6237//6237
f 6238//6238 6186//6186 6184//6184
f 6240//6240 6186//6186 6238//6238
f 6187//6187 6241//6241 6185//6185
f 6185//6185 6241//6241 6239//6239
f 6240//6240 6188//6188 6186//6186
f 6242//6242 6188//6188 6240//6240
f 6187//6187 6243//6243 6241//6241
f 6187//6187 6189//6189 6243//6243
f 6242//6242 6190//6190 6188//6188
f 6244//6244 6190//6190 6242//6242
f 6191//6191 6243//6243 6189//6189
f 6191//6191 6245//6245 6243//6243
f 6244//6244 6192//6192 6190//6190
f 6246//6246 6192//6192 6244//6244
f 6193//6193 6245//6245 6191//6191
f 6193//6193 6247//6247 6245//6245
f 6192//6192 6248//6248 6194//6194
f 6192//6192 6246//6246 6248//6248
f 6195//6195 6247//6247 6193//6193
f 6195//6195 6249//6249 6247//6247
f 6248//6248 6250//6250 6194//6194
f 6196//6196 6194//6194 6250//6250
f 6249//6249 6197//6197 6251//6251
f 6249//6249 6195//6195 6197//6197
f 6250//6250 6198//6198 6196//6196
f 6252//6252 6198//6198 6250//6250
f 6199//6199 6253//6253 6197//6197
f 6197//6197 6253//6253 6251//6251
f 6252//6252 6254//6254 6198//6198
f 6198//6198 6254//6254 6200//6200
f 6201//6201 6255//6255 6199//6199
f 6199//6199 6255//6255 6253//6253
f 6254//6254 6202//6202 6200//6200
f 6256//6256 6202//6202 6254//6254
f 6257//6257 6255//6255 6203//6203
f 6203//6203 6255//6255 6201//6201
f 6256//6256 6258//6258 6202//6202
f 6202//6202 6258//6258 6204//6204
f 6257//6257 6205//6205 6259//6259
f 6257//6257 6203//6203 6205//6205
f 6258//6258 6260//6260 6204//6204
f 6204//6204 6260//6260 6206//6206
f 6262//6262 6207//6207 6261//6261
f 6208//6208 6262//6262 6259//6259
f 6208//6208 6207//6207 6262//6262
f 6208//6208 6259//6259 6205//6205
f 6260//6260 6263//6263 6206//6206
f 6206//6206 6263//6263 6209//6209
f 6209//6209 6264//6264 6210//6210
f 6263//6263 6264//6264 6209//6209
f 6210//6210 6265//6265 6211//6211
f 6264//6264 6265//6265 6210//6210
f 6211//6211 6266//6266 6212//6212
f 6265//6265 6266//6266 6211//6211
f 6212//6212 6267//6267 6213//6213
f 6266//6266 6267//6267 6212//6212
f 6213//6213 6268//6268 6214//6214
f 6267//6267 6268//6268 6213//6213
f 6215//6215 6268//6268 6261//6261
f 6215//6215 6214//6214 6268//6268
f 6215//6215 6261//6261 6207//6207
f 6269//6269 6220//6220 6221//6221
f 6221//6221 6270//6270 6269//6269
f 6221//6221 6222//6222 6270//6270
f 6271//6271 6222//6222 6216//6216
f 6271//6271 6270//6270 6222//6222
f 6272//6272 6216//6216 6217//6217
f 6272//6272 6271//6271 6216//6216
f 6273//6273 6217//6217 6218//6218
f 6273//6273 6272//6272 6217//6217
f 6274//6274 6218//6218 6219//6219
f 6274//6274 6273//6273 6218//6218
f 6274//6274 6223//6223 6275//6275
f 6274//6274 6219//6219 6223//6223
f 6224//6224 6275//6275 6223//6223
f 6277//6277 6276//6276 6220//6220
f 6220//6220 6276//6276 6225//6225
f 6277//6277 6220//6220 6269//6269
f 6278//6278 6275//6275 6224//6224
f 6278//6278 6226//6226 6279//6279
f 6278//6278 6224//6224 6226//6226
f 6227//6227 6279//6279 6226//6226
f 6276//6276 6280//6280 6225//6225
f 6225//6225 6280//6280 6228//6228
f 6227//6227 6281//6281 6279//6279
f 6227//6227 6229//6229 6281//6281
f 6280//6280 6230//6230 6228//6228
f 6282//6282 6230//6230 6280//6280
f 6281//6281 6229//6229 6283//6283
f 6231//6231 6283//6283 6229//6229
f 6282//6282 6284//6284 6230//6230
f 6230//6230 6284//6284 6232//6232
f 6231//6231 6285//6285 6283//6283
f 6231//6231 6233//6233 6285//6285
f 6284//6284 6234//6234 6232//6232
f 6286//6286 6234//6234 6284//6284
f 6235//6235 6285//6285 6233//6233
f 6235//6235 6287//6287 6285//6285
f 6286//6286 6236//6236 6234//6234
f 6288//6288 6236//6236 6286//6286
f 6237//6237 6287//6287 6235//6235
f 6237//6237 6289//6289 6287//6287
f 6288//6288 6238//6238 6236//6236
f 6290//6290 6238//6238 6288//6288
f 6239//6239 6289//6289 6237//6237
f 6239//6239 6291//6291 6289//6289
f 6290//6290 6240//6240 6238//6238
f 6292//6292 6240//6240 6290//6290
f 6241//6241 6291//6291 6239//6239
f 6241//6241 6293//6293 6291//6291
f 6292//6292 6242//6242 6240//6240
f 6294//6294 6242//6242 6292//6292
f 6293//6293 6241//6241 6295//6295
f 6243//6243 6295//6295 6241//6241
f 6294//6294 6244//6244 6242//6242
f 6296//6296 6244//6244 6294//6294
f 6245//6245 6297//6297 6243//6243
f 6243//6243 6297//6297 6295//6295
f 6296//6296 6246//6246 6244//6244
f 6298//6298 6246//6246 6296//6296
f 6247//6247 6299//6299 6245//6245
f 6245//6245 6299//6299 6297//6297
f 6298//6298 6248//6248 6246//6246
f 6300//6300 6248//6248 6298//6298
f 6249//6249 6301//6301 6247//6247
f 6247//6247 6301//6301 6299//6299
f 6300//6300 6302//6302 6248//6248
f 6248//6248 6302//6302 6250//6250
f 6303//6303 6301//6301 6251//6251
f 6251//6251 6301//6301 6249//6249
f 6302//6302 6252//6252 6250//6250
f 6304//6304 6252//6252 6302//6302
f 6253//6253 6303//6303 6251//6251
f 6253//6253 6305//6305 6303//6303
f 6252//6252 6306//6306 6254//6254
f 6252//6252 6304//6304 6306//6306
f 6305//6305 6255//6255 6307//6307
f 6305//6305 6253//6253 6255//6255
f 6306//6306 6308//6308 6254//6254
f 6256//6256 6254//6254 6308//6308
f 6257//6257 6309//6309 6255//6255
f 6255//6255 6309//6309 6307//6307
f 6308//6308 6310//6310 6256//6256
f 6256//6256 6310//6310 6258//6258
f 6259//6259 6311//6311 6309//6309
f 6259//6259 6309//6309 6257//6257
f 6310//6310 6312//6312 6258//6258
f 6258//6258 6312//6312 6260//6260
f 6314//6314 6261//6261 6313//6313
f 6262//6262 6314//6314 6311//6311
f 6262//6262 6261//6261 6314//6314
f 6262//6262 6311//6311 6259//6259
f 6312//6312 6315//6315 6260//6260
f 6260//6260 6315//6315 6263//6263
f 6263//6263 6316//6316 6264//6264
f 6315//6315 6316//6316 6263//6263
f 6264//6264 6317//6317 6265//6265
f 6316//6316 6317//6317 6264//6264
f 6265//6265 6318//6318 6266//6266
f 6317//6317 6318//6318 6265//6265
f 6266//6266 6319//6319 6267//6267
f 6318//6318 6319//6319 6266//6266
f 6268//6268 6319//6319 6313//6313
f 6268//6268 6267//6267 6319//6319
f 6268//6268 6313//6313 6261//6261
f 6320//6320 6269//6269 6270//6270
f 6271//6271 6321//6321 6270//6270
f 6270//6270 6321//6321 6320//6320
f 6271//6271 6322//6322 6321//6321
f 6271//6271 6272//6272 6322//6322
f 6323//6323 6272//6272 6273//6273
f 6323//6323 6322//6322 6272//6272
f 6323//6323 6274//6274 6324//6324
f 6323//6323 6273//6273 6274//6274
f 6275//6275 6324//6324 6274//6274
f 6325//6325 6276//6276 6277//6277
f 6277//6277 6326//6326 6325//6325
f 6277//6277 6269//6269 6326//6326
f 6326//6326 6269//6269 6320//6320
f 6327//6327 6324//6324 6275//6275
f 6327//6327 6278//6278 6328//6328
f 6327//6327 6275//6275 6278//6278
f 6279//6279 6328//6328 6278//6278
f 6329//6329 6280//6280 6276//6276
f 6325//6325 6329//6329 6276//6276
f 6330//6330 6328//6328 6279//6279
f 6279//6279 6281//6281 6330//6330
f 6330//6330 6281//6281 6331//6331
f 6332//6332 6280//6280 6329//6329
f 6332//6332 6282//6282 6280//6280
f 6283//6283 6331//6331 6281//6281
f 6283//6283 6333//6333 6331//6331
f 6332//6332 6334//6334 6282//6282
f 6282//6282 6334//6334 6284//6284
f 6333//6333 6283//6283 6335//6335
f 6285//6285 6335//6335 6283//6283
f 6334//6334 6286//6286 6284//6284
f 6336//6336 6286//6286 6334//6334
f 6285//6285 6337//6337 6335//6335
f 6285//6285 6287//6287 6337//6337
f 6336//6336 6288//6288 6286//6286
f 6338//6338 6288//6288 6336//6336
f 6289//6289 6337//6337 6287//6287
f 6289//6289 6339//6339 6337//6337
f 6338//6338 6290//6290 6288//6288
f 6340//6340 6290//6290 6338//6338
f 6291//6291 6339//6339 6289//6289
f 6291//6291 6341//6341 6339//6339
f 6340//6340 6342//6342 6292//6292
f 6290//6290 6340//6340 6292//6292
f 6293//6293 6341//6341 6291//6291
f 6293//6293 6343//6343 6341//6341
f 6292//6292 6342//6342 6294//6294
f 6294//6294 6342//6342 6344//6344
f 6295//6295 6343//6343 6293//6293
f 6295//6295 6345//6345 6343//6343
f 6344//6344 6346//6346 6294//6294
f 6296//6296 6294//6294 6346//6346
f 6297//6297 6345//6345 6295//6295
f 6297//6297 6347//6347 6345//6345
f 6346//6346 6298//6298 6296//6296
f 6348//6348 6298//6298 6346//6346
f 6299//6299 6347//6347 6297//6297
f 6299//6299 6349//6349 6347//6347
f 6348//6348 6300//6300 6298//6298
f 6350//6350 6300//6300 6348//6348
f 6301//6301 6349//6349 6299//6299
f 6301//6301 6351//6351 6349//6349
f 6300//6300 6352//6352 6302//6302
f 6300//6300 6350//6350 6352//6352
f 6303//6303 6351//6351 6301//6301
f 6303//6303 6353//6353 6351//6351
f 6352//6352 6354//6354 6302//6302
f 6304//6304 6302//6302 6354//6354
f 6353//6353 6305//6305 6355//6355
f 6353//6353 6303//6303 6305//6305
f 6354//6354 6306//6306 6304//6304
f 6356//6356 6306//6306 6354//6354
f 6357//6357 6355//6355 6307//6307
f 6307//6307 6355//6355 6305//6305
f 6356//6356 6358//6358 6306//6306
f 6306//6306 6358//6358 6308//6308
f 6309//6309 6357//6357 6307//6307
f 6309//6309 6359//6359 6357//6357
f 6358//6358 6360//6360 6308//6308
f 6308//6308 6360//6360 6310//6310
f 6309//6309 6311//6311 6359//6359
f 6359//6359 6311//6311 6361//6361
f 6360//6360 6362//6362 6310//6310
f 6310//6310 6362//6362 6312//6312
f 6364//6364 6313//6313 6363//6363
f 6313//6313 6365//6365 6314//6314
f 6364//6364 6365//6365 6313//6313
f 6311//6311 6314//6314 6361//6361
f 6361//6361 6314//6314 6365//6365
f 6362//6362 6366//6366 6312//6312
f 6312//6312 6366//6366 6315//6315
f 6315//6315 6367//6367 6316//6316
f 6366//6366 6367//6367 6315//6315
f 6316//6316 6368//6368 6317//6317
f 6367//6367 6368//6368 6316//6316
f 6317//6317 6369//6369 6318//6318
f 6368//6368 6369//6369 6317//6317
f 6319//6319 6369//6369 6363//6363
f 6319//6319 6318//6318 6369//6369
f 6319//6319 6363//6363 6313//6313
f 6370//6370 6321//6321 6322//6322
f 6323//6323 6371//6371 6322//6322
f 6322//6322 6371//6371 6370//6370
f 6324//6324 6371//6371 6323//6323
f 6373//6373 6372//6372 6326//6326
f 6326//6326 6372//6372 6325//6325
f 6374//6374 6326//6326 6320//6320
f 6374//6374 6373//6373 6326//6326
f 6375//6375 6320//6320 6321//6321
f 6375//6375 6374//6374 6320//6320
f 6375//6375 6321//6321 6370//6370
f 6376//6376 6371//6371 6324//6324
f 6377//6377 6324//6324 6327//6327
f 6377//6377 6376//6376 6324//6324
f 6327//6327 6328//6328 6377//6377
f 6377//6377 6328//6328 6378//6378
f 6372//6372 6379//6379 6325//6325
f 6325//6325 6379//6379 6329//6329
f 6378//6378 6330//6330 6380//6380
f 6378//6378 6328//6328 6330//6330
f 6331//6331 6380//6380 6330//6330
f 6379//6379 6381//6381 6329//6329
f 6329//6329 6381//6381 6332//6332
f 6331//6331 6382//6382 6380//6380
f 6331//6331 6333//6333 6382//6382
f 6383//6383 6334//6334 6332//6332
f 6381//6381 6383//6383 6332//6332
f 6335//6335 6382//6382 6333//6333
f 6335//6335 6384//6384 6382//6382
f 6385//6385 6334//6334 6383//6383
f 6385//6385 6336//6336 6334//6334
f 6384//6384 6335//6335 6386//6386
f 6337//6337 6386//6386 6335//6335
f 6385//6385 6338//6338 6336//6336
f 6387//6387 6338//6338 6385//6385
f 6339//6339 6388//6388 6337//6337
f 6337//6337 6388//6388 6386//6386
f 6387//6387 6389//6389 6340//6340
f 6338//6338 6387//6387 6340//6340
f 6341//6341 6390//6390 6339//6339
f 6339//6339 6390//6390 6388//6388
f 6389//6389 6342//6342 6340//6340
f 6389//6389 6391//6391 6342//6342
f 6341//6341 6392//6392 6390//6390
f 6341//6341 6343//6343 6392//6392
f 6391//6391 6344//6344 6342//6342
f 6393//6393 6344//6344 6391//6391
f 6345//6345 6392//6392 6343//6343
f 6345//6345 6394//6394 6392//6392
f 6344//6344 6395//6395 6346//6346
f 6344//6344 6393//6393 6395//6395
f 6347//6347 6394//6394 6345//6345
f 6347//6347 6396//6396 6394//6394
f 6395//6395 6397//6397 6346//6346
f 6348//6348 6346//6346 6397//6397
f 6396//6396 6349//6349 6398//6398
f 6396//6396 6347//6347 6349//6349
f 6397//6397 6350//6350 6348//6348
f 6399//6399 6350//6350 6397//6397
f 6351//6351 6400//6400 6349//6349
f 6349//6349 6400//6400 6398//6398
f 6399//6399 6352//6352 6350//6350
f 6401//6401 6352//6352 6399//6399
f 6353//6353 6402//6402 6351//6351
f 6351//6351 6402//6402 6400//6400
f 6352//6352 6403//6403 6354//6354
f 6352//6352 6401//6401 6403//6403
f 6404//6404 6402//6402 6355//6355
f 6355//6355 6402//6402 6353//6353
f 6403//6403 6405//6405 6354//6354
f 6356//6356 6354//6354 6405//6405
f 6357//6357 6404//6404 6355//6355
f 6357//6357 6406//6406 6404//6404
f 6405//6405 6407//6407 6356//6356
f 6356//6356 6407//6407 6358//6358
f 6406//6406 6359//6359 6408//6408
f 6406//6406 6357//6357 6359//6359
f 6358//6358 6409//6409 6360//6360
f 6358//6358 6407//6407 6409//6409
f 6361//6361 6410//6410 6408//6408
f 6361//6361 6408//6408 6359//6359
f 6409//6409 6411//6411 6360//6360
f 6411//6411 6362//6362 6360//6360
f 6411//6411 6412//6412 6362//6362
f 6363//6363 6414//6414 6364//6364
f 6413//6413 6414//6414 6363//6363
f 6365//6365 6414//6414 6410//6410
f 6365//6365 6364//6364 6414//6414
f 6365//6365 6410//6410 6361//6361
f 6412//6412 6415//6415 6362//6362
f 6362//6362 6415//6415 6366//6366
f 6366//6366 6416//6416 6367//6367
f 6415//6415 6416//6416 6366//6366
f 6367//6367 6417//6417 6368//6368
f 6416//6416 6417//6417 6367//6367
f 6368//6368 6418//6418 6369//6369
f 6417//6417 6418//6418 6368//6368
f 6363//6363 6369//6369 6413//6413
f 6413//6413 6369//6369 6418//6418
f 6419//6419 6372//6372 6373//6373
f 6373//6373 6420//6420 6419//6419
f 6373//6373 6374//6374 6420//6420
f 6421//6421 6374//6374 6375//6375
f 6421//6421 6420//6420 6374//6374
f 6422//6422 6375//6375 6370//6370
f 6422//6422 6421//6421 6375//6375
f 6423//6423 6370//6370 6371//6371
f 6423//6423 6422//6422 6370//6370
f 6424//6424 6371//6371 6376//6376
f 6424//6424 6423//6423 6371//6371
f 6424//6424 6377//6377 6425//6425
f 6424//6424 6376//6376 6377//6377
f 6378//6378 6425//6425 6377//6377
f 6427//6427 6426//6426 6372//6372
f 6372//6372 6426//6426 6379//6379
f 6427//6427 6372//6372 6419//6419
f 6428//6428 6425//6425 6378//6378
f 6380//6380 6428//6428 6378//6378
f 6426//6426 6429//6429 6379//6379
f 6379//6379 6429//6429 6381//6381
f 6430//6430 6428//6428 6380//6380
f 6382//6382 6430//6430 6380//6380
f 6429//6429 6383//6383 6381//6381
f 6431//6431 6383//6383 6429//6429
f 6382//6382 6432//6432 6430//6430
f 6382//6382 6384//6384 6432//6432
f 6431//6431 6433//6433 6383//6383
f 6383//6383 6433//6433 6385//6385
f 6386//6386 6432//6432 6384//6384
f 6386//6386 6434//6434 6432//6432
f 6433//6433 6387//6387 6385//6385
f 6435//6435 6387//6387 6433//6433
f 6388//6388 6434//6434 6386//6386
f 6388//6388 6436//6436 6434//6434
f 6435//6435 6437//6437 6387//6387
f 6387//6387 6437//6437 6389//6389
f 6390//6390 6436//6436 6388//6388
f 6390//6390 6438//6438 6436//6436
f 6437//6437 6391//6391 6389//6389
f 6439//6439 6391//6391 6437//6437
f 6438//6438 6390//6390 6440//6440
f 6392//6392 6440//6440 6390//6390
f 6439//6439 6393//6393 6391//6391
f 6441//6441 6393//6393 6439//6439
f 6394//6394 6442//6442 6392//6392
f 6392//6392 6442//6442 6440//6440
f 6441//6441 6395//6395 6393//6393
f 6443//6443 6395//6395 6441//6441
f 6396//6396 6444//6444 6394//6394
f 6394//6394 6444//6444 6442//6442
f 6395//6395 6445//6445 6397//6397
f 6395//6395 6443//6443 6445//6445
f 6446//6446 6444//6444 6398//6398
f 6398//6398 6444//6444 6396//6396
f 6445//6445 6447//6447 6397//6397
f 6399//6399 6397//6397 6447//6447
f 6400//6400 6446//6446 6398//6398
f 6400//6400 6448//6448 6446//6446
f 6447//6447 6401//6401 6399//6399
f 6449//6449 6401//6401 6447//6447
f 6402//6402 6448//6448 6400//6400
f 6402//6402 6450//6450 6448//6448
f 6449//6449 6403//6403 6401//6401
f 6451//6451 6403//6403 6449//6449
f 6404//6404 6450//6450 6402//6402
f 6404//6404 6452//6452 6450//6450
f 6451//6451 6453//6453 6403//6403
f 6403//6403 6453//6453 6405//6405
f 6452//6452 6406//6406 6454//6454
f 6452//6452 6404//6404 6406//6406
f 6405//6405 6455//6455 6407//6407
f 6405//6405 6453//6453 6455//6455
f 6456//6456 6454//6454 6408//6408
f 6408//6408 6454//6454 6406//6406
f 6455//6455 6457//6457 6407//6407
f 6409//6409 6407//6407 6457//6457
f 6408//6408 6410//6410 6456//6456
f 6456//6456 6410//6410 6458//6458
f 6457//6457 6459//6459 6409//6409
f 6409//6409 6459//6459 6411//6411
f 6411//6411 6460//6460 6412//6412
f 6459//6459 6460//6460 6411//6411
f 6413//6413 6462//6462 6414//6414
f 6461//6461 6462//6462 6413//6413
f 6410//6410 6414//6414 6458//6458
f 6458//6458 6414//6414 6462//6462
f 6460//6460 6463//6463 6412//6412
f 6412//6412 6463//6463 6415//6415
f 6415//6415 6464//6464 6416//6416
f 6463//6463 6464//6464 6415//6415
f 6416//6416 6465//6465 6417//6417
f 6464//6464 6465//6465 6416//6416
f 6417//6417 6466//6466 6418//6418
f 6465//6465 6466//6466 6417//6417
f 6413//6413 6418//6418 6461//6461
f 6461//6461 6418//6418 6466//6466
f 6467//6467 6419//6419 6420//6420
f 6421//6421 6468//6468 6420//6420
f 6420//6420 6468//6468 6467//6467
f 6422//6422 6469//6469 6421//6421
f 6421//6421 6469//6469 6468//6468
f 6423//6423 6470//6470 6422//6422
f 6422//6422 6470//6470 6469//6469
f 6424//6424 6471//6471 6423//6423
f 6423//6423 6471//6471 6470//6470
f 6425//6425 6471//6471 6424//6424
f 6472//6472 6426//6426 6427//6427
f 6427//6427 6473//6473 6472//6472
f 6427//6427 6419//6419 6473//6473
f 6473//6473 6419//6419 6467//6467
f 6474//6474 6471//6471 6425//6425
f 6425//6425 6428//6428 6474//6474
f 6474//6474 6428//6428 6475//6475
f 6477//6477 6476//6476 6426//6426
f 6426//6426 6476//6476 6429//6429
f 6477//6477 6426//6426 6472//6472
f 6428//6428 6430//6430 6475//6475
f 6475//6475 6430//6430 6478//6478
f 6476//6476 6431//6431 6429//6429
f 6479//6479 6431//6431 6476//6476
f 6478//6478 6430//6430 6480//6480
f 6432//6432 6480//6480 6430//6430
f 6479//6479 6481//6481 6431//6431
f 6431//6431 6481//6481 6433//6433
f 6432//6432 6482//6482 6480//6480
f 6432//6432 6434//6434 6482//6482
f 6481//6481 6435//6435 6433//6433
f 6483//6483 6435//6435 6481//6481
f 6436//6436 6482//6482 6434//6434
f 6436//6436 6484//6484 6482//6482
f 6483//6483 6485//6485 6435//6435
f 6435//6435 6485//6485 6437//6437
f 6438//6438 6484//6484 6436//6436
f 6438//6438 6486//6486 6484//6484
f 6485//6485 6439//6439 6437//6437
f 6487//6487 6439//6439 6485//6485
f 6440//6440 6486//6486 6438//6438
f 6440//6440 6488//6488 6486//6486
f 6487//6487 6441//6441 6439//6439
f 6489//6489 6441//6441 6487//6487
f 6442//6442 6488//6488 6440//6440
f 6442//6442 6490//6490 6488//6488
f 6489//6489 6443//6443 6441//6441
f 6491//6491 6443//6443 6489//6489
f 6444//6444 6490//6490 6442//6442
f 6444//6444 6492//6492 6490//6490
f 6491//6491 6445//6445 6443//6443
f 6493//6493 6445//6445 6491//6491
f 6446//6446 6492//6492 6444//6444
f 6446//6446 6494//6494 6492//6492
f 6445//6445 6495//6495 6447//6447
f 6445//6445 6493//6493 6495//6495
f 6448//6448 6494//6494 6446//6446
f 6448//6448 6496//6496 6494//6494
f 6495//6495 6497//6497 6447//6447
f 6449//6449 6447//6447 6497//6497
f 6496//6496 6450//6450 6498//6498
f 6496//6496 6448//6448 6450//6450
f 6497//6497 6451//6451 6449//6449
f 6499//6499 6451//6451 6497//6497
f 6452//6452 6500//6500 6450//6450
f 6450//6450 6500//6500 6498//6498
f 6499//6499 6501//6501 6451//6451
f 6451//6451 6501//6501 6453//6453
f 6502//6502 6500//6500 6454//6454
f 6454//6454 6500//6500 6452//6452
f 6501//6501 6455//6455 6453//6453
f 6503//6503 6455//6455 6501//6501
f 6502//6502 6456//6456 6504//6504
f 6502//6502 6454//6454 6456//6456
f 6503//6503 6505//6505 6455//6455
f 6455//6455 6505//6505 6457//6457
f 6458//6458 6506//6506 6504//6504
f 6458//6458 6504//6504 6456//6456
f 6505//6505 6507//6507 6457//6457
f 6457//6457 6507//6507 6459//6459
f 6459//6459 6508//6508 6460//6460
f 6507//6507 6508//6508 6459//6459
f 6510//6510 6461//6461 6509//6509
f 6462//6462 6510//6510 6506//6506
f 6462//6462 6461//6461 6510//6510
f 6462//6462 6506//6506 6458//6458
f 6508//6508 6511//6511 6460//6460
f 6460//6460 6511//6511 6463//6463
f 6463//6463 6512//6512 6464//6464
f 6511//6511 6512//6512 6463//6463
f 6464//6464 6513//6513 6465//6465
f 6512//6512 6513//6513 6464//6464
f 6466//6466 6513//6513 6509//6509
f 6466//6466 6465//6465 6513//6513
f 6466//6466 6509//6509 6461//6461
f 6514//6514 6472//6472 6473//6473
f 6473//6473 6515//6515 6514//6514
f 6473//6473 6467//6467 6515//6515
f 6516//6516 6467//6467 6468//6468
f 6516//6516 6515//6515 6467//6467
f 6517//6517 6468//6468 6469//6469
f 6517//6517 6516//6516 6468//6468
f 6518//6518 6469//6469 6470//6470
f 6518//6518 6517//6517 6469//6469
f 6519//6519 6470//6470 6471//6471
f 6519//6519 6518//6518 6470//6470
f 6519//6519 6474//6474 6520//6520
f 6519//6519 6471//6471 6474//6474
f 6475//6475 6520//6520 6474//6474
f 6521//6521 6476//6476 6477//6477
f 6477//6477 6522//6522 6521//6521
f 6477//6477 6472//6472 6522//6522
f 6522//6522 6472//6472 6514//6514
f 6523//6523 6520//6520 6475//6475
f 6478//6478 6523//6523 6475//6475
f 6524//6524 6476//6476 6521//6521
f 6524//6524 6479//6479 6476//6476
f 6478//6478 6525//6525 6523//6523
f 6478//6478 6480//6480 6525//6525
f 6524//6524 6526//6526 6479//6479
f 6479//6479 6526//6526 6481//6481
f 6525//6525 6480//6480 6527//6527
f 6482//6482 6527//6527 6480//6480
f 6526//6526 6483//6483 6481//6481
f 6528//6528 6483//6483 6526//6526
f 6484//6484 6529//6529 6482//6482
f 6482//6482 6529//6529 6527//6527
f 6530//6530 6485//6485 6483//6483
f 6528//6528 6530//6530 6483//6483
f 6486//6486 6531//6531 6484//6484
f 6484//6484 6531//6531 6529//6529
f 6532//6532 6485//6485 6530//6530
f 6532//6532 6487//6487 6485//6485
f 6486//6486 6533//6533 6531//6531
f 6486//6486 6488//6488 6533//6533
f 6532//6532 6489//6489 6487//6487
f 6534//6534 6489//6489 6532//6532
f 6490//6490 6533//6533 6488//6488
f 6490//6490 6535//6535 6533//6533
f 6534//6534 6491//6491 6489//6489
f 6536//6536 6491//6491 6534//6534
f 6492//6492 6535//6535 6490//6490
f 6492//6492 6537//6537 6535//6535
f 6536//6536 6493//6493 6491//6491
f 6538//6538 6493//6493 6536//6536
f 6537//6537 6494//6494 6539//6539
f 6537//6537 6492//6492 6494//6494
f 6538//6538 6495//6495 6493//6493
f 6540//6540 6495//6495 6538//6538
f 6496//6496 6541//6541 6494//6494
f 6494//6494 6541//6541 6539//6539
f 6540//6540 6542//6542 6495//6495
f 6495//6495 6542//6542 6497//6497
f 6543//6543 6541//6541 6498//6498
f 6498//6498 6541//6541 6496//6496
f 6542//6542 6499//6499 6497//6497
f 6544//6544 6499//6499 6542//6542
f 6500//6500 6543//6543 6498//6498
f 6500//6500 6545//6545 6543//6543
f 6544//6544 6546//6546 6499//6499
f 6499//6499 6546//6546 6501//6501
f 6545//6545 6502//6502 6547//6547
f 6545//6545 6500//6500 6502//6502
f 6546//6546 6503//6503 6501//6501
f 6548//6548 6503//6503 6546//6546
f 6549//6549 6547//6547 6504//6504
f 6504//6504 6547//6547 6502//6502
f 6548//6548 6550//6550 6503//6503
f 6503//6503 6550//6550 6505//6505
f 6504//6504 6506//6506 6549//6549
f 6549//6549 6506//6506 6551//6551
f 6550//6550 6552//6552 6505//6505
f 6505//6505 6552//6552 6507//6507
f 6507//6507 6553//6553 6508//6508
f 6552//6552 6553//6553 6507//6507
f 6509//6509 6555//6555 6510//6510
f 6554//6554 6555//6555 6509//6509
f 6506//6506 6510//6510 6551//6551
f 6551//6551 6510//6510 6555//6555
f 6553//6553 6556//6556 6508//6508
f 6508//6508 6556//6556 6511//6511
f 6511//6511 6557//6557 6512//6512
f 6556//6556 6557//6557 6511//6511
f 6512//6512 6558//6558 6513//6513
f 6557//6557 6558//6558 6512//6512
f 6509//6509 6513//6513 6554//6554
f 6554//6554 6513//6513 6558//6558
f 6559//6559 6514//6514 6515//6515
f 6516//6516 6560//6560 6515//6515
f 6515//6515 6560//6560 6559//6559
f 6517//6517 6561//6561 6516//6516
f 6516//6516 6561//6561 6560//6560
f 6518//6518 6562//6562 6517//6517
f 6517//6517 6562//6562 6561//6561
f 6519//6519 6563//6563 6518//6518
f 6518//6518 6563//6563 6562//6562
f 6520//6520 6563//6563 6519//6519
f 6565//6565 6564//6564 6522//6522
f 6522//6522 6564//6564 6521//6521
f 6566//6566 6522//6522 6514//6514
f 6566//6566 6565//6565 6522//6522
f 6566//6566 6514//6514 6559//6559
f 6567//6567 6563//6563 6520//6520
f 6520//6520 6523//6523 6567//6567
f 6567//6567 6523//6523 6568//6568
f 6564//6564 6569//6569 6521//6521
f 6521//6521 6569//6569 6524//6524
f 6568//6568 6523//6523 6570//6570
f 6525//6525 6570//6570 6523//6523
f 6571//6571 6526//6526 6524//6524
f 6569//6569 6571//6571 6524//6524
f 6525//6525 6572//6572 6570//6570
f 6525//6525 6527//6527 6572//6572
f 6573//6573 6526//6526 6571//6571
f 6573//6573 6528//6528 6526//6526
f 6529//6529 6572//6572 6527//6527
f 6529//6529 6574//6574 6572//6572
f 6573//6573 6530//6530 6528//6528
f 6575//6575 6530//6530 6573//6573
f 6531//6531 6574//6574 6529//6529
f 6531//6531 6576//6576 6574//6574
f 6575//6575 6577//6577 6530//6530
f 6530//6530 6577//6577 6532//6532
f 6576//6576 6531//6531 6578//6578
f 6533//6533 6578//6578 6531//6531
f 6577//6577 6534//6534 6532//6532
f 6579//6579 6534//6534 6577//6577
f 6535//6535 6580//6580 6533//6533
f 6533//6533 6580//6580 6578//6578
f 6579//6579 6536//6536 6534//6534
f 6581//6581 6536//6536 6579//6579
f 6537//6537 6582//6582 6535//6535
f 6535//6535 6582//6582 6580//6580
f 6581//6581 6538//6538 6536//6536
f 6583//6583 6538//6538 6581//6581
f 6584//6584 6582//6582 6539//6539
f 6539//6539 6582//6582 6537//6537
f 6583//6583 6540//6540 6538//6538
f 6585//6585 6540//6540 6583//6583
f 6541//6541 6584//6584 6539//6539
f 6541//6541 6586//6586 6584//6584
f 6585//6585 6587//6587 6540//6540
f 6540//6540 6587//6587 6542//6542
f 6543//6543 6586//6586 6541//6541
f 6543//6543 6588//6588 6586//6586
f 6587//6587 6544//6544 6542//6542
f 6589//6589 6544//6544 6587//6587
f 6588//6588 6545//6545 6590//6590
f 6588//6588 6543//6543 6545//6545
f 6589//6589 6591//6591 6544//6544
f 6544//6544 6591//6591 6546//6546
f 6592//6592 6590//6590 6547//6547
f 6547//6547 6590//6590 6545//6545
f 6591//6591 6548//6548 6546//6546
f 6593//6593 6548//6548 6591//6591
f 6592//6592 6549//6549 6594//6594
f 6592//6592 6547//6547 6549//6549
f 6593//6593 6595//6595 6548//6548
f 6548//6548 6595//6595 6550//6550
f 6551//6551 6596//6596 6594//6594
f 6551//6551 6594//6594 6549//6549
f 6595//6595 6597//6597 6550//6550
f 6550//6550 6597//6597 6552//6552
f 6552//6552 6598//6598 6553//6553
f 6597//6597 6598//6598 6552//6552
f 6600//6600 6554//6554 6599//6599
f 6555//6555 6600//6600 6596//6596
f 6555//6555 6554//6554 6600//6600
f 6555//6555 6596//6596 6551//6551
f 6598//6598 6601//6601 6553//6553
f 6553//6553 6601//6601 6556//6556
f 6556//6556 6602//6602 6557//6557
f 6601//6601 6602//6602 6556//6556
f 6558//6558 6602//6602 6599//6599
f 6558//6558 6557//6557 6602//6602
f 6558//6558 6599//6599 6554//6554
f 6603//6603 6564//6564 6565//6565
f 6565//6565 6604//6604 6603//6603
f 6565//6565 6566//6566 6604//6604
f 6605//6605 6566//6566 6559//6559
f 6605//6605 6604//6604 6566//6566
f 6606//6606 6559//6559 6560//6560
f 6606//6606 6605//6605 6559//6559
f 6607//6607 6560//6560 6561//6561
f 6607//6607 6606//6606 6560//6560
f 6608//6608 6561//6561 6562//6562
f 6608//6608 6607//6607 6561//6561
f 6608//6608 6563//6563 6609//6609
f 6608//6608 6562//6562 6563//6563
f 6567//6567 6610//6610 6563//6563
f 6563//6563 6610//6610 6609//6609
f 6568//6568 6610//6610 6567//6567
f 6611//6611 6569//6569 6564//6564
f 6603//6603 6611//6611 6564//6564
f 6568//6568 6612//6612 6610//6610
f 6568//6568 6570//6570 6612//6612
f 6613//6613 6569//6569 6611//6611
f 6613//6613 6571//6571 6569//6569
f 6612//6612 6570//6570 6614//6614
f 6572//6572 6614//6614 6570//6570
f 6613//6613 6615//6615 6571//6571
f 6571//6571 6615//6615 6573//6573
f 6574//6574 6616//6616 6572//6572
f 6572//6572 6616//6616 6614//6614
f 6615//6615 6575//6575 6573//6573
f 6617//6617 6575//6575 6615//6615
f 6574//6574 6618//6618 6616//6616
f 6574//6574 6576//6576 6618//6618
f 6619//6619 6577//6577 6575//6575
f 6617//6617 6619//6619 6575//6575
f 6578//6578 6618//6618 6576//6576
f 6578//6578 6620//6620 6618//6618
f 6621//6621 6577//6577 6619//6619
f 6621//6621 6579//6579 6577//6577
f 6580//6580 6620//6620 6578//6578
f 6580//6580 6622//6622 6620//6620
f 6621//6621 6581//6581 6579//6579
f 6623//6623 6581//6581 6621//6621
f 6582//6582 6622//6622 6580//6580
f 6582//6582 6624//6624 6622//6622
f 6623//6623 6583//6583 6581//6581
f 6625//6625 6583//6583 6623//6623
f 6584//6584 6624//6624 6582//6582
f 6584//6584 6626//6626 6624//6624
f 6625//6625 6585//6585 6583//6583
f 6627//6627 6585//6585 6625//6625
f 6626//6626 6586//6586 6628//6628
f 6626//6626 6584//6584 6586//6586
f 6627//6627 6629//6629 6585//6585
f 6585//6585 6629//6629 6587//6587
f 6588//6588 6630//6630 6586//6586
f 6586//6586 6630//6630 6628//6628
f 6629//6629 6589//6589 6587//6587
f 6631//6631 6589//6589 6629//6629
f 6632//6632 6630//6630 6590//6590
f 6590//6590 6630//6630 6588//6588
f 6631//6631 6633//6633 6589//6589
f 6589//6589 6633//6633 6591//6591
f 6592//6592 6632//6632 6590//6590
f 6592//6592 6634//6634 6632//6632
f 6633//6633 6593//6593 6591//6591
f 6635//6635 6593//6593 6633//6633
f 6592//6592 6594//6594 6634//6634
f 6634//6634 6594//6594 6636//6636
f 6635//6635 6637//6637 6593//6593
f 6593//6593 6637//6637 6595//6595
f 6637//6637 6638//6638 6595//6595
f 6594//6594 6596//6596 6636//6636
f 6636//6636 6596//6596 6639//6639
f 6638//6638 6597//6597 6595//6595
f 6640//6640 6597//6597 6638//6638
f 6640//6640 6598//6598 6597//6597
f 6640//6640 6641//6641 6598//6598
f 6643//6643 6599//6599 6642//6642
f 6599//6599 6644//6644 6600//6600
f 6643//6643 6644//6644 6599//6599
f 6596//6596 6600//6600 6639//6639
f 6639//6639 6600//6600 6644//6644
f 6641//6641 6601//6601 6598//6598
f 6601//6601 6641//6641 6602//6602
f 6602//6602 6641//6641 6642//6642
f 6602//6602 6642//6642 6599//6599
f 6645//6645 6603//6603 6604//6604
f 6605//6605 6646//6646 6604//6604
f 6604//6604 6646//6646 6645//6645
f 6606//6606 6647//6647 6605//6605
f 6605//6605 6647//6647 6646//6646
f 6607//6607 6648//6648 6606//6606
f 6606//6606 6648//6648 6647//6647
f 6608//6608 6649//6649 6607//6607
f 6607//6607 6649//6649 6648//6648
f 6609//6609 6649//6649 6608//6608
f 6651//6651 6650//6650 6603//6603
f 6603//6603 6650//6650 6611//6611
f 6651//6651 6603//6603 6645//6645
f 6652//6652 6649//6649 6609//6609
f 6652//6652 6610//6610 6653//6653
f 6652//6652 6609//6609 6610//6610
f 6612//6612 6653//6653 6610//6610
f 6650//6650 6654//6654 6611//6611
f 6611//6611 6654//6654 6613//6613
f 6614//6614 6655//6655 6612//6612
f 6612//6612 6655//6655 6653//6653
f 6656//6656 6615//6615 6613//6613
f 6654//6654 6656//6656 6613//6613
f 6614//6614 6657//6657 6655//6655
f 6614//6614 6616//6616 6657//6657
f 6658//6658 6615//6615 6656//6656
f 6658//6658 6617//6617 6615//6615
f 6657//6657 6616//6616 6659//6659
f 6618//6618 6659//6659 6616//6616
f 6658//6658 6619//6619 6617//6617
f 6660//6660 6619//6619 6658//6658
f 6620//6620 6661//6661 6618//6618
f 6618//6618 6661//6661 6659//6659
f 6660//6660 6662//6662 6619//6619
f 6619//6619 6662//6662 6621//6621
f 6622//6622 6663//6663 6620//6620
f 6620//6620 6663//6663 6661//6661
f 6662//6662 6623//6623 6621//6621
f 6664//6664 6623//6623 6662//6662
f 6624//6624 6665//6665 6622//6622
f 6622//6622 6665//6665 6663//6663
f 6664//6664 6625//6625 6623//6623
f 6666//6666 6625//6625 6664//6664
f 6626//6626 6667//6667 6624//6624
f 6624//6624 6667//6667 6665//6665
f 6666//6666 6627//6627 6625//6625
f 6668//6668 6627//6627 6666//6666
f 6669//6669 6667//6667 6628//6628
f 6628//6628 6667//6667 6626//6626
f 6668//6668 6670//6670 6627//6627
f 6627//6627 6670//6670 6629//6629
f 6630//6630 6669//6669 6628//6628
f 6630//6630 6671//6671 6669//6669
f 6670//6670 6631//6631 6629//6629
f 6672//6672 6631//6631 6670//6670
f 6671//6671 6632//6632 6673//6673
f 6671//6671 6630//6630 6632//6632
f 6672//6672 6674//6674 6631//6631
f 6631//6631 6674//6674 6633//6633
f 6634//6634 6675//6675 6632//6632
f 6632//6632 6675//6675 6673//6673
f 6635//6635 6674//6674 6676//6676
f 6635//6635 6633//6633 6674//6674
f 6636//6636 6677//6677 6675//6675
f 6636//6636 6675//6675 6634//6634
f 6676//6676 6637//6637 6635//6635
f 6678//6678 6637//6637 6676//6676
f 6678//6678 6638//6638 6637//6637
f 6639//6639 6679//6679 6677//6677
f 6639//6639 6677//6677 6636//6636
f 6678//6678 6680//6680 6638//6638
f 6638//6638 6680//6680 6640//6640
f 6640//6640 6681//6681 6641//6641
f 6680//6680 6681//6681 6640//6640
f 6641//6641 6682//6682 6642//6642
f 6681//6681 6682//6682 6641//6641
f 6642//6642 6683//6683 6643//6643
f 6682//6682 6683//6683 6642//6642
f 6644//6644 6683//6683 6679//6679
f 6644//6644 6643//6643 6683//6683
f 6644//6644 6679//6679 6639//6639
f 6684//6684 6650//6650 6651//6651
f 6645//6645 6685//6685 6651//6651
f 6651//6651 6685//6685 6684//6684
f 6646//6646 6686//6686 6645//6645
f 6645//6645 6686//6686 6685//6685
f 6647//6647 6687//6687 6646//6646
f 6646//6646 6687//6687 6686//6686
f 6648//6648 6688//6688 6647//6647
f 6647//6647 6688//6688 6687//6687
f 6649//6649 6689//6689 6648//6648
f 6648//6648 6689//6689 6688//6688
f 6652//6652 6690//6690 6649//6649
f 6649//6649 6690//6690 6689//6689
f 6653//6653 6690//6690 6652//6652
f 6691//6691 6654//6654 6650//6650
f 6684//6684 6691//6691 6650//6650
f 6690//6690 6692//6692 6689//6689
f 6655//6655 6692//6692 6653//6653
f 6653//6653 6692//6692 6690//6690
f 6693//6693 6654//6654 6691//6691
f 6693//6693 6656//6656 6654//6654
f 6694//6694 6692//6692 6655//6655
f 6657//6657 6694//6694 6655//6655
f 6695//6695 6658//6658 6656//6656
f 6693//6693 6695//6695 6656//6656
f 6659//6659 6696//6696 6657//6657
f 6657//6657 6696//6696 6694//6694
f 6697//6697 6658//6658 6695//6695
f 6697//6697 6660//6660 6658//6658
f 6661//6661 6698//6698 6659//6659
f 6659//6659 6698//6698 6696//6696
f 6699//6699 6662//6662 6660//6660
f 6697//6697 6699//6699 6660//6660
f 6661//6661 6700//6700 6698//6698
f 6661//6661 6663//6663 6700//6700
f 6701//6701 6664//6664 6699//6699
f 6699//6699 6664//6664 6662//6662
f 6665//6665 6700//6700 6663//6663
f 6665//6665 6702//6702 6700//6700
f 6703//6703 6666//6666 6701//6701
f 6701//6701 6666//6666 6664//6664
f 6702//6702 6667//6667 6704//6704
f 6702//6702 6665//6665 6667//6667
f 6705//6705 6668//6668 6703//6703
f 6703//6703 6668//6668 6666//6666
f 6669//6669 6706//6706 6667//6667
f 6667//6667 6706//6706 6704//6704
f 6705//6705 6670//6670 6668//6668
f 6707//6707 6670//6670 6705//6705
f 6671//6671 6708//6708 6669//6669
f 6669//6669 6708//6708 6706//6706
f 6672//6672 6707//6707 6709//6709
f 6672//6672 6670//6670 6707//6707
f 6710//6710 6708//6708 6673//6673
f 6673//6673 6708//6708 6671//6671
f 6709//6709 6674//6674 6672//6672
f 6711//6711 6674//6674 6709//6709
f 6710//6710 6675//6675 6712//6712
f 6710//6710 6673//6673 6675//6675
f 6711//6711 6713//6713 6674//6674
f 6674//6674 6713//6713 6676//6676
f 6714//6714 6712//6712 6677//6677
f 6677//6677 6712//6712 6675//6675
f 6713//6713 6715//6715 6676//6676
f 6676//6676 6715//6715 6678//6678
f 6715//6715 6716//6716 6678//6678
f 6718//6718 6679//6679 6717//6717
f 6677//6677 6679//6679 6714//6714
f 6714//6714 6679//6679 6718//6718
f 6716//6716 6680//6680 6678//6678
f 6719//6719 6680//6680 6716//6716
f 6719//6719 6681//6681 6680//6680
f 6681//6681 6720//6720 6682//6682
f 6719//6719 6720//6720 6681//6681
f 6683//6683 6720//6720 6717//6717
f 6683//6683 6682//6682 6720//6720
f 6683//6683 6717//6717 6679//6679
f 6721//6721 6691//6691 6684//6684
f 6685//6685 6722//6722 6684//6684
f 6684//6684 6722//6722 6721//6721
f 6686//6686 6723//6723 6685//6685
f 6685//6685 6723//6723 6722//6722
f 6687//6687 6724//6724 6686//6686
f 6686//6686 6724//6724 6723//6723
f 6688//6688 6725//6725 6687//6687
f 6687//6687 6725//6725 6724//6724
f 6689//6689 6726//6726 6688//6688
f 6688//6688 6726//6726 6725//6725
f 6692//6692 6726//6726 6689//6689
f 6727//6727 6693//6693 6691//6691
f 6721//6721 6727//6727 6691//6691
f 6726//6726 6728//6728 6725//6725
f 6729//6729 6726//6726 6692//6692
f 6729//6729 6728//6728 6726//6726
f 6694//6694 6729//6729 6692//6692
f 6730//6730 6693//6693 6727//6727
f 6730//6730 6695//6695 6693//6693
f 6729//6729 6731//6731 6728//6728
f 6696//6696 6731//6731 6694//6694
f 6694//6694 6731//6731 6729//6729
f 6732//6732 6697//6697 6695//6695
f 6730//6730 6732//6732 6695//6695
f 6698//6698 6733//6733 6696//6696
f 6696//6696 6733//6733 6731//6731
f 6734//6734 6697//6697 6732//6732
f 6734//6734 6699//6699 6697//6697
f 6735//6735 6733//6733 6698//6698
f 6700//6700 6735//6735 6698//6698
f 6734//6734 6701//6701 6699//6699
f 6736//6736 6701//6701 6734//6734
f 6702//6702 6737//6737 6700//6700
f 6700//6700 6737//6737 6735//6735
f 6736//6736 6703//6703 6701//6701
f 6738//6738 6703//6703 6736//6736
f 6739//6739 6737//6737 6704//6704
f 6704//6704 6737//6737 6702//6702
f 6705//6705 6738//6738 6740//6740
f 6705//6705 6703//6703 6738//6738
f 6739//6739 6706//6706 6741//6741
f 6739//6739 6704//6704 6706//6706
f 6742//6742 6707//6707 6740//6740
f 6740//6740 6707//6707 6705//6705
f 6708//6708 6743//6743 6706//6706
f 6706//6706 6743//6743 6741//6741
f 6742//6742 6709//6709 6707//6707
f 6744//6744 6709//6709 6742//6742
f 6710//6710 6745//6745 6708//6708
f 6708//6708 6745//6745 6743//6743
f 6711//6711 6744//6744 6746//6746
f 6711//6711 6709//6709 6744//6744
f 6712//6712 6747//6747 6745//6745
f 6712//6712 6745//6745 6710//6710
f 6746//6746 6713//6713 6711//6711
f 6746//6746 6748//6748 6713//6713
f 6750//6750 6749//6749 6747//6747
f 6714//6714 6750//6750 6712//6712
f 6712//6712 6750//6750 6747//6747
f 6748//6748 6715//6715 6713//6713
f 6751//6751 6715//6715 6748//6748
f 6751//6751 6716//6716 6715//6715
f 6751//6751 6752//6752 6716//6716
f 6717//6717 6753//6753 6749//6749
f 6717//6717 6749//6749 6718//6718
f 6718//6718 6749//6749 6750//6750
f 6718//6718 6750//6750 6714//6714
f 6752//6752 6719//6719 6716//6716
f 6719//6719 6752//6752 6720//6720
f 6720//6720 6752//6752 6753//6753
f 6720//6720 6753//6753 6717//6717
f 6754//6754 6727//6727 6721//6721
f 6722//6722 6755//6755 6721//6721
f 6721//6721 6755//6755 6754//6754
f 6723//6723 6756//6756 6722//6722
f 6722//6722 6756//6756 6755//6755
f 6724//6724 6757//6757 6723//6723
f 6723//6723 6757//6757 6756//6756
f 6725//6725 6758//6758 6724//6724
f 6724//6724 6758//6758 6757//6757
f 6728//6728 6758//6758 6725//6725
f 6759//6759 6730//6730 6727//6727
f 6754//6754 6759//6759 6727//6727
f 6758//6758 6760//6760 6757//6757
f 6761//6761 6758//6758 6728//6728
f 6761//6761 6760//6760 6758//6758
f 6731//6731 6761//6761 6728//6728
f 6762//6762 6732//6732 6759//6759
f 6759//6759 6732//6732 6730//6730
f 6761//6761 6763//6763 6760//6760
f 6733//6733 6763//6763 6731//6731
f 6731//6731 6763//6763 6761//6761
f 6764//6764 6734//6734 6732//6732
f 6762//6762 6764//6764 6732//6732
f 6766//6766 6763//6763 6733//6733
f 6766//6766 6765//6765 6763//6763
f 6735//6735 6766//6766 6733//6733
f 6767//6767 6736//6736 6764//6764
f 6764//6764 6736//6736 6734//6734
f 6769//6769 6765//6765 6766//6766
f 6768//6768 6765//6765 6769//6769
f 6737//6737 6769//6769 6735//6735
f 6735//6735 6769//6769 6766//6766
f 6770//6770 6738//6738 6767//6767
f 6767//6767 6738//6738 6736//6736
f 6772//6772 6768//6768 6769//6769
f 6771//6771 6768//6768 6772//6772
f 6739//6739 6772//6772 6737//6737
f 6737//6737 6772//6772 6769//6769
f 6770//6770 6740//6740 6738//6738
f 6773//6773 6740//6740 6770//6770
f 6774//6774 6772//6772 6741//6741
f 6774//6774 6771//6771 6772//6772
f 6741//6741 6772//6772 6739//6739
f 6742//6742 6773//6773 6775//6775
f 6742//6742 6740//6740 6773//6773
f 6743//6743 6776//6776 6741//6741
f 6741//6741 6776//6776 6774//6774
f 6777//6777 6744//6744 6775//6775
f 6775//6775 6744//6744 6742//6742
f 6779//6779 6778//6778 6776//6776
f 6745//6745 6779//6779 6743//6743
f 6743//6743 6779//6779 6776//6776
f 6777//6777 6746//6746 6744//6744
f 6777//6777 6780//6780 6746//6746
f 6782//6782 6781//6781 6778//6778
f 6782//6782 6779//6779 6747//6747
f 6782//6782 6778//6778 6779//6779
f 6747//6747 6779//6779 6745//6745
f 6780//6780 6748//6748 6746//6746
f 6780//6780 6783//6783 6748//6748
f 6785//6785 6784//6784 6781//6781
f 6785//6785 6782//6782 6749//6749
f 6785//6785 6781//6781 6782//6782
f 6749//6749 6782//6782 6747//6747
f 6783//6783 6751//6751 6748//6748
f 6751//6751 6783//6783 6752//6752
f 6752//6752 6783//6783 6784//6784
f 6752//6752 6784//6784 6753//6753
f 6753//6753 6784//6784 6785//6785
f 6753//6753 6785//6785 6749//6749
f 6786//6786 6759//6759 6754//6754
f 6755//6755 6787//6787 6754//6754
f 6754//6754 6787//6787 6786//6786
f 6756//6756 6788//6788 6755//6755
f 6755//6755 6788//6788 6787//6787
f 6757//6757 6789//6789 6756//6756
f 6756//6756 6789//6789 6788//6788
f 6760//6760 6789//6789 6757//6757
f 6790//6790 6762//6762 6786//6786
f 6786//6786 6762//6762 6759//6759
f 6791//6791 6786//6786 6787//6787
f 6790//6790 6786//6786 6791//6791
f 6792//6792 6787//6787 6788//6788
f 6791//6791 6787//6787 6792//6792
f 6793//6793 6788//6788 6789//6789
f 6792//6792 6788//6788 6793//6793
f 6794//6794 6789//6789 6760//6760
f 6794//6794 6793//6793 6789//6789
f 6763//6763 6794//6794 6760//6760
f 6795//6795 6764//6764 6762//6762
f 6790//6790 6795//6795 6762//6762
f 6790//6790 6796//6796 6795//6795
f 6790//6790 6791//6791 6796//6796
f 6792//6792 6797//6797 6791//6791
f 6798//6798 6792//6792 6793//6793
f 6797//6797 6792//6792 6798//6798
f 6799//6799 6793//6793 6794//6794
f 6798//6798 6793//6793 6799//6799
f 6765//6765 6799//6799 6763//6763
f 6763//6763 6799//6799 6794//6794
f 6800//6800 6767//6767 6795//6795
f 6795//6795 6767//6767 6764//6764
f 6801//6801 6795//6795 6796//6796
f 6800//6800 6795//6795 6801//6801
f 6798//6798 6802//6802 6797//6797
f 6803//6803 6798//6798 6799//6799
f 6802//6802 6798//6798 6803//6803
f 6768//6768 6803//6803 6765//6765
f 6765//6765 6803//6803 6799//6799
f 6804//6804 6770//6770 6800//6800
f 6800//6800 6770//6770 6767//6767
f 6800//6800 6801//6801 6804//6804
f 6806//6806 6802//6802 6803//6803
f 6805//6805 6802//6802 6806//6806
f 6771//6771 6806//6806 6768//6768
f 6768//6768 6806//6806 6803//6803
f 6807//6807 6773//6773 6804//6804
f 6804//6804 6773//6773 6770//6770
f 6807//6807 6804//6804 6808//6808
f 6810//6810 6805//6805 6806//6806
f 6809//6809 6805//6805 6810//6810
f 6774//6774 6810//6810 6771//6771
f 6771//6771 6810//6810 6806//6806
f 6807//6807 6775//6775 6773//6773
f 6807//6807 6811//6811 6775//6775
f 6807//6807 6808//6808 6811//6811
f 6813//6813 6812//6812 6809//6809
f 6814//6814 6809//6809 6810//6810
f 6813//6813 6809//6809 6814//6814
f 6776//6776 6814//6814 6774//6774
f 6774//6774 6814//6814 6810//6810
f 6815//6815 6777//6777 6811//6811
f 6811//6811 6777//6777 6775//6775
f 6815//6815 6811//6811 6816//6816
f 6817//6817 6816//6816 6812//6812
f 6818//6818 6812//6812 6813//6813
f 6817//6817 6812//6812 6818//6818
f 6818//6818 6814//6814 6778//6778
f 6818//6818 6813//6813 6814//6814
f 6778//6778 6814//6814 6776//6776
f 6815//6815 6780//6780 6777//6777
f 6815//6815 6819//6819 6780//6780
f 6815//6815 6816//6816 6819//6819
f 6820//6820 6816//6816 6817//6817
f 6819//6819 6816//6816 6820//6820
f 6820//6820 6818//6818 6781//6781
f 6820//6820 6817//6817 6818//6818
f 6781//6781 6818//6818 6778//6778
f 6819//6819 6783//6783 6780//6780
f 6783//6783 6819//6819 6784//6784
f 6784//6784 6819//6819 6820//6820
f 6784//6784 6820//6820 6781//6781
f 6821//6821 6796//6796 6791//6791
f 6797//6797 6821//6821 6791//6791
f 6822//6822 6801//6801 6821//6821
f 6821//6821 6801//6801 6796//6796
f 6823//6823 6821//6821 6797//6797
f 6823//6823 6822//6822 6821//6821
f 6802//6802 6823//6823 6797//6797
f 6824//6824 6804//6804 6801//6801
f 6822//6822 6824//6824 6801//6801
f 6822//6822 6825//6825 6824//6824
f 6826//6826 6822//6822 6823//6823
f 6825//6825 6822//6822 6826//6826
f 6805//6805 6826//6826 6802//6802
f 6802//6802 6826//6826 6823//6823
f 6824//6824 6808//6808 6804//6804
f 6824//6824 6827//6827 6808//6808
f 6824//6824 6825//6825 6827//6827
f 6828//6828 6825//6825 6826//6826
f 6827//6827 6825//6825 6828//6828
f 6809//6809 6828//6828 6805//6805
f 6805//6805 6828//6828 6826//6826
f 6829//6829 6811//6811 6827//6827
f 6827//6827 6811//6811 6808//6808
f 6829//6829 6828//6828 6812//6812
f 6829//6829 6827//6827 6828//6828
f 6812//6812 6828//6828 6809//6809
f 6829//6829 6816//6816 6811//6811
f 6816//6816 6829//6829 6812//6812

