# https://github.com/mikedh/trimesh
v -18.15093887 -6.28035164 31.61855543
v -17.65028590 -6.28035164 31.11435395
v -17.65028590 -6.78277993 31.61855543
v -17.65028590 -6.28035164 32.12275690
v -18.15093887 -5.77792335 31.11435395
v -17.65028590 -5.77792335 30.61015248
v -18.15093887 -5.77792335 31.61855543
v -18.15093887 -5.77792335 32.12275690
v -17.65028590 -6.28035164 32.62695837
v -18.15093887 -5.77792335 32.62695837
v -17.65028590 -5.77792335 33.13115984
v -18.15093887 -5.27549505 31.11435395
v -17.65028590 -5.27549505 30.61015248
v -18.15093887 -5.27549505 31.61855543
v -18.15093887 -5.27549505 32.12275690
v -18.15093887 -5.27549505 32.62695837
v -17.65028590 -5.27549505 33.13115984
v -18.15093887 -4.77306676 31.11435395
v -17.65028590 -4.77306676 30.61015248
v -18.15093887 -4.77306676 31.61855543
v -18.15093887 -4.77306676 32.12275690
v -18.15093887 -4.77306676 32.62695837
v -18.15093887 -4.77306676 33.13115984
v -17.65028590 -4.77306676 33.63536131
v -17.65028590 -4.27063847 31.11435395
v -18.15093887 -4.27063847 31.61855543
v -18.15093887 -4.27063847 32.12275690
v -18.15093887 -4.27063847 32.62695837
v -18.15093887 -4.27063847 33.13115984
v -17.65028590 -4.27063847 33.63536131
v -17.65028590 -3.76821017 31.61855543
v -18.15093887 -3.76821017 32.12275690
v -18.15093887 -3.76821017 32.62695837
v -17.65028590 -3.76821017 33.13115984
v -17.65028590 -3.26578188 32.12275690
v -17.65028590 -3.26578188 32.62695837
v -17.14963293 -6.78277993 31.11435395
v -17.14963293 -7.28520823 31.61855543
v -17.14963293 -6.78277993 32.12275690
v -17.14963293 -6.28035164 30.61015248
v -17.14963293 -6.78277993 32.62695837
v -17.14963293 -6.28035164 33.13115984
v -17.14963293 -5.77792335 30.10595101
v -17.14963293 -5.77792335 33.63536131
v -17.14963293 -5.27549505 30.10595101
v -17.65028590 -5.27549505 33.63536131
v -17.14963293 -5.27549505 34.13956279
v -17.14963293 -4.77306676 30.10595101
v -17.14963293 -4.77306676 34.13956279
v -17.14963293 -4.27063847 30.61015248
v -17.14963293 -4.27063847 34.13956279
v -17.65028590 -3.76821017 31.11435395
v -17.14963293 -3.76821017 30.61015248
v -17.65028590 -3.76821017 33.63536131
v -17.14963293 -3.76821017 34.13956279
v -17.65028590 -3.26578188 31.11435395
v -17.14963293 -3.26578188 30.61015248
v -17.65028590 -3.26578188 31.61855543
v -17.65028590 -3.26578188 33.13115984
v -17.65028590 -3.26578188 33.63536131
v -17.14963293 -3.26578188 34.13956279
v -17.14963293 -2.76335359 31.11435395
v -17.65028590 -2.76335359 31.61855543
v -17.65028590 -2.76335359 32.12275690
v -17.65028590 -2.76335359 32.62695837
v -17.65028590 -2.76335359 33.13115984
v -17.65028590 -2.76335359 33.63536131
v -17.14963293 -2.76335359 34.13956279
v -17.65028590 -2.26092529 31.61855543
v -17.14963293 -2.26092529 31.11435395
v -17.65028590 -2.26092529 32.12275690
v -17.65028590 -2.26092529 32.62695837
v -17.65028590 -2.26092529 33.13115984
v -17.65028590 -2.26092529 33.63536131
v -17.14963293 -2.26092529 34.13956279
v -17.14963293 -1.75849700 31.61855543
v -17.14963293 -1.75849700 32.12275690
v -17.65028590 -1.75849700 32.62695837
v -17.65028590 -1.75849700 33.13115984
v -17.14963293 -1.75849700 33.63536131
v -17.14963293 -1.25606871 32.62695837
v -17.14963293 -1.25606871 33.13115984
v -16.64897996 -6.78277993 30.61015248
v -16.64897996 -7.28520823 31.11435395
v -16.64897996 -7.28520823 31.61855543
v -16.64897996 -7.28520823 32.12275690
v -16.64897996 -7.28520823 32.62695837
v -16.64897996 -6.78277993 33.13115984
v -16.64897996 -6.28035164 30.10595101
v -16.64897996 -6.28035164 33.63536131
v -16.64897996 -5.77792335 30.10595101
v -16.64897996 -5.77792335 34.13956279
v -16.64897996 -5.27549505 29.60174954
v -16.64897996 -5.27549505 34.64376426
v -16.64897996 -4.77306676 29.60174954
v -16.64897996 -4.77306676 34.64376426
v -16.64897996 -4.27063847 30.10595101
v -16.64897996 -4.27063847 34.64376426
v -16.64897996 -3.76821017 30.10595101
v -16.64897996 -3.76821017 34.64376426
v -16.64897996 -3.26578188 30.10595101
v -16.64897996 -3.26578188 34.64376426
v -17.14963293 -2.76335359 30.61015248
v -16.64897996 -2.76335359 30.10595101
v -16.64897996 -2.76335359 34.64376426
v -17.14963293 -2.26092529 30.61015248
v -16.64897996 -2.26092529 30.10595101
v -16.64897996 -2.26092529 34.64376426
v -16.64897996 -1.75849700 30.61015248
v -17.14963293 -1.75849700 31.11435395
v -17.14963293 -1.75849700 34.13956279
v -16.64897996 -1.75849700 34.64376426
v -17.14963293 -1.25606871 31.11435395
v -16.64897996 -1.25606871 30.61015248
v -17.14963293 -1.25606871 31.61855543
v -17.14963293 -1.25606871 32.12275690
v -17.14963293 -1.25606871 33.63536131
v -17.14963293 -1.25606871 34.13956279
v -16.64897996 -1.25606871 34.64376426
v -16.64897996 -0.75364041 31.11435395
v -17.14963293 -0.75364041 31.61855543
v -17.14963293 -0.75364041 32.12275690
v -17.14963293 -0.75364041 32.62695837
v -17.14963293 -0.75364041 33.13115984
v -17.14963293 -0.75364041 33.63536131
v -16.64897996 -0.75364041 34.13956279
v -17.14963293 -0.25121212 31.61855543
v -16.64897996 -0.25121212 31.11435395
v -17.14963293 -0.25121212 32.12275690
v -17.14963293 -0.25121212 32.62695837
v -17.14963293 -0.25121212 33.13115984
v -17.14963293 -0.25121212 33.63536131
v -16.64897996 -0.25121212 34.13956279
v -16.64897996 0.25121617 31.61855543
v -16.64897996 0.25121617 32.12275690
v -16.64897996 0.25121617 32.62695837
v -16.64897996 0.25121617 33.13115984
v -16.64897996 0.25121617 33.63536131
v -16.14832699 -7.28520823 31.11435395
v -16.14832699 -7.78763652 31.61855543
v -16.14832699 -7.28520823 32.12275690
v -16.14832699 -6.78277993 30.61015248
v -16.14832699 -7.28520823 32.62695837
v -16.14832699 -6.78277993 33.13115984
v -16.14832699 -6.28035164 30.10595101
v -16.14832699 -6.78277993 33.63536131
v -16.14832699 -6.28035164 34.13956279
v -16.14832699 -5.77792335 29.60174954
v -16.14832699 -5.77792335 34.64376426
v -16.14832699 -5.27549505 29.60174954
v -16.14832699 -5.27549505 34.64376426
v -16.14832699 -4.77306676 29.60174954
v -16.14832699 -4.77306676 35.14796573
v -16.14832699 -4.27063847 29.60174954
v -16.14832699 -4.27063847 35.14796573
v -16.14832699 -3.76821017 29.60174954
v -16.14832699 -3.76821017 35.14796573
v -16.14832699 -3.26578188 29.60174954
v -16.14832699 -3.26578188 35.14796573
v -16.14832699 -2.76335359 29.60174954
v -16.14832699 -2.76335359 35.14796573
v -16.14832699 -2.26092529 29.60174954
v -16.14832699 -2.26092529 35.14796573
v -16.14832699 -1.75849700 30.10595101
v -16.14832699 -1.75849700 35.14796573
v -16.14832699 -1.25606871 30.10595101
v -16.14832699 -1.25606871 35.14796573
v -16.64897996 -0.75364041 30.61015248
v -16.14832699 -0.75364041 30.10595101
v -16.64897996 -0.75364041 34.64376426
v -16.14832699 -0.75364041 35.14796573
v -16.64897996 -0.25121212 30.61015248
v -16.14832699 -0.25121212 30.10595101
v -16.64897996 -0.25121212 34.64376426
v -16.14832699 -0.25121212 35.14796573
v -16.64897996 0.25121617 30.61015248
v -16.14832699 0.25121617 30.10595101
v -16.64897996 0.25121617 31.11435395
v -16.64897996 0.25121617 34.13956279
v -16.14832699 0.25121617 34.64376426
v -16.14832699 0.75364447 30.61015248
v -16.64897996 0.75364447 31.11435395
v -16.64897996 0.75364447 31.61855543
v -16.64897996 0.75364447 32.12275690
v -16.64897996 0.75364447 32.62695837
v -16.64897996 0.75364447 33.13115984
v -16.64897996 0.75364447 33.63536131
v -16.64897996 0.75364447 34.13956279
v -16.14832699 0.75364447 34.64376426
v -16.64897996 1.25607276 31.11435395
v -16.14832699 1.25607276 30.61015248
v -16.64897996 1.25607276 31.61855543
v -16.64897996 1.25607276 32.12275690
v -16.64897996 1.25607276 32.62695837
v -16.64897996 1.25607276 33.13115984
v -16.64897996 1.25607276 33.63536131
v -16.14832699 1.25607276 34.13956279
v -16.14832699 1.75850105 31.11435395
v -16.64897996 1.75850105 31.61855543
v -16.64897996 1.75850105 32.12275690
v -16.64897996 1.75850105 32.62695837
v -16.14832699 1.75850105 33.13115984
v -16.14832699 1.75850105 33.63536131
v -16.14832699 2.26092935 31.61855543
v -16.14832699 2.26092935 32.12275690
v -16.14832699 2.26092935 32.62695837
v -15.64767402 -7.28520823 31.11435395
v -15.64767402 -7.78763652 31.61855543
v -15.64767402 -7.28520823 32.12275690
v -15.64767402 -6.78277993 30.61015248
v -15.64767402 -7.28520823 32.62695837
v -15.64767402 -7.28520823 33.13115984
v -15.64767402 -6.78277993 33.63536131
v -15.64767402 -6.28035164 30.10595101
v -15.64767402 -6.28035164 34.13956279
v -15.64767402 -5.77792335 29.60174954
v -15.64767402 -5.77792335 34.64376426
v -15.64767402 -5.27549505 29.09754807
v -15.64767402 -5.27549505 35.14796573
v -15.64767402 -4.77306676 29.09754807
v -15.64767402 -4.77306676 35.14796573
v -15.64767402 -4.27063847 29.09754807
v -15.64767402 -4.27063847 35.65216720
v -15.64767402 -3.76821017 29.09754807
v -15.64767402 -3.76821017 35.65216720
v -15.64767402 -3.26578188 29.09754807
v -15.64767402 -3.26578188 35.65216720
v -15.64767402 -2.76335359 29.09754807
v -15.64767402 -2.76335359 35.65216720
v -15.64767402 -2.26092529 29.09754807
v -15.64767402 -2.26092529 35.65216720
v -15.64767402 -1.75849700 29.60174954
v -15.64767402 -1.75849700 35.65216720
v -15.64767402 -1.25606871 29.60174954
v -15.64767402 -1.25606871 35.65216720
v -15.64767402 -0.75364041 29.60174954
v -15.64767402 -0.75364041 35.65216720
v -15.64767402 -0.25121212 29.60174954
v -15.64767402 -0.25121212 35.65216720
v -15.64767402 0.25121617 29.60174954
v -16.14832699 0.25121617 35.14796573
v -15.64767402 0.25121617 35.65216720
v -16.14832699 0.75364447 30.10595101
v -15.64767402 0.75364447 29.60174954
v -15.64767402 0.75364447 35.14796573
v -16.14832699 1.25607276 30.10595101
v -15.64767402 1.25607276 29.60174954
v -16.14832699 1.25607276 34.64376426
v -15.64767402 1.25607276 35.14796573
v -16.14832699 1.75850105 30.10595101
v -15.64767402 1.75850105 29.60174954
v -16.14832699 1.75850105 30.61015248
v -16.14832699 1.75850105 34.13956279
v -15.64767402 1.75850105 34.64376426
v -15.64767402 2.26092935 30.10595101
v -16.14832699 2.26092935 30.61015248
v -16.14832699 2.26092935 31.11435395
v -16.14832699 2.26092935 33.13115984
v -16.14832699 2.26092935 33.63536131
v -15.64767402 2.26092935 34.13956279
v -15.64767402 2.76335764 30.61015248
v -16.14832699 2.76335764 31.11435395
v -16.14832699 2.76335764 31.61855543
v -16.14832699 2.76335764 32.12275690
v -16.14832699 2.76335764 32.62695837
v -16.14832699 2.76335764 33.13115984
v -15.64767402 2.76335764 33.63536131
v -15.64767402 3.26578593 31.11435395
v -15.64767402 3.26578593 31.61855543
v -15.64767402 3.26578593 32.12275690
v -15.64767402 3.26578593 32.62695837
v -15.64767402 3.26578593 33.13115984
v -15.14702106 -7.28520823 31.61855543
v -15.14702106 -6.78277993 30.61015248
v -15.14702106 -7.28520823 31.11435395
v -15.14702106 -7.28520823 32.12275690
v -15.14702106 -7.28520823 32.62695837
v -15.14702106 -7.28520823 33.13115984
v -15.14702106 -6.78277993 33.63536131
v -15.14702106 -6.28035164 30.10595101
v -15.14702106 -6.28035164 34.13956279
v -15.14702106 -5.77792335 29.60174954
v -15.14702106 -5.77792335 34.64376426
v -15.14702106 -5.27549505 29.09754807
v -15.14702106 -5.27549505 35.14796573
v -15.14702106 -4.77306676 29.09754807
v -15.14702106 -4.77306676 35.65216720
v -15.14702106 -4.27063847 29.09754807
v -15.14702106 -4.27063847 35.65216720
v -15.14702106 -3.76821017 29.09754807
v -15.14702106 -3.76821017 35.65216720
v -15.14702106 -3.26578188 29.09754807
v -15.14702106 -3.26578188 36.15636867
v -15.14702106 -2.76335359 29.09754807
v -15.14702106 -2.76335359 36.15636867
v -15.14702106 -2.26092529 29.09754807
v -15.14702106 -2.26092529 36.15636867
v -15.14702106 -1.75849700 29.09754807
v -15.14702106 -1.75849700 36.15636867
v -15.14702106 -1.25606871 29.09754807
v -15.14702106 -1.25606871 36.15636867
v -15.14702106 -0.75364041 29.09754807
v -15.14702106 -0.75364041 36.15636867
v -15.14702106 -0.25121212 29.09754807
v -15.14702106 -0.25121212 36.15636867
v -15.14702106 0.25121617 29.09754807
v -15.14702106 0.25121617 36.15636867
v -15.14702106 0.75364447 29.09754807
v -15.14702106 0.75364447 35.65216720
v -15.14702106 1.25607276 29.09754807
v -15.14702106 1.25607276 35.65216720
v -15.14702106 1.75850105 29.09754807
v -15.14702106 1.75850105 35.14796573
v -15.64767402 2.26092935 29.60174954
v -15.14702106 2.26092935 29.09754807
v -15.64767402 2.26092935 34.64376426
v -15.14702106 2.26092935 35.14796573
v -15.64767402 2.76335764 29.60174954
v -15.14702106 2.76335764 29.09754807
v -15.64767402 2.76335764 30.10595101
v -15.64767402 2.76335764 34.13956279
v -15.14702106 2.76335764 34.64376426
v -15.14702106 3.26578593 29.60174954
v -15.64767402 3.26578593 30.10595101
v -15.64767402 3.26578593 30.61015248
v -15.64767402 3.26578593 33.63536131
v -15.14702106 3.26578593 34.13956279
v -15.14702106 3.76821423 30.10595101
v -15.64767402 3.76821423 30.61015248
v -15.64767402 3.76821423 31.11435395
v -15.64767402 3.76821423 31.61855543
v -15.64767402 3.76821423 32.12275690
v -15.64767402 3.76821423 32.62695837
v -15.14702106 3.76821423 33.13115984
v -15.14702106 3.76821423 33.63536131
v -15.14702106 4.27064252 30.61015248
v -15.14702106 4.27064252 31.11435395
v -15.14702106 4.27064252 31.61855543
v -15.14702106 4.27064252 32.12275690
v -15.14702106 4.27064252 32.62695837
v -14.64636809 -6.78277993 30.61015248
v -14.64636809 -7.28520823 31.11435395
v -14.64636809 -7.28520823 31.61855543
v -14.64636809 -7.28520823 32.12275690
v -14.64636809 -7.28520823 32.62695837
v -14.64636809 -7.28520823 33.13115984
v -14.64636809 -6.78277993 33.63536131
v -14.64636809 -6.28035164 29.60174954
v -14.64636809 -6.78277993 30.10595101
v -14.64636809 -6.78277993 34.13956279
v -14.64636809 -6.28035164 34.64376426
v -14.64636809 -5.77792335 29.09754807
v -14.64636809 -5.77792335 35.14796573
v -14.64636809 -5.27549505 29.09754807
v -14.64636809 -5.27549505 35.14796573
v -14.64636809 -4.77306676 29.09754807
v -14.64636809 -4.77306676 35.65216720
v -14.64636809 -4.27063847 28.59334660
v -14.64636809 -4.27063847 36.15636867
v -14.64636809 -3.76821017 28.59334660
v -14.64636809 -3.76821017 36.15636867
v -14.64636809 -3.26578188 28.59334660
v -14.64636809 -3.26578188 36.15636867
v -14.64636809 -2.76335359 28.59334660
v -14.64636809 -2.76335359 36.15636867
v -14.64636809 -2.26092529 28.59334660
v -14.64636809 -2.26092529 36.66057014
v -14.64636809 -1.75849700 28.59334660
v -14.64636809 -1.75849700 36.66057014
v -14.64636809 -1.25606871 28.59334660
v -14.64636809 -1.25606871 36.66057014
v -14.64636809 -0.75364041 28.59334660
v -14.64636809 -0.75364041 36.66057014
v -14.64636809 -0.25121212 28.59334660
v -14.64636809 -0.25121212 36.66057014
v -14.64636809 0.25121617 28.59334660
v -14.64636809 0.25121617 36.66057014
v -14.64636809 0.75364447 28.59334660
v -14.64636809 0.75364447 36.15636867
v -14.64636809 1.25607276 28.59334660
v -14.64636809 1.25607276 36.15636867
v -14.64636809 1.75850105 28.59334660
v -14.64636809 1.75850105 35.65216720
v -14.64636809 2.26092935 28.59334660
v -14.64636809 2.26092935 35.65216720
v -14.64636809 2.76335764 28.59334660
v -14.64636809 2.76335764 35.14796573
v -15.14702106 3.26578593 29.09754807
v -14.64636809 3.26578593 28.59334660
v -14.64636809 3.26578593 34.64376426
v -14.64636809 3.76821423 29.09754807
v -15.14702106 3.76821423 29.60174954
v -14.64636809 3.76821423 34.13956279
v -14.64636809 4.27064252 29.60174954
v -15.14702106 4.27064252 30.10595101
v -14.64636809 4.27064252 33.13115984
v -14.64636809 4.27064252 33.63536131
v -14.64636809 4.77307081 30.10595101
v -14.64636809 4.77307081 30.61015248
v -14.64636809 4.77307081 31.11435395
v -14.64636809 4.77307081 31.61855543
v -14.64636809 4.77307081 32.12275690
v -14.64636809 4.77307081 32.62695837
v -14.14571512 -6.78277993 30.10595101
v -14.14571512 -7.28520823 30.61015248
v -14.14571512 -7.28520823 31.11435395
v -14.14571512 -7.28520823 31.61855543
v -14.14571512 -7.28520823 32.12275690
v -14.14571512 -7.28520823 32.62695837
v -14.14571512 -7.28520823 33.13115984
v -14.14571512 -6.78277993 33.63536131
v -14.14571512 -6.28035164 29.60174954
v -14.14571512 -6.78277993 34.13956279
v -14.14571512 -6.28035164 34.64376426
v -14.14571512 -5.77792335 29.09754807
v -14.14571512 -5.77792335 35.14796573
v -14.14571512 -5.27549505 29.09754807
v -14.14571512 -5.27549505 35.65216720
v -14.14571512 -4.77306676 28.59334660
v -14.14571512 -4.77306676 35.65216720
v -14.14571512 -4.27063847 28.59334660
v -14.14571512 -4.27063847 36.15636867
v -14.14571512 -3.76821017 28.59334660
v -14.14571512 -3.76821017 36.15636867
v -14.14571512 -3.26578188 28.59334660
v -14.14571512 -3.26578188 36.66057014
v -14.14571512 -2.76335359 28.59334660
v -14.14571512 -2.76335359 36.66057014
v -14.14571512 -2.26092529 28.59334660
v -14.14571512 -2.26092529 36.66057014
v -14.14571512 -1.75849700 28.59334660
v -14.14571512 -1.75849700 36.66057014
v -14.14571512 -1.25606871 28.08914512
v -14.14571512 -1.25606871 36.66057014
v -14.14571512 -0.75364041 28.08914512
v -14.14571512 -0.75364041 36.66057014
v -14.14571512 -0.25121212 28.08914512
v -14.14571512 -0.25121212 36.66057014
v -14.14571512 0.25121617 28.08914512
v -14.14571512 0.25121617 36.66057014
v -14.14571512 0.75364447 28.08914512
v -14.14571512 0.75364447 36.66057014
v -14.14571512 1.25607276 28.08914512
v -14.14571512 1.25607276 36.66057014
v -14.14571512 1.75850105 28.08914512
v -14.14571512 1.75850105 36.15636867
v -14.14571512 2.26092935 28.08914512
v -14.14571512 2.26092935 36.15636867
v -14.14571512 2.76335764 28.08914512
v -14.14571512 2.76335764 35.65216720
v -14.14571512 3.26578593 28.08914512
v -14.14571512 3.26578593 35.14796573
v -14.14571512 3.76821423 28.59334660
v -14.14571512 3.76821423 34.64376426
v -14.64636809 4.27064252 29.09754807
v -14.14571512 4.27064252 28.59334660
v -14.14571512 4.27064252 34.13956279
v -14.14571512 4.77307081 29.09754807
v -14.64636809 4.77307081 29.60174954
v -14.14571512 4.77307081 33.13115984
v -14.14571512 4.77307081 33.63536131
v -14.14571512 5.27549911 29.60174954
v -14.14571512 5.27549911 30.10595101
v -14.14571512 5.27549911 30.61015248
v -14.14571512 5.27549911 31.11435395
v -14.14571512 5.27549911 31.61855543
v -14.14571512 5.27549911 32.12275690
v -14.14571512 5.27549911 32.62695837
v -13.64506215 -6.78277993 30.10595101
v -13.64506215 -7.28520823 30.61015248
v -13.64506215 -7.28520823 31.11435395
v -13.64506215 -7.28520823 31.61855543
v -13.64506215 -7.28520823 32.12275690
v -13.64506215 -7.28520823 32.62695837
v -13.64506215 -7.28520823 33.13115984
v -13.64506215 -6.78277993 33.63536131
v -13.64506215 -6.28035164 29.60174954
v -13.64506215 -6.78277993 34.13956279
v -13.64506215 -6.28035164 34.64376426
v -13.64506215 -5.77792335 29.09754807
v -13.64506215 -5.77792335 35.14796573
v -13.64506215 -5.27549505 29.09754807
v -13.64506215 -5.27549505 35.65216720
v -13.64506215 -4.77306676 28.59334660
v -13.64506215 -4.77306676 36.15636867
v -13.64506215 -4.27063847 28.59334660
v -13.64506215 -4.27063847 36.15636867
v -13.64506215 -3.76821017 28.59334660
v -13.64506215 -3.76821017 36.15636867
v -13.64506215 -3.26578188 28.59334660
v -13.64506215 -3.26578188 36.66057014
v -13.64506215 -2.76335359 28.59334660
v -13.64506215 -2.76335359 36.66057014
v -13.64506215 -2.26092529 28.08914512
v -13.64506215 -2.26092529 36.66057014
v -13.64506215 -1.75849700 28.08914512
v -13.64506215 -1.75849700 37.16477162
v -13.64506215 -1.25606871 28.08914512
v -13.64506215 -1.25606871 37.16477162
v -13.64506215 -0.75364041 28.08914512
v -13.64506215 -0.75364041 37.16477162
v -13.64506215 -0.25121212 27.58494365
v -13.64506215 -0.25121212 37.16477162
v -13.64506215 0.25121617 27.58494365
v -13.64506215 0.25121617 37.16477162
v -13.64506215 0.75364447 27.58494365
v -13.64506215 0.75364447 37.16477162
v -13.64506215 1.25607276 27.58494365
v -13.64506215 1.25607276 37.16477162
v -13.64506215 1.75850105 27.58494365
v -13.64506215 1.75850105 36.66057014
v -13.64506215 2.26092935 27.58494365
v -13.64506215 2.26092935 36.66057014
v -13.64506215 2.76335764 27.58494365
v -13.64506215 2.76335764 36.15636867
v -13.64506215 3.26578593 27.58494365
v -13.64506215 3.26578593 35.65216720
v -13.64506215 3.76821423 28.08914512
v -13.64506215 3.76821423 35.14796573
v -13.64506215 4.27064252 28.08914512
v -13.64506215 4.27064252 34.64376426
v -13.64506215 4.77307081 28.59334660
v -13.64506215 4.77307081 34.13956279
v -13.64506215 5.27549911 29.09754807
v -13.64506215 5.27549911 33.13115984
v -13.64506215 5.27549911 33.63536131
v -13.64506215 5.77792740 29.60174954
v -13.64506215 5.77792740 30.10595101
v -13.64506215 5.77792740 30.61015248
v -14.14571512 5.77792740 31.11435395
v -13.64506215 5.77792740 31.61855543
v -13.64506215 5.77792740 32.12275690
v -13.64506215 5.77792740 32.62695837
v -13.64506215 6.28035569 31.11435395
v -13.14440918 -6.78277993 30.10595101
v -13.14440918 -7.28520823 30.61015248
v -13.14440918 -7.28520823 31.11435395
v -13.14440918 -7.28520823 31.61855543
v -13.14440918 -7.28520823 32.12275690
v -13.14440918 -7.28520823 32.62695837
v -13.14440918 -7.28520823 33.13115984
v -13.14440918 -6.78277993 33.63536131
v -13.14440918 -6.28035164 29.60174954
v -13.14440918 -6.78277993 34.13956279
v -13.14440918 -6.28035164 34.64376426
v -13.14440918 -5.77792335 29.09754807
v -13.14440918 -5.77792335 35.14796573
v -13.14440918 -5.27549505 28.59334660
v -13.14440918 -5.27549505 35.65216720
v -13.14440918 -4.77306676 28.59334660
v -13.14440918 -4.77306676 36.15636867
v -13.14440918 -4.27063847 28.59334660
v -13.14440918 -4.27063847 36.15636867
v -13.14440918 -3.76821017 28.59334660
v -13.14440918 -3.76821017 36.66057014
v -13.14440918 -3.26578188 28.08914512
v -13.14440918 -3.26578188 36.66057014
v -13.14440918 -2.76335359 28.08914512
v -13.14440918 -2.76335359 36.66057014
v -13.14440918 -2.26092529 28.08914512
v -13.14440918 -2.26092529 37.16477162
v -13.14440918 -1.75849700 28.08914512
v -13.14440918 -1.75849700 37.16477162
v -13.14440918 -1.25606871 27.58494365
v -13.14440918 -1.25606871 37.16477162
v -13.14440918 -0.75364041 27.58494365
v -13.14440918 -0.75364041 37.16477162
v -13.14440918 -0.25121212 27.58494365
v -13.14440918 -0.25121212 37.16477162
v -13.14440918 0.25121617 27.58494365
v -13.14440918 0.25121617 37.16477162
v -13.14440918 0.75364447 27.58494365
v -13.14440918 0.75364447 37.16477162
v -13.14440918 1.25607276 27.08074218
v -13.14440918 1.25607276 37.16477162
v -13.14440918 1.75850105 27.08074218
v -13.14440918 1.75850105 37.16477162
v -13.14440918 2.26092935 27.08074218
v -13.14440918 2.26092935 36.66057014
v -13.14440918 2.76335764 27.08074218
v -13.14440918 2.76335764 36.66057014
v -13.14440918 3.26578593 27.08074218
v -13.14440918 3.26578593 36.15636867
v -13.14440918 3.76821423 27.58494365
v -13.14440918 3.76821423 35.65216720
v -13.14440918 4.27064252 27.58494365
v -13.14440918 4.27064252 35.14796573
v -13.14440918 4.77307081 28.08914512
v -13.14440918 4.77307081 34.64376426
v -13.64506215 5.27549911 28.59334660
v -13.14440918 5.27549911 28.08914512
v -13.14440918 5.27549911 34.13956279
v -13.14440918 5.77792740 28.59334660
v -13.14440918 5.77792740 29.09754807
v -13.14440918 5.77792740 33.13115984
v -13.14440918 5.77792740 33.63536131
v -13.14440918 6.28035569 29.60174954
v -13.14440918 6.28035569 30.10595101
v -13.14440918 6.28035569 30.61015248
v -13.14440918 6.28035569 31.61855543
v -13.14440918 6.28035569 32.12275690
v -13.14440918 6.28035569 32.62695837
v -13.14440918 6.78278399 31.11435395
v -12.64375621 -6.78277993 30.61015248
v -12.64375621 -7.28520823 31.11435395
v -12.64375621 -7.28520823 31.61855543
v -12.64375621 -7.28520823 32.12275690
v -12.64375621 -7.28520823 32.62695837
v -12.64375621 -7.28520823 33.13115984
v -12.64375621 -6.78277993 33.63536131
v -12.64375621 -6.28035164 29.60174954
v -12.64375621 -6.78277993 30.10595101
v -12.64375621 -6.78277993 34.13956279
v -12.64375621 -6.28035164 34.64376426
v -12.64375621 -5.77792335 29.09754807
v -12.64375621 -5.77792335 35.14796573
v -12.64375621 -5.27549505 28.59334660
v -12.64375621 -5.27549505 35.65216720
v -12.64375621 -4.77306676 28.59334660
v -12.64375621 -4.77306676 36.15636867
v -12.64375621 -4.27063847 28.59334660
v -12.64375621 -4.27063847 36.15636867
v -12.64375621 -3.76821017 28.08914512
v -12.64375621 -3.76821017 36.66057014
v -12.64375621 -3.26578188 28.08914512
v -12.64375621 -3.26578188 36.66057014
v -12.64375621 -2.76335359 28.08914512
v -12.64375621 -2.76335359 36.66057014
v -12.64375621 -2.26092529 28.08914512
v -12.64375621 -2.26092529 37.16477162
v -12.64375621 -1.75849700 27.58494365
v -12.64375621 -1.75849700 37.16477162
v -12.64375621 -1.25606871 27.58494365
v -12.64375621 -1.25606871 37.16477162
v -12.64375621 -0.75364041 27.58494365
v -12.64375621 -0.75364041 37.16477162
v -12.64375621 -0.25121212 27.58494365
v -12.64375621 -0.25121212 37.16477162
v -12.64375621 0.25121617 27.08074218
v -12.64375621 0.25121617 37.66897309
v -12.64375621 0.75364447 27.08074218
v -12.64375621 0.75364447 37.66897309
v -12.64375621 1.25607276 27.08074218
v -12.64375621 1.25607276 37.16477162
v -12.64375621 1.75850105 27.08074218
v -12.64375621 1.75850105 37.16477162
v -12.64375621 2.26092935 27.08074218
v -12.64375621 2.26092935 37.16477162
v -12.64375621 2.76335764 27.08074218
v -12.64375621 2.76335764 37.16477162
v -12.64375621 3.26578593 27.08074218
v -12.64375621 3.26578593 36.66057014
v -12.64375621 3.76821423 27.08074218
v -12.64375621 3.76821423 36.15636867
v -12.64375621 4.27064252 27.08074218
v -12.64375621 4.27064252 35.65216720
v -12.64375621 4.77307081 27.58494365
v -12.64375621 4.77307081 35.14796573
v -12.64375621 5.27549911 27.58494365
v -12.64375621 5.27549911 34.64376426
v -12.64375621 5.77792740 28.08914512
v -12.64375621 5.77792740 33.63536131
v -12.64375621 5.77792740 34.13956279
v -12.64375621 6.28035569 28.59334660
v -12.64375621 6.28035569 29.09754807
v -12.64375621 6.28035569 33.13115984
v -12.64375621 6.78278399 29.60174954
v -12.64375621 6.78278399 30.10595101
v -12.64375621 6.78278399 30.61015248
v -12.64375621 6.78278399 31.61855543
v -12.64375621 6.78278399 32.12275690
v -12.64375621 6.78278399 32.62695837
v -12.64375621 7.28521228 31.11435395
v -12.14310324 -6.78277993 30.61015248
v -12.14310324 -7.28520823 31.11435395
v -12.14310324 -7.28520823 31.61855543
v -12.14310324 -7.28520823 32.12275690
v -12.14310324 -7.28520823 32.62695837
v -12.14310324 -6.78277993 33.13115984
v -12.14310324 -6.28035164 29.60174954
v -12.14310324 -6.78277993 30.10595101
v -12.14310324 -6.78277993 33.63536131
v -12.14310324 -6.78277993 34.13956279
v -12.14310324 -6.28035164 34.64376426
v -12.14310324 -5.77792335 29.09754807
v -12.14310324 -5.77792335 35.14796573
v -12.14310324 -5.27549505 28.59334660
v -12.14310324 -5.27549505 35.65216720
v -12.14310324 -4.77306676 28.59334660
v -12.14310324 -4.77306676 36.15636867
v -12.14310324 -4.27063847 28.59334660
v -12.14310324 -4.27063847 36.15636867
v -12.14310324 -3.76821017 28.08914512
v -12.14310324 -3.76821017 36.66057014
v -12.14310324 -3.26578188 28.08914512
v -12.14310324 -3.26578188 36.66057014
v -12.14310324 -2.76335359 28.08914512
v -12.14310324 -2.76335359 36.66057014
v -12.14310324 -2.26092529 27.58494365
v -12.14310324 -2.26092529 37.16477162
v -12.14310324 -1.75849700 27.58494365
v -12.14310324 -1.75849700 37.16477162
v -12.14310324 -1.25606871 27.58494365
v -12.14310324 -1.25606871 37.16477162
v -12.14310324 -0.75364041 27.58494365
v -12.14310324 -0.75364041 37.16477162
v -12.14310324 -0.25121212 27.08074218
v -12.14310324 -0.25121212 37.66897309
v -12.14310324 0.25121617 27.08074218
v -12.14310324 0.25121617 37.66897309
v -12.14310324 0.75364447 27.08074218
v -12.14310324 0.75364447 37.66897309
v -12.14310324 1.25607276 27.08074218
v -12.14310324 1.25607276 37.66897309
v -12.14310324 1.75850105 26.57654071
v -12.14310324 1.75850105 37.66897309
v -12.14310324 2.26092935 26.57654071
v -12.14310324 2.26092935 37.16477162
v -12.14310324 2.76335764 26.57654071
v -12.14310324 2.76335764 37.16477162
v -12.14310324 3.26578593 26.57654071
v -12.14310324 3.26578593 37.16477162
v -12.14310324 3.76821423 26.57654071
v -12.14310324 3.76821423 36.66057014
v -12.14310324 4.27064252 26.57654071
v -12.14310324 4.27064252 36.15636867
v -12.14310324 4.77307081 27.08074218
v -12.14310324 4.77307081 35.65216720
v -12.14310324 5.27549911 27.08074218
v -12.14310324 5.27549911 35.14796573
v -12.14310324 5.77792740 27.58494365
v -12.14310324 5.77792740 34.64376426
v -12.14310324 6.28035569 28.08914512
v -12.14310324 6.28035569 33.63536131
v -12.14310324 6.28035569 34.13956279
v -12.14310324 6.78278399 28.59334660
v -12.14310324 6.78278399 29.09754807
v -12.14310324 6.78278399 32.62695837
v -12.14310324 6.78278399 33.13115984
v -12.14310324 7.28521228 29.60174954
v -12.14310324 7.28521228 30.10595101
v -12.14310324 7.28521228 30.61015248
v -12.14310324 7.28521228 31.11435395
v -12.14310324 7.28521228 31.61855543
v -12.14310324 7.28521228 32.12275690
v -11.64245027 -6.78277993 31.11435395
v -11.64245027 -7.28520823 31.61855543
v -11.64245027 -7.28520823 32.12275690
v -11.64245027 -7.28520823 32.62695837
v -11.64245027 -6.78277993 33.13115984
v -11.64245027 -6.28035164 30.10595101
v -11.64245027 -6.78277993 30.61015248
v -11.64245027 -6.78277993 33.63536131
v -11.64245027 -6.78277993 34.13956279
v -11.64245027 -6.28035164 34.64376426
v -11.64245027 -5.77792335 29.60174954
v -11.64245027 -5.77792335 35.14796573
v -11.64245027 -5.27549505 29.09754807
v -11.64245027 -5.27549505 35.65216720
v -11.64245027 -4.77306676 28.59334660
v -11.64245027 -4.77306676 36.15636867
v -11.64245027 -4.27063847 28.59334660
v -11.64245027 -4.27063847 36.15636867
v -11.64245027 -3.76821017 28.08914512
v -11.64245027 -3.76821017 36.66057014
v -11.64245027 -3.26578188 28.08914512
v -11.64245027 -3.26578188 36.66057014
v -11.64245027 -2.76335359 28.08914512
v -11.64245027 -2.76335359 36.66057014
v -11.64245027 -2.26092529 27.58494365
v -11.64245027 -2.26092529 37.16477162
v -11.64245027 -1.75849700 27.58494365
v -11.64245027 -1.75849700 37.16477162
v -11.64245027 -1.25606871 27.58494365
v -11.64245027 -1.25606871 37.16477162
v -11.64245027 -0.75364041 27.08074218
v -11.64245027 -0.75364041 37.66897309
v -11.64245027 -0.25121212 27.08074218
v -11.64245027 -0.25121212 37.66897309
v -11.64245027 0.25121617 27.08074218
v -11.64245027 0.25121617 37.66897309
v -11.64245027 0.75364447 27.08074218
v -11.64245027 0.75364447 37.66897309
v -11.64245027 1.25607276 26.57654071
v -11.64245027 1.25607276 37.66897309
v -11.64245027 1.75850105 26.57654071
v -11.64245027 1.75850105 37.66897309
v -11.64245027 2.26092935 26.57654071
v -11.64245027 2.26092935 37.66897309
v -11.64245027 2.76335764 26.57654071
v -11.64245027 2.76335764 37.16477162
v -11.64245027 3.26578593 26.57654071
v -11.64245027 3.26578593 37.16477162
v -11.64245027 3.76821423 26.57654071
v -11.64245027 3.76821423 37.16477162
v -11.64245027 4.27064252 26.57654071
v -11.64245027 4.27064252 36.66057014
v -11.64245027 4.77307081 26.57654071
v -11.64245027 4.77307081 36.15636867
v -11.64245027 5.27549911 27.08074218
v -11.64245027 5.27549911 35.65216720
v -11.64245027 5.77792740 27.08074218
v -11.64245027 5.77792740 35.14796573
v -11.64245027 6.28035569 27.58494365
v -11.64245027 6.28035569 34.13956279
v -11.64245027 6.28035569 34.64376426
v -11.64245027 6.78278399 28.08914512
v -11.64245027 6.78278399 33.63536131
v -11.64245027 7.28521228 28.59334660
v -11.64245027 7.28521228 29.09754807
v -11.64245027 7.28521228 32.62695837
v -11.64245027 7.28521228 33.13115984
v -11.64245027 7.78764057 29.60174954
v -11.64245027 7.78764057 30.10595101
v -11.64245027 7.78764057 30.61015248
v -11.64245027 7.78764057 31.11435395
v -11.64245027 7.78764057 31.61855543
v -11.64245027 7.78764057 32.12275690
v -11.14179730 -6.78277993 31.61855543
v -11.14179730 -6.78277993 32.12275690
v -11.14179730 -6.78277993 32.62695837
v -11.14179730 -6.28035164 30.10595101
v -11.14179730 -6.78277993 30.61015248
v -11.14179730 -6.78277993 31.11435395
v -11.14179730 -6.78277993 33.13115984
v -11.14179730 -6.78277993 33.63536131
v -11.14179730 -6.78277993 34.13956279
v -11.14179730 -6.28035164 34.64376426
v -11.14179730 -5.77792335 29.60174954
v -11.14179730 -5.77792335 35.14796573
v -11.14179730 -5.27549505 29.09754807
v -11.14179730 -5.27549505 35.65216720
v -11.14179730 -4.77306676 28.59334660
v -11.14179730 -4.77306676 36.15636867
v -11.14179730 -4.27063847 28.59334660
v -11.14179730 -4.27063847 36.15636867
v -11.14179730 -3.76821017 28.08914512
v -11.14179730 -3.76821017 36.66057014
v -11.14179730 -3.26578188 28.08914512
v -11.14179730 -3.26578188 36.66057014
v -11.14179730 -2.76335359 27.58494365
v -11.14179730 -2.76335359 36.66057014
v -11.14179730 -2.26092529 27.58494365
v -11.14179730 -2.26092529 37.16477162
v -11.14179730 -1.75849700 27.58494365
v -11.14179730 -1.75849700 37.16477162
v -11.14179730 -1.25606871 27.08074218
v -11.14179730 -1.25606871 37.16477162
v -11.14179730 -0.75364041 27.08074218
v -11.14179730 -0.75364041 37.66897309
v -11.14179730 -0.25121212 27.08074218
v -11.14179730 -0.25121212 37.66897309
v -11.14179730 0.25121617 27.08074218
v -11.14179730 0.25121617 37.66897309
v -11.14179730 0.75364447 26.57654071
v -11.14179730 0.75364447 37.66897309
v -11.14179730 1.25607276 26.57654071
v -11.14179730 1.25607276 37.66897309
v -11.14179730 1.75850105 26.57654071
v -11.14179730 1.75850105 37.66897309
v -11.14179730 2.26092935 26.57654071
v -11.14179730 2.26092935 37.66897309
v -11.14179730 2.76335764 26.57654071
v -11.14179730 2.76335764 37.66897309
v -11.14179730 3.26578593 26.07233924
v -11.14179730 3.26578593 37.16477162
v -11.14179730 3.76821423 26.07233924
v -11.14179730 3.76821423 37.16477162
v -11.14179730 4.27064252 26.57654071
v -11.14179730 4.27064252 36.66057014
v -11.14179730 4.77307081 26.57654071
v -11.14179730 4.77307081 36.15636867
v -11.14179730 5.27549911 26.57654071
v -11.14179730 5.27549911 35.65216720
v -11.14179730 5.77792740 27.08074218
v -11.14179730 5.77792740 35.14796573
v -11.14179730 6.28035569 27.58494365
v -11.14179730 6.28035569 34.64376426
v -11.14179730 6.78278399 28.08914512
v -11.14179730 6.78278399 34.13956279
v -11.14179730 7.28521228 28.59334660
v -11.14179730 7.28521228 33.63536131
v -11.14179730 7.78764057 29.09754807
v -11.14179730 7.78764057 32.62695837
v -11.14179730 7.78764057 33.13115984
v -11.14179730 8.29006886 29.60174954
v -11.14179730 8.29006886 30.10595101
v -11.14179730 8.29006886 30.61015248
v -11.14179730 8.29006886 31.11435395
v -11.14179730 8.29006886 31.61855543
v -11.14179730 8.29006886 32.12275690
v -10.64114434 -6.28035164 30.10595101
v -10.64114434 -6.78277993 30.61015248
v -10.64114434 -6.78277993 31.11435395
v -10.64114434 -6.78277993 31.61855543
v -10.64114434 -6.78277993 32.12275690
v -10.64114434 -6.78277993 32.62695837
v -10.64114434 -6.78277993 33.13115984
v -10.64114434 -6.78277993 33.63536131
v -10.64114434 -6.28035164 34.13956279
v -10.64114434 -5.77792335 29.60174954
v -10.64114434 -6.28035164 34.64376426
v -10.64114434 -5.77792335 35.14796573
v -10.64114434 -5.27549505 29.09754807
v -10.64114434 -5.27549505 35.65216720
v -10.64114434 -4.77306676 28.59334660
v -10.64114434 -4.77306676 36.15636867
v -10.64114434 -4.27063847 28.59334660
v -10.64114434 -4.27063847 36.15636867
v -10.64114434 -3.76821017 28.08914512
v -10.64114434 -3.76821017 36.66057014
v -10.64114434 -3.26578188 28.08914512
v -10.64114434 -3.26578188 36.66057014
v -10.64114434 -2.76335359 27.58494365
v -10.64114434 -2.76335359 36.66057014
v -10.64114434 -2.26092529 27.58494365
v -10.64114434 -2.26092529 37.16477162
v -10.64114434 -1.75849700 27.58494365
v -10.64114434 -1.75849700 37.16477162
v -10.64114434 -1.25606871 27.08074218
v -10.64114434 -1.25606871 37.16477162
v -10.64114434 -0.75364041 27.08074218
v -10.64114434 -0.75364041 37.66897309
v -10.64114434 -0.25121212 27.08074218
v -10.64114434 -0.25121212 37.66897309
v -10.64114434 0.25121617 26.57654071
v -10.64114434 0.25121617 37.66897309
v -10.64114434 0.75364447 26.57654071
v -10.64114434 0.75364447 37.66897309
v -10.64114434 1.25607276 26.57654071
v -10.64114434 1.25607276 37.66897309
v -10.64114434 1.75850105 26.57654071
v -10.64114434 1.75850105 37.66897309
v -10.64114434 2.26092935 26.07233924
v -10.64114434 2.26092935 37.66897309
v -10.64114434 2.76335764 26.07233924
v -10.64114434 2.76335764 37.66897309
v -10.64114434 3.26578593 26.07233924
v -10.64114434 3.26578593 37.66897309
v -10.64114434 3.76821423 26.07233924
v -10.64114434 3.76821423 37.16477162
v -10.64114434 4.27064252 26.07233924
v -10.64114434 4.27064252 37.16477162
v -10.64114434 4.77307081 26.07233924
v -10.64114434 4.77307081 36.66057014
v -10.64114434 5.27549911 26.57654071
v -10.64114434 5.27549911 36.15636867
v -10.64114434 5.77792740 26.57654071
v -10.64114434 5.77792740 35.65216720
v -10.64114434 6.28035569 27.08074218
v -10.64114434 6.28035569 35.14796573
v -10.64114434 6.78278399 27.58494365
v -10.64114434 6.78278399 34.64376426
v -10.64114434 7.28521228 28.08914512
v -10.64114434 7.28521228 34.13956279
v -10.64114434 7.78764057 28.59334660
v -10.64114434 7.78764057 33.13115984
v -10.64114434 7.78764057 33.63536131
v -10.64114434 8.29006886 29.09754807
v -10.64114434 8.29006886 32.62695837
v -10.64114434 8.79249716 29.60174954
v -10.64114434 8.79249716 30.10595101
v -10.64114434 8.79249716 30.61015248
v -10.64114434 8.79249716 31.11435395
v -10.64114434 8.79249716 31.61855543
v -10.64114434 8.79249716 32.12275690
v -10.14049137 -6.28035164 30.61015248
v -10.14049137 -6.78277993 31.11435395
v -10.14049137 -6.78277993 31.61855543
v -10.14049137 -6.78277993 32.12275690
v -10.14049137 -6.78277993 32.62695837
v -10.14049137 -6.78277993 33.13115984
v -10.14049137 -6.78277993 33.63536131
v -10.14049137 -6.28035164 34.13956279
v -10.14049137 -5.77792335 29.60174954
v -10.14049137 -6.28035164 30.10595101
v -10.14049137 -6.28035164 34.64376426
v -10.14049137 -5.77792335 35.14796573
v -10.14049137 -5.27549505 29.09754807
v -10.14049137 -5.27549505 35.65216720
v -10.14049137 -4.77306676 28.59334660
v -10.14049137 -4.77306676 36.15636867
v -10.14049137 -4.27063847 28.59334660
v -10.14049137 -4.27063847 36.15636867
v -10.14049137 -3.76821017 28.08914512
v -10.14049137 -3.76821017 36.66057014
v -10.14049137 -3.26578188 28.08914512
v -10.14049137 -3.26578188 36.66057014
v -10.14049137 -2.76335359 27.58494365
v -10.14049137 -2.76335359 36.66057014
v -10.14049137 -2.26092529 27.58494365
v -10.14049137 -2.26092529 37.16477162
v -10.14049137 -1.75849700 27.58494365
v -10.14049137 -1.75849700 37.16477162
v -10.14049137 -1.25606871 27.08074218
v -10.14049137 -1.25606871 37.16477162
v -10.14049137 -0.75364041 27.08074218
v -10.14049137 -0.75364041 37.66897309
v -10.14049137 -0.25121212 27.08074218
v -10.14049137 -0.25121212 37.66897309
v -10.14049137 0.25121617 26.57654071
v -10.14049137 0.25121617 37.66897309
v -10.14049137 0.75364447 26.57654071
v -10.14049137 0.75364447 37.66897309
v -10.14049137 1.25607276 26.57654071
v -10.14049137 1.25607276 37.66897309
v -10.14049137 1.75850105 26.07233924
v -10.14049137 1.75850105 37.66897309
v -10.14049137 2.26092935 26.07233924
v -10.14049137 2.26092935 37.66897309
v -10.14049137 2.76335764 26.07233924
v -10.14049137 2.76335764 37.66897309
v -10.14049137 3.26578593 26.07233924
v -10.14049137 3.26578593 37.66897309
v -10.14049137 3.76821423 26.07233924
v -10.14049137 3.76821423 37.16477162
v -10.14049137 4.27064252 26.07233924
v -10.14049137 4.27064252 37.16477162
v -10.14049137 4.77307081 26.07233924
v -10.14049137 4.77307081 36.66057014
v -10.14049137 5.27549911 26.07233924
v -10.14049137 5.27549911 36.66057014
v -10.14049137 5.77792740 26.07233924
v -10.14049137 5.77792740 36.15636867
v -10.14049137 6.28035569 26.57654071
v -10.14049137 6.28035569 35.65216720
v -10.14049137 6.78278399 27.08074218
v -10.14049137 6.78278399 35.14796573
v -10.14049137 7.28521228 27.58494365
v -10.14049137 7.28521228 34.64376426
v -10.14049137 7.78764057 28.08914512
v -10.14049137 7.78764057 34.13956279
v -10.14049137 8.29006886 28.59334660
v -10.14049137 8.29006886 33.13115984
v -10.14049137 8.29006886 33.63536131
v -10.14049137 8.79249716 29.09754807
v -10.14049137 8.79249716 32.62695837
v -10.14049137 9.29492545 29.60174954
v -10.14049137 9.29492545 30.10595101
v -10.14049137 9.29492545 30.61015248
v -10.14049137 9.29492545 31.11435395
v -10.14049137 9.29492545 31.61855543
v -10.14049137 9.29492545 32.12275690
v -9.63983840 -6.28035164 30.61015248
v -9.63983840 -6.78277993 31.11435395
v -9.63983840 -6.78277993 31.61855543
v -9.63983840 -6.78277993 32.12275690
v -9.63983840 -6.78277993 32.62695837
v -9.63983840 -6.78277993 33.13115984
v -9.63983840 -6.28035164 33.63536131
v -9.63983840 -5.77792335 30.10595101
v -9.63983840 -6.28035164 34.13956279
v -9.63983840 -5.77792335 34.64376426
v -9.63983840 -5.27549505 29.60174954
v -9.63983840 -5.27549505 35.14796573
v -9.63983840 -4.77306676 29.09754807
v -9.63983840 -4.77306676 35.65216720
v -9.63983840 -4.27063847 28.59334660
v -9.63983840 -4.27063847 36.15636867
v -9.63983840 -3.76821017 28.08914512
v -9.63983840 -3.76821017 36.15636867
v -9.63983840 -3.26578188 28.08914512
v -9.63983840 -3.26578188 36.66057014
v -9.63983840 -2.76335359 27.58494365
v -9.63983840 -2.76335359 36.66057014
v -9.63983840 -2.26092529 27.58494365
v -9.63983840 -2.26092529 36.66057014
v -9.63983840 -1.75849700 27.58494365
v -9.63983840 -1.75849700 37.16477162
v -9.63983840 -1.25606871 27.08074218
v -9.63983840 -1.25606871 37.16477162
v -9.63983840 -0.75364041 27.08074218
v -9.63983840 -0.75364041 37.16477162
v -9.63983840 -0.25121212 26.57654071
v -9.63983840 -0.25121212 37.66897309
v -9.63983840 0.25121617 26.57654071
v -9.63983840 0.25121617 37.66897309
v -9.63983840 0.75364447 26.57654071
v -9.63983840 0.75364447 37.66897309
v -9.63983840 1.25607276 26.07233924
v -9.63983840 1.25607276 37.66897309
v -9.63983840 1.75850105 26.07233924
v -9.63983840 1.75850105 37.66897309
v -9.63983840 2.26092935 26.07233924
v -9.63983840 2.26092935 37.66897309
v -9.63983840 2.76335764 26.07233924
v -9.63983840 2.76335764 37.66897309
v -9.63983840 3.26578593 25.56813776
v -9.63983840 3.26578593 37.66897309
v -9.63983840 3.76821423 25.56813776
v -9.63983840 3.76821423 37.66897309
v -9.63983840 4.27064252 25.56813776
v -9.63983840 4.27064252 37.16477162
v -9.63983840 4.77307081 25.56813776
v -9.63983840 4.77307081 37.16477162
v -9.63983840 5.27549911 26.07233924
v -9.63983840 5.27549911 36.66057014
v -9.63983840 5.77792740 26.07233924
v -9.63983840 5.77792740 36.15636867
v -9.63983840 6.28035569 26.07233924
v -9.63983840 6.28035569 35.65216720
v -9.63983840 6.78278399 26.57654071
v -9.63983840 6.78278399 35.65216720
v -9.63983840 7.28521228 27.08074218
v -9.63983840 7.28521228 35.14796573
v -9.63983840 7.78764057 27.58494365
v -9.63983840 7.78764057 34.13956279
v -9.63983840 7.78764057 34.64376426
v -9.63983840 8.29006886 28.08914512
v -9.63983840 8.29006886 33.63536131
v -9.63983840 8.79249716 28.59334660
v -9.63983840 8.79249716 33.13115984
v -9.63983840 9.29492545 29.09754807
v -9.63983840 9.29492545 32.62695837
v -9.63983840 9.79735374 29.60174954
v -9.63983840 9.79735374 30.10595101
v -9.63983840 9.79735374 30.61015248
v -9.63983840 9.79735374 31.11435395
v -9.63983840 9.79735374 31.61855543
v -9.63983840 9.79735374 32.12275690
v -9.13918543 -6.28035164 31.11435395
v -9.13918543 -6.78277993 31.61855543
v -9.13918543 -6.78277993 32.12275690
v -9.13918543 -6.78277993 32.62695837
v -9.13918543 -6.78277993 33.13115984
v -9.13918543 -6.28035164 33.63536131
v -9.13918543 -5.77792335 30.10595101
v -9.13918543 -6.28035164 30.61015248
v -9.13918543 -6.28035164 34.13956279
v -9.13918543 -5.77792335 34.64376426
v -9.13918543 -5.27549505 29.60174954
v -9.13918543 -5.27549505 35.14796573
v -9.13918543 -4.77306676 29.09754807
v -9.13918543 -4.77306676 35.65216720
v -9.13918543 -4.27063847 28.59334660
v -9.13918543 -4.27063847 36.15636867
v -9.13918543 -3.76821017 28.08914512
v -9.13918543 -3.76821017 36.15636867
v -9.13918543 -3.26578188 28.08914512
v -9.13918543 -3.26578188 36.66057014
v -9.13918543 -2.76335359 27.58494365
v -9.13918543 -2.76335359 36.66057014
v -9.13918543 -2.26092529 27.58494365
v -9.13918543 -2.26092529 36.66057014
v -9.13918543 -1.75849700 27.08074218
v -9.13918543 -1.75849700 37.16477162
v -9.13918543 -1.25606871 27.08074218
v -9.13918543 -1.25606871 37.16477162
v -9.13918543 -0.75364041 27.08074218
v -9.13918543 -0.75364041 37.16477162
v -9.13918543 -0.25121212 26.57654071
v -9.13918543 -0.25121212 37.66897309
v -9.13918543 0.25121617 26.57654071
v -9.13918543 0.25121617 37.66897309
v -9.13918543 0.75364447 26.57654071
v -9.13918543 0.75364447 37.66897309
v -9.13918543 1.25607276 26.07233924
v -9.13918543 1.25607276 37.66897309
v -9.13918543 1.75850105 26.07233924
v -9.13918543 1.75850105 37.66897309
v -9.13918543 2.26092935 26.07233924
v -9.13918543 2.26092935 37.66897309
v -9.13918543 2.76335764 25.56813776
v -9.13918543 2.76335764 37.66897309
v -9.13918543 3.26578593 25.56813776
v -9.13918543 3.26578593 37.66897309
v -9.13918543 3.76821423 25.56813776
v -9.13918543 3.76821423 37.66897309
v -9.13918543 4.27064252 25.56813776
v -9.13918543 4.27064252 37.16477162
v -9.13918543 4.77307081 25.56813776
v -9.13918543 4.77307081 37.16477162
v -9.13918543 5.27549911 25.56813776
v -9.13918543 5.27549911 36.66057014
v -9.13918543 5.77792740 25.56813776
v -9.13918543 5.77792740 36.66057014
v -9.13918543 6.28035569 26.07233924
v -9.13918543 6.28035569 36.15636867
v -9.13918543 6.78278399 26.07233924
v -9.13918543 6.78278399 35.65216720
v -9.13918543 7.28521228 26.57654071
v -9.13918543 7.28521228 35.14796573
v -9.13918543 7.78764057 27.08074218
v -9.13918543 7.78764057 34.64376426
v -9.13918543 8.29006886 27.58494365
v -9.13918543 8.29006886 34.13956279
v -9.13918543 8.79249716 28.08914512
v -9.13918543 8.79249716 33.63536131
v -9.13918543 9.29492545 28.59334660
v -9.13918543 9.29492545 33.13115984
v -9.13918543 9.79735374 29.09754807
v -9.13918543 9.79735374 32.62695837
v -9.13918543 10.29978204 29.60174954
v -9.13918543 10.29978204 30.10595101
v -9.13918543 10.29978204 30.61015248
v -9.13918543 10.29978204 31.11435395
v -9.13918543 10.29978204 31.61855543
v -9.13918543 10.29978204 32.12275690
v -8.63853246 -6.28035164 31.61855543
v -8.63853246 -6.78277993 32.12275690
v -8.63853246 -6.78277993 32.62695837
v -8.63853246 -6.28035164 33.13115984
v -8.63853246 -5.77792335 30.10595101
v -8.63853246 -6.28035164 30.61015248
v -8.63853246 -6.28035164 31.11435395
v -8.63853246 -6.28035164 33.63536131
v -8.63853246 -6.28035164 34.13956279
v -8.63853246 -5.77792335 34.64376426
v -8.63853246 -5.27549505 29.60174954
v -8.63853246 -5.27549505 35.14796573
v -8.63853246 -4.77306676 29.09754807
v -8.63853246 -4.77306676 35.65216720
v -8.63853246 -4.27063847 28.59334660
v -8.63853246 -4.27063847 36.15636867
v -8.63853246 -3.76821017 28.08914512
v -8.63853246 -3.76821017 36.15636867
v -8.63853246 -3.26578188 28.08914512
v -8.63853246 -3.26578188 36.66057014
v -8.63853246 -2.76335359 27.58494365
v -8.63853246 -2.76335359 36.66057014
v -8.63853246 -2.26092529 27.58494365
v -8.63853246 -2.26092529 36.66057014
v -8.63853246 -1.75849700 27.08074218
v -8.63853246 -1.75849700 37.16477162
v -8.63853246 -1.25606871 27.08074218
v -8.63853246 -1.25606871 37.16477162
v -8.63853246 -0.75364041 27.08074218
v -8.63853246 -0.75364041 37.16477162
v -8.63853246 -0.25121212 26.57654071
v -8.63853246 -0.25121212 37.16477162
v -8.63853246 0.25121617 26.57654071
v -8.63853246 0.25121617 37.66897309
v -8.63853246 0.75364447 26.07233924
v -8.63853246 0.75364447 37.66897309
v -8.63853246 1.25607276 26.07233924
v -8.63853246 1.25607276 37.66897309
v -8.63853246 1.75850105 26.07233924
v -8.63853246 1.75850105 37.66897309
v -8.63853246 2.26092935 25.56813776
v -8.63853246 2.26092935 37.66897309
v -8.63853246 2.76335764 25.56813776
v -8.63853246 2.76335764 37.66897309
v -8.63853246 3.26578593 25.56813776
v -8.63853246 3.26578593 37.66897309
v -8.63853246 3.76821423 25.56813776
v -8.63853246 3.76821423 37.66897309
v -8.63853246 4.27064252 25.56813776
v -8.63853246 4.27064252 37.66897309
v -8.63853246 4.77307081 25.56813776
v -8.63853246 4.77307081 37.16477162
v -8.63853246 5.27549911 25.56813776
v -8.63853246 5.27549911 37.16477162
v -8.63853246 5.77792740 25.56813776
v -8.63853246 5.77792740 36.66057014
v -8.63853246 6.28035569 25.56813776
v -8.63853246 6.28035569 36.15636867
v -8.63853246 6.78278399 26.07233924
v -8.63853246 6.78278399 36.15636867
v -8.63853246 7.28521228 26.07233924
v -8.63853246 7.28521228 35.65216720
v -8.63853246 7.78764057 26.57654071
v -8.63853246 7.78764057 35.14796573
v -8.63853246 8.29006886 27.08074218
v -8.63853246 8.29006886 34.64376426
v -8.63853246 8.79249716 27.58494365
v -8.63853246 8.79249716 34.13956279
v -9.13918543 9.29492545 28.08914512
v -8.63853246 9.29492545 27.58494365
v -8.63853246 9.29492545 33.63536131
v -8.63853246 9.79735374 28.08914512
v -9.13918543 9.79735374 28.59334660
v -8.63853246 9.79735374 33.13115984
v -8.63853246 10.29978204 28.59334660
v -8.63853246 10.29978204 29.09754807
v -8.63853246 10.29978204 32.62695837
v -8.63853246 10.80221033 29.60174954
v -8.63853246 10.80221033 30.10595101
v -9.13918543 10.80221033 30.61015248
v -8.63853246 10.80221033 31.11435395
v -8.63853246 10.80221033 31.61855543
v -8.63853246 10.80221033 32.12275690
v -8.63853246 11.30463862 30.61015248
v -8.13787949 -6.28035164 32.12275690
v -8.13787949 -6.28035164 32.62695837
v -8.13787949 -5.77792335 30.61015248
v -8.13787949 -6.28035164 31.11435395
v -8.13787949 -6.28035164 31.61855543
v -8.13787949 -6.28035164 33.13115984
v -8.13787949 -6.28035164 33.63536131
v -8.13787949 -5.77792335 34.13956279
v -8.13787949 -5.27549505 29.60174954
v -8.13787949 -5.77792335 30.10595101
v -8.13787949 -5.77792335 34.64376426
v -8.13787949 -5.27549505 35.14796573
v -8.13787949 -4.77306676 29.09754807
v -8.13787949 -4.77306676 35.65216720
v -8.13787949 -4.27063847 28.59334660
v -8.13787949 -4.27063847 36.15636867
v -8.13787949 -3.76821017 28.08914512
v -8.13787949 -3.76821017 36.15636867
v -8.13787949 -3.26578188 28.08914512
v -8.13787949 -3.26578188 36.66057014
v -8.13787949 -2.76335359 27.58494365
v -8.13787949 -2.76335359 36.66057014
v -8.13787949 -2.26092529 27.58494365
v -8.13787949 -2.26092529 36.66057014
v -8.13787949 -1.75849700 27.08074218
v -8.13787949 -1.75849700 36.66057014
v -8.13787949 -1.25606871 27.08074218
v -8.13787949 -1.25606871 37.16477162
v -8.13787949 -0.75364041 27.08074218
v -8.13787949 -0.75364041 37.16477162
v -8.13787949 -0.25121212 26.57654071
v -8.13787949 -0.25121212 37.16477162
v -8.13787949 0.25121617 26.57654071
v -8.13787949 0.25121617 37.16477162
v -8.13787949 0.75364447 26.07233924
v -8.13787949 0.75364447 37.66897309
v -8.13787949 1.25607276 26.07233924
v -8.13787949 1.25607276 37.66897309
v -8.13787949 1.75850105 26.07233924
v -8.13787949 1.75850105 37.66897309
v -8.13787949 2.26092935 25.56813776
v -8.13787949 2.26092935 37.66897309
v -8.13787949 2.76335764 25.56813776
v -8.13787949 2.76335764 37.66897309
v -8.13787949 3.26578593 25.56813776
v -8.13787949 3.26578593 37.66897309
v -8.13787949 3.76821423 25.06393629
v -8.13787949 3.76821423 37.66897309
v -8.13787949 4.27064252 25.06393629
v -8.13787949 4.27064252 37.66897309
v -8.13787949 4.77307081 25.06393629
v -8.13787949 4.77307081 37.16477162
v -8.13787949 5.27549911 25.06393629
v -8.13787949 5.27549911 37.16477162
v -8.13787949 5.77792740 25.06393629
v -8.13787949 5.77792740 36.66057014
v -8.13787949 6.28035569 25.56813776
v -8.13787949 6.28035569 36.66057014
v -8.13787949 6.78278399 25.56813776
v -8.13787949 6.78278399 36.15636867
v -8.13787949 7.28521228 26.07233924
v -8.13787949 7.28521228 35.65216720
v -8.13787949 7.78764057 26.07233924
v -8.13787949 7.78764057 35.65216720
v -8.13787949 8.29006886 26.57654071
v -8.13787949 8.29006886 35.14796573
v -8.13787949 8.79249716 27.08074218
v -8.13787949 8.79249716 34.64376426
v -8.13787949 9.29492545 27.08074218
v -8.13787949 9.29492545 34.13956279
v -8.13787949 9.79735374 27.58494365
v -8.13787949 9.79735374 33.63536131
v -8.13787949 10.29978204 28.08914512
v -8.13787949 10.29978204 33.13115984
v -8.13787949 10.80221033 28.59334660
v -8.63853246 10.80221033 29.09754807
v -8.13787949 10.80221033 32.62695837
v -8.13787949 11.30463862 29.09754807
v -8.13787949 11.30463862 29.60174954
v -8.63853246 11.30463862 30.10595101
v -8.63853246 11.30463862 31.11435395
v -8.13787949 11.30463862 31.61855543
v -8.13787949 11.30463862 32.12275690
v -8.13787949 11.80706692 30.10595101
v -8.13787949 11.80706692 30.61015248
v -8.13787949 11.80706692 31.11435395
v -7.63722652 -5.77792335 30.61015248
v -7.63722652 -6.28035164 31.11435395
v -7.63722652 -6.28035164 31.61855543
v -7.63722652 -6.28035164 32.12275690
v -7.63722652 -6.28035164 32.62695837
v -7.63722652 -6.28035164 33.13115984
v -7.63722652 -6.28035164 33.63536131
v -7.63722652 -5.77792335 34.13956279
v -7.63722652 -5.27549505 30.10595101
v -7.63722652 -5.77792335 34.64376426
v -7.63722652 -5.27549505 35.14796573
v -7.63722652 -4.77306676 29.09754807
v -7.63722652 -5.27549505 29.60174954
v -7.63722652 -4.77306676 35.65216720
v -7.63722652 -4.27063847 28.59334660
v -7.63722652 -4.27063847 35.65216720
v -7.63722652 -3.76821017 28.59334660
v -7.63722652 -3.76821017 36.15636867
v -7.63722652 -3.26578188 28.08914512
v -7.63722652 -3.26578188 36.15636867
v -7.63722652 -2.76335359 27.58494365
v -7.63722652 -2.76335359 36.66057014
v -7.63722652 -2.26092529 27.58494365
v -7.63722652 -2.26092529 36.66057014
v -7.63722652 -1.75849700 27.08074218
v -7.63722652 -1.75849700 36.66057014
v -7.63722652 -1.25606871 27.08074218
v -7.63722652 -1.25606871 37.16477162
v -7.63722652 -0.75364041 26.57654071
v -7.63722652 -0.75364041 37.16477162
v -7.63722652 -0.25121212 26.57654071
v -7.63722652 -0.25121212 37.16477162
v -7.63722652 0.25121617 26.57654071
v -7.63722652 0.25121617 37.16477162
v -7.63722652 0.75364447 26.07233924
v -7.63722652 0.75364447 37.66897309
v -7.63722652 1.25607276 26.07233924
v -7.63722652 1.25607276 37.66897309
v -7.63722652 1.75850105 25.56813776
v -7.63722652 1.75850105 37.66897309
v -7.63722652 2.26092935 25.56813776
v -7.63722652 2.26092935 37.66897309
v -7.63722652 2.76335764 25.56813776
v -7.63722652 2.76335764 37.66897309
v -7.63722652 3.26578593 25.06393629
v -7.63722652 3.26578593 37.66897309
v -7.63722652 3.76821423 25.06393629
v -7.63722652 3.76821423 37.66897309
v -7.63722652 4.27064252 25.06393629
v -7.63722652 4.27064252 37.66897309
v -7.63722652 4.77307081 25.06393629
v -7.63722652 4.77307081 37.66897309
v -7.63722652 5.27549911 25.06393629
v -7.63722652 5.27549911 37.16477162
v -7.63722652 5.77792740 25.06393629
v -7.63722652 5.77792740 37.16477162
v -7.63722652 6.28035569 25.06393629
v -7.63722652 6.28035569 36.66057014
v -7.63722652 6.78278399 25.06393629
v -7.63722652 6.78278399 36.66057014
v -7.63722652 7.28521228 25.56813776
v -7.63722652 7.28521228 36.15636867
v -7.63722652 7.78764057 25.56813776
v -7.63722652 7.78764057 35.65216720
v -7.63722652 8.29006886 26.07233924
v -7.63722652 8.29006886 35.65216720
v -7.63722652 8.79249716 26.57654071
v -7.63722652 8.79249716 35.14796573
v -7.63722652 9.29492545 26.57654071
v -7.63722652 9.29492545 34.64376426
v -7.63722652 9.79735374 27.08074218
v -7.63722652 9.79735374 34.13956279
v -8.13787949 10.29978204 27.58494365
v -7.63722652 10.29978204 27.08074218
v -7.63722652 10.29978204 33.63536131
v -7.63722652 10.80221033 27.58494365
v -8.13787949 10.80221033 28.08914512
v -7.63722652 10.80221033 33.13115984
v -7.63722652 11.30463862 28.08914512
v -8.13787949 11.30463862 28.59334660
v -7.63722652 11.30463862 32.62695837
v -7.63722652 11.80706692 28.59334660
v -7.63722652 11.80706692 29.09754807
v -8.13787949 11.80706692 29.60174954
v -7.63722652 11.80706692 31.61855543
v -7.63722652 11.80706692 32.12275690
v -7.63722652 12.30949521 29.60174954
v -7.63722652 12.30949521 30.10595101
v -7.63722652 12.30949521 30.61015248
v -7.63722652 12.30949521 31.11435395
v -7.13657355 -5.77792335 31.11435395
v -7.13657355 -6.28035164 31.61855543
v -7.13657355 -6.28035164 32.12275690
v -7.13657355 -6.28035164 32.62695837
v -7.13657355 -6.28035164 33.13115984
v -7.13657355 -5.77792335 33.63536131
v -7.13657355 -5.27549505 30.10595101
v -7.13657355 -5.77792335 30.61015248
v -7.13657355 -5.77792335 34.13956279
v -7.13657355 -5.27549505 34.64376426
v -7.13657355 -4.77306676 29.60174954
v -7.13657355 -4.77306676 35.14796573
v -7.13657355 -4.27063847 29.09754807
v -7.13657355 -4.27063847 35.65216720
v -7.13657355 -3.76821017 28.59334660
v -7.13657355 -3.76821017 36.15636867
v -7.13657355 -3.26578188 28.08914512
v -7.13657355 -3.26578188 36.15636867
v -7.13657355 -2.76335359 27.58494365
v -7.13657355 -2.76335359 36.66057014
v -7.13657355 -2.26092529 27.58494365
v -7.13657355 -2.26092529 36.66057014
v -7.13657355 -1.75849700 27.08074218
v -7.13657355 -1.75849700 36.66057014
v -7.13657355 -1.25606871 27.08074218
v -7.13657355 -1.25606871 36.66057014
v -7.13657355 -0.75364041 26.57654071
v -7.13657355 -0.75364041 37.16477162
v -7.13657355 -0.25121212 26.57654071
v -7.13657355 -0.25121212 37.16477162
v -7.13657355 0.25121617 26.57654071
v -7.13657355 0.25121617 37.16477162
v -7.13657355 0.75364447 26.07233924
v -7.13657355 0.75364447 37.16477162
v -7.13657355 1.25607276 26.07233924
v -7.13657355 1.25607276 37.66897309
v -7.13657355 1.75850105 25.56813776
v -7.13657355 1.75850105 37.66897309
v -7.13657355 2.26092935 25.56813776
v -7.13657355 2.26092935 37.66897309
v -7.13657355 2.76335764 25.56813776
v -7.13657355 2.76335764 37.66897309
v -7.13657355 3.26578593 25.06393629
v -7.13657355 3.26578593 37.66897309
v -7.13657355 3.76821423 25.06393629
v -7.13657355 3.76821423 37.66897309
v -7.13657355 4.27064252 25.06393629
v -7.13657355 4.27064252 37.66897309
v -7.13657355 4.77307081 25.06393629
v -7.13657355 4.77307081 37.66897309
v -7.13657355 5.27549911 24.55973482
v -7.13657355 5.27549911 37.16477162
v -7.13657355 5.77792740 24.55973482
v -7.13657355 5.77792740 37.16477162
v -7.13657355 6.28035569 25.06393629
v -7.13657355 6.28035569 37.16477162
v -7.13657355 6.78278399 25.06393629
v -7.13657355 6.78278399 36.66057014
v -7.13657355 7.28521228 25.06393629
v -7.13657355 7.28521228 36.15636867
v -7.13657355 7.78764057 25.56813776
v -7.13657355 7.78764057 36.15636867
v -7.13657355 8.29006886 25.56813776
v -7.13657355 8.29006886 35.65216720
v -7.13657355 8.79249716 26.07233924
v -7.13657355 8.79249716 35.14796573
v -7.13657355 9.29492545 26.07233924
v -7.13657355 9.29492545 35.14796573
v -7.13657355 9.79735374 26.57654071
v -7.13657355 9.79735374 34.64376426
v -7.13657355 10.29978204 26.57654071
v -7.13657355 10.29978204 34.13956279
v -7.13657355 10.80221033 27.08074218
v -7.13657355 10.80221033 33.63536131
v -7.63722652 11.30463862 27.58494365
v -7.13657355 11.30463862 27.08074218
v -7.13657355 11.30463862 33.13115984
v -7.13657355 11.80706692 27.58494365
v -7.63722652 11.80706692 28.08914512
v -7.13657355 11.80706692 32.62695837
v -7.13657355 12.30949521 28.08914512
v -7.63722652 12.30949521 28.59334660
v -7.63722652 12.30949521 29.09754807
v -7.13657355 12.30949521 31.61855543
v -7.13657355 12.30949521 32.12275690
v -7.13657355 12.81192350 28.59334660
v -7.13657355 12.81192350 29.09754807
v -7.13657355 12.81192350 29.60174954
v -7.13657355 12.81192350 30.10595101
v -7.13657355 12.81192350 30.61015248
v -7.13657355 12.81192350 31.11435395
v -6.63592058 -5.77792335 31.61855543
v -6.63592058 -5.77792335 32.12275690
v -6.63592058 -5.77792335 32.62695837
v -6.63592058 -5.77792335 33.13115984
v -6.63592058 -5.27549505 30.10595101
v -6.63592058 -5.77792335 30.61015248
v -6.63592058 -5.77792335 31.11435395
v -6.63592058 -5.77792335 33.63536131
v -6.63592058 -5.77792335 34.13956279
v -6.63592058 -5.27549505 34.64376426
v -6.63592058 -4.77306676 29.60174954
v -6.63592058 -4.77306676 35.14796573
v -6.63592058 -4.27063847 29.09754807
v -6.63592058 -4.27063847 35.65216720
v -6.63592058 -3.76821017 28.59334660
v -6.63592058 -3.76821017 36.15636867
v -6.63592058 -3.26578188 28.08914512
v -6.63592058 -3.26578188 36.15636867
v -6.63592058 -2.76335359 27.58494365
v -6.63592058 -2.76335359 36.66057014
v -6.63592058 -2.26092529 27.58494365
v -6.63592058 -2.26092529 36.66057014
v -6.63592058 -1.75849700 27.08074218
v -6.63592058 -1.75849700 36.66057014
v -6.63592058 -1.25606871 27.08074218
v -6.63592058 -1.25606871 36.66057014
v -6.63592058 -0.75364041 26.57654071
v -6.63592058 -0.75364041 37.16477162
v -6.63592058 -0.25121212 26.57654071
v -6.63592058 -0.25121212 37.16477162
v -6.63592058 0.25121617 26.07233924
v -6.63592058 0.25121617 37.16477162
v -6.63592058 0.75364447 26.07233924
v -6.63592058 0.75364447 37.16477162
v -6.63592058 1.25607276 26.07233924
v -6.63592058 1.25607276 37.66897309
v -6.63592058 1.75850105 25.56813776
v -6.63592058 1.75850105 37.66897309
v -6.63592058 2.26092935 25.56813776
v -6.63592058 2.26092935 37.66897309
v -6.63592058 2.76335764 25.06393629
v -6.63592058 2.76335764 37.66897309
v -6.63592058 3.26578593 25.06393629
v -6.63592058 3.26578593 37.66897309
v -6.63592058 3.76821423 25.06393629
v -6.63592058 3.76821423 37.66897309
v -6.63592058 4.27064252 24.55973482
v -6.63592058 4.27064252 37.66897309
v -6.63592058 4.77307081 24.55973482
v -6.63592058 4.77307081 37.66897309
v -6.63592058 5.27549911 24.55973482
v -6.63592058 5.27549911 37.66897309
v -6.63592058 5.77792740 24.55973482
v -6.63592058 5.77792740 37.16477162
v -6.63592058 6.28035569 24.55973482
v -6.63592058 6.28035569 37.16477162
v -6.63592058 6.78278399 24.55973482
v -6.63592058 6.78278399 36.66057014
v -6.63592058 7.28521228 24.55973482
v -6.63592058 7.28521228 36.66057014
v -6.63592058 7.78764057 25.06393629
v -6.63592058 7.78764057 36.15636867
v -6.63592058 8.29006886 25.06393629
v -6.63592058 8.29006886 36.15636867
v -6.63592058 8.79249716 25.56813776
v -6.63592058 8.79249716 35.65216720
v -6.63592058 9.29492545 25.56813776
v -6.63592058 9.29492545 35.14796573
v -6.63592058 9.79735374 26.07233924
v -6.63592058 9.79735374 35.14796573
v -6.63592058 10.29978204 26.07233924
v -6.63592058 10.29978204 34.64376426
v -7.13657355 10.80221033 26.57654071
v -6.63592058 10.80221033 26.07233924
v -6.63592058 10.80221033 34.13956279
v -6.63592058 11.30463862 26.57654071
v -6.63592058 11.30463862 33.63536131
v -6.63592058 11.80706692 27.08074218
v -6.63592058 11.80706692 33.13115984
v -7.13657355 12.30949521 27.58494365
v -6.63592058 12.30949521 27.08074218
v -6.63592058 12.30949521 32.62695837
v -6.63592058 12.81192350 27.58494365
v -7.13657355 12.81192350 28.08914512
v -7.13657355 12.81192350 31.61855543
v -6.63592058 12.81192350 32.12275690
v -6.63592058 13.31435180 28.08914512
v -6.63592058 13.31435180 28.59334660
v -7.13657355 13.31435180 29.09754807
v -7.13657355 13.31435180 29.60174954
v -7.13657355 13.31435180 30.10595101
v -7.13657355 13.31435180 30.61015248
v -6.63592058 13.31435180 31.11435395
v -6.63592058 13.31435180 31.61855543
v -6.63592058 13.81678009 29.09754807
v -6.63592058 13.81678009 29.60174954
v -6.63592058 13.81678009 30.10595101
v -6.63592058 13.81678009 30.61015248
v -6.13526762 -5.27549505 30.61015248
v -6.13526762 -5.77792335 31.11435395
v -6.13526762 -5.77792335 31.61855543
v -6.13526762 -5.77792335 32.12275690
v -6.13526762 -5.77792335 32.62695837
v -6.13526762 -5.77792335 33.13115984
v -6.13526762 -5.77792335 33.63536131
v -6.13526762 -5.27549505 34.13956279
v -6.13526762 -4.77306676 29.60174954
v -6.13526762 -5.27549505 30.10595101
v -6.13526762 -5.27549505 34.64376426
v -6.13526762 -4.77306676 35.14796573
v -6.13526762 -4.27063847 29.09754807
v -6.13526762 -4.27063847 35.65216720
v -6.13526762 -3.76821017 28.59334660
v -6.13526762 -3.76821017 36.15636867
v -6.13526762 -3.26578188 28.08914512
v -6.13526762 -3.26578188 36.15636867
v -6.13526762 -2.76335359 27.58494365
v -6.13526762 -2.76335359 36.15636867
v -6.13526762 -2.26092529 27.58494365
v -6.13526762 -2.26092529 36.66057014
v -6.13526762 -1.75849700 27.08074218
v -6.13526762 -1.75849700 36.66057014
v -6.13526762 -1.25606871 27.08074218
v -6.13526762 -1.25606871 36.66057014
v -6.13526762 -0.75364041 26.57654071
v -6.13526762 -0.75364041 37.16477162
v -6.13526762 -0.25121212 26.57654071
v -6.13526762 -0.25121212 37.16477162
v -6.13526762 0.25121617 26.07233924
v -6.13526762 0.25121617 37.16477162
v -6.13526762 0.75364447 26.07233924
v -6.13526762 0.75364447 37.16477162
v -6.13526762 1.25607276 26.07233924
v -6.13526762 1.25607276 37.16477162
v -6.13526762 1.75850105 25.56813776
v -6.13526762 1.75850105 37.66897309
v -6.13526762 2.26092935 25.56813776
v -6.13526762 2.26092935 37.66897309
v -6.13526762 2.76335764 25.06393629
v -6.13526762 2.76335764 37.66897309
v -6.13526762 3.26578593 25.06393629
v -6.13526762 3.26578593 37.66897309
v -6.13526762 3.76821423 25.06393629
v -6.13526762 3.76821423 37.66897309
v -6.13526762 4.27064252 24.55973482
v -6.13526762 4.27064252 37.66897309
v -6.13526762 4.77307081 24.55973482
v -6.13526762 4.77307081 37.66897309
v -6.13526762 5.27549911 24.55973482
v -6.13526762 5.27549911 37.66897309
v -6.13526762 5.77792740 24.55973482
v -6.13526762 5.77792740 37.16477162
v -6.13526762 6.28035569 24.55973482
v -6.13526762 6.28035569 37.16477162
v -6.13526762 6.78278399 24.55973482
v -6.13526762 6.78278399 37.16477162
v -6.13526762 7.28521228 24.55973482
v -6.13526762 7.28521228 36.66057014
v -6.13526762 7.78764057 24.55973482
v -6.13526762 7.78764057 36.66057014
v -6.13526762 8.29006886 24.55973482
v -6.13526762 8.29006886 36.15636867
v -6.13526762 8.79249716 25.06393629
v -6.13526762 8.79249716 35.65216720
v -6.13526762 9.29492545 25.06393629
v -6.13526762 9.29492545 35.65216720
v -6.13526762 9.79735374 25.56813776
v -6.13526762 9.79735374 35.14796573
v -6.13526762 10.29978204 25.56813776
v -6.13526762 10.29978204 34.64376426
v -6.13526762 10.80221033 25.56813776
v -6.13526762 10.80221033 34.64376426
v -6.13526762 11.30463862 26.07233924
v -6.13526762 11.30463862 34.13956279
v -6.63592058 11.80706692 26.57654071
v -6.13526762 11.80706692 26.07233924
v -6.13526762 11.80706692 33.63536131
v -6.13526762 12.30949521 26.57654071
v -6.13526762 12.30949521 33.13115984
v -6.63592058 12.81192350 27.08074218
v -6.13526762 12.81192350 26.57654071
v -6.13526762 12.81192350 32.62695837
v -6.13526762 13.31435180 27.08074218
v -6.63592058 13.31435180 27.58494365
v -6.13526762 13.31435180 32.12275690
v -6.13526762 13.81678009 27.58494365
v -6.63592058 13.81678009 28.08914512
v -6.63592058 13.81678009 28.59334660
v -6.13526762 13.81678009 31.11435395
v -6.13526762 13.81678009 31.61855543
v -6.13526762 14.31920838 28.08914512
v -6.63592058 14.31920838 28.59334660
v -6.63592058 14.31920838 29.09754807
v -6.13526762 14.31920838 29.60174954
v -6.13526762 14.31920838 30.10595101
v -6.13526762 14.31920838 30.61015248
v -6.13526762 14.82163668 28.59334660
v -6.13526762 14.82163668 29.09754807
v -5.63461465 -5.27549505 31.11435395
v -5.63461465 -5.77792335 31.61855543
v -5.63461465 -5.77792335 32.12275690
v -5.63461465 -5.77792335 32.62695837
v -5.63461465 -5.77792335 33.13115984
v -5.63461465 -5.77792335 33.63536131
v -5.63461465 -5.27549505 34.13956279
v -5.63461465 -4.77306676 30.10595101
v -5.63461465 -5.27549505 30.61015248
v -5.63461465 -4.77306676 34.64376426
v -5.63461465 -4.27063847 29.09754807
v -5.63461465 -4.77306676 29.60174954
v -5.63461465 -4.27063847 35.14796573
v -5.63461465 -3.76821017 28.59334660
v -5.63461465 -3.76821017 35.65216720
v -5.63461465 -3.26578188 28.08914512
v -5.63461465 -3.26578188 36.15636867
v -5.63461465 -2.76335359 27.58494365
v -5.63461465 -2.76335359 36.15636867
v -5.63461465 -2.26092529 27.58494365
v -5.63461465 -2.26092529 36.66057014
v -5.63461465 -1.75849700 27.08074218
v -5.63461465 -1.75849700 36.66057014
v -5.63461465 -1.25606871 27.08074218
v -5.63461465 -1.25606871 36.66057014
v -5.63461465 -0.75364041 26.57654071
v -5.63461465 -0.75364041 36.66057014
v -5.63461465 -0.25121212 26.57654071
v -5.63461465 -0.25121212 37.16477162
v -5.63461465 0.25121617 26.07233924
v -5.63461465 0.25121617 37.16477162
v -5.63461465 0.75364447 26.07233924
v -5.63461465 0.75364447 37.16477162
v -5.63461465 1.25607276 25.56813776
v -5.63461465 1.25607276 37.16477162
v -5.63461465 1.75850105 25.56813776
v -5.63461465 1.75850105 37.66897309
v -5.63461465 2.26092935 25.56813776
v -5.63461465 2.26092935 37.66897309
v -5.63461465 2.76335764 25.06393629
v -5.63461465 2.76335764 37.66897309
v -5.63461465 3.26578593 25.06393629
v -5.63461465 3.26578593 37.66897309
v -5.63461465 3.76821423 24.55973482
v -5.63461465 3.76821423 37.66897309
v -5.63461465 4.27064252 24.55973482
v -5.63461465 4.27064252 37.66897309
v -5.63461465 4.77307081 24.55973482
v -5.63461465 4.77307081 37.66897309
v -5.63461465 5.27549911 24.55973482
v -5.63461465 5.27549911 37.66897309
v -5.63461465 5.77792740 24.05553335
v -5.63461465 5.77792740 37.66897309
v -5.63461465 6.28035569 24.05553335
v -5.63461465 6.28035569 37.16477162
v -5.63461465 6.78278399 24.05553335
v -5.63461465 6.78278399 37.16477162
v -5.63461465 7.28521228 24.05553335
v -5.63461465 7.28521228 36.66057014
v -5.63461465 7.78764057 24.55973482
v -5.63461465 7.78764057 36.66057014
v -5.63461465 8.29006886 24.55973482
v -5.63461465 8.29006886 36.15636867
v -5.63461465 8.79249716 24.55973482
v -5.63461465 8.79249716 36.15636867
v -5.63461465 9.29492545 24.55973482
v -5.63461465 9.29492545 35.65216720
v -5.63461465 9.79735374 25.06393629
v -5.63461465 9.79735374 35.65216720
v -5.63461465 10.29978204 25.06393629
v -5.63461465 10.29978204 35.14796573
v -5.63461465 10.80221033 25.06393629
v -5.63461465 10.80221033 34.64376426
v -5.63461465 11.30463862 25.56813776
v -5.63461465 11.30463862 34.64376426
v -5.63461465 11.80706692 25.56813776
v -5.63461465 11.80706692 34.13956279
v -6.13526762 12.30949521 26.07233924
v -5.63461465 12.30949521 25.56813776
v -5.63461465 12.30949521 33.63536131
v -6.13526762 12.81192350 26.07233924
v -5.63461465 12.81192350 25.56813776
v -5.63461465 12.81192350 33.13115984
v -5.63461465 13.31435180 26.07233924
v -6.13526762 13.31435180 26.57654071
v -5.63461465 13.31435180 32.62695837
v -6.13526762 13.81678009 26.57654071
v -5.63461465 13.81678009 26.07233924
v -6.13526762 13.81678009 27.08074218
v -5.63461465 13.81678009 32.12275690
v -6.13526762 14.31920838 26.57654071
v -5.63461465 14.31920838 26.07233924
v -6.13526762 14.31920838 27.08074218
v -6.13526762 14.31920838 27.58494365
v -5.63461465 14.31920838 31.11435395
v -5.63461465 14.31920838 31.61855543
v -5.63461465 14.82163668 26.57654071
v -6.13526762 14.82163668 27.08074218
v -6.13526762 14.82163668 27.58494365
v -6.13526762 14.82163668 28.08914512
v -6.13526762 14.82163668 29.60174954
v -5.63461465 14.82163668 30.10595101
v -5.63461465 14.82163668 30.61015248
v -5.63461465 15.32406497 27.08074218
v -5.63461465 15.32406497 27.58494365
v -5.63461465 15.32406497 28.08914512
v -5.63461465 15.32406497 28.59334660
v -5.63461465 15.32406497 29.09754807
v -5.63461465 15.32406497 29.60174954
v -5.13396168 -5.27549505 31.61855543
v -5.13396168 -5.27549505 32.12275690
v -5.13396168 -5.77792335 32.62695837
v -5.13396168 -5.27549505 33.13115984
v -5.13396168 -5.27549505 33.63536131
v -5.13396168 -4.77306676 30.10595101
v -5.13396168 -5.27549505 30.61015248
v -5.13396168 -5.27549505 31.11435395
v -5.13396168 -5.27549505 34.13956279
v -5.13396168 -4.77306676 34.64376426
v -5.13396168 -4.27063847 29.60174954
v -5.13396168 -4.27063847 35.14796573
v -5.13396168 -3.76821017 28.59334660
v -5.13396168 -4.27063847 29.09754807
v -5.13396168 -3.76821017 35.65216720
v -5.13396168 -3.26578188 28.08914512
v -5.13396168 -3.26578188 36.15636867
v -5.13396168 -2.76335359 27.58494365
v -5.13396168 -2.76335359 36.15636867
v -5.13396168 -2.26092529 27.58494365
v -5.13396168 -2.26092529 36.66057014
v -5.13396168 -1.75849700 27.08074218
v -5.13396168 -1.75849700 36.66057014
v -5.13396168 -1.25606871 27.08074218
v -5.13396168 -1.25606871 36.66057014
v -5.13396168 -0.75364041 26.57654071
v -5.13396168 -0.75364041 36.66057014
v -5.13396168 -0.25121212 26.57654071
v -5.13396168 -0.25121212 37.16477162
v -5.13396168 0.25121617 26.07233924
v -5.13396168 0.25121617 37.16477162
v -5.13396168 0.75364447 26.07233924
v -5.13396168 0.75364447 37.16477162
v -5.13396168 1.25607276 25.56813776
v -5.13396168 1.25607276 37.16477162
v -5.13396168 1.75850105 25.56813776
v -5.13396168 1.75850105 37.66897309
v -5.13396168 2.26092935 25.56813776
v -5.13396168 2.26092935 37.66897309
v -5.13396168 2.76335764 25.06393629
v -5.13396168 2.76335764 37.66897309
v -5.13396168 3.26578593 25.06393629
v -5.13396168 3.26578593 37.66897309
v -5.13396168 3.76821423 24.55973482
v -5.13396168 3.76821423 37.66897309
v -5.13396168 4.27064252 24.55973482
v -5.13396168 4.27064252 37.66897309
v -5.13396168 4.77307081 24.55973482
v -5.13396168 4.77307081 37.66897309
v -5.13396168 5.27549911 24.05553335
v -5.13396168 5.27549911 37.66897309
v -5.13396168 5.77792740 24.05553335
v -5.13396168 5.77792740 37.66897309
v -5.13396168 6.28035569 24.05553335
v -5.13396168 6.28035569 37.16477162
v -5.13396168 6.78278399 24.05553335
v -5.13396168 6.78278399 37.16477162
v -5.13396168 7.28521228 24.05553335
v -5.13396168 7.28521228 37.16477162
v -5.13396168 7.78764057 24.05553335
v -5.13396168 7.78764057 36.66057014
v -5.13396168 8.29006886 24.05553335
v -5.13396168 8.29006886 36.66057014
v -5.13396168 8.79249716 24.05553335
v -5.13396168 8.79249716 36.15636867
v -5.13396168 9.29492545 24.55973482
v -5.13396168 9.29492545 35.65216720
v -5.13396168 9.79735374 24.55973482
v -5.13396168 9.79735374 35.65216720
v -5.13396168 10.29978204 24.55973482
v -5.13396168 10.29978204 35.14796573
v -5.13396168 10.80221033 24.55973482
v -5.13396168 10.80221033 35.14796573
v -5.13396168 11.30463862 25.06393629
v -5.13396168 11.30463862 34.64376426
v -5.13396168 11.80706692 25.06393629
v -5.13396168 11.80706692 34.13956279
v -5.13396168 12.30949521 25.06393629
v -5.13396168 12.30949521 34.13956279
v -5.13396168 12.81192350 25.06393629
v -5.13396168 12.81192350 33.63536131
v -5.63461465 13.31435180 25.56813776
v -5.13396168 13.31435180 25.06393629
v -5.13396168 13.31435180 33.13115984
v -5.63461465 13.81678009 25.56813776
v -5.13396168 13.81678009 25.06393629
v -5.13396168 13.81678009 32.62695837
v -5.63461465 14.31920838 25.56813776
v -5.13396168 14.31920838 25.06393629
v -5.13396168 14.31920838 32.12275690
v -5.13396168 14.82163668 25.56813776
v -5.63461465 14.82163668 26.07233924
v -5.13396168 14.82163668 31.11435395
v -5.13396168 14.82163668 31.61855543
v -5.63461465 15.32406497 26.07233924
v -5.13396168 15.32406497 25.56813776
v -5.63461465 15.32406497 26.57654071
v -5.13396168 15.32406497 30.10595101
v -5.13396168 15.32406497 30.61015248
v -5.13396168 15.82649326 26.07233924
v -5.63461465 15.82649326 26.57654071
v -5.63461465 15.82649326 27.08074218
v -5.63461465 15.82649326 27.58494365
v -5.63461465 15.82649326 28.08914512
v -5.63461465 15.82649326 28.59334660
v -5.13396168 15.82649326 29.09754807
v -5.13396168 15.82649326 29.60174954
v -5.13396168 16.32892156 26.57654071
v -5.13396168 16.32892156 27.08074218
v -5.13396168 16.32892156 27.58494365
v -5.13396168 16.32892156 28.08914512
v -5.13396168 16.32892156 28.59334660
v -4.63330871 -5.27549505 32.62695837
v -4.63330871 -4.77306676 30.61015248
v -4.63330871 -5.27549505 31.11435395
v -4.63330871 -5.27549505 31.61855543
v -4.63330871 -5.27549505 32.12275690
v -4.63330871 -5.27549505 33.13115984
v -4.63330871 -5.27549505 33.63536131
v -4.63330871 -5.27549505 34.13956279
v -4.63330871 -4.77306676 34.64376426
v -4.63330871 -4.27063847 29.60174954
v -4.63330871 -4.77306676 30.10595101
v -4.63330871 -4.27063847 35.14796573
v -4.63330871 -3.76821017 29.09754807
v -4.63330871 -3.76821017 35.65216720
v -4.63330871 -3.26578188 28.59334660
v -4.63330871 -3.26578188 36.15636867
v -4.63330871 -2.76335359 28.08914512
v -4.63330871 -2.76335359 36.15636867
v -4.63330871 -2.26092529 27.58494365
v -4.63330871 -2.26092529 36.66057014
v -4.63330871 -1.75849700 27.08074218
v -4.63330871 -1.75849700 36.66057014
v -4.63330871 -1.25606871 26.57654071
v -4.63330871 -1.25606871 36.66057014
v -4.63330871 -0.75364041 26.57654071
v -4.63330871 -0.75364041 36.66057014
v -4.63330871 -0.25121212 26.57654071
v -4.63330871 -0.25121212 37.16477162
v -4.63330871 0.25121617 26.07233924
v -4.63330871 0.25121617 37.16477162
v -4.63330871 0.75364447 26.07233924
v -4.63330871 0.75364447 37.16477162
v -4.63330871 1.25607276 25.56813776
v -4.63330871 1.25607276 37.16477162
v -4.63330871 1.75850105 25.56813776
v -4.63330871 1.75850105 37.16477162
v -4.63330871 2.26092935 25.56813776
v -4.63330871 2.26092935 37.66897309
v -4.63330871 2.76335764 25.06393629
v -4.63330871 2.76335764 37.66897309
v -4.63330871 3.26578593 25.06393629
v -4.63330871 3.26578593 37.66897309
v -4.63330871 3.76821423 24.55973482
v -4.63330871 3.76821423 37.66897309
v -4.63330871 4.27064252 24.55973482
v -4.63330871 4.27064252 37.66897309
v -4.63330871 4.77307081 24.55973482
v -4.63330871 4.77307081 37.66897309
v -4.63330871 5.27549911 24.05553335
v -4.63330871 5.27549911 37.66897309
v -4.63330871 5.77792740 24.05553335
v -4.63330871 5.77792740 37.66897309
v -4.63330871 6.28035569 24.05553335
v -4.63330871 6.28035569 37.16477162
v -4.63330871 6.78278399 24.05553335
v -4.63330871 6.78278399 37.16477162
v -4.63330871 7.28521228 24.05553335
v -4.63330871 7.28521228 37.16477162
v -4.63330871 7.78764057 24.05553335
v -4.63330871 7.78764057 36.66057014
v -4.63330871 8.29006886 24.05553335
v -4.63330871 8.29006886 36.66057014
v -4.63330871 8.79249716 24.05553335
v -4.63330871 8.79249716 36.15636867
v -4.63330871 9.29492545 24.05553335
v -4.63330871 9.29492545 36.15636867
v -4.63330871 9.79735374 24.05553335
v -4.63330871 9.79735374 35.65216720
v -4.63330871 10.29978204 24.05553335
v -4.63330871 10.29978204 35.65216720
v -4.63330871 10.80221033 24.55973482
v -4.63330871 10.80221033 35.14796573
v -4.63330871 11.30463862 24.55973482
v -4.63330871 11.30463862 34.64376426
v -4.63330871 11.80706692 24.55973482
v -4.63330871 11.80706692 34.64376426
v -4.63330871 12.30949521 24.55973482
v -4.63330871 12.30949521 34.13956279
v -4.63330871 12.81192350 24.55973482
v -4.63330871 12.81192350 33.63536131
v -4.63330871 13.31435180 24.55973482
v -4.63330871 13.31435180 33.63536131
v -4.63330871 13.81678009 24.55973482
v -4.63330871 13.81678009 33.13115984
v -4.63330871 14.31920838 24.55973482
v -4.63330871 14.31920838 32.62695837
v -5.13396168 14.82163668 25.06393629
v -4.63330871 14.82163668 24.55973482
v -4.63330871 14.82163668 31.61855543
v -4.63330871 14.82163668 32.12275690
v -5.13396168 15.32406497 25.06393629
v -4.63330871 15.32406497 24.55973482
v -4.63330871 15.32406497 31.11435395
v -5.13396168 15.82649326 25.06393629
v -4.63330871 15.82649326 24.55973482
v -5.13396168 15.82649326 25.56813776
v -4.63330871 15.82649326 30.10595101
v -4.63330871 15.82649326 30.61015248
v -5.13396168 16.32892156 25.06393629
v -4.63330871 16.32892156 24.55973482
v -5.13396168 16.32892156 25.56813776
v -5.13396168 16.32892156 26.07233924
v -4.63330871 16.32892156 29.09754807
v -4.63330871 16.32892156 29.60174954
v -5.13396168 16.83134985 25.06393629
v -4.63330871 16.83134985 24.55973482
v -5.13396168 16.83134985 25.56813776
v -5.13396168 16.83134985 26.07233924
v -5.13396168 16.83134985 26.57654071
v -5.13396168 16.83134985 27.08074218
v -5.13396168 16.83134985 27.58494365
v -5.13396168 16.83134985 28.08914512
v -4.63330871 16.83134985 28.59334660
v -4.63330871 17.33377814 25.06393629
v -5.13396168 17.33377814 25.56813776
v -5.13396168 17.33377814 26.07233924
v -5.13396168 17.33377814 26.57654071
v -5.13396168 17.33377814 27.08074218
v -4.63330871 17.33377814 27.58494365
v -4.63330871 17.33377814 28.08914512
v -4.63330871 17.83620644 25.56813776
v -4.63330871 17.83620644 26.07233924
v -4.63330871 17.83620644 26.57654071
v -4.63330871 17.83620644 27.08074218
v -4.13265574 -4.77306676 31.11435395
v -4.13265574 -5.27549505 31.61855543
v -4.13265574 -5.27549505 32.12275690
v -4.13265574 -5.27549505 32.62695837
v -4.13265574 -5.27549505 33.13115984
v -4.13265574 -5.27549505 33.63536131
v -4.13265574 -4.77306676 34.13956279
v -4.13265574 -4.27063847 30.10595101
v -4.13265574 -4.77306676 30.61015248
v -4.13265574 -4.27063847 34.64376426
v -4.13265574 -3.76821017 29.09754807
v -4.13265574 -4.27063847 29.60174954
v -4.13265574 -3.76821017 35.14796573
v -4.13265574 -3.26578188 28.59334660
v -4.13265574 -3.26578188 35.65216720
v -4.13265574 -2.76335359 28.08914512
v -4.13265574 -2.76335359 36.15636867
v -4.13265574 -2.26092529 27.58494365
v -4.13265574 -2.26092529 36.15636867
v -4.13265574 -1.75849700 27.08074218
v -4.13265574 -1.75849700 36.66057014
v -4.13265574 -1.25606871 26.57654071
v -4.13265574 -1.25606871 36.66057014
v -4.13265574 -0.75364041 26.57654071
v -4.13265574 -0.75364041 36.66057014
v -4.13265574 -0.25121212 26.07233924
v -4.13265574 -0.25121212 37.16477162
v -4.13265574 0.25121617 26.07233924
v -4.13265574 0.25121617 37.16477162
v -4.13265574 0.75364447 26.07233924
v -4.13265574 0.75364447 37.16477162
v -4.13265574 1.25607276 25.56813776
v -4.13265574 1.25607276 37.16477162
v -4.13265574 1.75850105 25.56813776
v -4.13265574 1.75850105 37.16477162
v -4.13265574 2.26092935 25.06393629
v -4.13265574 2.26092935 37.66897309
v -4.13265574 2.76335764 25.06393629
v -4.13265574 2.76335764 37.66897309
v -4.13265574 3.26578593 25.06393629
v -4.13265574 3.26578593 37.66897309
v -4.13265574 3.76821423 24.55973482
v -4.13265574 3.76821423 37.66897309
v -4.13265574 4.27064252 24.55973482
v -4.13265574 4.27064252 37.66897309
v -4.13265574 4.77307081 24.05553335
v -4.13265574 4.77307081 37.66897309
v -4.13265574 5.27549911 24.05553335
v -4.13265574 5.27549911 37.66897309
v -4.13265574 5.77792740 24.05553335
v -4.13265574 5.77792740 37.66897309
v -4.13265574 6.28035569 23.55133188
v -4.13265574 6.28035569 37.16477162
v -4.13265574 6.78278399 23.55133188
v -4.13265574 6.78278399 37.16477162
v -4.13265574 7.28521228 23.55133188
v -4.13265574 7.28521228 37.16477162
v -4.13265574 7.78764057 23.55133188
v -4.13265574 7.78764057 36.66057014
v -4.13265574 8.29006886 23.55133188
v -4.13265574 8.29006886 36.66057014
v -4.13265574 8.79249716 23.55133188
v -4.13265574 8.79249716 36.15636867
v -4.13265574 9.29492545 23.55133188
v -4.13265574 9.29492545 36.15636867
v -4.13265574 9.79735374 24.05553335
v -4.13265574 9.79735374 35.65216720
v -4.13265574 10.29978204 24.05553335
v -4.13265574 10.29978204 35.65216720
v -4.13265574 10.80221033 24.05553335
v -4.13265574 10.80221033 35.14796573
v -4.13265574 11.30463862 24.05553335
v -4.13265574 11.30463862 35.14796573
v -4.13265574 11.80706692 24.05553335
v -4.13265574 11.80706692 34.64376426
v -4.13265574 12.30949521 24.05553335
v -4.13265574 12.30949521 34.64376426
v -4.13265574 12.81192350 24.05553335
v -4.13265574 12.81192350 34.13956279
v -4.13265574 13.31435180 24.05553335
v -4.13265574 13.31435180 33.63536131
v -4.13265574 13.81678009 24.05553335
v -4.13265574 13.81678009 33.13115984
v -4.13265574 14.31920838 24.05553335
v -4.13265574 14.31920838 32.62695837
v -4.13265574 14.82163668 24.05553335
v -4.13265574 14.82163668 32.12275690
v -4.63330871 15.32406497 24.05553335
v -4.13265574 15.32406497 23.55133188
v -4.13265574 15.32406497 31.61855543
v -4.63330871 15.82649326 24.05553335
v -4.13265574 15.82649326 23.55133188
v -4.13265574 15.82649326 31.11435395
v -4.63330871 16.32892156 24.05553335
v -4.13265574 16.32892156 23.55133188
v -4.13265574 16.32892156 30.10595101
v -4.13265574 16.32892156 30.61015248
v -4.63330871 16.83134985 24.05553335
v -4.13265574 16.83134985 23.55133188
v -4.13265574 16.83134985 29.09754807
v -4.13265574 16.83134985 29.60174954
v -4.63330871 17.33377814 24.05553335
v -4.13265574 17.33377814 23.55133188
v -4.63330871 17.33377814 24.55973482
v -4.13265574 17.33377814 28.59334660
v -4.63330871 17.83620644 23.55133188
v -4.13265574 17.83620644 23.04713041
v -4.63330871 17.83620644 24.05553335
v -4.63330871 17.83620644 24.55973482
v -4.63330871 17.83620644 25.06393629
v -4.63330871 17.83620644 27.58494365
v -4.13265574 17.83620644 28.08914512
v -4.13265574 18.33863473 23.55133188
v -4.63330871 18.33863473 24.05553335
v -4.63330871 18.33863473 24.55973482
v -4.63330871 18.33863473 25.06393629
v -4.63330871 18.33863473 25.56813776
v -4.63330871 18.33863473 26.07233924
v -4.63330871 18.33863473 26.57654071
v -4.13265574 18.33863473 27.08074218
v -4.13265574 18.33863473 27.58494365
v -4.63330871 18.84106302 24.05553335
v -4.13265574 18.84106302 23.55133188
v -4.63330871 18.84106302 24.55973482
v -4.63330871 18.84106302 25.06393629
v -4.63330871 18.84106302 25.56813776
v -4.63330871 18.84106302 26.07233924
v -4.13265574 18.84106302 26.57654071
v -4.13265574 19.34349132 24.05553335
v -4.13265574 19.34349132 24.55973482
v -4.13265574 19.34349132 25.06393629
v -4.13265574 19.34349132 25.56813776
v -4.13265574 19.34349132 26.07233924
v -3.63200277 -4.77306676 31.61855543
v -3.63200277 -5.27549505 32.12275690
v -3.63200277 -5.27549505 32.62695837
v -3.63200277 -5.27549505 33.13115984
v -3.63200277 -4.77306676 33.63536131
v -3.63200277 -4.27063847 30.10595101
v -3.63200277 -4.77306676 30.61015248
v -3.63200277 -4.77306676 31.11435395
v -3.63200277 -4.77306676 34.13956279
v -3.63200277 -4.27063847 34.64376426
v -3.63200277 -3.76821017 29.09754807
v -3.63200277 -4.27063847 29.60174954
v -3.63200277 -3.76821017 35.14796573
v -3.63200277 -3.26578188 28.59334660
v -3.63200277 -3.26578188 35.65216720
v -3.63200277 -2.76335359 28.08914512
v -3.63200277 -2.76335359 36.15636867
v -3.63200277 -2.26092529 27.58494365
v -3.63200277 -2.26092529 36.15636867
v -3.63200277 -1.75849700 27.08074218
v -3.63200277 -1.75849700 36.66057014
v -3.63200277 -1.25606871 26.57654071
v -3.63200277 -1.25606871 36.66057014
v -3.63200277 -0.75364041 26.57654071
v -3.63200277 -0.75364041 36.66057014
v -3.63200277 -0.25121212 26.07233924
v -3.63200277 -0.25121212 37.16477162
v -3.63200277 0.25121617 26.07233924
v -3.63200277 0.25121617 37.16477162
v -3.63200277 0.75364447 26.07233924
v -3.63200277 0.75364447 37.16477162
v -3.63200277 1.25607276 25.56813776
v -3.63200277 1.25607276 37.16477162
v -3.63200277 1.75850105 25.56813776
v -3.63200277 1.75850105 37.16477162
v -3.63200277 2.26092935 25.06393629
v -3.63200277 2.26092935 37.66897309
v -3.63200277 2.76335764 25.06393629
v -3.63200277 2.76335764 37.66897309
v -3.63200277 3.26578593 25.06393629
v -3.63200277 3.26578593 37.66897309
v -3.63200277 3.76821423 24.55973482
v -3.63200277 3.76821423 37.66897309
v -3.63200277 4.27064252 24.55973482
v -3.63200277 4.27064252 37.66897309
v -3.63200277 4.77307081 24.05553335
v -3.63200277 4.77307081 37.66897309
v -3.63200277 5.27549911 24.05553335
v -3.63200277 5.27549911 37.66897309
v -3.63200277 5.77792740 24.05553335
v -3.63200277 5.77792740 37.66897309
v -3.63200277 6.28035569 23.55133188
v -3.63200277 6.28035569 37.16477162
v -3.63200277 6.78278399 23.55133188
v -3.63200277 6.78278399 37.16477162
v -3.63200277 7.28521228 23.55133188
v -3.63200277 7.28521228 37.16477162
v -3.63200277 7.78764057 23.55133188
v -3.63200277 7.78764057 36.66057014
v -3.63200277 8.29006886 23.55133188
v -3.63200277 8.29006886 36.66057014
v -3.63200277 8.79249716 23.55133188
v -3.63200277 8.79249716 36.66057014
v -3.63200277 9.29492545 23.55133188
v -3.63200277 9.29492545 36.15636867
v -3.63200277 9.79735374 23.55133188
v -3.63200277 9.79735374 36.15636867
v -3.63200277 10.29978204 23.55133188
v -3.63200277 10.29978204 35.65216720
v -3.63200277 10.80221033 23.55133188
v -3.63200277 10.80221033 35.65216720
v -3.63200277 11.30463862 23.55133188
v -3.63200277 11.30463862 35.14796573
v -3.63200277 11.80706692 23.55133188
v -3.63200277 11.80706692 34.64376426
v -3.63200277 12.30949521 23.55133188
v -3.63200277 12.30949521 34.64376426
v -3.63200277 12.81192350 23.55133188
v -3.63200277 12.81192350 34.13956279
v -3.63200277 13.31435180 23.55133188
v -3.63200277 13.31435180 34.13956279
v -3.63200277 13.81678009 23.55133188
v -3.63200277 13.81678009 33.63536131
v -3.63200277 14.31920838 23.55133188
v -3.63200277 14.31920838 33.13115984
v -3.63200277 14.82163668 23.55133188
v -3.63200277 14.82163668 32.62695837
v -3.63200277 15.32406497 23.04713041
v -3.63200277 15.32406497 32.12275690
v -3.63200277 15.82649326 23.04713041
v -3.63200277 15.82649326 31.61855543
v -3.63200277 16.32892156 23.04713041
v -3.63200277 16.32892156 30.61015248
v -3.63200277 16.32892156 31.11435395
v -4.13265574 16.83134985 23.04713041
v -3.63200277 16.83134985 22.54292893
v -3.63200277 16.83134985 30.10595101
v -4.13265574 17.33377814 23.04713041
v -3.63200277 17.33377814 22.54292893
v -3.63200277 17.33377814 29.09754807
v -3.63200277 17.33377814 29.60174954
v -3.63200277 17.83620644 22.54292893
v -3.63200277 17.83620644 28.59334660
v -4.13265574 18.33863473 23.04713041
v -3.63200277 18.33863473 22.54292893
v -3.63200277 18.33863473 28.08914512
v -4.13265574 18.84106302 23.04713041
v -3.63200277 18.84106302 22.54292893
v -4.13265574 18.84106302 27.08074218
v -3.63200277 18.84106302 27.58494365
v -4.13265574 19.34349132 23.04713041
v -3.63200277 19.34349132 22.54292893
v -4.13265574 19.34349132 23.55133188
v -3.63200277 19.34349132 26.57654071
v -3.63200277 19.34349132 27.08074218
v -3.63200277 19.84591961 23.04713041
v -4.13265574 19.84591961 23.55133188
v -4.13265574 19.84591961 24.05553335
v -4.13265574 19.84591961 24.55973482
v -4.13265574 19.84591961 25.06393629
v -4.13265574 19.84591961 25.56813776
v -3.63200277 19.84591961 26.07233924
v -3.63200277 20.34834790 23.55133188
v -3.63200277 20.34834790 24.05553335
v -3.63200277 20.34834790 24.55973482
v -3.63200277 20.34834790 25.06393629
v -3.63200277 20.34834790 25.56813776
v -3.13134980 -4.77306676 32.12275690
v -3.13134980 -4.77306676 32.62695837
v -3.13134980 -4.77306676 33.13115984
v -3.13134980 -4.27063847 30.61015248
v -3.13134980 -4.77306676 31.11435395
v -3.13134980 -4.77306676 31.61855543
v -3.13134980 -4.77306676 33.63536131
v -3.13134980 -4.77306676 34.13956279
v -3.13134980 -4.27063847 34.64376426
v -3.13134980 -3.76821017 29.60174954
v -3.13134980 -4.27063847 30.10595101
v -3.13134980 -3.76821017 35.14796573
v -3.13134980 -3.26578188 28.59334660
v -3.13134980 -3.76821017 29.09754807
v -3.13134980 -3.26578188 35.65216720
v -3.13134980 -2.76335359 28.08914512
v -3.13134980 -2.76335359 36.15636867
v -3.13134980 -2.26092529 27.58494365
v -3.13134980 -2.26092529 36.15636867
v -3.13134980 -1.75849700 27.08074218
v -3.13134980 -1.75849700 36.66057014
v -3.13134980 -1.25606871 26.57654071
v -3.13134980 -1.25606871 36.66057014
v -3.13134980 -0.75364041 26.57654071
v -3.13134980 -0.75364041 36.66057014
v -3.13134980 -0.25121212 26.07233924
v -3.13134980 -0.25121212 37.16477162
v -3.13134980 0.25121617 26.07233924
v -3.13134980 0.25121617 37.16477162
v -3.13134980 0.75364447 26.07233924
v -3.13134980 0.75364447 37.16477162
v -3.13134980 1.25607276 25.56813776
v -3.13134980 1.25607276 37.16477162
v -3.13134980 1.75850105 25.56813776
v -3.13134980 1.75850105 37.16477162
v -3.13134980 2.26092935 25.06393629
v -3.13134980 2.26092935 37.66897309
v -3.13134980 2.76335764 25.06393629
v -3.13134980 2.76335764 37.66897309
v -3.13134980 3.26578593 25.06393629
v -3.13134980 3.26578593 37.66897309
v -3.13134980 3.76821423 24.55973482
v -3.13134980 3.76821423 37.66897309
v -3.13134980 4.27064252 24.55973482
v -3.13134980 4.27064252 37.66897309
v -3.13134980 4.77307081 24.05553335
v -3.13134980 4.77307081 37.66897309
v -3.13134980 5.27549911 24.05553335
v -3.13134980 5.27549911 37.66897309
v -3.13134980 5.77792740 24.05553335
v -3.13134980 5.77792740 37.66897309
v -3.13134980 6.28035569 23.55133188
v -3.13134980 6.28035569 37.16477162
v -3.13134980 6.78278399 23.55133188
v -3.13134980 6.78278399 37.16477162
v -3.13134980 7.28521228 23.55133188
v -3.13134980 7.28521228 37.16477162
v -3.13134980 7.78764057 23.55133188
v -3.13134980 7.78764057 37.16477162
v -3.13134980 8.29006886 23.55133188
v -3.13134980 8.29006886 36.66057014
v -3.13134980 8.79249716 23.55133188
v -3.13134980 8.79249716 36.66057014
v -3.13134980 9.29492545 23.55133188
v -3.13134980 9.29492545 36.15636867
v -3.13134980 9.79735374 23.55133188
v -3.13134980 9.79735374 36.15636867
v -3.13134980 10.29978204 23.55133188
v -3.13134980 10.29978204 35.65216720
v -3.13134980 10.80221033 23.55133188
v -3.13134980 10.80221033 35.65216720
v -3.13134980 11.30463862 23.55133188
v -3.13134980 11.30463862 35.14796573
v -3.13134980 11.80706692 23.55133188
v -3.13134980 11.80706692 35.14796573
v -3.13134980 12.30949521 23.55133188
v -3.13134980 12.30949521 34.64376426
v -3.13134980 12.81192350 23.55133188
v -3.13134980 12.81192350 34.64376426
v -3.13134980 13.31435180 23.04713041
v -3.13134980 13.31435180 34.13956279
v -3.13134980 13.81678009 23.04713041
v -3.13134980 13.81678009 33.63536131
v -3.13134980 14.31920838 23.04713041
v -3.13134980 14.31920838 33.63536131
v -3.13134980 14.82163668 23.04713041
v -3.13134980 14.82163668 33.13115984
v -3.13134980 15.32406497 22.54292893
v -3.13134980 15.32406497 32.62695837
v -3.13134980 15.82649326 22.54292893
v -3.13134980 15.82649326 32.12275690
v -3.13134980 16.32892156 22.54292893
v -3.13134980 16.32892156 31.11435395
v -3.13134980 16.32892156 31.61855543
v -3.13134980 16.83134985 22.03872746
v -3.13134980 16.83134985 30.61015248
v -3.13134980 17.33377814 22.03872746
v -3.13134980 17.33377814 29.60174954
v -3.13134980 17.33377814 30.10595101
v -3.13134980 17.83620644 22.03872746
v -3.13134980 17.83620644 29.09754807
v -3.13134980 18.33863473 22.03872746
v -3.13134980 18.33863473 28.59334660
v -3.13134980 18.84106302 22.03872746
v -3.13134980 18.84106302 28.08914512
v -3.13134980 19.34349132 22.03872746
v -3.13134980 19.34349132 27.58494365
v -3.13134980 19.84591961 22.54292893
v -3.13134980 19.84591961 26.57654071
v -3.13134980 19.84591961 27.08074218
v -3.13134980 20.34834790 23.04713041
v -3.13134980 20.34834790 26.07233924
v -3.13134980 20.85077620 23.55133188
v -3.13134980 20.85077620 24.05553335
v -3.13134980 20.85077620 24.55973482
v -3.13134980 20.85077620 25.06393629
v -3.13134980 20.85077620 25.56813776
v -2.63069683 -4.27063847 30.61015248
v -2.63069683 -4.77306676 31.11435395
v -2.63069683 -4.77306676 31.61855543
v -2.63069683 -4.77306676 32.12275690
v -2.63069683 -4.77306676 32.62695837
v -2.63069683 -4.77306676 33.13115984
v -2.63069683 -4.77306676 33.63536131
v -2.63069683 -4.27063847 34.13956279
v -2.63069683 -3.76821017 29.60174954
v -2.63069683 -4.27063847 30.10595101
v -2.63069683 -4.27063847 34.64376426
v -2.63069683 -3.76821017 35.14796573
v -2.63069683 -3.26578188 28.59334660
v -2.63069683 -3.76821017 29.09754807
v -2.63069683 -3.26578188 35.65216720
v -2.63069683 -2.76335359 28.08914512
v -2.63069683 -2.76335359 36.15636867
v -2.63069683 -2.26092529 27.58494365
v -2.63069683 -2.26092529 36.15636867
v -2.63069683 -1.75849700 27.08074218
v -2.63069683 -1.75849700 36.66057014
v -2.63069683 -1.25606871 26.57654071
v -2.63069683 -1.25606871 36.66057014
v -2.63069683 -0.75364041 26.57654071
v -2.63069683 -0.75364041 36.66057014
v -2.63069683 -0.25121212 26.07233924
v -2.63069683 -0.25121212 37.16477162
v -2.63069683 0.25121617 26.07233924
v -2.63069683 0.25121617 37.16477162
v -2.63069683 0.75364447 26.07233924
v -2.63069683 0.75364447 37.16477162
v -2.63069683 1.25607276 25.56813776
v -2.63069683 1.25607276 37.16477162
v -2.63069683 1.75850105 25.56813776
v -2.63069683 1.75850105 37.16477162
v -2.63069683 2.26092935 25.06393629
v -2.63069683 2.26092935 37.66897309
v -2.63069683 2.76335764 25.06393629
v -2.63069683 2.76335764 37.66897309
v -2.63069683 3.26578593 25.06393629
v -2.63069683 3.26578593 37.66897309
v -2.63069683 3.76821423 24.55973482
v -2.63069683 3.76821423 37.66897309
v -2.63069683 4.27064252 24.55973482
v -2.63069683 4.27064252 37.66897309
v -2.63069683 4.77307081 24.05553335
v -2.63069683 4.77307081 37.66897309
v -2.63069683 5.27549911 24.05553335
v -2.63069683 5.27549911 37.66897309
v -2.63069683 5.77792740 24.05553335
v -2.63069683 5.77792740 37.66897309
v -2.63069683 6.28035569 23.55133188
v -2.63069683 6.28035569 37.16477162
v -2.63069683 6.78278399 23.55133188
v -2.63069683 6.78278399 37.16477162
v -2.63069683 7.28521228 23.55133188
v -2.63069683 7.28521228 37.16477162
v -2.63069683 7.78764057 23.04713041
v -2.63069683 7.78764057 37.16477162
v -2.63069683 8.29006886 23.04713041
v -2.63069683 8.29006886 36.66057014
v -2.63069683 8.79249716 23.04713041
v -2.63069683 8.79249716 36.66057014
v -2.63069683 9.29492545 23.04713041
v -2.63069683 9.29492545 36.15636867
v -2.63069683 9.79735374 23.04713041
v -2.63069683 9.79735374 36.15636867
v -2.63069683 10.29978204 23.04713041
v -2.63069683 10.29978204 35.65216720
v -2.63069683 10.80221033 23.04713041
v -2.63069683 10.80221033 35.65216720
v -2.63069683 11.30463862 23.04713041
v -2.63069683 11.30463862 35.14796573
v -2.63069683 11.80706692 23.04713041
v -2.63069683 11.80706692 35.14796573
v -2.63069683 12.30949521 23.04713041
v -2.63069683 12.30949521 34.64376426
v -2.63069683 12.81192350 23.04713041
v -2.63069683 12.81192350 34.64376426
v -2.63069683 13.31435180 23.04713041
v -2.63069683 13.31435180 34.13956279
v -2.63069683 13.81678009 23.04713041
v -2.63069683 13.81678009 34.13956279
v -2.63069683 14.31920838 22.54292893
v -2.63069683 14.31920838 33.63536131
v -2.63069683 14.82163668 22.54292893
v -2.63069683 14.82163668 33.13115984
v -2.63069683 15.32406497 22.54292893
v -2.63069683 15.32406497 32.62695837
v -2.63069683 15.82649326 22.03872746
v -2.63069683 15.82649326 32.12275690
v -2.63069683 16.32892156 22.03872746
v -2.63069683 16.32892156 31.61855543
v -2.63069683 16.83134985 21.53452599
v -2.63069683 16.83134985 31.11435395
v -2.63069683 17.33377814 21.53452599
v -2.63069683 17.33377814 30.10595101
v -2.63069683 17.33377814 30.61015248
v -2.63069683 17.83620644 21.53452599
v -2.63069683 17.83620644 29.60174954
v -2.63069683 18.33863473 21.53452599
v -2.63069683 18.33863473 29.09754807
v -2.63069683 18.84106302 21.53452599
v -2.63069683 18.84106302 28.59334660
v -2.63069683 19.34349132 21.53452599
v -2.63069683 19.34349132 28.08914512
v -2.63069683 19.84591961 22.03872746
v -2.63069683 19.84591961 27.58494365
v -2.63069683 20.34834790 22.54292893
v -2.63069683 20.34834790 26.57654071
v -2.63069683 20.34834790 27.08074218
v -2.63069683 20.85077620 23.04713041
v -2.63069683 20.85077620 26.07233924
v -2.63069683 21.35320449 23.55133188
v -2.63069683 21.35320449 24.05553335
v -2.63069683 21.35320449 24.55973482
v -2.63069683 21.35320449 25.06393629
v -2.63069683 21.35320449 25.56813776
v -2.13004386 -4.27063847 30.61015248
v -2.13004386 -4.77306676 31.11435395
v -2.13004386 -4.77306676 31.61855543
v -2.13004386 -4.77306676 32.12275690
v -2.13004386 -4.77306676 32.62695837
v -2.13004386 -4.77306676 33.13115984
v -2.13004386 -4.27063847 33.63536131
v -2.13004386 -3.76821017 29.60174954
v -2.13004386 -4.27063847 30.10595101
v -2.13004386 -4.27063847 34.13956279
v -2.13004386 -3.76821017 34.64376426
v -2.13004386 -3.26578188 28.59334660
v -2.13004386 -3.76821017 29.09754807
v -2.13004386 -3.26578188 35.14796573
v -2.13004386 -2.76335359 28.08914512
v -2.13004386 -2.76335359 35.65216720
v -2.13004386 -2.26092529 27.58494365
v -2.13004386 -2.26092529 36.15636867
v -2.13004386 -1.75849700 27.08074218
v -2.13004386 -1.75849700 36.66057014
v -2.13004386 -1.25606871 26.57654071
v -2.13004386 -1.25606871 36.66057014
v -2.13004386 -0.75364041 26.57654071
v -2.13004386 -0.75364041 36.66057014
v -2.13004386 -0.25121212 26.07233924
v -2.13004386 -0.25121212 37.16477162
v -2.13004386 0.25121617 26.07233924
v -2.13004386 0.25121617 37.16477162
v -2.13004386 0.75364447 25.56813776
v -2.13004386 0.75364447 37.16477162
v -2.13004386 1.25607276 25.56813776
v -2.13004386 1.25607276 37.16477162
v -2.13004386 1.75850105 25.56813776
v -2.13004386 1.75850105 37.16477162
v -2.13004386 2.26092935 25.06393629
v -2.13004386 2.26092935 37.66897309
v -2.13004386 2.76335764 25.06393629
v -2.13004386 2.76335764 37.66897309
v -2.13004386 3.26578593 25.06393629
v -2.13004386 3.26578593 37.66897309
v -2.13004386 3.76821423 24.55973482
v -2.13004386 3.76821423 37.66897309
v -2.13004386 4.27064252 24.55973482
v -2.13004386 4.27064252 37.66897309
v -2.13004386 4.77307081 24.05553335
v -2.13004386 4.77307081 37.66897309
v -2.13004386 5.27549911 24.05553335
v -2.13004386 5.27549911 37.66897309
v -2.13004386 5.77792740 24.05553335
v -2.13004386 5.77792740 37.66897309
v -2.13004386 6.28035569 23.55133188
v -2.13004386 6.28035569 37.16477162
v -2.13004386 6.78278399 23.55133188
v -2.13004386 6.78278399 37.16477162
v -2.13004386 7.28521228 23.55133188
v -2.13004386 7.28521228 37.16477162
v -2.13004386 7.78764057 23.04713041
v -2.13004386 7.78764057 36.66057014
v -2.13004386 8.29006886 23.04713041
v -2.13004386 8.29006886 36.66057014
v -2.13004386 8.79249716 23.04713041
v -2.13004386 8.79249716 36.66057014
v -2.13004386 9.29492545 23.04713041
v -2.13004386 9.29492545 36.15636867
v -2.13004386 9.79735374 23.04713041
v -2.13004386 9.79735374 36.15636867
v -2.13004386 10.29978204 23.04713041
v -2.13004386 10.29978204 35.65216720
v -2.13004386 10.80221033 23.04713041
v -2.13004386 10.80221033 35.65216720
v -2.13004386 11.30463862 23.04713041
v -2.13004386 11.30463862 35.14796573
v -2.13004386 11.80706692 23.04713041
v -2.13004386 11.80706692 35.14796573
v -2.13004386 12.30949521 23.04713041
v -2.13004386 12.30949521 34.64376426
v -2.13004386 12.81192350 23.04713041
v -2.13004386 12.81192350 34.64376426
v -2.13004386 13.31435180 22.54292893
v -2.13004386 13.31435180 34.13956279
v -2.13004386 13.81678009 22.54292893
v -2.13004386 13.81678009 34.13956279
v -2.13004386 14.31920838 22.54292893
v -2.13004386 14.31920838 33.63536131
v -2.13004386 14.82163668 22.03872746
v -2.13004386 14.82163668 33.63536131
v -2.13004386 15.32406497 22.03872746
v -2.13004386 15.32406497 33.13115984
v -2.13004386 15.82649326 22.03872746
v -2.13004386 15.82649326 32.62695837
v -2.13004386 16.32892156 21.53452599
v -2.13004386 16.32892156 32.12275690
v -2.13004386 16.83134985 21.53452599
v -2.13004386 16.83134985 31.11435395
v -2.13004386 16.83134985 31.61855543
v -2.13004386 17.33377814 21.03032452
v -2.13004386 17.33377814 30.61015248
v -2.13004386 17.83620644 21.03032452
v -2.13004386 17.83620644 30.10595101
v -2.13004386 18.33863473 21.03032452
v -2.13004386 18.33863473 29.60174954
v -2.13004386 18.84106302 21.03032452
v -2.13004386 18.84106302 29.09754807
v -2.13004386 19.34349132 21.03032452
v -2.13004386 19.34349132 28.59334660
v -2.13004386 19.84591961 21.53452599
v -2.13004386 19.84591961 27.58494365
v -2.13004386 19.84591961 28.08914512
v -2.13004386 20.34834790 22.03872746
v -2.13004386 20.34834790 27.08074218
v -2.13004386 20.85077620 22.54292893
v -2.13004386 20.85077620 26.57654071
v -2.13004386 21.35320449 23.04713041
v -2.13004386 21.35320449 23.55133188
v -2.13004386 21.35320449 25.56813776
v -2.13004386 21.35320449 26.07233924
v -2.13004386 21.85563278 24.05553335
v -2.13004386 21.85563278 24.55973482
v -2.13004386 21.85563278 25.06393629
v -1.62939090 -4.27063847 30.61015248
v -1.62939090 -4.77306676 31.11435395
v -1.62939090 -4.77306676 31.61855543
v -1.62939090 -4.77306676 32.12275690
v -1.62939090 -4.77306676 32.62695837
v -1.62939090 -4.77306676 33.13115984
v -1.62939090 -4.27063847 33.63536131
v -1.62939090 -3.76821017 29.60174954
v -1.62939090 -4.27063847 30.10595101
v -1.62939090 -4.27063847 34.13956279
v -1.62939090 -3.76821017 34.64376426
v -1.62939090 -3.26578188 28.59334660
v -1.62939090 -3.76821017 29.09754807
v -1.62939090 -3.26578188 35.14796573
v -1.62939090 -2.76335359 28.08914512
v -1.62939090 -2.76335359 35.65216720
v -1.62939090 -2.26092529 27.58494365
v -1.62939090 -2.26092529 36.15636867
v -1.62939090 -1.75849700 27.08074218
v -1.62939090 -1.75849700 36.66057014
v -1.62939090 -1.25606871 26.57654071
v -1.62939090 -1.25606871 36.66057014
v -1.62939090 -0.75364041 26.57654071
v -1.62939090 -0.75364041 36.66057014
v -1.62939090 -0.25121212 26.07233924
v -1.62939090 -0.25121212 37.16477162
v -1.62939090 0.25121617 26.07233924
v -1.62939090 0.25121617 37.16477162
v -1.62939090 0.75364447 25.56813776
v -1.62939090 0.75364447 37.16477162
v -1.62939090 1.25607276 25.56813776
v -1.62939090 1.25607276 37.16477162
v -1.62939090 1.75850105 25.56813776
v -1.62939090 1.75850105 37.16477162
v -1.62939090 2.26092935 25.06393629
v -1.62939090 2.26092935 37.66897309
v -1.62939090 2.76335764 25.06393629
v -1.62939090 2.76335764 37.66897309
v -1.62939090 3.26578593 25.06393629
v -1.62939090 3.26578593 37.66897309
v -1.62939090 3.76821423 24.55973482
v -1.62939090 3.76821423 37.66897309
v -1.62939090 4.27064252 24.55973482
v -1.62939090 4.27064252 37.66897309
v -1.62939090 4.77307081 24.05553335
v -1.62939090 4.77307081 37.66897309
v -1.62939090 5.27549911 24.05553335
v -1.62939090 5.27549911 37.66897309
v -1.62939090 5.77792740 24.05553335
v -1.62939090 5.77792740 37.66897309
v -1.62939090 6.28035569 23.55133188
v -1.62939090 6.28035569 37.16477162
v -1.62939090 6.78278399 23.55133188
v -1.62939090 6.78278399 37.16477162
v -1.62939090 7.28521228 23.04713041
v -1.62939090 7.28521228 37.16477162
v -1.62939090 7.78764057 23.04713041
v -1.62939090 7.78764057 36.66057014
v -1.62939090 8.29006886 23.04713041
v -1.62939090 8.29006886 36.66057014
v -1.62939090 8.79249716 23.04713041
v -1.62939090 8.79249716 36.66057014
v -1.62939090 9.29492545 23.04713041
v -1.62939090 9.29492545 36.15636867
v -1.62939090 9.79735374 23.04713041
v -1.62939090 9.79735374 36.15636867
v -1.62939090 10.29978204 23.04713041
v -1.62939090 10.29978204 35.65216720
v -1.62939090 10.80221033 23.04713041
v -1.62939090 10.80221033 35.65216720
v -1.62939090 11.30463862 23.04713041
v -1.62939090 11.30463862 35.65216720
v -1.62939090 11.80706692 23.04713041
v -1.62939090 11.80706692 35.14796573
v -1.62939090 12.30949521 22.54292893
v -1.62939090 12.30949521 35.14796573
v -1.62939090 12.81192350 22.54292893
v -1.62939090 12.81192350 34.64376426
v -1.62939090 13.31435180 22.54292893
v -1.62939090 13.31435180 34.64376426
v -1.62939090 13.81678009 22.54292893
v -1.62939090 13.81678009 34.13956279
v -1.62939090 14.31920838 22.03872746
v -1.62939090 14.31920838 34.13956279
v -1.62939090 14.82163668 22.03872746
v -1.62939090 14.82163668 33.63536131
v -1.62939090 15.32406497 22.03872746
v -1.62939090 15.32406497 33.13115984
v -1.62939090 15.82649326 21.53452599
v -1.62939090 15.82649326 32.62695837
v -1.62939090 16.32892156 21.03032452
v -1.62939090 16.32892156 32.12275690
v -1.62939090 16.83134985 21.03032452
v -1.62939090 16.83134985 31.61855543
v -1.62939090 17.33377814 21.03032452
v -1.62939090 17.33377814 31.11435395
v -1.62939090 17.83620644 21.03032452
v -1.62939090 17.83620644 30.10595101
v -1.62939090 17.83620644 30.61015248
v -1.62939090 18.33863473 21.03032452
v -1.62939090 18.33863473 29.60174954
v -1.62939090 18.84106302 21.03032452
v -1.62939090 18.84106302 29.09754807
v -1.62939090 19.34349132 21.03032452
v -1.62939090 19.34349132 28.59334660
v -1.62939090 19.84591961 21.53452599
v -1.62939090 19.84591961 28.08914512
v -1.62939090 20.34834790 21.53452599
v -1.62939090 20.34834790 27.58494365
v -1.62939090 20.85077620 22.03872746
v -1.62939090 20.85077620 27.08074218
v -1.62939090 21.35320449 22.54292893
v -1.62939090 21.35320449 23.04713041
v -1.62939090 21.35320449 26.57654071
v -1.62939090 21.85563278 23.55133188
v -1.62939090 21.85563278 24.05553335
v -1.62939090 21.85563278 24.55973482
v -1.62939090 21.85563278 25.06393629
v -1.62939090 21.85563278 25.56813776
v -1.62939090 21.85563278 26.07233924
v -1.12873793 -4.27063847 30.61015248
v -1.12873793 -4.77306676 31.11435395
v -1.12873793 -4.77306676 31.61855543
v -1.12873793 -4.77306676 32.12275690
v -1.12873793 -4.77306676 32.62695837
v -1.12873793 -4.77306676 33.13115984
v -1.12873793 -4.27063847 33.63536131
v -1.12873793 -3.76821017 29.60174954
v -1.12873793 -4.27063847 30.10595101
v -1.12873793 -4.27063847 34.13956279
v -1.12873793 -3.76821017 34.64376426
v -1.12873793 -3.26578188 28.59334660
v -1.12873793 -3.76821017 29.09754807
v -1.12873793 -3.26578188 35.14796573
v -1.12873793 -2.76335359 27.58494365
v -1.12873793 -3.26578188 28.08914512
v -1.12873793 -2.76335359 35.65216720
v -1.12873793 -2.26092529 27.08074218
v -1.12873793 -2.26092529 36.15636867
v -1.12873793 -1.75849700 26.57654071
v -1.12873793 -1.75849700 36.66057014
v -1.12873793 -1.25606871 26.57654071
v -1.12873793 -1.25606871 36.66057014
v -1.12873793 -0.75364041 26.07233924
v -1.12873793 -0.75364041 36.66057014
v -1.12873793 -0.25121212 26.07233924
v -1.12873793 -0.25121212 37.16477162
v -1.12873793 0.25121617 26.07233924
v -1.12873793 0.25121617 37.16477162
v -1.12873793 0.75364447 25.56813776
v -1.12873793 0.75364447 37.16477162
v -1.12873793 1.25607276 25.56813776
v -1.12873793 1.25607276 37.16477162
v -1.12873793 1.75850105 25.56813776
v -1.12873793 1.75850105 37.16477162
v -1.12873793 2.26092935 25.06393629
v -1.12873793 2.26092935 37.66897309
v -1.12873793 2.76335764 25.06393629
v -1.12873793 2.76335764 37.66897309
v -1.12873793 3.26578593 25.06393629
v -1.12873793 3.26578593 37.66897309
v -1.12873793 3.76821423 24.55973482
v -1.12873793 3.76821423 37.66897309
v -1.12873793 4.27064252 24.55973482
v -1.12873793 4.27064252 37.66897309
v -1.12873793 4.77307081 24.05553335
v -1.12873793 4.77307081 37.66897309
v -1.12873793 5.27549911 24.05553335
v -1.12873793 5.27549911 37.66897309
v -1.12873793 5.77792740 24.05553335
v -1.12873793 5.77792740 37.66897309
v -1.12873793 6.28035569 23.55133188
v -1.12873793 6.28035569 37.16477162
v -1.12873793 6.78278399 23.55133188
v -1.12873793 6.78278399 37.16477162
v -1.12873793 7.28521228 23.04713041
v -1.12873793 7.28521228 37.16477162
v -1.12873793 7.78764057 23.04713041
v -1.12873793 7.78764057 36.66057014
v -1.12873793 8.29006886 23.04713041
v -1.12873793 8.29006886 36.66057014
v -1.12873793 8.79249716 23.04713041
v -1.12873793 8.79249716 36.66057014
v -1.12873793 9.29492545 23.04713041
v -1.12873793 9.29492545 36.15636867
v -1.12873793 9.79735374 23.04713041
v -1.12873793 9.79735374 36.15636867
v -1.12873793 10.29978204 23.04713041
v -1.12873793 10.29978204 35.65216720
v -1.12873793 10.80221033 22.54292893
v -1.12873793 10.80221033 35.65216720
v -1.12873793 11.30463862 22.54292893
v -1.12873793 11.30463862 35.65216720
v -1.12873793 11.80706692 22.54292893
v -1.12873793 11.80706692 35.14796573
v -1.12873793 12.30949521 22.54292893
v -1.12873793 12.30949521 35.14796573
v -1.12873793 12.81192350 22.54292893
v -1.12873793 12.81192350 34.64376426
v -1.12873793 13.31435180 22.54292893
v -1.12873793 13.31435180 34.64376426
v -1.12873793 13.81678009 22.03872746
v -1.12873793 13.81678009 34.13956279
v -1.12873793 14.31920838 22.03872746
v -1.12873793 14.31920838 34.13956279
v -1.12873793 14.82163668 22.03872746
v -1.12873793 14.82163668 33.63536131
v -1.12873793 15.32406497 21.53452599
v -1.12873793 15.32406497 33.13115984
v -1.12873793 15.82649326 21.03032452
v -1.12873793 15.82649326 32.62695837
v -1.12873793 16.32892156 21.03032452
v -1.12873793 16.32892156 32.12275690
v -1.12873793 16.83134985 21.03032452
v -1.12873793 16.83134985 31.61855543
v -1.12873793 17.33377814 20.52612305
v -1.12873793 17.33377814 31.11435395
v -1.12873793 17.83620644 20.52612305
v -1.12873793 17.83620644 30.61015248
v -1.12873793 18.33863473 20.52612305
v -1.12873793 18.33863473 30.10595101
v -1.12873793 18.84106302 20.52612305
v -1.12873793 18.84106302 29.60174954
v -1.12873793 19.34349132 21.03032452
v -1.12873793 19.34349132 29.09754807
v -1.12873793 19.84591961 21.03032452
v -1.12873793 19.84591961 28.59334660
v -1.12873793 20.34834790 21.53452599
v -1.12873793 20.34834790 28.08914512
v -1.12873793 20.85077620 22.03872746
v -1.12873793 20.85077620 27.58494365
v -1.12873793 21.35320449 22.54292893
v -1.12873793 21.35320449 27.08074218
v -1.12873793 21.85563278 23.04713041
v -1.12873793 21.85563278 23.55133188
v -1.12873793 21.85563278 24.05553335
v -1.12873793 21.85563278 26.07233924
v -1.12873793 21.85563278 26.57654071
v -1.12873793 22.35806108 24.55973482
v -1.12873793 22.35806108 25.06393629
v -1.12873793 22.35806108 25.56813776
v -0.62808496 -4.27063847 30.61015248
v -0.62808496 -4.77306676 31.11435395
v -0.62808496 -4.77306676 31.61855543
v -0.62808496 -4.77306676 32.12275690
v -0.62808496 -4.77306676 32.62695837
v -0.62808496 -4.77306676 33.13115984
v -0.62808496 -4.27063847 33.63536131
v -0.62808496 -3.76821017 29.09754807
v -0.62808496 -4.27063847 29.60174954
v -0.62808496 -4.27063847 30.10595101
v -0.62808496 -4.27063847 34.13956279
v -0.62808496 -3.76821017 34.64376426
v -0.62808496 -3.26578188 28.08914512
v -0.62808496 -3.76821017 28.59334660
v -0.62808496 -3.26578188 35.14796573
v -0.62808496 -2.76335359 27.58494365
v -0.62808496 -2.76335359 35.65216720
v -0.62808496 -2.26092529 27.08074218
v -0.62808496 -2.26092529 36.15636867
v -0.62808496 -1.75849700 26.57654071
v -0.62808496 -1.75849700 36.66057014
v -0.62808496 -1.25606871 26.57654071
v -0.62808496 -1.25606871 36.66057014
v -0.62808496 -0.75364041 26.07233924
v -0.62808496 -0.75364041 36.66057014
v -0.62808496 -0.25121212 26.07233924
v -0.62808496 -0.25121212 37.16477162
v -0.62808496 0.25121617 26.07233924
v -0.62808496 0.25121617 37.16477162
v -0.62808496 0.75364447 25.56813776
v -0.62808496 0.75364447 37.16477162
v -0.62808496 1.25607276 25.56813776
v -0.62808496 1.25607276 37.16477162
v -0.62808496 1.75850105 25.56813776
v -0.62808496 1.75850105 37.16477162
v -0.62808496 2.26092935 25.06393629
v -0.62808496 2.26092935 37.66897309
v -0.62808496 2.76335764 25.06393629
v -0.62808496 2.76335764 37.66897309
v -0.62808496 3.26578593 25.06393629
v -0.62808496 3.26578593 37.66897309
v -0.62808496 3.76821423 24.55973482
v -0.62808496 3.76821423 37.66897309
v -0.62808496 4.27064252 24.55973482
v -0.62808496 4.27064252 37.66897309
v -0.62808496 4.77307081 24.05553335
v -0.62808496 4.77307081 37.66897309
v -0.62808496 5.27549911 24.05553335
v -0.62808496 5.27549911 37.66897309
v -0.62808496 5.77792740 24.05553335
v -0.62808496 5.77792740 37.66897309
v -0.62808496 6.28035569 23.55133188
v -0.62808496 6.28035569 37.16477162
v -0.62808496 6.78278399 23.55133188
v -0.62808496 6.78278399 37.16477162
v -0.62808496 7.28521228 23.04713041
v -0.62808496 7.28521228 37.16477162
v -0.62808496 7.78764057 23.04713041
v -0.62808496 7.78764057 36.66057014
v -0.62808496 8.29006886 23.04713041
v -0.62808496 8.29006886 36.66057014
v -0.62808496 8.79249716 23.04713041
v -0.62808496 8.79249716 36.66057014
v -0.62808496 9.29492545 23.04713041
v -0.62808496 9.29492545 36.15636867
v -0.62808496 9.79735374 23.04713041
v -0.62808496 9.79735374 36.15636867
v -0.62808496 10.29978204 22.54292893
v -0.62808496 10.29978204 35.65216720
v -0.62808496 10.80221033 22.54292893
v -0.62808496 10.80221033 35.65216720
v -0.62808496 11.30463862 22.54292893
v -0.62808496 11.30463862 35.65216720
v -0.62808496 11.80706692 22.54292893
v -0.62808496 11.80706692 35.14796573
v -0.62808496 12.30949521 22.54292893
v -0.62808496 12.30949521 35.14796573
v -0.62808496 12.81192350 22.54292893
v -0.62808496 12.81192350 34.64376426
v -0.62808496 13.31435180 22.03872746
v -0.62808496 13.31435180 34.64376426
v -0.62808496 13.81678009 22.03872746
v -0.62808496 13.81678009 34.13956279
v -0.62808496 14.31920838 22.03872746
v -0.62808496 14.31920838 34.13956279
v -0.62808496 14.82163668 21.53452599
v -0.62808496 14.82163668 33.63536131
v -0.62808496 15.32406497 21.53452599
v -0.62808496 15.32406497 33.13115984
v -0.62808496 15.82649326 21.03032452
v -0.62808496 15.82649326 33.13115984
v -0.62808496 16.32892156 21.03032452
v -0.62808496 16.32892156 32.62695837
v -0.62808496 16.83134985 20.52612305
v -0.62808496 16.83134985 32.12275690
v -0.62808496 17.33377814 20.52612305
v -0.62808496 17.33377814 31.11435395
v -0.62808496 17.33377814 31.61855543
v -0.62808496 17.83620644 20.52612305
v -0.62808496 17.83620644 30.61015248
v -0.62808496 18.33863473 20.52612305
v -0.62808496 18.33863473 30.10595101
v -0.62808496 18.84106302 20.52612305
v -0.62808496 18.84106302 29.60174954
v -0.62808496 19.34349132 20.52612305
v -0.62808496 19.34349132 29.09754807
v -0.62808496 19.84591961 21.03032452
v -0.62808496 19.84591961 28.59334660
v -0.62808496 20.34834790 21.53452599
v -0.62808496 20.34834790 28.08914512
v -0.62808496 20.85077620 22.03872746
v -0.62808496 20.85077620 27.58494365
v -0.62808496 21.35320449 22.54292893
v -0.62808496 21.35320449 27.08074218
v -0.62808496 21.85563278 23.04713041
v -0.62808496 21.85563278 23.55133188
v -0.62808496 21.85563278 26.57654071
v -0.62808496 22.35806108 24.05553335
v -0.62808496 22.35806108 24.55973482
v -0.62808496 22.35806108 25.06393629
v -0.62808496 22.35806108 25.56813776
v -0.62808496 22.35806108 26.07233924
v -0.12743199 -4.27063847 30.61015248
v -0.12743199 -4.77306676 31.11435395
v -0.12743199 -4.77306676 31.61855543
v -0.12743199 -4.77306676 32.12275690
v -0.12743199 -4.77306676 32.62695837
v -0.12743199 -4.77306676 33.13115984
v -0.12743199 -4.27063847 33.63536131
v -0.12743199 -3.76821017 29.09754807
v -0.12743199 -4.27063847 29.60174954
v -0.12743199 -4.27063847 30.10595101
v -0.12743199 -4.27063847 34.13956279
v -0.12743199 -3.76821017 34.64376426
v -0.12743199 -3.26578188 28.08914512
v -0.12743199 -3.76821017 28.59334660
v -0.12743199 -3.26578188 35.14796573
v -0.12743199 -2.76335359 27.58494365
v -0.12743199 -2.76335359 35.65216720
v -0.12743199 -2.26092529 27.08074218
v -0.12743199 -2.26092529 36.15636867
v -0.12743199 -1.75849700 26.57654071
v -0.12743199 -1.75849700 36.66057014
v -0.12743199 -1.25606871 26.57654071
v -0.12743199 -1.25606871 36.66057014
v -0.12743199 -0.75364041 26.07233924
v -0.12743199 -0.75364041 36.66057014
v -0.12743199 -0.25121212 26.07233924
v -0.12743199 -0.25121212 37.16477162
v -0.12743199 0.25121617 26.07233924
v -0.12743199 0.25121617 37.16477162
v -0.12743199 0.75364447 25.56813776
v -0.12743199 0.75364447 37.16477162
v -0.12743199 1.25607276 25.56813776
v -0.12743199 1.25607276 37.16477162
v -0.12743199 1.75850105 25.56813776
v -0.12743199 1.75850105 37.16477162
v -0.12743199 2.26092935 25.06393629
v -0.12743199 2.26092935 37.66897309
v -0.12743199 2.76335764 25.06393629
v -0.12743199 2.76335764 37.66897309
v -0.12743199 3.26578593 25.06393629
v -0.12743199 3.26578593 37.66897309
v -0.12743199 3.76821423 24.55973482
v -0.12743199 3.76821423 37.66897309
v -0.12743199 4.27064252 24.55973482
v -0.12743199 4.27064252 37.66897309
v -0.12743199 4.77307081 24.55973482
v -0.12743199 4.77307081 37.66897309
v -0.12743199 5.27549911 24.05553335
v -0.12743199 5.27549911 37.66897309
v -0.12743199 5.77792740 24.05553335
v -0.12743199 5.77792740 37.16477162
v -0.12743199 6.28035569 23.55133188
v -0.12743199 6.28035569 37.16477162
v -0.12743199 6.78278399 23.55133188
v -0.12743199 6.78278399 37.16477162
v -0.12743199 7.28521228 23.04713041
v -0.12743199 7.28521228 37.16477162
v -0.12743199 7.78764057 23.04713041
v -0.12743199 7.78764057 36.66057014
v -0.12743199 8.29006886 23.04713041
v -0.12743199 8.29006886 36.66057014
v -0.12743199 8.79249716 23.04713041
v -0.12743199 8.79249716 36.66057014
v -0.12743199 9.29492545 23.04713041
v -0.12743199 9.29492545 36.15636867
v -0.12743199 9.79735374 22.54292893
v -0.12743199 9.79735374 36.15636867
v -0.12743199 10.29978204 22.54292893
v -0.12743199 10.29978204 35.65216720
v -0.12743199 10.80221033 22.54292893
v -0.12743199 10.80221033 35.65216720
v -0.12743199 11.30463862 22.54292893
v -0.12743199 11.30463862 35.65216720
v -0.12743199 11.80706692 22.54292893
v -0.12743199 11.80706692 35.14796573
v -0.12743199 12.30949521 22.54292893
v -0.12743199 12.30949521 35.14796573
v -0.12743199 12.81192350 22.03872746
v -0.12743199 12.81192350 34.64376426
v -0.12743199 13.31435180 22.03872746
v -0.12743199 13.31435180 34.64376426
v -0.12743199 13.81678009 22.03872746
v -0.12743199 13.81678009 34.13956279
v -0.12743199 14.31920838 21.53452599
v -0.12743199 14.31920838 34.13956279
v -0.12743199 14.82163668 21.53452599
v -0.12743199 14.82163668 33.63536131
v -0.12743199 15.32406497 21.03032452
v -0.12743199 15.32406497 33.63536131
v -0.12743199 15.82649326 21.03032452
v -0.12743199 15.82649326 33.13115984
v -0.12743199 16.32892156 21.03032452
v -0.12743199 16.32892156 32.62695837
v -0.12743199 16.83134985 20.52612305
v -0.12743199 16.83134985 32.12275690
v -0.12743199 17.33377814 20.52612305
v -0.12743199 17.33377814 31.61855543
v -0.12743199 17.83620644 20.52612305
v -0.12743199 17.83620644 31.11435395
v -0.12743199 18.33863473 20.52612305
v -0.12743199 18.33863473 30.61015248
v -0.12743199 18.84106302 20.52612305
v -0.12743199 18.84106302 29.60174954
v -0.12743199 18.84106302 30.10595101
v -0.12743199 19.34349132 20.52612305
v -0.12743199 19.34349132 29.09754807
v -0.12743199 19.84591961 21.03032452
v -0.12743199 19.84591961 29.09754807
v -0.12743199 20.34834790 21.53452599
v -0.12743199 20.34834790 28.59334660
v -0.12743199 20.85077620 22.03872746
v -0.12743199 20.85077620 28.08914512
v -0.12743199 21.35320449 22.54292893
v -0.12743199 21.35320449 27.58494365
v -0.12743199 21.85563278 23.04713041
v -0.12743199 21.85563278 27.08074218
v -0.12743199 22.35806108 23.55133188
v -0.12743199 22.35806108 24.05553335
v -0.12743199 22.35806108 24.55973482
v -0.12743199 22.35806108 25.06393629
v -0.12743199 22.35806108 25.56813776
v -0.12743199 22.35806108 26.07233924
v -0.12743199 22.35806108 26.57654071
v 0.37322098 -4.27063847 30.10595101
v 0.37322098 -4.77306676 30.61015248
v 0.37322098 -4.77306676 31.11435395
v 0.37322098 -4.77306676 31.61855543
v 0.37322098 -4.77306676 32.12275690
v 0.37322098 -4.77306676 32.62695837
v 0.37322098 -4.77306676 33.13115984
v 0.37322098 -4.27063847 33.63536131
v 0.37322098 -3.76821017 29.09754807
v 0.37322098 -4.27063847 29.60174954
v 0.37322098 -4.27063847 34.13956279
v 0.37322098 -3.76821017 34.64376426
v 0.37322098 -3.26578188 28.08914512
v 0.37322098 -3.76821017 28.59334660
v 0.37322098 -3.26578188 35.14796573
v 0.37322098 -2.76335359 27.58494365
v 0.37322098 -2.76335359 35.65216720
v 0.37322098 -2.26092529 27.08074218
v 0.37322098 -2.26092529 36.15636867
v 0.37322098 -1.75849700 26.57654071
v 0.37322098 -1.75849700 36.66057014
v 0.37322098 -1.25606871 26.57654071
v 0.37322098 -1.25606871 36.66057014
v 0.37322098 -0.75364041 26.07233924
v 0.37322098 -0.75364041 36.66057014
v 0.37322098 -0.25121212 26.07233924
v 0.37322098 -0.25121212 37.16477162
v 0.37322098 0.25121617 26.07233924
v 0.37322098 0.25121617 37.16477162
v 0.37322098 0.75364447 25.56813776
v 0.37322098 0.75364447 37.16477162
v 0.37322098 1.25607276 25.56813776
v 0.37322098 1.25607276 37.16477162
v 0.37322098 1.75850105 25.56813776
v 0.37322098 1.75850105 37.16477162
v 0.37322098 2.26092935 25.06393629
v 0.37322098 2.26092935 37.66897309
v 0.37322098 2.76335764 25.06393629
v 0.37322098 2.76335764 37.66897309
v 0.37322098 3.26578593 25.06393629
v 0.37322098 3.26578593 37.66897309
v 0.37322098 3.76821423 24.55973482
v 0.37322098 3.76821423 37.66897309
v 0.37322098 4.27064252 24.55973482
v 0.37322098 4.27064252 37.66897309
v 0.37322098 4.77307081 24.55973482
v 0.37322098 4.77307081 37.66897309
v 0.37322098 5.27549911 24.05553335
v 0.37322098 5.27549911 37.66897309
v 0.37322098 5.77792740 24.05553335
v 0.37322098 5.77792740 37.16477162
v 0.37322098 6.28035569 23.55133188
v 0.37322098 6.28035569 37.16477162
v 0.37322098 6.78278399 23.55133188
v 0.37322098 6.78278399 37.16477162
v 0.37322098 7.28521228 23.55133188
v 0.37322098 7.28521228 37.16477162
v 0.37322098 7.78764057 23.04713041
v 0.37322098 7.78764057 36.66057014
v 0.37322098 8.29006886 23.04713041
v 0.37322098 8.29006886 36.66057014
v 0.37322098 8.79249716 23.04713041
v 0.37322098 8.79249716 36.15636867
v 0.37322098 9.29492545 23.04713041
v 0.37322098 9.29492545 36.15636867
v 0.37322098 9.79735374 22.54292893
v 0.37322098 9.79735374 36.15636867
v 0.37322098 10.29978204 22.54292893
v 0.37322098 10.29978204 35.65216720
v 0.37322098 10.80221033 22.54292893
v 0.37322098 10.80221033 35.65216720
v 0.37322098 11.30463862 22.54292893
v 0.37322098 11.30463862 35.14796573
v 0.37322098 11.80706692 22.54292893
v 0.37322098 11.80706692 35.14796573
v 0.37322098 12.30949521 22.03872746
v 0.37322098 12.30949521 35.14796573
v 0.37322098 12.81192350 22.03872746
v 0.37322098 12.81192350 34.64376426
v 0.37322098 13.31435180 22.03872746
v 0.37322098 13.31435180 34.64376426
v 0.37322098 13.81678009 21.53452599
v 0.37322098 13.81678009 34.13956279
v 0.37322098 14.31920838 21.53452599
v 0.37322098 14.31920838 34.13956279
v 0.37322098 14.82163668 21.53452599
v 0.37322098 14.82163668 33.63536131
v 0.37322098 15.32406497 21.03032452
v 0.37322098 15.32406497 33.63536131
v 0.37322098 15.82649326 21.03032452
v 0.37322098 15.82649326 33.13115984
v 0.37322098 16.32892156 20.52612305
v 0.37322098 16.32892156 32.62695837
v 0.37322098 16.83134985 20.52612305
v 0.37322098 16.83134985 32.12275690
v 0.37322098 17.33377814 20.52612305
v 0.37322098 17.33377814 31.61855543
v 0.37322098 17.83620644 20.52612305
v 0.37322098 17.83620644 31.11435395
v 0.37322098 18.33863473 20.52612305
v 0.37322098 18.33863473 30.61015248
v 0.37322098 18.84106302 20.52612305
v 0.37322098 18.84106302 30.10595101
v 0.37322098 19.34349132 20.52612305
v 0.37322098 19.34349132 29.60174954
v 0.37322098 19.84591961 21.03032452
v 0.37322098 19.84591961 29.09754807
v 0.37322098 20.34834790 21.03032452
v 0.37322098 20.34834790 28.59334660
v 0.37322098 20.85077620 21.53452599
v 0.37322098 20.85077620 28.08914512
v 0.37322098 21.35320449 22.03872746
v 0.37322098 21.35320449 27.58494365
v 0.37322098 21.85563278 22.54292893
v 0.37322098 21.85563278 23.04713041
v 0.37322098 21.85563278 27.08074218
v 0.37322098 22.35806108 23.55133188
v 0.37322098 22.35806108 24.05553335
v 0.37322098 22.35806108 24.55973482
v 0.37322098 22.35806108 26.07233924
v 0.37322098 22.35806108 26.57654071
v 0.37322098 22.86048937 25.06393629
v 0.37322098 22.86048937 25.56813776
v 0.87387395 -4.27063847 30.10595101
v 0.87387395 -4.77306676 30.61015248
v 0.87387395 -4.77306676 31.11435395
v 0.87387395 -4.77306676 31.61855543
v 0.87387395 -4.77306676 32.12275690
v 0.87387395 -4.77306676 32.62695837
v 0.87387395 -4.77306676 33.13115984
v 0.87387395 -4.77306676 33.63536131
v 0.87387395 -4.27063847 34.13956279
v 0.87387395 -3.76821017 28.59334660
v 0.87387395 -4.27063847 29.09754807
v 0.87387395 -4.27063847 29.60174954
v 0.87387395 -3.76821017 34.64376426
v 0.87387395 -3.26578188 28.08914512
v 0.87387395 -3.26578188 35.14796573
v 0.87387395 -2.76335359 27.58494365
v 0.87387395 -2.76335359 35.65216720
v 0.87387395 -2.26092529 27.08074218
v 0.87387395 -2.26092529 36.15636867
v 0.87387395 -1.75849700 26.57654071
v 0.87387395 -1.75849700 36.66057014
v 0.87387395 -1.25606871 26.57654071
v 0.87387395 -1.25606871 36.66057014
v 0.87387395 -0.75364041 26.07233924
v 0.87387395 -0.75364041 36.66057014
v 0.87387395 -0.25121212 26.07233924
v 0.87387395 -0.25121212 37.16477162
v 0.87387395 0.25121617 26.07233924
v 0.87387395 0.25121617 37.16477162
v 0.87387395 0.75364447 25.56813776
v 0.87387395 0.75364447 37.16477162
v 0.87387395 1.25607276 25.56813776
v 0.87387395 1.25607276 37.16477162
v 0.87387395 1.75850105 25.56813776
v 0.87387395 1.75850105 37.16477162
v 0.87387395 2.26092935 25.56813776
v 0.87387395 2.26092935 37.66897309
v 0.87387395 2.76335764 25.06393629
v 0.87387395 2.76335764 37.66897309
v 0.87387395 3.26578593 25.06393629
v 0.87387395 3.26578593 37.66897309
v 0.87387395 3.76821423 24.55973482
v 0.87387395 3.76821423 37.66897309
v 0.87387395 4.27064252 24.55973482
v 0.87387395 4.27064252 37.66897309
v 0.87387395 4.77307081 24.55973482
v 0.87387395 4.77307081 37.66897309
v 0.87387395 5.27549911 24.05553335
v 0.87387395 5.27549911 37.66897309
v 0.87387395 5.77792740 24.05553335
v 0.87387395 5.77792740 37.16477162
v 0.87387395 6.28035569 23.55133188
v 0.87387395 6.28035569 37.16477162
v 0.87387395 6.78278399 23.55133188
v 0.87387395 6.78278399 37.16477162
v 0.87387395 7.28521228 23.55133188
v 0.87387395 7.28521228 36.66057014
v 0.87387395 7.78764057 23.04713041
v 0.87387395 7.78764057 36.66057014
v 0.87387395 8.29006886 23.04713041
v 0.87387395 8.29006886 36.66057014
v 0.87387395 8.79249716 23.04713041
v 0.87387395 8.79249716 36.15636867
v 0.87387395 9.29492545 23.04713041
v 0.87387395 9.29492545 36.15636867
v 0.87387395 9.79735374 22.54292893
v 0.87387395 9.79735374 36.15636867
v 0.87387395 10.29978204 22.54292893
v 0.87387395 10.29978204 35.65216720
v 0.87387395 10.80221033 22.54292893
v 0.87387395 10.80221033 35.65216720
v 0.87387395 11.30463862 22.54292893
v 0.87387395 11.30463862 35.14796573
v 0.87387395 11.80706692 22.54292893
v 0.87387395 11.80706692 35.14796573
v 0.87387395 12.30949521 22.03872746
v 0.87387395 12.30949521 35.14796573
v 0.87387395 12.81192350 22.03872746
v 0.87387395 12.81192350 34.64376426
v 0.87387395 13.31435180 22.03872746
v 0.87387395 13.31435180 34.64376426
v 0.87387395 13.81678009 21.53452599
v 0.87387395 13.81678009 34.13956279
v 0.87387395 14.31920838 21.53452599
v 0.87387395 14.31920838 34.13956279
v 0.87387395 14.82163668 21.03032452
v 0.87387395 14.82163668 33.63536131
v 0.87387395 15.32406497 21.03032452
v 0.87387395 15.32406497 33.63536131
v 0.87387395 15.82649326 20.52612305
v 0.87387395 15.82649326 33.13115984
v 0.87387395 16.32892156 20.52612305
v 0.87387395 16.32892156 32.62695837
v 0.87387395 16.83134985 20.52612305
v 0.87387395 16.83134985 32.12275690
v 0.87387395 17.33377814 20.52612305
v 0.87387395 17.33377814 31.61855543
v 0.87387395 17.83620644 20.52612305
v 0.87387395 17.83620644 31.11435395
v 0.87387395 18.33863473 20.52612305
v 0.87387395 18.33863473 30.61015248
v 0.87387395 18.84106302 20.52612305
v 0.87387395 18.84106302 30.10595101
v 0.87387395 19.34349132 20.52612305
v 0.87387395 19.34349132 29.60174954
v 0.87387395 19.84591961 21.03032452
v 0.87387395 19.84591961 29.09754807
v 0.87387395 20.34834790 21.03032452
v 0.87387395 20.34834790 28.59334660
v 0.87387395 20.85077620 21.53452599
v 0.87387395 20.85077620 28.08914512
v 0.87387395 21.35320449 22.03872746
v 0.87387395 21.35320449 27.58494365
v 0.87387395 21.85563278 22.54292893
v 0.87387395 21.85563278 23.04713041
v 0.87387395 21.85563278 27.08074218
v 0.87387395 22.35806108 23.55133188
v 0.87387395 22.35806108 24.05553335
v 0.87387395 22.35806108 26.57654071
v 0.87387395 22.86048937 24.55973482
v 0.87387395 22.86048937 25.06393629
v 0.87387395 22.86048937 25.56813776
v 0.87387395 22.86048937 26.07233924
v 1.37452692 -4.27063847 29.60174954
v 1.37452692 -4.77306676 30.10595101
v 1.37452692 -4.77306676 30.61015248
v 1.37452692 -4.77306676 31.11435395
v 1.37452692 -4.77306676 31.61855543
v 1.37452692 -4.77306676 32.12275690
v 1.37452692 -4.77306676 32.62695837
v 1.37452692 -4.77306676 33.13115984
v 1.37452692 -4.77306676 33.63536131
v 1.37452692 -4.27063847 34.13956279
v 1.37452692 -3.76821017 28.59334660
v 1.37452692 -4.27063847 29.09754807
v 1.37452692 -4.27063847 34.64376426
v 1.37452692 -3.76821017 35.14796573
v 1.37452692 -3.26578188 28.08914512
v 1.37452692 -3.26578188 35.65216720
v 1.37452692 -2.76335359 27.58494365
v 1.37452692 -2.76335359 36.15636867
v 1.37452692 -2.26092529 27.08074218
v 1.37452692 -2.26092529 36.15636867
v 1.37452692 -1.75849700 26.57654071
v 1.37452692 -1.75849700 36.66057014
v 1.37452692 -1.25606871 26.57654071
v 1.37452692 -1.25606871 36.66057014
v 1.37452692 -0.75364041 26.07233924
v 1.37452692 -0.75364041 36.66057014
v 1.37452692 -0.25121212 26.07233924
v 1.37452692 -0.25121212 37.16477162
v 1.37452692 0.25121617 26.07233924
v 1.37452692 0.25121617 37.16477162
v 1.37452692 0.75364447 25.56813776
v 1.37452692 0.75364447 37.16477162
v 1.37452692 1.25607276 25.56813776
v 1.37452692 1.25607276 37.16477162
v 1.37452692 1.75850105 25.56813776
v 1.37452692 1.75850105 37.16477162
v 1.37452692 2.26092935 25.56813776
v 1.37452692 2.26092935 37.16477162
v 1.37452692 2.76335764 25.06393629
v 1.37452692 2.76335764 37.66897309
v 1.37452692 3.26578593 25.06393629
v 1.37452692 3.26578593 37.66897309
v 1.37452692 3.76821423 25.06393629
v 1.37452692 3.76821423 37.66897309
v 1.37452692 4.27064252 24.55973482
v 1.37452692 4.27064252 37.66897309
v 1.37452692 4.77307081 24.55973482
v 1.37452692 4.77307081 37.66897309
v 1.37452692 5.27549911 24.05553335
v 1.37452692 5.27549911 37.66897309
v 1.37452692 5.77792740 24.05553335
v 1.37452692 5.77792740 37.16477162
v 1.37452692 6.28035569 23.55133188
v 1.37452692 6.28035569 37.16477162
v 1.37452692 6.78278399 23.55133188
v 1.37452692 6.78278399 37.16477162
v 1.37452692 7.28521228 23.55133188
v 1.37452692 7.28521228 36.66057014
v 1.37452692 7.78764057 23.04713041
v 1.37452692 7.78764057 36.66057014
v 1.37452692 8.29006886 23.04713041
v 1.37452692 8.29006886 36.66057014
v 1.37452692 8.79249716 23.04713041
v 1.37452692 8.79249716 36.15636867
v 1.37452692 9.29492545 23.04713041
v 1.37452692 9.29492545 36.15636867
v 1.37452692 9.79735374 23.04713041
v 1.37452692 9.79735374 35.65216720
v 1.37452692 10.29978204 22.54292893
v 1.37452692 10.29978204 35.65216720
v 1.37452692 10.80221033 22.54292893
v 1.37452692 10.80221033 35.65216720
v 1.37452692 11.30463862 22.54292893
v 1.37452692 11.30463862 35.14796573
v 1.37452692 11.80706692 22.54292893
v 1.37452692 11.80706692 35.14796573
v 1.37452692 12.30949521 22.03872746
v 1.37452692 12.30949521 35.14796573
v 1.37452692 12.81192350 22.03872746
v 1.37452692 12.81192350 34.64376426
v 1.37452692 13.31435180 22.03872746
v 1.37452692 13.31435180 34.64376426
v 1.37452692 13.81678009 21.53452599
v 1.37452692 13.81678009 34.13956279
v 1.37452692 14.31920838 21.53452599
v 1.37452692 14.31920838 34.13956279
v 1.37452692 14.82163668 21.03032452
v 1.37452692 14.82163668 33.63536131
v 1.37452692 15.32406497 21.03032452
v 1.37452692 15.32406497 33.63536131
v 1.37452692 15.82649326 20.52612305
v 1.37452692 15.82649326 33.13115984
v 1.37452692 16.32892156 20.52612305
v 1.37452692 16.32892156 32.62695837
v 1.37452692 16.83134985 20.52612305
v 1.37452692 16.83134985 32.12275690
v 1.37452692 17.33377814 20.52612305
v 1.37452692 17.33377814 31.61855543
v 1.37452692 17.83620644 20.52612305
v 1.37452692 17.83620644 31.11435395
v 1.37452692 18.33863473 20.52612305
v 1.37452692 18.33863473 30.61015248
v 1.37452692 18.84106302 20.52612305
v 1.37452692 18.84106302 30.10595101
v 1.37452692 19.34349132 20.52612305
v 1.37452692 19.34349132 29.60174954
v 1.37452692 19.84591961 21.03032452
v 1.37452692 19.84591961 29.09754807
v 1.37452692 20.34834790 21.03032452
v 1.37452692 20.34834790 28.59334660
v 1.37452692 20.85077620 21.53452599
v 1.37452692 20.85077620 28.59334660
v 1.37452692 21.35320449 22.03872746
v 1.37452692 21.35320449 28.08914512
v 1.37452692 21.85563278 22.54292893
v 1.37452692 21.85563278 23.04713041
v 1.37452692 21.85563278 27.08074218
v 1.37452692 21.85563278 27.58494365
v 1.37452692 22.35806108 23.55133188
v 1.37452692 22.35806108 24.05553335
v 1.37452692 22.35806108 26.57654071
v 1.37452692 22.86048937 24.55973482
v 1.37452692 22.86048937 25.06393629
v 1.37452692 22.86048937 25.56813776
v 1.37452692 22.86048937 26.07233924
v 1.87517989 -4.77306676 31.11435395
v 1.87517989 -5.27549505 31.61855543
v 1.87517989 -5.27549505 32.12275690
v 1.87517989 -5.27549505 32.62695837
v 1.87517989 -5.27549505 33.13115984
v 1.87517989 -4.77306676 33.63536131
v 1.87517989 -4.27063847 29.60174954
v 1.87517989 -4.77306676 30.10595101
v 1.87517989 -4.77306676 30.61015248
v 1.87517989 -4.77306676 34.13956279
v 1.87517989 -4.27063847 34.64376426
v 1.87517989 -3.76821017 28.59334660
v 1.87517989 -4.27063847 29.09754807
v 1.87517989 -3.76821017 35.14796573
v 1.87517989 -3.26578188 28.08914512
v 1.87517989 -3.26578188 35.65216720
v 1.87517989 -2.76335359 27.58494365
v 1.87517989 -2.76335359 36.15636867
v 1.87517989 -2.26092529 27.08074218
v 1.87517989 -2.26092529 36.15636867
v 1.87517989 -1.75849700 26.57654071
v 1.87517989 -1.75849700 36.66057014
v 1.87517989 -1.25606871 26.57654071
v 1.87517989 -1.25606871 36.66057014
v 1.87517989 -0.75364041 26.07233924
v 1.87517989 -0.75364041 36.66057014
v 1.87517989 -0.25121212 26.07233924
v 1.87517989 -0.25121212 36.66057014
v 1.87517989 0.25121617 26.07233924
v 1.87517989 0.25121617 37.16477162
v 1.87517989 0.75364447 25.56813776
v 1.87517989 0.75364447 37.16477162
v 1.87517989 1.25607276 25.56813776
v 1.87517989 1.25607276 37.16477162
v 1.87517989 1.75850105 25.56813776
v 1.87517989 1.75850105 37.16477162
v 1.87517989 2.26092935 25.56813776
v 1.87517989 2.26092935 37.16477162
v 1.87517989 2.76335764 25.06393629
v 1.87517989 2.76335764 37.66897309
v 1.87517989 3.26578593 25.06393629
v 1.87517989 3.26578593 37.66897309
v 1.87517989 3.76821423 25.06393629
v 1.87517989 3.76821423 37.66897309
v 1.87517989 4.27064252 24.55973482
v 1.87517989 4.27064252 37.66897309
v 1.87517989 4.77307081 24.55973482
v 1.87517989 4.77307081 37.66897309
v 1.87517989 5.27549911 24.05553335
v 1.87517989 5.27549911 37.16477162
v 1.87517989 5.77792740 24.05553335
v 1.87517989 5.77792740 37.16477162
v 1.87517989 6.28035569 24.05553335
v 1.87517989 6.28035569 37.16477162
v 1.87517989 6.78278399 23.55133188
v 1.87517989 6.78278399 37.16477162
v 1.87517989 7.28521228 23.55133188
v 1.87517989 7.28521228 36.66057014
v 1.87517989 7.78764057 23.04713041
v 1.87517989 7.78764057 36.66057014
v 1.87517989 8.29006886 23.04713041
v 1.87517989 8.29006886 36.66057014
v 1.87517989 8.79249716 23.04713041
v 1.87517989 8.79249716 36.15636867
v 1.87517989 9.29492545 23.04713041
v 1.87517989 9.29492545 36.15636867
v 1.87517989 9.79735374 23.04713041
v 1.87517989 9.79735374 35.65216720
v 1.87517989 10.29978204 22.54292893
v 1.87517989 10.29978204 35.65216720
v 1.87517989 10.80221033 22.54292893
v 1.87517989 10.80221033 35.14796573
v 1.87517989 11.30463862 22.54292893
v 1.87517989 11.30463862 35.14796573
v 1.87517989 11.80706692 22.54292893
v 1.87517989 11.80706692 35.14796573
v 1.87517989 12.30949521 22.03872746
v 1.87517989 12.30949521 34.64376426
v 1.87517989 12.81192350 22.03872746
v 1.87517989 12.81192350 34.64376426
v 1.87517989 13.31435180 21.53452599
v 1.87517989 13.31435180 34.64376426
v 1.87517989 13.81678009 21.53452599
v 1.87517989 13.81678009 34.13956279
v 1.87517989 14.31920838 21.53452599
v 1.87517989 14.31920838 34.13956279
v 1.87517989 14.82163668 21.03032452
v 1.87517989 14.82163668 33.63536131
v 1.87517989 15.32406497 21.03032452
v 1.87517989 15.32406497 33.63536131
v 1.87517989 15.82649326 20.52612305
v 1.87517989 15.82649326 33.13115984
v 1.87517989 16.32892156 20.52612305
v 1.87517989 16.32892156 32.62695837
v 1.87517989 16.83134985 20.52612305
v 1.87517989 16.83134985 32.12275690
v 1.87517989 17.33377814 20.52612305
v 1.87517989 17.33377814 31.61855543
v 1.87517989 17.83620644 20.52612305
v 1.87517989 17.83620644 31.11435395
v 1.87517989 18.33863473 20.52612305
v 1.87517989 18.33863473 30.61015248
v 1.87517989 18.84106302 20.52612305
v 1.87517989 18.84106302 30.10595101
v 1.87517989 19.34349132 20.52612305
v 1.87517989 19.34349132 29.60174954
v 1.87517989 19.84591961 21.03032452
v 1.87517989 19.84591961 29.09754807
v 1.87517989 20.34834790 21.03032452
v 1.87517989 20.34834790 28.59334660
v 1.87517989 20.85077620 21.53452599
v 1.87517989 20.85077620 28.59334660
v 1.87517989 21.35320449 22.03872746
v 1.87517989 21.35320449 28.08914512
v 1.87517989 21.85563278 22.54292893
v 1.87517989 21.85563278 23.04713041
v 1.87517989 21.85563278 27.58494365
v 1.87517989 22.35806108 23.55133188
v 1.87517989 22.35806108 24.05553335
v 1.87517989 22.35806108 26.57654071
v 1.87517989 22.35806108 27.08074218
v 1.87517989 22.86048937 24.55973482
v 1.87517989 22.86048937 25.06393629
v 1.87517989 22.86048937 25.56813776
v 1.87517989 22.86048937 26.07233924
v 2.37583286 -4.77306676 30.61015248
v 2.37583286 -5.27549505 31.11435395
v 2.37583286 -5.27549505 31.61855543
v 2.37583286 -5.27549505 32.12275690
v 2.37583286 -5.27549505 32.62695837
v 2.37583286 -5.27549505 33.13115984
v 2.37583286 -5.27549505 33.63536131
v 2.37583286 -4.77306676 34.13956279
v 2.37583286 -4.27063847 29.09754807
v 2.37583286 -4.77306676 29.60174954
v 2.37583286 -4.77306676 30.10595101
v 2.37583286 -4.77306676 34.64376426
v 2.37583286 -4.27063847 35.14796573
v 2.37583286 -3.76821017 28.59334660
v 2.37583286 -3.76821017 35.65216720
v 2.37583286 -3.26578188 28.08914512
v 2.37583286 -3.26578188 35.65216720
v 2.37583286 -2.76335359 27.58494365
v 2.37583286 -2.76335359 36.15636867
v 2.37583286 -2.26092529 27.08074218
v 2.37583286 -2.26092529 36.15636867
v 2.37583286 -1.75849700 26.57654071
v 2.37583286 -1.75849700 36.66057014
v 2.37583286 -1.25606871 26.57654071
v 2.37583286 -1.25606871 36.66057014
v 2.37583286 -0.75364041 26.07233924
v 2.37583286 -0.75364041 36.66057014
v 2.37583286 -0.25121212 26.07233924
v 2.37583286 -0.25121212 36.66057014
v 2.37583286 0.25121617 26.07233924
v 2.37583286 0.25121617 37.16477162
v 2.37583286 0.75364447 25.56813776
v 2.37583286 0.75364447 37.16477162
v 2.37583286 1.25607276 25.56813776
v 2.37583286 1.25607276 37.16477162
v 2.37583286 1.75850105 25.56813776
v 2.37583286 1.75850105 37.16477162
v 2.37583286 2.26092935 25.56813776
v 2.37583286 2.26092935 37.16477162
v 2.37583286 2.76335764 25.06393629
v 2.37583286 2.76335764 37.66897309
v 2.37583286 3.26578593 25.06393629
v 2.37583286 3.26578593 37.66897309
v 2.37583286 3.76821423 25.06393629
v 2.37583286 3.76821423 37.66897309
v 2.37583286 4.27064252 24.55973482
v 2.37583286 4.27064252 37.66897309
v 2.37583286 4.77307081 24.55973482
v 2.37583286 4.77307081 37.16477162
v 2.37583286 5.27549911 24.05553335
v 2.37583286 5.27549911 37.16477162
v 2.37583286 5.77792740 24.05553335
v 2.37583286 5.77792740 37.16477162
v 2.37583286 6.28035569 24.05553335
v 2.37583286 6.28035569 37.16477162
v 2.37583286 6.78278399 23.55133188
v 2.37583286 6.78278399 37.16477162
v 2.37583286 7.28521228 23.55133188
v 2.37583286 7.28521228 36.66057014
v 2.37583286 7.78764057 23.55133188
v 2.37583286 7.78764057 36.66057014
v 2.37583286 8.29006886 23.04713041
v 2.37583286 8.29006886 36.15636867
v 2.37583286 8.79249716 23.04713041
v 2.37583286 8.79249716 36.15636867
v 2.37583286 9.29492545 23.04713041
v 2.37583286 9.29492545 35.65216720
v 2.37583286 9.79735374 23.04713041
v 2.37583286 9.79735374 35.65216720
v 2.37583286 10.29978204 22.54292893
v 2.37583286 10.29978204 35.65216720
v 2.37583286 10.80221033 22.54292893
v 2.37583286 10.80221033 35.14796573
v 2.37583286 11.30463862 22.54292893
v 2.37583286 11.30463862 35.14796573
v 2.37583286 11.80706692 22.54292893
v 2.37583286 11.80706692 34.64376426
v 2.37583286 12.30949521 22.03872746
v 2.37583286 12.30949521 34.64376426
v 2.37583286 12.81192350 22.03872746
v 2.37583286 12.81192350 34.64376426
v 2.37583286 13.31435180 21.53452599
v 2.37583286 13.31435180 34.64376426
v 2.37583286 13.81678009 21.53452599
v 2.37583286 13.81678009 34.13956279
v 2.37583286 14.31920838 21.53452599
v 2.37583286 14.31920838 34.13956279
v 2.37583286 14.82163668 21.03032452
v 2.37583286 14.82163668 33.63536131
v 2.37583286 15.32406497 21.03032452
v 2.37583286 15.32406497 33.63536131
v 2.37583286 15.82649326 20.52612305
v 2.37583286 15.82649326 33.13115984
v 2.37583286 16.32892156 20.52612305
v 2.37583286 16.32892156 32.62695837
v 2.37583286 16.83134985 20.52612305
v 2.37583286 16.83134985 32.12275690
v 2.37583286 17.33377814 20.52612305
v 2.37583286 17.33377814 31.61855543
v 2.37583286 17.83620644 20.52612305
v 2.37583286 17.83620644 31.11435395
v 2.37583286 18.33863473 20.52612305
v 2.37583286 18.33863473 30.61015248
v 2.37583286 18.84106302 20.52612305
v 2.37583286 18.84106302 30.10595101
v 2.37583286 19.34349132 20.52612305
v 2.37583286 19.34349132 29.60174954
v 2.37583286 19.84591961 21.03032452
v 2.37583286 19.84591961 29.09754807
v 2.37583286 20.34834790 21.03032452
v 2.37583286 20.34834790 28.59334660
v 2.37583286 20.85077620 21.53452599
v 2.37583286 20.85077620 28.59334660
v 2.37583286 21.35320449 22.03872746
v 2.37583286 21.35320449 28.08914512
v 2.37583286 21.85563278 22.54292893
v 2.37583286 21.85563278 23.04713041
v 2.37583286 21.85563278 27.58494365
v 2.37583286 22.35806108 23.55133188
v 2.37583286 22.35806108 24.05553335
v 2.37583286 22.35806108 26.57654071
v 2.37583286 22.35806108 27.08074218
v 2.37583286 22.86048937 24.55973482
v 2.37583286 22.86048937 25.06393629
v 2.37583286 22.86048937 25.56813776
v 2.37583286 22.86048937 26.07233924
v 2.87648582 -4.77306676 30.10595101
v 2.87648582 -5.27549505 30.61015248
v 2.87648582 -5.27549505 31.11435395
v 2.87648582 -5.27549505 31.61855543
v 2.87648582 -5.27549505 32.12275690
v 2.87648582 -5.27549505 32.62695837
v 2.87648582 -5.27549505 33.13115984
v 2.87648582 -5.27549505 33.63536131
v 2.87648582 -5.27549505 34.13956279
v 2.87648582 -4.77306676 34.64376426
v 2.87648582 -4.27063847 29.09754807
v 2.87648582 -4.77306676 29.60174954
v 2.87648582 -4.27063847 35.14796573
v 2.87648582 -3.76821017 28.59334660
v 2.87648582 -3.76821017 35.65216720
v 2.87648582 -3.26578188 28.08914512
v 2.87648582 -3.26578188 36.15636867
v 2.87648582 -2.76335359 27.58494365
v 2.87648582 -2.76335359 36.15636867
v 2.87648582 -2.26092529 27.08074218
v 2.87648582 -2.26092529 36.15636867
v 2.87648582 -1.75849700 26.57654071
v 2.87648582 -1.75849700 36.66057014
v 2.87648582 -1.25606871 26.57654071
v 2.87648582 -1.25606871 36.66057014
v 2.87648582 -0.75364041 26.07233924
v 2.87648582 -0.75364041 36.66057014
v 2.87648582 -0.25121212 26.07233924
v 2.87648582 -0.25121212 36.66057014
v 2.87648582 0.25121617 26.07233924
v 2.87648582 0.25121617 37.16477162
v 2.87648582 0.75364447 25.56813776
v 2.87648582 0.75364447 37.16477162
v 2.87648582 1.25607276 25.56813776
v 2.87648582 1.25607276 37.16477162
v 2.87648582 1.75850105 25.56813776
v 2.87648582 1.75850105 37.16477162
v 2.87648582 2.26092935 25.56813776
v 2.87648582 2.26092935 37.16477162
v 2.87648582 2.76335764 25.06393629
v 2.87648582 2.76335764 37.16477162
v 2.87648582 3.26578593 25.06393629
v 2.87648582 3.26578593 37.16477162
v 2.87648582 3.76821423 25.06393629
v 2.87648582 3.76821423 37.66897309
v 2.87648582 4.27064252 24.55973482
v 2.87648582 4.27064252 37.16477162
v 2.87648582 4.77307081 24.55973482
v 2.87648582 4.77307081 37.16477162
v 2.87648582 5.27549911 24.55973482
v 2.87648582 5.27549911 37.16477162
v 2.87648582 5.77792740 24.05553335
v 2.87648582 5.77792740 37.16477162
v 2.87648582 6.28035569 24.05553335
v 2.87648582 6.28035569 37.16477162
v 2.87648582 6.78278399 23.55133188
v 2.87648582 6.78278399 36.66057014
v 2.87648582 7.28521228 23.55133188
v 2.87648582 7.28521228 36.66057014
v 2.87648582 7.78764057 23.55133188
v 2.87648582 7.78764057 36.66057014
v 2.87648582 8.29006886 23.04713041
v 2.87648582 8.29006886 36.15636867
v 2.87648582 8.79249716 23.04713041
v 2.87648582 8.79249716 36.15636867
v 2.87648582 9.29492545 23.04713041
v 2.87648582 9.29492545 35.65216720
v 2.87648582 9.79735374 23.04713041
v 2.87648582 9.79735374 35.65216720
v 2.87648582 10.29978204 23.04713041
v 2.87648582 10.29978204 35.14796573
v 2.87648582 10.80221033 22.54292893
v 2.87648582 10.80221033 35.14796573
v 2.87648582 11.30463862 22.54292893
v 2.87648582 11.30463862 35.14796573
v 2.87648582 11.80706692 22.54292893
v 2.87648582 11.80706692 34.64376426
v 2.87648582 12.30949521 22.03872746
v 2.87648582 12.30949521 34.64376426
v 2.87648582 12.81192350 22.03872746
v 2.87648582 12.81192350 34.64376426
v 2.87648582 13.31435180 22.03872746
v 2.87648582 13.31435180 34.13956279
v 2.87648582 13.81678009 21.53452599
v 2.87648582 13.81678009 34.13956279
v 2.87648582 14.31920838 21.53452599
v 2.87648582 14.31920838 33.63536131
v 2.87648582 14.82163668 21.03032452
v 2.87648582 14.82163668 33.63536131
v 2.87648582 15.32406497 21.03032452
v 2.87648582 15.32406497 33.13115984
v 2.87648582 15.82649326 20.52612305
v 2.87648582 15.82649326 33.13115984
v 2.87648582 16.32892156 20.52612305
v 2.87648582 16.32892156 32.62695837
v 2.87648582 16.83134985 20.52612305
v 2.87648582 16.83134985 32.12275690
v 2.87648582 17.33377814 20.52612305
v 2.87648582 17.33377814 31.61855543
v 2.87648582 17.83620644 20.52612305
v 2.87648582 17.83620644 31.11435395
v 2.87648582 18.33863473 20.52612305
v 2.87648582 18.33863473 30.61015248
v 2.87648582 18.84106302 20.52612305
v 2.87648582 18.84106302 30.10595101
v 2.87648582 19.34349132 20.52612305
v 2.87648582 19.34349132 29.60174954
v 2.87648582 19.84591961 21.03032452
v 2.87648582 19.84591961 29.09754807
v 2.87648582 20.34834790 21.03032452
v 2.87648582 20.34834790 28.59334660
v 2.87648582 20.85077620 21.53452599
v 2.87648582 20.85077620 28.08914512
v 2.87648582 21.35320449 22.03872746
v 2.87648582 21.35320449 27.58494365
v 2.87648582 21.85563278 22.54292893
v 2.87648582 21.85563278 23.04713041
v 2.87648582 21.85563278 27.08074218
v 2.87648582 22.35806108 23.55133188
v 2.87648582 22.35806108 24.05553335
v 2.87648582 22.35806108 24.55973482
v 2.87648582 22.35806108 26.57654071
v 2.87648582 22.86048937 25.06393629
v 2.87648582 22.86048937 25.56813776
v 2.87648582 22.86048937 26.07233924
v 3.37713879 -5.27549505 31.61855543
v 3.37713879 -5.77792335 32.12275690
v 3.37713879 -5.77792335 32.62695837
v 3.37713879 -5.77792335 33.13115984
v 3.37713879 -5.27549505 33.63536131
v 3.37713879 -4.77306676 30.10595101
v 3.37713879 -5.27549505 30.61015248
v 3.37713879 -5.27549505 31.11435395
v 3.37713879 -5.27549505 34.13956279
v 3.37713879 -5.27549505 34.64376426
v 3.37713879 -4.77306676 35.14796573
v 3.37713879 -4.27063847 29.09754807
v 3.37713879 -4.77306676 29.60174954
v 3.37713879 -4.27063847 35.65216720
v 3.37713879 -3.76821017 28.59334660
v 3.37713879 -3.76821017 35.65216720
v 3.37713879 -3.26578188 28.08914512
v 3.37713879 -3.26578188 36.15636867
v 3.37713879 -2.76335359 27.58494365
v 3.37713879 -2.76335359 36.15636867
v 3.37713879 -2.26092529 27.08074218
v 3.37713879 -2.26092529 36.15636867
v 3.37713879 -1.75849700 27.08074218
v 3.37713879 -1.75849700 36.66057014
v 3.37713879 -1.25606871 26.57654071
v 3.37713879 -1.25606871 36.66057014
v 3.37713879 -0.75364041 26.57654071
v 3.37713879 -0.75364041 36.66057014
v 3.37713879 -0.25121212 26.07233924
v 3.37713879 -0.25121212 36.66057014
v 3.37713879 0.25121617 26.07233924
v 3.37713879 0.25121617 37.16477162
v 3.37713879 0.75364447 26.07233924
v 3.37713879 0.75364447 37.16477162
v 3.37713879 1.25607276 25.56813776
v 3.37713879 1.25607276 37.16477162
v 3.37713879 1.75850105 25.56813776
v 3.37713879 1.75850105 37.16477162
v 3.37713879 2.26092935 25.56813776
v 3.37713879 2.26092935 37.16477162
v 3.37713879 2.76335764 25.06393629
v 3.37713879 2.76335764 37.16477162
v 3.37713879 3.26578593 25.06393629
v 3.37713879 3.26578593 37.16477162
v 3.37713879 3.76821423 25.06393629
v 3.37713879 3.76821423 37.16477162
v 3.37713879 4.27064252 24.55973482
v 3.37713879 4.27064252 37.16477162
v 3.37713879 4.77307081 24.55973482
v 3.37713879 4.77307081 37.16477162
v 3.37713879 5.27549911 24.55973482
v 3.37713879 5.27549911 37.16477162
v 3.37713879 5.77792740 24.05553335
v 3.37713879 5.77792740 37.16477162
v 3.37713879 6.28035569 24.05553335
v 3.37713879 6.28035569 37.16477162
v 3.37713879 6.78278399 23.55133188
v 3.37713879 6.78278399 36.66057014
v 3.37713879 7.28521228 23.55133188
v 3.37713879 7.28521228 36.66057014
v 3.37713879 7.78764057 23.55133188
v 3.37713879 7.78764057 36.15636867
v 3.37713879 8.29006886 23.55133188
v 3.37713879 8.29006886 36.15636867
v 3.37713879 8.79249716 23.04713041
v 3.37713879 8.79249716 35.65216720
v 3.37713879 9.29492545 23.04713041
v 3.37713879 9.29492545 35.65216720
v 3.37713879 9.79735374 23.04713041
v 3.37713879 9.79735374 35.14796573
v 3.37713879 10.29978204 23.04713041
v 3.37713879 10.29978204 35.14796573
v 3.37713879 10.80221033 22.54292893
v 3.37713879 10.80221033 35.14796573
v 3.37713879 11.30463862 22.54292893
v 3.37713879 11.30463862 34.64376426
v 3.37713879 11.80706692 22.54292893
v 3.37713879 11.80706692 34.64376426
v 3.37713879 12.30949521 22.03872746
v 3.37713879 12.30949521 34.64376426
v 3.37713879 12.81192350 22.03872746
v 3.37713879 12.81192350 34.13956279
v 3.37713879 13.31435180 22.03872746
v 3.37713879 13.31435180 34.13956279
v 3.37713879 13.81678009 21.53452599
v 3.37713879 13.81678009 34.13956279
v 3.37713879 14.31920838 21.53452599
v 3.37713879 14.31920838 33.63536131
v 3.37713879 14.82163668 21.03032452
v 3.37713879 14.82163668 33.63536131
v 3.37713879 15.32406497 21.03032452
v 3.37713879 15.32406497 33.13115984
v 3.37713879 15.82649326 20.52612305
v 3.37713879 15.82649326 32.62695837
v 3.37713879 16.32892156 20.52612305
v 3.37713879 16.32892156 32.12275690
v 3.37713879 16.83134985 20.52612305
v 3.37713879 16.83134985 31.61855543
v 3.37713879 17.33377814 20.52612305
v 3.37713879 17.33377814 31.11435395
v 3.37713879 17.83620644 20.52612305
v 3.37713879 17.83620644 31.11435395
v 3.37713879 18.33863473 20.52612305
v 3.37713879 18.33863473 30.61015248
v 3.37713879 18.84106302 20.52612305
v 3.37713879 18.84106302 30.10595101
v 3.37713879 19.34349132 20.52612305
v 3.37713879 19.34349132 29.60174954
v 3.37713879 19.84591961 21.03032452
v 3.37713879 19.84591961 29.09754807
v 3.37713879 20.34834790 21.53452599
v 3.37713879 20.34834790 28.59334660
v 3.37713879 20.85077620 21.53452599
v 3.37713879 20.85077620 28.08914512
v 3.37713879 21.35320449 22.03872746
v 3.37713879 21.35320449 27.58494365
v 3.37713879 21.85563278 22.54292893
v 3.37713879 21.85563278 23.04713041
v 3.37713879 21.85563278 27.08074218
v 3.37713879 22.35806108 23.55133188
v 3.37713879 22.35806108 24.05553335
v 3.37713879 22.35806108 24.55973482
v 3.37713879 22.35806108 26.07233924
v 3.37713879 22.35806108 26.57654071
v 3.37713879 22.86048937 25.06393629
v 3.37713879 22.86048937 25.56813776
v 3.87779176 -5.27549505 31.11435395
v 3.87779176 -5.77792335 31.61855543
v 3.87779176 -5.77792335 32.12275690
v 3.87779176 -5.77792335 32.62695837
v 3.87779176 -5.77792335 33.13115984
v 3.87779176 -5.77792335 33.63536131
v 3.87779176 -5.27549505 34.13956279
v 3.87779176 -4.77306676 30.10595101
v 3.87779176 -5.27549505 30.61015248
v 3.87779176 -5.27549505 34.64376426
v 3.87779176 -4.77306676 35.14796573
v 3.87779176 -4.27063847 29.09754807
v 3.87779176 -4.77306676 29.60174954
v 3.87779176 -4.27063847 35.65216720
v 3.87779176 -3.76821017 28.59334660
v 3.87779176 -3.76821017 36.15636867
v 3.87779176 -3.26578188 28.08914512
v 3.87779176 -3.26578188 36.15636867
v 3.87779176 -2.76335359 27.58494365
v 3.87779176 -2.76335359 36.15636867
v 3.87779176 -2.26092529 27.08074218
v 3.87779176 -2.26092529 36.66057014
v 3.87779176 -1.75849700 27.08074218
v 3.87779176 -1.75849700 36.66057014
v 3.87779176 -1.25606871 26.57654071
v 3.87779176 -1.25606871 36.66057014
v 3.87779176 -0.75364041 26.57654071
v 3.87779176 -0.75364041 36.66057014
v 3.87779176 -0.25121212 26.07233924
v 3.87779176 -0.25121212 36.66057014
v 3.87779176 0.25121617 26.07233924
v 3.87779176 0.25121617 37.16477162
v 3.87779176 0.75364447 26.07233924
v 3.87779176 0.75364447 37.16477162
v 3.87779176 1.25607276 25.56813776
v 3.87779176 1.25607276 37.16477162
v 3.87779176 1.75850105 25.56813776
v 3.87779176 1.75850105 37.16477162
v 3.87779176 2.26092935 25.56813776
v 3.87779176 2.26092935 37.16477162
v 3.87779176 2.76335764 25.06393629
v 3.87779176 2.76335764 37.16477162
v 3.87779176 3.26578593 25.06393629
v 3.87779176 3.26578593 37.16477162
v 3.87779176 3.76821423 25.06393629
v 3.87779176 3.76821423 37.16477162
v 3.87779176 4.27064252 24.55973482
v 3.87779176 4.27064252 37.16477162
v 3.87779176 4.77307081 24.55973482
v 3.87779176 4.77307081 37.16477162
v 3.87779176 5.27549911 24.55973482
v 3.87779176 5.27549911 37.16477162
v 3.87779176 5.77792740 24.05553335
v 3.87779176 5.77792740 37.16477162
v 3.87779176 6.28035569 24.05553335
v 3.87779176 6.28035569 36.66057014
v 3.87779176 6.78278399 24.05553335
v 3.87779176 6.78278399 36.66057014
v 3.87779176 7.28521228 23.55133188
v 3.87779176 7.28521228 36.66057014
v 3.87779176 7.78764057 23.55133188
v 3.87779176 7.78764057 36.15636867
v 3.87779176 8.29006886 23.55133188
v 3.87779176 8.29006886 36.15636867
v 3.87779176 8.79249716 23.04713041
v 3.87779176 8.79249716 35.65216720
v 3.87779176 9.29492545 23.04713041
v 3.87779176 9.29492545 35.65216720
v 3.87779176 9.79735374 23.04713041
v 3.87779176 9.79735374 35.14796573
v 3.87779176 10.29978204 23.04713041
v 3.87779176 10.29978204 35.14796573
v 3.87779176 10.80221033 23.04713041
v 3.87779176 10.80221033 34.64376426
v 3.87779176 11.30463862 22.54292893
v 3.87779176 11.30463862 34.64376426
v 3.87779176 11.80706692 22.54292893
v 3.87779176 11.80706692 34.64376426
v 3.87779176 12.30949521 22.54292893
v 3.87779176 12.30949521 34.13956279
v 3.87779176 12.81192350 22.03872746
v 3.87779176 12.81192350 34.13956279
v 3.87779176 13.31435180 22.03872746
v 3.87779176 13.31435180 34.13956279
v 3.87779176 13.81678009 21.53452599
v 3.87779176 13.81678009 33.63536131
v 3.87779176 14.31920838 21.53452599
v 3.87779176 14.31920838 33.63536131
v 3.87779176 14.82163668 21.03032452
v 3.87779176 14.82163668 33.13115984
v 3.87779176 15.32406497 21.03032452
v 3.87779176 15.32406497 33.13115984
v 3.87779176 15.82649326 21.03032452
v 3.87779176 15.82649326 32.62695837
v 3.87779176 16.32892156 20.52612305
v 3.87779176 16.32892156 32.12275690
v 3.87779176 16.83134985 20.52612305
v 3.87779176 16.83134985 31.61855543
v 3.87779176 17.33377814 20.52612305
v 3.87779176 17.33377814 31.11435395
v 3.87779176 17.83620644 20.52612305
v 3.87779176 17.83620644 30.61015248
v 3.87779176 18.33863473 20.52612305
v 3.87779176 18.33863473 30.10595101
v 3.87779176 18.84106302 20.52612305
v 3.87779176 18.84106302 29.60174954
v 3.87779176 19.34349132 21.03032452
v 3.87779176 19.34349132 29.09754807
v 3.87779176 19.84591961 21.03032452
v 3.87779176 19.84591961 29.09754807
v 3.87779176 20.34834790 21.53452599
v 3.87779176 20.34834790 28.59334660
v 3.87779176 20.85077620 22.03872746
v 3.87779176 20.85077620 28.08914512
v 3.87779176 21.35320449 22.54292893
v 3.87779176 21.35320449 27.58494365
v 3.87779176 21.85563278 23.04713041
v 3.87779176 21.85563278 27.08074218
v 3.87779176 22.35806108 23.55133188
v 3.87779176 22.35806108 24.05553335
v 3.87779176 22.35806108 24.55973482
v 3.87779176 22.35806108 25.06393629
v 3.87779176 22.35806108 25.56813776
v 3.87779176 22.35806108 26.07233924
v 3.87779176 22.35806108 26.57654071
v 4.37844473 -5.27549505 31.11435395
v 4.37844473 -5.77792335 31.61855543
v 4.37844473 -5.77792335 32.12275690
v 4.37844473 -5.77792335 32.62695837
v 4.37844473 -5.77792335 33.13115984
v 4.37844473 -5.77792335 33.63536131
v 4.37844473 -5.77792335 34.13956279
v 4.37844473 -5.27549505 34.64376426
v 4.37844473 -4.77306676 29.60174954
v 4.37844473 -5.27549505 30.10595101
v 4.37844473 -5.27549505 30.61015248
v 4.37844473 -4.77306676 35.14796573
v 4.37844473 -4.27063847 29.09754807
v 4.37844473 -4.27063847 35.65216720
v 4.37844473 -3.76821017 28.59334660
v 4.37844473 -3.76821017 36.15636867
v 4.37844473 -3.26578188 28.08914512
v 4.37844473 -3.26578188 36.15636867
v 4.37844473 -2.76335359 27.58494365
v 4.37844473 -2.76335359 36.66057014
v 4.37844473 -2.26092529 27.08074218
v 4.37844473 -2.26092529 36.66057014
v 4.37844473 -1.75849700 27.08074218
v 4.37844473 -1.75849700 36.66057014
v 4.37844473 -1.25606871 26.57654071
v 4.37844473 -1.25606871 36.66057014
v 4.37844473 -0.75364041 26.57654071
v 4.37844473 -0.75364041 36.66057014
v 4.37844473 -0.25121212 26.07233924
v 4.37844473 -0.25121212 36.66057014
v 4.37844473 0.25121617 26.07233924
v 4.37844473 0.25121617 37.16477162
v 4.37844473 0.75364447 26.07233924
v 4.37844473 0.75364447 37.16477162
v 4.37844473 1.25607276 25.56813776
v 4.37844473 1.25607276 37.16477162
v 4.37844473 1.75850105 25.56813776
v 4.37844473 1.75850105 37.16477162
v 4.37844473 2.26092935 25.56813776
v 4.37844473 2.26092935 37.16477162
v 4.37844473 2.76335764 25.56813776
v 4.37844473 2.76335764 37.16477162
v 4.37844473 3.26578593 25.06393629
v 4.37844473 3.26578593 37.16477162
v 4.37844473 3.76821423 25.06393629
v 4.37844473 3.76821423 37.16477162
v 4.37844473 4.27064252 25.06393629
v 4.37844473 4.27064252 37.16477162
v 4.37844473 4.77307081 24.55973482
v 4.37844473 4.77307081 37.16477162
v 4.37844473 5.27549911 24.55973482
v 4.37844473 5.27549911 37.16477162
v 4.37844473 5.77792740 24.05553335
v 4.37844473 5.77792740 37.16477162
v 4.37844473 6.28035569 24.05553335
v 4.37844473 6.28035569 36.66057014
v 4.37844473 6.78278399 24.05553335
v 4.37844473 6.78278399 36.66057014
v 4.37844473 7.28521228 23.55133188
v 4.37844473 7.28521228 36.15636867
v 4.37844473 7.78764057 23.55133188
v 4.37844473 7.78764057 36.15636867
v 4.37844473 8.29006886 23.55133188
v 4.37844473 8.29006886 35.65216720
v 4.37844473 8.79249716 23.55133188
v 4.37844473 8.79249716 35.65216720
v 4.37844473 9.29492545 23.04713041
v 4.37844473 9.29492545 35.14796573
v 4.37844473 9.79735374 23.04713041
v 4.37844473 9.79735374 35.14796573
v 4.37844473 10.29978204 23.04713041
v 4.37844473 10.29978204 34.64376426
v 4.37844473 10.80221033 23.04713041
v 4.37844473 10.80221033 34.64376426
v 4.37844473 11.30463862 23.04713041
v 4.37844473 11.30463862 34.13956279
v 4.37844473 11.80706692 22.54292893
v 4.37844473 11.80706692 34.13956279
v 4.37844473 12.30949521 22.54292893
v 4.37844473 12.30949521 34.13956279
v 4.37844473 12.81192350 22.03872746
v 4.37844473 12.81192350 33.63536131
v 4.37844473 13.31435180 22.03872746
v 4.37844473 13.31435180 33.63536131
v 4.37844473 13.81678009 22.03872746
v 4.37844473 13.81678009 33.63536131
v 4.37844473 14.31920838 21.53452599
v 4.37844473 14.31920838 33.13115984
v 4.37844473 14.82163668 21.53452599
v 4.37844473 14.82163668 33.13115984
v 4.37844473 15.32406497 21.03032452
v 4.37844473 15.32406497 32.62695837
v 4.37844473 15.82649326 21.03032452
v 4.37844473 15.82649326 32.12275690
v 4.37844473 16.32892156 21.03032452
v 4.37844473 16.32892156 31.61855543
v 4.37844473 16.83134985 20.52612305
v 4.37844473 16.83134985 31.11435395
v 4.37844473 17.33377814 20.52612305
v 4.37844473 17.33377814 31.11435395
v 4.37844473 17.83620644 20.52612305
v 4.37844473 17.83620644 30.61015248
v 4.37844473 18.33863473 20.52612305
v 4.37844473 18.33863473 30.10595101
v 4.37844473 18.84106302 21.03032452
v 4.37844473 18.84106302 29.60174954
v 4.37844473 19.34349132 21.03032452
v 4.37844473 19.34349132 29.09754807
v 4.37844473 19.84591961 21.03032452
v 4.37844473 19.84591961 28.59334660
v 4.37844473 20.34834790 21.53452599
v 4.37844473 20.34834790 28.08914512
v 4.37844473 20.85077620 22.03872746
v 4.37844473 20.85077620 28.08914512
v 4.37844473 21.35320449 22.54292893
v 4.37844473 21.35320449 27.58494365
v 4.37844473 21.85563278 23.04713041
v 4.37844473 21.85563278 23.55133188
v 4.37844473 21.85563278 26.57654071
v 4.37844473 21.85563278 27.08074218
v 4.37844473 22.35806108 24.05553335
v 4.37844473 22.35806108 24.55973482
v 4.37844473 22.35806108 25.06393629
v 4.37844473 22.35806108 25.56813776
v 4.37844473 22.35806108 26.07233924
v 4.87909770 -5.77792335 32.62695837
v 4.87909770 -6.28035164 33.13115984
v 4.87909770 -5.77792335 33.63536131
v 4.87909770 -5.27549505 30.61015248
v 4.87909770 -5.77792335 31.11435395
v 4.87909770 -5.77792335 31.61855543
v 4.87909770 -5.77792335 32.12275690
v 4.87909770 -5.77792335 34.13956279
v 4.87909770 -5.77792335 34.64376426
v 4.87909770 -5.27549505 35.14796573
v 4.87909770 -4.77306676 29.60174954
v 4.87909770 -5.27549505 30.10595101
v 4.87909770 -4.77306676 35.65216720
v 4.87909770 -4.27063847 29.09754807
v 4.87909770 -4.27063847 36.15636867
v 4.87909770 -3.76821017 28.59334660
v 4.87909770 -3.76821017 36.15636867
v 4.87909770 -3.26578188 28.08914512
v 4.87909770 -3.26578188 36.66057014
v 4.87909770 -2.76335359 27.58494365
v 4.87909770 -2.76335359 36.66057014
v 4.87909770 -2.26092529 27.08074218
v 4.87909770 -2.26092529 36.66057014
v 4.87909770 -1.75849700 27.08074218
v 4.87909770 -1.75849700 36.66057014
v 4.87909770 -1.25606871 26.57654071
v 4.87909770 -1.25606871 36.66057014
v 4.87909770 -0.75364041 26.57654071
v 4.87909770 -0.75364041 36.66057014
v 4.87909770 -0.25121212 26.07233924
v 4.87909770 -0.25121212 37.16477162
v 4.87909770 0.25121617 26.07233924
v 4.87909770 0.25121617 37.16477162
v 4.87909770 0.75364447 26.07233924
v 4.87909770 0.75364447 37.16477162
v 4.87909770 1.25607276 25.56813776
v 4.87909770 1.25607276 37.16477162
v 4.87909770 1.75850105 25.56813776
v 4.87909770 1.75850105 37.16477162
v 4.87909770 2.26092935 25.56813776
v 4.87909770 2.26092935 37.16477162
v 4.87909770 2.76335764 25.56813776
v 4.87909770 2.76335764 37.16477162
v 4.87909770 3.26578593 25.06393629
v 4.87909770 3.26578593 37.16477162
v 4.87909770 3.76821423 25.06393629
v 4.87909770 3.76821423 37.16477162
v 4.87909770 4.27064252 25.06393629
v 4.87909770 4.27064252 37.16477162
v 4.87909770 4.77307081 24.55973482
v 4.87909770 4.77307081 37.16477162
v 4.87909770 5.27549911 24.55973482
v 4.87909770 5.27549911 37.16477162
v 4.87909770 5.77792740 24.55973482
v 4.87909770 5.77792740 36.66057014
v 4.87909770 6.28035569 24.05553335
v 4.87909770 6.28035569 36.66057014
v 4.87909770 6.78278399 24.05553335
v 4.87909770 6.78278399 36.66057014
v 4.87909770 7.28521228 24.05553335
v 4.87909770 7.28521228 36.15636867
v 4.87909770 7.78764057 23.55133188
v 4.87909770 7.78764057 35.65216720
v 4.87909770 8.29006886 23.55133188
v 4.87909770 8.29006886 35.65216720
v 4.87909770 8.79249716 23.55133188
v 4.87909770 8.79249716 35.14796573
v 4.87909770 9.29492545 23.55133188
v 4.87909770 9.29492545 35.14796573
v 4.87909770 9.79735374 23.04713041
v 4.87909770 9.79735374 34.64376426
v 4.87909770 10.29978204 23.04713041
v 4.87909770 10.29978204 34.64376426
v 4.87909770 10.80221033 23.04713041
v 4.87909770 10.80221033 34.13956279
v 4.87909770 11.30463862 23.04713041
v 4.87909770 11.30463862 34.13956279
v 4.87909770 11.80706692 23.04713041
v 4.87909770 11.80706692 34.13956279
v 4.87909770 12.30949521 22.54292893
v 4.87909770 12.30949521 33.63536131
v 4.87909770 12.81192350 22.54292893
v 4.87909770 12.81192350 33.63536131
v 4.87909770 13.31435180 22.03872746
v 4.87909770 13.31435180 33.63536131
v 4.87909770 13.81678009 22.03872746
v 4.87909770 13.81678009 33.13115984
v 4.87909770 14.31920838 21.53452599
v 4.87909770 14.31920838 33.13115984
v 4.87909770 14.82163668 21.53452599
v 4.87909770 14.82163668 32.62695837
v 4.87909770 15.32406497 21.53452599
v 4.87909770 15.32406497 32.12275690
v 4.87909770 15.82649326 21.03032452
v 4.87909770 15.82649326 32.12275690
v 4.87909770 16.32892156 21.03032452
v 4.87909770 16.32892156 31.61855543
v 4.87909770 16.83134985 21.03032452
v 4.87909770 16.83134985 31.11435395
v 4.87909770 17.33377814 21.03032452
v 4.87909770 17.33377814 30.61015248
v 4.87909770 17.83620644 21.03032452
v 4.87909770 17.83620644 30.10595101
v 4.87909770 18.33863473 21.03032452
v 4.87909770 18.33863473 29.60174954
v 4.87909770 18.84106302 21.03032452
v 4.87909770 18.84106302 29.09754807
v 4.87909770 19.34349132 21.03032452
v 4.87909770 19.34349132 29.09754807
v 4.87909770 19.84591961 21.53452599
v 4.87909770 19.84591961 28.59334660
v 4.87909770 20.34834790 21.53452599
v 4.87909770 20.34834790 28.08914512
v 4.87909770 20.85077620 22.03872746
v 4.87909770 20.85077620 27.58494365
v 4.87909770 21.35320449 22.54292893
v 4.87909770 21.35320449 27.08074218
v 4.87909770 21.85563278 23.04713041
v 4.87909770 21.85563278 23.55133188
v 4.87909770 21.85563278 26.57654071
v 4.87909770 22.35806108 24.05553335
v 4.87909770 22.35806108 24.55973482
v 4.87909770 22.35806108 25.06393629
v 4.87909770 22.35806108 25.56813776
v 4.87909770 22.35806108 26.07233924
v 5.37975067 -5.77792335 32.12275690
v 5.37975067 -6.28035164 32.62695837
v 5.37975067 -6.28035164 33.13115984
v 5.37975067 -6.28035164 33.63536131
v 5.37975067 -6.28035164 34.13956279
v 5.37975067 -5.77792335 34.64376426
v 5.37975067 -5.27549505 30.61015248
v 5.37975067 -5.77792335 31.11435395
v 5.37975067 -5.77792335 31.61855543
v 5.37975067 -5.27549505 35.14796573
v 5.37975067 -4.77306676 29.60174954
v 5.37975067 -5.27549505 30.10595101
v 5.37975067 -4.77306676 35.65216720
v 5.37975067 -4.27063847 29.09754807
v 5.37975067 -4.27063847 36.15636867
v 5.37975067 -3.76821017 28.59334660
v 5.37975067 -3.76821017 36.66057014
v 5.37975067 -3.26578188 28.08914512
v 5.37975067 -3.26578188 36.66057014
v 5.37975067 -2.76335359 27.58494365
v 5.37975067 -2.76335359 36.66057014
v 5.37975067 -2.26092529 27.08074218
v 5.37975067 -2.26092529 36.66057014
v 5.37975067 -1.75849700 27.08074218
v 5.37975067 -1.75849700 36.66057014
v 5.37975067 -1.25606871 26.57654071
v 5.37975067 -1.25606871 36.66057014
v 5.37975067 -0.75364041 26.57654071
v 5.37975067 -0.75364041 36.66057014
v 5.37975067 -0.25121212 26.57654071
v 5.37975067 -0.25121212 37.16477162
v 5.37975067 0.25121617 26.07233924
v 5.37975067 0.25121617 37.16477162
v 5.37975067 0.75364447 26.07233924
v 5.37975067 0.75364447 37.16477162
v 5.37975067 1.25607276 26.07233924
v 5.37975067 1.25607276 37.16477162
v 5.37975067 1.75850105 25.56813776
v 5.37975067 1.75850105 37.16477162
v 5.37975067 2.26092935 25.56813776
v 5.37975067 2.26092935 37.16477162
v 5.37975067 2.76335764 25.56813776
v 5.37975067 2.76335764 37.16477162
v 5.37975067 3.26578593 25.06393629
v 5.37975067 3.26578593 37.16477162
v 5.37975067 3.76821423 25.06393629
v 5.37975067 3.76821423 37.16477162
v 5.37975067 4.27064252 25.06393629
v 5.37975067 4.27064252 37.16477162
v 5.37975067 4.77307081 25.06393629
v 5.37975067 4.77307081 37.16477162
v 5.37975067 5.27549911 24.55973482
v 5.37975067 5.27549911 36.66057014
v 5.37975067 5.77792740 24.55973482
v 5.37975067 5.77792740 36.66057014
v 5.37975067 6.28035569 24.05553335
v 5.37975067 6.28035569 36.66057014
v 5.37975067 6.78278399 24.05553335
v 5.37975067 6.78278399 36.15636867
v 5.37975067 7.28521228 24.05553335
v 5.37975067 7.28521228 36.15636867
v 5.37975067 7.78764057 24.05553335
v 5.37975067 7.78764057 35.65216720
v 5.37975067 8.29006886 23.55133188
v 5.37975067 8.29006886 35.14796573
v 5.37975067 8.79249716 23.55133188
v 5.37975067 8.79249716 35.14796573
v 5.37975067 9.29492545 23.55133188
v 5.37975067 9.29492545 34.64376426
v 5.37975067 9.79735374 23.55133188
v 5.37975067 9.79735374 34.64376426
v 5.37975067 10.29978204 23.55133188
v 5.37975067 10.29978204 34.13956279
v 5.37975067 10.80221033 23.04713041
v 5.37975067 10.80221033 34.13956279
v 5.37975067 11.30463862 23.04713041
v 5.37975067 11.30463862 33.63536131
v 5.37975067 11.80706692 23.04713041
v 5.37975067 11.80706692 33.63536131
v 5.37975067 12.30949521 23.04713041
v 5.37975067 12.30949521 33.63536131
v 5.37975067 12.81192350 22.54292893
v 5.37975067 12.81192350 33.13115984
v 5.37975067 13.31435180 22.54292893
v 5.37975067 13.31435180 33.13115984
v 5.37975067 13.81678009 22.03872746
v 5.37975067 13.81678009 33.13115984
v 5.37975067 14.31920838 22.03872746
v 5.37975067 14.31920838 32.62695837
v 5.37975067 14.82163668 21.53452599
v 5.37975067 14.82163668 32.12275690
v 5.37975067 15.32406497 21.53452599
v 5.37975067 15.32406497 32.12275690
v 5.37975067 15.82649326 21.53452599
v 5.37975067 15.82649326 31.61855543
v 5.37975067 16.32892156 21.03032452
v 5.37975067 16.32892156 31.11435395
v 5.37975067 16.83134985 21.03032452
v 5.37975067 16.83134985 30.61015248
v 5.37975067 17.33377814 21.03032452
v 5.37975067 17.33377814 30.10595101
v 5.37975067 17.83620644 21.03032452
v 5.37975067 17.83620644 30.10595101
v 5.37975067 18.33863473 21.03032452
v 5.37975067 18.33863473 29.60174954
v 5.37975067 18.84106302 21.03032452
v 5.37975067 18.84106302 29.09754807
v 5.37975067 19.34349132 21.03032452
v 5.37975067 19.34349132 28.59334660
v 5.37975067 19.84591961 21.53452599
v 5.37975067 19.84591961 28.08914512
v 5.37975067 20.34834790 22.03872746
v 5.37975067 20.34834790 27.58494365
v 5.37975067 20.85077620 22.54292893
v 5.37975067 20.85077620 27.08074218
v 5.37975067 21.35320449 23.04713041
v 5.37975067 21.35320449 26.57654071
v 5.37975067 21.85563278 23.55133188
v 5.37975067 21.85563278 24.05553335
v 5.37975067 21.85563278 25.56813776
v 5.37975067 21.85563278 26.07233924
v 5.37975067 22.35806108 24.55973482
v 5.37975067 22.35806108 25.06393629
v 5.88040364 -5.77792335 31.61855543
v 5.88040364 -6.28035164 32.12275690
v 5.88040364 -6.28035164 32.62695837
v 5.88040364 -6.28035164 33.13115984
v 5.88040364 -6.28035164 33.63536131
v 5.88040364 -6.28035164 34.13956279
v 5.88040364 -6.28035164 34.64376426
v 5.88040364 -5.77792335 35.14796573
v 5.88040364 -5.27549505 30.61015248
v 5.88040364 -5.77792335 31.11435395
v 5.88040364 -5.27549505 35.65216720
v 5.88040364 -4.77306676 29.60174954
v 5.88040364 -5.27549505 30.10595101
v 5.88040364 -4.77306676 36.15636867
v 5.88040364 -4.27063847 29.09754807
v 5.88040364 -4.27063847 36.15636867
v 5.88040364 -3.76821017 28.59334660
v 5.88040364 -3.76821017 36.66057014
v 5.88040364 -3.26578188 28.08914512
v 5.88040364 -3.26578188 36.66057014
v 5.88040364 -2.76335359 27.58494365
v 5.88040364 -2.76335359 36.66057014
v 5.88040364 -2.26092529 27.58494365
v 5.88040364 -2.26092529 36.66057014
v 5.88040364 -1.75849700 27.08074218
v 5.88040364 -1.75849700 36.66057014
v 5.88040364 -1.25606871 27.08074218
v 5.88040364 -1.25606871 36.66057014
v 5.88040364 -0.75364041 26.57654071
v 5.88040364 -0.75364041 37.16477162
v 5.88040364 -0.25121212 26.57654071
v 5.88040364 -0.25121212 37.16477162
v 5.88040364 0.25121617 26.07233924
v 5.88040364 0.25121617 37.16477162
v 5.88040364 0.75364447 26.07233924
v 5.88040364 0.75364447 37.16477162
v 5.88040364 1.25607276 26.07233924
v 5.88040364 1.25607276 37.16477162
v 5.88040364 1.75850105 25.56813776
v 5.88040364 1.75850105 37.16477162
v 5.88040364 2.26092935 25.56813776
v 5.88040364 2.26092935 37.16477162
v 5.88040364 2.76335764 25.56813776
v 5.88040364 2.76335764 37.16477162
v 5.88040364 3.26578593 25.56813776
v 5.88040364 3.26578593 37.16477162
v 5.88040364 3.76821423 25.06393629
v 5.88040364 3.76821423 37.16477162
v 5.88040364 4.27064252 25.06393629
v 5.88040364 4.27064252 37.16477162
v 5.88040364 4.77307081 25.06393629
v 5.88040364 4.77307081 36.66057014
v 5.88040364 5.27549911 24.55973482
v 5.88040364 5.27549911 36.66057014
v 5.88040364 5.77792740 24.55973482
v 5.88040364 5.77792740 36.66057014
v 5.88040364 6.28035569 24.55973482
v 5.88040364 6.28035569 36.15636867
v 5.88040364 6.78278399 24.05553335
v 5.88040364 6.78278399 36.15636867
v 5.88040364 7.28521228 24.05553335
v 5.88040364 7.28521228 35.65216720
v 5.88040364 7.78764057 24.05553335
v 5.88040364 7.78764057 35.14796573
v 5.88040364 8.29006886 24.05553335
v 5.88040364 8.29006886 35.14796573
v 5.88040364 8.79249716 23.55133188
v 5.88040364 8.79249716 34.64376426
v 5.88040364 9.29492545 23.55133188
v 5.88040364 9.29492545 34.64376426
v 5.88040364 9.79735374 23.55133188
v 5.88040364 9.79735374 34.13956279
v 5.88040364 10.29978204 23.55133188
v 5.88040364 10.29978204 34.13956279
v 5.88040364 10.80221033 23.55133188
v 5.88040364 10.80221033 33.63536131
v 5.88040364 11.30463862 23.04713041
v 5.88040364 11.30463862 33.63536131
v 5.88040364 11.80706692 23.04713041
v 5.88040364 11.80706692 33.13115984
v 5.88040364 12.30949521 23.04713041
v 5.88040364 12.30949521 33.13115984
v 5.88040364 12.81192350 23.04713041
v 5.88040364 12.81192350 33.13115984
v 5.88040364 13.31435180 22.54292893
v 5.88040364 13.31435180 32.62695837
v 5.88040364 13.81678009 22.54292893
v 5.88040364 13.81678009 32.62695837
v 5.88040364 14.31920838 22.03872746
v 5.88040364 14.31920838 32.12275690
v 5.88040364 14.82163668 22.03872746
v 5.88040364 14.82163668 31.61855543
v 5.88040364 15.32406497 21.53452599
v 5.88040364 15.32406497 31.61855543
v 5.88040364 15.82649326 21.53452599
v 5.88040364 15.82649326 31.11435395
v 5.88040364 16.32892156 21.53452599
v 5.88040364 16.32892156 30.61015248
v 5.88040364 16.83134985 21.03032452
v 5.88040364 16.83134985 30.10595101
v 5.88040364 17.33377814 21.03032452
v 5.88040364 17.33377814 30.10595101
v 5.88040364 17.83620644 21.03032452
v 5.88040364 17.83620644 29.60174954
v 5.88040364 18.33863473 21.03032452
v 5.88040364 18.33863473 29.09754807
v 5.88040364 18.84106302 21.03032452
v 5.88040364 18.84106302 28.59334660
v 5.88040364 19.34349132 21.53452599
v 5.88040364 19.34349132 28.08914512
v 5.88040364 19.84591961 21.53452599
v 5.88040364 19.84591961 28.08914512
v 5.88040364 20.34834790 22.03872746
v 5.88040364 20.34834790 27.58494365
v 5.88040364 20.85077620 22.54292893
v 5.88040364 20.85077620 27.08074218
v 5.88040364 21.35320449 23.04713041
v 5.88040364 21.35320449 26.57654071
v 5.88040364 21.85563278 23.55133188
v 5.88040364 21.85563278 24.05553335
v 5.88040364 21.85563278 24.55973482
v 5.88040364 21.85563278 25.06393629
v 5.88040364 21.85563278 25.56813776
v 5.88040364 21.85563278 26.07233924
v 6.38105661 -5.77792335 31.61855543
v 6.38105661 -6.28035164 32.12275690
v 6.38105661 -6.28035164 32.62695837
v 6.38105661 -6.28035164 33.13115984
v 6.38105661 -6.28035164 33.63536131
v 6.38105661 -6.28035164 34.13956279
v 6.38105661 -6.28035164 34.64376426
v 6.38105661 -5.77792335 35.14796573
v 6.38105661 -5.27549505 30.61015248
v 6.38105661 -5.77792335 31.11435395
v 6.38105661 -5.27549505 35.65216720
v 6.38105661 -4.77306676 29.60174954
v 6.38105661 -5.27549505 30.10595101
v 6.38105661 -4.77306676 36.15636867
v 6.38105661 -4.27063847 29.09754807
v 6.38105661 -4.27063847 36.66057014
v 6.38105661 -3.76821017 28.59334660
v 6.38105661 -3.76821017 36.66057014
v 6.38105661 -3.26578188 28.08914512
v 6.38105661 -3.26578188 36.66057014
v 6.38105661 -2.76335359 28.08914512
v 6.38105661 -2.76335359 36.66057014
v 6.38105661 -2.26092529 27.58494365
v 6.38105661 -2.26092529 36.66057014
v 6.38105661 -1.75849700 27.08074218
v 6.38105661 -1.75849700 37.16477162
v 6.38105661 -1.25606871 27.08074218
v 6.38105661 -1.25606871 37.16477162
v 6.38105661 -0.75364041 26.57654071
v 6.38105661 -0.75364041 37.16477162
v 6.38105661 -0.25121212 26.57654071
v 6.38105661 -0.25121212 37.16477162
v 6.38105661 0.25121617 26.07233924
v 6.38105661 0.25121617 37.16477162
v 6.38105661 0.75364447 26.07233924
v 6.38105661 0.75364447 37.16477162
v 6.38105661 1.25607276 26.07233924
v 6.38105661 1.25607276 37.16477162
v 6.38105661 1.75850105 26.07233924
v 6.38105661 1.75850105 37.16477162
v 6.38105661 2.26092935 25.56813776
v 6.38105661 2.26092935 37.16477162
v 6.38105661 2.76335764 25.56813776
v 6.38105661 2.76335764 37.16477162
v 6.38105661 3.26578593 25.56813776
v 6.38105661 3.26578593 37.16477162
v 6.38105661 3.76821423 25.56813776
v 6.38105661 3.76821423 37.16477162
v 6.38105661 4.27064252 25.06393629
v 6.38105661 4.27064252 36.66057014
v 6.38105661 4.77307081 25.06393629
v 6.38105661 4.77307081 36.66057014
v 6.38105661 5.27549911 25.06393629
v 6.38105661 5.27549911 36.66057014
v 6.38105661 5.77792740 24.55973482
v 6.38105661 5.77792740 36.15636867
v 6.38105661 6.28035569 24.55973482
v 6.38105661 6.28035569 36.15636867
v 6.38105661 6.78278399 24.55973482
v 6.38105661 6.78278399 35.65216720
v 6.38105661 7.28521228 24.05553335
v 6.38105661 7.28521228 35.65216720
v 6.38105661 7.78764057 24.05553335
v 6.38105661 7.78764057 35.14796573
v 6.38105661 8.29006886 24.05553335
v 6.38105661 8.29006886 34.64376426
v 6.38105661 8.79249716 24.05553335
v 6.38105661 8.79249716 34.64376426
v 6.38105661 9.29492545 24.05553335
v 6.38105661 9.29492545 34.13956279
v 6.38105661 9.79735374 23.55133188
v 6.38105661 9.79735374 34.13956279
v 6.38105661 10.29978204 23.55133188
v 6.38105661 10.29978204 33.63536131
v 6.38105661 10.80221033 23.55133188
v 6.38105661 10.80221033 33.13115984
v 6.38105661 11.30463862 23.55133188
v 6.38105661 11.30463862 33.13115984
v 6.38105661 11.80706692 23.55133188
v 6.38105661 11.80706692 33.13115984
v 6.38105661 12.30949521 23.04713041
v 6.38105661 12.30949521 32.62695837
v 6.38105661 12.81192350 23.04713041
v 6.38105661 12.81192350 32.62695837
v 6.38105661 13.31435180 23.04713041
v 6.38105661 13.31435180 32.12275690
v 6.38105661 13.81678009 22.54292893
v 6.38105661 13.81678009 32.12275690
v 6.38105661 14.31920838 22.54292893
v 6.38105661 14.31920838 31.61855543
v 6.38105661 14.82163668 22.03872746
v 6.38105661 14.82163668 31.11435395
v 6.38105661 15.32406497 22.03872746
v 6.38105661 15.32406497 31.11435395
v 6.38105661 15.82649326 22.03872746
v 6.38105661 15.82649326 30.61015248
v 6.38105661 16.32892156 21.53452599
v 6.38105661 16.32892156 30.10595101
v 6.38105661 16.83134985 21.53452599
v 6.38105661 16.83134985 30.10595101
v 6.38105661 17.33377814 21.53452599
v 6.38105661 17.33377814 29.60174954
v 6.38105661 17.83620644 21.53452599
v 6.38105661 17.83620644 29.09754807
v 6.38105661 18.33863473 21.53452599
v 6.38105661 18.33863473 28.59334660
v 6.38105661 18.84106302 21.53452599
v 6.38105661 18.84106302 28.08914512
v 6.38105661 19.34349132 21.53452599
v 6.38105661 19.34349132 28.08914512
v 6.38105661 19.84591961 22.03872746
v 6.38105661 19.84591961 27.58494365
v 6.38105661 20.34834790 22.03872746
v 6.38105661 20.34834790 27.08074218
v 6.38105661 20.85077620 22.54292893
v 6.38105661 20.85077620 26.57654071
v 6.38105661 21.35320449 23.04713041
v 6.38105661 21.35320449 23.55133188
v 6.38105661 21.35320449 25.56813776
v 6.38105661 21.35320449 26.07233924
v 6.38105661 21.85563278 24.05553335
v 6.38105661 21.85563278 24.55973482
v 6.38105661 21.85563278 25.06393629
v 6.88170958 -6.28035164 33.13115984
v 6.88170958 -6.78277993 33.63536131
v 6.88170958 -6.28035164 34.13956279
v 6.88170958 -5.77792335 31.11435395
v 6.88170958 -6.28035164 31.61855543
v 6.88170958 -6.28035164 32.12275690
v 6.88170958 -6.28035164 32.62695837
v 6.88170958 -6.28035164 34.64376426
v 6.88170958 -6.28035164 35.14796573
v 6.88170958 -5.77792335 35.65216720
v 6.88170958 -5.27549505 30.61015248
v 6.88170958 -5.27549505 36.15636867
v 6.88170958 -4.77306676 30.10595101
v 6.88170958 -4.77306676 36.66057014
v 6.88170958 -4.27063847 29.60174954
v 6.88170958 -4.27063847 36.66057014
v 6.88170958 -3.76821017 29.09754807
v 6.88170958 -3.76821017 37.16477162
v 6.88170958 -3.26578188 28.59334660
v 6.88170958 -3.26578188 37.16477162
v 6.88170958 -2.76335359 28.08914512
v 6.88170958 -2.76335359 37.16477162
v 6.88170958 -2.26092529 27.58494365
v 6.88170958 -2.26092529 37.16477162
v 6.88170958 -1.75849700 27.58494365
v 6.88170958 -1.75849700 37.16477162
v 6.88170958 -1.25606871 27.08074218
v 6.88170958 -1.25606871 37.16477162
v 6.88170958 -0.75364041 26.57654071
v 6.88170958 -0.75364041 37.16477162
v 6.88170958 -0.25121212 26.57654071
v 6.88170958 -0.25121212 37.16477162
v 6.88170958 0.25121617 26.57654071
v 6.88170958 0.25121617 37.16477162
v 6.88170958 0.75364447 26.07233924
v 6.88170958 0.75364447 37.16477162
v 6.88170958 1.25607276 26.07233924
v 6.88170958 1.25607276 37.16477162
v 6.88170958 1.75850105 26.07233924
v 6.88170958 1.75850105 37.16477162
v 6.88170958 2.26092935 26.07233924
v 6.88170958 2.26092935 37.16477162
v 6.88170958 2.76335764 25.56813776
v 6.88170958 2.76335764 37.16477162
v 6.88170958 3.26578593 25.56813776
v 6.88170958 3.26578593 36.66057014
v 6.88170958 3.76821423 25.56813776
v 6.88170958 3.76821423 36.66057014
v 6.88170958 4.27064252 25.56813776
v 6.88170958 4.27064252 36.66057014
v 6.88170958 4.77307081 25.06393629
v 6.88170958 4.77307081 36.66057014
v 6.88170958 5.27549911 25.06393629
v 6.88170958 5.27549911 36.15636867
v 6.88170958 5.77792740 25.06393629
v 6.88170958 5.77792740 36.15636867
v 6.88170958 6.28035569 24.55973482
v 6.88170958 6.28035569 35.65216720
v 6.88170958 6.78278399 24.55973482
v 6.88170958 6.78278399 35.65216720
v 6.88170958 7.28521228 24.55973482
v 6.88170958 7.28521228 35.14796573
v 6.88170958 7.78764057 24.55973482
v 6.88170958 7.78764057 34.64376426
v 6.88170958 8.29006886 24.05553335
v 6.88170958 8.29006886 34.64376426
v 6.88170958 8.79249716 24.05553335
v 6.88170958 8.79249716 34.13956279
v 6.88170958 9.29492545 24.05553335
v 6.88170958 9.29492545 33.63536131
v 6.88170958 9.79735374 24.05553335
v 6.88170958 9.79735374 33.63536131
v 6.88170958 10.29978204 24.05553335
v 6.88170958 10.29978204 33.13115984
v 6.88170958 10.80221033 24.05553335
v 6.88170958 10.80221033 33.13115984
v 6.88170958 11.30463862 23.55133188
v 6.88170958 11.30463862 32.62695837
v 6.88170958 11.80706692 23.55133188
v 6.88170958 11.80706692 32.62695837
v 6.88170958 12.30949521 23.55133188
v 6.88170958 12.30949521 32.12275690
v 6.88170958 12.81192350 23.55133188
v 6.88170958 12.81192350 32.12275690
v 6.88170958 13.31435180 23.04713041
v 6.88170958 13.31435180 31.61855543
v 6.88170958 13.81678009 23.04713041
v 6.88170958 13.81678009 31.61855543
v 6.88170958 14.31920838 23.04713041
v 6.88170958 14.31920838 31.11435395
v 6.88170958 14.82163668 22.54292893
v 6.88170958 14.82163668 30.61015248
v 6.88170958 15.32406497 22.54292893
v 6.88170958 15.32406497 30.61015248
v 6.88170958 15.82649326 22.03872746
v 6.88170958 15.82649326 30.10595101
v 6.88170958 16.32892156 22.03872746
v 6.88170958 16.32892156 29.60174954
v 6.88170958 16.83134985 22.03872746
v 6.88170958 16.83134985 29.60174954
v 6.88170958 17.33377814 22.03872746
v 6.88170958 17.33377814 29.09754807
v 6.88170958 17.83620644 22.03872746
v 6.88170958 17.83620644 28.59334660
v 6.88170958 18.33863473 22.03872746
v 6.88170958 18.33863473 28.08914512
v 6.88170958 18.84106302 22.03872746
v 6.88170958 18.84106302 28.08914512
v 6.88170958 19.34349132 22.03872746
v 6.88170958 19.34349132 27.58494365
v 6.88170958 19.84591961 22.03872746
v 6.88170958 19.84591961 27.08074218
v 6.88170958 20.34834790 22.54292893
v 6.88170958 20.34834790 26.57654071
v 6.88170958 20.85077620 23.04713041
v 6.88170958 20.85077620 23.55133188
v 6.88170958 20.85077620 26.07233924
v 6.88170958 21.35320449 24.05553335
v 6.88170958 21.35320449 24.55973482
v 6.88170958 21.35320449 25.06393629
v 6.88170958 21.35320449 25.56813776
v 7.38236254 -6.28035164 32.62695837
v 7.38236254 -6.78277993 33.13115984
v 7.38236254 -6.78277993 33.63536131
v 7.38236254 -6.78277993 34.13956279
v 7.38236254 -6.78277993 34.64376426
v 7.38236254 -6.28035164 35.14796573
v 7.38236254 -5.77792335 31.11435395
v 7.38236254 -6.28035164 31.61855543
v 7.38236254 -6.28035164 32.12275690
v 7.38236254 -6.28035164 35.65216720
v 7.38236254 -5.77792335 36.15636867
v 7.38236254 -5.27549505 30.61015248
v 7.38236254 -5.27549505 36.66057014
v 7.38236254 -4.77306676 30.10595101
v 7.38236254 -4.77306676 36.66057014
v 7.38236254 -4.27063847 29.60174954
v 7.38236254 -4.27063847 37.16477162
v 7.38236254 -3.76821017 29.09754807
v 7.38236254 -3.76821017 37.16477162
v 7.38236254 -3.26578188 28.59334660
v 7.38236254 -3.26578188 37.16477162
v 7.38236254 -2.76335359 28.08914512
v 7.38236254 -2.76335359 37.16477162
v 7.38236254 -2.26092529 28.08914512
v 7.38236254 -2.26092529 37.16477162
v 7.38236254 -1.75849700 27.58494365
v 7.38236254 -1.75849700 37.16477162
v 7.38236254 -1.25606871 27.08074218
v 7.38236254 -1.25606871 37.16477162
v 7.38236254 -0.75364041 27.08074218
v 7.38236254 -0.75364041 37.16477162
v 7.38236254 -0.25121212 26.57654071
v 7.38236254 -0.25121212 37.16477162
v 7.38236254 0.25121617 26.57654071
v 7.38236254 0.25121617 37.16477162
v 7.38236254 0.75364447 26.57654071
v 7.38236254 0.75364447 37.16477162
v 7.38236254 1.25607276 26.07233924
v 7.38236254 1.25607276 37.16477162
v 7.38236254 1.75850105 26.07233924
v 7.38236254 1.75850105 37.16477162
v 7.38236254 2.26092935 26.07233924
v 7.38236254 2.26092935 36.66057014
v 7.38236254 2.76335764 26.07233924
v 7.38236254 2.76335764 36.66057014
v 7.38236254 3.26578593 25.56813776
v 7.38236254 3.26578593 36.66057014
v 7.38236254 3.76821423 25.56813776
v 7.38236254 3.76821423 36.66057014
v 7.38236254 4.27064252 25.56813776
v 7.38236254 4.27064252 36.66057014
v 7.38236254 4.77307081 25.56813776
v 7.38236254 4.77307081 36.15636867
v 7.38236254 5.27549911 25.06393629
v 7.38236254 5.27549911 36.15636867
v 7.38236254 5.77792740 25.06393629
v 7.38236254 5.77792740 35.65216720
v 7.38236254 6.28035569 25.06393629
v 7.38236254 6.28035569 35.65216720
v 7.38236254 6.78278399 25.06393629
v 7.38236254 6.78278399 35.14796573
v 7.38236254 7.28521228 24.55973482
v 7.38236254 7.28521228 34.64376426
v 7.38236254 7.78764057 24.55973482
v 7.38236254 7.78764057 34.64376426
v 7.38236254 8.29006886 24.55973482
v 7.38236254 8.29006886 34.13956279
v 7.38236254 8.79249716 24.55973482
v 7.38236254 8.79249716 33.63536131
v 7.38236254 9.29492545 24.55973482
v 7.38236254 9.29492545 33.63536131
v 7.38236254 9.79735374 24.05553335
v 7.38236254 9.79735374 33.13115984
v 7.38236254 10.29978204 24.05553335
v 7.38236254 10.29978204 32.62695837
v 7.38236254 10.80221033 24.05553335
v 7.38236254 10.80221033 32.62695837
v 7.38236254 11.30463862 24.05553335
v 7.38236254 11.30463862 32.12275690
v 7.38236254 11.80706692 24.05553335
v 7.38236254 11.80706692 32.12275690
v 7.38236254 12.30949521 24.05553335
v 7.38236254 12.30949521 31.61855543
v 7.38236254 12.81192350 23.55133188
v 7.38236254 12.81192350 31.61855543
v 7.38236254 13.31435180 23.55133188
v 7.38236254 13.31435180 31.11435395
v 7.38236254 13.81678009 23.55133188
v 7.38236254 13.81678009 31.11435395
v 7.38236254 14.31920838 23.55133188
v 7.38236254 14.31920838 30.61015248
v 7.38236254 14.82163668 23.04713041
v 7.38236254 14.82163668 30.10595101
v 7.38236254 15.32406497 23.04713041
v 7.38236254 15.32406497 30.10595101
v 7.38236254 15.82649326 22.54292893
v 7.38236254 15.82649326 29.60174954
v 7.38236254 16.32892156 22.54292893
v 7.38236254 16.32892156 29.09754807
v 7.38236254 16.83134985 22.54292893
v 7.38236254 16.83134985 29.09754807
v 7.38236254 17.33377814 22.54292893
v 7.38236254 17.33377814 28.59334660
v 7.38236254 17.83620644 22.03872746
v 7.38236254 17.83620644 28.08914512
v 7.38236254 18.33863473 22.54292893
v 7.38236254 18.33863473 27.58494365
v 7.38236254 18.84106302 22.54292893
v 7.38236254 18.84106302 27.58494365
v 7.38236254 19.34349132 22.54292893
v 7.38236254 19.34349132 27.08074218
v 7.38236254 19.84591961 22.54292893
v 7.38236254 19.84591961 26.57654071
v 7.38236254 20.34834790 23.04713041
v 7.38236254 20.34834790 23.55133188
v 7.38236254 20.34834790 26.07233924
v 7.38236254 20.85077620 24.05553335
v 7.38236254 20.85077620 24.55973482
v 7.38236254 20.85077620 25.06393629
v 7.38236254 20.85077620 25.56813776
v 7.88301551 -6.28035164 32.12275690
v 7.88301551 -6.78277993 32.62695837
v 7.88301551 -6.78277993 33.13115984
v 7.88301551 -6.78277993 33.63536131
v 7.88301551 -6.78277993 34.13956279
v 7.88301551 -6.78277993 34.64376426
v 7.88301551 -6.78277993 35.14796573
v 7.88301551 -6.28035164 35.65216720
v 7.88301551 -5.77792335 31.11435395
v 7.88301551 -6.28035164 31.61855543
v 7.88301551 -5.77792335 36.15636867
v 7.88301551 -5.27549505 30.61015248
v 7.88301551 -5.27549505 36.66057014
v 7.88301551 -4.77306676 30.10595101
v 7.88301551 -4.77306676 37.16477162
v 7.88301551 -4.27063847 29.60174954
v 7.88301551 -4.27063847 37.16477162
v 7.88301551 -3.76821017 29.09754807
v 7.88301551 -3.76821017 37.16477162
v 7.88301551 -3.26578188 28.59334660
v 7.88301551 -3.26578188 37.16477162
v 7.88301551 -2.76335359 28.59334660
v 7.88301551 -2.76335359 37.16477162
v 7.88301551 -2.26092529 28.08914512
v 7.88301551 -2.26092529 37.16477162
v 7.88301551 -1.75849700 27.58494365
v 7.88301551 -1.75849700 37.16477162
v 7.88301551 -1.25606871 27.58494365
v 7.88301551 -1.25606871 37.16477162
v 7.88301551 -0.75364041 27.08074218
v 7.88301551 -0.75364041 37.16477162
v 7.88301551 -0.25121212 27.08074218
v 7.88301551 -0.25121212 37.16477162
v 7.88301551 0.25121617 26.57654071
v 7.88301551 0.25121617 37.16477162
v 7.88301551 0.75364447 26.57654071
v 7.88301551 0.75364447 37.16477162
v 7.88301551 1.25607276 26.57654071
v 7.88301551 1.25607276 36.66057014
v 7.88301551 1.75850105 26.07233924
v 7.88301551 1.75850105 36.66057014
v 7.88301551 2.26092935 26.07233924
v 7.88301551 2.26092935 36.66057014
v 7.88301551 2.76335764 26.07233924
v 7.88301551 2.76335764 36.66057014
v 7.88301551 3.26578593 26.07233924
v 7.88301551 3.26578593 36.66057014
v 7.88301551 3.76821423 26.07233924
v 7.88301551 3.76821423 36.66057014
v 7.88301551 4.27064252 25.56813776
v 7.88301551 4.27064252 36.15636867
v 7.88301551 4.77307081 25.56813776
v 7.88301551 4.77307081 36.15636867
v 7.88301551 5.27549911 25.56813776
v 7.88301551 5.27549911 35.65216720
v 7.88301551 5.77792740 25.56813776
v 7.88301551 5.77792740 35.65216720
v 7.88301551 6.28035569 25.06393629
v 7.88301551 6.28035569 35.14796573
v 7.88301551 6.78278399 25.06393629
v 7.88301551 6.78278399 34.64376426
v 7.88301551 7.28521228 25.06393629
v 7.88301551 7.28521228 34.64376426
v 7.88301551 7.78764057 25.06393629
v 7.88301551 7.78764057 34.13956279
v 7.88301551 8.29006886 25.06393629
v 7.88301551 8.29006886 33.63536131
v 7.88301551 8.79249716 25.06393629
v 7.88301551 8.79249716 33.13115984
v 7.88301551 9.29492545 24.55973482
v 7.88301551 9.29492545 33.13115984
v 7.88301551 9.79735374 24.55973482
v 7.88301551 9.79735374 32.62695837
v 7.88301551 10.29978204 24.55973482
v 7.88301551 10.29978204 32.12275690
v 7.88301551 10.80221033 24.55973482
v 7.88301551 10.80221033 32.12275690
v 7.88301551 11.30463862 24.55973482
v 7.88301551 11.30463862 31.61855543
v 7.88301551 11.80706692 24.55973482
v 7.88301551 11.80706692 31.61855543
v 7.88301551 12.30949521 24.55973482
v 7.88301551 12.30949521 31.11435395
v 7.88301551 12.81192350 24.05553335
v 7.88301551 12.81192350 31.11435395
v 7.88301551 13.31435180 24.05553335
v 7.88301551 13.31435180 30.61015248
v 7.88301551 13.81678009 24.05553335
v 7.88301551 13.81678009 30.10595101
v 7.88301551 13.81678009 30.61015248
v 7.88301551 14.31920838 24.05553335
v 7.88301551 14.31920838 30.10595101
v 7.88301551 14.82163668 23.55133188
v 7.88301551 14.82163668 29.60174954
v 7.88301551 15.32406497 23.55133188
v 7.88301551 15.32406497 29.09754807
v 7.88301551 15.32406497 29.60174954
v 7.88301551 15.82649326 23.04713041
v 7.88301551 15.82649326 29.09754807
v 7.88301551 16.32892156 23.04713041
v 7.88301551 16.32892156 28.59334660
v 7.88301551 16.83134985 23.04713041
v 7.88301551 16.83134985 28.08914512
v 7.88301551 16.83134985 28.59334660
v 7.88301551 17.33377814 23.04713041
v 7.88301551 17.33377814 28.08914512
v 7.88301551 17.83620644 22.54292893
v 7.88301551 17.83620644 27.58494365
v 7.88301551 18.33863473 23.04713041
v 7.88301551 18.33863473 27.08074218
v 7.88301551 18.84106302 23.04713041
v 7.88301551 18.84106302 27.08074218
v 7.88301551 19.34349132 23.04713041
v 7.88301551 19.34349132 26.57654071
v 7.88301551 19.84591961 23.04713041
v 7.88301551 19.84591961 23.55133188
v 7.88301551 19.84591961 25.56813776
v 7.88301551 19.84591961 26.07233924
v 7.88301551 20.34834790 24.05553335
v 7.88301551 20.34834790 24.55973482
v 7.88301551 20.34834790 25.06393629
v 7.88301551 20.34834790 25.56813776
v 8.38366848 -6.28035164 32.12275690
v 8.38366848 -6.78277993 32.62695837
v 8.38366848 -6.78277993 33.13115984
v 8.38366848 -6.78277993 33.63536131
v 8.38366848 -6.78277993 34.13956279
v 8.38366848 -6.78277993 34.64376426
v 8.38366848 -6.78277993 35.14796573
v 8.38366848 -6.78277993 35.65216720
v 8.38366848 -6.28035164 36.15636867
v 8.38366848 -5.77792335 31.61855543
v 8.38366848 -5.77792335 36.66057014
v 8.38366848 -5.27549505 30.61015248
v 8.38366848 -5.77792335 31.11435395
v 8.38366848 -5.27549505 37.16477162
v 8.38366848 -4.77306676 30.10595101
v 8.38366848 -4.77306676 37.16477162
v 8.38366848 -4.27063847 29.60174954
v 8.38366848 -4.27063847 37.16477162
v 8.38366848 -3.76821017 29.60174954
v 8.38366848 -3.76821017 37.66897309
v 8.38366848 -3.26578188 29.09754807
v 8.38366848 -3.26578188 37.66897309
v 8.38366848 -2.76335359 28.59334660
v 8.38366848 -2.76335359 37.66897309
v 8.38366848 -2.26092529 28.08914512
v 8.38366848 -2.26092529 37.16477162
v 8.38366848 -1.75849700 28.08914512
v 8.38366848 -1.75849700 37.16477162
v 8.38366848 -1.25606871 27.58494365
v 8.38366848 -1.25606871 37.16477162
v 8.38366848 -0.75364041 27.58494365
v 8.38366848 -0.75364041 37.16477162
v 8.38366848 -0.25121212 27.08074218
v 8.38366848 -0.25121212 37.16477162
v 8.38366848 0.25121617 27.08074218
v 8.38366848 0.25121617 37.16477162
v 8.38366848 0.75364447 26.57654071
v 8.38366848 0.75364447 36.66057014
v 8.38366848 1.25607276 26.57654071
v 8.38366848 1.25607276 36.66057014
v 8.38366848 1.75850105 26.57654071
v 8.38366848 1.75850105 36.66057014
v 8.38366848 2.26092935 26.57654071
v 8.38366848 2.26092935 36.66057014
v 8.38366848 2.76335764 26.07233924
v 8.38366848 2.76335764 36.66057014
v 8.38366848 3.26578593 26.07233924
v 8.38366848 3.26578593 36.15636867
v 8.38366848 3.76821423 26.07233924
v 8.38366848 3.76821423 36.15636867
v 8.38366848 4.27064252 26.07233924
v 8.38366848 4.27064252 36.15636867
v 8.38366848 4.77307081 26.07233924
v 8.38366848 4.77307081 35.65216720
v 8.38366848 5.27549911 25.56813776
v 8.38366848 5.27549911 35.65216720
v 8.38366848 5.77792740 25.56813776
v 8.38366848 5.77792740 35.14796573
v 8.38366848 6.28035569 25.56813776
v 8.38366848 6.28035569 34.64376426
v 8.38366848 6.78278399 25.56813776
v 8.38366848 6.78278399 34.64376426
v 8.38366848 7.28521228 25.56813776
v 8.38366848 7.28521228 34.13956279
v 8.38366848 7.78764057 25.56813776
v 8.38366848 7.78764057 33.63536131
v 8.38366848 8.29006886 25.56813776
v 8.38366848 8.29006886 33.13115984
v 8.38366848 8.79249716 25.56813776
v 8.38366848 8.79249716 32.62695837
v 8.38366848 9.29492545 25.06393629
v 8.38366848 9.29492545 32.62695837
v 8.38366848 9.79735374 25.06393629
v 8.38366848 9.79735374 32.12275690
v 8.38366848 10.29978204 25.06393629
v 8.38366848 10.29978204 31.61855543
v 8.38366848 10.80221033 25.06393629
v 8.38366848 10.80221033 31.61855543
v 8.38366848 11.30463862 25.06393629
v 8.38366848 11.30463862 31.11435395
v 8.38366848 11.80706692 25.06393629
v 8.38366848 11.80706692 30.61015248
v 8.38366848 11.80706692 31.11435395
v 8.38366848 12.30949521 25.06393629
v 8.38366848 12.30949521 30.61015248
v 8.38366848 12.81192350 24.55973482
v 8.38366848 12.81192350 25.06393629
v 8.38366848 12.81192350 30.10595101
v 8.38366848 12.81192350 30.61015248
v 8.38366848 13.31435180 24.55973482
v 8.38366848 13.31435180 29.60174954
v 8.38366848 13.31435180 30.10595101
v 8.38366848 13.81678009 24.55973482
v 8.38366848 13.81678009 29.60174954
v 8.38366848 14.31920838 24.55973482
v 8.38366848 14.31920838 29.09754807
v 8.38366848 14.31920838 29.60174954
v 8.38366848 14.82163668 24.05553335
v 8.38366848 14.82163668 28.59334660
v 8.38366848 14.82163668 29.09754807
v 8.38366848 15.32406497 24.05553335
v 8.38366848 15.32406497 28.59334660
v 8.38366848 15.82649326 23.55133188
v 8.38366848 15.82649326 24.05553335
v 8.38366848 15.82649326 28.08914512
v 8.38366848 15.82649326 28.59334660
v 8.38366848 16.32892156 23.55133188
v 8.38366848 16.32892156 24.05553335
v 8.38366848 16.32892156 27.58494365
v 8.38366848 16.32892156 28.08914512
v 8.38366848 16.83134985 23.55133188
v 8.38366848 16.83134985 27.58494365
v 8.38366848 17.33377814 23.55133188
v 8.38366848 17.33377814 27.08074218
v 8.38366848 17.33377814 27.58494365
v 8.38366848 17.83620644 23.04713041
v 8.38366848 17.83620644 23.55133188
v 8.38366848 17.83620644 26.57654071
v 8.38366848 17.83620644 27.08074218
v 8.38366848 18.33863473 23.55133188
v 8.38366848 18.33863473 26.07233924
v 8.38366848 18.33863473 26.57654071
v 8.38366848 18.84106302 23.55133188
v 8.38366848 18.84106302 24.05553335
v 8.38366848 18.84106302 25.56813776
v 8.38366848 18.84106302 26.07233924
v 8.38366848 18.84106302 26.57654071
v 8.38366848 19.34349132 23.55133188
v 8.38366848 19.34349132 24.05553335
v 8.38366848 19.34349132 24.55973482
v 8.38366848 19.34349132 25.06393629
v 8.38366848 19.34349132 25.56813776
v 8.38366848 19.34349132 26.07233924
v 8.38366848 19.84591961 24.05553335
v 8.38366848 19.84591961 24.55973482
v 8.38366848 19.84591961 25.06393629
v 8.88432145 -6.78277993 33.63536131
v 8.88432145 -7.28520823 34.13956279
v 8.88432145 -7.28520823 34.64376426
v 8.88432145 -6.78277993 35.14796573
v 8.88432145 -6.28035164 32.12275690
v 8.88432145 -6.78277993 32.62695837
v 8.88432145 -6.78277993 33.13115984
v 8.88432145 -6.78277993 35.65216720
v 8.88432145 -6.28035164 36.15636867
v 8.88432145 -5.77792335 31.61855543
v 8.88432145 -5.77792335 36.66057014
v 8.88432145 -5.27549505 31.11435395
v 8.88432145 -5.27549505 37.16477162
v 8.88432145 -4.77306676 30.61015248
v 8.88432145 -4.77306676 37.16477162
v 8.88432145 -4.27063847 30.10595101
v 8.88432145 -4.27063847 37.66897309
v 8.88432145 -3.76821017 29.60174954
v 8.88432145 -3.76821017 37.66897309
v 8.88432145 -3.26578188 29.09754807
v 8.88432145 -3.26578188 37.66897309
v 8.88432145 -2.76335359 29.09754807
v 8.88432145 -2.76335359 37.66897309
v 8.88432145 -2.26092529 28.59334660
v 8.88432145 -2.26092529 37.66897309
v 8.88432145 -1.75849700 28.08914512
v 8.88432145 -1.75849700 37.16477162
v 8.88432145 -1.25606871 28.08914512
v 8.88432145 -1.25606871 37.16477162
v 8.88432145 -0.75364041 27.58494365
v 8.88432145 -0.75364041 37.16477162
v 8.88432145 -0.25121212 27.58494365
v 8.88432145 -0.25121212 37.16477162
v 8.88432145 0.25121617 27.08074218
v 8.88432145 0.25121617 36.66057014
v 8.88432145 0.75364447 27.08074218
v 8.88432145 0.75364447 36.66057014
v 8.88432145 1.25607276 27.08074218
v 8.88432145 1.25607276 36.66057014
v 8.88432145 1.75850105 26.57654071
v 8.88432145 1.75850105 36.66057014
v 8.88432145 2.26092935 26.57654071
v 8.88432145 2.26092935 36.66057014
v 8.88432145 2.76335764 26.57654071
v 8.88432145 2.76335764 36.15636867
v 8.88432145 3.26578593 26.57654071
v 8.88432145 3.26578593 36.15636867
v 8.88432145 3.76821423 26.57654071
v 8.88432145 3.76821423 36.15636867
v 8.88432145 4.27064252 26.07233924
v 8.88432145 4.27064252 35.65216720
v 8.88432145 4.77307081 26.07233924
v 8.88432145 4.77307081 35.65216720
v 8.88432145 5.27549911 26.07233924
v 8.88432145 5.27549911 35.14796573
v 8.88432145 5.77792740 26.07233924
v 8.88432145 5.77792740 34.64376426
v 8.88432145 6.28035569 26.07233924
v 8.88432145 6.28035569 34.13956279
v 8.88432145 6.78278399 26.07233924
v 8.88432145 6.78278399 34.13956279
v 8.88432145 7.28521228 26.07233924
v 8.88432145 7.28521228 33.63536131
v 8.88432145 7.78764057 26.07233924
v 8.88432145 7.78764057 33.13115984
v 8.88432145 8.29006886 26.07233924
v 8.88432145 8.29006886 32.62695837
v 8.88432145 8.79249716 26.07233924
v 8.88432145 8.79249716 32.12275690
v 8.88432145 9.29492545 25.56813776
v 8.88432145 9.29492545 26.07233924
v 8.88432145 9.29492545 31.61855543
v 8.88432145 9.29492545 32.12275690
v 8.88432145 9.79735374 25.56813776
v 8.88432145 9.79735374 26.07233924
v 8.88432145 9.79735374 31.61855543
v 8.88432145 10.29978204 25.56813776
v 8.88432145 10.29978204 26.07233924
v 8.88432145 10.29978204 31.11435395
v 8.88432145 10.80221033 25.56813776
v 8.88432145 10.80221033 26.07233924
v 8.88432145 10.80221033 30.61015248
v 8.88432145 10.80221033 31.11435395
v 8.88432145 11.30463862 25.56813776
v 8.88432145 11.30463862 26.07233924
v 8.88432145 11.30463862 30.10595101
v 8.88432145 11.30463862 30.61015248
v 8.88432145 11.80706692 25.56813776
v 8.88432145 11.80706692 26.07233924
v 8.88432145 11.80706692 29.60174954
v 8.88432145 11.80706692 30.10595101
v 8.88432145 12.30949521 25.56813776
v 8.88432145 12.30949521 26.07233924
v 8.88432145 12.30949521 29.60174954
v 8.88432145 12.30949521 30.10595101
v 8.88432145 12.81192350 25.56813776
v 8.88432145 12.81192350 26.07233924
v 8.88432145 12.81192350 29.09754807
v 8.88432145 12.81192350 29.60174954
v 8.88432145 13.31435180 25.06393629
v 8.88432145 13.31435180 25.56813776
v 8.88432145 13.31435180 28.59334660
v 8.88432145 13.31435180 29.09754807
v 8.88432145 13.81678009 25.06393629
v 8.88432145 13.81678009 25.56813776
v 8.88432145 13.81678009 28.08914512
v 8.88432145 13.81678009 28.59334660
v 8.88432145 13.81678009 29.09754807
v 8.88432145 14.31920838 25.06393629
v 8.88432145 14.31920838 25.56813776
v 8.88432145 14.31920838 27.58494365
v 8.88432145 14.31920838 28.08914512
v 8.88432145 14.31920838 28.59334660
v 8.88432145 14.82163668 24.55973482
v 8.88432145 14.82163668 25.06393629
v 8.88432145 14.82163668 25.56813776
v 8.88432145 14.82163668 27.08074218
v 8.88432145 14.82163668 27.58494365
v 8.88432145 14.82163668 28.08914512
v 8.88432145 15.32406497 24.55973482
v 8.88432145 15.32406497 25.06393629
v 8.88432145 15.32406497 25.56813776
v 8.88432145 15.32406497 26.07233924
v 8.88432145 15.32406497 26.57654071
v 8.88432145 15.32406497 27.08074218
v 8.88432145 15.32406497 27.58494365
v 8.88432145 15.32406497 28.08914512
v 8.88432145 15.82649326 24.55973482
v 8.88432145 15.82649326 25.06393629
v 8.88432145 15.82649326 25.56813776
v 8.88432145 15.82649326 26.07233924
v 8.88432145 15.82649326 26.57654071
v 8.88432145 15.82649326 27.08074218
v 8.88432145 15.82649326 27.58494365
v 8.88432145 16.32892156 24.55973482
v 8.88432145 16.32892156 25.06393629
v 8.88432145 16.32892156 25.56813776
v 8.88432145 16.32892156 26.07233924
v 8.88432145 16.32892156 26.57654071
v 8.88432145 16.32892156 27.08074218
v 8.88432145 16.83134985 24.05553335
v 8.88432145 16.83134985 24.55973482
v 8.88432145 16.83134985 25.06393629
v 8.88432145 16.83134985 25.56813776
v 8.88432145 16.83134985 26.07233924
v 8.88432145 16.83134985 26.57654071
v 8.88432145 16.83134985 27.08074218
v 8.88432145 17.33377814 24.05553335
v 8.88432145 17.33377814 24.55973482
v 8.88432145 17.33377814 25.06393629
v 8.88432145 17.33377814 25.56813776
v 8.88432145 17.33377814 26.07233924
v 8.88432145 17.33377814 26.57654071
v 8.88432145 17.83620644 24.05553335
v 8.88432145 17.83620644 24.55973482
v 8.88432145 17.83620644 25.06393629
v 8.88432145 17.83620644 25.56813776
v 8.88432145 17.83620644 26.07233924
v 8.88432145 18.33863473 24.05553335
v 8.88432145 18.33863473 24.55973482
v 8.88432145 18.33863473 25.06393629
v 8.88432145 18.33863473 25.56813776
v 8.88432145 18.84106302 24.55973482
v 8.88432145 18.84106302 25.06393629
v 9.38497442 -6.78277993 33.63536131
v 9.38497442 -7.28520823 34.13956279
v 9.38497442 -7.28520823 34.64376426
v 9.38497442 -7.28520823 35.14796573
v 9.38497442 -7.28520823 35.65216720
v 9.38497442 -6.78277993 36.15636867
v 9.38497442 -6.28035164 32.12275690
v 9.38497442 -6.78277993 32.62695837
v 9.38497442 -6.78277993 33.13115984
v 9.38497442 -6.28035164 36.66057014
v 9.38497442 -5.77792335 31.61855543
v 9.38497442 -5.77792335 37.16477162
v 9.38497442 -5.27549505 31.11435395
v 9.38497442 -5.27549505 37.16477162
v 9.38497442 -4.77306676 30.61015248
v 9.38497442 -4.77306676 37.66897309
v 9.38497442 -4.27063847 30.10595101
v 9.38497442 -4.27063847 37.66897309
v 9.38497442 -3.76821017 29.60174954
v 9.38497442 -3.76821017 37.66897309
v 9.38497442 -3.26578188 29.60174954
v 9.38497442 -3.26578188 37.66897309
v 9.38497442 -2.76335359 29.09754807
v 9.38497442 -2.76335359 37.66897309
v 9.38497442 -2.26092529 28.59334660
v 9.38497442 -2.26092529 37.66897309
v 9.38497442 -1.75849700 28.59334660
v 9.38497442 -1.75849700 37.16477162
v 9.38497442 -1.25606871 28.08914512
v 9.38497442 -1.25606871 37.16477162
v 9.38497442 -0.75364041 28.08914512
v 9.38497442 -0.75364041 37.16477162
v 9.38497442 -0.25121212 27.58494365
v 9.38497442 -0.25121212 37.16477162
v 9.38497442 0.25121617 27.58494365
v 9.38497442 0.25121617 36.66057014
v 9.38497442 0.75364447 27.58494365
v 9.38497442 0.75364447 36.66057014
v 9.38497442 1.25607276 27.08074218
v 9.38497442 1.25607276 36.66057014
v 9.38497442 1.75850105 27.08074218
v 9.38497442 1.75850105 36.66057014
v 9.38497442 2.26092935 27.08074218
v 9.38497442 2.26092935 36.15636867
v 9.38497442 2.76335764 27.08074218
v 9.38497442 2.76335764 36.15636867
v 9.38497442 3.26578593 27.08074218
v 9.38497442 3.26578593 36.15636867
v 9.38497442 3.76821423 26.57654071
v 9.38497442 3.76821423 35.65216720
v 9.38497442 4.27064252 26.57654071
v 9.38497442 4.27064252 35.65216720
v 9.38497442 4.77307081 26.57654071
v 9.38497442 4.77307081 35.14796573
v 9.38497442 5.27549911 26.57654071
v 9.38497442 5.27549911 34.64376426
v 9.38497442 5.77792740 26.57654071
v 9.38497442 5.77792740 34.13956279
v 9.38497442 6.28035569 26.57654071
v 9.38497442 6.28035569 33.63536131
v 9.38497442 6.78278399 26.57654071
v 9.38497442 6.78278399 33.63536131
v 9.38497442 7.28521228 26.57654071
v 9.38497442 7.28521228 33.13115984
v 9.38497442 7.78764057 26.57654071
v 9.38497442 7.78764057 32.62695837
v 9.38497442 8.29006886 26.57654071
v 9.38497442 8.29006886 32.12275690
v 9.38497442 8.79249716 26.57654071
v 9.38497442 8.79249716 31.61855543
v 9.38497442 9.29492545 26.57654071
v 9.38497442 9.29492545 27.08074218
v 9.38497442 9.29492545 31.11435395
v 9.38497442 9.79735374 26.57654071
v 9.38497442 9.79735374 27.08074218
v 9.38497442 9.79735374 30.10595101
v 9.38497442 9.79735374 30.61015248
v 9.38497442 9.79735374 31.11435395
v 9.38497442 10.29978204 26.57654071
v 9.38497442 10.29978204 27.08074218
v 9.38497442 10.29978204 27.58494365
v 9.38497442 10.29978204 28.08914512
v 9.38497442 10.29978204 29.60174954
v 9.38497442 10.29978204 30.10595101
v 9.38497442 10.29978204 30.61015248
v 9.38497442 10.80221033 26.57654071
v 9.38497442 10.80221033 27.08074218
v 9.38497442 10.80221033 27.58494365
v 9.38497442 10.80221033 28.08914512
v 9.38497442 10.80221033 28.59334660
v 9.38497442 10.80221033 29.09754807
v 9.38497442 10.80221033 29.60174954
v 9.38497442 10.80221033 30.10595101
v 9.38497442 11.30463862 26.57654071
v 9.38497442 11.30463862 27.08074218
v 9.38497442 11.30463862 27.58494365
v 9.38497442 11.30463862 28.08914512
v 9.38497442 11.30463862 28.59334660
v 9.38497442 11.30463862 29.09754807
v 9.38497442 11.30463862 29.60174954
v 9.38497442 11.80706692 26.57654071
v 9.38497442 11.80706692 27.08074218
v 9.38497442 11.80706692 27.58494365
v 9.38497442 11.80706692 28.08914512
v 9.38497442 11.80706692 28.59334660
v 9.38497442 11.80706692 29.09754807
v 9.38497442 12.30949521 26.57654071
v 9.38497442 12.30949521 27.08074218
v 9.38497442 12.30949521 27.58494365
v 9.38497442 12.30949521 28.08914512
v 9.38497442 12.30949521 28.59334660
v 9.38497442 12.30949521 29.09754807
v 9.38497442 12.81192350 26.57654071
v 9.38497442 12.81192350 27.08074218
v 9.38497442 12.81192350 27.58494365
v 9.38497442 12.81192350 28.08914512
v 9.38497442 12.81192350 28.59334660
v 9.38497442 13.31435180 26.07233924
v 9.38497442 13.31435180 26.57654071
v 9.38497442 13.31435180 27.08074218
v 9.38497442 13.31435180 27.58494365
v 9.38497442 13.31435180 28.08914512
v 9.38497442 13.81678009 26.07233924
v 9.38497442 13.81678009 26.57654071
v 9.38497442 13.81678009 27.08074218
v 9.38497442 13.81678009 27.58494365
v 9.38497442 14.31920838 26.07233924
v 9.38497442 14.31920838 26.57654071
v 9.38497442 14.31920838 27.08074218
v 9.38497442 14.82163668 26.07233924
v 9.38497442 14.82163668 26.57654071
v 9.88562739 -6.78277993 33.13115984
v 9.88562739 -7.28520823 33.63536131
v 9.88562739 -7.28520823 34.13956279
v 9.88562739 -7.28520823 34.64376426
v 9.88562739 -7.28520823 35.14796573
v 9.88562739 -7.28520823 35.65216720
v 9.88562739 -6.78277993 36.15636867
v 9.88562739 -6.28035164 32.12275690
v 9.88562739 -6.78277993 32.62695837
v 9.88562739 -6.28035164 36.66057014
v 9.88562739 -5.77792335 31.61855543
v 9.88562739 -5.77792335 37.16477162
v 9.88562739 -5.27549505 31.11435395
v 9.88562739 -5.27549505 37.16477162
v 9.88562739 -4.77306676 30.61015248
v 9.88562739 -4.77306676 37.66897309
v 9.88562739 -4.27063847 30.10595101
v 9.88562739 -4.27063847 37.66897309
v 9.88562739 -3.76821017 30.10595101
v 9.88562739 -3.76821017 37.66897309
v 9.88562739 -3.26578188 29.60174954
v 9.88562739 -3.26578188 37.66897309
v 9.88562739 -2.76335359 29.09754807
v 9.88562739 -2.76335359 37.66897309
v 9.88562739 -2.26092529 29.09754807
v 9.88562739 -2.26092529 37.66897309
v 9.88562739 -1.75849700 28.59334660
v 9.88562739 -1.75849700 37.66897309
v 9.88562739 -1.25606871 28.59334660
v 9.88562739 -1.25606871 37.16477162
v 9.88562739 -0.75364041 28.08914512
v 9.88562739 -0.75364041 37.16477162
v 9.88562739 -0.25121212 28.08914512
v 9.88562739 -0.25121212 37.16477162
v 9.88562739 0.25121617 28.08914512
v 9.88562739 0.25121617 36.66057014
v 9.88562739 0.75364447 27.58494365
v 9.88562739 0.75364447 36.66057014
v 9.88562739 1.25607276 27.58494365
v 9.88562739 1.25607276 36.66057014
v 9.88562739 1.75850105 27.58494365
v 9.88562739 1.75850105 36.15636867
v 9.88562739 2.26092935 27.58494365
v 9.88562739 2.26092935 36.15636867
v 9.88562739 2.76335764 27.58494365
v 9.88562739 2.76335764 35.65216720
v 9.88562739 3.26578593 27.58494365
v 9.88562739 3.26578593 35.65216720
v 9.88562739 3.76821423 27.08074218
v 9.88562739 3.76821423 35.65216720
v 9.88562739 4.27064252 27.08074218
v 9.88562739 4.27064252 35.14796573
v 9.88562739 4.77307081 27.08074218
v 9.88562739 4.77307081 34.64376426
v 9.88562739 5.27549911 27.08074218
v 9.88562739 5.27549911 34.13956279
v 9.88562739 5.77792740 27.08074218
v 9.88562739 5.77792740 33.63536131
v 9.88562739 6.28035569 27.08074218
v 9.88562739 6.28035569 33.13115984
v 9.88562739 6.78278399 27.08074218
v 9.88562739 6.78278399 32.62695837
v 9.88562739 6.78278399 33.13115984
v 9.88562739 7.28521228 27.08074218
v 9.88562739 7.28521228 32.12275690
v 9.88562739 7.28521228 32.62695837
v 9.88562739 7.78764057 27.08074218
v 9.88562739 7.78764057 27.58494365
v 9.88562739 7.78764057 31.61855543
v 9.88562739 7.78764057 32.12275690
v 9.88562739 8.29006886 27.08074218
v 9.88562739 8.29006886 27.58494365
v 9.88562739 8.29006886 28.08914512
v 9.88562739 8.29006886 30.61015248
v 9.88562739 8.29006886 31.11435395
v 9.88562739 8.29006886 31.61855543
v 9.88562739 8.79249716 27.08074218
v 9.88562739 8.79249716 27.58494365
v 9.88562739 8.79249716 28.08914512
v 9.88562739 8.79249716 28.59334660
v 9.88562739 8.79249716 29.09754807
v 9.88562739 8.79249716 29.60174954
v 9.88562739 8.79249716 30.10595101
v 9.88562739 8.79249716 30.61015248
v 9.88562739 8.79249716 31.11435395
v 9.88562739 9.29492545 27.58494365
v 9.88562739 9.29492545 28.08914512
v 9.88562739 9.29492545 28.59334660
v 9.88562739 9.29492545 29.09754807
v 9.88562739 9.29492545 29.60174954
v 9.88562739 9.29492545 30.10595101
v 9.88562739 9.29492545 30.61015248
v 9.88562739 9.79735374 27.58494365
v 9.88562739 9.79735374 28.08914512
v 9.88562739 9.79735374 28.59334660
v 9.88562739 9.79735374 29.09754807
v 9.88562739 9.79735374 29.60174954
v 9.88562739 10.29978204 28.59334660
v 9.88562739 10.29978204 29.09754807
v 10.38628036 -6.78277993 33.13115984
v 10.38628036 -7.28520823 33.63536131
v 10.38628036 -7.28520823 34.13956279
v 10.38628036 -7.28520823 34.64376426
v 10.38628036 -7.28520823 35.14796573
v 10.38628036 -7.28520823 35.65216720
v 10.38628036 -6.78277993 36.15636867
v 10.38628036 -6.28035164 32.62695837
v 10.38628036 -6.28035164 36.66057014
v 10.38628036 -5.77792335 32.12275690
v 10.38628036 -5.77792335 37.16477162
v 10.38628036 -5.27549505 31.61855543
v 10.38628036 -5.27549505 37.66897309
v 10.38628036 -4.77306676 31.11435395
v 10.38628036 -4.77306676 37.66897309
v 10.38628036 -4.27063847 30.61015248
v 10.38628036 -4.27063847 37.66897309
v 10.38628036 -3.76821017 30.10595101
v 10.38628036 -3.76821017 37.66897309
v 10.38628036 -3.26578188 30.10595101
v 10.38628036 -3.26578188 37.66897309
v 10.38628036 -2.76335359 29.60174954
v 10.38628036 -2.76335359 37.66897309
v 10.38628036 -2.26092529 29.09754807
v 10.38628036 -2.26092529 37.66897309
v 10.38628036 -1.75849700 29.09754807
v 10.38628036 -1.75849700 37.66897309
v 10.38628036 -1.25606871 28.59334660
v 10.38628036 -1.25606871 37.16477162
v 10.38628036 -0.75364041 28.59334660
v 10.38628036 -0.75364041 37.16477162
v 10.38628036 -0.25121212 28.59334660
v 10.38628036 -0.25121212 36.66057014
v 10.38628036 0.25121617 28.59334660
v 10.38628036 0.25121617 36.66057014
v 10.38628036 0.75364447 28.08914512
v 10.38628036 0.75364447 36.66057014
v 10.38628036 1.25607276 28.08914512
v 10.38628036 1.25607276 36.15636867
v 10.38628036 1.75850105 28.08914512
v 10.38628036 1.75850105 36.15636867
v 10.38628036 2.26092935 28.08914512
v 10.38628036 2.26092935 35.65216720
v 10.38628036 2.76335764 28.08914512
v 10.38628036 2.76335764 35.65216720
v 10.38628036 3.26578593 28.08914512
v 10.38628036 3.26578593 35.14796573
v 10.38628036 3.76821423 27.58494365
v 10.38628036 3.76821423 35.14796573
v 10.38628036 4.27064252 27.58494365
v 10.38628036 4.27064252 34.64376426
v 10.38628036 4.77307081 27.58494365
v 10.38628036 4.77307081 34.13956279
v 10.38628036 5.27549911 27.58494365
v 10.38628036 5.27549911 33.63536131
v 10.38628036 5.77792740 27.58494365
v 10.38628036 5.77792740 33.13115984
v 10.38628036 6.28035569 27.58494365
v 10.38628036 6.28035569 28.08914512
v 10.38628036 6.28035569 32.62695837
v 10.38628036 6.78278399 27.58494365
v 10.38628036 6.78278399 28.08914512
v 10.38628036 6.78278399 31.61855543
v 10.38628036 6.78278399 32.12275690
v 10.38628036 7.28521228 27.58494365
v 10.38628036 7.28521228 28.08914512
v 10.38628036 7.28521228 28.59334660
v 10.38628036 7.28521228 29.09754807
v 10.38628036 7.28521228 30.61015248
v 10.38628036 7.28521228 31.11435395
v 10.38628036 7.28521228 31.61855543
v 10.38628036 7.78764057 28.08914512
v 10.38628036 7.78764057 28.59334660
v 10.38628036 7.78764057 29.09754807
v 10.38628036 7.78764057 29.60174954
v 10.38628036 7.78764057 30.10595101
v 10.38628036 7.78764057 30.61015248
v 10.38628036 7.78764057 31.11435395
v 10.38628036 8.29006886 28.59334660
v 10.38628036 8.29006886 29.09754807
v 10.38628036 8.29006886 29.60174954
v 10.38628036 8.29006886 30.10595101
v 10.88693333 -6.78277993 33.13115984
v 10.88693333 -7.28520823 33.63536131
v 10.88693333 -7.28520823 34.13956279
v 10.88693333 -7.28520823 34.64376426
v 10.88693333 -7.28520823 35.14796573
v 10.88693333 -7.28520823 35.65216720
v 10.88693333 -6.78277993 36.15636867
v 10.88693333 -6.28035164 32.62695837
v 10.88693333 -6.28035164 36.66057014
v 10.88693333 -5.77792335 32.12275690
v 10.88693333 -5.77792335 37.16477162
v 10.88693333 -5.27549505 31.61855543
v 10.88693333 -5.27549505 37.66897309
v 10.88693333 -4.77306676 31.11435395
v 10.88693333 -4.77306676 37.66897309
v 10.88693333 -4.27063847 30.61015248
v 10.88693333 -4.27063847 37.66897309
v 10.88693333 -3.76821017 30.61015248
v 10.88693333 -3.76821017 37.66897309
v 10.88693333 -3.26578188 30.10595101
v 10.88693333 -3.26578188 37.66897309
v 10.88693333 -2.76335359 30.10595101
v 10.88693333 -2.76335359 37.66897309
v 10.88693333 -2.26092529 29.60174954
v 10.88693333 -2.26092529 37.66897309
v 10.88693333 -1.75849700 29.60174954
v 10.88693333 -1.75849700 37.66897309
v 10.88693333 -1.25606871 29.09754807
v 10.88693333 -1.25606871 37.16477162
v 10.88693333 -0.75364041 29.09754807
v 10.88693333 -0.75364041 37.16477162
v 10.88693333 -0.25121212 29.09754807
v 10.88693333 -0.25121212 36.66057014
v 10.88693333 0.25121617 29.09754807
v 10.88693333 0.25121617 36.66057014
v 10.88693333 0.75364447 28.59334660
v 10.88693333 0.75364447 36.15636867
v 10.88693333 1.25607276 28.59334660
v 10.88693333 1.25607276 36.15636867
v 10.88693333 1.75850105 28.59334660
v 10.88693333 1.75850105 35.65216720
v 10.88693333 2.26092935 28.59334660
v 10.88693333 2.26092935 35.14796573
v 10.88693333 2.76335764 28.59334660
v 10.88693333 2.76335764 35.14796573
v 10.88693333 3.26578593 28.59334660
v 10.88693333 3.26578593 34.64376426
v 10.88693333 3.76821423 28.08914512
v 10.88693333 3.76821423 34.13956279
v 10.88693333 3.76821423 34.64376426
v 10.88693333 4.27064252 28.08914512
v 10.88693333 4.27064252 28.59334660
v 10.88693333 4.27064252 33.63536131
v 10.88693333 4.27064252 34.13956279
v 10.88693333 4.77307081 28.08914512
v 10.88693333 4.77307081 28.59334660
v 10.88693333 4.77307081 33.13115984
v 10.88693333 4.77307081 33.63536131
v 10.88693333 5.27549911 28.08914512
v 10.88693333 5.27549911 28.59334660
v 10.88693333 5.27549911 32.62695837
v 10.88693333 5.27549911 33.13115984
v 10.88693333 5.77792740 28.08914512
v 10.88693333 5.77792740 28.59334660
v 10.88693333 5.77792740 29.09754807
v 10.88693333 5.77792740 31.61855543
v 10.88693333 5.77792740 32.12275690
v 10.88693333 5.77792740 32.62695837
v 10.88693333 6.28035569 28.59334660
v 10.88693333 6.28035569 29.09754807
v 10.88693333 6.28035569 29.60174954
v 10.88693333 6.28035569 30.10595101
v 10.88693333 6.28035569 30.61015248
v 10.88693333 6.28035569 31.11435395
v 10.88693333 6.28035569 31.61855543
v 10.88693333 6.28035569 32.12275690
v 10.88693333 6.78278399 28.59334660
v 10.88693333 6.78278399 29.09754807
v 10.88693333 6.78278399 29.60174954
v 10.88693333 6.78278399 30.10595101
v 10.88693333 6.78278399 30.61015248
v 10.88693333 6.78278399 31.11435395
v 10.88693333 7.28521228 29.60174954
v 10.88693333 7.28521228 30.10595101
v 11.38758630 -6.78277993 33.13115984
v 11.38758630 -7.28520823 33.63536131
v 11.38758630 -7.28520823 34.13956279
v 11.38758630 -7.28520823 34.64376426
v 11.38758630 -7.28520823 35.14796573
v 11.38758630 -7.28520823 35.65216720
v 11.38758630 -7.28520823 36.15636867
v 11.38758630 -6.78277993 36.66057014
v 11.38758630 -6.28035164 32.62695837
v 11.38758630 -6.28035164 37.16477162
v 11.38758630 -5.77792335 32.12275690
v 11.38758630 -5.77792335 37.66897309
v 11.38758630 -5.27549505 31.61855543
v 11.38758630 -5.27549505 37.66897309
v 11.38758630 -4.77306676 31.11435395
v 11.38758630 -4.77306676 37.66897309
v 11.38758630 -4.27063847 31.11435395
v 11.38758630 -4.27063847 37.66897309
v 11.38758630 -3.76821017 30.61015248
v 11.38758630 -3.76821017 37.66897309
v 11.38758630 -3.26578188 30.61015248
v 11.38758630 -3.26578188 37.66897309
v 11.38758630 -2.76335359 30.10595101
v 11.38758630 -2.76335359 37.66897309
v 11.38758630 -2.26092529 30.10595101
v 11.38758630 -2.26092529 37.66897309
v 11.38758630 -1.75849700 29.60174954
v 11.38758630 -1.75849700 37.16477162
v 11.38758630 -1.25606871 29.60174954
v 11.38758630 -1.25606871 37.16477162
v 11.38758630 -0.75364041 29.60174954
v 11.38758630 -0.75364041 37.16477162
v 11.38758630 -0.25121212 29.60174954
v 11.38758630 -0.25121212 36.66057014
v 11.38758630 0.25121617 29.60174954
v 11.38758630 0.25121617 36.15636867
v 11.38758630 0.75364447 29.09754807
v 11.38758630 0.75364447 36.15636867
v 11.38758630 1.25607276 29.09754807
v 11.38758630 1.25607276 35.65216720
v 11.38758630 1.75850105 29.09754807
v 11.38758630 1.75850105 35.14796573
v 11.38758630 2.26092935 29.09754807
v 11.38758630 2.26092935 34.64376426
v 11.38758630 2.76335764 28.59334660
v 11.38758630 2.76335764 34.64376426
v 11.38758630 3.26578593 28.59334660
v 11.38758630 3.26578593 34.13956279
v 11.38758630 3.76821423 28.59334660
v 11.38758630 3.76821423 33.13115984
v 11.38758630 3.76821423 33.63536131
v 11.38758630 4.27064252 29.09754807
v 11.38758630 4.27064252 32.62695837
v 11.38758630 4.27064252 33.13115984
v 11.38758630 4.77307081 29.09754807
v 11.38758630 4.77307081 29.60174954
v 11.38758630 4.77307081 31.61855543
v 11.38758630 4.77307081 32.12275690
v 11.38758630 4.77307081 32.62695837
v 11.38758630 5.27549911 29.09754807
v 11.38758630 5.27549911 29.60174954
v 11.38758630 5.27549911 30.10595101
v 11.38758630 5.27549911 30.61015248
v 11.38758630 5.27549911 31.11435395
v 11.38758630 5.27549911 31.61855543
v 11.38758630 5.27549911 32.12275690
v 11.38758630 5.77792740 29.60174954
v 11.38758630 5.77792740 30.10595101
v 11.38758630 5.77792740 30.61015248
v 11.38758630 5.77792740 31.11435395
v 11.88823926 -6.78277993 33.63536131
v 11.88823926 -7.28520823 34.13956279
v 11.88823926 -7.28520823 34.64376426
v 11.88823926 -7.28520823 35.14796573
v 11.88823926 -7.28520823 35.65216720
v 11.88823926 -7.28520823 36.15636867
v 11.88823926 -6.78277993 36.66057014
v 11.88823926 -6.28035164 32.62695837
v 11.88823926 -6.78277993 33.13115984
v 11.88823926 -6.28035164 37.16477162
v 11.88823926 -5.77792335 32.12275690
v 11.88823926 -5.77792335 37.66897309
v 11.88823926 -5.27549505 31.61855543
v 11.88823926 -5.27549505 37.66897309
v 11.88823926 -4.77306676 31.61855543
v 11.88823926 -4.77306676 37.66897309
v 11.88823926 -4.27063847 31.11435395
v 11.88823926 -4.27063847 37.66897309
v 11.88823926 -3.76821017 31.11435395
v 11.88823926 -3.76821017 37.66897309
v 11.88823926 -3.26578188 31.11435395
v 11.88823926 -3.26578188 37.66897309
v 11.88823926 -2.76335359 30.61015248
v 11.88823926 -2.76335359 37.66897309
v 11.88823926 -2.26092529 30.61015248
v 11.88823926 -2.26092529 37.66897309
v 11.88823926 -1.75849700 30.10595101
v 11.88823926 -1.75849700 37.16477162
v 11.88823926 -1.25606871 30.10595101
v 11.88823926 -1.25606871 37.16477162
v 11.88823926 -0.75364041 30.10595101
v 11.88823926 -0.75364041 36.66057014
v 11.88823926 -0.25121212 29.60174954
v 11.88823926 -0.25121212 36.66057014
v 11.88823926 0.25121617 29.60174954
v 11.88823926 0.25121617 36.15636867
v 11.88823926 0.75364447 29.09754807
v 11.88823926 0.75364447 35.65216720
v 11.88823926 1.25607276 29.09754807
v 11.88823926 1.25607276 35.14796573
v 11.88823926 1.75850105 29.09754807
v 11.88823926 1.75850105 34.64376426
v 11.88823926 2.26092935 29.09754807
v 11.88823926 2.26092935 34.13956279
v 11.88823926 2.76335764 29.09754807
v 11.88823926 2.76335764 33.63536131
v 11.88823926 2.76335764 34.13956279
v 11.88823926 3.26578593 29.09754807
v 11.88823926 3.26578593 33.13115984
v 11.88823926 3.26578593 33.63536131
v 11.88823926 3.76821423 29.09754807
v 11.88823926 3.76821423 29.60174954
v 11.88823926 3.76821423 32.62695837
v 11.88823926 4.27064252 29.60174954
v 11.88823926 4.27064252 30.10595101
v 11.88823926 4.27064252 30.61015248
v 11.88823926 4.27064252 31.11435395
v 11.88823926 4.27064252 31.61855543
v 11.88823926 4.27064252 32.12275690
v 11.88823926 4.77307081 30.10595101
v 11.88823926 4.77307081 30.61015248
v 11.88823926 4.77307081 31.11435395
v 12.38889223 -7.28520823 35.14796573
v 12.38889223 -7.78763652 35.65216720
v 12.38889223 -7.28520823 36.15636867
v 12.38889223 -6.78277993 33.63536131
v 12.38889223 -7.28520823 34.13956279
v 12.38889223 -7.28520823 34.64376426
v 12.38889223 -6.78277993 36.66057014
v 12.38889223 -6.28035164 33.13115984
v 12.38889223 -6.28035164 37.16477162
v 12.38889223 -5.77792335 32.62695837
v 12.38889223 -5.77792335 37.66897309
v 12.38889223 -5.27549505 32.12275690
v 12.38889223 -5.27549505 37.66897309
v 12.38889223 -4.77306676 31.61855543
v 12.38889223 -4.77306676 37.66897309
v 12.38889223 -4.27063847 31.61855543
v 12.38889223 -4.27063847 37.66897309
v 12.38889223 -3.76821017 31.61855543
v 12.38889223 -3.76821017 37.66897309
v 12.38889223 -3.26578188 31.11435395
v 12.38889223 -3.26578188 37.66897309
v 12.38889223 -2.76335359 31.11435395
v 12.38889223 -2.76335359 37.66897309
v 12.38889223 -2.26092529 31.11435395
v 12.38889223 -2.26092529 37.16477162
v 12.38889223 -1.75849700 30.61015248
v 12.38889223 -1.75849700 31.11435395
v 12.38889223 -1.75849700 37.16477162
v 12.38889223 -1.25606871 30.61015248
v 12.38889223 -1.25606871 31.11435395
v 12.38889223 -1.25606871 37.16477162
v 12.38889223 -0.75364041 30.61015248
v 12.38889223 -0.75364041 31.11435395
v 12.38889223 -0.75364041 36.66057014
v 12.38889223 -0.25121212 30.10595101
v 12.38889223 -0.25121212 30.61015248
v 12.38889223 -0.25121212 31.11435395
v 12.38889223 -0.25121212 36.15636867
v 12.38889223 0.25121617 30.10595101
v 12.38889223 0.25121617 30.61015248
v 12.38889223 0.25121617 31.11435395
v 12.38889223 0.25121617 31.61855543
v 12.38889223 0.25121617 35.14796573
v 12.38889223 0.25121617 35.65216720
v 12.38889223 0.75364447 29.60174954
v 12.38889223 0.75364447 30.10595101
v 12.38889223 0.75364447 30.61015248
v 12.38889223 0.75364447 31.11435395
v 12.38889223 0.75364447 31.61855543
v 12.38889223 0.75364447 32.12275690
v 12.38889223 0.75364447 34.64376426
v 12.38889223 0.75364447 35.14796573
v 12.38889223 1.25607276 29.60174954
v 12.38889223 1.25607276 30.10595101
v 12.38889223 1.25607276 30.61015248
v 12.38889223 1.25607276 31.11435395
v 12.38889223 1.25607276 31.61855543
v 12.38889223 1.25607276 32.12275690
v 12.38889223 1.25607276 32.62695837
v 12.38889223 1.25607276 33.13115984
v 12.38889223 1.25607276 33.63536131
v 12.38889223 1.25607276 34.13956279
v 12.38889223 1.25607276 34.64376426
v 12.38889223 1.75850105 29.60174954
v 12.38889223 1.75850105 30.10595101
v 12.38889223 1.75850105 30.61015248
v 12.38889223 1.75850105 31.11435395
v 12.38889223 1.75850105 31.61855543
v 12.38889223 1.75850105 32.12275690
v 12.38889223 1.75850105 32.62695837
v 12.38889223 1.75850105 33.13115984
v 12.38889223 1.75850105 33.63536131
v 12.38889223 1.75850105 34.13956279
v 12.38889223 2.26092935 29.60174954
v 12.38889223 2.26092935 30.10595101
v 12.38889223 2.26092935 30.61015248
v 12.38889223 2.26092935 31.11435395
v 12.38889223 2.26092935 31.61855543
v 12.38889223 2.26092935 32.12275690
v 12.38889223 2.26092935 32.62695837
v 12.38889223 2.26092935 33.13115984
v 12.38889223 2.26092935 33.63536131
v 12.38889223 2.76335764 29.60174954
v 12.38889223 2.76335764 30.10595101
v 12.38889223 2.76335764 30.61015248
v 12.38889223 2.76335764 31.11435395
v 12.38889223 2.76335764 31.61855543
v 12.38889223 2.76335764 32.12275690
v 12.38889223 2.76335764 32.62695837
v 12.38889223 2.76335764 33.13115984
v 12.38889223 3.26578593 29.60174954
v 12.38889223 3.26578593 30.10595101
v 12.38889223 3.26578593 30.61015248
v 12.38889223 3.26578593 31.11435395
v 12.38889223 3.26578593 31.61855543
v 12.38889223 3.26578593 32.12275690
v 12.38889223 3.26578593 32.62695837
v 12.38889223 3.76821423 30.10595101
v 12.38889223 3.76821423 30.61015248
v 12.38889223 3.76821423 31.11435395
v 12.38889223 3.76821423 31.61855543
v 12.38889223 3.76821423 32.12275690
v 12.88954520 -7.28520823 34.64376426
v 12.88954520 -7.78763652 35.14796573
v 12.88954520 -7.78763652 35.65216720
v 12.88954520 -7.28520823 36.15636867
v 12.88954520 -6.78277993 33.63536131
v 12.88954520 -7.28520823 34.13956279
v 12.88954520 -6.78277993 36.66057014
v 12.88954520 -6.28035164 33.13115984
v 12.88954520 -6.28035164 37.16477162
v 12.88954520 -5.77792335 32.62695837
v 12.88954520 -5.77792335 37.16477162
v 12.88954520 -5.27549505 32.12275690
v 12.88954520 -5.27549505 37.66897309
v 12.88954520 -4.77306676 32.12275690
v 12.88954520 -4.77306676 37.66897309
v 12.88954520 -4.27063847 32.12275690
v 12.88954520 -4.27063847 37.66897309
v 12.88954520 -3.76821017 31.61855543
v 12.88954520 -3.76821017 37.66897309
v 12.88954520 -3.26578188 31.61855543
v 12.88954520 -3.26578188 37.66897309
v 12.88954520 -2.76335359 31.61855543
v 12.88954520 -2.76335359 37.16477162
v 12.88954520 -2.26092529 31.61855543
v 12.88954520 -2.26092529 37.16477162
v 12.88954520 -1.75849700 31.61855543
v 12.88954520 -1.75849700 37.16477162
v 12.88954520 -1.25606871 31.61855543
v 12.88954520 -1.25606871 36.66057014
v 12.88954520 -0.75364041 31.61855543
v 12.88954520 -0.75364041 32.12275690
v 12.88954520 -0.75364041 36.15636867
v 12.88954520 -0.25121212 31.61855543
v 12.88954520 -0.25121212 32.12275690
v 12.88954520 -0.25121212 32.62695837
v 12.88954520 -0.25121212 35.14796573
v 12.88954520 -0.25121212 35.65216720
v 12.88954520 0.25121617 32.12275690
v 12.88954520 0.25121617 32.62695837
v 12.88954520 0.25121617 33.13115984
v 12.88954520 0.25121617 33.63536131
v 12.88954520 0.25121617 34.13956279
v 12.88954520 0.25121617 34.64376426
v 12.88954520 0.75364447 32.62695837
v 12.88954520 0.75364447 33.13115984
v 12.88954520 0.75364447 33.63536131
v 12.88954520 0.75364447 34.13956279
v 13.39019817 -7.28520823 35.14796573
v 13.39019817 -7.78763652 35.65216720
v 13.39019817 -7.28520823 36.15636867
v 13.39019817 -6.78277993 34.13956279
v 13.39019817 -7.28520823 34.64376426
v 13.39019817 -6.78277993 36.66057014
v 13.39019817 -6.28035164 33.63536131
v 13.39019817 -6.28035164 37.16477162
v 13.39019817 -5.77792335 33.13115984
v 13.39019817 -5.77792335 37.16477162
v 13.39019817 -5.27549505 32.62695837
v 13.39019817 -5.27549505 37.16477162
v 13.39019817 -4.77306676 32.62695837
v 13.39019817 -4.77306676 37.16477162
v 13.39019817 -4.27063847 32.12275690
v 13.39019817 -4.27063847 37.16477162
v 13.39019817 -3.76821017 32.12275690
v 13.39019817 -3.76821017 37.16477162
v 13.39019817 -3.26578188 32.12275690
v 13.39019817 -3.26578188 37.16477162
v 13.39019817 -2.76335359 32.12275690
v 13.39019817 -2.76335359 37.16477162
v 13.39019817 -2.26092529 32.12275690
v 13.39019817 -2.26092529 36.66057014
v 13.39019817 -1.75849700 32.12275690
v 13.39019817 -1.75849700 36.66057014
v 13.39019817 -1.25606871 32.12275690
v 13.39019817 -1.25606871 32.62695837
v 13.39019817 -1.25606871 36.15636867
v 13.39019817 -0.75364041 32.62695837
v 13.39019817 -0.75364041 33.13115984
v 13.39019817 -0.75364041 33.63536131
v 13.39019817 -0.75364041 34.13956279
v 13.39019817 -0.75364041 34.64376426
v 13.39019817 -0.75364041 35.14796573
v 13.39019817 -0.75364041 35.65216720
v 13.39019817 -0.25121212 33.13115984
v 13.39019817 -0.25121212 33.63536131
v 13.39019817 -0.25121212 34.13956279
v 13.39019817 -0.25121212 34.64376426
v 13.89085114 -7.28520823 35.65216720
v 13.89085114 -6.78277993 34.13956279
v 13.89085114 -7.28520823 34.64376426
v 13.89085114 -7.28520823 35.14796573
v 13.89085114 -6.78277993 36.15636867
v 13.89085114 -6.28035164 33.63536131
v 13.89085114 -6.28035164 36.66057014
v 13.89085114 -5.77792335 33.13115984
v 13.89085114 -5.77792335 37.16477162
v 13.89085114 -5.27549505 33.13115984
v 13.89085114 -5.27549505 37.16477162
v 13.89085114 -4.77306676 33.13115984
v 13.89085114 -4.77306676 37.16477162
v 13.89085114 -4.27063847 32.62695837
v 13.89085114 -4.27063847 37.16477162
v 13.89085114 -3.76821017 32.62695837
v 13.89085114 -3.76821017 36.66057014
v 13.89085114 -3.26578188 32.62695837
v 13.89085114 -3.26578188 36.66057014
v 13.89085114 -2.76335359 32.62695837
v 13.89085114 -2.76335359 33.13115984
v 13.89085114 -2.76335359 36.66057014
v 13.89085114 -2.26092529 32.62695837
v 13.89085114 -2.26092529 33.13115984
v 13.89085114 -2.26092529 36.15636867
v 13.89085114 -1.75849700 32.62695837
v 13.89085114 -1.75849700 33.13115984
v 13.89085114 -1.75849700 33.63536131
v 13.89085114 -1.75849700 35.65216720
v 13.89085114 -1.75849700 36.15636867
v 13.89085114 -1.25606871 33.13115984
v 13.89085114 -1.25606871 33.63536131
v 13.89085114 -1.25606871 34.13956279
v 13.89085114 -1.25606871 34.64376426
v 13.89085114 -1.25606871 35.14796573
v 13.89085114 -1.25606871 35.65216720
v 14.39150411 -6.78277993 34.64376426
v 14.39150411 -7.28520823 35.14796573
v 14.39150411 -7.28520823 35.65216720
v 14.39150411 -6.78277993 36.15636867
v 14.39150411 -6.28035164 34.13956279
v 14.39150411 -6.28035164 36.66057014
v 14.39150411 -5.77792335 33.63536131
v 14.39150411 -5.77792335 36.66057014
v 14.39150411 -5.27549505 33.63536131
v 14.39150411 -5.27549505 36.66057014
v 14.39150411 -4.77306676 33.63536131
v 14.39150411 -4.77306676 36.66057014
v 14.39150411 -4.27063847 33.13115984
v 14.39150411 -4.27063847 33.63536131
v 14.39150411 -4.27063847 36.66057014
v 14.39150411 -3.76821017 33.13115984
v 14.39150411 -3.76821017 33.63536131
v 14.39150411 -3.76821017 36.15636867
v 14.39150411 -3.26578188 33.13115984
v 14.39150411 -3.26578188 33.63536131
v 14.39150411 -3.26578188 36.15636867
v 14.39150411 -2.76335359 33.63536131
v 14.39150411 -2.76335359 34.13956279
v 14.39150411 -2.76335359 35.65216720
v 14.39150411 -2.76335359 36.15636867
v 14.39150411 -2.26092529 33.63536131
v 14.39150411 -2.26092529 34.13956279
v 14.39150411 -2.26092529 34.64376426
v 14.39150411 -2.26092529 35.14796573
v 14.39150411 -2.26092529 35.65216720
v 14.39150411 -1.75849700 34.13956279
v 14.39150411 -1.75849700 34.64376426
v 14.39150411 -1.75849700 35.14796573
v 14.89215708 -6.78277993 35.14796573
v 14.89215708 -6.78277993 35.65216720
v 14.89215708 -6.28035164 34.64376426
v 14.89215708 -6.28035164 36.15636867
v 14.89215708 -5.77792335 34.13956279
v 14.89215708 -5.77792335 36.15636867
v 14.89215708 -5.27549505 34.13956279
v 14.89215708 -5.27549505 36.15636867
v 14.89215708 -4.77306676 34.13956279
v 14.89215708 -4.77306676 36.15636867
v 14.89215708 -4.27063847 34.13956279
v 14.89215708 -4.27063847 34.64376426
v 14.89215708 -4.27063847 35.65216720
v 14.89215708 -4.27063847 36.15636867
v 14.89215708 -3.76821017 34.13956279
v 14.89215708 -3.76821017 34.64376426
v 14.89215708 -3.76821017 35.14796573
v 14.89215708 -3.76821017 35.65216720
v 14.89215708 -3.26578188 34.13956279
v 14.89215708 -3.26578188 34.64376426
v 14.89215708 -3.26578188 35.14796573
v 14.89215708 -3.26578188 35.65216720
v 14.89215708 -2.76335359 34.64376426
v 14.89215708 -2.76335359 35.14796573
v 15.39281005 -6.28035164 35.14796573
v 15.39281005 -6.28035164 35.65216720
v 15.39281005 -5.77792335 34.64376426
v 15.39281005 -5.77792335 35.14796573
v 15.39281005 -5.77792335 35.65216720
v 15.39281005 -5.27549505 34.64376426
v 15.39281005 -5.27549505 35.14796573
v 15.39281005 -5.27549505 35.65216720
v 15.39281005 -4.77306676 34.64376426
v 15.39281005 -4.77306676 35.14796573
v 15.39281005 -4.77306676 35.65216720
v 15.39281005 -4.27063847 35.14796573
vn -1.00000000 0.00000000 0.00000000
vn -0.22941573 -0.68824720 -0.68824720
vn -0.55470020 -0.83205032 0.00000000
vn -0.27216554 -0.68041384 0.68041384
vn -1.00000000 0.00000000 -0.00000000
vn -0.36650833 -0.36650833 -0.85518610
vn -1.00000000 -0.00000000 0.00000000
vn -1.00000000 -0.00000000 0.00000000
vn -0.52999896 -0.84799832 0.00000000
vn -1.00000000 -0.00000000 0.00000000
vn -0.32444283 -0.48666427 0.81110710
vn -1.00000000 0.00000000 -0.00000000
vn -0.44721359 0.00000000 -0.89442718
vn -1.00000000 0.00000000 0.00000000
vn -1.00000000 0.00000000 0.00000000
vn -1.00000000 0.00000000 0.00000000
vn -0.42857143 -0.28571430 0.85714287
vn -1.00000000 0.00000000 -0.00000000
vn -0.44721359 0.00000000 -0.89442718
vn -1.00000000 0.00000000 0.00000000
vn -1.00000000 0.00000000 0.00000000
vn -1.00000000 -0.00000000 0.00000000
vn -1.00000000 0.00000000 0.00000000
vn -0.32444283 -0.48666427 0.81110710
vn -0.55470020 0.00000000 -0.83205032
vn -1.00000000 0.00000000 -0.00000000
vn -1.00000000 0.00000000 0.00000000
vn -1.00000000 0.00000000 0.00000000
vn -1.00000000 0.00000000 0.00000000
vn -0.44721359 0.00000000 0.89442718
vn -0.70710677 0.00000000 -0.70710677
vn -1.00000000 0.00000000 -0.00000000
vn -1.00000000 0.00000000 0.00000000
vn -0.51449573 0.00000000 0.85749292
vn -0.60000002 0.80000001 -0.00000000
vn -0.83205032 0.55470020 0.00000000
vn -0.27216554 -0.68041384 -0.68041384
vn -0.00000000 -1.00000000 -0.00000000
vn -0.22941573 -0.68824720 0.68824720
vn -0.22941573 -0.68824720 -0.68824720
vn -0.52999896 -0.84799832 0.00000000
vn -0.22941573 -0.68824720 0.68824720
vn -0.14744195 -0.44232586 -0.88465172
vn -0.27216554 -0.68041384 0.68041384
vn -0.39391929 0.00000000 -0.91914505
vn -1.00000000 0.00000000 0.00000000
vn -0.32444283 -0.48666427 0.81110710
vn -0.44721359 0.00000000 -0.89442718
vn -0.44721359 0.00000000 0.89442718
vn -0.60000002 0.00000000 -0.80000001
vn -0.44721359 0.00000000 0.89442718
vn -0.97014248 0.24253562 -0.00000000
vn -0.44721359 0.00000000 -0.89442718
vn -0.97014248 0.24253562 0.00000000
vn -0.44721359 0.00000000 0.89442718
vn -1.00000000 0.00000000 -0.00000000
vn -0.51449573 0.00000000 -0.85749292
vn -0.98639393 0.16439898 0.00000000
vn -0.98058069 0.19611613 0.00000000
vn -1.00000000 0.00000000 0.00000000
vn -0.44721359 0.00000000 0.89442718
vn -0.70710677 0.00000000 -0.70710677
vn -1.00000000 0.00000000 -0.00000000
vn -1.00000000 0.00000000 0.00000000
vn -1.00000000 0.00000000 0.00000000
vn -1.00000000 0.00000000 0.00000000
vn -1.00000000 0.00000000 0.00000000
vn -0.44721359 0.00000000 0.89442718
vn -1.00000000 0.00000000 -0.00000000
vn -0.51449573 0.00000000 -0.85749292
vn -1.00000000 0.00000000 0.00000000
vn -1.00000000 0.00000000 0.00000000
vn -1.00000000 0.00000000 0.00000000
vn -1.00000000 0.00000000 0.00000000
vn -0.44721359 0.00000000 0.89442718
vn -0.60000002 0.80000001 -0.00000000
vn -0.63960212 0.42640144 -0.63960212
vn -1.00000000 0.00000000 -0.00000000
vn -1.00000000 0.00000000 0.00000000
vn -0.51449573 0.00000000 0.85749292
vn -0.60000002 0.80000001 -0.00000000
vn -0.83205032 0.55470020 0.00000000
vn -0.14002801 -0.70014006 -0.70014006
vn 0.00000000 -1.00000000 -0.00000000
vn -0.58123821 -0.81373346 0.00000000
vn -0.00000000 -1.00000000 0.00000000
vn -0.00000000 -1.00000000 0.00000000
vn -0.10050378 -0.70352650 0.70352650
vn -0.15617377 -0.31234753 -0.93704259
vn -0.22941573 -0.68824720 0.68824720
vn -0.12309149 -0.49236596 -0.86164045
vn -0.22941573 -0.68824720 0.68824720
vn -0.14744195 -0.44232586 -0.88465172
vn -0.13736056 -0.54944223 0.82416338
vn -0.14142136 0.00000000 -0.98994946
vn -0.39391929 0.00000000 0.91914505
vn -0.60000002 0.00000000 -0.80000001
vn -0.44721359 0.00000000 0.89442718
vn -0.44721359 0.00000000 -0.89442718
vn -0.44721359 0.00000000 0.89442718
vn -0.44721359 0.00000000 -0.89442718
vn -0.44721359 0.00000000 0.89442718
vn -0.97014248 0.24253562 -0.00000000
vn -0.44721359 0.00000000 -0.89442718
vn -0.44721359 0.00000000 0.89442718
vn -1.00000000 0.00000000 -0.00000000
vn -0.44721359 0.00000000 -0.89442718
vn -0.44721359 0.00000000 0.89442718
vn -0.55470020 0.00000000 -0.83205032
vn -0.97014248 0.24253562 -0.00000000
vn -0.97014248 0.24253562 0.00000000
vn -0.44721359 0.00000000 0.89442718
vn -1.00000000 0.00000000 -0.00000000
vn -0.51449573 0.00000000 -0.85749292
vn -1.00000000 0.00000000 0.00000000
vn -0.98639393 0.16439898 0.00000000
vn -0.97014248 0.24253562 0.00000000
vn -1.00000000 0.00000000 0.00000000
vn -0.44721359 0.00000000 0.89442718
vn -0.70710677 0.00000000 -0.70710677
vn -1.00000000 0.00000000 -0.00000000
vn -1.00000000 0.00000000 0.00000000
vn -1.00000000 0.00000000 0.00000000
vn -1.00000000 0.00000000 0.00000000
vn -1.00000000 0.00000000 0.00000000
vn -0.51449573 0.00000000 0.85749292
vn -1.00000000 0.00000000 -0.00000000
vn -0.51449573 0.00000000 -0.85749292
vn -1.00000000 0.00000000 0.00000000
vn -1.00000000 0.00000000 0.00000000
vn -1.00000000 0.00000000 0.00000000
vn -1.00000000 0.00000000 0.00000000
vn -0.44721359 0.00000000 0.89442718
vn -0.60000002 0.80000001 -0.00000000
vn -0.44721359 0.89442718 0.00000000
vn -0.44721359 0.89442718 0.00000000
vn -0.44721359 0.89442718 0.00000000
vn -0.83205032 0.55470020 0.00000000
vn -0.14002801 -0.70014006 -0.70014006
vn 0.00000000 -1.00000000 -0.00000000
vn -0.11704115 -0.70224690 0.70224690
vn 0.00000000 -0.70710677 -0.70710677
vn -0.00000000 -1.00000000 0.00000000
vn -0.14002801 -0.70014006 0.70014006
vn 0.00000000 -0.70710677 -0.70710677
vn 0.00000000 -1.00000000 0.00000000
vn -0.10050378 -0.70352650 0.70352650
vn -0.15617377 -0.31234753 -0.93704259
vn -0.14744195 -0.44232586 0.88465172
vn -0.27472112 0.00000000 -0.96152395
vn -0.13018891 -0.39056674 0.91132236
vn -0.37139067 0.00000000 -0.92847669
vn -0.13736056 -0.54944223 0.82416338
vn -0.49613893 0.00000000 -0.86824316
vn -0.39391929 0.00000000 0.91914505
vn -0.44721359 0.00000000 -0.89442718
vn -0.44721359 0.00000000 0.89442718
vn -0.44721359 0.00000000 -0.89442718
vn -0.44721359 0.00000000 0.89442718
vn -0.44721359 0.00000000 -0.89442718
vn -0.44721359 0.00000000 0.89442718
vn -0.44721359 0.00000000 -0.89442718
vn -0.44721359 0.00000000 0.89442718
vn -0.60000002 0.00000000 -0.80000001
vn -0.44721359 0.00000000 0.89442718
vn -0.44721359 0.00000000 -0.89442718
vn -0.44721359 0.00000000 0.89442718
vn -0.97014248 0.24253562 -0.00000000
vn -0.44721359 0.00000000 -0.89442718
vn -0.97014248 0.24253562 0.00000000
vn -0.44721359 0.00000000 0.89442718
vn -1.00000000 0.00000000 -0.00000000
vn -0.44721359 0.00000000 -0.89442718
vn -1.00000000 0.00000000 0.00000000
vn -0.44721359 0.00000000 0.89442718
vn -1.00000000 0.00000000 -0.00000000
vn -0.51449573 0.00000000 -0.85749292
vn -0.98639393 0.16439898 0.00000000
vn -0.97014248 0.24253562 0.00000000
vn -0.51449573 0.00000000 0.85749292
vn -0.70710677 0.00000000 -0.70710677
vn -1.00000000 0.00000000 -0.00000000
vn -1.00000000 0.00000000 0.00000000
vn -1.00000000 0.00000000 0.00000000
vn -1.00000000 0.00000000 0.00000000
vn -1.00000000 0.00000000 0.00000000
vn -1.00000000 0.00000000 0.00000000
vn -1.00000000 0.00000000 0.00000000
vn -0.44721359 0.00000000 0.89442718
vn -1.00000000 0.00000000 -0.00000000
vn -0.51449573 0.00000000 -0.85749292
vn -1.00000000 0.00000000 0.00000000
vn -1.00000000 0.00000000 0.00000000
vn -1.00000000 0.00000000 0.00000000
vn -1.00000000 0.00000000 0.00000000
vn -1.00000000 0.00000000 0.00000000
vn -0.51449573 0.00000000 0.85749292
vn -0.70710677 0.00000000 -0.70710677
vn -1.00000000 0.00000000 -0.00000000
vn -1.00000000 0.00000000 0.00000000
vn -1.00000000 0.00000000 0.00000000
vn -0.51449573 0.00000000 0.85749292
vn -0.83205032 0.55470020 0.00000000
vn -0.60000002 0.80000001 -0.00000000
vn -0.44721359 0.89442718 0.00000000
vn -0.83205032 0.55470020 0.00000000
vn 0.11704115 -0.70224690 -0.70224690
vn 0.00000000 -1.00000000 0.00000000
vn 0.14002801 -0.70014006 0.70014006
vn 0.00000000 -0.70710677 -0.70710677
vn -0.00000000 -1.00000000 0.00000000
vn 0.00000000 -1.00000000 0.00000000
vn -0.11704115 -0.70224690 0.70224690
vn 0.00000000 -0.70710677 -0.70710677
vn 0.00000000 -0.70710677 0.70710677
vn 0.00000000 -0.70710677 -0.70710677
vn 0.00000000 -0.70710677 0.70710677
vn -0.18257418 -0.36514837 -0.91287094
vn -0.14744195 -0.44232586 0.88465172
vn -0.16439898 0.00000000 -0.98639393
vn -0.13018891 -0.39056674 0.91132236
vn -0.16439898 0.00000000 -0.98639393
vn -0.13736056 -0.54944223 0.82416338
vn -0.16439898 0.00000000 -0.98639393
vn -0.31622776 0.00000000 0.94868332
vn -0.16439898 0.00000000 -0.98639393
vn -0.39391929 0.00000000 0.91914505
vn -0.16439898 0.00000000 -0.98639393
vn -0.44721359 0.00000000 0.89442718
vn -0.14142136 0.00000000 -0.98994946
vn -0.44721359 0.00000000 0.89442718
vn -0.60000002 0.00000000 -0.80000001
vn -0.44721359 0.00000000 0.89442718
vn -0.44721359 0.00000000 -0.89442718
vn -0.44721359 0.00000000 0.89442718
vn -0.44721359 0.00000000 -0.89442718
vn -0.44721359 0.00000000 0.89442718
vn -0.44721359 0.00000000 -0.89442718
vn -0.44721359 0.00000000 0.89442718
vn -0.44721359 0.00000000 -0.89442718
vn -0.98058069 0.19611613 0.00000000
vn -0.52999896 0.00000000 0.84799832
vn -0.97014248 0.24253562 -0.00000000
vn -0.44721359 0.00000000 -0.89442718
vn -0.51449573 0.00000000 0.85749292
vn -1.00000000 0.00000000 -0.00000000
vn -0.44721359 0.00000000 -0.89442718
vn -0.98058069 0.19611613 0.00000000
vn -0.52999896 0.00000000 0.84799832
vn -1.00000000 0.00000000 -0.00000000
vn -0.51449573 0.00000000 -0.85749292
vn -0.98639393 0.16439898 0.00000000
vn -0.98058069 0.19611613 0.00000000
vn -0.51449573 0.00000000 0.85749292
vn -0.70710677 0.00000000 -0.70710677
vn -1.00000000 0.00000000 -0.00000000
vn -0.98639393 0.16439898 0.00000000
vn -0.97014248 0.24253562 0.00000000
vn -1.00000000 0.00000000 0.00000000
vn -0.51449573 0.00000000 0.85749292
vn -0.70710677 0.00000000 -0.70710677
vn -1.00000000 0.00000000 -0.00000000
vn -1.00000000 0.00000000 0.00000000
vn -1.00000000 0.00000000 0.00000000
vn -1.00000000 0.00000000 0.00000000
vn -1.00000000 0.00000000 0.00000000
vn -0.51449573 0.00000000 0.85749292
vn -0.60000002 0.80000001 -0.00000000
vn -0.44721359 0.89442718 0.00000000
vn -0.44721359 0.89442718 0.00000000
vn -0.44721359 0.89442718 0.00000000
vn -0.83205032 0.55470020 0.00000000
vn 0.70710677 -0.70710677 -0.00000000
vn 0.00000000 -0.70710677 -0.70710677
vn 0.00000000 -1.00000000 -0.00000000
vn 0.00000000 -1.00000000 0.00000000
vn 0.00000000 -1.00000000 0.00000000
vn 0.00000000 -1.00000000 0.00000000
vn 0.00000000 -0.70710677 0.70710677
vn -0.11704115 -0.70224690 -0.70224690
vn -0.14002801 -0.70014006 0.70014006
vn -0.10050378 -0.70352650 -0.70352650
vn -0.14002801 -0.70014006 0.70014006
vn 0.00000000 -0.49613893 -0.86824316
vn 0.00000000 -0.70710677 0.70710677
vn 0.00000000 0.00000000 -1.00000000
vn -0.14744195 -0.44232586 0.88465172
vn -0.27472112 0.00000000 -0.96152395
vn -0.14142136 0.00000000 0.98994946
vn -0.31622776 0.00000000 -0.94868332
vn -0.14744195 -0.44232586 0.88465172
vn -0.31622776 0.00000000 -0.94868332
vn -0.13736056 -0.54944223 0.82416338
vn -0.31622776 0.00000000 -0.94868332
vn -0.31622776 0.00000000 0.94868332
vn -0.37139067 0.00000000 -0.92847669
vn -0.39391929 0.00000000 0.91914505
vn -0.49613893 0.00000000 -0.86824316
vn -0.44721359 0.00000000 0.89442718
vn -0.44721359 0.00000000 -0.89442718
vn -0.44721359 0.00000000 0.89442718
vn -0.44721359 0.00000000 -0.89442718
vn -0.44721359 0.00000000 0.89442718
vn -0.44721359 0.00000000 -0.89442718
vn -0.44721359 0.00000000 0.89442718
vn -0.44721359 0.00000000 -0.89442718
vn -0.52999896 0.00000000 0.84799832
vn -0.44721359 0.00000000 -0.89442718
vn -0.55470020 0.00000000 0.83205032
vn -0.44721359 0.00000000 -0.89442718
vn -0.52999896 0.00000000 0.84799832
vn -0.44721359 0.00000000 -0.89442718
vn -0.55470020 0.00000000 0.83205032
vn -0.97014248 0.24253562 -0.00000000
vn -0.44721359 0.00000000 -0.89442718
vn -0.98058069 0.19611613 0.00000000
vn -0.52999896 0.00000000 0.84799832
vn -1.00000000 0.00000000 -0.00000000
vn -0.51449573 0.00000000 -0.85749292
vn -0.98639393 0.16439898 0.00000000
vn -0.98058069 0.19611613 0.00000000
vn -0.58123821 0.00000000 0.81373346
vn -0.70710677 0.00000000 -0.70710677
vn -1.00000000 0.00000000 -0.00000000
vn -0.98639393 0.16439898 0.00000000
vn -0.97014248 0.24253562 0.00000000
vn -0.58123821 0.00000000 0.81373346
vn -0.70710677 0.00000000 -0.70710677
vn -1.00000000 0.00000000 -0.00000000
vn -1.00000000 0.00000000 0.00000000
vn -1.00000000 0.00000000 0.00000000
vn -1.00000000 0.00000000 0.00000000
vn -1.00000000 0.00000000 0.00000000
vn -0.58123821 0.00000000 0.81373346
vn -0.44721359 0.89442718 0.00000000
vn -0.60000002 0.80000001 -0.00000000
vn -0.44721359 0.89442718 0.00000000
vn -0.44721359 0.89442718 0.00000000
vn -0.44721359 0.89442718 0.00000000
vn -0.44721359 0.89442718 0.00000000
vn -0.11704115 -0.70224690 -0.70224690
vn -0.00000000 -1.00000000 -0.00000000
vn 0.00000000 -1.00000000 0.00000000
vn 0.00000000 -1.00000000 0.00000000
vn 0.00000000 -1.00000000 0.00000000
vn 0.00000000 -1.00000000 0.00000000
vn 0.00000000 -0.70710677 0.70710677
vn -0.14002801 -0.70014006 -0.70014006
vn 0.00000000 -1.00000000 -0.00000000
vn 0.00000000 -1.00000000 0.00000000
vn -0.10050378 -0.70352650 0.70352650
vn -0.15617377 -0.31234753 -0.93704259
vn -0.14744195 -0.44232586 0.88465172
vn 0.00000000 0.00000000 -1.00000000
vn -0.15617377 -0.31234753 0.93704259
vn -0.12309149 -0.49236596 -0.86164045
vn 0.00000000 -0.70710677 0.70710677
vn -0.14744195 -0.44232586 -0.88465172
vn -0.16903085 -0.50709254 0.84515423
vn -0.16439898 0.00000000 -0.98639393
vn -0.27472112 0.00000000 0.96152395
vn -0.16439898 0.00000000 -0.98639393
vn -0.14142136 0.00000000 0.98994946
vn -0.16439898 0.00000000 -0.98639393
vn -0.14744195 -0.44232586 0.88465172
vn -0.16439898 0.00000000 -0.98639393
vn -0.13736056 -0.54944223 0.82416338
vn -0.16439898 0.00000000 -0.98639393
vn -0.31622776 0.00000000 0.94868332
vn -0.39391929 0.00000000 -0.91914505
vn -0.31622776 0.00000000 0.94868332
vn -0.44721359 0.00000000 -0.89442718
vn -0.31622776 0.00000000 0.94868332
vn -0.44721359 0.00000000 -0.89442718
vn -0.31622776 0.00000000 0.94868332
vn -0.44721359 0.00000000 -0.89442718
vn -0.27472112 0.00000000 0.96152395
vn -0.44721359 0.00000000 -0.89442718
vn -0.55470020 0.00000000 0.83205032
vn -0.44721359 0.00000000 -0.89442718
vn -0.52999896 0.00000000 0.84799832
vn -0.44721359 0.00000000 -0.89442718
vn -0.55470020 0.00000000 0.83205032
vn -0.44721359 0.00000000 -0.89442718
vn -0.52999896 0.00000000 0.84799832
vn -0.44721359 0.00000000 -0.89442718
vn -0.60000002 0.00000000 0.80000001
vn -0.97014248 0.24253562 -0.00000000
vn -0.44721359 0.00000000 -0.89442718
vn -0.60000002 0.00000000 0.80000001
vn -0.55470020 0.00000000 -0.83205032
vn -0.97014248 0.24253562 -0.00000000
vn -0.60000002 0.00000000 0.80000001
vn -0.70710677 0.00000000 -0.70710677
vn -0.94868332 0.31622776 -0.00000000
vn -0.60000002 0.00000000 0.80000001
vn -0.44721359 0.89442718 0.00000000
vn -0.60000002 0.80000001 -0.00000000
vn -0.44721359 0.89442718 0.00000000
vn -0.44721359 0.89442718 0.00000000
vn -0.44721359 0.89442718 0.00000000
vn -0.44721359 0.89442718 0.00000000
vn -0.44721359 0.89442718 0.00000000
vn -0.14002801 -0.70014006 -0.70014006
vn 0.00000000 -1.00000000 -0.00000000
vn -0.00000000 -1.00000000 0.00000000
vn 0.00000000 -1.00000000 0.00000000
vn 0.00000000 -1.00000000 0.00000000
vn 0.00000000 -1.00000000 0.00000000
vn 0.00000000 -1.00000000 0.00000000
vn 0.00000000 -0.70710677 0.70710677
vn 0.00000000 -0.70710677 -0.70710677
vn 0.00000000 -1.00000000 0.00000000
vn 0.00000000 -0.70710677 0.70710677
vn 0.00000000 -0.44721359 -0.89442718
vn 0.00000000 -0.70710677 0.70710677
vn 0.00000000 -0.49613893 -0.86824316
vn -0.14744195 -0.44232586 0.88465172
vn -0.15617377 -0.31234753 -0.93704259
vn -0.15617377 -0.31234753 0.93704259
vn 0.00000000 0.00000000 -1.00000000
vn 0.00000000 -0.49613893 0.86824316
vn 0.00000000 0.00000000 -1.00000000
vn 0.00000000 -0.49613893 0.86824316
vn 0.00000000 0.00000000 -1.00000000
vn -0.16903085 -0.50709254 0.84515423
vn 0.00000000 0.00000000 -1.00000000
vn -0.27472112 0.00000000 0.96152395
vn -0.27472112 0.00000000 -0.96152395
vn 0.00000000 0.00000000 1.00000000
vn -0.13736056 -0.54944223 -0.82416338
vn -0.14142136 0.00000000 0.98994946
vn -0.14744195 -0.44232586 -0.88465172
vn -0.16439898 0.00000000 0.98639393
vn -0.16439898 0.00000000 -0.98639393
vn -0.16439898 0.00000000 0.98639393
vn -0.39391929 0.00000000 -0.91914505
vn -0.16439898 0.00000000 0.98639393
vn -0.44721359 0.00000000 -0.89442718
vn -0.19611613 0.00000000 0.98058069
vn -0.44721359 0.00000000 -0.89442718
vn -0.49613893 0.00000000 0.86824316
vn -0.44721359 0.00000000 -0.89442718
vn -0.52999896 0.00000000 0.84799832
vn -0.44721359 0.00000000 -0.89442718
vn -0.55470020 0.00000000 0.83205032
vn -0.44721359 0.00000000 -0.89442718
vn -0.52999896 0.00000000 0.84799832
vn -0.44721359 0.00000000 -0.89442718
vn -0.60000002 0.00000000 0.80000001
vn -0.44721359 0.00000000 -0.89442718
vn -0.60000002 0.00000000 0.80000001
vn -0.60000002 0.00000000 -0.80000001
vn -0.60000002 0.00000000 0.80000001
vn -0.97014248 0.24253562 -0.00000000
vn -0.44721359 0.00000000 -0.89442718
vn -0.60000002 0.00000000 0.80000001
vn -0.55470020 0.00000000 -0.83205032
vn -0.94868332 0.31622776 -0.00000000
vn -0.60000002 0.00000000 0.80000001
vn -0.44721359 0.89442718 0.00000000
vn -0.44721359 0.89442718 -0.00000000
vn -0.44721359 0.89442718 0.00000000
vn -0.44721359 0.89442718 0.00000000
vn -0.44721359 0.89442718 0.00000000
vn -0.44721359 0.89442718 0.00000000
vn -0.44721359 0.89442718 0.00000000
vn -0.44721359 0.89442718 0.00000000
vn 0.00000000 -0.70710677 -0.70710677
vn 0.00000000 -1.00000000 -0.00000000
vn 0.00000000 -1.00000000 0.00000000
vn 0.00000000 -1.00000000 0.00000000
vn 0.00000000 -1.00000000 0.00000000
vn 0.00000000 -1.00000000 0.00000000
vn 0.00000000 -1.00000000 0.00000000
vn 0.00000000 -0.70710677 0.70710677
vn 0.00000000 -0.70710677 -0.70710677
vn 0.00000000 -1.00000000 0.00000000
vn 0.00000000 -0.70710677 0.70710677
vn 0.00000000 -0.44721359 -0.89442718
vn 0.00000000 -0.70710677 0.70710677
vn -0.14744195 -0.44232586 -0.88465172
vn 0.00000000 -0.70710677 0.70710677
vn 0.00000000 -0.49613893 -0.86824316
vn -0.14744195 -0.44232586 0.88465172
vn 0.00000000 0.00000000 -1.00000000
vn 0.00000000 0.00000000 1.00000000
vn 0.00000000 0.00000000 -1.00000000
vn -0.15617377 -0.31234753 0.93704259
vn -0.27472112 0.00000000 -0.96152395
vn 0.00000000 -0.49613893 0.86824316
vn -0.13736056 -0.54944223 -0.82416338
vn 0.00000000 0.00000000 1.00000000
vn -0.14744195 -0.44232586 -0.88465172
vn -0.13018891 -0.39056674 0.91132236
vn -0.14142136 0.00000000 -0.98994946
vn -0.13736056 -0.54944223 0.82416338
vn -0.27472112 0.00000000 -0.96152395
vn -0.31622776 0.00000000 0.94868332
vn -0.13736056 -0.54944223 -0.82416338
vn -0.31622776 0.00000000 0.94868332
vn -0.14744195 -0.44232586 -0.88465172
vn -0.31622776 0.00000000 0.94868332
vn -0.16439898 0.00000000 -0.98639393
vn -0.31622776 0.00000000 0.94868332
vn -0.16439898 0.00000000 -0.98639393
vn -0.31622776 0.00000000 0.94868332
vn -0.39391929 0.00000000 -0.91914505
vn -0.27472112 0.00000000 0.96152395
vn -0.44721359 0.00000000 -0.89442718
vn -0.58123821 0.00000000 0.81373346
vn -0.44721359 0.00000000 -0.89442718
vn -0.31622776 0.00000000 0.94868332
vn -0.44721359 0.00000000 -0.89442718
vn -0.60000002 0.00000000 0.80000001
vn -0.44721359 0.00000000 -0.89442718
vn -0.60000002 0.00000000 0.80000001
vn -0.60000002 0.00000000 -0.80000001
vn -0.60000002 0.00000000 0.80000001
vn -0.44721359 0.00000000 -0.89442718
vn -0.60000002 0.00000000 0.80000001
vn -0.60000002 0.00000000 -0.80000001
vn -0.60000002 0.00000000 0.80000001
vn -0.70710677 0.00000000 -0.70710677
vn -0.60000002 0.00000000 0.80000001
vn -0.44721359 0.89442718 0.00000000
vn -0.44721359 0.89442718 -0.00000000
vn -0.44721359 0.89442718 0.00000000
vn -0.63960212 0.42640144 -0.63960212
vn -1.00000000 0.00000000 -0.00000000
vn -0.58123821 0.00000000 0.81373346
vn -0.44721359 0.89442718 0.00000000
vn -0.44721359 0.89442718 0.00000000
vn -0.27216554 0.95257932 -0.13608277
vn 0.11704115 -0.70224690 -0.70224690
vn 0.00000000 -1.00000000 -0.00000000
vn 0.00000000 -1.00000000 0.00000000
vn 0.00000000 -1.00000000 0.00000000
vn 0.00000000 -1.00000000 0.00000000
vn 0.00000000 -1.00000000 0.00000000
vn 0.00000000 -1.00000000 0.00000000
vn 0.00000000 -0.70710677 0.70710677
vn 0.00000000 -0.70710677 -0.70710677
vn 0.00000000 -1.00000000 0.00000000
vn 0.00000000 -0.70710677 0.70710677
vn 0.00000000 -0.70710677 -0.70710677
vn 0.00000000 -0.70710677 0.70710677
vn -0.15617377 -0.31234753 -0.93704259
vn 0.00000000 -0.70710677 0.70710677
vn 0.00000000 0.00000000 -1.00000000
vn 0.00000000 -0.44721359 0.89442718
vn 0.00000000 0.00000000 -1.00000000
vn 0.00000000 -0.49613893 0.86824316
vn -0.12309149 -0.49236596 -0.86164045
vn -0.14744195 -0.44232586 0.88465172
vn -0.14744195 -0.44232586 -0.88465172
vn 0.00000000 0.00000000 1.00000000
vn -0.14142136 0.00000000 -0.98994946
vn 0.00000000 -0.49613893 0.86824316
vn 0.00000000 0.00000000 -1.00000000
vn -0.14744195 -0.44232586 0.88465172
vn -0.12309149 -0.49236596 -0.86164045
vn 0.00000000 0.00000000 1.00000000
vn -0.14744195 -0.44232586 -0.88465172
vn 0.00000000 0.00000000 1.00000000
vn -0.14142136 0.00000000 -0.98994946
vn 0.00000000 0.00000000 1.00000000
vn 0.00000000 0.00000000 -1.00000000
vn 0.00000000 0.00000000 1.00000000
vn -0.27472112 0.00000000 -0.96152395
vn -0.14142136 0.00000000 0.98994946
vn -0.13736056 -0.54944223 -0.82416338
vn -0.27472112 0.00000000 0.96152395
vn -0.14744195 -0.44232586 -0.88465172
vn 0.00000000 0.00000000 1.00000000
vn -0.16439898 0.00000000 -0.98639393
vn -0.35112345 0.00000000 0.93632919
vn -0.16439898 0.00000000 -0.98639393
vn -0.00000000 0.00000000 1.00000000
vn -0.16439898 0.00000000 -0.98639393
vn -0.55470020 0.00000000 0.83205032
vn -0.14142136 0.00000000 -0.98994946
vn -0.60000002 0.00000000 0.80000001
vn -0.60000002 0.00000000 -0.80000001
vn -0.60000002 0.00000000 0.80000001
vn -0.44721359 0.00000000 -0.89442718
vn -0.60000002 0.00000000 0.80000001
vn -0.60000002 0.00000000 -0.80000001
vn -0.60000002 0.00000000 0.80000001
vn -0.94868332 0.31622776 -0.00000000
vn -0.44721359 0.00000000 -0.89442718
vn -0.55470020 0.00000000 0.83205032
vn -0.44721359 0.89442718 -0.00000000
vn -0.66666669 0.33333334 -0.66666669
vn -0.60000002 0.00000000 0.80000001
vn -0.44721359 0.89442718 0.00000000
vn -0.44721359 0.89442718 -0.00000000
vn -0.44721359 0.89442718 0.00000000
vn -0.66666669 0.33333334 -0.66666669
vn -0.60000002 0.00000000 0.80000001
vn -0.44721359 0.89442718 0.00000000
vn -0.44721359 0.89442718 0.00000000
vn -0.27216554 0.95257932 -0.13608277
vn 0.55708599 -0.74278134 -0.37139067
vn 0.00000000 -1.00000000 -0.00000000
vn 0.00000000 -1.00000000 0.00000000
vn 0.00000000 -1.00000000 0.00000000
vn 0.00000000 -1.00000000 0.00000000
vn 0.00000000 -1.00000000 0.00000000
vn 0.14002801 -0.70014006 0.70014006
vn 0.00000000 -0.70710677 -0.70710677
vn 0.00000000 -1.00000000 -0.00000000
vn 0.00000000 -1.00000000 0.00000000
vn 0.00000000 -0.70710677 0.70710677
vn 0.00000000 -0.70710677 -0.70710677
vn 0.00000000 -0.70710677 0.70710677
vn 0.00000000 -0.44721359 -0.89442718
vn 0.00000000 -0.70710677 0.70710677
vn 0.00000000 0.00000000 -1.00000000
vn 0.00000000 -0.44721359 0.89442718
vn 0.00000000 -0.49613893 -0.86824316
vn 0.00000000 -0.44721359 0.89442718
vn -0.15617377 -0.31234753 -0.93704259
vn 0.00000000 -0.44721359 0.89442718
vn 0.00000000 0.00000000 -1.00000000
vn 0.00000000 0.00000000 1.00000000
vn 0.00000000 0.00000000 -1.00000000
vn 0.00000000 -0.44721359 0.89442718
vn -0.12309149 -0.49236596 -0.86164045
vn 0.00000000 -0.44721359 0.89442718
vn -0.13018891 -0.39056674 -0.91132236
vn 0.00000000 0.00000000 1.00000000
vn 0.00000000 0.00000000 -1.00000000
vn 0.00000000 0.00000000 1.00000000
vn 0.00000000 0.00000000 -1.00000000
vn 0.00000000 0.00000000 1.00000000
vn -0.12309149 -0.49236596 -0.86164045
vn -0.13018891 -0.39056674 0.91132236
vn -0.14744195 -0.44232586 -0.88465172
vn -0.13736056 -0.54944223 0.82416338
vn -0.14142136 0.00000000 -0.98994946
vn -0.27472112 0.00000000 0.96152395
vn 0.00000000 0.00000000 -1.00000000
vn -0.00000000 0.00000000 1.00000000
vn -0.27472112 0.00000000 -0.96152395
vn -0.31622776 0.00000000 0.94868332
vn -0.31622776 0.00000000 -0.94868332
vn -0.44721359 0.00000000 0.89442718
vn -0.31622776 0.00000000 -0.94868332
vn -0.27472112 0.00000000 0.96152395
vn -0.37139067 0.00000000 -0.92847669
vn -0.60000002 0.00000000 0.80000001
vn -0.49613893 0.00000000 -0.86824316
vn -0.60000002 0.00000000 0.80000001
vn -0.44721359 0.00000000 -0.89442718
vn -0.60000002 0.00000000 0.80000001
vn -0.60000002 0.00000000 -0.80000001
vn -0.60000002 0.00000000 0.80000001
vn -0.44721359 0.00000000 -0.89442718
vn -0.60000002 0.00000000 0.80000001
vn -0.60000002 0.00000000 -0.80000001
vn -0.58123821 0.00000000 0.81373346
vn -0.31622776 0.94868332 0.00000000
vn -0.44721359 0.89442718 -0.00000000
vn -0.66666669 0.33333334 -0.66666669
vn -0.55470020 0.00000000 0.83205032
vn -0.44721359 0.89442718 -0.00000000
vn -0.44721359 0.89442718 0.00000000
vn -0.66666669 0.33333334 -0.66666669
vn -0.55470020 0.00000000 0.83205032
vn -0.14142136 0.98994946 0.00000000
vn -0.44721359 0.89442718 0.00000000
vn -0.27216554 0.95257932 0.13608277
vn 0.11704115 -0.70224690 -0.70224690
vn 0.00000000 -1.00000000 -0.00000000
vn 0.00000000 -1.00000000 0.00000000
vn 0.00000000 -1.00000000 0.00000000
vn 0.00000000 -1.00000000 0.00000000
vn 0.37139067 -0.74278134 0.55708599
vn 0.08804509 -0.70436072 -0.70436072
vn 0.00000000 -1.00000000 -0.00000000
vn 0.00000000 -1.00000000 0.00000000
vn 0.00000000 -1.00000000 0.00000000
vn 0.00000000 -0.70710677 0.70710677
vn 0.08804509 -0.70436072 -0.70436072
vn 0.00000000 -0.70710677 0.70710677
vn 0.13018891 -0.39056674 -0.91132236
vn 0.00000000 -0.70710677 0.70710677
vn 0.00000000 0.00000000 -1.00000000
vn 0.00000000 -0.44721359 0.89442718
vn 0.00000000 -0.44721359 -0.89442718
vn 0.00000000 -0.44721359 0.89442718
vn 0.00000000 -0.44721359 -0.89442718
vn 0.00000000 -0.44721359 0.89442718
vn 0.00000000 0.00000000 -1.00000000
vn 0.00000000 0.00000000 1.00000000
vn 0.00000000 -0.49613893 -0.86824316
vn 0.00000000 -0.44721359 0.89442718
vn -0.15617377 -0.31234753 -0.93704259
vn 0.00000000 -0.44721359 0.89442718
vn 0.00000000 0.00000000 -1.00000000
vn 0.00000000 0.00000000 1.00000000
vn 0.00000000 0.00000000 -1.00000000
vn 0.00000000 0.00000000 1.00000000
vn -0.12309149 -0.49236596 -0.86164045
vn -0.13018891 -0.39056674 0.91132236
vn -0.13018891 -0.39056674 -0.91132236
vn -0.12309149 -0.49236596 0.86164045
vn 0.00000000 0.00000000 -1.00000000
vn 0.00000000 0.00000000 1.00000000
vn 0.00000000 0.00000000 -1.00000000
vn 0.00000000 0.00000000 1.00000000
vn -0.12309149 -0.49236596 -0.86164045
vn -0.39391929 0.00000000 0.91914505
vn -0.14744195 -0.44232586 -0.88465172
vn -0.27472112 0.00000000 0.96152395
vn -0.16439898 0.00000000 -0.98639393
vn -0.00000000 0.00000000 1.00000000
vn -0.16439898 0.00000000 -0.98639393
vn 0.00000000 0.00000000 1.00000000
vn -0.16439898 0.00000000 -0.98639393
vn -0.35112345 0.00000000 0.93632919
vn -0.16439898 0.00000000 -0.98639393
vn -0.60000002 0.00000000 0.80000001
vn -0.14142136 0.00000000 -0.98994946
vn -0.60000002 0.00000000 0.80000001
vn -0.60000002 0.00000000 -0.80000001
vn -0.60000002 0.00000000 0.80000001
vn -0.16439898 0.00000000 -0.98639393
vn -0.60000002 0.00000000 0.80000001
vn -0.60000002 0.00000000 -0.80000001
vn -0.55470020 0.00000000 0.83205032
vn -0.60000002 0.00000000 -0.80000001
vn -0.60000002 0.00000000 0.80000001
vn -0.44721359 0.89442718 0.00000000
vn -0.44721359 0.89442718 -0.00000000
vn -0.66666669 0.33333334 -0.66666669
vn -0.58123821 0.00000000 0.81373346
vn -0.31622776 0.94868332 0.00000000
vn -0.44721359 0.89442718 -0.00000000
vn -0.44721359 0.89442718 0.00000000
vn -0.39391929 0.91914505 0.00000000
vn -0.51449573 0.85749292 0.00000000
vn -0.39391929 0.91914505 0.00000000
vn -0.44721359 0.89442718 0.00000000
vn 0.55708599 -0.74278134 -0.37139067
vn 0.00000000 -1.00000000 -0.00000000
vn 0.00000000 -1.00000000 0.00000000
vn 0.00000000 -1.00000000 0.00000000
vn 0.14002801 -0.70014006 0.70014006
vn 0.48507124 -0.72760689 -0.48507124
vn 0.00000000 -1.00000000 -0.00000000
vn 0.00000000 -1.00000000 0.00000000
vn 0.00000000 -1.00000000 0.00000000
vn 0.00000000 -0.70710677 0.70710677
vn 0.48507124 -0.72760689 -0.48507124
vn 0.00000000 -0.70710677 0.70710677
vn 0.55708599 -0.74278134 -0.37139067
vn 0.00000000 -0.70710677 0.70710677
vn 0.00000000 -0.49613893 -0.86824316
vn 0.00000000 -0.44721359 0.89442718
vn 0.00000000 -0.44721359 -0.89442718
vn 0.00000000 -0.44721359 0.89442718
vn 0.00000000 -0.44721359 -0.89442718
vn 0.00000000 -0.44721359 0.89442718
vn 0.00000000 0.00000000 -1.00000000
vn 0.00000000 0.00000000 1.00000000
vn -0.14744195 -0.44232586 -0.88465172
vn 0.00000000 -0.44721359 0.89442718
vn 0.00000000 -0.49613893 -0.86824316
vn 0.00000000 -0.44721359 0.89442718
vn 0.00000000 0.00000000 -1.00000000
vn 0.00000000 0.00000000 1.00000000
vn -0.12309149 -0.49236596 -0.86164045
vn 0.00000000 -0.49613893 0.86824316
vn -0.13018891 -0.39056674 -0.91132236
vn -0.14744195 -0.44232586 0.88465172
vn 0.00000000 0.00000000 -1.00000000
vn 0.00000000 0.00000000 1.00000000
vn 0.00000000 0.00000000 -1.00000000
vn 0.00000000 0.00000000 1.00000000
vn -0.12309149 -0.49236596 -0.86164045
vn 0.00000000 0.00000000 1.00000000
vn -0.13018891 -0.39056674 -0.91132236
vn 0.00000000 0.00000000 1.00000000
vn 0.00000000 0.00000000 -1.00000000
vn 0.00000000 0.00000000 1.00000000
vn 0.00000000 0.00000000 -1.00000000
vn -0.35112345 0.00000000 0.93632919
vn 0.00000000 0.00000000 -1.00000000
vn -0.00000000 0.00000000 1.00000000
vn -0.27472112 0.00000000 -0.96152395
vn 0.00000000 0.00000000 1.00000000
vn -0.39391929 0.00000000 -0.91914505
vn -0.39391929 0.00000000 0.91914505
vn 0.00000000 0.00000000 -1.00000000
vn -0.44721359 0.00000000 0.89442718
vn -0.24253562 0.00000000 -0.97014248
vn -0.44721359 0.00000000 0.89442718
vn -0.00000000 0.00000000 -1.00000000
vn -0.44721359 0.00000000 0.89442718
vn -0.31622776 0.00000000 -0.94868332
vn -0.44721359 0.00000000 0.89442718
vn -0.60000002 0.00000000 -0.80000001
vn -0.58123821 0.00000000 0.81373346
vn -0.31622776 0.94868332 0.00000000
vn -0.60000002 0.00000000 -0.80000001
vn -0.60000002 0.00000000 0.80000001
vn -0.31622776 0.94868332 -0.00000000
vn -0.51449573 0.51449573 -0.68599433
vn -0.60000002 0.00000000 0.80000001
vn -0.44721359 0.89442718 0.00000000
vn -0.44721359 0.89442718 -0.00000000
vn -0.44721359 0.89442718 0.00000000
vn -0.44721359 0.89442718 0.00000000
vn -0.44721359 0.89442718 0.00000000
vn -0.44721359 0.89442718 0.00000000
vn -0.44721359 0.89442718 0.00000000
vn 0.80000001 -0.60000002 -0.00000000
vn 0.89442718 -0.44721359 0.00000000
vn 0.85749292 -0.51449573 0.00000000
vn 0.00000000 -0.70710677 -0.70710677
vn 0.00000000 -1.00000000 -0.00000000
vn 0.00000000 -1.00000000 0.00000000
vn 0.00000000 -1.00000000 0.00000000
vn 0.00000000 -1.00000000 0.00000000
vn 0.00000000 -1.00000000 0.00000000
vn 0.14002801 -0.70014006 0.70014006
vn 0.00000000 -0.70710677 -0.70710677
vn 0.00000000 -0.70710677 0.70710677
vn 0.00000000 -0.70710677 -0.70710677
vn 0.00000000 -0.70710677 0.70710677
vn 0.00000000 -0.44721359 -0.89442718
vn 0.00000000 -0.44721359 0.89442718
vn 0.00000000 -0.44721359 -0.89442718
vn 0.00000000 -0.44721359 0.89442718
vn 0.00000000 -0.44721359 -0.89442718
vn 0.00000000 -0.44721359 0.89442718
vn 0.00000000 -0.49613893 -0.86824316
vn 0.00000000 0.00000000 1.00000000
vn -0.15617377 -0.31234753 -0.93704259
vn 0.00000000 -0.44721359 0.89442718
vn 0.00000000 0.00000000 -1.00000000
vn 0.00000000 -0.44721359 0.89442718
vn 0.00000000 -0.49613893 -0.86824316
vn 0.00000000 0.00000000 1.00000000
vn -0.15617377 -0.31234753 -0.93704259
vn 0.00000000 -0.44721359 0.89442718
vn 0.00000000 0.00000000 -1.00000000
vn 0.00000000 -0.44721359 0.89442718
vn 0.00000000 0.00000000 -1.00000000
vn 0.00000000 0.00000000 1.00000000
vn -0.12309149 -0.49236596 -0.86164045
vn 0.00000000 0.00000000 1.00000000
vn -0.13018891 -0.39056674 -0.91132236
vn 0.00000000 0.00000000 1.00000000
vn 0.00000000 0.00000000 -1.00000000
vn 0.00000000 0.00000000 1.00000000
vn 0.00000000 0.00000000 -1.00000000
vn 0.00000000 0.00000000 1.00000000
vn -0.27472112 0.00000000 -0.96152395
vn 0.00000000 0.00000000 1.00000000
vn -0.13736056 -0.54944223 -0.82416338
vn -0.35112345 0.00000000 0.93632919
vn -0.14744195 -0.44232586 -0.88465172
vn -0.00000000 0.00000000 1.00000000
vn -0.14142136 0.00000000 -0.98994946
vn 0.00000000 0.00000000 1.00000000
vn -0.00000000 0.00000000 -1.00000000
vn 0.00000000 0.00000000 1.00000000
vn -0.44721359 0.00000000 -0.89442718
vn 0.00000000 0.00000000 1.00000000
vn -0.27472112 0.00000000 -0.96152395
vn 0.00000000 0.00000000 1.00000000
vn -0.00000000 0.00000000 -1.00000000
vn 0.00000000 0.00000000 1.00000000
vn 0.00000000 0.00000000 -1.00000000
vn -0.58123821 0.00000000 0.81373346
vn 0.00000000 0.00000000 -1.00000000
vn -0.60000002 0.00000000 0.80000001
vn -0.60000002 0.00000000 -0.80000001
vn -0.55470020 0.00000000 0.83205032
vn -0.60000002 0.00000000 -0.80000001
vn -0.60000002 0.00000000 0.80000001
vn -0.44721359 0.89442718 0.00000000
vn -0.44721359 0.89442718 -0.00000000
vn -0.44721359 0.89442718 0.00000000
vn -0.44721359 0.89442718 0.00000000
vn -0.44721359 0.89442718 0.00000000
vn -0.44721359 0.89442718 0.00000000
vn -0.44721359 0.89442718 0.00000000
vn 0.11704115 -0.70224690 -0.70224690
vn 0.00000000 -1.00000000 -0.00000000
vn 0.00000000 -1.00000000 0.00000000
vn 0.00000000 -1.00000000 0.00000000
vn 0.00000000 -1.00000000 0.00000000
vn 0.00000000 -1.00000000 0.00000000
vn 0.00000000 -1.00000000 0.00000000
vn 0.00000000 -1.00000000 0.00000000
vn 0.37139067 -0.74278134 0.55708599
vn 0.00000000 -0.70710677 -0.70710677
vn 0.00000000 -1.00000000 0.00000000
vn 0.00000000 -0.70710677 0.70710677
vn 0.00000000 -0.70710677 -0.70710677
vn 0.00000000 -0.70710677 0.70710677
vn 0.00000000 -0.44721359 -0.89442718
vn 0.00000000 -0.44721359 0.89442718
vn 0.00000000 -0.44721359 -0.89442718
vn 0.00000000 -0.44721359 0.89442718
vn 0.00000000 -0.44721359 -0.89442718
vn 0.00000000 -0.44721359 0.89442718
vn 0.00000000 -0.44721359 -0.89442718
vn 0.00000000 0.00000000 1.00000000
vn 0.00000000 -0.44721359 -0.89442718
vn 0.00000000 -0.44721359 0.89442718
vn 0.00000000 0.00000000 -1.00000000
vn 0.00000000 -0.44721359 0.89442718
vn 0.00000000 -0.44721359 -0.89442718
vn 0.00000000 0.00000000 1.00000000
vn 0.00000000 -0.44721359 -0.89442718
vn 0.00000000 -0.44721359 0.89442718
vn 0.00000000 0.00000000 -1.00000000
vn 0.00000000 -0.44721359 0.89442718
vn 0.00000000 -0.49613893 -0.86824316
vn 0.00000000 0.00000000 1.00000000
vn -0.15617377 -0.31234753 -0.93704259
vn 0.00000000 0.00000000 1.00000000
vn 0.00000000 0.00000000 -1.00000000
vn 0.00000000 0.00000000 1.00000000
vn 0.00000000 0.00000000 -1.00000000
vn 0.00000000 0.00000000 1.00000000
vn -0.12309149 -0.49236596 -0.86164045
vn 0.00000000 0.00000000 1.00000000
vn -0.14744195 -0.44232586 -0.88465172
vn 0.00000000 0.00000000 1.00000000
vn -0.14142136 0.00000000 -0.98994946
vn 0.00000000 0.00000000 1.00000000
vn 0.00000000 0.00000000 -1.00000000
vn -0.39391929 0.00000000 0.91914505
vn 0.00000000 0.00000000 -1.00000000
vn -0.00000000 0.00000000 1.00000000
vn -0.27472112 0.00000000 -0.96152395
vn -0.39391929 0.00000000 0.91914505
vn -0.14142136 0.00000000 -0.98994946
vn -0.39391929 0.00000000 0.91914505
vn -0.00000000 0.00000000 -1.00000000
vn -0.60000002 0.00000000 0.80000001
vn -0.51449573 0.00000000 -0.85749292
vn -0.60000002 0.00000000 0.80000001
vn -0.60000002 0.00000000 -0.80000001
vn -0.60000002 0.00000000 0.80000001
vn -0.60000002 0.00000000 -0.80000001
vn -0.60000002 0.00000000 0.80000001
vn -0.60000002 0.00000000 -0.80000001
vn -0.60000002 0.00000000 0.80000001
vn -0.60000002 0.00000000 -0.80000001
vn -0.58123821 0.00000000 0.81373346
vn -0.31622776 0.94868332 0.00000000
vn -0.60000002 0.00000000 -0.80000001
vn -0.60000002 0.00000000 0.80000001
vn -0.44721359 0.89442718 -0.00000000
vn -0.44721359 0.89442718 0.00000000
vn -0.44721359 0.89442718 0.00000000
vn -0.44721359 0.89442718 0.00000000
vn -0.44721359 0.89442718 0.00000000
vn -0.44721359 0.89442718 0.00000000
vn 0.55708599 -0.74278134 -0.37139067
vn 0.00000000 -1.00000000 -0.00000000
vn 0.00000000 -1.00000000 0.00000000
vn 0.00000000 -1.00000000 0.00000000
vn 0.00000000 -1.00000000 0.00000000
vn 0.00000000 -1.00000000 0.00000000
vn 0.00000000 -1.00000000 0.00000000
vn 0.14002801 -0.70014006 0.70014006
vn 0.08804509 -0.70436072 -0.70436072
vn 0.00000000 -1.00000000 -0.00000000
vn 0.00000000 -1.00000000 0.00000000
vn 0.17407766 -0.69631064 0.69631064
vn 0.08804509 -0.70436072 -0.70436072
vn 0.17407766 -0.69631064 0.69631064
vn 0.13018891 -0.39056674 -0.91132236
vn 0.13608277 -0.27216554 0.95257932
vn 0.00000000 -0.51449573 -0.85749292
vn 0.00000000 -0.55470020 0.83205032
vn 0.00000000 -0.44721359 -0.89442718
vn 0.13608277 -0.27216554 0.95257932
vn 0.00000000 -0.44721359 -0.89442718
vn 0.00000000 0.00000000 1.00000000
vn 0.00000000 -0.44721359 -0.89442718
vn 0.00000000 -0.49613893 0.86824316
vn 0.00000000 0.00000000 -1.00000000
vn 0.13608277 -0.27216554 0.95257932
vn 0.00000000 -0.44721359 -0.89442718
vn 0.00000000 0.00000000 1.00000000
vn 0.00000000 -0.44721359 -0.89442718
vn 0.00000000 -0.49613893 0.86824316
vn 0.00000000 0.00000000 -1.00000000
vn 0.13608277 -0.27216554 0.95257932
vn -0.14744195 -0.44232586 -0.88465172
vn 0.00000000 0.00000000 1.00000000
vn 0.00000000 -0.49613893 -0.86824316
vn 0.00000000 0.00000000 1.00000000
vn 0.00000000 0.00000000 -1.00000000
vn 0.00000000 0.00000000 1.00000000
vn -0.12309149 -0.49236596 -0.86164045
vn 0.00000000 0.00000000 1.00000000
vn -0.13018891 -0.39056674 -0.91132236
vn 0.00000000 0.00000000 1.00000000
vn 0.00000000 0.00000000 -1.00000000
vn 0.00000000 0.00000000 1.00000000
vn 0.00000000 0.00000000 -1.00000000
vn 0.00000000 0.00000000 1.00000000
vn -0.27472112 0.00000000 -0.96152395
vn 0.00000000 0.00000000 1.00000000
vn -0.31622776 0.00000000 -0.94868332
vn 0.00000000 0.00000000 1.00000000
vn -0.31622776 0.00000000 -0.94868332
vn 0.00000000 0.00000000 1.00000000
vn -0.44721359 0.00000000 -0.89442718
vn 0.00000000 0.00000000 1.00000000
vn -0.31622776 0.00000000 -0.94868332
vn -0.44721359 0.00000000 0.89442718
vn -0.14142136 0.00000000 -0.98994946
vn -0.44721359 0.00000000 0.89442718
vn -0.60000002 0.00000000 -0.80000001
vn -0.39391929 0.00000000 0.91914505
vn -0.60000002 0.00000000 -0.80000001
vn -0.60000002 0.00000000 0.80000001
vn -0.60000002 0.00000000 -0.80000001
vn -0.55470020 0.00000000 0.83205032
vn -0.60000002 0.00000000 -0.80000001
vn -0.44721359 0.00000000 0.89442718
vn -0.60000002 0.00000000 -0.80000001
vn -0.60000002 0.00000000 0.80000001
vn -0.44721359 0.89442718 0.00000000
vn -0.60000002 0.00000000 -0.80000001
vn -0.60000002 0.00000000 0.80000001
vn -0.44721359 0.89442718 -0.00000000
vn -0.44721359 0.89442718 0.00000000
vn -0.44721359 0.89442718 0.00000000
vn -0.44721359 0.89442718 0.00000000
vn -0.44721359 0.89442718 0.00000000
vn -0.44721359 0.89442718 0.00000000
vn 0.11704115 -0.70224690 -0.70224690
vn 0.00000000 -1.00000000 -0.00000000
vn 0.00000000 -1.00000000 0.00000000
vn 0.00000000 -1.00000000 0.00000000
vn 0.00000000 -1.00000000 0.00000000
vn 0.00000000 -1.00000000 0.00000000
vn 0.37139067 -0.74278134 0.55708599
vn 0.48507124 -0.72760689 -0.48507124
vn 0.00000000 -1.00000000 0.00000000
vn 0.45749572 -0.76249284 0.45749572
vn 0.48507124 -0.72760689 -0.48507124
vn 0.45749572 -0.76249284 0.45749572
vn 0.55708599 -0.74278134 -0.37139067
vn 0.37139067 -0.74278134 0.55708599
vn 0.00000000 -0.70710677 -0.70710677
vn 0.00000000 -0.55470020 0.83205032
vn 0.00000000 -0.44721359 -0.89442718
vn 0.48507124 -0.48507124 0.72760689
vn 0.00000000 -0.44721359 -0.89442718
vn 0.00000000 -0.49613893 0.86824316
vn 0.00000000 -0.44721359 -0.89442718
vn 0.00000000 0.00000000 1.00000000
vn 0.00000000 0.00000000 -1.00000000
vn 0.48507124 -0.48507124 0.72760689
vn -0.14744195 -0.44232586 -0.88465172
vn 0.00000000 -0.49613893 0.86824316
vn 0.00000000 -0.49613893 -0.86824316
vn 0.00000000 0.00000000 1.00000000
vn 0.00000000 -0.49613893 -0.86824316
vn 0.48507124 -0.48507124 0.72760689
vn -0.15617377 -0.31234753 -0.93704259
vn 0.00000000 -0.49613893 0.86824316
vn 0.00000000 0.00000000 -1.00000000
vn 0.00000000 0.00000000 1.00000000
vn 0.00000000 -0.49613893 -0.86824316
vn 0.00000000 0.00000000 1.00000000
vn -0.15617377 -0.31234753 -0.93704259
vn 0.00000000 0.00000000 1.00000000
vn 0.00000000 0.00000000 -1.00000000
vn 0.00000000 0.00000000 1.00000000
vn 0.00000000 0.00000000 -1.00000000
vn 0.00000000 0.00000000 1.00000000
vn -0.12309149 -0.49236596 -0.86164045
vn 0.00000000 0.00000000 1.00000000
vn -0.14744195 -0.44232586 -0.88465172
vn 0.00000000 0.00000000 1.00000000
vn -0.16439898 0.00000000 -0.98639393
vn -0.39391929 0.00000000 0.91914505
vn -0.16439898 0.00000000 -0.98639393
vn -0.00000000 0.00000000 1.00000000
vn -0.14142136 0.00000000 -0.98994946
vn -0.39391929 0.00000000 0.91914505
vn -0.00000000 0.00000000 -1.00000000
vn -0.00000000 0.00000000 1.00000000
vn -0.44721359 0.00000000 -0.89442718
vn 0.00000000 0.00000000 1.00000000
vn -0.27472112 0.00000000 -0.96152395
vn 0.00000000 0.00000000 1.00000000
vn -0.60000002 0.00000000 -0.80000001
vn -0.44721359 0.00000000 0.89442718
vn -0.60000002 0.00000000 -0.80000001
vn -0.44721359 0.00000000 0.89442718
vn -0.60000002 0.00000000 -0.80000001
vn 0.00000000 0.89442718 0.44721359
vn -0.31622776 0.94868332 0.00000000
vn -0.60000002 0.00000000 -0.80000001
vn -0.58123821 0.00000000 0.81373346
vn -0.60000002 0.00000000 -0.80000001
vn -0.60000002 0.00000000 0.80000001
vn -0.60000002 0.00000000 -0.80000001
vn -0.60000002 0.00000000 0.80000001
vn -0.44721359 0.89442718 -0.00000000
vn -0.44721359 0.89442718 0.00000000
vn -0.44721359 0.89442718 0.00000000
vn -0.44721359 0.89442718 0.00000000
vn -0.44721359 0.89442718 0.00000000
vn -0.44721359 0.89442718 0.00000000
vn 0.55708599 -0.74278134 -0.37139067
vn 0.00000000 -1.00000000 -0.00000000
vn 0.00000000 -1.00000000 0.00000000
vn 0.00000000 -1.00000000 0.00000000
vn 0.00000000 -1.00000000 0.00000000
vn 0.14002801 -0.70014006 0.70014006
vn 0.00000000 -0.70710677 -0.70710677
vn 0.00000000 -1.00000000 -0.00000000
vn 0.00000000 -1.00000000 0.00000000
vn 0.00000000 -0.70710677 0.70710677
vn 0.00000000 -0.70710677 -0.70710677
vn 0.00000000 -0.70710677 0.70710677
vn 0.00000000 -0.70710677 -0.70710677
vn 0.00000000 -0.70710677 0.70710677
vn 0.00000000 -0.70710677 -0.70710677
vn 0.00000000 -0.44721359 0.89442718
vn 0.00000000 -0.44721359 -0.89442718
vn 0.00000000 -0.44721359 0.89442718
vn 0.00000000 -0.44721359 -0.89442718
vn 0.00000000 -0.44721359 0.89442718
vn 0.00000000 -0.44721359 -0.89442718
vn 0.00000000 0.00000000 1.00000000
vn 0.00000000 -0.49613893 -0.86824316
vn 0.00000000 -0.44721359 0.89442718
vn -0.15617377 -0.31234753 -0.93704259
vn 0.00000000 -0.44721359 0.89442718
vn 0.00000000 0.00000000 -1.00000000
vn 0.00000000 0.00000000 1.00000000
vn 0.00000000 -0.44721359 -0.89442718
vn 0.00000000 -0.49613893 0.86824316
vn 0.00000000 -0.44721359 -0.89442718
vn 0.13608277 -0.27216554 0.95257932
vn 0.00000000 0.00000000 -1.00000000
vn 0.00000000 0.00000000 1.00000000
vn -0.14744195 -0.44232586 -0.88465172
vn 0.00000000 0.00000000 1.00000000
vn 0.00000000 -0.49613893 -0.86824316
vn 0.00000000 0.00000000 1.00000000
vn 0.00000000 0.00000000 -1.00000000
vn 0.00000000 0.00000000 1.00000000
vn -0.12309149 -0.49236596 -0.86164045
vn 0.00000000 0.00000000 1.00000000
vn -0.13018891 -0.39056674 -0.91132236
vn 0.00000000 0.00000000 1.00000000
vn 0.00000000 0.00000000 -1.00000000
vn 0.00000000 0.00000000 1.00000000
vn 0.00000000 0.00000000 -1.00000000
vn 0.00000000 0.00000000 1.00000000
vn 0.00000000 0.00000000 -1.00000000
vn 0.00000000 0.00000000 1.00000000
vn 0.00000000 0.00000000 -1.00000000
vn 0.00000000 0.00000000 1.00000000
vn -0.27472112 0.00000000 -0.96152395
vn 0.00000000 0.00000000 1.00000000
vn -0.14142136 0.00000000 -0.98994946
vn -0.44721359 0.00000000 0.89442718
vn -0.00000000 0.00000000 -1.00000000
vn -0.39391929 0.00000000 0.91914505
vn -0.27472112 0.00000000 -0.96152395
vn -0.00000000 0.00000000 1.00000000
vn -0.60000002 0.00000000 -0.80000001
vn 0.00000000 0.00000000 1.00000000
vn -0.60000002 0.00000000 -0.80000001
vn -0.58123821 0.00000000 0.81373346
vn -0.60000002 0.00000000 -0.80000001
vn -0.60000002 0.00000000 0.80000001
vn -0.60000002 0.00000000 -0.80000001
vn -0.60000002 0.00000000 0.80000001
vn -0.70710677 0.00000000 -0.70710677
vn -0.60000002 0.00000000 0.80000001
vn -0.70710677 0.00000000 -0.70710677
vn -0.60000002 0.00000000 0.80000001
vn -0.44721359 0.89442718 -0.00000000
vn -0.44721359 0.89442718 0.00000000
vn -0.44721359 0.89442718 0.00000000
vn -0.44721359 0.89442718 0.00000000
vn -0.44721359 0.89442718 0.00000000
vn -0.44721359 0.89442718 0.00000000
vn 0.55708599 -0.74278134 -0.37139067
vn 0.00000000 -1.00000000 -0.00000000
vn 0.00000000 -1.00000000 0.00000000
vn 0.37139067 -0.74278134 0.55708599
vn 0.11704115 -0.70224690 -0.70224690
vn 0.00000000 -1.00000000 -0.00000000
vn 0.00000000 -1.00000000 0.00000000
vn 0.00000000 -1.00000000 0.00000000
vn 0.00000000 -1.00000000 0.00000000
vn 0.14002801 -0.70014006 0.70014006
vn 0.00000000 -0.70710677 -0.70710677
vn 0.00000000 -0.70710677 0.70710677
vn 0.00000000 -0.70710677 -0.70710677
vn 0.00000000 -0.70710677 0.70710677
vn 0.00000000 -0.70710677 -0.70710677
vn 0.00000000 -0.44721359 0.89442718
vn 0.00000000 -0.44721359 -0.89442718
vn 0.00000000 -0.44721359 0.89442718
vn 0.00000000 -0.44721359 -0.89442718
vn 0.00000000 -0.44721359 0.89442718
vn 0.00000000 -0.44721359 -0.89442718
vn 0.00000000 0.00000000 1.00000000
vn 0.00000000 -0.44721359 -0.89442718
vn 0.00000000 -0.49613893 0.86824316
vn 0.00000000 -0.44721359 -0.89442718
vn 0.13608277 -0.27216554 0.95257932
vn 0.00000000 0.00000000 -1.00000000
vn 0.00000000 0.00000000 1.00000000
vn 0.00000000 -0.44721359 -0.89442718
vn 0.00000000 0.00000000 1.00000000
vn 0.00000000 -0.44721359 -0.89442718
vn 0.48507124 -0.48507124 0.72760689
vn 0.00000000 -0.49613893 -0.86824316
vn 0.11624764 -0.34874290 0.92998111
vn -0.15617377 -0.31234753 -0.93704259
vn 0.00000000 0.00000000 1.00000000
vn 0.00000000 0.00000000 -1.00000000
vn 0.00000000 0.00000000 1.00000000
vn 0.00000000 -0.49613893 -0.86824316
vn 0.00000000 0.00000000 1.00000000
vn -0.15617377 -0.31234753 -0.93704259
vn 0.00000000 0.00000000 1.00000000
vn 0.00000000 0.00000000 -1.00000000
vn 0.00000000 0.00000000 1.00000000
vn 0.00000000 0.00000000 -1.00000000
vn 0.00000000 0.00000000 1.00000000
vn -0.27472112 0.00000000 -0.96152395
vn 0.00000000 0.00000000 1.00000000
vn -0.31622776 0.00000000 -0.94868332
vn -0.39391929 0.00000000 0.91914505
vn -0.31622776 0.00000000 -0.94868332
vn -0.00000000 0.00000000 1.00000000
vn -0.31622776 0.00000000 -0.94868332
vn -0.39391929 0.00000000 0.91914505
vn -0.44721359 0.00000000 -0.89442718
vn -0.00000000 0.00000000 1.00000000
vn -0.27472112 0.00000000 -0.96152395
vn 0.00000000 0.00000000 1.00000000
vn -0.00000000 0.00000000 -1.00000000
vn -0.44721359 0.00000000 0.89442718
vn -0.27472112 0.00000000 -0.96152395
vn -0.39391929 0.00000000 0.91914505
vn -0.60000002 0.00000000 -0.80000001
vn -0.60000002 0.00000000 0.80000001
vn -0.60000002 0.00000000 -0.80000001
vn -0.60000002 0.00000000 0.80000001
vn -0.60000002 0.00000000 -0.80000001
vn -0.60000002 0.00000000 0.80000001
vn -0.97014248 0.24253562 -0.00000000
vn -0.44721359 0.00000000 -0.89442718
vn -0.60000002 0.00000000 0.80000001
vn -0.55470020 0.00000000 -0.83205032
vn -0.94868332 0.31622776 -0.00000000
vn -0.60000002 0.00000000 0.80000001
vn -0.44721359 0.89442718 -0.00000000
vn -0.66666669 0.33333334 -0.66666669
vn -0.60000002 0.00000000 0.80000001
vn -0.60000002 0.80000001 -0.00000000
vn -0.63960212 0.42640144 -0.63960212
vn -1.00000000 0.00000000 -0.00000000
vn -0.51449573 0.00000000 0.85749292
vn -0.44721359 0.89442718 0.00000000
vn -0.44721359 0.89442718 0.00000000
vn -1.00000000 0.00000000 0.00000000
vn 0.80000001 -0.60000002 -0.00000000
vn 0.85749292 -0.51449573 0.00000000
vn 0.55708599 -0.74278134 -0.37139067
vn 0.00000000 -1.00000000 -0.00000000
vn 0.00000000 -1.00000000 0.00000000
vn 0.00000000 -1.00000000 0.00000000
vn 0.00000000 -1.00000000 0.00000000
vn 0.37139067 -0.74278134 0.55708599
vn 0.11704115 -0.70224690 -0.70224690
vn 0.00000000 -1.00000000 -0.00000000
vn 0.00000000 -1.00000000 0.00000000
vn 0.00000000 -0.70710677 0.70710677
vn 0.00000000 -0.70710677 -0.70710677
vn 0.00000000 -0.70710677 0.70710677
vn 0.00000000 -0.70710677 -0.70710677
vn 0.13608277 -0.27216554 0.95257932
vn 0.13018891 -0.39056674 -0.91132236
vn 0.00000000 -0.55470020 0.83205032
vn 0.00000000 -0.51449573 -0.85749292
vn 0.13608277 -0.27216554 0.95257932
vn 0.00000000 -0.44721359 -0.89442718
vn 0.00000000 0.00000000 1.00000000
vn 0.00000000 -0.44721359 -0.89442718
vn 0.00000000 0.00000000 1.00000000
vn 0.00000000 -0.44721359 -0.89442718
vn 0.48507124 -0.48507124 0.72760689
vn 0.00000000 0.00000000 -1.00000000
vn 0.00000000 -0.49613893 0.86824316
vn -0.14744195 -0.44232586 -0.88465172
vn 0.00000000 0.00000000 1.00000000
vn 0.00000000 -0.49613893 -0.86824316
vn 0.00000000 0.00000000 1.00000000
vn 0.00000000 -0.44721359 -0.89442718
vn 0.48507124 -0.48507124 0.72760689
vn 0.00000000 -0.44721359 -0.89442718
vn 0.00000000 -0.49613893 0.86824316
vn 0.00000000 0.00000000 -1.00000000
vn 0.00000000 0.00000000 1.00000000
vn -0.14744195 -0.44232586 -0.88465172
vn 0.00000000 0.00000000 1.00000000
vn 0.00000000 -0.49613893 -0.86824316
vn 0.00000000 0.00000000 1.00000000
vn 0.00000000 0.00000000 -1.00000000
vn 0.00000000 0.00000000 1.00000000
vn -0.12309149 -0.49236596 -0.86164045
vn 0.00000000 0.00000000 1.00000000
vn -0.14744195 -0.44232586 -0.88465172
vn 0.00000000 0.00000000 1.00000000
vn -0.16439898 0.00000000 -0.98639393
vn 0.00000000 0.00000000 1.00000000
vn -0.16439898 0.00000000 -0.98639393
vn 0.00000000 0.00000000 1.00000000
vn -0.16439898 0.00000000 -0.98639393
vn 0.00000000 0.00000000 1.00000000
vn -0.14142136 0.00000000 -0.98994946
vn 0.00000000 0.00000000 1.00000000
vn -0.00000000 0.00000000 -1.00000000
vn -0.39391929 0.00000000 0.91914505
vn -0.51449573 0.00000000 -0.85749292
vn -0.00000000 0.00000000 1.00000000
vn -0.00000000 0.00000000 -1.00000000
vn 0.00000000 0.00000000 1.00000000
vn -0.51449573 0.00000000 -0.85749292
vn -0.39391929 0.00000000 0.91914505
vn -0.60000002 0.00000000 -0.80000001
vn -0.60000002 0.00000000 0.80000001
vn -0.60000002 0.00000000 -0.80000001
vn -0.60000002 0.00000000 0.80000001
vn -0.44721359 0.00000000 -0.89442718
vn -0.60000002 0.00000000 0.80000001
vn -0.60000002 0.00000000 -0.80000001
vn -0.60000002 0.00000000 0.80000001
vn -0.70710677 0.00000000 -0.70710677
vn -0.60000002 0.00000000 0.80000001
vn -0.70710677 0.00000000 -0.70710677
vn -0.94868332 0.31622776 -0.00000000
vn -0.60000002 0.00000000 0.80000001
vn -0.60000002 0.80000001 -0.00000000
vn -0.63960212 0.42640144 -0.63960212
vn -0.94868332 0.31622776 -0.00000000
vn -0.97014248 0.24253562 0.00000000
vn -0.58123821 0.00000000 0.81373346
vn -0.44721359 0.89442718 0.00000000
vn -0.60000002 0.80000001 -0.00000000
vn -0.44721359 0.89442718 0.00000000
vn -0.44721359 0.89442718 0.00000000
vn 0.11704115 -0.70224690 -0.70224690
vn 0.00000000 -1.00000000 -0.00000000
vn 0.00000000 -1.00000000 0.00000000
vn 0.00000000 -1.00000000 0.00000000
vn 0.00000000 -1.00000000 0.00000000
vn 0.00000000 -1.00000000 0.00000000
vn 0.00000000 -1.00000000 0.00000000
vn 0.14002801 -0.70014006 0.70014006
vn 0.55708599 -0.74278134 -0.37139067
vn 0.00000000 -1.00000000 0.00000000
vn 0.17407766 -0.69631064 0.69631064
vn 0.08804509 -0.70436072 -0.70436072
vn 0.00000000 -1.00000000 -0.00000000
vn 0.15617377 -0.31234753 0.93704259
vn 0.14744195 -0.44232586 -0.88465172
vn 0.48507124 -0.48507124 0.72760689
vn 0.63960212 -0.63960212 -0.42640144
vn 0.00000000 -0.55470020 0.83205032
vn 0.00000000 -0.70710677 -0.70710677
vn 0.48507124 -0.48507124 0.72760689
vn 0.00000000 -0.44721359 -0.89442718
vn 0.00000000 -0.49613893 0.86824316
vn 0.00000000 -0.44721359 -0.89442718
vn 0.00000000 0.00000000 1.00000000
vn 0.00000000 -0.44721359 -0.89442718
vn 0.00000000 -0.49613893 0.86824316
vn 0.00000000 -0.49613893 -0.86824316
vn 0.13608277 -0.27216554 0.95257932
vn -0.15617377 -0.31234753 -0.93704259
vn 0.00000000 0.00000000 1.00000000
vn 0.00000000 0.00000000 -1.00000000
vn 0.00000000 0.00000000 1.00000000
vn 0.00000000 -0.44721359 -0.89442718
vn 0.00000000 -0.49613893 0.86824316
vn 0.00000000 -0.44721359 -0.89442718
vn 0.13608277 -0.27216554 0.95257932
vn 0.00000000 -0.49613893 -0.86824316
vn 0.00000000 0.00000000 1.00000000
vn -0.15617377 -0.31234753 -0.93704259
vn 0.00000000 0.00000000 1.00000000
vn 0.00000000 0.00000000 -1.00000000
vn 0.00000000 0.00000000 1.00000000
vn 0.00000000 -0.49613893 -0.86824316
vn 0.00000000 0.00000000 1.00000000
vn -0.15617377 -0.31234753 -0.93704259
vn 0.00000000 0.00000000 1.00000000
vn 0.00000000 0.00000000 -1.00000000
vn 0.00000000 0.00000000 1.00000000
vn 0.00000000 0.00000000 -1.00000000
vn 0.00000000 0.00000000 1.00000000
vn 0.00000000 0.00000000 -1.00000000
vn -0.39391929 0.00000000 0.91914505
vn -0.27472112 0.00000000 -0.96152395
vn -0.00000000 0.00000000 1.00000000
vn -0.44721359 0.00000000 -0.89442718
vn -0.35112345 0.00000000 0.93632919
vn -0.31622776 0.00000000 -0.94868332
vn -0.00000000 0.00000000 1.00000000
vn -0.14142136 0.00000000 -0.98994946
vn -0.44721359 0.00000000 0.89442718
vn -0.60000002 0.00000000 -0.80000001
vn -0.39391929 0.00000000 0.91914505
vn -0.16439898 0.00000000 -0.98639393
vn -0.00000000 0.00000000 1.00000000
vn -0.60000002 0.00000000 -0.80000001
vn -0.44721359 0.00000000 0.89442718
vn -0.60000002 0.00000000 -0.80000001
vn -0.39391929 0.00000000 0.91914505
vn -0.44721359 0.00000000 -0.89442718
vn -0.60000002 0.00000000 0.80000001
vn -0.60000002 0.00000000 -0.80000001
vn -0.60000002 0.00000000 0.80000001
vn -0.97014248 0.24253562 -0.00000000
vn -0.44721359 0.00000000 -0.89442718
vn -0.60000002 0.00000000 0.80000001
vn -0.55470020 0.00000000 -0.83205032
vn -0.97014248 0.24253562 -0.00000000
vn -0.60000002 0.00000000 0.80000001
vn -0.70710677 0.00000000 -0.70710677
vn -0.94868332 0.31622776 -0.00000000
vn -0.60000002 0.00000000 0.80000001
vn -0.60000002 0.80000001 -0.00000000
vn -0.63960212 0.42640144 -0.63960212
vn -0.94868332 0.31622776 -0.00000000
vn -0.60000002 0.00000000 0.80000001
vn -0.44721359 0.89442718 0.00000000
vn -0.60000002 0.80000001 -0.00000000
vn -0.44721359 0.89442718 0.00000000
vn -0.44721359 0.89442718 0.00000000
vn -0.44721359 0.89442718 0.00000000
vn 0.55708599 -0.74278134 -0.37139067
vn 0.00000000 -1.00000000 -0.00000000
vn 0.00000000 -1.00000000 0.00000000
vn 0.00000000 -1.00000000 0.00000000
vn 0.00000000 -1.00000000 0.00000000
vn 0.37139067 -0.74278134 0.55708599
vn 0.00000000 -0.70710677 -0.70710677
vn 0.00000000 -1.00000000 -0.00000000
vn 0.00000000 -1.00000000 0.00000000
vn 0.45749572 -0.76249284 0.45749572
vn 0.48507124 -0.72760689 -0.48507124
vn 0.37139067 -0.74278134 0.55708599
vn 0.55708599 -0.74278134 -0.37139067
vn 0.00000000 -0.70710677 0.70710677
vn 0.00000000 -0.70710677 -0.70710677
vn 0.00000000 -0.44721359 0.89442718
vn 0.00000000 -0.70710677 -0.70710677
vn 0.00000000 -0.44721359 0.89442718
vn 0.00000000 -0.44721359 -0.89442718
vn 0.00000000 -0.44721359 0.89442718
vn 0.00000000 -0.44721359 -0.89442718
vn 0.00000000 0.00000000 1.00000000
vn 0.00000000 -0.44721359 -0.89442718
vn 0.00000000 0.00000000 1.00000000
vn 0.00000000 -0.44721359 -0.89442718
vn 0.48507124 -0.48507124 0.72760689
vn 0.00000000 -0.44721359 -0.89442718
vn 0.00000000 -0.49613893 0.86824316
vn 0.00000000 0.00000000 -1.00000000
vn 0.00000000 0.00000000 1.00000000
vn -0.14744195 -0.44232586 -0.88465172
vn 0.00000000 0.00000000 1.00000000
vn 0.00000000 -0.49613893 -0.86824316
vn 0.48507124 -0.48507124 0.72760689
vn 0.00000000 -0.44721359 -0.89442718
vn 0.00000000 -0.49613893 0.86824316
vn 0.00000000 -0.44721359 -0.89442718
vn 0.00000000 0.00000000 1.00000000
vn 0.00000000 0.00000000 -1.00000000
vn 0.00000000 0.00000000 1.00000000
vn -0.14744195 -0.44232586 -0.88465172
vn 0.00000000 0.00000000 1.00000000
vn 0.00000000 -0.49613893 -0.86824316
vn 0.00000000 0.00000000 1.00000000
vn 0.00000000 0.00000000 -1.00000000
vn 0.00000000 0.00000000 1.00000000
vn -0.27472112 0.00000000 -0.96152395
vn 0.00000000 0.00000000 1.00000000
vn -0.13736056 -0.54944223 -0.82416338
vn 0.00000000 0.00000000 1.00000000
vn -0.14744195 -0.44232586 -0.88465172
vn 0.00000000 0.00000000 1.00000000
vn -0.14142136 0.00000000 -0.98994946
vn 0.00000000 0.00000000 1.00000000
vn -0.00000000 0.00000000 -1.00000000
vn -0.39391929 0.00000000 0.91914505
vn -0.37139067 0.00000000 -0.92847669
vn -0.00000000 0.00000000 1.00000000
vn -0.51449573 0.00000000 -0.85749292
vn 0.00000000 0.00000000 1.00000000
vn -0.00000000 0.00000000 -1.00000000
vn -0.39391929 0.00000000 0.91914505
vn -0.51449573 0.00000000 -0.85749292
vn -0.00000000 0.00000000 1.00000000
vn -0.60000002 0.00000000 -0.80000001
vn 0.00000000 0.00000000 1.00000000
vn -0.44721359 0.00000000 -0.89442718
vn -0.39391929 0.00000000 0.91914505
vn -0.60000002 0.00000000 -0.80000001
vn -0.60000002 0.00000000 0.80000001
vn -0.51449573 0.00000000 -0.85749292
vn -0.60000002 0.00000000 0.80000001
vn -0.70710677 0.00000000 -0.70710677
vn -0.60000002 0.00000000 0.80000001
vn -0.97014248 0.24253562 -0.00000000
vn -0.44721359 0.00000000 -0.89442718
vn -0.60000002 0.00000000 0.80000001
vn -0.55470020 0.00000000 -0.83205032
vn -0.97014248 0.24253562 -0.00000000
vn -0.60000002 0.00000000 0.80000001
vn -0.70710677 0.00000000 -0.70710677
vn -1.00000000 0.00000000 -0.00000000
vn -0.98639393 0.16439898 0.00000000
vn -0.55470020 0.00000000 0.83205032
vn -0.44721359 0.89442718 0.00000000
vn -0.60000002 0.80000001 -0.00000000
vn -0.44721359 0.89442718 0.00000000
vn -0.44721359 0.89442718 0.00000000
vn -0.44721359 0.89442718 0.00000000
vn -0.44721359 0.89442718 0.00000000
vn -0.83205032 0.55470020 0.00000000
vn 0.80000001 -0.60000002 -0.00000000
vn 0.89442718 -0.44721359 0.00000000
vn 0.89442718 -0.44721359 0.00000000
vn 0.85749292 -0.51449573 0.00000000
vn 0.11704115 -0.70224690 -0.70224690
vn 0.00000000 -1.00000000 -0.00000000
vn 0.00000000 -1.00000000 0.00000000
vn 0.00000000 -1.00000000 0.00000000
vn 0.00000000 -1.00000000 0.00000000
vn 0.14002801 -0.70014006 0.70014006
vn 0.00000000 -0.70710677 -0.70710677
vn 0.00000000 -0.70710677 0.70710677
vn 0.00000000 -0.70710677 -0.70710677
vn 0.00000000 -0.70710677 0.70710677
vn 0.00000000 -0.70710677 -0.70710677
vn 0.00000000 -0.44721359 0.89442718
vn 0.00000000 -0.70710677 -0.70710677
vn 0.00000000 -0.49613893 0.86824316
vn 0.00000000 -0.44721359 -0.89442718
vn 0.13608277 -0.27216554 0.95257932
vn 0.00000000 -0.44721359 -0.89442718
vn 0.00000000 0.00000000 1.00000000
vn 0.00000000 -0.44721359 -0.89442718
vn 0.00000000 0.00000000 1.00000000
vn 0.00000000 -0.44721359 -0.89442718
vn 0.00000000 -0.44721359 0.89442718
vn 0.00000000 -0.44721359 -0.89442718
vn 0.00000000 -0.44721359 0.89442718
vn 0.00000000 -0.49613893 -0.86824316
vn 0.00000000 0.00000000 1.00000000
vn -0.15617377 -0.31234753 -0.93704259
vn 0.00000000 0.00000000 1.00000000
vn 0.00000000 0.00000000 -1.00000000
vn 0.00000000 -0.49613893 0.86824316
vn 0.00000000 -0.44721359 -0.89442718
vn 0.13608277 -0.27216554 0.95257932
vn 0.00000000 -0.44721359 -0.89442718
vn 0.00000000 0.00000000 1.00000000
vn 0.00000000 -0.49613893 -0.86824316
vn 0.00000000 0.00000000 1.00000000
vn -0.15617377 -0.31234753 -0.93704259
vn 0.00000000 0.00000000 1.00000000
vn 0.00000000 0.00000000 -1.00000000
vn 0.00000000 0.00000000 1.00000000
vn 0.00000000 -0.49613893 -0.86824316
vn 0.00000000 0.00000000 1.00000000
vn -0.18257418 -0.36514837 -0.91287094
vn 0.00000000 0.00000000 1.00000000
vn -0.14142136 0.00000000 -0.98994946
vn 0.00000000 0.00000000 1.00000000
vn 0.00000000 0.00000000 -1.00000000
vn -0.39391929 0.00000000 0.91914505
vn 0.00000000 0.00000000 -1.00000000
vn -0.00000000 0.00000000 1.00000000
vn -0.27472112 0.00000000 -0.96152395
vn 0.00000000 0.00000000 1.00000000
vn -0.16439898 0.00000000 -0.98639393
vn 0.00000000 0.00000000 1.00000000
vn -0.14142136 0.00000000 -0.98994946
vn -0.39391929 0.00000000 0.91914505
vn -0.60000002 0.00000000 -0.80000001
vn -0.00000000 0.00000000 1.00000000
vn -0.44721359 0.00000000 -0.89442718
vn -0.44721359 0.00000000 0.89442718
vn -0.60000002 0.00000000 -0.80000001
vn -0.39391929 0.00000000 0.91914505
vn -0.44721359 0.00000000 -0.89442718
vn -0.00000000 0.00000000 1.00000000
vn -0.60000002 0.00000000 -0.80000001
vn -0.44721359 0.00000000 0.89442718
vn -0.44721359 0.00000000 -0.89442718
vn -0.39391929 0.00000000 0.91914505
vn -0.97014248 0.24253562 -0.00000000
vn -0.44721359 0.00000000 -0.89442718
vn -0.60000002 0.00000000 0.80000001
vn -0.55470020 0.00000000 -0.83205032
vn -0.60000002 0.00000000 0.80000001
vn -0.70710677 0.00000000 -0.70710677
vn -0.60000002 0.00000000 0.80000001
vn -0.97014248 0.24253562 -0.00000000
vn -0.51449573 0.00000000 -0.85749292
vn -0.60000002 0.00000000 0.80000001
vn -0.70710677 0.00000000 -0.70710677
vn -0.94868332 0.31622776 -0.00000000
vn -0.97014248 0.24253562 0.00000000
vn -0.58123821 0.00000000 0.81373346
vn -0.60000002 0.80000001 -0.00000000
vn -0.63960212 0.42640144 -0.63960212
vn -1.00000000 0.00000000 -0.00000000
vn -1.00000000 0.00000000 0.00000000
vn -1.00000000 0.00000000 0.00000000
vn -1.00000000 0.00000000 0.00000000
vn -0.58123821 0.00000000 0.81373346
vn -0.44721359 0.89442718 0.00000000
vn -0.60000002 0.80000001 -0.00000000
vn -0.44721359 0.89442718 0.00000000
vn -0.44721359 0.89442718 0.00000000
vn -0.44721359 0.89442718 0.00000000
vn 0.55708599 -0.74278134 -0.37139067
vn 0.00000000 -1.00000000 -0.00000000
vn 0.00000000 -1.00000000 0.00000000
vn 0.00000000 -1.00000000 0.00000000
vn 0.00000000 -1.00000000 0.00000000
vn 0.00000000 -1.00000000 0.00000000
vn 0.00000000 -1.00000000 0.00000000
vn 0.37139067 -0.74278134 0.55708599
vn 0.11704115 -0.70224690 -0.70224690
vn 0.00000000 -1.00000000 -0.00000000
vn 0.00000000 -1.00000000 0.00000000
vn 0.17407766 -0.69631064 0.69631064
vn 0.00000000 -0.70710677 -0.70710677
vn 0.17407766 -0.69631064 0.69631064
vn 0.00000000 -0.70710677 -0.70710677
vn 0.13608277 -0.27216554 0.95257932
vn 0.00000000 -0.70710677 -0.70710677
vn 0.00000000 0.00000000 1.00000000
vn 0.00000000 -0.44721359 -0.89442718
vn 0.48507124 -0.48507124 0.72760689
vn 0.00000000 -0.44721359 -0.89442718
vn 0.00000000 -0.49613893 0.86824316
vn 0.00000000 -0.44721359 -0.89442718
vn 0.00000000 0.00000000 1.00000000
vn 0.00000000 -0.44721359 -0.89442718
vn 0.00000000 -0.49613893 0.86824316
vn 0.00000000 -0.44721359 -0.89442718
vn 0.13608277 -0.27216554 0.95257932
vn 0.00000000 -0.44721359 -0.89442718
vn 0.00000000 0.00000000 1.00000000
vn 0.00000000 -0.44721359 -0.89442718
vn 0.00000000 0.00000000 1.00000000
vn 0.00000000 0.00000000 -1.00000000
vn 0.00000000 0.00000000 1.00000000
vn -0.14744195 -0.44232586 -0.88465172
vn 0.48507124 -0.48507124 0.72760689
vn 0.00000000 -0.49613893 -0.86824316
vn 0.00000000 -0.49613893 0.86824316
vn 0.00000000 -0.44721359 -0.89442718
vn 0.00000000 0.00000000 1.00000000
vn 0.00000000 -0.44721359 -0.89442718
vn 0.00000000 0.00000000 1.00000000
vn 0.00000000 0.00000000 -1.00000000
vn 0.00000000 0.00000000 1.00000000
vn -0.14744195 -0.44232586 -0.88465172
vn 0.00000000 0.00000000 1.00000000
vn 0.00000000 -0.49613893 -0.86824316
vn 0.00000000 0.00000000 1.00000000
vn 0.00000000 0.00000000 -1.00000000
vn 0.00000000 0.00000000 1.00000000
vn 0.00000000 0.00000000 -1.00000000
vn 0.00000000 0.00000000 1.00000000
vn -0.27472112 0.00000000 -0.96152395
vn 0.00000000 0.00000000 1.00000000
vn -0.31622776 0.00000000 -0.94868332
vn 0.00000000 0.00000000 1.00000000
vn -0.31622776 0.00000000 -0.94868332
vn -0.39391929 0.00000000 0.91914505
vn -0.44721359 0.00000000 -0.89442718
vn -0.00000000 0.00000000 1.00000000
vn -0.31622776 0.00000000 -0.94868332
vn -0.39391929 0.00000000 0.91914505
vn -0.14142136 0.00000000 -0.98994946
vn -0.00000000 0.00000000 1.00000000
vn -0.60000002 0.00000000 -0.80000001
vn 0.00000000 0.00000000 1.00000000
vn -0.44721359 0.00000000 -0.89442718
vn -0.39391929 0.00000000 0.91914505
vn -0.60000002 0.00000000 -0.80000001
vn -0.00000000 0.00000000 1.00000000
vn -0.44721359 0.00000000 -0.89442718
vn 0.00000000 0.00000000 1.00000000
vn -0.44721359 0.00000000 -0.89442718
vn -0.39391929 0.00000000 0.91914505
vn -0.60000002 0.00000000 -0.80000001
vn -0.60000002 0.00000000 0.80000001
vn -0.97014248 0.24253562 -0.00000000
vn -0.51449573 0.00000000 -0.85749292
vn -0.60000002 0.00000000 0.80000001
vn -0.70710677 0.00000000 -0.70710677
vn -0.60000002 0.00000000 0.80000001
vn -0.97014248 0.24253562 -0.00000000
vn -0.51449573 0.00000000 -0.85749292
vn -0.60000002 0.00000000 0.80000001
vn -0.70710677 0.00000000 -0.70710677
vn -0.97014248 0.24253562 -0.00000000
vn -0.60000002 0.00000000 0.80000001
vn -0.70710677 0.00000000 -0.70710677
vn -1.00000000 0.00000000 -0.00000000
vn -0.98639393 0.16439898 0.00000000
vn -0.60000002 0.00000000 0.80000001
vn -0.44721359 0.89442718 0.00000000
vn -0.70710677 0.00000000 -0.70710677
vn -1.00000000 0.00000000 -0.00000000
vn -1.00000000 0.00000000 0.00000000
vn -0.51449573 0.00000000 0.85749292
vn -0.44721359 0.89442718 0.00000000
vn -0.44721359 0.89442718 0.00000000
vn -0.60000002 0.80000001 -0.00000000
vn -0.83205032 0.55470020 0.00000000
vn 0.55708599 -0.74278134 -0.37139067
vn 0.00000000 -1.00000000 -0.00000000
vn 0.00000000 -1.00000000 0.00000000
vn 0.00000000 -1.00000000 0.00000000
vn 0.00000000 -1.00000000 0.00000000
vn 0.00000000 -1.00000000 0.00000000
vn 0.14002801 -0.70014006 0.70014006
vn 0.55708599 -0.74278134 -0.37139067
vn 0.00000000 -1.00000000 -0.00000000
vn 0.45749572 -0.76249284 0.45749572
vn 0.11704115 -0.70224690 -0.70224690
vn 0.00000000 -1.00000000 -0.00000000
vn 0.45749572 -0.76249284 0.45749572
vn 0.00000000 -0.70710677 -0.70710677
vn 0.37139067 -0.74278134 0.55708599
vn 0.00000000 -0.70710677 -0.70710677
vn 0.00000000 -0.49613893 0.86824316
vn 0.00000000 -0.44721359 -0.89442718
vn 0.00000000 -0.44721359 0.89442718
vn 0.00000000 -0.44721359 -0.89442718
vn 0.00000000 -0.44721359 0.89442718
vn 0.00000000 -0.44721359 -0.89442718
vn 0.00000000 0.00000000 1.00000000
vn 0.00000000 -0.44721359 -0.89442718
vn 0.00000000 0.00000000 1.00000000
vn 0.00000000 -0.44721359 -0.89442718
vn 0.48507124 -0.48507124 0.72760689
vn 0.00000000 -0.44721359 -0.89442718
vn 0.00000000 -0.49613893 0.86824316
vn 0.00000000 -0.44721359 -0.89442718
vn 0.00000000 0.00000000 1.00000000
vn 0.00000000 -0.49613893 -0.86824316
vn 0.00000000 0.00000000 1.00000000
vn -0.15617377 -0.31234753 -0.93704259
vn 0.00000000 -0.44721359 0.89442718
vn 0.00000000 0.00000000 -1.00000000
vn 0.00000000 -0.44721359 0.89442718
vn 0.00000000 -0.44721359 -0.89442718
vn 0.00000000 0.00000000 1.00000000
vn 0.00000000 -0.44721359 -0.89442718
vn 0.00000000 0.00000000 1.00000000
vn 0.00000000 -0.49613893 -0.86824316
vn 0.00000000 0.00000000 1.00000000
vn -0.15617377 -0.31234753 -0.93704259
vn 0.00000000 0.00000000 1.00000000
vn 0.00000000 0.00000000 -1.00000000
vn 0.00000000 0.00000000 1.00000000
vn 0.00000000 0.00000000 -1.00000000
vn 0.00000000 0.00000000 1.00000000
vn -0.12309149 -0.49236596 -0.86164045
vn 0.00000000 0.00000000 1.00000000
vn -0.14744195 -0.44232586 -0.88465172
vn -0.39391929 0.00000000 0.91914505
vn -0.16439898 0.00000000 -0.98639393
vn -0.00000000 0.00000000 1.00000000
vn -0.16439898 0.00000000 -0.98639393
vn 0.00000000 0.00000000 1.00000000
vn -0.14142136 0.00000000 -0.98994946
vn 0.00000000 0.00000000 1.00000000
vn -0.00000000 0.00000000 -1.00000000
vn 0.00000000 0.00000000 1.00000000
vn -0.37139067 0.00000000 -0.92847669
vn 0.00000000 0.00000000 1.00000000
vn -0.52999896 0.00000000 -0.84799832
vn -0.44721359 0.00000000 0.89442718
vn -0.16439898 0.00000000 -0.98639393
vn -0.00000000 0.00000000 1.00000000
vn -0.60000002 0.00000000 -0.80000001
vn -0.39391929 0.00000000 0.91914505
vn -0.44721359 0.00000000 -0.89442718
vn -0.39391929 0.00000000 0.91914505
vn -0.44721359 0.00000000 -0.89442718
vn -0.00000000 0.00000000 1.00000000
vn -0.60000002 0.00000000 -0.80000001
vn -0.44721359 0.00000000 0.89442718
vn -0.44721359 0.00000000 -0.89442718
vn -0.39391929 0.00000000 0.91914505
vn -0.97014248 0.24253562 -0.00000000
vn -0.44721359 0.00000000 -0.89442718
vn -0.60000002 0.00000000 0.80000001
vn -1.00000000 0.00000000 -0.00000000
vn -0.51449573 0.00000000 -0.85749292
vn -0.60000002 0.00000000 0.80000001
vn -0.70710677 0.00000000 -0.70710677
vn -0.97014248 0.24253562 -0.00000000
vn -0.60000002 0.00000000 0.80000001
vn -1.00000000 0.00000000 -0.00000000
vn -0.44721359 0.00000000 -0.89442718
vn -0.98639393 0.16439898 0.00000000
vn -0.60000002 0.00000000 0.80000001
vn -1.00000000 0.00000000 -0.00000000
vn -0.51449573 0.00000000 -0.85749292
vn -1.00000000 0.00000000 0.00000000
vn -0.98639393 0.16439898 0.00000000
vn -0.60000002 0.00000000 0.80000001
vn -0.44721359 0.89442718 0.00000000
vn -0.70710677 0.00000000 -0.70710677
vn -1.00000000 0.00000000 -0.00000000
vn -1.00000000 0.00000000 0.00000000
vn -0.98639393 0.16439898 0.00000000
vn -0.97014248 0.24253562 0.00000000
vn -0.58123821 0.00000000 0.81373346
vn -0.44721359 0.89442718 0.00000000
vn -0.60000002 0.80000001 -0.00000000
vn -0.44721359 0.89442718 0.00000000
vn -0.44721359 0.89442718 0.00000000
vn -0.44721359 0.89442718 0.00000000
vn -0.44721359 0.89442718 0.00000000
vn -0.44721359 0.89442718 0.00000000
vn 0.80000001 -0.60000002 -0.00000000
vn 0.74535596 -0.59628481 -0.29814240
vn 0.00000000 -1.00000000 0.00000000
vn 0.51449573 -0.68599433 0.51449573
vn 0.85749292 -0.51449573 0.00000000
vn 0.11704115 -0.70224690 -0.70224690
vn 0.00000000 -1.00000000 -0.00000000
vn 0.00000000 -1.00000000 0.00000000
vn 0.00000000 -1.00000000 0.00000000
vn 0.00000000 -0.70710677 0.70710677
vn 0.55708599 -0.74278134 -0.37139067
vn 0.00000000 -0.70710677 0.70710677
vn 0.08804509 -0.70436072 -0.70436072
vn 0.00000000 -1.00000000 -0.00000000
vn 0.00000000 -0.70710677 0.70710677
vn 0.08804509 -0.70436072 -0.70436072
vn 0.00000000 -0.44721359 0.89442718
vn 0.13018891 -0.39056674 -0.91132236
vn 0.00000000 -0.44721359 0.89442718
vn 0.00000000 -0.51449573 -0.85749292
vn 0.00000000 -0.44721359 0.89442718
vn 0.00000000 -0.44721359 -0.89442718
vn 0.00000000 0.00000000 1.00000000
vn -0.14744195 -0.44232586 -0.88465172
vn 0.00000000 0.00000000 1.00000000
vn 0.00000000 -0.49613893 -0.86824316
vn 0.00000000 -0.44721359 0.89442718
vn 0.00000000 -0.44721359 -0.89442718
vn 0.00000000 -0.44721359 0.89442718
vn 0.00000000 -0.44721359 -0.89442718
vn 0.00000000 0.00000000 1.00000000
vn 0.00000000 -0.44721359 -0.89442718
vn 0.00000000 0.00000000 1.00000000
vn 0.00000000 -0.44721359 -0.89442718
vn 0.00000000 -0.49613893 0.86824316
vn 0.00000000 0.00000000 -1.00000000
vn 0.13608277 -0.27216554 0.95257932
vn 0.00000000 -0.44721359 -0.89442718
vn 0.00000000 0.00000000 1.00000000
vn 0.00000000 -0.44721359 -0.89442718
vn 0.00000000 0.00000000 1.00000000
vn 0.00000000 -0.44721359 -0.89442718
vn 0.00000000 0.00000000 1.00000000
vn 0.00000000 -0.44721359 -0.89442718
vn 0.00000000 0.00000000 1.00000000
vn 0.00000000 0.00000000 -1.00000000
vn 0.00000000 0.00000000 1.00000000
vn 0.00000000 -0.49613893 -0.86824316
vn 0.00000000 0.00000000 1.00000000
vn -0.15617377 -0.31234753 -0.93704259
vn 0.00000000 0.00000000 1.00000000
vn 0.00000000 0.00000000 -1.00000000
vn 0.00000000 0.00000000 1.00000000
vn 0.00000000 0.00000000 -1.00000000
vn 0.00000000 0.00000000 1.00000000
vn 0.00000000 0.00000000 -1.00000000
vn 0.00000000 0.00000000 1.00000000
vn 0.00000000 0.00000000 -1.00000000
vn -0.39391929 0.00000000 0.91914505
vn -0.27472112 0.00000000 -0.96152395
vn -0.00000000 0.00000000 1.00000000
vn -0.16439898 0.00000000 -0.98639393
vn -0.39391929 0.00000000 0.91914505
vn -0.14142136 0.00000000 -0.98994946
vn -0.00000000 0.00000000 1.00000000
vn -0.00000000 0.00000000 -1.00000000
vn 0.00000000 0.00000000 1.00000000
vn -0.49613893 0.00000000 -0.86824316
vn 0.00000000 0.00000000 1.00000000
vn -0.49613893 0.00000000 -0.86824316
vn 0.00000000 0.00000000 1.00000000
vn -0.16439898 0.00000000 -0.98639393
vn -0.44721359 0.00000000 0.89442718
vn -0.60000002 0.00000000 -0.80000001
vn -0.00000000 0.00000000 1.00000000
vn -0.44721359 0.00000000 -0.89442718
vn 0.00000000 0.00000000 1.00000000
vn -0.44721359 0.00000000 -0.89442718
vn -0.44721359 0.00000000 0.89442718
vn -0.44721359 0.00000000 -0.89442718
vn -0.39391929 0.00000000 0.91914505
vn -0.97014248 0.24253562 -0.00000000
vn -0.44721359 0.00000000 -0.89442718
vn -0.60000002 0.00000000 0.80000001
vn -1.00000000 0.00000000 -0.00000000
vn -0.44721359 0.00000000 -0.89442718
vn -0.60000002 0.00000000 0.80000001
vn -1.00000000 0.00000000 -0.00000000
vn -0.51449573 0.00000000 -0.85749292
vn -0.55470020 0.00000000 0.83205032
vn -0.70710677 0.00000000 -0.70710677
vn -0.97014248 0.24253562 -0.00000000
vn -0.60000002 0.00000000 0.80000001
vn -0.44721359 0.89442718 0.00000000
vn -1.00000000 0.00000000 -0.00000000
vn -0.51449573 0.00000000 -0.85749292
vn -0.98639393 0.16439898 0.00000000
vn -0.60000002 0.00000000 0.80000001
vn -0.44721359 0.89442718 0.00000000
vn -0.70710677 0.00000000 -0.70710677
vn -1.00000000 0.00000000 -0.00000000
vn -1.00000000 0.00000000 0.00000000
vn -1.00000000 0.00000000 0.00000000
vn -1.00000000 0.00000000 0.00000000
vn -1.00000000 0.00000000 0.00000000
vn -0.58123821 0.00000000 0.81373346
vn -0.44721359 0.89442718 0.00000000
vn -0.60000002 0.80000001 -0.00000000
vn -0.44721359 0.89442718 0.00000000
vn -0.44721359 0.89442718 0.00000000
vn -0.44721359 0.89442718 0.00000000
vn -0.44721359 0.89442718 0.00000000
vn 0.70710677 -0.70710677 -0.00000000
vn 0.55708599 -0.74278134 -0.37139067
vn 0.00000000 -1.00000000 -0.00000000
vn 0.00000000 -1.00000000 0.00000000
vn 0.00000000 -1.00000000 0.00000000
vn 0.00000000 -1.00000000 0.00000000
vn 0.00000000 -1.00000000 0.00000000
vn 0.00000000 -1.00000000 0.00000000
vn 0.17407766 -0.69631064 0.69631064
vn 0.11704115 -0.70224690 -0.70224690
vn 0.00000000 -1.00000000 -0.00000000
vn 0.17407766 -0.69631064 0.69631064
vn 0.48507124 -0.72760689 -0.48507124
vn 0.17407766 -0.69631064 0.69631064
vn 0.48507124 -0.72760689 -0.48507124
vn 0.13608277 -0.27216554 0.95257932
vn 0.55708599 -0.74278134 -0.37139067
vn 0.00000000 -0.55470020 0.83205032
vn 0.00000000 -0.70710677 -0.70710677
vn 0.13608277 -0.27216554 0.95257932
vn 0.00000000 -0.70710677 -0.70710677
vn 0.00000000 0.00000000 1.00000000
vn -0.15617377 -0.31234753 -0.93704259
vn 0.00000000 0.00000000 1.00000000
vn 0.00000000 0.00000000 -1.00000000
vn 0.00000000 -0.44721359 0.89442718
vn -0.14744195 -0.44232586 -0.88465172
vn 0.00000000 -0.44721359 0.89442718
vn 0.00000000 -0.49613893 -0.86824316
vn 0.00000000 0.00000000 1.00000000
vn 0.00000000 -0.44721359 -0.89442718
vn 0.00000000 0.00000000 1.00000000
vn 0.00000000 -0.44721359 -0.89442718
vn 0.00000000 0.00000000 1.00000000
vn 0.00000000 0.00000000 -1.00000000
vn 0.48507124 -0.48507124 0.72760689
vn -0.14744195 -0.44232586 -0.88465172
vn 0.00000000 -0.49613893 0.86824316
vn 0.00000000 -0.49613893 -0.86824316
vn 0.00000000 0.00000000 1.00000000
vn 0.00000000 -0.44721359 -0.89442718
vn 0.00000000 0.00000000 1.00000000
vn 0.00000000 -0.44721359 -0.89442718
vn 0.00000000 0.00000000 1.00000000
vn 0.00000000 0.00000000 -1.00000000
vn 0.00000000 0.00000000 1.00000000
vn -0.14744195 -0.44232586 -0.88465172
vn 0.00000000 0.00000000 1.00000000
vn 0.00000000 -0.49613893 -0.86824316
vn 0.00000000 0.00000000 1.00000000
vn 0.00000000 0.00000000 -1.00000000
vn 0.00000000 0.00000000 1.00000000
vn -0.27472112 0.00000000 -0.96152395
vn 0.00000000 0.00000000 1.00000000
vn -0.31622776 0.00000000 -0.94868332
vn 0.00000000 0.00000000 1.00000000
vn -0.31622776 0.00000000 -0.94868332
vn 0.00000000 0.00000000 1.00000000
vn -0.31622776 0.00000000 -0.94868332
vn 0.00000000 0.00000000 1.00000000
vn -0.31622776 0.00000000 -0.94868332
vn 0.00000000 0.00000000 1.00000000
vn -0.37139067 0.00000000 -0.92847669
vn 0.00000000 0.00000000 1.00000000
vn -0.52999896 0.00000000 -0.84799832
vn -0.39391929 0.00000000 0.91914505
vn -0.19611613 0.00000000 -0.98058069
vn -0.00000000 0.00000000 1.00000000
vn -0.14142136 0.00000000 -0.98994946
vn -0.39391929 0.00000000 0.91914505
vn -0.00000000 0.00000000 -1.00000000
vn -0.00000000 0.00000000 1.00000000
vn -0.49613893 0.00000000 -0.86824316
vn 0.00000000 0.00000000 1.00000000
vn -0.44721359 0.00000000 -0.89442718
vn -0.39391929 0.00000000 0.91914505
vn -0.44721359 0.00000000 -0.89442718
vn -0.00000000 0.00000000 1.00000000
vn -0.44721359 0.00000000 -0.89442718
vn 0.00000000 0.00000000 1.00000000
vn -0.44721359 0.00000000 -0.89442718
vn -0.44721359 0.00000000 0.89442718
vn -0.44721359 0.00000000 -0.89442718
vn -0.44721359 0.00000000 0.89442718
vn -0.44721359 0.00000000 -0.89442718
vn -0.44721359 0.00000000 0.89442718
vn -0.97014248 0.24253562 -0.00000000
vn -0.44721359 0.00000000 -0.89442718
vn -0.58123821 0.00000000 0.81373346
vn -0.31622776 0.94868332 0.00000000
vn -1.00000000 0.00000000 -0.00000000
vn -0.44721359 0.00000000 -0.89442718
vn -0.60000002 0.00000000 0.80000001
vn -1.00000000 0.00000000 -0.00000000
vn -0.44721359 0.00000000 -0.89442718
vn -0.98639393 0.16439898 0.00000000
vn -0.60000002 0.00000000 0.80000001
vn -0.44721359 0.89442718 0.00000000
vn -1.00000000 0.00000000 -0.00000000
vn -0.44721359 0.00000000 -0.89442718
vn -1.00000000 0.00000000 0.00000000
vn -0.98639393 0.16439898 0.00000000
vn -0.60000002 0.00000000 0.80000001
vn -0.44721359 0.89442718 0.00000000
vn -1.00000000 0.00000000 -0.00000000
vn -0.51449573 0.00000000 -0.85749292
vn -1.00000000 0.00000000 0.00000000
vn -1.00000000 0.00000000 0.00000000
vn -1.00000000 0.00000000 0.00000000
vn -1.00000000 0.00000000 0.00000000
vn -1.00000000 0.00000000 0.00000000
vn -1.00000000 0.00000000 0.00000000
vn -0.58123821 0.00000000 0.81373346
vn -0.70710677 0.00000000 -0.70710677
vn -1.00000000 0.00000000 -0.00000000
vn -1.00000000 0.00000000 0.00000000
vn -1.00000000 0.00000000 0.00000000
vn -1.00000000 0.00000000 0.00000000
vn -0.51449573 0.00000000 0.85749292
vn -0.44721359 0.89442718 0.00000000
vn -0.60000002 0.80000001 -0.00000000
vn -0.44721359 0.89442718 0.00000000
vn -0.44721359 0.89442718 0.00000000
vn -0.83205032 0.55470020 0.00000000
vn 0.55708599 -0.74278134 -0.37139067
vn 0.00000000 -1.00000000 -0.00000000
vn 0.00000000 -1.00000000 0.00000000
vn 0.00000000 -1.00000000 0.00000000
vn 0.00000000 -1.00000000 0.00000000
vn 0.00000000 -1.00000000 0.00000000
vn 0.45749572 -0.76249284 0.45749572
vn 0.55708599 -0.74278134 -0.37139067
vn 0.00000000 -1.00000000 -0.00000000
vn 0.45749572 -0.76249284 0.45749572
vn 0.00000000 -0.70710677 -0.70710677
vn 0.00000000 -1.00000000 -0.00000000
vn 0.45749572 -0.76249284 0.45749572
vn 0.00000000 -0.70710677 -0.70710677
vn 0.37139067 -0.74278134 0.55708599
vn 0.00000000 -0.70710677 -0.70710677
vn 0.00000000 -0.55470020 0.83205032
vn 0.00000000 -0.70710677 -0.70710677
vn 0.48507124 -0.48507124 0.72760689
vn 0.00000000 -0.70710677 -0.70710677
vn 0.00000000 -0.49613893 0.86824316
vn 0.00000000 -0.44721359 -0.89442718
vn 0.00000000 0.00000000 1.00000000
vn 0.00000000 -0.49613893 -0.86824316
vn 0.00000000 -0.44721359 0.89442718
vn -0.15617377 -0.31234753 -0.93704259
vn 0.00000000 -0.44721359 0.89442718
vn 0.00000000 0.00000000 -1.00000000
vn 0.00000000 0.00000000 1.00000000
vn 0.00000000 -0.44721359 -0.89442718
vn 0.00000000 0.00000000 1.00000000
vn 0.00000000 -0.44721359 -0.89442718
vn 0.00000000 0.00000000 1.00000000
vn 0.00000000 -0.49613893 -0.86824316
vn 0.00000000 -0.44721359 0.89442718
vn -0.15617377 -0.31234753 -0.93704259
vn 0.00000000 -0.44721359 0.89442718
vn 0.00000000 0.00000000 -1.00000000
vn 0.00000000 0.00000000 1.00000000
vn 0.00000000 -0.44721359 -0.89442718
vn 0.00000000 0.00000000 1.00000000
vn 0.00000000 -0.44721359 -0.89442718
vn 0.00000000 0.00000000 1.00000000
vn 0.00000000 -0.49613893 -0.86824316
vn 0.00000000 0.00000000 1.00000000
vn -0.15617377 -0.31234753 -0.93704259
vn 0.00000000 0.00000000 1.00000000
vn 0.00000000 0.00000000 -1.00000000
vn 0.00000000 0.00000000 1.00000000
vn 0.00000000 -0.49613893 -0.86824316
vn 0.00000000 0.00000000 1.00000000
vn -0.18257418 -0.36514837 -0.91287094
vn 0.00000000 0.00000000 1.00000000
vn -0.16439898 0.00000000 -0.98639393
vn 0.00000000 0.00000000 1.00000000
vn -0.16439898 0.00000000 -0.98639393
vn 0.00000000 0.00000000 1.00000000
vn -0.16439898 0.00000000 -0.98639393
vn 0.00000000 0.00000000 1.00000000
vn -0.16439898 0.00000000 -0.98639393
vn 0.00000000 0.00000000 1.00000000
vn -0.16439898 0.00000000 -0.98639393
vn 0.00000000 0.00000000 1.00000000
vn -0.14142136 0.00000000 -0.98994946
vn 0.00000000 0.00000000 1.00000000
vn -0.00000000 0.00000000 -1.00000000
vn 0.00000000 0.00000000 1.00000000
vn -0.37139067 0.00000000 -0.92847669
vn 0.00000000 0.00000000 1.00000000
vn -0.49613893 0.00000000 -0.86824316
vn 0.00000000 0.00000000 1.00000000
vn -0.44721359 0.00000000 -0.89442718
vn -0.44721359 0.00000000 0.89442718
vn -0.44721359 0.00000000 -0.89442718
vn -0.00000000 0.00000000 1.00000000
vn -0.44721359 0.00000000 -0.89442718
vn -0.39391929 0.00000000 0.91914505
vn -0.44721359 0.00000000 -0.89442718
vn -0.39391929 0.00000000 0.91914505
vn -0.44721359 0.00000000 -0.89442718
vn -0.00000000 0.00000000 1.00000000
vn -0.44721359 0.00000000 -0.89442718
vn 0.00000000 0.00000000 1.00000000
vn -0.44721359 0.00000000 -0.89442718
vn 0.00000000 0.00000000 1.00000000
vn -0.32444283 -0.48666427 -0.81110710
vn -0.58123821 0.00000000 0.81373346
vn -1.00000000 0.00000000 -0.00000000
vn -0.36650833 -0.36650833 -0.85518610
vn -0.60000002 0.00000000 0.80000001
vn -1.00000000 0.00000000 -0.00000000
vn -0.44721359 0.00000000 -0.89442718
vn -0.55470020 0.00000000 0.83205032
vn -1.00000000 0.00000000 -0.00000000
vn -0.44721359 0.00000000 -0.89442718
vn -0.60000002 0.00000000 0.80000001
vn -0.44721359 0.89442718 0.00000000
vn -1.00000000 0.00000000 -0.00000000
vn -0.44721359 0.00000000 -0.89442718
vn -0.60000002 0.00000000 0.80000001
vn -0.44721359 0.89442718 0.00000000
vn -1.00000000 0.00000000 -0.00000000
vn -0.32444283 -0.48666427 -0.81110710
vn -0.98639393 0.16439898 0.00000000
vn -0.60000002 0.00000000 0.80000001
vn -1.00000000 0.00000000 -0.00000000
vn -0.48666427 -0.32444283 -0.81110710
vn -1.00000000 -0.00000000 0.00000000
vn -1.00000000 0.00000000 0.00000000
vn -0.98639393 0.16439898 0.00000000
vn -0.97014248 0.24253562 0.00000000
vn -0.58123821 0.00000000 0.81373346
vn -0.70710677 0.00000000 -0.70710677
vn -1.00000000 0.00000000 -0.00000000
vn -1.00000000 0.00000000 0.00000000
vn -1.00000000 0.00000000 0.00000000
vn -1.00000000 0.00000000 0.00000000
vn -1.00000000 0.00000000 0.00000000
vn -1.00000000 0.00000000 0.00000000
vn -0.51449573 0.00000000 0.85749292
vn -0.44721359 0.89442718 0.00000000
vn -1.00000000 0.00000000 -0.00000000
vn -0.51449573 0.00000000 -0.85749292
vn -1.00000000 0.00000000 0.00000000
vn -1.00000000 0.00000000 0.00000000
vn -1.00000000 0.00000000 0.00000000
vn -1.00000000 0.00000000 0.00000000
vn -0.58123821 0.00000000 0.81373346
vn -0.60000002 0.80000001 -0.00000000
vn -0.44721359 0.89442718 0.00000000
vn -0.44721359 0.89442718 0.00000000
vn -0.44721359 0.89442718 0.00000000
vn -0.44721359 0.89442718 0.00000000
vn 0.55708599 -0.74278134 -0.37139067
vn 0.00000000 -1.00000000 -0.00000000
vn 0.00000000 -1.00000000 0.00000000
vn 0.00000000 -1.00000000 0.00000000
vn 0.37139067 -0.74278134 0.55708599
vn 0.11704115 -0.70224690 -0.70224690
vn 0.00000000 -1.00000000 -0.00000000
vn 0.00000000 -1.00000000 0.00000000
vn 0.00000000 -1.00000000 0.00000000
vn 0.00000000 -0.70710677 0.70710677
vn 0.11704115 -0.70224690 -0.70224690
vn 0.00000000 -1.00000000 -0.00000000
vn 0.00000000 -0.70710677 0.70710677
vn 0.00000000 -0.70710677 -0.70710677
vn 0.00000000 -0.70710677 0.70710677
vn 0.00000000 -0.70710677 -0.70710677
vn 0.00000000 -0.44721359 0.89442718
vn 0.00000000 -0.70710677 -0.70710677
vn 0.00000000 -0.44721359 0.89442718
vn 0.00000000 -0.70710677 -0.70710677
vn 0.00000000 -0.44721359 0.89442718
vn 0.00000000 -0.44721359 -0.89442718
vn 0.00000000 0.00000000 1.00000000
vn 0.00000000 -0.44721359 -0.89442718
vn 0.00000000 -0.44721359 0.89442718
vn 0.00000000 -0.44721359 -0.89442718
vn 0.00000000 -0.44721359 0.89442718
vn 0.00000000 0.00000000 -1.00000000
vn 0.00000000 0.00000000 1.00000000
vn 0.00000000 -0.44721359 -0.89442718
vn 0.00000000 0.00000000 1.00000000
vn 0.00000000 -0.44721359 -0.89442718
vn 0.00000000 0.00000000 1.00000000
vn 0.00000000 -0.44721359 -0.89442718
vn 0.00000000 -0.44721359 0.89442718
vn 0.00000000 -0.44721359 -0.89442718
vn 0.00000000 -0.44721359 0.89442718
vn 0.00000000 0.00000000 -1.00000000
vn 0.00000000 0.00000000 1.00000000
vn 0.00000000 -0.44721359 -0.89442718
vn 0.00000000 0.00000000 1.00000000
vn 0.00000000 -0.44721359 -0.89442718
vn 0.00000000 0.00000000 1.00000000
vn 0.00000000 -0.44721359 -0.89442718
vn 0.00000000 0.00000000 1.00000000
vn 0.00000000 -0.44721359 -0.89442718
vn 0.00000000 0.00000000 1.00000000
vn 0.00000000 0.00000000 -1.00000000
vn 0.00000000 0.00000000 1.00000000
vn 0.00000000 -0.44721359 -0.89442718
vn 0.00000000 0.00000000 1.00000000
vn 0.00000000 -0.44721359 -0.89442718
vn 0.00000000 0.00000000 1.00000000
vn 0.00000000 0.00000000 -1.00000000
vn 0.00000000 0.00000000 1.00000000
vn 0.00000000 0.00000000 -1.00000000
vn 0.00000000 0.00000000 1.00000000
vn 0.00000000 0.00000000 -1.00000000
vn 0.00000000 0.00000000 1.00000000
vn 0.00000000 0.00000000 -1.00000000
vn 0.00000000 0.00000000 1.00000000
vn 0.00000000 0.00000000 -1.00000000
vn -0.39391929 0.00000000 0.91914505
vn 0.00000000 0.00000000 -1.00000000
vn -0.00000000 0.00000000 1.00000000
vn -0.27472112 0.00000000 -0.96152395
vn -0.39391929 0.00000000 0.91914505
vn -0.16439898 0.00000000 -0.98639393
vn -0.00000000 0.00000000 1.00000000
vn -0.16439898 0.00000000 -0.98639393
vn -0.39391929 0.00000000 0.91914505
vn -0.16439898 0.00000000 -0.98639393
vn -0.00000000 0.00000000 1.00000000
vn -0.16439898 0.00000000 -0.98639393
vn 0.00000000 0.00000000 1.00000000
vn -0.16439898 0.00000000 -0.98639393
vn 0.00000000 0.00000000 1.00000000
vn -0.16439898 0.00000000 -0.98639393
vn 0.00000000 0.00000000 1.00000000
vn -0.39391929 0.00000000 -0.91914505
vn -0.44721359 0.00000000 0.89442718
vn -0.44721359 0.00000000 -0.89442718
vn -0.39391929 0.00000000 0.91914505
vn -0.44721359 0.00000000 -0.89442718
vn -0.60000002 0.00000000 0.80000001
vn -0.32444283 -0.48666427 -0.81110710
vn -0.60000002 0.00000000 0.80000001
vn -0.36650833 -0.36650833 -0.85518610
vn -0.60000002 0.00000000 0.80000001
vn -0.44721359 0.00000000 -0.89442718
vn -0.55470020 0.00000000 0.83205032
vn -0.32444283 -0.48666427 -0.81110710
vn -0.58123821 0.00000000 0.81373346
vn -0.31622776 0.94868332 0.00000000
vn -1.00000000 0.00000000 -0.00000000
vn -0.36650833 -0.36650833 -0.85518610
vn -0.55470020 0.00000000 0.83205032
vn -1.00000000 0.00000000 -0.00000000
vn -0.44721359 0.00000000 -0.89442718
vn -0.60000002 0.00000000 0.80000001
vn -0.44721359 0.89442718 0.00000000
vn -0.44721359 0.00000000 -0.89442718
vn -0.60000002 0.00000000 0.80000001
vn -0.97014248 0.24253562 -0.00000000
vn -0.44721359 0.00000000 -0.89442718
vn -0.60000002 0.00000000 0.80000001
vn -1.00000000 0.00000000 -0.00000000
vn -0.44721359 0.00000000 -0.89442718
vn -0.97014248 0.24253562 0.00000000
vn -0.58123821 0.00000000 0.81373346
vn -1.00000000 0.00000000 -0.00000000
vn -0.44721359 0.00000000 -0.89442718
vn -0.98639393 0.16439898 0.00000000
vn -0.60000002 0.00000000 0.80000001
vn -0.44721359 0.89442718 0.00000000
vn -0.55470020 0.00000000 -0.83205032
vn -1.00000000 0.00000000 -0.00000000
vn -1.00000000 0.00000000 0.00000000
vn -1.00000000 0.00000000 0.00000000
vn -1.00000000 0.00000000 0.00000000
vn -1.00000000 0.00000000 0.00000000
vn -0.58123821 0.00000000 0.81373346
vn -0.44721359 0.89442718 -0.00000000
vn -0.44721359 0.89442718 0.00000000
vn -0.44721359 0.89442718 0.00000000
vn -0.44721359 0.89442718 0.00000000
vn -0.44721359 0.89442718 0.00000000
vn 0.80000001 -0.60000002 -0.00000000
vn 0.89442718 -0.44721359 0.00000000
vn 0.85749292 -0.51449573 0.00000000
vn 0.55708599 -0.74278134 -0.37139067
vn 0.00000000 -1.00000000 -0.00000000
vn 0.00000000 -1.00000000 0.00000000
vn 0.00000000 -1.00000000 0.00000000
vn 0.00000000 -1.00000000 0.00000000
vn 0.14002801 -0.70014006 0.70014006
vn 0.55708599 -0.74278134 -0.37139067
vn 0.00000000 -1.00000000 -0.00000000
vn 0.00000000 -0.70710677 0.70710677
vn 0.00000000 -0.70710677 -0.70710677
vn 0.00000000 -1.00000000 -0.00000000
vn 0.00000000 -0.70710677 0.70710677
vn 0.00000000 -0.70710677 -0.70710677
vn 0.00000000 -0.44721359 0.89442718
vn 0.00000000 -0.70710677 -0.70710677
vn 0.00000000 -0.44721359 0.89442718
vn 0.00000000 -0.70710677 -0.70710677
vn 0.00000000 -0.44721359 0.89442718
vn 0.00000000 -0.44721359 -0.89442718
vn 0.00000000 0.00000000 1.00000000
vn 0.00000000 -0.44721359 -0.89442718
vn 0.00000000 -0.44721359 0.89442718
vn 0.00000000 -0.44721359 -0.89442718
vn 0.00000000 -0.44721359 0.89442718
vn 0.00000000 0.00000000 -1.00000000
vn 0.00000000 0.00000000 1.00000000
vn 0.00000000 -0.44721359 -0.89442718
vn 0.00000000 0.00000000 1.00000000
vn 0.00000000 -0.44721359 -0.89442718
vn 0.00000000 0.00000000 1.00000000
vn 0.00000000 -0.44721359 -0.89442718
vn 0.00000000 -0.44721359 0.89442718
vn 0.00000000 -0.44721359 -0.89442718
vn 0.00000000 -0.44721359 0.89442718
vn 0.00000000 0.00000000 -1.00000000
vn 0.00000000 0.00000000 1.00000000
vn 0.00000000 -0.44721359 -0.89442718
vn 0.00000000 0.00000000 1.00000000
vn 0.00000000 -0.44721359 -0.89442718
vn 0.00000000 0.00000000 1.00000000
vn 0.00000000 -0.44721359 -0.89442718
vn 0.00000000 0.00000000 1.00000000
vn 0.00000000 -0.44721359 -0.89442718
vn 0.00000000 0.00000000 1.00000000
vn 0.00000000 0.00000000 -1.00000000
vn 0.00000000 0.00000000 1.00000000
vn 0.00000000 -0.44721359 -0.89442718
vn 0.00000000 0.00000000 1.00000000
vn 0.00000000 -0.44721359 -0.89442718
vn 0.00000000 0.00000000 1.00000000
vn 0.00000000 0.00000000 -1.00000000
vn 0.00000000 0.00000000 1.00000000
vn 0.00000000 0.00000000 -1.00000000
vn 0.00000000 0.00000000 1.00000000
vn -0.27472112 0.00000000 -0.96152395
vn -0.39391929 0.00000000 0.91914505
vn -0.31622776 0.00000000 -0.94868332
vn -0.00000000 0.00000000 1.00000000
vn -0.31622776 0.00000000 -0.94868332
vn 0.00000000 0.00000000 1.00000000
vn -0.31622776 0.00000000 -0.94868332
vn 0.00000000 0.00000000 1.00000000
vn -0.31622776 0.00000000 -0.94868332
vn 0.00000000 0.00000000 1.00000000
vn -0.31622776 0.00000000 -0.94868332
vn 0.00000000 0.00000000 1.00000000
vn -0.31622776 0.00000000 -0.94868332
vn 0.00000000 0.00000000 1.00000000
vn -0.31622776 0.00000000 -0.94868332
vn 0.00000000 0.00000000 1.00000000
vn -0.31622776 0.00000000 -0.94868332
vn -0.39391929 0.00000000 0.91914505
vn -0.31622776 0.00000000 -0.94868332
vn -0.00000000 0.00000000 1.00000000
vn -0.13736056 -0.54944223 -0.82416338
vn -0.39391929 0.00000000 0.91914505
vn -0.14744195 -0.44232586 -0.88465172
vn -0.00000000 0.00000000 1.00000000
vn -0.16439898 0.00000000 -0.98639393
vn 0.00000000 0.00000000 1.00000000
vn -0.39391929 0.00000000 -0.91914505
vn -0.44721359 0.00000000 0.89442718
vn -0.32444283 -0.48666427 -0.81110710
vn -0.44721359 0.00000000 0.89442718
vn -0.14744195 -0.44232586 -0.88465172
vn -0.44721359 0.00000000 0.89442718
vn -0.39391929 0.00000000 -0.91914505
vn -0.44721359 0.00000000 0.89442718
vn -0.32444283 -0.48666427 -0.81110710
vn -0.58123821 0.00000000 0.81373346
vn -0.31622776 0.94868332 0.00000000
vn -0.36650833 -0.36650833 -0.85518610
vn -0.55470020 0.00000000 0.83205032
vn -0.44721359 0.00000000 -0.89442718
vn -0.58123821 0.00000000 0.81373346
vn -0.31622776 0.94868332 0.00000000
vn -0.44721359 0.00000000 -0.89442718
vn -0.60000002 0.00000000 0.80000001
vn -0.44721359 0.00000000 -0.89442718
vn -0.60000002 0.00000000 0.80000001
vn -0.44721359 0.00000000 -0.89442718
vn -0.60000002 0.00000000 0.80000001
vn -0.44721359 0.00000000 -0.89442718
vn -0.60000002 0.00000000 0.80000001
vn -0.60000002 0.00000000 -0.80000001
vn -0.60000002 0.00000000 0.80000001
vn -0.44721359 0.89442718 0.00000000
vn -0.60000002 0.00000000 -0.80000001
vn -0.60000002 0.00000000 0.80000001
vn -0.44721359 0.89442718 -0.00000000
vn -0.44721359 0.89442718 0.00000000
vn -0.44721359 0.89442718 0.00000000
vn -0.44721359 0.89442718 0.00000000
vn -0.44721359 0.89442718 0.00000000
vn 0.00000000 -0.70710677 -0.70710677
vn 0.00000000 -1.00000000 -0.00000000
vn 0.00000000 -1.00000000 0.00000000
vn 0.00000000 -1.00000000 0.00000000
vn 0.00000000 -1.00000000 0.00000000
vn 0.00000000 -1.00000000 0.00000000
vn 0.00000000 -1.00000000 0.00000000
vn 0.37139067 -0.74278134 0.55708599
vn 0.00000000 -0.70710677 -0.70710677
vn 0.00000000 -1.00000000 -0.00000000
vn 0.00000000 -1.00000000 0.00000000
vn 0.17407766 -0.69631064 0.69631064
vn 0.00000000 -0.70710677 -0.70710677
vn 0.00000000 -1.00000000 -0.00000000
vn 0.17407766 -0.69631064 0.69631064
vn 0.00000000 -0.70710677 -0.70710677
vn 0.13608277 -0.27216554 0.95257932
vn 0.00000000 -0.70710677 -0.70710677
vn 0.00000000 -0.51449573 0.85749292
vn 0.00000000 -0.70710677 -0.70710677
vn 0.00000000 -0.44721359 0.89442718
vn 0.00000000 -0.44721359 -0.89442718
vn 0.00000000 0.00000000 1.00000000
vn 0.00000000 -0.44721359 -0.89442718
vn 0.00000000 -0.44721359 0.89442718
vn 0.00000000 -0.44721359 -0.89442718
vn 0.00000000 -0.44721359 0.89442718
vn 0.00000000 0.00000000 -1.00000000
vn 0.00000000 0.00000000 1.00000000
vn -0.14744195 -0.44232586 -0.88465172
vn 0.00000000 0.00000000 1.00000000
vn 0.00000000 -0.49613893 -0.86824316
vn 0.00000000 0.00000000 1.00000000
vn 0.00000000 -0.44721359 -0.89442718
vn 0.00000000 -0.44721359 0.89442718
vn 0.00000000 -0.44721359 -0.89442718
vn 0.00000000 -0.44721359 0.89442718
vn 0.00000000 0.00000000 -1.00000000
vn 0.00000000 0.00000000 1.00000000
vn 0.00000000 -0.44721359 -0.89442718
vn 0.00000000 0.00000000 1.00000000
vn 0.00000000 -0.44721359 -0.89442718
vn 0.00000000 0.00000000 1.00000000
vn 0.00000000 -0.44721359 -0.89442718
vn 0.00000000 0.00000000 1.00000000
vn 0.00000000 -0.44721359 -0.89442718
vn 0.00000000 0.00000000 1.00000000
vn 0.00000000 0.00000000 -1.00000000
vn 0.00000000 0.00000000 1.00000000
vn 0.00000000 -0.44721359 -0.89442718
vn 0.00000000 0.00000000 1.00000000
vn 0.00000000 -0.44721359 -0.89442718
vn 0.00000000 0.00000000 1.00000000
vn 0.00000000 0.00000000 -1.00000000
vn 0.00000000 0.00000000 1.00000000
vn 0.00000000 -0.49613893 -0.86824316
vn 0.00000000 0.00000000 1.00000000
vn -0.18257418 -0.36514837 -0.91287094
vn 0.31622776 0.00000000 0.94868332
vn -0.16439898 0.00000000 -0.98639393
vn 0.00000000 0.00000000 1.00000000
vn -0.16439898 0.00000000 -0.98639393
vn 0.00000000 0.00000000 1.00000000
vn -0.16439898 0.00000000 -0.98639393
vn 0.00000000 0.00000000 1.00000000
vn -0.16439898 0.00000000 -0.98639393
vn 0.00000000 0.00000000 1.00000000
vn -0.16439898 0.00000000 -0.98639393
vn 0.00000000 0.00000000 1.00000000
vn -0.16439898 0.00000000 -0.98639393
vn 0.00000000 0.00000000 1.00000000
vn -0.16439898 0.00000000 -0.98639393
vn 0.00000000 0.00000000 1.00000000
vn -0.16439898 0.00000000 -0.98639393
vn 0.00000000 0.00000000 1.00000000
vn -0.16439898 0.00000000 -0.98639393
vn 0.00000000 0.00000000 1.00000000
vn -0.14142136 0.00000000 -0.98994946
vn 0.00000000 0.00000000 1.00000000
vn -0.27472112 0.00000000 -0.96152395
vn 0.00000000 0.00000000 1.00000000
vn -0.13736056 -0.54944223 -0.82416338
vn -0.39391929 0.00000000 0.91914505
vn -0.14744195 -0.44232586 -0.88465172
vn -0.00000000 0.00000000 1.00000000
vn -0.35112345 0.00000000 -0.93632919
vn 0.00000000 0.00000000 1.00000000
vn -0.13736056 -0.54944223 -0.82416338
vn 0.00000000 0.00000000 1.00000000
vn -0.14744195 -0.44232586 -0.88465172
vn 0.00000000 0.00000000 1.00000000
vn -0.28571430 -0.42857143 -0.85714287
vn -0.51449573 0.00000000 0.85749292
vn -0.14744195 -0.44232586 -0.88465172
vn -0.44721359 0.00000000 0.89442718
vn -0.39391929 0.00000000 -0.91914505
vn -0.58123821 0.00000000 0.81373346
vn -0.31622776 0.94868332 0.00000000
vn -0.44721359 0.00000000 -0.89442718
vn -0.60000002 0.00000000 0.80000001
vn -0.44721359 0.00000000 -0.89442718
vn -0.60000002 0.00000000 0.80000001
vn -0.44721359 0.00000000 -0.89442718
vn -0.60000002 0.00000000 0.80000001
vn -0.44721359 0.00000000 -0.89442718
vn -0.55470020 0.00000000 0.83205032
vn -0.60000002 0.00000000 -0.80000001
vn -0.44721359 0.00000000 0.89442718
vn -0.60000002 0.00000000 -0.80000001
vn -0.60000002 0.00000000 0.80000001
vn -0.44721359 0.89442718 0.00000000
vn -0.60000002 0.00000000 -0.80000001
vn -0.55470020 0.00000000 0.83205032
vn -0.31622776 0.94868332 -0.00000000
vn -0.27472112 0.96152395 0.00000000
vn -0.44721359 0.89442718 0.00000000
vn -0.14142136 0.98994946 0.00000000
vn -0.44721359 0.89442718 0.00000000
vn 0.00000000 -0.70710677 -0.70710677
vn 0.00000000 -1.00000000 -0.00000000
vn 0.00000000 -1.00000000 0.00000000
vn 0.00000000 -1.00000000 0.00000000
vn 0.00000000 -1.00000000 0.00000000
vn 0.00000000 -1.00000000 0.00000000
vn 0.37139067 -0.74278134 0.55708599
vn 0.00000000 -0.70710677 -0.70710677
vn 0.00000000 -1.00000000 -0.00000000
vn 0.00000000 -1.00000000 0.00000000
vn 0.45749572 -0.76249284 0.45749572
vn 0.00000000 -0.70710677 -0.70710677
vn 0.00000000 -1.00000000 -0.00000000
vn 0.45749572 -0.76249284 0.45749572
vn 0.00000000 -0.70710677 -0.70710677
vn 0.37139067 -0.74278134 0.55708599
vn 0.00000000 -0.70710677 -0.70710677
vn 0.00000000 -0.70710677 0.70710677
vn 0.00000000 -0.70710677 -0.70710677
vn 0.00000000 -0.44721359 0.89442718
vn 0.00000000 -0.44721359 -0.89442718
vn 0.00000000 0.00000000 1.00000000
vn 0.00000000 -0.44721359 -0.89442718
vn 0.00000000 -0.44721359 0.89442718
vn 0.00000000 -0.44721359 -0.89442718
vn 0.00000000 -0.44721359 0.89442718
vn 0.00000000 -0.49613893 -0.86824316
vn 0.00000000 0.00000000 1.00000000
vn -0.15617377 -0.31234753 -0.93704259
vn 0.00000000 0.00000000 1.00000000
vn 0.00000000 0.00000000 -1.00000000
vn 0.00000000 0.00000000 1.00000000
vn 0.00000000 -0.44721359 -0.89442718
vn 0.00000000 -0.44721359 0.89442718
vn 0.00000000 -0.44721359 -0.89442718
vn 0.00000000 -0.44721359 0.89442718
vn 0.00000000 0.00000000 -1.00000000
vn 0.00000000 0.00000000 1.00000000
vn 0.00000000 -0.44721359 -0.89442718
vn 0.00000000 0.00000000 1.00000000
vn 0.00000000 -0.44721359 -0.89442718
vn 0.00000000 0.00000000 1.00000000
vn 0.00000000 -0.44721359 -0.89442718
vn 0.00000000 0.00000000 1.00000000
vn 0.00000000 -0.44721359 -0.89442718
vn 0.00000000 0.00000000 1.00000000
vn 0.00000000 0.00000000 -1.00000000
vn 0.00000000 0.00000000 1.00000000
vn 0.00000000 -0.44721359 -0.89442718
vn 0.00000000 0.00000000 1.00000000
vn 0.00000000 -0.44721359 -0.89442718
vn 0.00000000 0.00000000 1.00000000
vn 0.00000000 0.00000000 -1.00000000
vn 0.00000000 0.00000000 1.00000000
vn -0.14744195 -0.44232586 -0.88465172
vn 0.00000000 0.00000000 1.00000000
vn 0.00000000 -0.49613893 -0.86824316
vn 0.70710677 0.00000000 0.70710677
vn 0.00000000 0.00000000 -1.00000000
vn 0.00000000 0.00000000 1.00000000
vn 0.00000000 0.00000000 -1.00000000
vn 0.00000000 0.00000000 1.00000000
vn 0.00000000 0.00000000 -1.00000000
vn 0.00000000 0.00000000 1.00000000
vn 0.00000000 0.00000000 -1.00000000
vn 0.00000000 0.00000000 1.00000000
vn 0.00000000 0.00000000 -1.00000000
vn 0.00000000 0.00000000 1.00000000
vn 0.00000000 0.00000000 -1.00000000
vn 0.00000000 0.00000000 1.00000000
vn 0.00000000 0.00000000 -1.00000000
vn 0.00000000 0.00000000 1.00000000
vn 0.00000000 0.00000000 -1.00000000
vn 0.00000000 0.00000000 1.00000000
vn -0.27472112 0.00000000 -0.96152395
vn 0.00000000 0.00000000 1.00000000
vn -0.13736056 -0.54944223 -0.82416338
vn 0.00000000 0.00000000 1.00000000
vn -0.14744195 -0.44232586 -0.88465172
vn 0.00000000 0.00000000 1.00000000
vn -0.14142136 0.00000000 -0.98994946
vn 0.00000000 0.00000000 1.00000000
vn -0.12309149 -0.49236596 -0.86164045
vn 0.00000000 0.00000000 1.00000000
vn -0.14744195 -0.44232586 -0.88465172
vn -0.44721359 0.00000000 0.89442718
vn -0.14142136 0.00000000 -0.98994946
vn -0.44721359 0.00000000 0.89442718
vn -0.12309149 -0.49236596 -0.86164045
vn -0.44721359 0.00000000 0.89442718
vn -0.33129457 -0.33129457 -0.88345224
vn -0.44721359 0.00000000 0.89442718
vn -0.13736056 -0.54944223 -0.82416338
vn 0.00000000 0.89442718 0.44721359
vn -0.31622776 0.94868332 0.00000000
vn -0.14744195 -0.44232586 -0.88465172
vn -0.51449573 0.00000000 0.85749292
vn -0.16439898 0.00000000 -0.98639393
vn -0.44721359 0.00000000 0.89442718
vn -0.16439898 0.00000000 -0.98639393
vn -0.44721359 0.00000000 0.89442718
vn -0.16439898 0.00000000 -0.98639393
vn -0.44721359 0.00000000 0.89442718
vn -0.16439898 0.00000000 -0.98639393
vn -0.44721359 0.00000000 0.89442718
vn -0.60000002 0.00000000 -0.80000001
vn 0.00000000 0.89442718 0.44721359
vn -0.31622776 0.94868332 0.00000000
vn -0.60000002 0.00000000 -0.80000001
vn -0.58123821 0.00000000 0.81373346
vn -0.60000002 0.00000000 -0.80000001
vn -0.60000002 0.00000000 0.80000001
vn -0.24253562 0.97014248 -0.00000000
vn -0.51449573 0.51449573 -0.68599433
vn -0.51449573 0.00000000 0.85749292
vn -0.31622776 0.94868332 0.00000000
vn -0.00000000 1.00000000 -0.00000000
vn -0.00000000 1.00000000 0.00000000
vn -0.00000000 1.00000000 0.00000000
vn 0.00000000 -0.70710677 -0.70710677
vn 0.00000000 -1.00000000 -0.00000000
vn 0.00000000 -1.00000000 0.00000000
vn 0.00000000 -1.00000000 0.00000000
vn 0.00000000 -1.00000000 0.00000000
vn 0.00000000 -1.00000000 0.00000000
vn 0.00000000 -0.70710677 0.70710677
vn 0.00000000 -0.70710677 -0.70710677
vn 0.00000000 -1.00000000 -0.00000000
vn 0.00000000 -1.00000000 0.00000000
vn 0.00000000 -0.70710677 0.70710677
vn 0.00000000 -0.70710677 -0.70710677
vn 0.00000000 -1.00000000 -0.00000000
vn 0.00000000 -0.70710677 0.70710677
vn -0.11704115 -0.70224690 -0.70224690
vn 0.00000000 -0.70710677 0.70710677
vn -0.10050378 -0.70352650 -0.70352650
vn 0.00000000 -0.70710677 0.70710677
vn -0.10050378 -0.70352650 -0.70352650
vn 0.00000000 -0.44721359 0.89442718
vn 0.00000000 -0.49613893 -0.86824316
vn 0.00000000 0.00000000 1.00000000
vn -0.14744195 -0.44232586 -0.88465172
vn 0.00000000 -0.44721359 0.89442718
vn 0.00000000 -0.49613893 -0.86824316
vn 0.00000000 -0.44721359 0.89442718
vn 0.00000000 -0.44721359 -0.89442718
vn 0.00000000 0.00000000 1.00000000
vn 0.00000000 -0.44721359 -0.89442718
vn 0.00000000 0.00000000 1.00000000
vn 0.00000000 0.00000000 -1.00000000
vn 0.00000000 0.00000000 1.00000000
vn 0.00000000 -0.44721359 -0.89442718
vn 0.00000000 -0.44721359 0.89442718
vn 0.00000000 -0.44721359 -0.89442718
vn 0.00000000 -0.44721359 0.89442718
vn 0.00000000 0.00000000 -1.00000000
vn 0.00000000 0.00000000 1.00000000
vn 0.00000000 -0.44721359 -0.89442718
vn 0.00000000 0.00000000 1.00000000
vn 0.00000000 -0.44721359 -0.89442718
vn 0.00000000 0.00000000 1.00000000
vn 0.00000000 -0.44721359 -0.89442718
vn 0.00000000 0.00000000 1.00000000
vn 0.00000000 -0.44721359 -0.89442718
vn 0.00000000 0.00000000 1.00000000
vn 0.00000000 0.00000000 -1.00000000
vn 0.00000000 0.00000000 1.00000000
vn 0.00000000 -0.44721359 -0.89442718
vn 0.00000000 0.00000000 1.00000000
vn 0.00000000 -0.44721359 -0.89442718
vn 0.00000000 0.00000000 1.00000000
vn 0.00000000 -0.49613893 -0.86824316
vn 0.00000000 0.00000000 1.00000000
vn -0.15617377 -0.31234753 -0.93704259
vn 0.00000000 0.00000000 1.00000000
vn 0.00000000 0.00000000 -1.00000000
vn 0.00000000 0.00000000 1.00000000
vn 0.00000000 0.00000000 -1.00000000
vn 0.00000000 0.00000000 1.00000000
vn 0.00000000 0.00000000 -1.00000000
vn 0.00000000 0.00000000 1.00000000
vn 0.00000000 0.00000000 -1.00000000
vn 0.00000000 0.00000000 1.00000000
vn 0.00000000 0.00000000 -1.00000000
vn 0.00000000 0.00000000 1.00000000
vn 0.00000000 0.00000000 -1.00000000
vn 0.00000000 0.00000000 1.00000000
vn -0.27472112 0.00000000 -0.96152395
vn 0.00000000 0.00000000 1.00000000
vn -0.31622776 0.00000000 -0.94868332
vn -0.39391929 0.00000000 0.91914505
vn -0.13736056 -0.54944223 -0.82416338
vn -0.00000000 0.00000000 1.00000000
vn -0.14744195 -0.44232586 -0.88465172
vn -0.39391929 0.00000000 0.91914505
vn -0.14142136 0.00000000 -0.98994946
vn -0.00000000 0.00000000 1.00000000
vn 0.00000000 0.00000000 -1.00000000
vn -0.39391929 0.00000000 0.91914505
vn -0.12309149 -0.49236596 -0.86164045
vn -0.00000000 0.00000000 1.00000000
vn -0.13018891 -0.39056674 -0.91132236
vn -0.39391929 0.00000000 0.91914505
vn 0.00000000 0.00000000 -1.00000000
vn -0.00000000 0.00000000 1.00000000
vn -0.12309149 -0.49236596 -0.86164045
vn 0.00000000 0.00000000 1.00000000
vn -0.22941573 -0.68824720 -0.68824720
vn 0.00000000 0.00000000 1.00000000
vn -0.14744195 -0.44232586 -0.88465172
vn 0.00000000 0.00000000 1.00000000
vn -0.14142136 0.00000000 -0.98994946
vn -0.37139067 0.00000000 0.92847669
vn -0.27472112 0.00000000 -0.96152395
vn -0.44721359 0.00000000 0.89442718
vn -0.31622776 0.00000000 -0.94868332
vn 0.00000000 0.89442718 0.44721359
vn -0.31622776 0.94868332 0.00000000
vn -0.31622776 0.00000000 -0.94868332
vn 0.00000000 0.00000000 1.00000000
vn -0.39391929 0.00000000 -0.91914505
vn 0.00000000 0.00000000 1.00000000
vn 0.00000000 0.00000000 -1.00000000
vn 0.00000000 0.00000000 1.00000000
vn 0.00000000 0.00000000 -1.00000000
vn -0.58123821 0.00000000 0.81373346
vn -0.31622776 0.00000000 -0.94868332
vn -0.60000002 0.00000000 0.80000001
vn -0.60000002 0.00000000 -0.80000001
vn -0.60000002 0.00000000 0.80000001
vn -0.24253562 0.97014248 -0.00000000
vn -0.51449573 0.51449573 -0.68599433
vn -0.55470020 0.00000000 0.83205032
vn -0.00000000 1.00000000 -0.00000000
vn -0.24253562 0.97014248 0.00000000
vn -0.27472112 0.96152395 0.00000000
vn -0.44721359 0.89442718 0.00000000
vn -0.12403473 0.99227786 0.00000000
vn -0.44721359 0.89442718 0.00000000
vn 0.00000000 -0.70710677 -0.70710677
vn 0.00000000 -1.00000000 -0.00000000
vn 0.00000000 -1.00000000 0.00000000
vn 0.00000000 -1.00000000 0.00000000
vn 0.00000000 -1.00000000 0.00000000
vn 0.00000000 -1.00000000 0.00000000
vn 0.00000000 -0.70710677 0.70710677
vn -0.11704115 -0.70224690 -0.70224690
vn -0.00000000 -1.00000000 -0.00000000
vn 0.00000000 -1.00000000 0.00000000
vn 0.00000000 -0.70710677 0.70710677
vn -0.11704115 -0.70224690 -0.70224690
vn -0.00000000 -1.00000000 -0.00000000
vn 0.00000000 -0.70710677 0.70710677
vn -0.14002801 -0.70014006 -0.70014006
vn 0.00000000 -1.00000000 -0.00000000
vn 0.00000000 -0.70710677 0.70710677
vn -0.14002801 -0.70014006 -0.70014006
vn 0.00000000 -0.70710677 0.70710677
vn -0.15617377 -0.31234753 -0.93704259
vn 0.00000000 -0.44721359 0.89442718
vn 0.00000000 -0.49613893 -0.86824316
vn 0.00000000 0.00000000 1.00000000
vn -0.15617377 -0.31234753 -0.93704259
vn 0.00000000 -0.44721359 0.89442718
vn 0.00000000 0.00000000 -1.00000000
vn 0.00000000 -0.44721359 0.89442718
vn 0.00000000 -0.44721359 -0.89442718
vn 0.00000000 0.00000000 1.00000000
vn 0.00000000 -0.44721359 -0.89442718
vn 0.00000000 0.00000000 1.00000000
vn 0.00000000 0.00000000 -1.00000000
vn 0.00000000 0.00000000 1.00000000
vn 0.00000000 -0.44721359 -0.89442718
vn 0.00000000 -0.44721359 0.89442718
vn 0.00000000 -0.44721359 -0.89442718
vn 0.00000000 -0.44721359 0.89442718
vn 0.00000000 0.00000000 -1.00000000
vn 0.00000000 0.00000000 1.00000000
vn 0.00000000 -0.44721359 -0.89442718
vn 0.00000000 0.00000000 1.00000000
vn 0.00000000 -0.44721359 -0.89442718
vn 0.00000000 0.00000000 1.00000000
vn 0.00000000 -0.44721359 -0.89442718
vn 0.00000000 0.00000000 1.00000000
vn 0.00000000 -0.44721359 -0.89442718
vn 0.00000000 0.00000000 1.00000000
vn 0.00000000 0.00000000 -1.00000000
vn 0.00000000 0.00000000 1.00000000
vn 0.00000000 -0.44721359 -0.89442718
vn 0.00000000 0.00000000 1.00000000
vn 0.00000000 -0.44721359 -0.89442718
vn 0.00000000 0.00000000 1.00000000
vn 0.00000000 -0.44721359 -0.89442718
vn 0.00000000 0.00000000 1.00000000
vn 0.00000000 -0.44721359 -0.89442718
vn 0.00000000 0.00000000 1.00000000
vn 0.00000000 0.00000000 -1.00000000
vn 0.00000000 0.00000000 1.00000000
vn 0.00000000 0.00000000 -1.00000000
vn 0.00000000 0.00000000 1.00000000
vn 0.00000000 0.00000000 -1.00000000
vn 0.00000000 0.00000000 1.00000000
vn 0.00000000 0.00000000 -1.00000000
vn 0.00000000 0.00000000 1.00000000
vn 0.00000000 0.00000000 -1.00000000
vn 0.00000000 0.00000000 1.00000000
vn -0.12309149 -0.49236596 -0.86164045
vn 0.00000000 0.00000000 1.00000000
vn -0.14744195 -0.44232586 -0.88465172
vn 0.00000000 0.00000000 1.00000000
vn -0.16439898 0.00000000 -0.98639393
vn 0.00000000 0.00000000 1.00000000
vn -0.14142136 0.00000000 -0.98994946
vn 0.00000000 0.00000000 1.00000000
vn 0.00000000 0.00000000 -1.00000000
vn 0.00000000 0.00000000 1.00000000
vn 0.00000000 0.00000000 -1.00000000
vn 0.00000000 0.00000000 1.00000000
vn -0.12309149 -0.49236596 -0.86164045
vn 0.00000000 0.00000000 1.00000000
vn -0.13018891 -0.39056674 -0.91132236
vn 0.00000000 0.00000000 1.00000000
vn 0.00000000 0.00000000 -1.00000000
vn 0.00000000 0.00000000 1.00000000
vn -0.12309149 -0.49236596 -0.86164045
vn 0.00000000 0.00000000 1.00000000
vn -0.11704115 -0.70224690 -0.70224690
vn 0.00000000 0.00000000 1.00000000
vn -0.15617377 -0.31234753 -0.93704259
vn 0.00000000 0.00000000 1.00000000
vn 0.00000000 0.00000000 -1.00000000
vn 0.00000000 0.00000000 1.00000000
vn -0.12309149 -0.49236596 -0.86164045
vn 0.00000000 0.00000000 1.00000000
vn -0.14744195 -0.44232586 -0.88465172
vn 0.00000000 0.00000000 1.00000000
vn -0.16439898 0.00000000 -0.98639393
vn -0.37139067 0.00000000 0.92847669
vn -0.16439898 0.00000000 -0.98639393
vn -0.44721359 0.00000000 0.89442718
vn -0.14142136 0.00000000 -0.98994946
vn -0.44721359 0.00000000 0.89442718
vn -0.00000000 0.00000000 -1.00000000
vn -0.44721359 0.00000000 0.89442718
vn -0.31622776 0.00000000 -0.94868332
vn -0.44721359 0.00000000 0.89442718
vn -0.00000000 0.00000000 -1.00000000
vn -0.44721359 0.00000000 0.89442718
vn 0.00000000 0.00000000 -1.00000000
vn -0.44721359 0.00000000 0.89442718
vn -0.60000002 0.00000000 -0.80000001
vn -0.44721359 0.00000000 0.89442718
vn -0.00000000 1.00000000 -0.00000000
vn -0.24253562 0.97014248 0.00000000
vn -0.46852130 0.62469506 -0.62469506
vn -0.51449573 0.00000000 0.85749292
vn -0.31622776 0.94868332 0.00000000
vn -0.00000000 1.00000000 -0.00000000
vn -0.00000000 1.00000000 0.00000000
vn -0.00000000 1.00000000 0.00000000
vn 0.00000000 -0.70710677 -0.70710677
vn 0.00000000 -1.00000000 -0.00000000
vn 0.00000000 -1.00000000 0.00000000
vn 0.00000000 -1.00000000 0.00000000
vn 0.00000000 -1.00000000 0.00000000
vn 0.00000000 -1.00000000 0.00000000
vn 0.00000000 -0.70710677 0.70710677
vn -0.14002801 -0.70014006 -0.70014006
vn 0.00000000 -1.00000000 -0.00000000
vn -0.00000000 -1.00000000 0.00000000
vn 0.00000000 -1.00000000 0.00000000
vn 0.00000000 -0.70710677 0.70710677
vn -0.14002801 -0.70014006 -0.70014006
vn 0.00000000 -1.00000000 -0.00000000
vn 0.00000000 -0.70710677 0.70710677
vn 0.00000000 -0.70710677 -0.70710677
vn 0.00000000 -0.70710677 0.70710677
vn 0.00000000 -0.70710677 -0.70710677
vn 0.00000000 -0.70710677 0.70710677
vn 0.00000000 -0.44721359 -0.89442718
vn 0.00000000 -0.44721359 0.89442718
vn 0.00000000 -0.44721359 -0.89442718
vn 0.00000000 0.00000000 1.00000000
vn 0.00000000 -0.44721359 -0.89442718
vn 0.00000000 -0.44721359 0.89442718
vn 0.00000000 0.00000000 -1.00000000
vn 0.00000000 -0.44721359 0.89442718
vn 0.00000000 -0.44721359 -0.89442718
vn 0.00000000 0.00000000 1.00000000
vn 0.00000000 -0.44721359 -0.89442718
vn 0.00000000 0.00000000 1.00000000
vn 0.00000000 0.00000000 -1.00000000
vn 0.00000000 0.00000000 1.00000000
vn 0.00000000 -0.44721359 -0.89442718
vn 0.00000000 -0.44721359 0.89442718
vn 0.00000000 -0.44721359 -0.89442718
vn 0.00000000 -0.44721359 0.89442718
vn 0.00000000 0.00000000 -1.00000000
vn 0.00000000 0.00000000 1.00000000
vn 0.00000000 -0.44721359 -0.89442718
vn 0.00000000 0.00000000 1.00000000
vn 0.00000000 -0.44721359 -0.89442718
vn 0.00000000 0.00000000 1.00000000
vn 0.00000000 -0.49613893 -0.86824316
vn 0.00000000 0.00000000 1.00000000
vn 0.13018891 -0.39056674 -0.91132236
vn 0.00000000 0.00000000 1.00000000
vn 0.00000000 0.00000000 -1.00000000
vn 0.00000000 0.00000000 1.00000000
vn 0.00000000 -0.44721359 -0.89442718
vn 0.31622776 0.00000000 0.94868332
vn 0.00000000 -0.44721359 -0.89442718
vn 0.00000000 0.00000000 1.00000000
vn 0.00000000 -0.44721359 -0.89442718
vn 0.00000000 0.00000000 1.00000000
vn 0.00000000 -0.44721359 -0.89442718
vn 0.00000000 0.00000000 1.00000000
vn 0.00000000 0.00000000 -1.00000000
vn 0.00000000 0.00000000 1.00000000
vn 0.00000000 0.00000000 -1.00000000
vn 0.00000000 0.00000000 1.00000000
vn 0.00000000 0.00000000 -1.00000000
vn 0.00000000 0.00000000 1.00000000
vn 0.00000000 0.00000000 -1.00000000
vn 0.00000000 0.00000000 1.00000000
vn -0.12309149 -0.49236596 -0.86164045
vn 0.00000000 0.00000000 1.00000000
vn -0.13018891 -0.39056674 -0.91132236
vn 0.00000000 0.00000000 1.00000000
vn 0.00000000 0.00000000 -1.00000000
vn 0.00000000 0.00000000 1.00000000
vn 0.00000000 0.00000000 -1.00000000
vn 0.00000000 0.00000000 1.00000000
vn 0.00000000 0.00000000 -1.00000000
vn 0.00000000 0.00000000 1.00000000
vn 0.00000000 0.00000000 -1.00000000
vn 0.00000000 0.00000000 1.00000000
vn -0.12309149 -0.49236596 -0.86164045
vn 0.00000000 0.00000000 1.00000000
vn -0.13018891 -0.39056674 -0.91132236
vn 0.00000000 0.00000000 1.00000000
vn 0.00000000 0.00000000 -1.00000000
vn 0.00000000 0.00000000 1.00000000
vn -0.12309149 -0.49236596 -0.86164045
vn 0.00000000 0.00000000 1.00000000
vn -0.13018891 -0.39056674 -0.91132236
vn 0.00000000 0.00000000 1.00000000
vn -0.14744195 -0.44232586 -0.88465172
vn 0.00000000 0.00000000 1.00000000
vn 0.00000000 -0.49613893 -0.86824316
vn -0.44721359 0.00000000 0.89442718
vn 0.00000000 -0.49613893 -0.86824316
vn -0.44721359 0.00000000 0.89442718
vn -0.15617377 -0.31234753 -0.93704259
vn -0.44721359 0.00000000 0.89442718
vn 0.00000000 0.00000000 -1.00000000
vn 0.00000000 0.89442718 0.44721359
vn -0.31622776 0.94868332 0.00000000
vn 0.00000000 0.00000000 -1.00000000
vn 0.00000000 0.00000000 1.00000000
vn 0.00000000 0.00000000 -1.00000000
vn 0.00000000 0.00000000 1.00000000
vn 0.00000000 0.00000000 -1.00000000
vn 0.00000000 0.00000000 1.00000000
vn -0.27472112 0.00000000 -0.96152395
vn 0.00000000 0.00000000 1.00000000
vn -0.00000000 0.00000000 -1.00000000
vn 0.00000000 0.00000000 1.00000000
vn 0.00000000 0.00000000 -1.00000000
vn 0.00000000 0.00000000 1.00000000
vn 0.00000000 0.00000000 -1.00000000
vn 0.00000000 0.00000000 1.00000000
vn 0.00000000 0.00000000 -1.00000000
vn 0.00000000 0.00000000 1.00000000
vn -0.44721359 0.89442718 -0.00000000
vn -0.46852130 0.62469506 -0.62469506
vn -0.51449573 0.00000000 0.85749292
vn -0.00000000 1.00000000 -0.00000000
vn 0.00000000 1.00000000 0.00000000
vn 0.00000000 1.00000000 0.00000000
vn 0.00000000 1.00000000 0.00000000
vn -0.00000000 1.00000000 0.00000000
vn -0.11704115 -0.70224690 -0.70224690
vn -0.00000000 -1.00000000 -0.00000000
vn 0.00000000 -1.00000000 0.00000000
vn 0.00000000 -1.00000000 0.00000000
vn 0.00000000 -1.00000000 0.00000000
vn 0.00000000 -1.00000000 0.00000000
vn 0.00000000 -0.70710677 0.70710677
vn 0.00000000 -0.70710677 -0.70710677
vn 0.00000000 -1.00000000 -0.00000000
vn 0.00000000 -1.00000000 0.00000000
vn 0.00000000 -1.00000000 0.00000000
vn 0.00000000 -0.70710677 0.70710677
vn 0.00000000 -0.70710677 -0.70710677
vn 0.00000000 -1.00000000 -0.00000000
vn 0.00000000 -0.70710677 0.70710677
vn 0.00000000 -0.70710677 -0.70710677
vn 0.00000000 -0.70710677 0.70710677
vn 0.00000000 -0.70710677 -0.70710677
vn 0.00000000 -0.70710677 0.70710677
vn 0.00000000 -0.44721359 -0.89442718
vn 0.00000000 -0.44721359 0.89442718
vn 0.00000000 -0.44721359 -0.89442718
vn 0.00000000 0.00000000 1.00000000
vn 0.00000000 -0.44721359 -0.89442718
vn 0.00000000 -0.44721359 0.89442718
vn 0.00000000 0.00000000 -1.00000000
vn 0.00000000 -0.44721359 0.89442718
vn 0.00000000 -0.44721359 -0.89442718
vn 0.00000000 0.00000000 1.00000000
vn 0.00000000 -0.44721359 -0.89442718
vn 0.00000000 0.00000000 1.00000000
vn 0.00000000 0.00000000 -1.00000000
vn 0.00000000 0.00000000 1.00000000
vn 0.00000000 -0.44721359 -0.89442718
vn 0.00000000 -0.44721359 0.89442718
vn 0.00000000 -0.44721359 -0.89442718
vn 0.00000000 -0.44721359 0.89442718
vn 0.00000000 0.00000000 -1.00000000
vn 0.00000000 0.00000000 1.00000000
vn 0.00000000 -0.44721359 -0.89442718
vn 0.00000000 0.00000000 1.00000000
vn 0.00000000 -0.44721359 -0.89442718
vn 0.00000000 0.00000000 1.00000000
vn 0.00000000 0.00000000 -1.00000000
vn 0.00000000 0.00000000 1.00000000
vn 0.63960212 -0.63960212 -0.42640144
vn 0.00000000 0.00000000 1.00000000
vn 0.00000000 -0.49613893 -0.86824316
vn 0.00000000 0.00000000 1.00000000
vn 0.00000000 -0.44721359 -0.89442718
vn 0.70710677 0.00000000 0.70710677
vn 0.00000000 -0.44721359 -0.89442718
vn 0.00000000 0.00000000 1.00000000
vn 0.00000000 -0.49613893 -0.86824316
vn 0.00000000 0.00000000 1.00000000
vn 0.13018891 -0.39056674 -0.91132236
vn 0.00000000 0.00000000 1.00000000
vn 0.00000000 0.00000000 -1.00000000
vn 0.00000000 0.00000000 1.00000000
vn 0.00000000 0.00000000 -1.00000000
vn 0.00000000 0.00000000 1.00000000
vn 0.00000000 0.00000000 -1.00000000
vn 0.31622776 0.00000000 0.94868332
vn 0.00000000 -0.49613893 -0.86824316
vn 0.00000000 0.00000000 1.00000000
vn -0.15617377 -0.31234753 -0.93704259
vn 0.00000000 0.00000000 1.00000000
vn 0.00000000 0.00000000 -1.00000000
vn 0.00000000 0.00000000 1.00000000
vn 0.00000000 0.00000000 -1.00000000
vn 0.00000000 0.00000000 1.00000000
vn 0.00000000 0.00000000 -1.00000000
vn 0.31622776 0.00000000 0.94868332
vn 0.00000000 0.00000000 -1.00000000
vn 0.00000000 0.00000000 1.00000000
vn -0.12309149 -0.49236596 -0.86164045
vn 0.00000000 0.00000000 1.00000000
vn -0.13018891 -0.39056674 -0.91132236
vn 0.00000000 0.00000000 1.00000000
vn 0.00000000 0.00000000 -1.00000000
vn 0.00000000 0.00000000 1.00000000
vn -0.12309149 -0.49236596 -0.86164045
vn 0.00000000 0.00000000 1.00000000
vn -0.13018891 -0.39056674 -0.91132236
vn 0.00000000 0.00000000 1.00000000
vn 0.00000000 -0.49613893 -0.86824316
vn 0.00000000 0.00000000 1.00000000
vn -0.15617377 -0.31234753 -0.93704259
vn -0.39391929 0.00000000 0.91914505
vn 0.00000000 0.00000000 -1.00000000
vn -0.00000000 0.00000000 1.00000000
vn -0.14744195 -0.44232586 -0.88465172
vn 0.00000000 0.00000000 1.00000000
vn 0.00000000 -0.49613893 -0.86824316
vn 0.00000000 0.00000000 1.00000000
vn 0.00000000 0.00000000 -1.00000000
vn -0.37139067 0.00000000 0.92847669
vn 0.00000000 0.00000000 -1.00000000
vn -0.44721359 0.00000000 0.89442718
vn 0.00000000 0.00000000 -1.00000000
vn -0.44721359 0.00000000 0.89442718
vn 0.00000000 0.00000000 -1.00000000
vn 0.00000000 0.89442718 0.44721359
vn -0.31622776 0.94868332 0.00000000
vn 0.00000000 0.00000000 -1.00000000
vn 0.00000000 0.00000000 1.00000000
vn 0.00000000 0.00000000 -1.00000000
vn -0.44721359 0.00000000 0.89442718
vn 0.00000000 0.00000000 -1.00000000
vn -0.44721359 0.00000000 0.89442718
vn 0.00000000 0.00000000 -1.00000000
vn -0.44721359 0.00000000 0.89442718
vn 0.00000000 0.00000000 -1.00000000
vn -0.44721359 0.00000000 0.89442718
vn -0.60000002 0.00000000 -0.80000001
vn -0.44721359 0.00000000 0.89442718
vn -0.00000000 1.00000000 -0.00000000
vn 0.00000000 1.00000000 0.00000000
vn -0.19611613 0.98058069 0.00000000
vn -0.27472112 0.96152395 0.00000000
vn -0.14142136 0.98994946 0.00000000
vn -0.16439898 0.98639393 0.00000000
vn -0.00000000 1.00000000 0.00000000
vn -0.14002801 -0.70014006 -0.70014006
vn 0.00000000 -1.00000000 -0.00000000
vn -0.00000000 -1.00000000 0.00000000
vn 0.00000000 -1.00000000 0.00000000
vn 0.00000000 -1.00000000 0.00000000
vn 0.00000000 -1.00000000 0.00000000
vn -0.00000000 -1.00000000 0.00000000
vn -0.14002801 -0.70014006 0.70014006
vn -0.11704115 -0.70224690 -0.70224690
vn -0.00000000 -1.00000000 -0.00000000
vn 0.00000000 -1.00000000 0.00000000
vn 0.00000000 -0.70710677 0.70710677
vn 0.00000000 -0.70710677 -0.70710677
vn 0.00000000 -1.00000000 -0.00000000
vn 0.00000000 -0.70710677 0.70710677
vn 0.00000000 -0.70710677 -0.70710677
vn 0.00000000 -0.70710677 0.70710677
vn 0.00000000 -0.70710677 -0.70710677
vn 0.00000000 -0.70710677 0.70710677
vn 0.00000000 -0.44721359 -0.89442718
vn 0.00000000 -0.44721359 0.89442718
vn 0.00000000 -0.44721359 -0.89442718
vn 0.00000000 0.00000000 1.00000000
vn 0.00000000 -0.44721359 -0.89442718
vn 0.00000000 -0.44721359 0.89442718
vn 0.00000000 0.00000000 -1.00000000
vn 0.00000000 -0.44721359 0.89442718
vn 0.00000000 -0.44721359 -0.89442718
vn 0.00000000 0.00000000 1.00000000
vn 0.00000000 -0.44721359 -0.89442718
vn 0.00000000 0.00000000 1.00000000
vn 0.00000000 0.00000000 -1.00000000
vn 0.00000000 0.00000000 1.00000000
vn 0.00000000 -0.49613893 -0.86824316
vn 0.00000000 -0.44721359 0.89442718
vn 0.13018891 -0.39056674 -0.91132236
vn 0.00000000 -0.44721359 0.89442718
vn 0.00000000 0.00000000 -1.00000000
vn 0.00000000 0.00000000 1.00000000
vn 0.00000000 -0.44721359 -0.89442718
vn 0.00000000 0.00000000 1.00000000
vn 0.00000000 -0.44721359 -0.89442718
vn 0.00000000 0.00000000 1.00000000
vn 0.00000000 0.00000000 -1.00000000
vn 0.00000000 0.00000000 1.00000000
vn 0.00000000 -0.44721359 -0.89442718
vn 0.00000000 0.00000000 1.00000000
vn 0.00000000 -0.44721359 -0.89442718
vn 0.00000000 0.00000000 1.00000000
vn 0.00000000 -0.44721359 -0.89442718
vn 0.00000000 0.00000000 1.00000000
vn 0.00000000 -0.44721359 -0.89442718
vn 0.00000000 0.00000000 1.00000000
vn 0.00000000 0.00000000 -1.00000000
vn 0.00000000 0.00000000 1.00000000
vn 0.63960212 -0.63960212 -0.42640144
vn 0.31622776 0.00000000 0.94868332
vn 0.00000000 -0.49613893 -0.86824316
vn 0.00000000 0.00000000 1.00000000
vn 0.00000000 0.00000000 -1.00000000
vn 0.00000000 0.00000000 1.00000000
vn 0.00000000 0.00000000 -1.00000000
vn 0.70710677 0.00000000 0.70710677
vn 0.00000000 -0.44721359 -0.89442718
vn 0.00000000 0.00000000 1.00000000
vn 0.00000000 -0.44721359 -0.89442718
vn 0.00000000 0.00000000 1.00000000
vn 0.00000000 0.00000000 -1.00000000
vn 0.00000000 0.00000000 1.00000000
vn 0.00000000 0.00000000 -1.00000000
vn 0.00000000 0.00000000 1.00000000
vn 0.00000000 0.00000000 -1.00000000
vn 0.70710677 0.00000000 0.70710677
vn 0.00000000 -0.49613893 -0.86824316
vn 0.00000000 0.00000000 1.00000000
vn -0.15617377 -0.31234753 -0.93704259
vn 0.00000000 0.00000000 1.00000000
vn 0.00000000 0.00000000 -1.00000000
vn 0.00000000 0.00000000 1.00000000
vn 0.00000000 -0.49613893 -0.86824316
vn 0.00000000 0.00000000 1.00000000
vn -0.15617377 -0.31234753 -0.93704259
vn 0.00000000 0.00000000 1.00000000
vn 0.00000000 0.00000000 -1.00000000
vn 0.00000000 0.00000000 1.00000000
vn -0.14744195 -0.44232586 -0.88465172
vn 0.00000000 0.00000000 1.00000000
vn 0.00000000 -0.49613893 -0.86824316
vn 0.00000000 0.00000000 1.00000000
vn -0.12309149 -0.49236596 -0.86164045
vn 0.00000000 0.00000000 1.00000000
vn -0.13018891 -0.39056674 -0.91132236
vn 0.00000000 0.00000000 1.00000000
vn 0.00000000 0.00000000 -1.00000000
vn 0.00000000 0.00000000 1.00000000
vn 0.00000000 0.00000000 -1.00000000
vn 0.00000000 0.00000000 1.00000000
vn 0.00000000 0.00000000 -1.00000000
vn 0.00000000 0.00000000 1.00000000
vn 0.00000000 0.00000000 -1.00000000
vn 0.00000000 0.00000000 1.00000000
vn 0.00000000 0.00000000 -1.00000000
vn -0.37139067 0.00000000 0.92847669
vn 0.00000000 0.00000000 -1.00000000
vn -0.44721359 0.00000000 0.89442718
vn 0.00000000 0.00000000 -1.00000000
vn -0.00000000 0.00000000 1.00000000
vn -0.27472112 0.00000000 -0.96152395
vn 0.00000000 0.00000000 1.00000000
vn -0.60000002 0.00000000 -0.80000001
vn 0.00000000 0.00000000 1.00000000
vn -0.60000002 0.00000000 -0.80000001
vn 0.00000000 0.00000000 1.00000000
vn -0.00000000 1.00000000 -0.00000000
vn 0.00000000 0.55470020 -0.83205032
vn 0.00000000 0.00000000 1.00000000
vn 0.00000000 1.00000000 -0.00000000
vn -0.19611613 0.98058069 0.00000000
vn -0.46852130 0.62469506 -0.62469506
vn -0.51449573 0.00000000 0.85749292
vn -0.31622776 0.94868332 0.00000000
vn -0.00000000 1.00000000 -0.00000000
vn -0.00000000 1.00000000 0.00000000
vn -0.11704115 -0.70224690 -0.70224690
vn -0.00000000 -1.00000000 -0.00000000
vn 0.00000000 -1.00000000 0.00000000
vn 0.00000000 -1.00000000 0.00000000
vn 0.00000000 -1.00000000 0.00000000
vn 0.00000000 -1.00000000 0.00000000
vn -0.00000000 -1.00000000 0.00000000
vn 0.00000000 -1.00000000 0.00000000
vn -0.11704115 -0.70224690 0.70224690
vn -0.14002801 -0.70014006 -0.70014006
vn 0.00000000 -1.00000000 -0.00000000
vn -0.00000000 -1.00000000 0.00000000
vn -0.14002801 -0.70014006 0.70014006
vn 0.00000000 -0.70710677 -0.70710677
vn -0.14002801 -0.70014006 0.70014006
vn 0.00000000 -0.70710677 -0.70710677
vn -0.14002801 -0.70014006 0.70014006
vn 0.00000000 -0.70710677 -0.70710677
vn 0.00000000 -0.70710677 0.70710677
vn 0.00000000 -0.44721359 -0.89442718
vn 0.00000000 -0.44721359 0.89442718
vn 0.00000000 -0.44721359 -0.89442718
vn 0.00000000 0.00000000 1.00000000
vn 0.00000000 -0.44721359 -0.89442718
vn 0.00000000 -0.44721359 0.89442718
vn 0.00000000 0.00000000 -1.00000000
vn 0.00000000 -0.44721359 0.89442718
vn 0.00000000 -0.44721359 -0.89442718
vn 0.00000000 0.00000000 1.00000000
vn 0.00000000 -0.44721359 -0.89442718
vn 0.00000000 0.00000000 1.00000000
vn 0.00000000 0.00000000 -1.00000000
vn 0.00000000 0.00000000 1.00000000
vn 0.00000000 0.00000000 -1.00000000
vn 0.00000000 -0.49613893 0.86824316
vn 0.63960212 -0.63960212 -0.42640144
vn 0.13608277 -0.27216554 0.95257932
vn 0.00000000 -0.49613893 -0.86824316
vn 0.00000000 0.00000000 1.00000000
vn 0.00000000 -0.49613893 -0.86824316
vn 0.00000000 0.00000000 1.00000000
vn 0.13018891 -0.39056674 -0.91132236
vn 0.00000000 0.00000000 1.00000000
vn 0.00000000 0.00000000 -1.00000000
vn 0.00000000 0.00000000 1.00000000
vn 0.00000000 -0.44721359 -0.89442718
vn 0.00000000 0.00000000 1.00000000
vn 0.00000000 -0.44721359 -0.89442718
vn 0.00000000 0.00000000 1.00000000
vn 0.00000000 -0.44721359 -0.89442718
vn 0.00000000 0.00000000 1.00000000
vn 0.00000000 -0.44721359 -0.89442718
vn 0.00000000 0.00000000 1.00000000
vn 0.00000000 0.00000000 -1.00000000
vn 0.00000000 0.00000000 1.00000000
vn 0.00000000 -0.44721359 -0.89442718
vn 0.70710677 0.00000000 0.70710677
vn 0.00000000 -0.44721359 -0.89442718
vn 0.00000000 0.00000000 1.00000000
vn 0.00000000 0.00000000 -1.00000000
vn 0.00000000 0.00000000 1.00000000
vn 0.00000000 0.00000000 -1.00000000
vn 0.00000000 0.00000000 1.00000000
vn 0.00000000 -0.49613893 -0.86824316
vn 0.00000000 0.00000000 1.00000000
vn 0.13018891 -0.39056674 -0.91132236
vn 0.31622776 0.00000000 0.94868332
vn 0.00000000 0.00000000 -1.00000000
vn 0.00000000 0.00000000 1.00000000
vn 0.00000000 0.00000000 -1.00000000
vn 0.00000000 0.00000000 1.00000000
vn 0.00000000 0.00000000 -1.00000000
vn 0.00000000 0.00000000 1.00000000
vn 0.00000000 -0.44721359 -0.89442718
vn 0.00000000 0.00000000 1.00000000
vn 0.00000000 -0.44721359 -0.89442718
vn 0.00000000 0.00000000 1.00000000
vn 0.00000000 0.00000000 -1.00000000
vn 0.00000000 0.00000000 1.00000000
vn 0.00000000 -0.44721359 -0.89442718
vn 0.00000000 0.00000000 1.00000000
vn 0.00000000 -0.44721359 -0.89442718
vn 0.00000000 0.00000000 1.00000000
vn 0.00000000 -0.49613893 -0.86824316
vn 0.00000000 0.00000000 1.00000000
vn -0.15617377 -0.31234753 -0.93704259
vn 0.00000000 0.00000000 1.00000000
vn 0.00000000 -0.49613893 -0.86824316
vn 0.00000000 0.00000000 1.00000000
vn -0.15617377 -0.31234753 -0.93704259
vn 0.00000000 0.00000000 1.00000000
vn 0.00000000 0.00000000 -1.00000000
vn 0.00000000 0.00000000 1.00000000
vn 0.00000000 0.00000000 -1.00000000
vn 0.00000000 0.00000000 1.00000000
vn 0.00000000 0.00000000 -1.00000000
vn 0.00000000 0.00000000 1.00000000
vn 0.00000000 0.00000000 -1.00000000
vn 0.00000000 0.00000000 1.00000000
vn 0.00000000 0.00000000 -1.00000000
vn 0.00000000 0.00000000 1.00000000
vn 0.00000000 0.00000000 -1.00000000
vn 0.00000000 0.00000000 1.00000000
vn 0.00000000 0.00000000 -1.00000000
vn 0.00000000 0.00000000 1.00000000
vn 0.00000000 0.00000000 -1.00000000
vn 0.00000000 0.00000000 1.00000000
vn 0.00000000 0.00000000 -1.00000000
vn 0.00000000 0.00000000 1.00000000
vn 0.00000000 0.00000000 -1.00000000
vn 0.00000000 0.00000000 1.00000000
vn 0.00000000 0.00000000 -1.00000000
vn 0.00000000 0.00000000 1.00000000
vn 0.00000000 1.00000000 -0.00000000
vn 0.00000000 0.70710677 -0.70710677
vn 0.00000000 0.00000000 1.00000000
vn 0.00000000 1.00000000 -0.00000000
vn -0.51449573 0.51449573 -0.68599433
vn -0.37139067 0.00000000 0.92847669
vn -0.00000000 1.00000000 -0.00000000
vn 0.00000000 1.00000000 0.00000000
vn 0.00000000 1.00000000 0.00000000
vn -0.00000000 1.00000000 0.00000000
vn -0.14002801 -0.70014006 -0.70014006
vn 0.00000000 -1.00000000 -0.00000000
vn -0.00000000 -1.00000000 0.00000000
vn 0.00000000 -1.00000000 0.00000000
vn -0.49613893 -0.86824316 0.00000000
vn -0.44721359 -0.89442718 0.00000000
vn -0.44721359 -0.89442718 0.00000000
vn -0.49613893 -0.86824316 0.00000000
vn -0.00000000 -1.00000000 0.00000000
vn -0.14002801 -0.70014006 0.70014006
vn 0.00000000 -0.70710677 -0.70710677
vn 0.00000000 -1.00000000 -0.00000000
vn 0.00000000 -1.00000000 0.00000000
vn -0.10050378 -0.70352650 0.70352650
vn 0.00000000 -0.70710677 -0.70710677
vn -0.10050378 -0.70352650 0.70352650
vn 0.00000000 -0.70710677 -0.70710677
vn -0.14744195 -0.44232586 0.88465172
vn 0.00000000 -0.70710677 -0.70710677
vn 0.00000000 -0.44721359 0.89442718
vn 0.00000000 -0.44721359 -0.89442718
vn 0.00000000 -0.44721359 0.89442718
vn 0.00000000 -0.44721359 -0.89442718
vn 0.00000000 0.00000000 1.00000000
vn 0.00000000 -0.44721359 -0.89442718
vn 0.00000000 -0.49613893 0.86824316
vn 0.00000000 0.00000000 -1.00000000
vn 0.13608277 -0.27216554 0.95257932
vn 0.00000000 -0.44721359 -0.89442718
vn 0.00000000 0.00000000 1.00000000
vn 0.00000000 -0.44721359 -0.89442718
vn 0.00000000 0.00000000 1.00000000
vn 0.00000000 0.00000000 -1.00000000
vn 0.00000000 0.00000000 1.00000000
vn 0.00000000 0.00000000 -1.00000000
vn 0.00000000 0.00000000 1.00000000
vn 0.00000000 -0.44721359 -0.89442718
vn 0.48507124 -0.48507124 0.72760689
vn 0.00000000 -0.44721359 -0.89442718
vn 0.00000000 -0.49613893 0.86824316
vn 0.00000000 0.00000000 -1.00000000
vn 0.00000000 0.00000000 1.00000000
vn 0.63960212 -0.63960212 -0.42640144
vn 0.00000000 0.00000000 1.00000000
vn 0.00000000 -0.49613893 -0.86824316
vn 0.00000000 0.00000000 1.00000000
vn 0.00000000 -0.44721359 -0.89442718
vn 0.00000000 0.00000000 1.00000000
vn 0.00000000 -0.44721359 -0.89442718
vn 0.31622776 0.00000000 0.94868332
vn 0.00000000 -0.49613893 -0.86824316
vn 0.00000000 0.00000000 1.00000000
vn 0.13018891 -0.39056674 -0.91132236
vn 0.00000000 0.00000000 1.00000000
vn 0.00000000 0.00000000 -1.00000000
vn 0.00000000 0.00000000 1.00000000
vn 0.00000000 -0.44721359 -0.89442718
vn 0.00000000 0.00000000 1.00000000
vn 0.00000000 -0.44721359 -0.89442718
vn 0.00000000 0.00000000 1.00000000
vn 0.00000000 0.00000000 -1.00000000
vn 0.00000000 0.00000000 1.00000000
vn 0.00000000 0.00000000 -1.00000000
vn 0.00000000 0.00000000 1.00000000
vn 0.00000000 0.00000000 -1.00000000
vn 0.00000000 0.00000000 1.00000000
vn 0.63960212 -0.63960212 -0.42640144
vn 0.70710677 0.00000000 0.70710677
vn 0.00000000 -0.49613893 -0.86824316
vn 0.00000000 0.00000000 1.00000000
vn 0.00000000 0.00000000 -1.00000000
vn 0.31622776 0.00000000 0.94868332
vn 0.00000000 0.00000000 -1.00000000
vn 0.00000000 0.00000000 1.00000000
vn 0.00000000 -0.44721359 -0.89442718
vn 0.00000000 0.00000000 1.00000000
vn 0.00000000 -0.44721359 -0.89442718
vn 0.31622776 0.00000000 0.94868332
vn 0.00000000 0.00000000 -1.00000000
vn 0.00000000 0.00000000 1.00000000
vn -0.14744195 -0.44232586 -0.88465172
vn 0.00000000 0.00000000 1.00000000
vn 0.00000000 -0.49613893 -0.86824316
vn 0.00000000 0.00000000 1.00000000
vn 0.00000000 -0.44721359 -0.89442718
vn 0.00000000 0.00000000 1.00000000
vn 0.00000000 -0.44721359 -0.89442718
vn 0.00000000 0.00000000 1.00000000
vn 0.00000000 -0.44721359 -0.89442718
vn 0.00000000 0.00000000 1.00000000
vn 0.00000000 -0.44721359 -0.89442718
vn 0.00000000 0.00000000 1.00000000
vn 0.00000000 0.00000000 -1.00000000
vn 0.00000000 0.00000000 1.00000000
vn 0.00000000 0.00000000 -1.00000000
vn 0.00000000 0.00000000 1.00000000
vn 0.00000000 0.00000000 -1.00000000
vn 0.00000000 0.00000000 1.00000000
vn 0.00000000 0.00000000 -1.00000000
vn 0.00000000 0.00000000 1.00000000
vn 0.00000000 0.00000000 -1.00000000
vn 0.00000000 0.00000000 1.00000000
vn 0.00000000 0.00000000 -1.00000000
vn 0.00000000 0.00000000 1.00000000
vn 0.00000000 0.00000000 -1.00000000
vn 0.00000000 0.00000000 1.00000000
vn 0.00000000 0.00000000 -1.00000000
vn 0.00000000 0.00000000 1.00000000
vn 0.00000000 0.00000000 -1.00000000
vn 0.00000000 0.00000000 1.00000000
vn 0.00000000 0.00000000 -1.00000000
vn -0.39391929 0.00000000 0.91914505
vn 0.00000000 0.00000000 -1.00000000
vn -0.44721359 0.00000000 0.89442718
vn 0.00000000 1.00000000 -0.00000000
vn 0.00000000 0.70710677 -0.70710677
vn 0.00000000 0.89442718 0.44721359
vn -0.31622776 0.94868332 0.00000000
vn 0.00000000 1.00000000 -0.00000000
vn 0.00000000 0.70710677 -0.70710677
vn 0.00000000 0.00000000 1.00000000
vn 0.00000000 1.00000000 -0.00000000
vn 0.00000000 1.00000000 0.00000000
vn 0.00000000 1.00000000 0.00000000
vn 0.00000000 1.00000000 0.00000000
vn -0.27216554 -0.68041384 -0.68041384
vn -0.00000000 -1.00000000 -0.00000000
vn -0.00000000 -1.00000000 0.00000000
vn -0.00000000 -1.00000000 0.00000000
vn -0.00000000 -1.00000000 0.00000000
vn -0.27216554 -0.68041384 0.68041384
vn -0.11704115 -0.70224690 -0.70224690
vn -0.00000000 -1.00000000 -0.00000000
vn 0.00000000 -1.00000000 0.00000000
vn -0.00000000 -1.00000000 0.00000000
vn -0.27216554 -0.68041384 0.68041384
vn 0.00000000 -0.70710677 -0.70710677
vn 0.00000000 -1.00000000 -0.00000000
vn -0.14002801 -0.70014006 0.70014006
vn 0.00000000 -0.70710677 -0.70710677
vn 0.00000000 -0.70710677 0.70710677
vn 0.00000000 -0.70710677 -0.70710677
vn 0.00000000 -0.44721359 0.89442718
vn 0.00000000 -0.70710677 -0.70710677
vn 0.00000000 -0.44721359 0.89442718
vn 0.00000000 -0.44721359 -0.89442718
vn 0.00000000 -0.44721359 0.89442718
vn 0.00000000 -0.44721359 -0.89442718
vn 0.00000000 0.00000000 1.00000000
vn 0.00000000 -0.44721359 -0.89442718
vn 0.00000000 0.00000000 1.00000000
vn 0.00000000 0.00000000 -1.00000000
vn 0.48507124 -0.48507124 0.72760689
vn 0.00000000 -0.44721359 -0.89442718
vn 0.00000000 -0.49613893 0.86824316
vn 0.00000000 -0.44721359 -0.89442718
vn 0.00000000 0.00000000 1.00000000
vn 0.00000000 0.00000000 -1.00000000
vn 0.00000000 0.00000000 1.00000000
vn 0.00000000 0.00000000 -1.00000000
vn 0.00000000 0.00000000 1.00000000
vn 0.00000000 -0.44721359 -0.89442718
vn 0.00000000 -0.44721359 0.89442718
vn 0.00000000 -0.44721359 -0.89442718
vn 0.00000000 -0.44721359 0.89442718
vn 0.00000000 0.00000000 -1.00000000
vn 0.00000000 0.00000000 1.00000000
vn 0.00000000 -0.44721359 -0.89442718
vn 0.00000000 0.00000000 1.00000000
vn 0.00000000 -0.44721359 -0.89442718
vn 0.00000000 0.00000000 1.00000000
vn 0.00000000 -0.44721359 -0.89442718
vn 0.27472112 0.00000000 0.96152395
vn 0.00000000 -0.44721359 -0.89442718
vn 0.70710677 0.00000000 0.70710677
vn 0.00000000 0.00000000 -1.00000000
vn 0.00000000 0.00000000 1.00000000
vn 0.63960212 -0.63960212 -0.42640144
vn 0.00000000 0.00000000 1.00000000
vn 0.00000000 -0.49613893 -0.86824316
vn 0.00000000 0.00000000 1.00000000
vn 0.00000000 -0.49613893 -0.86824316
vn 0.00000000 0.00000000 1.00000000
vn 0.13018891 -0.39056674 -0.91132236
vn 0.00000000 0.00000000 1.00000000
vn 0.00000000 0.00000000 -1.00000000
vn 0.31622776 0.00000000 0.94868332
vn 0.00000000 0.00000000 -1.00000000
vn 0.00000000 0.00000000 1.00000000
vn 0.00000000 0.00000000 -1.00000000
vn 0.31622776 0.00000000 0.94868332
vn 0.00000000 -0.44721359 -0.89442718
vn 0.00000000 0.00000000 1.00000000
vn 0.00000000 -0.44721359 -0.89442718
vn 0.00000000 0.00000000 1.00000000
vn 0.00000000 0.00000000 -1.00000000
vn 0.70710677 0.00000000 0.70710677
vn 0.00000000 0.00000000 -1.00000000
vn 0.00000000 0.00000000 1.00000000
vn 0.00000000 -0.44721359 -0.89442718
vn 0.27472112 0.00000000 0.96152395
vn 0.00000000 -0.44721359 -0.89442718
vn 0.70710677 0.00000000 0.70710677
vn 0.00000000 -0.49613893 -0.86824316
vn 0.00000000 0.00000000 1.00000000
vn -0.15617377 -0.31234753 -0.93704259
vn 0.00000000 0.00000000 1.00000000
vn 0.00000000 0.00000000 -1.00000000
vn 0.00000000 0.00000000 1.00000000
vn 0.00000000 -0.44721359 -0.89442718
vn 0.00000000 0.00000000 1.00000000
vn 0.00000000 -0.44721359 -0.89442718
vn 0.00000000 0.00000000 1.00000000
vn 0.00000000 -0.44721359 -0.89442718
vn 0.00000000 0.00000000 1.00000000
vn 0.00000000 -0.44721359 -0.89442718
vn 0.00000000 0.00000000 1.00000000
vn 0.00000000 0.00000000 -1.00000000
vn 0.00000000 0.00000000 1.00000000
vn 0.00000000 0.00000000 -1.00000000
vn 0.00000000 0.00000000 1.00000000
vn 0.00000000 0.00000000 -1.00000000
vn 0.00000000 0.00000000 1.00000000
vn 0.00000000 0.00000000 -1.00000000
vn 0.00000000 0.00000000 1.00000000
vn 0.00000000 0.00000000 -1.00000000
vn 0.00000000 0.00000000 1.00000000
vn 0.00000000 0.00000000 -1.00000000
vn 0.00000000 0.00000000 1.00000000
vn 0.00000000 0.00000000 -1.00000000
vn 0.00000000 0.00000000 1.00000000
vn 0.00000000 0.00000000 -1.00000000
vn 0.00000000 0.00000000 1.00000000
vn 0.00000000 0.00000000 -1.00000000
vn 0.00000000 0.00000000 1.00000000
vn 0.00000000 0.00000000 -1.00000000
vn 0.00000000 0.00000000 1.00000000
vn 0.00000000 0.00000000 -1.00000000
vn 0.00000000 0.00000000 1.00000000
vn 0.00000000 1.00000000 -0.00000000
vn 0.00000000 0.70710677 -0.70710677
vn -0.37139067 0.00000000 0.92847669
vn 0.00000000 1.00000000 -0.00000000
vn 0.00000000 0.70710677 -0.70710677
vn 0.00000000 0.70710677 0.70710677
vn -0.00000000 1.00000000 0.00000000
vn 0.00000000 1.00000000 -0.00000000
vn 0.00000000 1.00000000 0.00000000
vn 0.00000000 1.00000000 0.00000000
vn 0.00000000 1.00000000 0.00000000
vn -0.27216554 -0.68041384 -0.68041384
vn -0.00000000 -1.00000000 -0.00000000
vn -0.00000000 -1.00000000 0.00000000
vn 0.00000000 -1.00000000 0.00000000
vn 0.00000000 -1.00000000 0.00000000
vn -0.00000000 -1.00000000 0.00000000
vn -0.00000000 -1.00000000 0.00000000
vn -0.27216554 -0.68041384 0.68041384
vn -0.14002801 -0.70014006 -0.70014006
vn 0.00000000 -1.00000000 -0.00000000
vn -0.00000000 -1.00000000 0.00000000
vn 0.00000000 -1.00000000 0.00000000
vn -0.10050378 -0.70352650 0.70352650
vn 0.00000000 -0.70710677 -0.70710677
vn -0.14744195 -0.44232586 0.88465172
vn 0.00000000 -0.70710677 -0.70710677
vn -0.15617377 -0.31234753 0.93704259
vn 0.00000000 -0.70710677 -0.70710677
vn 0.00000000 -0.49613893 0.86824316
vn 0.00000000 -0.70710677 -0.70710677
vn 0.00000000 -0.44721359 0.89442718
vn 0.00000000 -0.44721359 -0.89442718
vn 0.00000000 -0.44721359 0.89442718
vn 0.00000000 -0.44721359 -0.89442718
vn 0.00000000 0.00000000 1.00000000
vn 0.00000000 -0.44721359 -0.89442718
vn 0.00000000 0.00000000 1.00000000
vn 0.00000000 0.00000000 -1.00000000
vn 0.00000000 -0.44721359 0.89442718
vn 0.00000000 -0.44721359 -0.89442718
vn 0.00000000 -0.44721359 0.89442718
vn 0.00000000 -0.44721359 -0.89442718
vn 0.00000000 0.00000000 1.00000000
vn 0.00000000 0.00000000 -1.00000000
vn 0.00000000 0.00000000 1.00000000
vn 0.00000000 0.00000000 -1.00000000
vn 0.00000000 0.00000000 1.00000000
vn 0.00000000 -0.44721359 -0.89442718
vn 0.00000000 -0.49613893 0.86824316
vn 0.00000000 -0.44721359 -0.89442718
vn 0.15617377 -0.31234753 0.93704259
vn 0.00000000 0.00000000 -1.00000000
vn 0.14142136 0.00000000 0.98994946
vn 0.00000000 -0.44721359 -0.89442718
vn 0.00000000 0.00000000 1.00000000
vn 0.00000000 -0.44721359 -0.89442718
vn 0.27472112 0.00000000 0.96152395
vn 0.00000000 -0.49613893 -0.86824316
vn 0.70710677 0.00000000 0.70710677
vn 0.13018891 -0.39056674 -0.91132236
vn 0.00000000 0.00000000 1.00000000
vn 0.00000000 0.00000000 -1.00000000
vn 0.00000000 0.00000000 1.00000000
vn 0.00000000 -0.44721359 -0.89442718
vn 0.00000000 0.00000000 1.00000000
vn 0.00000000 -0.44721359 -0.89442718
vn 0.31622776 0.00000000 0.94868332
vn 0.00000000 0.00000000 -1.00000000
vn 0.00000000 0.00000000 1.00000000
vn 0.63960212 -0.63960212 -0.42640144
vn 0.00000000 0.00000000 1.00000000
vn 0.00000000 -0.49613893 -0.86824316
vn 0.70710677 0.00000000 0.70710677
vn 0.00000000 0.00000000 -1.00000000
vn 0.00000000 0.00000000 1.00000000
vn 0.00000000 0.00000000 -1.00000000
vn 0.70710677 0.00000000 0.70710677
vn 0.00000000 -0.49613893 -0.86824316
vn 0.00000000 0.00000000 1.00000000
vn 0.13018891 -0.39056674 -0.91132236
vn 0.31622776 0.00000000 0.94868332
vn 0.00000000 0.00000000 -1.00000000
vn 0.00000000 0.00000000 1.00000000
vn 0.00000000 0.00000000 -1.00000000
vn 0.00000000 0.00000000 1.00000000
vn 0.00000000 -0.44721359 -0.89442718
vn 0.70710677 0.00000000 0.70710677
vn 0.00000000 -0.44721359 -0.89442718
vn 0.00000000 0.00000000 1.00000000
vn 0.00000000 -0.49613893 -0.86824316
vn 0.00000000 0.00000000 1.00000000
vn 0.13018891 -0.39056674 -0.91132236
vn 0.31622776 0.00000000 0.94868332
vn 0.00000000 0.00000000 -1.00000000
vn 0.00000000 0.00000000 1.00000000
vn 0.00000000 -0.44721359 -0.89442718
vn 0.31622776 0.00000000 0.94868332
vn 0.00000000 -0.44721359 -0.89442718
vn 0.00000000 0.00000000 1.00000000
vn 0.00000000 -0.44721359 -0.89442718
vn 0.31622776 0.00000000 0.94868332
vn 0.00000000 -0.44721359 -0.89442718
vn 0.00000000 0.00000000 1.00000000
vn 0.00000000 0.00000000 -1.00000000
vn 0.00000000 0.00000000 1.00000000
vn 0.00000000 0.00000000 -1.00000000
vn 0.00000000 0.00000000 1.00000000
vn 0.00000000 0.00000000 -1.00000000
vn 0.00000000 0.00000000 1.00000000
vn 0.00000000 0.00000000 -1.00000000
vn 0.00000000 0.00000000 1.00000000
vn 0.00000000 0.00000000 -1.00000000
vn 0.00000000 0.00000000 1.00000000
vn 0.00000000 0.00000000 -1.00000000
vn 0.00000000 0.00000000 1.00000000
vn 0.00000000 0.00000000 -1.00000000
vn 0.00000000 0.00000000 1.00000000
vn 0.00000000 0.00000000 -1.00000000
vn 0.00000000 0.00000000 1.00000000
vn 0.00000000 0.00000000 -1.00000000
vn 0.00000000 0.00000000 1.00000000
vn 0.00000000 0.00000000 -1.00000000
vn 0.31622776 0.00000000 0.94868332
vn 0.00000000 0.00000000 -1.00000000
vn 0.44721359 0.00000000 0.89442718
vn 0.00000000 1.00000000 -0.00000000
vn 0.00000000 0.70710677 -0.70710677
vn 0.44721359 0.00000000 0.89442718
vn 0.00000000 1.00000000 -0.00000000
vn 0.37139067 0.55708599 -0.74278134
vn 0.00000000 0.55470020 0.83205032
vn 0.00000000 1.00000000 0.00000000
vn 0.00000000 1.00000000 -0.00000000
vn 0.00000000 1.00000000 0.00000000
vn 0.00000000 1.00000000 0.00000000
vn 0.00000000 1.00000000 0.00000000
vn -0.14002801 -0.70014006 -0.70014006
vn 0.00000000 -1.00000000 -0.00000000
vn -0.00000000 -1.00000000 0.00000000
vn 0.00000000 -1.00000000 0.00000000
vn -0.49613893 -0.86824316 0.00000000
vn -0.44721359 -0.89442718 0.00000000
vn -0.49613893 -0.86824316 0.00000000
vn -0.00000000 -1.00000000 0.00000000
vn -0.00000000 -1.00000000 0.00000000
vn -0.27216554 -0.68041384 0.68041384
vn 0.00000000 -0.70710677 -0.70710677
vn 0.00000000 -1.00000000 -0.00000000
vn -0.14002801 -0.70014006 0.70014006
vn 0.00000000 -0.70710677 -0.70710677
vn 0.00000000 -0.70710677 0.70710677
vn 0.00000000 -0.70710677 -0.70710677
vn -0.14744195 -0.44232586 0.88465172
vn 0.00000000 -0.70710677 -0.70710677
vn 0.00000000 0.00000000 1.00000000
vn 0.00000000 -0.70710677 -0.70710677
vn 0.00000000 -0.44721359 0.89442718
vn 0.13018891 -0.39056674 -0.91132236
vn 0.00000000 -0.44721359 0.89442718
vn 0.00000000 -0.55470020 -0.83205032
vn 0.00000000 0.00000000 1.00000000
vn 0.13018891 -0.39056674 -0.91132236
vn 0.00000000 0.00000000 1.00000000
vn 0.00000000 0.00000000 -1.00000000
vn 0.00000000 -0.44721359 0.89442718
vn 0.00000000 -0.49613893 -0.86824316
vn 0.00000000 -0.44721359 0.89442718
vn 0.13018891 -0.39056674 -0.91132236
vn 0.00000000 0.00000000 1.00000000
vn 0.00000000 0.00000000 -1.00000000
vn 0.00000000 0.00000000 1.00000000
vn 0.00000000 0.00000000 -1.00000000
vn 0.00000000 0.00000000 1.00000000
vn 0.00000000 -0.44721359 -0.89442718
vn 0.00000000 0.00000000 1.00000000
vn 0.00000000 -0.44721359 -0.89442718
vn 0.55470020 0.00000000 0.83205032
vn 0.00000000 0.00000000 -1.00000000
vn 0.48507124 -0.48507124 0.72760689
vn 0.00000000 -0.44721359 -0.89442718
vn 0.13018891 -0.39056674 0.91132236
vn 0.00000000 -0.44721359 -0.89442718
vn 0.70710677 0.00000000 0.70710677
vn 0.00000000 0.00000000 -1.00000000
vn 0.00000000 0.00000000 1.00000000
vn 0.63960212 -0.63960212 -0.42640144
vn 0.00000000 0.00000000 1.00000000
vn 0.00000000 -0.49613893 -0.86824316
vn 0.00000000 0.00000000 1.00000000
vn 0.00000000 -0.44721359 -0.89442718
vn 0.00000000 0.00000000 1.00000000
vn 0.00000000 -0.44721359 -0.89442718
vn 0.70710677 0.00000000 0.70710677
vn 0.00000000 0.00000000 -1.00000000
vn 0.00000000 0.00000000 1.00000000
vn 0.00000000 -0.49613893 -0.86824316
vn 0.31622776 0.00000000 0.94868332
vn 0.13018891 -0.39056674 -0.91132236
vn 0.00000000 0.00000000 1.00000000
vn 0.00000000 0.00000000 -1.00000000
vn 0.31622776 0.00000000 0.94868332
vn 0.00000000 0.00000000 -1.00000000
vn 0.00000000 0.00000000 1.00000000
vn 0.00000000 0.00000000 -1.00000000
vn 0.27472112 0.00000000 0.96152395
vn 0.63960212 -0.63960212 -0.42640144
vn 0.70710677 0.00000000 0.70710677
vn 0.00000000 -0.49613893 -0.86824316
vn 0.00000000 0.00000000 1.00000000
vn 0.00000000 0.00000000 -1.00000000
vn 0.31622776 0.00000000 0.94868332
vn 0.00000000 -0.44721359 -0.89442718
vn 0.00000000 0.00000000 1.00000000
vn 0.00000000 -0.44721359 -0.89442718
vn 0.00000000 0.00000000 1.00000000
vn 0.00000000 0.00000000 -1.00000000
vn 0.27472112 0.00000000 0.96152395
vn 0.63960212 -0.63960212 -0.42640144
vn 0.70710677 0.00000000 0.70710677
vn 0.00000000 -0.49613893 -0.86824316
vn 0.00000000 0.00000000 1.00000000
vn 0.00000000 -0.44721359 -0.89442718
vn 0.70710677 0.00000000 0.70710677
vn 0.00000000 -0.44721359 -0.89442718
vn 0.00000000 0.00000000 1.00000000
vn 0.00000000 -0.44721359 -0.89442718
vn 0.70710677 0.00000000 0.70710677
vn 0.00000000 -0.44721359 -0.89442718
vn 0.31622776 0.00000000 0.94868332
vn 0.00000000 0.00000000 -1.00000000
vn 0.44721359 0.00000000 0.89442718
vn 0.00000000 0.00000000 -1.00000000
vn 0.44721359 0.00000000 0.89442718
vn 0.00000000 0.00000000 -1.00000000
vn 0.44721359 0.00000000 0.89442718
vn 0.00000000 0.00000000 -1.00000000
vn 0.00000000 0.00000000 1.00000000
vn 0.00000000 0.00000000 -1.00000000
vn 0.00000000 0.00000000 1.00000000
vn 0.00000000 0.00000000 -1.00000000
vn 0.00000000 0.00000000 1.00000000
vn 0.00000000 0.00000000 -1.00000000
vn 0.00000000 0.00000000 1.00000000
vn 0.00000000 0.00000000 -1.00000000
vn 0.00000000 0.00000000 1.00000000
vn 0.44721359 0.00000000 -0.89442718
vn 0.00000000 0.00000000 1.00000000
vn 0.00000000 0.00000000 -1.00000000
vn 0.70710677 0.00000000 0.70710677
vn 0.00000000 0.00000000 -1.00000000
vn 0.70710677 0.00000000 0.70710677
vn 0.00000000 1.00000000 -0.00000000
vn 0.00000000 0.70710677 -0.70710677
vn 0.70710677 0.00000000 0.70710677
vn 0.00000000 1.00000000 -0.00000000
vn 0.16439898 0.98639393 0.00000000
vn 0.68824720 0.22941573 -0.68824720
vn 0.60000002 0.00000000 0.80000001
vn 0.00000000 1.00000000 -0.00000000
vn 0.00000000 1.00000000 0.00000000
vn 0.00000000 1.00000000 0.00000000
vn -0.27216554 -0.68041384 -0.68041384
vn -0.00000000 -1.00000000 -0.00000000
vn -0.00000000 -1.00000000 0.00000000
vn -0.00000000 -1.00000000 0.00000000
vn -0.27216554 -0.68041384 0.68041384
vn 0.00000000 -0.70710677 -0.70710677
vn 0.00000000 -1.00000000 -0.00000000
vn 0.00000000 -1.00000000 0.00000000
vn -0.00000000 -1.00000000 0.00000000
vn 0.00000000 -1.00000000 0.00000000
vn -0.10050378 -0.70352650 0.70352650
vn 0.00000000 -0.70710677 -0.70710677
vn 0.00000000 -1.00000000 -0.00000000
vn -0.14744195 -0.44232586 0.88465172
vn 0.00000000 -0.70710677 -0.70710677
vn -0.15617377 -0.31234753 0.93704259
vn 0.00000000 -0.70710677 -0.70710677
vn 0.00000000 -0.49613893 0.86824316
vn 0.00000000 -0.70710677 -0.70710677
vn 0.00000000 0.00000000 1.00000000
vn 0.00000000 -0.51449573 -0.85749292
vn -0.15617377 -0.31234753 0.93704259
vn 0.63960212 -0.63960212 -0.42640144
vn 0.00000000 -0.49613893 0.86824316
vn 0.00000000 -0.55470020 -0.83205032
vn 0.00000000 0.00000000 1.00000000
vn 0.63960212 -0.63960212 -0.42640144
vn 0.00000000 0.00000000 1.00000000
vn 0.00000000 -0.49613893 -0.86824316
vn 0.00000000 -0.44721359 0.89442718
vn 0.00000000 0.00000000 -1.00000000
vn 0.00000000 -0.44721359 0.89442718
vn 0.63960212 -0.63960212 -0.42640144
vn 0.00000000 0.00000000 1.00000000
vn 0.00000000 -0.49613893 -0.86824316
vn 0.00000000 0.00000000 1.00000000
vn 0.00000000 0.00000000 -1.00000000
vn 0.00000000 0.00000000 1.00000000
vn 0.00000000 -0.44721359 -0.89442718
vn 0.00000000 0.00000000 1.00000000
vn 0.00000000 -0.44721359 -0.89442718
vn 0.00000000 0.00000000 1.00000000
vn 0.00000000 0.00000000 -1.00000000
vn 0.00000000 0.00000000 1.00000000
vn 0.00000000 -0.44721359 -0.89442718
vn 0.55470020 0.00000000 0.83205032
vn 0.00000000 -0.44721359 -0.89442718
vn 0.00000000 0.00000000 1.00000000
vn 0.00000000 0.00000000 -1.00000000
vn 0.00000000 0.00000000 1.00000000
vn 0.00000000 -0.44721359 -0.89442718
vn 0.00000000 0.00000000 1.00000000
vn 0.00000000 -0.44721359 -0.89442718
vn 0.00000000 0.00000000 1.00000000
vn 0.00000000 -0.49613893 -0.86824316
vn 0.31622776 0.00000000 0.94868332
vn 0.13018891 -0.39056674 -0.91132236
vn 0.00000000 0.00000000 1.00000000
vn 0.00000000 0.00000000 -1.00000000
vn 0.00000000 0.00000000 1.00000000
vn 0.00000000 0.00000000 -1.00000000
vn 0.70710677 0.00000000 0.70710677
vn 0.63960212 -0.63960212 -0.42640144
vn 0.00000000 0.00000000 1.00000000
vn 0.00000000 -0.49613893 -0.86824316
vn 0.70710677 0.00000000 0.70710677
vn 0.00000000 0.00000000 -1.00000000
vn 0.00000000 0.00000000 1.00000000
vn 0.00000000 0.00000000 -1.00000000
vn 0.70710677 0.00000000 0.70710677
vn 0.00000000 -0.49613893 -0.86824316
vn 0.00000000 0.00000000 1.00000000
vn 0.13018891 -0.39056674 -0.91132236
vn 0.27472112 0.00000000 0.96152395
vn 0.00000000 0.00000000 -1.00000000
vn 0.70710677 0.00000000 0.70710677
vn 0.00000000 -0.49613893 -0.86824316
vn 0.00000000 0.00000000 1.00000000
vn 0.13018891 -0.39056674 -0.91132236
vn 0.27472112 0.00000000 0.96152395
vn 0.00000000 0.00000000 -1.00000000
vn 0.70710677 0.00000000 0.70710677
vn 0.00000000 -0.44721359 -0.89442718
vn 0.00000000 0.00000000 1.00000000
vn 0.00000000 -0.44721359 -0.89442718
vn 0.31622776 0.00000000 0.94868332
vn 0.00000000 -0.44721359 -0.89442718
vn 0.00000000 0.00000000 1.00000000
vn 0.00000000 -0.44721359 -0.89442718
vn 0.31622776 0.00000000 0.94868332
vn 0.00000000 -0.49613893 -0.86824316
vn 0.00000000 0.00000000 1.00000000
vn 0.13018891 -0.39056674 -0.91132236
vn 0.70710677 0.00000000 0.70710677
vn 0.00000000 0.00000000 -1.00000000
vn 0.70710677 0.00000000 0.70710677
vn 0.00000000 0.00000000 -1.00000000
vn 0.70710677 0.00000000 0.70710677
vn 0.00000000 0.00000000 -1.00000000
vn 0.70710677 0.00000000 0.70710677
vn 0.00000000 0.00000000 -1.00000000
vn 0.31622776 0.00000000 0.94868332
vn 0.00000000 0.00000000 -1.00000000
vn 0.44721359 0.00000000 0.89442718
vn 0.00000000 0.00000000 -1.00000000
vn 0.44721359 0.00000000 0.89442718
vn 0.44721359 0.00000000 -0.89442718
vn 0.44721359 0.00000000 0.89442718
vn 0.00000000 0.00000000 -1.00000000
vn 0.00000000 0.00000000 1.00000000
vn 0.00000000 0.00000000 -1.00000000
vn 0.00000000 0.00000000 1.00000000
vn 0.44721359 0.00000000 -0.89442718
vn 0.00000000 0.00000000 1.00000000
vn 0.51449573 0.00000000 -0.85749292
vn 0.00000000 0.00000000 1.00000000
vn 0.00000000 1.00000000 -0.00000000
vn 0.00000000 0.70710677 -0.70710677
vn 0.00000000 0.00000000 1.00000000
vn 0.00000000 1.00000000 -0.00000000
vn 0.00000000 1.00000000 0.00000000
vn 0.37139067 0.55708599 -0.74278134
vn 0.57735026 0.57735026 0.57735026
vn 0.44721359 0.89442718 0.00000000
vn 0.00000000 1.00000000 -0.00000000
vn 0.00000000 1.00000000 0.00000000
vn -0.14002801 -0.70014006 -0.70014006
vn 0.00000000 -1.00000000 -0.00000000
vn -0.00000000 -1.00000000 0.00000000
vn 0.00000000 -1.00000000 0.00000000
vn -0.00000000 -1.00000000 0.00000000
vn -0.00000000 -1.00000000 0.00000000
vn -0.27216554 -0.68041384 0.68041384
vn -0.11704115 -0.70224690 -0.70224690
vn -0.00000000 -1.00000000 -0.00000000
vn 0.00000000 -1.00000000 0.00000000
vn 0.00000000 -0.70710677 0.70710677
vn 0.00000000 -0.70710677 -0.70710677
vn 0.00000000 -1.00000000 -0.00000000
vn 0.00000000 -0.70710677 0.70710677
vn 0.00000000 -0.70710677 -0.70710677
vn -0.14744195 -0.44232586 0.88465172
vn 0.00000000 -0.70710677 -0.70710677
vn 0.00000000 0.00000000 1.00000000
vn 0.00000000 -0.70710677 -0.70710677
vn -0.13018891 -0.39056674 0.91132236
vn 0.00000000 -0.44721359 -0.89442718
vn -0.12309149 -0.49236596 0.86164045
vn 0.00000000 -0.44721359 -0.89442718
vn 0.00000000 0.00000000 1.00000000
vn 0.00000000 -0.44721359 -0.89442718
vn 0.00000000 0.00000000 1.00000000
vn 0.00000000 -0.44721359 -0.89442718
vn 0.00000000 0.00000000 1.00000000
vn 0.00000000 -0.44721359 -0.89442718
vn 0.00000000 -0.44721359 0.89442718
vn 0.00000000 0.00000000 -1.00000000
vn 0.00000000 -0.44721359 0.89442718
vn 0.00000000 -0.44721359 -0.89442718
vn 0.00000000 0.00000000 1.00000000
vn 0.00000000 -0.44721359 -0.89442718
vn 0.00000000 0.00000000 1.00000000
vn 0.00000000 0.00000000 -1.00000000
vn 0.00000000 0.00000000 1.00000000
vn 0.00000000 -0.49613893 -0.86824316
vn 0.00000000 0.00000000 1.00000000
vn 0.13018891 -0.39056674 -0.91132236
vn 0.00000000 0.00000000 1.00000000
vn 0.00000000 0.00000000 -1.00000000
vn 0.00000000 0.00000000 1.00000000
vn 0.00000000 -0.49613893 -0.86824316
vn 0.00000000 0.00000000 1.00000000
vn 0.13018891 -0.39056674 -0.91132236
vn 0.00000000 0.00000000 1.00000000
vn 0.00000000 0.00000000 -1.00000000
vn 0.00000000 0.00000000 1.00000000
vn 0.00000000 -0.44721359 -0.89442718
vn 0.00000000 0.00000000 1.00000000
vn 0.00000000 -0.44721359 -0.89442718
vn 0.00000000 0.00000000 1.00000000
vn 0.00000000 0.00000000 -1.00000000
vn 0.70710677 0.00000000 0.70710677
vn 0.63960212 -0.63960212 -0.42640144
vn 0.00000000 0.00000000 1.00000000
vn 0.00000000 -0.49613893 -0.86824316
vn 0.31622776 0.00000000 0.94868332
vn 0.00000000 0.00000000 -1.00000000
vn 0.00000000 0.00000000 1.00000000
vn 0.00000000 -0.49613893 -0.86824316
vn 0.31622776 0.00000000 0.94868332
vn 0.13018891 -0.39056674 -0.91132236
vn 0.00000000 0.00000000 1.00000000
vn 0.00000000 0.00000000 -1.00000000
vn 0.31622776 0.00000000 0.94868332
vn 0.00000000 0.00000000 -1.00000000
vn 0.00000000 0.00000000 1.00000000
vn 0.00000000 0.00000000 -1.00000000
vn 0.27472112 0.00000000 0.96152395
vn 0.63960212 -0.63960212 -0.42640144
vn 0.70710677 0.00000000 0.70710677
vn 0.11111111 -0.44444445 -0.88888890
vn 0.27472112 0.00000000 0.96152395
vn 0.00000000 0.00000000 -1.00000000
vn 0.16439898 0.00000000 0.98639393
vn 0.63960212 -0.63960212 -0.42640144
vn 0.70710677 0.00000000 0.70710677
vn 0.00000000 -0.49613893 -0.86824316
vn 0.27472112 0.00000000 0.96152395
vn 0.00000000 -0.49613893 -0.86824316
vn 0.16439898 0.00000000 0.98639393
vn 0.13018891 -0.39056674 -0.91132236
vn 0.70710677 0.00000000 0.70710677
vn 0.00000000 -0.55470020 -0.83205032
vn 0.27472112 0.00000000 0.96152395
vn 0.13018891 -0.39056674 -0.91132236
vn 0.70710677 0.00000000 0.70710677
vn 0.00000000 0.00000000 -1.00000000
vn 0.31622776 0.00000000 0.94868332
vn 0.63960212 -0.63960212 -0.42640144
vn 0.44721359 0.00000000 0.89442718
vn 0.11111111 -0.44444445 -0.88888890
vn 0.44721359 0.00000000 0.89442718
vn 0.00000000 0.00000000 -1.00000000
vn 0.44721359 0.00000000 0.89442718
vn 0.00000000 0.00000000 -1.00000000
vn 0.00000000 0.00000000 1.00000000
vn 0.00000000 0.00000000 -1.00000000
vn 0.70710677 0.00000000 0.70710677
vn 0.00000000 0.00000000 -1.00000000
vn 0.70710677 0.00000000 0.70710677
vn 0.39391929 0.00000000 -0.91914505
vn 0.70710677 0.00000000 0.70710677
vn 0.00000000 0.00000000 -1.00000000
vn 0.70710677 0.00000000 0.70710677
vn 0.00000000 0.00000000 -1.00000000
vn 0.31622776 0.00000000 0.94868332
vn 0.00000000 0.00000000 -1.00000000
vn 0.44721359 0.00000000 0.89442718
vn 0.00000000 0.00000000 -1.00000000
vn 0.00000000 0.00000000 1.00000000
vn 0.70710677 0.00000000 -0.70710677
vn 0.00000000 0.00000000 1.00000000
vn 0.44721359 0.00000000 -0.89442718
vn 0.60000002 0.00000000 0.80000001
vn 0.00000000 1.00000000 -0.00000000
vn 0.00000000 1.00000000 0.00000000
vn 0.16439898 0.98639393 0.00000000
vn 0.85749292 0.51449573 -0.00000000
vn 0.70710677 0.70710677 0.00000000
vn 0.24253562 0.97014248 0.00000000
vn 0.00000000 1.00000000 0.00000000
vn -0.11704115 -0.70224690 -0.70224690
vn -0.00000000 -1.00000000 -0.00000000
vn 0.00000000 -1.00000000 0.00000000
vn 0.00000000 -1.00000000 0.00000000
vn -0.52999896 -0.84799832 0.00000000
vn -0.00000000 -1.00000000 0.00000000
vn -0.00000000 -1.00000000 0.00000000
vn -0.27216554 -0.68041384 0.68041384
vn -0.14002801 -0.70014006 -0.70014006
vn 0.00000000 -1.00000000 -0.00000000
vn -0.00000000 -1.00000000 0.00000000
vn -0.14002801 -0.70014006 0.70014006
vn 0.00000000 -0.70710677 -0.70710677
vn -0.14002801 -0.70014006 0.70014006
vn 0.00000000 -0.70710677 -0.70710677
vn 0.00000000 -0.49613893 0.86824316
vn 0.00000000 -0.70710677 -0.70710677
vn -0.13018891 -0.39056674 0.91132236
vn 0.00000000 -0.70710677 -0.70710677
vn -0.12309149 -0.49236596 0.86164045
vn 0.00000000 -0.44721359 -0.89442718
vn 0.00000000 0.00000000 1.00000000
vn 0.00000000 -0.44721359 -0.89442718
vn 0.00000000 0.00000000 1.00000000
vn 0.00000000 -0.44721359 -0.89442718
vn 0.00000000 0.00000000 1.00000000
vn 0.00000000 -0.44721359 -0.89442718
vn 0.00000000 0.00000000 1.00000000
vn 0.00000000 -0.44721359 -0.89442718
vn -0.15617377 -0.31234753 0.93704259
vn 0.00000000 0.00000000 -1.00000000
vn 0.00000000 -0.49613893 0.86824316
vn 0.00000000 -0.44721359 -0.89442718
vn 0.00000000 0.00000000 1.00000000
vn 0.00000000 -0.44721359 -0.89442718
vn 0.00000000 0.00000000 1.00000000
vn 0.00000000 0.00000000 -1.00000000
vn 0.00000000 0.00000000 1.00000000
vn 0.00000000 0.00000000 -1.00000000
vn 0.00000000 0.00000000 1.00000000
vn 0.63960212 -0.63960212 -0.42640144
vn 0.00000000 0.00000000 1.00000000
vn 0.00000000 -0.49613893 -0.86824316
vn 0.00000000 0.00000000 1.00000000
vn 0.00000000 0.00000000 -1.00000000
vn 0.00000000 0.00000000 1.00000000
vn 0.63960212 -0.63960212 -0.42640144
vn 0.00000000 0.00000000 1.00000000
vn 0.00000000 -0.49613893 -0.86824316
vn 0.00000000 0.00000000 1.00000000
vn 0.00000000 -0.49613893 -0.86824316
vn 0.00000000 0.00000000 1.00000000
vn 0.13018891 -0.39056674 -0.91132236
vn 0.31622776 0.00000000 0.94868332
vn 0.00000000 0.00000000 -1.00000000
vn 0.00000000 0.00000000 1.00000000
vn 0.00000000 -0.49613893 -0.86824316
vn 0.00000000 0.00000000 1.00000000
vn 0.13018891 -0.39056674 -0.91132236
vn 0.70710677 0.00000000 0.70710677
vn 0.00000000 0.00000000 -1.00000000
vn 0.27472112 0.00000000 0.96152395
vn 0.00000000 0.00000000 -1.00000000
vn 0.70710677 0.00000000 0.70710677
vn 0.63960212 -0.63960212 -0.42640144
vn 0.27472112 0.00000000 0.96152395
vn 0.11111111 -0.44444445 -0.88888890
vn 0.70710677 0.00000000 0.70710677
vn 0.00000000 0.00000000 -1.00000000
vn 0.27472112 0.00000000 0.96152395
vn 0.00000000 0.00000000 -1.00000000
vn 0.70710677 0.00000000 0.70710677
vn 0.00000000 0.00000000 -1.00000000
vn 0.27472112 0.00000000 0.96152395
vn 0.63960212 -0.63960212 -0.42640144
vn 0.70710677 0.00000000 0.70710677
vn 0.11111111 -0.44444445 -0.88888890
vn 0.55470020 0.00000000 0.83205032
vn 0.00000000 -0.55470020 -0.83205032
vn 0.27472112 0.00000000 0.96152395
vn 0.13018891 -0.39056674 -0.91132236
vn 0.70710677 0.00000000 0.70710677
vn 0.00000000 0.00000000 -1.00000000
vn 0.55470020 0.00000000 0.83205032
vn 0.63960212 -0.63960212 -0.42640144
vn 0.27472112 0.00000000 0.96152395
vn 0.00000000 -0.55470020 -0.83205032
vn 0.70710677 0.00000000 0.70710677
vn 0.63960212 -0.63960212 -0.42640144
vn 0.27472112 0.00000000 0.96152395
vn 0.11111111 -0.44444445 -0.88888890
vn 0.70710677 0.00000000 0.70710677
vn 0.00000000 0.00000000 -1.00000000
vn 0.70710677 0.00000000 0.70710677
vn 0.63960212 -0.63960212 -0.42640144
vn 0.70710677 0.00000000 0.70710677
vn 0.12309149 -0.49236596 -0.86164045
vn 0.70710677 0.00000000 0.70710677
vn 0.31622776 0.00000000 -0.94868332
vn 0.31622776 0.00000000 0.94868332
vn 0.31622776 0.00000000 -0.94868332
vn 0.44721359 0.00000000 0.89442718
vn 0.31622776 0.00000000 -0.94868332
vn 0.44721359 0.00000000 0.89442718
vn 0.00000000 0.00000000 -1.00000000
vn 0.44721359 0.00000000 0.89442718
vn 0.00000000 0.00000000 -1.00000000
vn 0.00000000 0.00000000 1.00000000
vn 0.44721359 0.00000000 -0.89442718
vn 0.70710677 0.00000000 0.70710677
vn 0.00000000 0.00000000 -1.00000000
vn 0.70710677 0.00000000 0.70710677
vn 0.00000000 0.00000000 -1.00000000
vn 0.31622776 0.00000000 0.94868332
vn 0.00000000 0.00000000 -1.00000000
vn 0.44721359 0.00000000 0.89442718
vn 0.31622776 0.94868332 -0.00000000
vn 0.68824720 0.22941573 -0.68824720
vn 0.57735026 0.57735026 0.57735026
vn 0.24253562 0.97014248 0.00000000
vn 0.00000000 1.00000000 -0.00000000
vn 0.00000000 1.00000000 0.00000000
vn 0.00000000 1.00000000 0.00000000
vn 0.00000000 1.00000000 0.00000000
vn 0.00000000 1.00000000 0.00000000
vn -0.27216554 -0.68041384 -0.68041384
vn -0.00000000 -1.00000000 -0.00000000
vn -0.27216554 -0.68041384 0.68041384
vn -0.14002801 -0.70014006 -0.70014006
vn 0.00000000 -1.00000000 -0.00000000
vn -0.00000000 -1.00000000 0.00000000
vn 0.00000000 -1.00000000 0.00000000
vn -0.49613893 -0.86824316 0.00000000
vn 0.00000000 -1.00000000 0.00000000
vn -0.10050378 -0.70352650 0.70352650
vn 0.00000000 -0.70710677 -0.70710677
vn 0.00000000 -1.00000000 -0.00000000
vn -0.10050378 -0.70352650 0.70352650
vn 0.00000000 -0.70710677 -0.70710677
vn -0.14744195 -0.44232586 0.88465172
vn 0.00000000 -0.70710677 -0.70710677
vn -0.13018891 -0.39056674 0.91132236
vn 0.00000000 -0.70710677 -0.70710677
vn -0.12309149 -0.49236596 0.86164045
vn 0.00000000 -0.70710677 -0.70710677
vn 0.00000000 0.00000000 1.00000000
vn 0.00000000 -0.44721359 -0.89442718
vn 0.00000000 0.00000000 1.00000000
vn 0.00000000 -0.44721359 -0.89442718
vn 0.00000000 0.00000000 1.00000000
vn 0.00000000 -0.44721359 -0.89442718
vn 0.00000000 0.00000000 1.00000000
vn 0.00000000 -0.49613893 -0.86824316
vn 0.00000000 -0.49613893 0.86824316
vn 0.13018891 -0.39056674 -0.91132236
vn -0.14744195 -0.44232586 0.88465172
vn 0.00000000 0.00000000 -1.00000000
vn 0.00000000 0.00000000 1.00000000
vn 0.00000000 -0.49613893 -0.86824316
vn 0.00000000 0.00000000 1.00000000
vn 0.13018891 -0.39056674 -0.91132236
vn 0.00000000 0.00000000 1.00000000
vn 0.00000000 0.00000000 -1.00000000
vn 0.00000000 0.00000000 1.00000000
vn 0.00000000 0.00000000 -1.00000000
vn 0.00000000 0.00000000 1.00000000
vn 0.00000000 -0.44721359 -0.89442718
vn 0.00000000 0.00000000 1.00000000
vn 0.00000000 -0.44721359 -0.89442718
vn 0.00000000 0.00000000 1.00000000
vn 0.00000000 0.00000000 -1.00000000
vn 0.00000000 0.00000000 1.00000000
vn 0.00000000 -0.49613893 -0.86824316
vn 0.00000000 0.00000000 1.00000000
vn 0.13018891 -0.39056674 -0.91132236
vn 0.00000000 0.00000000 1.00000000
vn 0.00000000 0.00000000 -1.00000000
vn 0.27472112 0.00000000 0.96152395
vn 0.63960212 -0.63960212 -0.42640144
vn 0.70710677 0.00000000 0.70710677
vn 0.00000000 -0.49613893 -0.86824316
vn 0.00000000 0.00000000 1.00000000
vn 0.00000000 0.00000000 -1.00000000
vn 0.31622776 0.00000000 0.94868332
vn 0.63960212 -0.63960212 -0.42640144
vn 0.00000000 0.00000000 1.00000000
vn 0.11111111 -0.44444445 -0.88888890
vn 0.70710677 0.00000000 0.70710677
vn 0.00000000 0.00000000 -1.00000000
vn 0.27472112 0.00000000 0.96152395
vn 0.00000000 0.00000000 -1.00000000
vn 0.70710677 0.00000000 0.70710677
vn 0.63960212 -0.63960212 -0.42640144
vn 0.27472112 0.00000000 0.96152395
vn 0.12309149 -0.49236596 -0.86164045
vn 0.70710677 0.00000000 0.70710677
vn 0.27472112 0.00000000 -0.96152395
vn 0.27472112 0.00000000 0.96152395
vn 0.00000000 0.00000000 -1.00000000
vn 0.70710677 0.00000000 0.70710677
vn 0.00000000 0.00000000 -1.00000000
vn 0.27472112 0.00000000 0.96152395
vn 0.63960212 -0.63960212 -0.42640144
vn 0.16439898 0.00000000 0.98639393
vn 0.12309149 -0.49236596 -0.86164045
vn 0.70710677 0.00000000 0.70710677
vn 0.63960212 -0.63960212 -0.42640144
vn 0.27472112 0.00000000 0.96152395
vn 0.11111111 -0.44444445 -0.88888890
vn 0.16439898 0.00000000 0.98639393
vn 0.00000000 -0.55470020 -0.83205032
vn 0.70710677 0.00000000 0.70710677
vn 0.13018891 -0.39056674 -0.91132236
vn 0.27472112 0.00000000 0.96152395
vn 0.00000000 0.00000000 -1.00000000
vn 0.70710677 0.00000000 0.70710677
vn 0.63960212 -0.63960212 -0.42640144
vn 0.70710677 0.00000000 0.70710677
vn 0.11111111 -0.44444445 -0.88888890
vn 0.31622776 0.00000000 0.94868332
vn 0.00000000 0.00000000 -1.00000000
vn 0.44721359 0.00000000 0.89442718
vn 0.80000001 0.00000000 -0.60000002
vn 0.44721359 0.00000000 0.89442718
vn 0.80000001 0.00000000 -0.60000002
vn 0.70710677 0.00000000 0.70710677
vn 0.80000001 0.00000000 -0.60000002
vn 0.70710677 0.00000000 0.70710677
vn 0.70710677 0.00000000 -0.70710677
vn 0.70710677 0.00000000 0.70710677
vn 0.00000000 0.00000000 -1.00000000
vn 0.70710677 0.00000000 0.70710677
vn 0.00000000 0.00000000 -1.00000000
vn 0.31622776 0.00000000 0.94868332
vn 0.00000000 0.00000000 -1.00000000
vn 0.44721359 0.00000000 0.89442718
vn 0.44721359 0.00000000 -0.89442718
vn 0.44721359 0.00000000 0.89442718
vn 0.51449573 0.00000000 -0.85749292
vn 0.70710677 0.00000000 0.70710677
vn 0.51449573 0.00000000 -0.85749292
vn 0.70710677 0.00000000 0.70710677
vn 0.00000000 1.00000000 -0.00000000
vn 0.37139067 0.55708599 -0.74278134
vn 0.44721359 0.00000000 0.89442718
vn 0.00000000 1.00000000 -0.00000000
vn 0.00000000 1.00000000 0.00000000
vn 0.00000000 1.00000000 0.00000000
vn 0.00000000 1.00000000 0.00000000
vn 0.00000000 1.00000000 0.00000000
vn -0.27216554 -0.68041384 -0.68041384
vn -0.00000000 -1.00000000 -0.00000000
vn -0.00000000 -1.00000000 0.00000000
vn -0.00000000 -1.00000000 0.00000000
vn -0.00000000 -1.00000000 0.00000000
vn -0.27216554 -0.68041384 0.68041384
vn 0.00000000 -0.70710677 -0.70710677
vn 0.00000000 -1.00000000 -0.00000000
vn 0.00000000 -1.00000000 0.00000000
vn -0.14002801 -0.70014006 0.70014006
vn 0.00000000 -0.70710677 -0.70710677
vn 0.00000000 -1.00000000 -0.00000000
vn -0.14002801 -0.70014006 0.70014006
vn 0.00000000 -0.70710677 -0.70710677
vn 0.00000000 -0.70710677 0.70710677
vn 0.00000000 -0.70710677 -0.70710677
vn -0.14744195 -0.44232586 0.88465172
vn 0.00000000 -0.70710677 -0.70710677
vn 0.00000000 0.00000000 1.00000000
vn 0.00000000 -0.70710677 -0.70710677
vn 0.00000000 0.00000000 1.00000000
vn 0.13018891 -0.39056674 -0.91132236
vn 0.00000000 0.00000000 1.00000000
vn 0.00000000 -0.55470020 -0.83205032
vn 0.00000000 0.00000000 1.00000000
vn 0.13018891 -0.39056674 -0.91132236
vn 0.00000000 0.00000000 1.00000000
vn 0.00000000 0.00000000 -1.00000000
vn -0.15617377 -0.31234753 0.93704259
vn 0.63960212 -0.63960212 -0.42640144
vn 0.00000000 -0.49613893 0.86824316
vn 0.00000000 -0.49613893 -0.86824316
vn 0.00000000 0.00000000 1.00000000
vn 0.00000000 0.00000000 -1.00000000
vn 0.00000000 0.00000000 1.00000000
vn 0.63960212 -0.63960212 -0.42640144
vn 0.00000000 0.00000000 1.00000000
vn 0.00000000 -0.49613893 -0.86824316
vn 0.00000000 0.00000000 1.00000000
vn 0.00000000 0.00000000 -1.00000000
vn 0.00000000 0.00000000 1.00000000
vn 0.00000000 -0.49613893 -0.86824316
vn 0.00000000 0.00000000 1.00000000
vn 0.13018891 -0.39056674 -0.91132236
vn 0.00000000 0.00000000 1.00000000
vn 0.00000000 0.00000000 -1.00000000
vn 0.00000000 0.00000000 1.00000000
vn 0.00000000 0.00000000 -1.00000000
vn 0.00000000 0.00000000 1.00000000
vn 0.63960212 -0.63960212 -0.42640144
vn 0.27472112 0.00000000 0.96152395
vn 0.00000000 -0.49613893 -0.86824316
vn 0.70710677 0.00000000 0.70710677
vn 0.00000000 -0.49613893 -0.86824316
vn 0.00000000 0.00000000 1.00000000
vn 0.13018891 -0.39056674 -0.91132236
vn 0.27472112 0.00000000 0.96152395
vn 0.00000000 0.00000000 -1.00000000
vn 0.70710677 0.00000000 0.70710677
vn 0.00000000 0.00000000 -1.00000000
vn 0.31622776 0.00000000 0.94868332
vn 0.63960212 -0.63960212 -0.42640144
vn 0.44721359 0.00000000 0.89442718
vn 0.11111111 -0.44444445 -0.88888890
vn 0.70710677 0.00000000 0.70710677
vn 0.00000000 0.00000000 -1.00000000
vn 0.27472112 0.00000000 0.96152395
vn 0.00000000 0.00000000 -1.00000000
vn 0.70710677 0.00000000 0.70710677
vn 0.80000001 0.00000000 -0.60000002
vn 0.27472112 0.00000000 0.96152395
vn 0.63960212 -0.63960212 -0.42640144
vn 0.70710677 0.00000000 0.70710677
vn 0.11111111 -0.44444445 -0.88888890
vn 0.27472112 0.00000000 0.96152395
vn 0.00000000 0.00000000 -1.00000000
vn 0.70710677 0.00000000 0.70710677
vn 0.00000000 0.00000000 -1.00000000
vn 0.55470020 0.00000000 0.83205032
vn 0.63960212 -0.63960212 -0.42640144
vn 0.16439898 0.00000000 0.98639393
vn 0.12309149 -0.49236596 -0.86164045
vn 0.70710677 0.00000000 0.70710677
vn 0.63960212 -0.63960212 -0.42640144
vn 0.55470020 0.00000000 0.83205032
vn 0.12309149 -0.49236596 -0.86164045
vn 0.16439898 0.00000000 0.98639393
vn 0.63960212 -0.63960212 -0.42640144
vn 0.70710677 0.00000000 0.70710677
vn 0.11111111 -0.44444445 -0.88888890
vn 0.70710677 0.00000000 0.70710677
vn 0.00000000 0.00000000 -1.00000000
vn 0.16439898 0.00000000 0.98639393
vn 0.63960212 -0.63960212 -0.42640144
vn 0.70710677 0.00000000 0.70710677
vn 0.11111111 -0.44444445 -0.88888890
vn 0.70710677 0.00000000 0.70710677
vn 0.00000000 0.00000000 -1.00000000
vn 0.70710677 0.00000000 0.70710677
vn 0.00000000 0.00000000 -1.00000000
vn 0.70710677 0.00000000 0.70710677
vn 0.00000000 0.00000000 -1.00000000
vn 0.31622776 0.00000000 0.94868332
vn 0.00000000 0.00000000 -1.00000000
vn 0.44721359 0.00000000 0.89442718
vn 0.00000000 0.00000000 -1.00000000
vn 0.44721359 0.00000000 0.89442718
vn 0.44721359 0.00000000 -0.89442718
vn 0.70710677 0.00000000 0.70710677
vn 0.00000000 0.00000000 -1.00000000
vn 0.70710677 0.00000000 0.70710677
vn 0.00000000 0.00000000 -1.00000000
vn 0.70710677 0.00000000 0.70710677
vn 0.70710677 0.00000000 -0.70710677
vn 0.70710677 0.00000000 0.70710677
vn 0.70710677 0.00000000 -0.70710677
vn 0.70710677 0.00000000 0.70710677
vn 0.31622776 0.94868332 -0.00000000
vn 0.68824720 0.22941573 -0.68824720
vn 0.87038827 0.34815532 0.34815532
vn 0.94868332 0.31622776 0.00000000
vn 0.00000000 1.00000000 -0.00000000
vn 0.00000000 1.00000000 0.00000000
vn -0.14002801 -0.70014006 -0.70014006
vn 0.00000000 -1.00000000 -0.00000000
vn -0.00000000 -1.00000000 0.00000000
vn 0.00000000 -1.00000000 0.00000000
vn 0.00000000 -1.00000000 0.00000000
vn -0.00000000 -1.00000000 0.00000000
vn 0.00000000 -1.00000000 0.00000000
vn -0.10050378 -0.70352650 0.70352650
vn 0.00000000 -0.70710677 -0.70710677
vn 0.00000000 -1.00000000 -0.00000000
vn -0.10050378 -0.70352650 0.70352650
vn 0.00000000 -0.70710677 -0.70710677
vn 0.00000000 -1.00000000 -0.00000000
vn -0.14744195 -0.44232586 0.88465172
vn 0.00000000 -0.70710677 -0.70710677
vn -0.15617377 -0.31234753 0.93704259
vn 0.00000000 -0.70710677 -0.70710677
vn 0.00000000 -0.49613893 0.86824316
vn 0.00000000 -0.70710677 -0.70710677
vn 0.00000000 0.00000000 1.00000000
vn 0.14744195 -0.44232586 -0.88465172
vn 0.00000000 0.00000000 1.00000000
vn 0.63960212 -0.63960212 -0.42640144
vn 0.00000000 0.00000000 1.00000000
vn 0.00000000 -0.55470020 -0.83205032
vn -0.14142136 0.00000000 0.98994946
vn 0.63960212 -0.63960212 -0.42640144
vn -0.14744195 -0.44232586 0.88465172
vn 0.00000000 -0.49613893 -0.86824316
vn -0.12309149 -0.49236596 0.86164045
vn 0.00000000 -0.44721359 -0.89442718
vn 0.00000000 0.00000000 1.00000000
vn 0.00000000 -0.44721359 -0.89442718
vn 0.00000000 0.00000000 1.00000000
vn 0.00000000 0.00000000 -1.00000000
vn 0.00000000 0.00000000 1.00000000
vn 0.00000000 -0.49613893 -0.86824316
vn 0.00000000 0.00000000 1.00000000
vn 0.13018891 -0.39056674 -0.91132236
vn 0.00000000 0.00000000 1.00000000
vn 0.00000000 0.00000000 -1.00000000
vn 0.00000000 0.00000000 1.00000000
vn 0.00000000 0.00000000 -1.00000000
vn 0.00000000 0.00000000 1.00000000
vn 0.63960212 -0.63960212 -0.42640144
vn 0.00000000 0.00000000 1.00000000
vn 0.11111111 -0.44444445 -0.88888890
vn 0.00000000 0.00000000 1.00000000
vn 0.00000000 0.00000000 -1.00000000
vn 0.27472112 0.00000000 0.96152395
vn 0.00000000 -0.49613893 -0.86824316
vn 0.70710677 0.00000000 0.70710677
vn 0.13018891 -0.39056674 -0.91132236
vn 0.00000000 0.00000000 1.00000000
vn 0.00000000 0.00000000 -1.00000000
vn 0.27472112 0.00000000 0.96152395
vn 0.63960212 -0.63960212 -0.42640144
vn 0.70710677 0.00000000 0.70710677
vn 0.11111111 -0.44444445 -0.88888890
vn 0.27472112 0.00000000 0.96152395
vn 0.00000000 0.00000000 -1.00000000
vn 0.70710677 0.00000000 0.70710677
vn 0.00000000 0.00000000 -1.00000000
vn 0.70710677 0.00000000 0.70710677
vn 0.63960212 -0.63960212 -0.42640144
vn 0.27472112 0.00000000 0.96152395
vn 0.12309149 -0.49236596 -0.86164045
vn 0.70710677 0.00000000 0.70710677
vn 0.27472112 0.00000000 -0.96152395
vn 0.27472112 0.00000000 0.96152395
vn 0.00000000 0.00000000 -1.00000000
vn 0.70710677 0.00000000 0.70710677
vn 0.00000000 0.00000000 -1.00000000
vn 0.27472112 0.00000000 0.96152395
vn 0.63960212 -0.63960212 -0.42640144
vn 0.70710677 0.00000000 0.70710677
vn 0.12309149 -0.49236596 -0.86164045
vn 0.16439898 0.00000000 0.98639393
vn 0.27472112 0.00000000 -0.96152395
vn 0.70710677 0.00000000 0.70710677
vn 0.00000000 0.00000000 -1.00000000
vn 0.55470020 0.00000000 0.83205032
vn 0.63960212 -0.63960212 -0.42640144
vn 0.16439898 0.00000000 0.98639393
vn 0.12309149 -0.49236596 -0.86164045
vn 0.70710677 0.00000000 0.70710677
vn 0.63960212 -0.63960212 -0.42640144
vn 0.62469506 0.00000000 0.78086883
vn 0.12309149 -0.49236596 -0.86164045
vn 0.70710677 0.00000000 0.70710677
vn 0.63960212 -0.63960212 -0.42640144
vn 0.70710677 0.00000000 0.70710677
vn 0.12309149 -0.49236596 -0.86164045
vn 0.62469506 0.00000000 0.78086883
vn 0.31622776 0.00000000 -0.94868332
vn 0.70710677 0.00000000 0.70710677
vn 0.63960212 -0.63960212 -0.42640144
vn 0.70710677 0.00000000 0.70710677
vn 0.12309149 -0.49236596 -0.86164045
vn 0.70710677 0.00000000 0.70710677
vn 0.31622776 0.00000000 -0.94868332
vn 0.27472112 0.00000000 0.96152395
vn 0.31622776 0.00000000 -0.94868332
vn 0.70710677 0.00000000 0.70710677
vn 0.31622776 0.00000000 -0.94868332
vn 0.70710677 0.00000000 0.70710677
vn 0.31622776 0.00000000 -0.94868332
vn 0.70710677 0.00000000 0.70710677
vn 0.00000000 0.00000000 -1.00000000
vn 0.70710677 0.00000000 0.70710677
vn 0.44721359 0.00000000 -0.89442718
vn 0.31622776 0.00000000 0.94868332
vn 0.00000000 0.00000000 -1.00000000
vn 0.44721359 0.00000000 0.89442718
vn 0.00000000 0.00000000 -1.00000000
vn 0.44721359 0.00000000 0.89442718
vn 0.44721359 0.00000000 -0.89442718
vn 0.44721359 0.00000000 0.89442718
vn 0.00000000 1.00000000 -0.00000000
vn 0.16439898 0.98639393 0.00000000
vn 0.85749292 0.51449573 -0.00000000
vn 0.70710677 0.70710677 0.00000000
vn 0.16439898 0.98639393 0.00000000
vn 0.00000000 1.00000000 0.00000000
vn -0.11704115 -0.70224690 -0.70224690
vn -0.00000000 -1.00000000 -0.00000000
vn 0.00000000 -1.00000000 0.00000000
vn 0.00000000 -1.00000000 0.00000000
vn -0.52999896 -0.84799832 0.00000000
vn 0.00000000 -1.00000000 0.00000000
vn -0.00000000 -1.00000000 0.00000000
vn -0.14002801 -0.70014006 0.70014006
vn 0.00000000 -0.70710677 -0.70710677
vn 0.00000000 -1.00000000 -0.00000000
vn -0.14002801 -0.70014006 0.70014006
vn 0.08804509 -0.70436072 -0.70436072
vn 0.00000000 -1.00000000 -0.00000000
vn -0.11704115 -0.70224690 0.70224690
vn 0.08804509 -0.70436072 -0.70436072
vn -0.12309149 -0.49236596 0.86164045
vn 0.08804509 -0.70436072 -0.70436072
vn -0.14142136 0.00000000 0.98994946
vn 0.14744195 -0.44232586 -0.88465172
vn -0.16439898 0.00000000 0.98639393
vn 0.63960212 -0.63960212 -0.42640144
vn -0.16439898 0.00000000 0.98639393
vn 0.00000000 -0.70710677 -0.70710677
vn -0.14744195 -0.44232586 0.88465172
vn 0.13018891 -0.39056674 -0.91132236
vn -0.13736056 -0.54944223 0.82416338
vn 0.00000000 -0.51449573 -0.85749292
vn -0.27472112 0.00000000 0.96152395
vn 0.00000000 -0.44721359 -0.89442718
vn 0.00000000 0.00000000 1.00000000
vn 0.00000000 -0.49613893 -0.86824316
vn 0.00000000 0.00000000 1.00000000
vn 0.13018891 -0.39056674 -0.91132236
vn 0.00000000 0.00000000 1.00000000
vn 0.00000000 0.00000000 -1.00000000
vn 0.00000000 0.00000000 1.00000000
vn 0.00000000 0.00000000 -1.00000000
vn 0.00000000 0.00000000 1.00000000
vn 0.63960212 -0.63960212 -0.42640144
vn 0.00000000 0.00000000 1.00000000
vn 0.11111111 -0.44444445 -0.88888890
vn 0.00000000 0.00000000 1.00000000
vn 0.00000000 0.00000000 -1.00000000
vn 0.00000000 0.00000000 1.00000000
vn 0.00000000 0.00000000 -1.00000000
vn 0.27472112 0.00000000 0.96152395
vn 0.63960212 -0.63960212 -0.42640144
vn 0.16439898 0.00000000 0.98639393
vn 0.11111111 -0.44444445 -0.88888890
vn 0.70710677 0.00000000 0.70710677
vn 0.00000000 0.00000000 -1.00000000
vn 0.00000000 0.00000000 1.00000000
vn 0.63960212 -0.63960212 -0.42640144
vn 0.27472112 0.00000000 0.96152395
vn 0.11111111 -0.44444445 -0.88888890
vn 0.70710677 0.00000000 0.70710677
vn 0.00000000 0.00000000 -1.00000000
vn 0.27472112 0.00000000 0.96152395
vn 0.63960212 -0.63960212 -0.42640144
vn 0.70710677 0.00000000 0.70710677
vn 0.12309149 -0.49236596 -0.86164045
vn 0.31622776 0.00000000 0.94868332
vn 0.27472112 0.00000000 -0.96152395
vn 0.44721359 0.00000000 0.89442718
vn 0.00000000 0.00000000 -1.00000000
vn 0.70710677 0.00000000 0.70710677
vn 0.80000001 0.00000000 -0.60000002
vn 0.27472112 0.00000000 0.96152395
vn 0.63960212 -0.63960212 -0.42640144
vn 0.70710677 0.00000000 0.70710677
vn 0.12309149 -0.49236596 -0.86164045
vn 0.16439898 0.00000000 0.98639393
vn 0.31622776 0.00000000 -0.94868332
vn 0.70710677 0.00000000 0.70710677
vn 0.31622776 0.00000000 -0.94868332
vn 0.70710677 0.00000000 0.70710677
vn 0.80000001 0.00000000 -0.60000002
vn 0.55470020 0.00000000 0.83205032
vn 0.63960212 -0.63960212 -0.42640144
vn 0.16439898 0.00000000 0.98639393
vn 0.12309149 -0.49236596 -0.86164045
vn 0.70710677 0.00000000 0.70710677
vn 0.31622776 0.00000000 -0.94868332
vn 0.62469506 0.00000000 0.78086883
vn 0.63960212 -0.63960212 -0.42640144
vn 0.70710677 0.00000000 0.70710677
vn 0.13736056 -0.54944223 -0.82416338
vn 0.62469506 0.00000000 0.78086883
vn 0.63960212 -0.63960212 -0.42640144
vn 0.70710677 0.00000000 0.70710677
vn 0.13736056 -0.54944223 -0.82416338
vn 0.70710677 0.00000000 0.70710677
vn 0.80000001 0.00000000 -0.60000002
vn 0.62469506 0.00000000 0.78086883
vn 0.63960212 -0.63960212 -0.42640144
vn 0.70710677 0.00000000 0.70710677
vn 0.13736056 -0.54944223 -0.82416338
vn 0.70710677 0.00000000 0.70710677
vn 0.80000001 0.00000000 -0.60000002
vn 0.16439898 0.00000000 0.98639393
vn 0.80000001 0.00000000 -0.60000002
vn 0.70710677 0.00000000 0.70710677
vn 0.80000001 0.00000000 -0.60000002
vn 0.70710677 0.00000000 0.70710677
vn 0.80000001 0.00000000 -0.60000002
vn 0.70710677 0.00000000 0.70710677
vn 0.70710677 0.00000000 -0.70710677
vn 0.70710677 0.00000000 0.70710677
vn 0.31622776 0.00000000 -0.94868332
vn 0.27472112 0.00000000 0.96152395
vn 0.00000000 0.00000000 -1.00000000
vn 0.70710677 0.00000000 0.70710677
vn 0.44721359 0.00000000 -0.89442718
vn 0.70710677 0.00000000 0.70710677
vn 0.51449573 0.00000000 -0.85749292
vn 0.70710677 0.00000000 0.70710677
vn 0.44721359 0.89442718 -0.00000000
vn 0.68824720 0.22941573 -0.68824720
vn 0.87038827 0.34815532 0.34815532
vn 0.94868332 0.31622776 0.00000000
vn 0.00000000 1.00000000 -0.00000000
vn 0.00000000 1.00000000 0.00000000
vn 0.00000000 1.00000000 0.00000000
vn -0.27216554 -0.68041384 -0.68041384
vn -0.00000000 -1.00000000 -0.00000000
vn -0.27216554 -0.68041384 0.68041384
vn -0.14002801 -0.70014006 -0.70014006
vn 0.00000000 -1.00000000 -0.00000000
vn -0.00000000 -1.00000000 0.00000000
vn 0.00000000 -1.00000000 0.00000000
vn -0.49613893 -0.86824316 0.00000000
vn -0.00000000 -1.00000000 0.00000000
vn -0.22941573 -0.68824720 0.68824720
vn 0.00000000 -0.70710677 -0.70710677
vn -0.22941573 -0.68824720 0.68824720
vn 0.48507124 -0.72760689 -0.48507124
vn -0.12309149 -0.49236596 0.86164045
vn 0.48507124 -0.72760689 -0.48507124
vn -0.13018891 -0.39056674 0.91132236
vn 0.48507124 -0.72760689 -0.48507124
vn -0.13736056 -0.54944223 0.82416338
vn 0.55708599 -0.74278134 -0.37139067
vn -0.31622776 0.00000000 0.94868332
vn 0.00000000 -0.70710677 -0.70710677
vn -0.31622776 0.00000000 0.94868332
vn 0.14744195 -0.44232586 -0.88465172
vn -0.27472112 0.00000000 0.96152395
vn 0.63960212 -0.63960212 -0.42640144
vn 0.00000000 0.00000000 1.00000000
vn 0.00000000 -0.70710677 -0.70710677
vn 0.00000000 0.00000000 1.00000000
vn 0.13018891 -0.39056674 -0.91132236
vn 0.00000000 0.00000000 1.00000000
vn 0.00000000 0.00000000 -1.00000000
vn 0.00000000 0.00000000 1.00000000
vn 0.63960212 -0.63960212 -0.42640144
vn 0.00000000 0.00000000 1.00000000
vn 0.11111111 -0.44444445 -0.88888890
vn 0.00000000 0.00000000 1.00000000
vn 0.00000000 0.00000000 -1.00000000
vn 0.00000000 0.00000000 1.00000000
vn 0.00000000 0.00000000 -1.00000000
vn 0.00000000 0.00000000 1.00000000
vn 0.63960212 -0.63960212 -0.42640144
vn 0.27472112 0.00000000 0.96152395
vn 0.11111111 -0.44444445 -0.88888890
vn 0.16439898 0.00000000 0.98639393
vn 0.00000000 0.00000000 -1.00000000
vn 0.70710677 0.00000000 0.70710677
vn 0.00000000 0.00000000 -1.00000000
vn 0.55470020 0.00000000 0.83205032
vn 0.63960212 -0.63960212 -0.42640144
vn 0.00000000 0.00000000 1.00000000
vn 0.11111111 -0.44444445 -0.88888890
vn 0.27472112 0.00000000 0.96152395
vn 0.00000000 0.00000000 -1.00000000
vn 0.70710677 0.00000000 0.70710677
vn 0.63960212 -0.63960212 -0.42640144
vn 0.27472112 0.00000000 0.96152395
vn 0.12309149 -0.49236596 -0.86164045
vn 0.70710677 0.00000000 0.70710677
vn 0.31622776 0.00000000 -0.94868332
vn 0.27472112 0.00000000 0.96152395
vn 0.80000001 0.00000000 -0.60000002
vn 0.70710677 0.00000000 0.70710677
vn 0.63960212 -0.63960212 -0.42640144
vn 0.70710677 0.00000000 0.70710677
vn 0.12309149 -0.49236596 -0.86164045
vn 0.27472112 0.00000000 0.96152395
vn 0.31622776 0.00000000 -0.94868332
vn 0.70710677 0.00000000 0.70710677
vn 0.31622776 0.00000000 -0.94868332
vn 0.70710677 0.00000000 0.70710677
vn 0.80000001 0.00000000 -0.60000002
vn 0.62469506 0.00000000 0.78086883
vn 0.80000001 0.00000000 -0.60000002
vn 0.70710677 0.00000000 0.70710677
vn 0.63960212 -0.63960212 -0.42640144
vn 0.16439898 0.00000000 0.98639393
vn 0.12309149 -0.49236596 -0.86164045
vn 0.70710677 0.00000000 0.70710677
vn 0.37139067 0.00000000 -0.92847669
vn 0.62469506 0.00000000 0.78086883
vn 0.80000001 0.00000000 -0.60000002
vn 0.70710677 0.00000000 0.70710677
vn 0.63960212 -0.63960212 -0.42640144
vn 0.62469506 0.00000000 0.78086883
vn 0.13736056 -0.54944223 -0.82416338
vn 0.70710677 0.00000000 0.70710677
vn 0.80000001 0.00000000 -0.60000002
vn 0.62469506 0.00000000 0.78086883
vn 0.57735026 -0.57735026 -0.57735026
vn 0.70710677 0.00000000 0.70710677
vn 0.78446454 -0.19611613 -0.58834839
vn 0.70710677 0.00000000 0.70710677
vn 0.63960212 -0.63960212 -0.42640144
vn 0.62469506 0.00000000 0.78086883
vn 0.13736056 -0.54944223 -0.82416338
vn 0.70710677 0.00000000 0.70710677
vn 0.80000001 0.00000000 -0.60000002
vn 0.70710677 0.00000000 0.70710677
vn 0.80000001 0.00000000 -0.60000002
vn 0.62469506 0.00000000 0.78086883
vn 0.80000001 0.00000000 -0.60000002
vn 0.70710677 0.00000000 0.70710677
vn 0.80000001 0.00000000 -0.60000002
vn 0.70710677 0.00000000 0.70710677
vn 0.80000001 0.00000000 -0.60000002
vn 0.70710677 0.00000000 0.70710677
vn 0.80000001 0.00000000 -0.60000002
vn 0.16439898 0.00000000 0.98639393
vn 0.70710677 0.00000000 -0.70710677
vn 0.70710677 0.00000000 0.70710677
vn 0.31622776 0.00000000 -0.94868332
vn 0.70710677 0.00000000 0.70710677
vn 0.60000002 0.00000000 -0.80000001
vn 0.70710677 0.00000000 0.70710677
vn 0.92847669 0.37139067 -0.00000000
vn 0.80178374 0.26726124 -0.53452247
vn 0.70710677 0.00000000 0.70710677
vn 0.92847669 0.37139067 -0.00000000
vn 0.89442718 0.44721359 0.00000000
vn 0.70710677 0.70710677 0.00000000
vn 0.31622776 0.94868332 0.00000000
vn -0.27216554 -0.68041384 -0.68041384
vn -0.00000000 -1.00000000 -0.00000000
vn -0.00000000 -1.00000000 0.00000000
vn -0.00000000 -1.00000000 0.00000000
vn -0.00000000 -1.00000000 0.00000000
vn -0.27216554 -0.68041384 0.68041384
vn 0.00000000 -0.70710677 -0.70710677
vn 0.00000000 -1.00000000 -0.00000000
vn 0.00000000 -1.00000000 0.00000000
vn 0.00000000 -1.00000000 0.00000000
vn -0.10050378 -0.70352650 0.70352650
vn 0.00000000 -0.70710677 -0.70710677
vn -0.14744195 -0.44232586 0.88465172
vn 0.00000000 -0.70710677 -0.70710677
vn -0.13018891 -0.39056674 0.91132236
vn 0.00000000 -0.70710677 -0.70710677
vn -0.12309149 -0.49236596 0.86164045
vn 0.00000000 -0.70710677 -0.70710677
vn 0.00000000 0.00000000 1.00000000
vn 0.00000000 -0.70710677 -0.70710677
vn 0.00000000 0.00000000 1.00000000
vn 0.14744195 -0.44232586 -0.88465172
vn 0.00000000 0.00000000 1.00000000
vn 0.63960212 -0.63960212 -0.42640144
vn 0.00000000 0.00000000 1.00000000
vn 0.00000000 -0.70710677 -0.70710677
vn 0.00000000 0.00000000 1.00000000
vn 0.14744195 -0.44232586 -0.88465172
vn 0.00000000 0.00000000 1.00000000
vn 0.63960212 -0.63960212 -0.42640144
vn 0.00000000 0.00000000 1.00000000
vn 0.11111111 -0.44444445 -0.88888890
vn 0.00000000 0.00000000 1.00000000
vn 0.00000000 0.00000000 -1.00000000
vn 0.00000000 0.00000000 1.00000000
vn 0.63960212 -0.63960212 -0.42640144
vn 0.00000000 0.00000000 1.00000000
vn 0.11111111 -0.44444445 -0.88888890
vn 0.27472112 0.00000000 0.96152395
vn 0.00000000 0.00000000 -1.00000000
vn 0.16439898 0.00000000 0.98639393
vn 0.00000000 0.00000000 -1.00000000
vn 0.70710677 0.00000000 0.70710677
vn 0.63960212 -0.63960212 -0.42640144
vn 0.55470020 0.00000000 0.83205032
vn 0.12309149 -0.49236596 -0.86164045
vn 0.00000000 0.00000000 1.00000000
vn 0.27472112 0.00000000 -0.96152395
vn 0.00000000 0.00000000 1.00000000
vn 0.00000000 0.00000000 -1.00000000
vn 0.27472112 0.00000000 0.96152395
vn 0.63960212 -0.63960212 -0.42640144
vn 0.70710677 0.00000000 0.70710677
vn 0.12309149 -0.49236596 -0.86164045
vn 0.27472112 0.00000000 0.96152395
vn 0.31622776 0.00000000 -0.94868332
vn 0.70710677 0.00000000 0.70710677
vn 0.80000001 0.00000000 -0.60000002
vn 0.27472112 0.00000000 0.96152395
vn 0.63960212 -0.63960212 -0.42640144
vn 0.70710677 0.00000000 0.70710677
vn 0.12309149 -0.49236596 -0.86164045
vn 0.70710677 0.00000000 0.70710677
vn 0.37139067 0.00000000 -0.92847669
vn 0.27472112 0.00000000 0.96152395
vn 0.80000001 0.00000000 -0.60000002
vn 0.70710677 0.00000000 0.70710677
vn 0.80000001 0.00000000 -0.60000002
vn 0.70710677 0.00000000 0.70710677
vn 0.63960212 -0.63960212 -0.42640144
vn 0.16439898 0.00000000 0.98639393
vn 0.12309149 -0.49236596 -0.86164045
vn 0.70710677 0.00000000 0.70710677
vn 0.31622776 0.00000000 -0.94868332
vn 0.70710677 0.00000000 0.70710677
vn 0.37139067 0.00000000 -0.92847669
vn 0.62469506 0.00000000 0.78086883
vn 0.80000001 0.00000000 -0.60000002
vn 0.70710677 0.00000000 0.70710677
vn 0.80000001 0.00000000 -0.60000002
vn 0.62469506 0.00000000 0.78086883
vn 0.63960212 -0.63960212 -0.42640144
vn 0.70710677 0.00000000 0.70710677
vn 0.13736056 -0.54944223 -0.82416338
vn 0.62469506 0.00000000 0.78086883
vn 0.80000001 0.00000000 -0.60000002
vn 0.70710677 0.00000000 0.70710677
vn 0.80000001 0.00000000 -0.60000002
vn 0.62469506 0.00000000 0.78086883
vn 0.57735026 -0.57735026 -0.57735026
vn 0.70710677 0.00000000 0.70710677
vn 0.78446454 -0.19611613 -0.58834839
vn 0.70710677 0.00000000 0.70710677
vn 0.57735026 -0.57735026 -0.57735026
vn 0.62469506 0.00000000 0.78086883
vn 0.78446454 -0.19611613 -0.58834839
vn 0.70710677 0.00000000 0.70710677
vn 0.80000001 0.00000000 -0.60000002
vn 0.70710677 0.00000000 0.70710677
vn 0.80000001 0.00000000 -0.60000002
vn 0.62469506 0.00000000 0.78086883
vn 0.63960212 -0.63960212 -0.42640144
vn 0.70710677 0.00000000 0.70710677
vn 0.12309149 -0.49236596 -0.86164045
vn 0.70710677 0.00000000 0.70710677
vn 0.60000002 0.00000000 -0.80000001
vn 0.70710677 0.00000000 0.70710677
vn 0.80000001 0.00000000 -0.60000002
vn 0.62469506 0.00000000 0.78086883
vn 0.80000001 0.00000000 -0.60000002
vn 0.70710677 0.00000000 0.70710677
vn 0.70710677 0.00000000 -0.70710677
vn 0.70710677 0.00000000 0.70710677
vn 0.92847669 0.37139067 -0.00000000
vn 0.80178374 0.26726124 -0.53452247
vn 0.70710677 0.00000000 0.70710677
vn 0.92847669 0.37139067 -0.00000000
vn 0.89442718 0.44721359 0.00000000
vn 0.89442718 0.44721359 0.00000000
vn 0.94868332 0.31622776 0.00000000
vn -0.14002801 -0.70014006 -0.70014006
vn 0.00000000 -1.00000000 -0.00000000
vn -0.00000000 -1.00000000 0.00000000
vn 0.00000000 -1.00000000 0.00000000
vn 0.00000000 -1.00000000 0.00000000
vn -0.00000000 -1.00000000 0.00000000
vn -0.00000000 -1.00000000 0.00000000
vn -0.27216554 -0.68041384 0.68041384
vn 0.11704115 -0.70224690 -0.70224690
vn 0.00000000 -1.00000000 -0.00000000
vn -0.14002801 -0.70014006 0.70014006
vn 0.00000000 -0.70710677 -0.70710677
vn -0.11704115 -0.70224690 0.70224690
vn 0.00000000 -0.70710677 -0.70710677
vn -0.12309149 -0.49236596 0.86164045
vn 0.00000000 -0.70710677 -0.70710677
vn 0.00000000 0.00000000 1.00000000
vn 0.08804509 -0.70436072 -0.70436072
vn -0.14142136 0.00000000 0.98994946
vn 0.14744195 -0.44232586 -0.88465172
vn -0.16439898 0.00000000 0.98639393
vn 0.63960212 -0.63960212 -0.42640144
vn -0.27472112 0.00000000 0.96152395
vn 0.00000000 -0.70710677 -0.70710677
vn 0.00000000 0.00000000 1.00000000
vn 0.14744195 -0.44232586 -0.88465172
vn 0.00000000 0.00000000 1.00000000
vn 0.63960212 -0.63960212 -0.42640144
vn 0.00000000 0.00000000 1.00000000
vn 0.12309149 -0.49236596 -0.86164045
vn 0.00000000 0.00000000 1.00000000
vn 0.63960212 -0.63960212 -0.42640144
vn 0.00000000 0.00000000 1.00000000
vn 0.11111111 -0.44444445 -0.88888890
vn 0.00000000 0.00000000 1.00000000
vn 0.00000000 0.00000000 -1.00000000
vn 0.27472112 0.00000000 0.96152395
vn 0.63960212 -0.63960212 -0.42640144
vn 0.70710677 0.00000000 0.70710677
vn 0.12309149 -0.49236596 -0.86164045
vn 0.55470020 0.00000000 0.83205032
vn 0.27472112 0.00000000 -0.96152395
vn 0.00000000 0.00000000 1.00000000
vn 0.00000000 0.00000000 -1.00000000
vn 0.00000000 0.00000000 1.00000000
vn 0.80000001 0.00000000 -0.60000002
vn 0.27472112 0.00000000 0.96152395
vn 0.63960212 -0.63960212 -0.42640144
vn 0.16439898 0.00000000 0.98639393
vn 0.12309149 -0.49236596 -0.86164045
vn 0.70710677 0.00000000 0.70710677
vn 0.31622776 0.00000000 -0.94868332
vn 0.27472112 0.00000000 0.96152395
vn 0.80000001 0.00000000 -0.60000002
vn 0.70710677 0.00000000 0.70710677
vn 0.63960212 -0.63960212 -0.42640144
vn 0.27472112 0.00000000 0.96152395
vn 0.12309149 -0.49236596 -0.86164045
vn 0.70710677 0.00000000 0.70710677
vn 0.37139067 0.00000000 -0.92847669
vn 0.70710677 0.00000000 0.70710677
vn 0.80000001 0.00000000 -0.60000002
vn 0.27472112 0.00000000 0.96152395
vn 0.80000001 0.00000000 -0.60000002
vn 0.70710677 0.00000000 0.70710677
vn 0.80000001 0.00000000 -0.60000002
vn 0.70710677 0.00000000 0.70710677
vn 0.63960212 -0.63960212 -0.42640144
vn 0.70710677 0.00000000 0.70710677
vn 0.13736056 -0.54944223 -0.82416338
vn 0.62469506 0.00000000 0.78086883
vn 0.80000001 0.00000000 -0.60000002
vn 0.70710677 0.00000000 0.70710677
vn 0.80000001 0.00000000 -0.60000002
vn 0.70710677 0.00000000 0.70710677
vn 0.80000001 0.00000000 -0.60000002
vn 0.62469506 0.00000000 0.78086883
vn 0.80000001 0.00000000 -0.60000002
vn 0.70710677 0.00000000 0.70710677
vn 0.80000001 0.00000000 -0.60000002
vn 0.62469506 0.00000000 0.78086883
vn 0.57735026 -0.57735026 -0.57735026
vn 0.70710677 0.00000000 0.70710677
vn 0.78446454 -0.19611613 -0.58834839
vn 0.62469506 0.00000000 0.78086883
vn 0.80000001 0.00000000 -0.60000002
vn 0.70710677 0.00000000 0.70710677
vn 0.80000001 0.00000000 -0.60000002
vn 0.92847669 0.00000000 0.37139067
vn 0.97014248 0.24253562 0.00000000
vn 0.57735026 -0.57735026 -0.57735026
vn 0.62469506 0.00000000 0.78086883
vn 0.78446454 -0.19611613 -0.58834839
vn 0.70710677 0.00000000 0.70710677
vn 0.57735026 -0.57735026 -0.57735026
vn 0.92847669 0.00000000 0.37139067
vn 0.97014248 0.24253562 0.00000000
vn 0.78446454 -0.19611613 -0.58834839
vn 0.62469506 0.00000000 0.78086883
vn 0.80000001 0.00000000 -0.60000002
vn 0.70710677 0.00000000 0.70710677
vn 0.80000001 0.00000000 -0.60000002
vn 0.92847669 0.00000000 0.37139067
vn 0.97014248 0.24253562 0.00000000
vn 0.57735026 -0.57735026 -0.57735026
vn 0.62469506 0.00000000 0.78086883
vn 0.66666669 -0.33333334 -0.66666669
vn 0.70710677 0.00000000 0.70710677
vn 0.80000001 0.00000000 -0.60000002
vn 0.70710677 0.00000000 0.70710677
vn 0.80000001 0.00000000 -0.60000002
vn 0.62469506 0.00000000 0.78086883
vn 0.78086883 0.00000000 -0.62469506
vn 0.70710677 0.00000000 0.70710677
vn 0.97014248 0.24253562 -0.00000000
vn 0.83205032 0.00000000 -0.55470020
vn 0.81110710 0.32444283 0.48666427
vn 0.97014248 0.24253562 0.00000000
vn 0.92847669 0.37139067 -0.00000000
vn 0.89442718 0.44721359 0.00000000
vn 0.98994946 0.14142136 0.00000000
vn 0.94868332 0.31622776 0.00000000
vn 0.00000000 -0.70710677 -0.70710677
vn 0.00000000 -1.00000000 -0.00000000
vn 0.00000000 -1.00000000 0.00000000
vn 0.00000000 -1.00000000 0.00000000
vn -0.49613893 -0.86824316 0.00000000
vn -0.49613893 -0.86824316 0.00000000
vn -0.00000000 -1.00000000 0.00000000
vn 0.00000000 -1.00000000 0.00000000
vn -0.10050378 -0.70352650 0.70352650
vn 0.55708599 -0.74278134 -0.37139067
vn -0.10050378 -0.70352650 0.70352650
vn 0.08804509 -0.70436072 -0.70436072
vn 0.00000000 -1.00000000 -0.00000000
vn -0.14744195 -0.44232586 0.88465172
vn 0.08804509 -0.70436072 -0.70436072
vn 0.00000000 0.00000000 1.00000000
vn 0.14744195 -0.44232586 -0.88465172
vn -0.13018891 -0.39056674 0.91132236
vn 0.57735026 -0.57735026 -0.57735026
vn -0.13736056 -0.54944223 0.82416338
vn 0.55708599 -0.74278134 -0.37139067
vn -0.31622776 0.00000000 0.94868332
vn 0.07832605 -0.70493442 -0.70493442
vn -0.27472112 0.00000000 0.96152395
vn 0.14744195 -0.44232586 -0.88465172
vn -0.00000000 0.00000000 1.00000000
vn 0.63960212 -0.63960212 -0.42640144
vn 0.00000000 0.00000000 1.00000000
vn 0.12309149 -0.49236596 -0.86164045
vn 0.00000000 0.00000000 1.00000000
vn 0.63960212 -0.63960212 -0.42640144
vn 0.00000000 0.00000000 1.00000000
vn 0.12309149 -0.49236596 -0.86164045
vn 0.00000000 0.00000000 1.00000000
vn 0.63960212 -0.63960212 -0.42640144
vn 0.27472112 0.00000000 0.96152395
vn 0.12309149 -0.49236596 -0.86164045
vn 0.70710677 0.00000000 0.70710677
vn 0.31622776 0.00000000 -0.94868332
vn 0.00000000 0.00000000 1.00000000
vn 0.80000001 0.00000000 -0.60000002
vn 0.00000000 0.00000000 1.00000000
vn 0.63960212 -0.63960212 -0.42640144
vn 0.00000000 0.00000000 1.00000000
vn 0.12309149 -0.49236596 -0.86164045
vn 0.27472112 0.00000000 0.96152395
vn 0.31622776 0.00000000 -0.94868332
vn 0.70710677 0.00000000 0.70710677
vn 0.31622776 0.00000000 -0.94868332
vn 0.55470020 0.00000000 0.83205032
vn 0.80000001 0.00000000 -0.60000002
vn 0.27472112 0.00000000 0.96152395
vn 0.63960212 -0.63960212 -0.42640144
vn 0.70710677 0.00000000 0.70710677
vn 0.12309149 -0.49236596 -0.86164045
vn 0.27472112 0.00000000 0.96152395
vn 0.37139067 0.00000000 -0.92847669
vn 0.70710677 0.00000000 0.70710677
vn 0.80000001 0.00000000 -0.60000002
vn 0.70710677 0.00000000 0.70710677
vn 0.80000001 0.00000000 -0.60000002
vn 0.16439898 0.00000000 0.98639393
vn 0.80000001 0.00000000 -0.60000002
vn 0.70710677 0.00000000 0.70710677
vn 0.80000001 0.00000000 -0.60000002
vn 0.70710677 0.00000000 0.70710677
vn 0.80000001 0.00000000 -0.60000002
vn 0.70710677 0.00000000 0.70710677
vn 0.57735026 -0.57735026 -0.57735026
vn 0.70710677 0.00000000 0.70710677
vn 0.78446454 -0.19611613 -0.58834839
vn 0.62469506 0.00000000 0.78086883
vn 0.80000001 0.00000000 -0.60000002
vn 0.70710677 0.00000000 0.70710677
vn 0.80000001 0.00000000 -0.60000002
vn 0.70710677 0.00000000 0.70710677
vn 0.80000001 0.00000000 -0.60000002
vn 0.62469506 0.00000000 0.78086883
vn 0.80000001 0.00000000 -0.60000002
vn 0.70710677 0.00000000 0.70710677
vn 0.80000001 0.00000000 -0.60000002
vn 0.92847669 0.00000000 0.37139067
vn 0.97014248 0.24253562 0.00000000
vn 0.85749292 0.00000000 -0.51449573
vn 0.60000002 0.00000000 0.80000001
vn 1.00000000 0.00000000 -0.00000000
vn 0.74535596 -0.59628481 -0.29814240
vn 0.89442718 0.00000000 0.44721359
vn 0.97014248 0.24253562 0.00000000
vn 0.66666669 -0.33333334 -0.66666669
vn 0.92847669 0.00000000 0.37139067
vn 0.97014248 0.24253562 0.00000000
vn 0.80000001 0.00000000 -0.60000002
vn 0.60000002 0.00000000 0.80000001
vn 0.57735026 -0.57735026 -0.57735026
vn 0.89442718 0.00000000 0.44721359
vn 0.97014248 0.24253562 0.00000000
vn 0.78446454 -0.19611613 -0.58834839
vn 0.92847669 0.00000000 0.37139067
vn 0.97014248 0.24253562 0.00000000
vn 0.85749292 0.00000000 -0.51449573
vn 0.60000002 0.00000000 0.80000001
vn 1.00000000 0.00000000 -0.00000000
vn 0.80000001 -0.00000000 -0.60000002
vn 0.89442718 0.00000000 0.44721359
vn 0.97014248 0.24253562 0.00000000
vn 1.00000000 0.00000000 -0.00000000
vn 0.80178374 -0.53452247 -0.26726124
vn 0.92847669 0.00000000 0.37139067
vn 0.97014248 0.24253562 0.00000000
vn 0.66666669 -0.33333334 -0.66666669
vn 0.60000002 0.00000000 0.80000001
vn 0.85749292 0.00000000 -0.51449573
vn 0.89442718 0.00000000 0.44721359
vn 0.97014248 0.24253562 0.00000000
vn 1.00000000 0.00000000 -0.00000000
vn 0.80000001 -0.00000000 -0.60000002
vn 0.89442718 0.00000000 0.44721359
vn 0.97014248 0.24253562 0.00000000
vn 0.78086883 0.00000000 -0.62469506
vn 0.91914505 0.00000000 0.39391929
vn 0.94868332 0.31622776 0.00000000
vn 0.98058069 0.19611613 -0.00000000
vn 0.83205032 0.00000000 -0.55470020
vn 0.91914505 0.00000000 0.39391929
vn 0.97014248 0.24253562 0.00000000
vn 1.00000000 0.00000000 0.00000000
vn 1.00000000 0.00000000 -0.00000000
vn 0.98639393 0.16439898 0.00000000
vn 0.83205032 0.55470020 -0.00000000
vn 0.98639393 0.16439898 0.00000000
vn 0.98639393 0.16439898 0.00000000
vn 1.00000000 0.00000000 0.00000000
vn 1.00000000 0.00000000 -0.00000000
vn 1.00000000 0.00000000 0.00000000
vn 1.00000000 0.00000000 0.00000000
vn -0.14002801 -0.70014006 -0.70014006
vn -0.00000000 -1.00000000 -0.00000000
vn -0.00000000 -1.00000000 0.00000000
vn -0.27216554 -0.68041384 0.68041384
vn 0.00000000 -0.70710677 -0.70710677
vn 0.00000000 -1.00000000 -0.00000000
vn 0.00000000 -1.00000000 0.00000000
vn -0.48564294 -0.87415725 0.00000000
vn -0.14002801 -0.70014006 0.70014006
vn 0.00000000 -0.70710677 -0.70710677
vn -0.14002801 -0.70014006 0.70014006
vn 0.48507124 -0.72760689 -0.48507124
vn 0.00000000 -0.49613893 0.86824316
vn 0.48507124 -0.72760689 -0.48507124
vn -0.13018891 -0.39056674 0.91132236
vn 0.55708599 -0.74278134 -0.37139067
vn -0.12309149 -0.49236596 0.86164045
vn 0.00000000 -0.70710677 -0.70710677
vn 0.00000000 0.00000000 1.00000000
vn 0.14744195 -0.44232586 -0.88465172
vn 0.00000000 0.00000000 1.00000000
vn 0.57735026 -0.57735026 -0.57735026
vn 0.00000000 0.00000000 1.00000000
vn 0.55708599 -0.74278134 -0.37139067
vn -0.39391929 0.00000000 0.91914505
vn 0.12309149 -0.49236596 -0.86164045
vn -0.00000000 0.00000000 1.00000000
vn 0.63960212 -0.63960212 -0.42640144
vn 0.00000000 0.00000000 1.00000000
vn 0.12309149 -0.49236596 -0.86164045
vn 0.00000000 0.00000000 1.00000000
vn 0.63960212 -0.63960212 -0.42640144
vn 0.00000000 0.00000000 1.00000000
vn 0.13736056 -0.54944223 -0.82416338
vn 0.70710677 0.00000000 0.70710677
vn 0.80000001 0.00000000 -0.60000002
vn 0.00000000 0.00000000 1.00000000
vn 0.63960212 -0.63960212 -0.42640144
vn 0.00000000 0.00000000 1.00000000
vn 0.12309149 -0.49236596 -0.86164045
vn 0.00000000 0.00000000 1.00000000
vn 0.37139067 0.00000000 -0.92847669
vn 0.27472112 0.00000000 0.96152395
vn 0.80000001 0.00000000 -0.60000002
vn 0.70710677 0.00000000 0.70710677
vn 0.80000001 0.00000000 -0.60000002
vn 0.00000000 0.00000000 1.00000000
vn 0.63960212 -0.63960212 -0.42640144
vn 0.27472112 0.00000000 0.96152395
vn 0.12309149 -0.49236596 -0.86164045
vn 0.70710677 0.00000000 0.70710677
vn 0.37139067 0.00000000 -0.92847669
vn 0.27472112 0.00000000 0.96152395
vn 0.80000001 0.00000000 -0.60000002
vn 0.70710677 0.00000000 0.70710677
vn 0.80000001 0.00000000 -0.60000002
vn 0.70710677 0.00000000 0.70710677
vn 0.80000001 0.00000000 -0.60000002
vn 0.70710677 0.00000000 0.70710677
vn 0.80000001 0.00000000 -0.60000002
vn 0.62469506 0.00000000 0.78086883
vn 0.80000001 0.00000000 -0.60000002
vn 0.70710677 0.00000000 0.70710677
vn 0.80000001 0.00000000 -0.60000002
vn 0.70710677 0.00000000 0.70710677
vn 0.80000001 0.00000000 -0.60000002
vn 0.70710677 0.00000000 0.70710677
vn 0.85749292 0.00000000 -0.51449573
vn 0.70710677 0.00000000 0.70710677
vn 1.00000000 0.00000000 -0.00000000
vn 0.80000001 -0.00000000 -0.60000002
vn 0.92847669 0.00000000 0.37139067
vn 0.97014248 0.24253562 0.00000000
vn 1.00000000 0.00000000 -0.00000000
vn 0.85749292 0.00000000 -0.51449573
vn 0.62469506 0.00000000 0.78086883
vn 1.00000000 0.00000000 -0.00000000
vn 0.85749292 0.00000000 -0.51449573
vn 0.70710677 0.00000000 0.70710677
vn 1.00000000 0.00000000 -0.00000000
vn 0.85749292 0.00000000 -0.51449573
vn 0.89442718 0.00000000 0.44721359
vn 0.97014248 0.24253562 0.00000000
vn 1.00000000 0.00000000 -0.00000000
vn 0.85749292 0.00000000 -0.51449573
vn 0.89442718 0.00000000 0.44721359
vn 0.97014248 0.24253562 0.00000000
vn 1.00000000 0.00000000 -0.00000000
vn 0.85749292 0.00000000 -0.51449573
vn 0.94868332 0.00000000 0.31622776
vn 0.94868332 0.31622776 0.00000000
vn 1.00000000 0.00000000 -0.00000000
vn 0.85749292 0.00000000 -0.51449573
vn 0.70710677 0.00000000 0.70710677
vn 1.00000000 0.00000000 0.00000000
vn 1.00000000 0.00000000 -0.00000000
vn 0.80178374 -0.53452247 -0.26726124
vn 0.89442718 0.00000000 0.44721359
vn 0.97014248 0.24253562 0.00000000
vn 1.00000000 0.00000000 -0.00000000
vn 0.66666669 -0.33333334 -0.66666669
vn 0.91914505 0.00000000 0.39391929
vn 0.94868332 0.31622776 0.00000000
vn 1.00000000 0.00000000 -0.00000000
vn 0.85749292 0.00000000 -0.51449573
vn 0.91914505 0.00000000 0.39391929
vn 0.97014248 0.24253562 0.00000000
vn 1.00000000 0.00000000 0.00000000
vn 1.00000000 0.00000000 -0.00000000
vn 0.85749292 0.00000000 -0.51449573
vn 0.91914505 0.00000000 0.39391929
vn 0.97014248 0.24253562 0.00000000
vn 1.00000000 0.00000000 0.00000000
vn 1.00000000 0.00000000 -0.00000000
vn 1.00000000 -0.00000000 0.00000000
vn 0.83205032 0.00000000 -0.55470020
vn 0.91914505 0.00000000 0.39391929
vn 0.98058069 0.19611613 0.00000000
vn 1.00000000 0.00000000 0.00000000
vn 1.00000000 0.00000000 -0.00000000
vn 1.00000000 0.00000000 0.00000000
vn 0.98639393 0.16439898 0.00000000
vn 0.83205032 0.55470020 -0.00000000
vn 0.98994946 0.14142136 0.00000000
vn 0.98058069 0.19611613 0.00000000
vn 1.00000000 0.00000000 0.00000000
vn 1.00000000 0.00000000 0.00000000
vn 1.00000000 0.00000000 -0.00000000
vn 1.00000000 0.00000000 0.00000000
vn 1.00000000 0.00000000 0.00000000
vn 1.00000000 0.00000000 0.00000000
vn 1.00000000 0.00000000 0.00000000
vn 1.00000000 0.00000000 0.00000000
vn 1.00000000 0.00000000 0.00000000
vn 1.00000000 0.00000000 -0.00000000
vn 1.00000000 0.00000000 0.00000000
vn 1.00000000 0.00000000 0.00000000
vn 1.00000000 0.00000000 0.00000000
vn 1.00000000 0.00000000 0.00000000
vn 1.00000000 0.00000000 0.00000000
vn 1.00000000 0.00000000 -0.00000000
vn 1.00000000 -0.00000000 0.00000000
vn 1.00000000 0.00000000 0.00000000
vn 1.00000000 0.00000000 0.00000000
vn 1.00000000 0.00000000 0.00000000
vn 1.00000000 0.00000000 0.00000000
vn 1.00000000 0.00000000 0.00000000
vn 1.00000000 0.00000000 -0.00000000
vn 1.00000000 0.00000000 0.00000000
vn 1.00000000 0.00000000 0.00000000
vn 1.00000000 0.00000000 0.00000000
vn 1.00000000 0.00000000 0.00000000
vn 1.00000000 0.00000000 0.00000000
vn 1.00000000 0.00000000 -0.00000000
vn 1.00000000 0.00000000 0.00000000
vn 1.00000000 0.00000000 0.00000000
vn 1.00000000 0.00000000 0.00000000
vn 1.00000000 0.00000000 0.00000000
vn 1.00000000 0.00000000 -0.00000000
vn 1.00000000 0.00000000 0.00000000
vn 1.00000000 0.00000000 0.00000000
vn 1.00000000 0.00000000 0.00000000
vn 1.00000000 0.00000000 -0.00000000
vn 1.00000000 0.00000000 0.00000000
vn -0.11704115 -0.70224690 -0.70224690
vn -0.00000000 -1.00000000 -0.00000000
vn -0.00000000 -1.00000000 0.00000000
vn -0.00000000 -1.00000000 0.00000000
vn -0.00000000 -1.00000000 0.00000000
vn -0.10050378 -0.70352650 0.70352650
vn 0.00000000 -0.70710677 -0.70710677
vn 0.00000000 -1.00000000 -0.00000000
vn 0.00000000 -1.00000000 0.00000000
vn -0.10050378 -0.70352650 0.70352650
vn 0.00000000 -0.70710677 -0.70710677
vn -0.14744195 -0.44232586 0.88465172
vn 0.00000000 -0.70710677 -0.70710677
vn 0.00000000 -0.49613893 0.86824316
vn 0.00000000 -0.70710677 -0.70710677
vn -0.14744195 -0.44232586 0.88465172
vn 0.00000000 -0.70710677 -0.70710677
vn 0.00000000 0.00000000 1.00000000
vn 0.14744195 -0.44232586 -0.88465172
vn 0.00000000 0.00000000 1.00000000
vn 0.63960212 -0.63960212 -0.42640144
vn 0.00000000 0.00000000 1.00000000
vn 0.00000000 -0.70710677 -0.70710677
vn 0.00000000 0.00000000 1.00000000
vn 0.14744195 -0.44232586 -0.88465172
vn 0.00000000 0.00000000 1.00000000
vn 0.63960212 -0.63960212 -0.42640144
vn 0.00000000 0.00000000 1.00000000
vn 0.12309149 -0.49236596 -0.86164045
vn 0.00000000 0.00000000 1.00000000
vn 0.63960212 -0.63960212 -0.42640144
vn 0.00000000 0.00000000 1.00000000
vn 0.13736056 -0.54944223 -0.82416338
vn 0.00000000 0.00000000 1.00000000
vn 0.80000001 0.00000000 -0.60000002
vn 0.00000000 0.00000000 1.00000000
vn 0.63960212 -0.63960212 -0.42640144
vn 0.00000000 0.00000000 1.00000000
vn 0.13736056 -0.54944223 -0.82416338
vn 0.00000000 0.00000000 1.00000000
vn 0.80000001 0.00000000 -0.60000002
vn 0.27472112 0.00000000 0.96152395
vn 0.80000001 0.00000000 -0.60000002
vn 0.70710677 0.00000000 0.70710677
vn 0.80000001 0.00000000 -0.60000002
vn 0.27472112 0.00000000 0.96152395
vn 0.63960212 -0.63960212 -0.42640144
vn 0.16439898 0.00000000 0.98639393
vn 0.13736056 -0.54944223 -0.82416338
vn 0.70710677 0.00000000 0.70710677
vn 0.80000001 0.00000000 -0.60000002
vn 0.27472112 0.00000000 0.96152395
vn 0.80000001 0.00000000 -0.60000002
vn 0.70710677 0.00000000 0.70710677
vn 0.80000001 0.00000000 -0.60000002
vn 0.70710677 0.00000000 0.70710677
vn 0.80000001 0.00000000 -0.60000002
vn 0.70710677 0.00000000 0.70710677
vn 0.80000001 0.00000000 -0.60000002
vn 0.70710677 0.00000000 0.70710677
vn 0.80000001 0.00000000 -0.60000002
vn 0.62469506 0.00000000 0.78086883
vn 0.80000001 0.00000000 -0.60000002
vn 0.70710677 0.00000000 0.70710677
vn 0.80000001 0.00000000 -0.60000002
vn 0.70710677 0.00000000 0.70710677
vn 0.80000001 0.00000000 -0.60000002
vn 0.70710677 0.00000000 0.70710677
vn 0.78086883 0.00000000 -0.62469506
vn 0.70710677 0.00000000 0.70710677
vn 0.98058069 0.19611613 -0.00000000
vn 0.83205032 0.00000000 -0.55470020
vn 0.70710677 0.00000000 0.70710677
vn 1.00000000 0.00000000 -0.00000000
vn 0.83205032 0.00000000 -0.55470020
vn 0.85714287 0.28571430 0.42857143
vn 0.98639393 0.16439898 0.00000000
vn 0.97014248 0.24253562 0.00000000
vn 1.00000000 0.00000000 -0.00000000
vn 0.98639393 0.16439898 0.00000000
vn 0.83205032 0.55470020 -0.00000000
vn 0.77151674 0.15430336 -0.61721343
vn 0.91914505 0.00000000 0.39391929
vn 0.97014248 0.24253562 0.00000000
vn 1.00000000 0.00000000 0.00000000
vn 1.00000000 0.00000000 -0.00000000
vn 1.00000000 0.00000000 0.00000000
vn 1.00000000 0.00000000 0.00000000
vn 0.98639393 0.16439898 0.00000000
vn 0.83205032 0.55470020 -0.00000000
vn 0.98994946 0.14142136 0.00000000
vn 0.97014248 0.24253562 0.00000000
vn 1.00000000 0.00000000 0.00000000
vn 1.00000000 0.00000000 -0.00000000
vn 1.00000000 0.00000000 0.00000000
vn 1.00000000 0.00000000 0.00000000
vn 1.00000000 0.00000000 0.00000000
vn 1.00000000 0.00000000 0.00000000
vn 1.00000000 0.00000000 0.00000000
vn 1.00000000 0.00000000 0.00000000
vn 1.00000000 0.00000000 -0.00000000
vn 1.00000000 0.00000000 0.00000000
vn 1.00000000 0.00000000 0.00000000
vn 1.00000000 0.00000000 0.00000000
vn 1.00000000 0.00000000 0.00000000
vn 1.00000000 0.00000000 0.00000000
vn 1.00000000 0.00000000 -0.00000000
vn 1.00000000 0.00000000 0.00000000
vn 1.00000000 0.00000000 0.00000000
vn 1.00000000 0.00000000 0.00000000
vn 1.00000000 0.00000000 0.00000000
vn 1.00000000 0.00000000 0.00000000
vn 1.00000000 0.00000000 -0.00000000
vn 1.00000000 0.00000000 0.00000000
vn 1.00000000 0.00000000 0.00000000
vn 1.00000000 0.00000000 0.00000000
vn 1.00000000 0.00000000 0.00000000
vn 1.00000000 0.00000000 -0.00000000
vn 1.00000000 -0.00000000 0.00000000
vn 1.00000000 0.00000000 0.00000000
vn 1.00000000 0.00000000 0.00000000
vn 1.00000000 0.00000000 0.00000000
vn 1.00000000 0.00000000 -0.00000000
vn 1.00000000 0.00000000 0.00000000
vn 1.00000000 0.00000000 0.00000000
vn 1.00000000 0.00000000 0.00000000
vn 1.00000000 0.00000000 -0.00000000
vn 1.00000000 0.00000000 0.00000000
vn 1.00000000 0.00000000 0.00000000
vn 1.00000000 0.00000000 -0.00000000
vn 1.00000000 0.00000000 0.00000000
vn -0.14002801 -0.70014006 -0.70014006
vn 0.00000000 -1.00000000 -0.00000000
vn -0.00000000 -1.00000000 0.00000000
vn 0.00000000 -1.00000000 0.00000000
vn 0.00000000 -1.00000000 0.00000000
vn 0.00000000 -1.00000000 0.00000000
vn 0.00000000 -0.70710677 0.70710677
vn 0.08804509 -0.70436072 -0.70436072
vn 0.00000000 -1.00000000 -0.00000000
vn 0.00000000 -0.70710677 0.70710677
vn 0.08804509 -0.70436072 -0.70436072
vn 0.00000000 -0.44721359 0.89442718
vn 0.08804509 -0.70436072 -0.70436072
vn -0.15617377 -0.31234753 0.93704259
vn 0.08804509 -0.70436072 -0.70436072
vn 0.00000000 -0.49613893 0.86824316
vn 0.14744195 -0.44232586 -0.88465172
vn 0.00000000 0.00000000 1.00000000
vn 0.63960212 -0.63960212 -0.42640144
vn 0.00000000 0.00000000 1.00000000
vn 0.07832605 -0.70493442 -0.70493442
vn 0.00000000 0.00000000 1.00000000
vn 0.14744195 -0.44232586 -0.88465172
vn 0.00000000 0.00000000 1.00000000
vn 0.63960212 -0.63960212 -0.42640144
vn 0.00000000 0.00000000 1.00000000
vn 0.12309149 -0.49236596 -0.86164045
vn -0.39391929 0.00000000 0.91914505
vn 0.63960212 -0.63960212 -0.42640144
vn -0.00000000 0.00000000 1.00000000
vn 0.13736056 -0.54944223 -0.82416338
vn 0.00000000 0.00000000 1.00000000
vn 0.80000001 0.00000000 -0.60000002
vn 0.31622776 0.00000000 0.94868332
vn 0.63960212 -0.63960212 -0.42640144
vn 0.00000000 0.00000000 1.00000000
vn 0.13736056 -0.54944223 -0.82416338
vn 0.00000000 0.00000000 1.00000000
vn 0.80000001 0.00000000 -0.60000002
vn 0.27472112 0.00000000 0.96152395
vn 0.80000001 0.00000000 -0.60000002
vn 0.70710677 0.00000000 0.70710677
vn 0.80000001 0.00000000 -0.60000002
vn 0.27472112 0.00000000 0.96152395
vn 0.80000001 0.00000000 -0.60000002
vn 0.70710677 0.00000000 0.70710677
vn 0.57735026 -0.57735026 -0.57735026
vn 0.55470020 0.00000000 0.83205032
vn 0.78446454 -0.19611613 -0.58834839
vn 0.16439898 0.00000000 0.98639393
vn 0.80000001 0.00000000 -0.60000002
vn 0.70710677 0.00000000 0.70710677
vn 0.80000001 0.00000000 -0.60000002
vn 0.70710677 0.00000000 0.70710677
vn 0.80000001 0.00000000 -0.60000002
vn 0.70710677 0.00000000 0.70710677
vn 0.80000001 0.00000000 -0.60000002
vn 0.70710677 0.00000000 0.70710677
vn 0.80000001 0.00000000 -0.60000002
vn 0.70710677 0.00000000 0.70710677
vn 0.80000001 0.00000000 -0.60000002
vn 0.89442718 0.00000000 0.44721359
vn 0.97014248 0.24253562 0.00000000
vn 0.78086883 0.00000000 -0.62469506
vn 0.89442718 0.00000000 0.44721359
vn 0.97014248 0.24253562 0.00000000
vn 0.98058069 0.19611613 -0.00000000
vn 0.83205032 0.00000000 -0.55470020
vn 0.89442718 0.00000000 0.44721359
vn 0.97014248 0.24253562 0.00000000
vn 1.00000000 0.00000000 -0.00000000
vn 0.98639393 0.16439898 0.00000000
vn 0.83205032 0.00000000 -0.55470020
vn 0.85714287 0.28571430 0.42857143
vn 0.98639393 0.16439898 0.00000000
vn 0.97014248 0.24253562 0.00000000
vn 1.00000000 0.00000000 -0.00000000
vn 1.00000000 0.00000000 0.00000000
vn 0.98639393 0.16439898 0.00000000
vn 0.83205032 0.55470020 -0.00000000
vn 0.89442718 0.44721359 0.00000000
vn 0.89442718 0.44721359 0.00000000
vn 0.98994946 0.14142136 0.00000000
vn 0.97014248 0.24253562 0.00000000
vn 1.00000000 0.00000000 0.00000000
vn 1.00000000 0.00000000 -0.00000000
vn 1.00000000 0.00000000 0.00000000
vn 1.00000000 0.00000000 0.00000000
vn 1.00000000 0.00000000 0.00000000
vn 1.00000000 0.00000000 0.00000000
vn 1.00000000 0.00000000 0.00000000
vn 1.00000000 0.00000000 0.00000000
vn 1.00000000 0.00000000 -0.00000000
vn 1.00000000 0.00000000 0.00000000
vn 1.00000000 0.00000000 0.00000000
vn 1.00000000 0.00000000 0.00000000
vn 1.00000000 0.00000000 0.00000000
vn 1.00000000 0.00000000 -0.00000000
vn 1.00000000 0.00000000 0.00000000
vn 0.00000000 -0.70710677 -0.70710677
vn 0.00000000 -1.00000000 -0.00000000
vn 0.00000000 -1.00000000 0.00000000
vn 0.00000000 -1.00000000 0.00000000
vn 0.00000000 -1.00000000 0.00000000
vn 0.00000000 -1.00000000 0.00000000
vn 0.00000000 -0.70710677 0.70710677
vn 0.48507124 -0.72760689 -0.48507124
vn 0.00000000 -0.70710677 0.70710677
vn 0.48507124 -0.72760689 -0.48507124
vn 0.00000000 -0.70710677 0.70710677
vn 0.48507124 -0.72760689 -0.48507124
vn -0.14744195 -0.44232586 0.88465172
vn 0.48507124 -0.72760689 -0.48507124
vn 0.00000000 0.00000000 1.00000000
vn 0.55708599 -0.74278134 -0.37139067
vn 0.00000000 0.00000000 1.00000000
vn 0.12309149 -0.49236596 -0.86164045
vn 0.00000000 0.00000000 1.00000000
vn 0.57735026 -0.57735026 -0.57735026
vn 0.00000000 0.00000000 1.00000000
vn 0.55708599 -0.74278134 -0.37139067
vn 0.00000000 0.00000000 1.00000000
vn 0.13736056 -0.54944223 -0.82416338
vn 0.00000000 0.00000000 1.00000000
vn 0.63960212 -0.63960212 -0.42640144
vn 0.00000000 0.00000000 1.00000000
vn 0.13736056 -0.54944223 -0.82416338
vn 0.00000000 0.00000000 1.00000000
vn 0.80000001 0.00000000 -0.60000002
vn 0.00000000 0.00000000 1.00000000
vn 0.80000001 0.00000000 -0.60000002
vn 0.70710677 0.00000000 0.70710677
vn 0.57735026 -0.57735026 -0.57735026
vn 0.00000000 0.00000000 1.00000000
vn 0.78446454 -0.19611613 -0.58834839
vn 0.27472112 0.00000000 0.96152395
vn 0.80000001 0.00000000 -0.60000002
vn 0.70710677 0.00000000 0.70710677
vn 0.80000001 0.00000000 -0.60000002
vn 0.27472112 0.00000000 0.96152395
vn 0.80000001 0.00000000 -0.60000002
vn 0.70710677 0.00000000 0.70710677
vn 0.80000001 0.00000000 -0.60000002
vn 0.16439898 0.00000000 0.98639393
vn 0.57735026 -0.57735026 -0.57735026
vn 0.70710677 0.00000000 0.70710677
vn 0.78446454 -0.19611613 -0.58834839
vn 0.62469506 0.00000000 0.78086883
vn 0.80000001 0.00000000 -0.60000002
vn 0.70710677 0.00000000 0.70710677
vn 0.80000001 0.00000000 -0.60000002
vn 0.70710677 0.00000000 0.70710677
vn 0.80000001 0.00000000 -0.60000002
vn 0.70710677 0.00000000 0.70710677
vn 0.78086883 0.00000000 -0.62469506
vn 0.70710677 0.00000000 0.70710677
vn 0.98058069 0.19611613 -0.00000000
vn 0.83205032 0.00000000 -0.55470020
vn 0.70710677 0.00000000 0.70710677
vn 1.00000000 0.00000000 -0.00000000
vn 0.83205032 0.00000000 -0.55470020
vn 0.81110710 0.32444283 0.48666427
vn 0.97014248 0.24253562 0.00000000
vn 1.00000000 0.00000000 -0.00000000
vn 0.98639393 0.16439898 0.00000000
vn 0.83205032 0.55470020 -0.00000000
vn 0.77151674 0.15430336 -0.61721343
vn 0.85714287 0.28571430 0.42857143
vn 0.98639393 0.16439898 0.00000000
vn 0.97014248 0.24253562 0.00000000
vn 1.00000000 0.00000000 -0.00000000
vn 1.00000000 0.00000000 0.00000000
vn 0.98639393 0.16439898 0.00000000
vn 0.83205032 0.55470020 -0.00000000
vn 0.98639393 0.16439898 0.00000000
vn 0.98639393 0.16439898 0.00000000
vn 1.00000000 0.00000000 0.00000000
vn 1.00000000 0.00000000 -0.00000000
vn 1.00000000 0.00000000 0.00000000
vn 1.00000000 0.00000000 0.00000000
vn 1.00000000 0.00000000 0.00000000
vn 0.00000000 -0.70710677 -0.70710677
vn 0.00000000 -1.00000000 -0.00000000
vn 0.00000000 -1.00000000 0.00000000
vn 0.00000000 -1.00000000 0.00000000
vn 0.00000000 -1.00000000 0.00000000
vn -0.00000000 -1.00000000 0.00000000
vn -0.14002801 -0.70014006 0.70014006
vn 0.00000000 -0.70710677 -0.70710677
vn -0.14002801 -0.70014006 0.70014006
vn 0.00000000 -0.70710677 -0.70710677
vn -0.14002801 -0.70014006 0.70014006
vn 0.00000000 -0.70710677 -0.70710677
vn 0.00000000 -0.49613893 0.86824316
vn 0.00000000 -0.70710677 -0.70710677
vn 0.00000000 0.00000000 1.00000000
vn 0.14744195 -0.44232586 -0.88465172
vn 0.00000000 0.00000000 1.00000000
vn 0.63960212 -0.63960212 -0.42640144
vn 0.00000000 0.00000000 1.00000000
vn 0.12309149 -0.49236596 -0.86164045
vn 0.00000000 0.00000000 1.00000000
vn 0.57735026 -0.57735026 -0.57735026
vn 0.00000000 0.00000000 1.00000000
vn 0.78446454 -0.19611613 -0.58834839
vn 0.00000000 0.00000000 1.00000000
vn 0.57735026 -0.57735026 -0.57735026
vn 0.31622776 0.00000000 0.94868332
vn 0.78446454 -0.19611613 -0.58834839
vn 0.00000000 0.00000000 1.00000000
vn 0.80000001 0.00000000 -0.60000002
vn 0.00000000 0.00000000 1.00000000
vn 0.80000001 0.00000000 -0.60000002
vn 0.00000000 0.00000000 1.00000000
vn 0.57735026 -0.57735026 -0.57735026
vn 0.27472112 0.00000000 0.96152395
vn 0.78446454 -0.19611613 -0.58834839
vn 0.70710677 0.00000000 0.70710677
vn 0.80000001 0.00000000 -0.60000002
vn 0.27472112 0.00000000 0.96152395
vn 0.80000001 0.00000000 -0.60000002
vn 0.70710677 0.00000000 0.70710677
vn 0.80000001 0.00000000 -0.60000002
vn 0.70710677 0.00000000 0.70710677
vn 0.80000001 0.00000000 -0.60000002
vn 0.62469506 0.00000000 0.78086883
vn 0.57735026 -0.57735026 -0.57735026
vn 0.70710677 0.00000000 0.70710677
vn 0.77151674 -0.15430336 -0.61721343
vn 0.89442718 0.00000000 0.44721359
vn 0.97014248 0.24253562 0.00000000
vn 0.98058069 0.19611613 -0.00000000
vn 0.78086883 0.00000000 -0.62469506
vn 0.89442718 0.00000000 0.44721359
vn 0.97014248 0.24253562 0.00000000
vn 1.00000000 0.00000000 -0.00000000
vn 0.85749292 0.00000000 -0.51449573
vn 0.89442718 0.00000000 0.44721359
vn 0.97014248 0.24253562 0.00000000
vn 1.00000000 0.00000000 -0.00000000
vn 0.83205032 0.00000000 -0.55470020
vn 0.89442718 0.00000000 0.44721359
vn 0.97014248 0.24253562 0.00000000
vn 1.00000000 0.00000000 -0.00000000
vn 0.98639393 0.16439898 0.00000000
vn 0.83205032 0.00000000 -0.55470020
vn 0.85714287 0.28571430 0.42857143
vn 0.98639393 0.16439898 0.00000000
vn 0.97014248 0.24253562 0.00000000
vn 1.00000000 0.00000000 -0.00000000
vn 0.98639393 0.16439898 0.00000000
vn 0.83205032 0.55470020 -0.00000000
vn 0.89442718 0.44721359 0.00000000
vn 0.89442718 0.44721359 0.00000000
vn 0.98639393 0.16439898 0.00000000
vn 0.98639393 0.16439898 0.00000000
vn 1.00000000 0.00000000 0.00000000
vn 1.00000000 0.00000000 -0.00000000
vn 1.00000000 0.00000000 0.00000000
vn 1.00000000 0.00000000 0.00000000
vn 1.00000000 0.00000000 0.00000000
vn 1.00000000 0.00000000 0.00000000
vn 1.00000000 0.00000000 0.00000000
vn 1.00000000 0.00000000 -0.00000000
vn 1.00000000 0.00000000 0.00000000
vn 0.11704115 -0.70224690 -0.70224690
vn 0.00000000 -1.00000000 -0.00000000
vn 0.00000000 -1.00000000 0.00000000
vn 0.00000000 -1.00000000 0.00000000
vn 0.00000000 -1.00000000 0.00000000
vn -0.00000000 -1.00000000 0.00000000
vn 0.00000000 -1.00000000 0.00000000
vn -0.10050378 -0.70352650 0.70352650
vn 0.00000000 -0.70710677 -0.70710677
vn -0.10050378 -0.70352650 0.70352650
vn 0.00000000 -0.70710677 -0.70710677
vn -0.14744195 -0.44232586 0.88465172
vn 0.00000000 -0.70710677 -0.70710677
vn 0.00000000 0.00000000 1.00000000
vn 0.14744195 -0.44232586 -0.88465172
vn 0.00000000 0.00000000 1.00000000
vn 0.63960212 -0.63960212 -0.42640144
vn 0.00000000 0.00000000 1.00000000
vn 0.13736056 -0.54944223 -0.82416338
vn 0.00000000 0.00000000 1.00000000
vn 0.63960212 -0.63960212 -0.42640144
vn 0.00000000 0.00000000 1.00000000
vn 0.13736056 -0.54944223 -0.82416338
vn 0.00000000 0.00000000 1.00000000
vn 0.63960212 -0.63960212 -0.42640144
vn 0.00000000 0.00000000 1.00000000
vn 0.13736056 -0.54944223 -0.82416338
vn 0.70710677 0.00000000 0.70710677
vn 0.80000001 0.00000000 -0.60000002
vn 0.00000000 0.00000000 1.00000000
vn 0.80000001 0.00000000 -0.60000002
vn 0.31622776 0.00000000 0.94868332
vn 0.80000001 0.00000000 -0.60000002
vn 0.00000000 0.00000000 1.00000000
vn 0.57735026 -0.57735026 -0.57735026
vn 0.70710677 0.00000000 0.70710677
vn 0.78446454 -0.19611613 -0.58834839
vn 0.27472112 0.00000000 0.96152395
vn 0.80000001 0.00000000 -0.60000002
vn 0.70710677 0.00000000 0.70710677
vn 0.80000001 0.00000000 -0.60000002
vn 0.70710677 0.00000000 0.70710677
vn 0.63960212 -0.63960212 -0.42640144
vn 0.70710677 0.00000000 0.70710677
vn 0.12309149 -0.49236596 -0.86164045
vn 0.62469506 0.00000000 0.78086883
vn 0.37139067 0.00000000 -0.92847669
vn 0.70710677 0.00000000 0.70710677
vn 0.70710677 0.00000000 -0.70710677
vn 0.81110710 0.32444283 0.48666427
vn 0.97014248 0.24253562 0.00000000
vn 0.78086883 0.00000000 -0.62469506
vn 0.89442718 0.00000000 0.44721359
vn 0.97014248 0.24253562 0.00000000
vn 0.98058069 0.19611613 -0.00000000
vn 0.83205032 0.00000000 -0.55470020
vn 0.85714287 0.28571430 0.42857143
vn 0.98639393 0.16439898 0.00000000
vn 0.97014248 0.24253562 0.00000000
vn 1.00000000 0.00000000 -0.00000000
vn 0.98639393 0.16439898 0.00000000
vn 0.83205032 0.55470020 -0.00000000
vn 0.89442718 0.44721359 0.00000000
vn 0.98639393 0.16439898 0.00000000
vn 0.98639393 0.16439898 0.00000000
vn 1.00000000 0.00000000 0.00000000
vn 1.00000000 0.00000000 -0.00000000
vn 1.00000000 0.00000000 0.00000000
vn 1.00000000 0.00000000 0.00000000
vn 1.00000000 0.00000000 0.00000000
vn 0.55708599 -0.74278134 -0.37139067
vn 0.00000000 -1.00000000 -0.00000000
vn 0.00000000 -1.00000000 0.00000000
vn 0.00000000 -1.00000000 0.00000000
vn -0.52999896 -0.84799832 0.00000000
vn 0.00000000 -1.00000000 0.00000000
vn 0.00000000 -0.70710677 0.70710677
vn 0.08804509 -0.70436072 -0.70436072
vn 0.00000000 -1.00000000 -0.00000000
vn 0.00000000 -0.70710677 0.70710677
vn 0.08804509 -0.70436072 -0.70436072
vn 0.00000000 -0.44721359 0.89442718
vn 0.14744195 -0.44232586 -0.88465172
vn 0.00000000 0.00000000 1.00000000
vn 0.63960212 -0.63960212 -0.42640144
vn 0.00000000 0.00000000 1.00000000
vn 0.13736056 -0.54944223 -0.82416338
vn 0.00000000 0.00000000 1.00000000
vn 0.80000001 0.00000000 -0.60000002
vn 0.00000000 0.00000000 1.00000000
vn 0.57735026 -0.57735026 -0.57735026
vn 0.00000000 0.00000000 1.00000000
vn 0.78446454 -0.19611613 -0.58834839
vn 0.00000000 0.00000000 1.00000000
vn 0.57735026 -0.57735026 -0.57735026
vn 0.31622776 0.00000000 0.94868332
vn 0.78446454 -0.19611613 -0.58834839
vn 0.00000000 0.00000000 1.00000000
vn 0.80000001 0.00000000 -0.60000002
vn 0.00000000 0.00000000 1.00000000
vn 0.63960212 -0.63960212 -0.42640144
vn 0.70710677 0.00000000 0.70710677
vn 0.12309149 -0.49236596 -0.86164045
vn 0.31622776 0.00000000 0.94868332
vn 0.28571430 -0.42857143 -0.85714287
vn 0.44721359 0.00000000 0.89442718
vn 0.14744195 -0.44232586 -0.88465172
vn 0.70710677 0.00000000 0.70710677
vn 0.31622776 0.00000000 -0.94868332
vn 0.70710677 0.00000000 0.70710677
vn 0.31622776 0.00000000 -0.94868332
vn 0.70710677 0.00000000 0.70710677
vn 0.37139067 0.00000000 -0.92847669
vn 0.70710677 0.00000000 0.70710677
vn 0.80000001 0.00000000 -0.60000002
vn 0.89442718 0.00000000 0.44721359
vn 0.97014248 0.24253562 0.00000000
vn 0.78086883 0.00000000 -0.62469506
vn 0.89442718 0.00000000 0.44721359
vn 0.94868332 0.31622776 0.00000000
vn 0.98058069 0.19611613 -0.00000000
vn 0.83205032 0.00000000 -0.55470020
vn 0.70710677 0.00000000 0.70710677
vn 0.98058069 0.19611613 -0.00000000
vn 0.83205032 0.55470020 -0.00000000
vn 0.89442718 0.44721359 0.00000000
vn 0.85749292 0.51449573 0.00000000
vn 0.91914505 0.39391929 0.00000000
vn 0.94868332 0.31622776 0.00000000
vn 1.00000000 0.00000000 -0.00000000
vn 1.00000000 0.00000000 0.00000000
vn 1.00000000 0.00000000 0.00000000
vn -0.27216554 -0.68041384 -0.68041384
vn -0.00000000 -1.00000000 -0.00000000
vn -0.11704115 -0.70224690 0.70224690
vn 0.00000000 -0.70710677 -0.70710677
vn 0.00000000 -1.00000000 -0.00000000
vn 0.00000000 -1.00000000 0.00000000
vn 0.00000000 -0.70710677 0.70710677
vn 0.48507124 -0.72760689 -0.48507124
vn 0.00000000 -0.70710677 0.70710677
vn 0.48507124 -0.72760689 -0.48507124
vn 0.13608277 -0.27216554 0.95257932
vn 0.55708599 -0.74278134 -0.37139067
vn 0.00000000 0.00000000 1.00000000
vn 0.13736056 -0.54944223 -0.82416338
vn 0.00000000 0.00000000 1.00000000
vn 0.80000001 0.00000000 -0.60000002
vn 0.00000000 0.00000000 1.00000000
vn 0.63960212 -0.63960212 -0.42640144
vn 0.00000000 0.00000000 1.00000000
vn 0.13736056 -0.54944223 -0.82416338
vn 0.00000000 0.00000000 1.00000000
vn 0.80000001 0.00000000 -0.60000002
vn 0.27472112 0.00000000 0.96152395
vn 0.85749292 0.00000000 -0.51449573
vn 0.70710677 0.00000000 0.70710677
vn 1.00000000 0.00000000 -0.00000000
vn 0.80000001 -0.00000000 -0.60000002
vn 0.00000000 0.00000000 1.00000000
vn 1.00000000 0.00000000 -0.00000000
vn 0.85749292 0.00000000 -0.51449573
vn 0.31622776 0.00000000 0.94868332
vn 1.00000000 0.00000000 -0.00000000
vn 0.85749292 0.00000000 -0.51449573
vn 0.44721359 0.00000000 0.89442718
vn 1.00000000 0.00000000 -0.00000000
vn 1.00000000 -0.00000000 0.00000000
vn 0.83205032 0.00000000 -0.55470020
vn 0.70710677 0.00000000 0.70710677
vn 1.00000000 0.00000000 -0.00000000
vn 1.00000000 0.00000000 0.00000000
vn 0.98639393 0.16439898 0.00000000
vn 0.83205032 0.00000000 -0.55470020
vn 0.81110710 0.32444283 0.48666427
vn 0.97014248 0.24253562 0.00000000
vn 1.00000000 0.00000000 -0.00000000
vn 1.00000000 -0.00000000 0.00000000
vn 1.00000000 0.00000000 0.00000000
vn 1.00000000 0.00000000 0.00000000
vn 0.98639393 0.16439898 0.00000000
vn 0.83205032 0.00000000 -0.55470020
vn 0.89442718 0.00000000 0.44721359
vn 0.97014248 0.24253562 0.00000000
vn 1.00000000 0.00000000 -0.00000000
vn 1.00000000 0.00000000 0.00000000
vn 1.00000000 0.00000000 0.00000000
vn 1.00000000 0.00000000 0.00000000
vn 1.00000000 0.00000000 0.00000000
vn 0.98639393 0.16439898 0.00000000
vn 0.83205032 0.55470020 -0.00000000
vn 0.89442718 0.44721359 0.00000000
vn 0.89442718 0.44721359 0.00000000
vn 0.98639393 0.16439898 0.00000000
vn 0.97014248 0.24253562 0.00000000
vn 1.00000000 0.00000000 -0.00000000
vn 1.00000000 0.00000000 0.00000000
vn 1.00000000 0.00000000 0.00000000
vn 1.00000000 0.00000000 0.00000000
vn 1.00000000 0.00000000 0.00000000
vn 1.00000000 0.00000000 0.00000000
vn 1.00000000 0.00000000 0.00000000
vn 1.00000000 0.00000000 0.00000000
vn 1.00000000 0.00000000 0.00000000
vn 1.00000000 0.00000000 0.00000000
vn 1.00000000 0.00000000 -0.00000000
vn 1.00000000 0.00000000 0.00000000
vn 1.00000000 0.00000000 0.00000000
vn 1.00000000 0.00000000 0.00000000
vn 1.00000000 0.00000000 0.00000000
vn 1.00000000 0.00000000 0.00000000
vn 1.00000000 0.00000000 0.00000000
vn 1.00000000 0.00000000 0.00000000
vn 1.00000000 0.00000000 0.00000000
vn 1.00000000 0.00000000 -0.00000000
vn 1.00000000 0.00000000 0.00000000
vn 1.00000000 0.00000000 0.00000000
vn 1.00000000 0.00000000 0.00000000
vn 1.00000000 0.00000000 0.00000000
vn 1.00000000 0.00000000 0.00000000
vn 1.00000000 0.00000000 0.00000000
vn 1.00000000 0.00000000 0.00000000
vn 1.00000000 0.00000000 -0.00000000
vn 1.00000000 0.00000000 0.00000000
vn 1.00000000 0.00000000 0.00000000
vn 1.00000000 0.00000000 0.00000000
vn 1.00000000 0.00000000 0.00000000
vn 1.00000000 0.00000000 0.00000000
vn 1.00000000 0.00000000 0.00000000
vn 1.00000000 0.00000000 -0.00000000
vn 1.00000000 0.00000000 0.00000000
vn 1.00000000 0.00000000 0.00000000
vn 1.00000000 0.00000000 0.00000000
vn 1.00000000 0.00000000 0.00000000
vn 0.00000000 -0.70710677 -0.70710677
vn 0.00000000 -1.00000000 -0.00000000
vn 0.00000000 -1.00000000 0.00000000
vn 0.00000000 -0.70710677 0.70710677
vn 0.08804509 -0.70436072 -0.70436072
vn 0.00000000 -1.00000000 -0.00000000
vn 0.00000000 -0.70710677 0.70710677
vn 0.08804509 -0.70436072 -0.70436072
vn 0.00000000 -0.51449573 0.85749292
vn 0.08804509 -0.70436072 -0.70436072
vn 0.48507124 -0.48507124 0.72760689
vn 0.16903085 -0.50709254 -0.84515423
vn 0.13018891 -0.39056674 0.91132236
vn 0.80000001 0.00000000 -0.60000002
vn 0.16439898 0.00000000 0.98639393
vn 0.63960212 -0.63960212 -0.42640144
vn 0.16439898 0.00000000 0.98639393
vn 0.13736056 -0.54944223 -0.82416338
vn 0.16439898 0.00000000 0.98639393
vn 0.80000001 0.00000000 -0.60000002
vn 0.16439898 0.00000000 0.98639393
vn 0.80000001 0.00000000 -0.60000002
vn 0.70710677 0.00000000 0.70710677
vn 0.80000001 0.00000000 -0.60000002
vn 0.27472112 0.00000000 0.96152395
vn 0.80000001 0.00000000 -0.60000002
vn 0.16439898 0.00000000 0.98639393
vn 0.78086883 0.00000000 -0.62469506
vn 0.70710677 0.00000000 0.70710677
vn 0.98058069 0.19611613 -0.00000000
vn 0.83205032 0.00000000 -0.55470020
vn 0.70710677 0.00000000 0.70710677
vn 1.00000000 0.00000000 -0.00000000
vn 0.98639393 0.16439898 0.00000000
vn 0.83205032 0.00000000 -0.55470020
vn 0.84270096 0.24077171 0.48154342
vn 0.94868332 0.31622776 0.00000000
vn 1.00000000 0.00000000 -0.00000000
vn 0.98639393 0.16439898 0.00000000
vn 0.83205032 0.55470020 -0.00000000
vn 0.89442718 0.44721359 0.00000000
vn 0.85749292 0.51449573 0.00000000
vn 0.97014248 0.24253562 0.00000000
vn 1.00000000 0.00000000 -0.00000000
vn 1.00000000 0.00000000 0.00000000
vn 1.00000000 0.00000000 0.00000000
vn 1.00000000 0.00000000 0.00000000
vn 0.55708599 -0.74278134 -0.37139067
vn 0.00000000 -1.00000000 0.00000000
vn 0.17407766 -0.69631064 0.69631064
vn 0.48507124 -0.72760689 -0.48507124
vn 0.00000000 -1.00000000 -0.00000000
vn 0.17407766 -0.69631064 0.69631064
vn 0.48507124 -0.72760689 -0.48507124
vn 0.13608277 -0.27216554 0.95257932
vn 0.48507124 -0.72760689 -0.48507124
vn 0.00000000 0.00000000 1.00000000
vn 0.78446454 -0.19611613 -0.58834839
vn 0.55470020 0.00000000 0.83205032
vn 0.63960212 -0.63960212 -0.42640144
vn 0.55470020 0.00000000 0.83205032
vn 0.13736056 -0.54944223 -0.82416338
vn 0.55470020 0.00000000 0.83205032
vn 0.80000001 0.00000000 -0.60000002
vn 0.55470020 0.00000000 0.83205032
vn 0.80000001 0.00000000 -0.60000002
vn 0.55470020 0.00000000 0.83205032
vn 0.80000001 0.00000000 -0.60000002
vn 0.16439898 0.00000000 0.98639393
vn 0.80000001 0.00000000 -0.60000002
vn 0.70710677 0.00000000 0.70710677
vn 0.78086883 0.00000000 -0.62469506
vn 0.62469506 0.00000000 0.78086883
vn 0.98058069 0.19611613 -0.00000000
vn 0.83205032 0.00000000 -0.55470020
vn 0.70710677 0.00000000 0.70710677
vn 0.98058069 0.19611613 -0.00000000
vn 0.83205032 0.55470020 -0.00000000
vn 0.89442718 0.44721359 0.00000000
vn 0.89442718 0.44721359 0.00000000
vn 0.85749292 0.51449573 0.00000000
vn 0.91914505 0.39391929 0.00000000
vn 0.94868332 0.31622776 0.00000000
vn 1.00000000 0.00000000 -0.00000000
vn 1.00000000 0.00000000 0.00000000
vn 1.00000000 0.00000000 0.00000000
vn 1.00000000 0.00000000 0.00000000
vn 0.70710677 -0.70710677 0.00000000
vn 0.08804509 -0.70436072 -0.70436072
vn 0.00000000 -1.00000000 -0.00000000
vn 0.00000000 -1.00000000 0.00000000
vn 0.45749572 -0.76249284 0.45749572
vn 0.08804509 -0.70436072 -0.70436072
vn 0.37139067 -0.74278134 0.55708599
vn 0.16903085 -0.50709254 -0.84515423
vn 0.13018891 -0.39056674 0.91132236
vn 0.80000001 0.00000000 -0.60000002
vn 0.16439898 0.00000000 0.98639393
vn 0.57735026 -0.57735026 -0.57735026
vn 0.16439898 0.00000000 0.98639393
vn 0.78446454 -0.19611613 -0.58834839
vn 0.16439898 0.00000000 0.98639393
vn 0.80000001 0.00000000 -0.60000002
vn 0.70710677 0.00000000 0.70710677
vn 0.78086883 0.00000000 -0.62469506
vn 0.55470020 0.00000000 0.83205032
vn 0.98058069 0.19611613 -0.00000000
vn 0.83205032 0.00000000 -0.55470020
vn 0.62469506 0.00000000 0.78086883
vn 1.00000000 0.00000000 -0.00000000
vn 0.83205032 0.00000000 -0.55470020
vn 0.70710677 0.00000000 0.70710677
vn 1.00000000 0.00000000 -0.00000000
vn 0.98639393 0.16439898 0.00000000
vn 0.83205032 0.00000000 -0.55470020
vn 0.89442718 0.00000000 0.44721359
vn 0.97014248 0.24253562 0.00000000
vn 1.00000000 0.00000000 -0.00000000
vn 0.98639393 0.16439898 0.00000000
vn 0.83205032 0.55470020 -0.00000000
vn 0.89442718 0.44721359 0.00000000
vn 0.98994946 0.14142136 0.00000000
vn 0.94868332 0.31622776 0.00000000
vn 0.48507124 -0.72760689 -0.48507124
vn 0.00000000 -1.00000000 -0.00000000
vn 0.00000000 -1.00000000 0.00000000
vn 0.17407766 -0.69631064 0.69631064
vn 0.48507124 -0.72760689 -0.48507124
vn 0.18257418 -0.36514837 0.91287094
vn 0.78446454 -0.19611613 -0.58834839
vn 0.55470020 0.00000000 0.83205032
vn 0.80000001 0.00000000 -0.60000002
vn 0.55470020 0.00000000 0.83205032
vn 0.85749292 0.00000000 -0.51449573
vn 0.55470020 0.00000000 0.83205032
vn 1.00000000 0.00000000 -0.00000000
vn 0.80000001 -0.00000000 -0.60000002
vn 0.62469506 0.00000000 0.78086883
vn 1.00000000 0.00000000 -0.00000000
vn 0.85749292 0.00000000 -0.51449573
vn 0.70710677 0.00000000 0.70710677
vn 1.00000000 0.00000000 -0.00000000
vn 0.83205032 0.00000000 -0.55470020
vn 0.60000002 0.00000000 0.80000001
vn 0.98058069 0.19611613 -0.00000000
vn 0.83205032 0.00000000 -0.55470020
vn 0.89442718 0.00000000 0.44721359
vn 0.97014248 0.24253562 0.00000000
vn 1.00000000 0.00000000 -0.00000000
vn 0.98639393 0.16439898 0.00000000
vn 0.83205032 0.55470020 -0.00000000
vn 0.98639393 0.16439898 0.00000000
vn 0.97014248 0.24253562 0.00000000
vn 1.00000000 0.00000000 -0.00000000
vn 1.00000000 0.00000000 0.00000000
vn 1.00000000 0.00000000 0.00000000
vn 0.83205032 -0.55470020 -0.00000000
vn 0.83205032 -0.55470020 0.00000000
vn 0.48507124 -0.72760689 -0.48507124
vn 0.48507124 -0.48507124 0.72760689
vn 0.78446454 -0.19611613 -0.58834839
vn 0.55470020 0.00000000 0.83205032
vn 0.80000001 0.00000000 -0.60000002
vn 0.55470020 0.00000000 0.83205032
vn 0.78086883 0.00000000 -0.62469506
vn 0.60000002 0.00000000 0.80000001
vn 0.98058069 0.19611613 -0.00000000
vn 0.83205032 0.00000000 -0.55470020
vn 0.89442718 0.00000000 0.44721359
vn 0.97014248 0.24253562 0.00000000
vn 1.00000000 0.00000000 -0.00000000
vn 0.98639393 0.16439898 0.00000000
vn 1.00000000 0.00000000 -0.00000000
vn 0.94868332 0.31622776 0.00000000
vn 1.00000000 0.00000000 -0.00000000
vn 1.00000000 0.00000000 0.00000000
vn 1.00000000 0.00000000 0.00000000
vn 1.00000000 0.00000000 0.00000000
vn 1.00000000 0.00000000 -0.00000000
vn 1.00000000 0.00000000 0.00000000
vn 1.00000000 -0.00000000 -0.00000000
vn 1.00000000 -0.00000000 0.00000000
vn 1.00000000 0.00000000 -0.00000000
vn 1.00000000 -0.00000000 0.00000000
vn 1.00000000 0.00000000 0.00000000
vn 1.00000000 0.00000000 -0.00000000
vn 1.00000000 0.00000000 0.00000000
vn 1.00000000 0.00000000 0.00000000
vn 1.00000000 0.00000000 -0.00000000
vn 1.00000000 0.00000000 0.00000000
vn 1.00000000 0.00000000 0.00000000
vn 1.00000000 0.00000000 0.00000000
f 3//3 2//2 1//1
f 1//1 4//4 3//3
f 2//2 6//6 5//5
f 5//5 1//1 2//2
f 5//5 7//7 1//1
f 1//1 8//8 4//4
f 1//1 7//7 8//8
f 10//10 9//9 8//8
f 8//8 9//9 4//4
f 10//10 11//11 9//9
f 5//5 6//6 12//12
f 12//12 6//6 13//13
f 5//5 14//14 7//7
f 5//5 12//12 14//14
f 7//7 15//15 8//8
f 7//7 14//14 15//15
f 8//8 16//16 10//10
f 8//8 15//15 16//16
f 11//11 10//10 17//17
f 17//17 10//10 16//16
f 12//12 13//13 18//18
f 18//18 13//13 19//19
f 12//12 20//20 14//14
f 12//12 18//18 20//20
f 14//14 21//21 15//15
f 14//14 20//20 21//21
f 15//15 22//22 16//16
f 15//15 21//21 22//22
f 16//16 23//23 17//17
f 16//16 22//22 23//23
f 23//23 24//24 17//17
f 19//19 25//25 18//18
f 26//26 18//18 25//25
f 26//26 20//20 18//18
f 20//20 27//27 21//21
f 20//20 26//26 27//27
f 21//21 28//28 22//22
f 21//21 27//27 28//28
f 22//22 29//29 23//23
f 22//22 28//28 29//29
f 24//24 23//23 30//30
f 30//30 23//23 29//29
f 25//25 31//31 26//26
f 32//32 26//26 31//31
f 32//32 27//27 26//26
f 27//27 33//33 28//28
f 27//27 32//32 33//33
f 29//29 33//33 34//34
f 29//29 28//28 33//33
f 29//29 34//34 30//30
f 31//31 35//35 32//32
f 32//32 35//35 33//33
f 33//33 35//35 36//36
f 33//33 36//36 34//34
f 38//38 37//37 3//3
f 3//3 39//39 38//38
f 37//37 40//40 2//2
f 37//37 2//2 3//3
f 4//4 39//39 3//3
f 9//9 41//41 4//4
f 4//4 41//41 39//39
f 9//9 42//42 41//41
f 40//40 43//43 6//6
f 40//40 6//6 2//2
f 11//11 42//42 9//9
f 11//11 44//44 42//42
f 6//6 43//43 13//13
f 13//13 43//43 45//45
f 11//11 46//46 44//44
f 11//11 17//17 46//46
f 46//46 47//47 44//44
f 13//13 45//45 19//19
f 19//19 45//45 48//48
f 46//46 17//17 24//24
f 47//47 46//46 49//49
f 49//49 46//46 24//24
f 48//48 50//50 19//19
f 19//19 50//50 25//25
f 49//49 24//24 51//51
f 51//51 24//24 30//30
f 25//25 50//50 52//52
f 52//52 50//50 53//53
f 52//52 31//31 25//25
f 54//54 30//30 34//34
f 51//51 30//30 55//55
f 55//55 30//30 54//54
f 52//52 53//53 56//56
f 56//56 53//53 57//57
f 52//52 58//58 31//31
f 52//52 56//56 58//58
f 58//58 35//35 31//31
f 59//59 34//34 36//36
f 34//34 60//60 54//54
f 34//34 59//59 60//60
f 55//55 54//54 61//61
f 61//61 54//54 60//60
f 57//57 62//62 56//56
f 63//63 56//56 62//62
f 63//63 58//58 56//56
f 58//58 64//64 35//35
f 58//58 63//63 64//64
f 35//35 65//65 36//36
f 35//35 64//64 65//65
f 36//36 66//66 59//59
f 36//36 65//65 66//66
f 59//59 67//67 60//60
f 59//59 66//66 67//67
f 61//61 60//60 68//68
f 68//68 60//60 67//67
f 63//63 62//62 69//69
f 69//69 62//62 70//70
f 63//63 71//71 64//64
f 63//63 69//69 71//71
f 64//64 72//72 65//65
f 64//64 71//71 72//72
f 65//65 73//73 66//66
f 65//65 72//72 73//73
f 66//66 74//74 67//67
f 66//66 73//73 74//74
f 68//68 67//67 75//75
f 75//75 67//67 74//74
f 70//70 76//76 69//69
f 69//69 76//76 71//71
f 71//71 76//76 77//77
f 78//78 71//71 77//77
f 78//78 72//72 71//71
f 72//72 79//79 73//73
f 72//72 78//78 79//79
f 74//74 79//79 80//80
f 74//74 73//73 79//79
f 74//74 80//80 75//75
f 77//77 81//81 78//78
f 78//78 81//81 79//79
f 79//79 81//81 82//82
f 79//79 82//82 80//80
f 84//84 83//83 37//37
f 38//38 84//84 37//37
f 38//38 85//85 84//84
f 86//86 38//38 39//39
f 86//86 85//85 38//38
f 41//41 87//87 39//39
f 39//39 87//87 86//86
f 41//41 88//88 87//87
f 83//83 89//89 40//40
f 83//83 40//40 37//37
f 42//42 88//88 41//41
f 42//42 90//90 88//88
f 89//89 43//43 40//40
f 89//89 91//91 43//43
f 44//44 90//90 42//42
f 44//44 92//92 90//90
f 91//91 93//93 45//45
f 43//43 91//91 45//45
f 47//47 92//92 44//44
f 47//47 94//94 92//92
f 45//45 93//93 48//48
f 48//48 93//93 95//95
f 94//94 47//47 96//96
f 96//96 47//47 49//49
f 95//95 97//97 48//48
f 48//48 97//97 50//50
f 96//96 49//49 98//98
f 98//98 49//49 51//51
f 50//50 97//97 53//53
f 53//53 97//97 99//99
f 98//98 51//51 100//100
f 100//100 51//51 55//55
f 53//53 99//99 57//57
f 57//57 99//99 101//101
f 100//100 55//55 102//102
f 102//102 55//55 61//61
f 57//57 101//101 103//103
f 103//103 101//101 104//104
f 103//103 62//62 57//57
f 102//102 61//61 105//105
f 105//105 61//61 68//68
f 103//103 104//104 106//106
f 106//106 104//104 107//107
f 103//103 70//70 62//62
f 103//103 106//106 70//70
f 105//105 68//68 108//108
f 108//108 68//68 75//75
f 107//107 109//109 106//106
f 110//110 106//106 109//109
f 110//110 70//70 106//106
f 110//110 76//76 70//70
f 111//111 75//75 80//80
f 108//108 75//75 112//112
f 112//112 75//75 111//111
f 110//110 109//109 113//113
f 113//113 109//109 114//114
f 110//110 115//115 76//76
f 110//110 113//113 115//115
f 76//76 116//116 77//77
f 76//76 115//115 116//116
f 116//116 81//81 77//77
f 117//117 80//80 82//82
f 80//80 118//118 111//111
f 80//80 117//117 118//118
f 112//112 111//111 119//119
f 119//119 111//111 118//118
f 114//114 120//120 113//113
f 121//121 113//113 120//120
f 121//121 115//115 113//113
f 115//115 122//122 116//116
f 115//115 121//121 122//122
f 116//116 123//123 81//81
f 116//116 122//122 123//123
f 81//81 124//124 82//82
f 81//81 123//123 124//124
f 82//82 125//125 117//117
f 82//82 124//124 125//125
f 118//118 125//125 126//126
f 118//118 117//117 125//125
f 118//118 126//126 119//119
f 121//121 120//120 127//127
f 127//127 120//120 128//128
f 121//121 129//129 122//122
f 121//121 127//127 129//129
f 122//122 130//130 123//123
f 122//122 129//129 130//130
f 123//123 131//131 124//124
f 123//123 130//130 131//131
f 124//124 132//132 125//125
f 124//124 131//131 132//132
f 126//126 125//125 133//133
f 133//133 125//125 132//132
f 128//128 134//134 127//127
f 127//127 134//134 129//129
f 129//129 134//134 135//135
f 129//129 135//135 130//130
f 130//130 135//135 136//136
f 130//130 136//136 131//131
f 131//131 136//136 137//137
f 131//131 137//137 132//132
f 132//132 137//137 138//138
f 132//132 138//138 133//133
f 140//140 139//139 85//85
f 85//85 141//141 140//140
f 139//139 142//142 84//84
f 84//84 142//142 83//83
f 84//84 85//85 139//139
f 86//86 141//141 85//85
f 143//143 86//86 87//87
f 143//143 141//141 86//86
f 87//87 88//88 143//143
f 143//143 88//88 144//144
f 142//142 145//145 83//83
f 83//83 145//145 89//89
f 146//146 88//88 90//90
f 146//146 144//144 88//88
f 90//90 147//147 146//146
f 145//145 148//148 91//91
f 89//89 145//145 91//91
f 92//92 147//147 90//90
f 92//92 149//149 147//147
f 148//148 93//93 91//91
f 148//148 150//150 93//93
f 94//94 149//149 92//92
f 94//94 151//151 149//149
f 150//150 95//95 93//93
f 152//152 95//95 150//150
f 94//94 96//96 151//151
f 96//96 153//153 151//151
f 95//95 154//154 97//97
f 95//95 152//152 154//154
f 153//153 96//96 155//155
f 155//155 96//96 98//98
f 97//97 154//154 99//99
f 99//99 154//154 156//156
f 155//155 98//98 157//157
f 157//157 98//98 100//100
f 99//99 156//156 101//101
f 101//101 156//156 158//158
f 157//157 100//100 159//159
f 159//159 100//100 102//102
f 101//101 158//158 104//104
f 104//104 158//158 160//160
f 159//159 102//102 161//161
f 161//161 102//102 105//105
f 104//104 160//160 107//107
f 107//107 160//160 162//162
f 161//161 105//105 163//163
f 163//163 105//105 108//108
f 162//162 164//164 107//107
f 107//107 164//164 109//109
f 163//163 108//108 165//165
f 165//165 108//108 112//112
f 109//109 164//164 114//114
f 114//114 164//164 166//166
f 165//165 112//112 167//167
f 167//167 112//112 119//119
f 114//114 166//166 168//168
f 168//168 166//166 169//169
f 168//168 120//120 114//114
f 170//170 119//119 126//126
f 167//167 119//119 171//171
f 171//171 119//119 170//170
f 168//168 169//169 172//172
f 172//172 169//169 173//173
f 168//168 128//128 120//120
f 168//168 172//172 128//128
f 126//126 174//174 170//170
f 126//126 133//133 174//174
f 171//171 170//170 175//175
f 175//175 170//170 174//174
f 172//172 173//173 176//176
f 176//176 173//173 177//177
f 172//172 178//178 128//128
f 172//172 176//176 178//178
f 178//178 134//134 128//128
f 179//179 133//133 138//138
f 174//174 179//179 180//180
f 174//174 133//133 179//179
f 174//174 180//180 175//175
f 177//177 181//181 176//176
f 182//182 176//176 181//181
f 182//182 178//178 176//176
f 178//178 183//183 134//134
f 178//178 182//182 183//183
f 134//134 184//184 135//135
f 134//134 183//183 184//184
f 135//135 185//185 136//136
f 135//135 184//184 185//185
f 136//136 186//186 137//137
f 136//136 185//185 186//186
f 137//137 187//187 138//138
f 137//137 186//186 187//187
f 138//138 188//188 179//179
f 138//138 187//187 188//188
f 180//180 179//179 189//189
f 189//189 179//179 188//188
f 182//182 181//181 190//190
f 190//190 181//181 191//191
f 182//182 192//192 183//183
f 182//182 190//190 192//192
f 183//183 193//193 184//184
f 183//183 192//192 193//193
f 184//184 194//194 185//185
f 184//184 193//193 194//194
f 185//185 195//195 186//186
f 185//185 194//194 195//195
f 186//186 196//196 187//187
f 186//186 195//195 196//196
f 188//188 196//196 197//197
f 188//188 187//187 196//196
f 188//188 197//197 189//189
f 191//191 198//198 190//190
f 199//199 190//190 198//198
f 199//199 192//192 190//190
f 192//192 200//200 193//193
f 192//192 199//199 200//200
f 193//193 201//201 194//194
f 193//193 200//200 201//201
f 195//195 201//201 202//202
f 195//195 194//194 201//201
f 195//195 202//202 196//196
f 196//196 202//202 203//203
f 196//196 203//203 197//197
f 198//198 204//204 199//199
f 199//199 204//204 200//200
f 200//200 204//204 205//205
f 200//200 205//205 201//201
f 201//201 205//205 206//206
f 201//201 206//206 202//202
f 208//208 207//207 140//140
f 140//140 207//207 139//139
f 140//140 141//141 208//208
f 208//208 141//141 209//209
f 207//207 210//210 139//139
f 139//139 210//210 142//142
f 211//211 141//141 143//143
f 211//211 209//209 141//141
f 212//212 143//143 144//144
f 212//212 211//211 143//143
f 144//144 213//213 212//212
f 210//210 214//214 142//142
f 142//142 214//214 145//145
f 146//146 213//213 144//144
f 146//146 147//147 213//213
f 213//213 147//147 215//215
f 214//214 216//216 145//145
f 145//145 216//216 148//148
f 147//147 149//149 215//215
f 215//215 149//149 217//217
f 216//216 218//218 150//150
f 148//148 216//216 150//150
f 149//149 151//151 217//217
f 151//151 219//219 217//217
f 150//150 218//218 152//152
f 152//152 218//218 220//220
f 153//153 219//219 151//151
f 153//153 221//221 219//219
f 152//152 220//220 154//154
f 154//154 220//220 222//222
f 153//153 155//155 221//221
f 155//155 223//223 221//221
f 154//154 222//222 156//156
f 156//156 222//222 224//224
f 223//223 155//155 225//225
f 225//225 155//155 157//157
f 156//156 224//224 158//158
f 158//158 224//224 226//226
f 225//225 157//157 227//227
f 227//227 157//157 159//159
f 158//158 226//226 160//160
f 160//160 226//226 228//228
f 227//227 159//159 229//229
f 229//229 159//159 161//161
f 160//160 228//228 162//162
f 162//162 228//228 230//230
f 229//229 161//161 231//231
f 231//231 161//161 163//163
f 230//230 232//232 162//162
f 162//162 232//232 164//164
f 231//231 163//163 233//233
f 233//233 163//163 165//165
f 164//164 232//232 166//166
f 166//166 232//232 234//234
f 233//233 165//165 235//235
f 235//235 165//165 167//167
f 166//166 234//234 169//169
f 169//169 234//234 236//236
f 235//235 167//167 237//237
f 237//237 167//167 171//171
f 169//169 236//236 173//173
f 173//173 236//236 238//238
f 237//237 171//171 239//239
f 239//239 171//171 175//175
f 173//173 238//238 177//177
f 177//177 238//238 240//240
f 241//241 175//175 180//180
f 239//239 175//175 242//242
f 242//242 175//175 241//241
f 177//177 240//240 243//243
f 243//243 240//240 244//244
f 243//243 181//181 177//177
f 241//241 189//189 245//245
f 241//241 180//180 189//189
f 241//241 245//245 242//242
f 243//243 244//244 246//246
f 246//246 244//244 247//247
f 243//243 191//191 181//181
f 243//243 246//246 191//191
f 248//248 189//189 197//197
f 245//245 189//189 249//249
f 249//249 189//189 248//248
f 246//246 247//247 250//250
f 250//250 247//247 251//251
f 246//246 252//252 191//191
f 246//246 250//250 252//252
f 252//252 198//198 191//191
f 253//253 197//197 203//203
f 248//248 253//253 254//254
f 248//248 197//197 253//253
f 248//248 254//254 249//249
f 251//251 255//255 250//250
f 256//256 250//250 255//255
f 256//256 252//252 250//250
f 252//252 257//257 198//198
f 252//252 256//256 257//257
f 257//257 204//204 198//198
f 258//258 202//202 206//206
f 202//202 259//259 203//203
f 202//202 258//258 259//259
f 253//253 259//259 260//260
f 253//253 203//203 259//259
f 253//253 260//260 254//254
f 255//255 261//261 256//256
f 262//262 256//256 261//261
f 262//262 257//257 256//256
f 257//257 263//263 204//204
f 257//257 262//262 263//263
f 204//204 264//264 205//205
f 204//204 263//263 264//264
f 205//205 265//265 206//206
f 205//205 264//264 265//265
f 206//206 266//266 258//258
f 206//206 265//265 266//266
f 259//259 266//266 267//267
f 259//259 258//258 266//266
f 259//259 267//267 260//260
f 261//261 268//268 262//262
f 262//262 268//268 263//263
f 263//263 268//268 269//269
f 263//263 269//269 264//264
f 264//264 269//269 270//270
f 264//264 270//270 265//265
f 265//265 270//270 271//271
f 265//265 271//271 266//266
f 266//266 271//271 272//272
f 266//266 272//272 267//267
f 273//273 207//207 208//208
f 209//209 273//273 208//208
f 275//275 274//274 207//207
f 207//207 274//274 210//210
f 275//275 207//207 273//273
f 276//276 273//273 209//209
f 277//277 209//209 211//211
f 277//277 276//276 209//209
f 278//278 211//211 212//212
f 278//278 277//277 211//211
f 212//212 213//213 278//278
f 278//278 213//213 279//279
f 274//274 280//280 210//210
f 210//210 280//280 214//214
f 213//213 215//215 279//279
f 279//279 215//215 281//281
f 280//280 282//282 214//214
f 214//214 282//282 216//216
f 215//215 217//217 281//281
f 281//281 217//217 283//283
f 282//282 284//284 216//216
f 216//216 284//284 218//218
f 217//217 219//219 283//283
f 283//283 219//219 285//285
f 284//284 220//220 218//218
f 286//286 220//220 284//284
f 219//219 221//221 285//285
f 221//221 287//287 285//285
f 286//286 222//222 220//220
f 288//288 222//222 286//286
f 223//223 287//287 221//221
f 223//223 289//289 287//287
f 288//288 224//224 222//222
f 290//290 224//224 288//288
f 225//225 289//289 223//223
f 225//225 291//291 289//289
f 290//290 226//226 224//224
f 292//292 226//226 290//290
f 225//225 227//227 291//291
f 227//227 293//293 291//291
f 292//292 228//228 226//226
f 294//294 228//228 292//292
f 293//293 227//227 295//295
f 295//295 227//227 229//229
f 294//294 230//230 228//228
f 296//296 230//230 294//294
f 295//295 229//229 297//297
f 297//297 229//229 231//231
f 230//230 298//298 232//232
f 230//230 296//296 298//298
f 297//297 231//231 299//299
f 299//299 231//231 233//233
f 232//232 298//298 234//234
f 234//234 298//298 300//300
f 299//299 233//233 301//301
f 301//301 233//233 235//235
f 234//234 300//300 236//236
f 236//236 300//300 302//302
f 301//301 235//235 303//303
f 303//303 235//235 237//237
f 236//236 302//302 238//238
f 238//238 302//302 304//304
f 303//303 237//237 305//305
f 305//305 237//237 239//239
f 238//238 304//304 240//240
f 240//240 304//304 306//306
f 305//305 239//239 307//307
f 307//307 239//239 242//242
f 240//240 306//306 244//244
f 244//244 306//306 308//308
f 245//245 309//309 242//242
f 242//242 309//309 307//307
f 244//244 308//308 247//247
f 247//247 308//308 310//310
f 309//309 245//245 311//311
f 311//311 245//245 249//249
f 247//247 310//310 251//251
f 251//251 310//310 312//312
f 254//254 313//313 249//249
f 249//249 313//313 311//311
f 251//251 312//312 314//314
f 314//314 312//312 315//315
f 314//314 255//255 251//251
f 316//316 254//254 260//260
f 313//313 254//254 317//317
f 317//317 254//254 316//316
f 314//314 315//315 318//318
f 318//318 315//315 319//319
f 314//314 320//320 255//255
f 314//314 318//318 320//320
f 320//320 261//261 255//255
f 321//321 260//260 267//267
f 316//316 321//321 322//322
f 316//316 260//260 321//321
f 316//316 322//322 317//317
f 319//319 323//323 318//318
f 324//324 318//318 323//323
f 324//324 320//320 318//318
f 320//320 325//325 261//261
f 320//320 324//324 325//325
f 325//325 268//268 261//261
f 326//326 267//267 272//272
f 321//321 326//326 327//327
f 321//321 267//267 326//326
f 321//321 327//327 322//322
f 323//323 328//328 324//324
f 329//329 324//324 328//328
f 329//329 325//325 324//324
f 325//325 330//330 268//268
f 325//325 329//329 330//330
f 268//268 331//331 269//269
f 268//268 330//330 331//331
f 269//269 332//332 270//270
f 269//269 331//331 332//332
f 270//270 333//333 271//271
f 270//270 332//332 333//333
f 272//272 333//333 334//334
f 272//272 271//271 333//333
f 272//272 334//334 326//326
f 326//326 334//334 335//335
f 326//326 335//335 327//327
f 328//328 336//336 329//329
f 329//329 336//336 330//330
f 330//330 336//336 337//337
f 330//330 337//337 331//331
f 331//331 337//337 338//338
f 331//331 338//338 332//332
f 332//332 338//338 339//339
f 332//332 339//339 333//333
f 333//333 339//339 340//340
f 333//333 340//340 334//334
f 342//342 341//341 275//275
f 275//275 341//341 274//274
f 343//343 275//275 273//273
f 343//343 342//342 275//275
f 344//344 273//273 276//276
f 344//344 343//343 273//273
f 345//345 276//276 277//277
f 345//345 344//344 276//276
f 346//346 277//277 278//278
f 346//346 345//345 277//277
f 278//278 279//279 346//346
f 346//346 279//279 347//347
f 349//349 348//348 280//280
f 274//274 349//349 280//280
f 274//274 341//341 349//349
f 350//350 279//279 281//281
f 350//350 347//347 279//279
f 281//281 351//351 350//350
f 348//348 352//352 282//282
f 348//348 282//282 280//280
f 283//283 351//351 281//281
f 283//283 353//353 351//351
f 352//352 284//284 282//282
f 352//352 354//354 284//284
f 285//285 353//353 283//283
f 285//285 355//355 353//353
f 354//354 286//286 284//284
f 356//356 286//286 354//354
f 285//285 287//287 355//355
f 355//355 287//287 357//357
f 356//356 358//358 288//288
f 286//286 356//356 288//288
f 287//287 289//289 357//357
f 289//289 359//359 357//357
f 288//288 358//358 290//290
f 290//290 358//358 360//360
f 359//359 289//289 361//361
f 361//361 289//289 291//291
f 290//290 360//360 292//292
f 292//292 360//360 362//362
f 293//293 361//361 291//291
f 293//293 363//363 361//361
f 292//292 362//362 294//294
f 294//294 362//362 364//364
f 295//295 363//363 293//293
f 295//295 365//365 363//363
f 294//294 364//364 296//296
f 296//296 364//364 366//366
f 295//295 297//297 365//365
f 297//297 367//367 365//365
f 296//296 366//366 298//298
f 298//298 366//366 368//368
f 367//367 297//297 369//369
f 369//369 297//297 299//299
f 298//298 368//368 300//300
f 300//300 368//368 370//370
f 369//369 299//299 371//371
f 371//371 299//299 301//301
f 300//300 370//370 302//302
f 302//302 370//370 372//372
f 371//371 301//301 373//373
f 373//373 301//301 303//303
f 302//302 372//372 304//304
f 304//304 372//372 374//374
f 373//373 303//303 375//375
f 375//375 303//303 305//305
f 304//304 374//374 306//306
f 306//306 374//374 376//376
f 375//375 305//305 377//377
f 377//377 305//305 307//307
f 306//306 376//376 308//308
f 308//308 376//376 378//378
f 309//309 379//379 307//307
f 307//307 379//379 377//377
f 308//308 378//378 310//310
f 310//310 378//378 380//380
f 379//379 309//309 381//381
f 381//381 309//309 311//311
f 310//310 380//380 312//312
f 312//312 380//380 382//382
f 313//313 383//383 311//311
f 311//311 383//383 381//381
f 312//312 382//382 315//315
f 315//315 382//382 384//384
f 383//383 313//313 385//385
f 385//385 313//313 317//317
f 315//315 384//384 319//319
f 319//319 384//384 386//386
f 322//322 387//387 317//317
f 317//317 387//387 385//385
f 319//319 386//386 388//388
f 388//388 386//386 389//389
f 388//388 323//323 319//319
f 327//327 390//390 322//322
f 322//322 390//390 387//387
f 389//389 391//391 388//388
f 392//392 388//388 391//391
f 392//392 323//323 388//388
f 392//392 328//328 323//323
f 335//335 393//393 327//327
f 327//327 393//393 390//390
f 391//391 394//394 392//392
f 395//395 392//392 394//394
f 395//395 328//328 392//392
f 395//395 336//336 328//328
f 340//340 396//396 334//334
f 334//334 396//396 335//335
f 335//335 396//396 397//397
f 335//335 397//397 393//393
f 394//394 398//398 395//395
f 395//395 398//398 336//336
f 336//336 398//398 399//399
f 336//336 399//399 337//337
f 337//337 399//399 400//400
f 337//337 400//400 338//338
f 338//338 400//400 401//401
f 338//338 401//401 339//339
f 339//339 401//401 402//402
f 339//339 402//402 340//340
f 340//340 402//402 403//403
f 340//340 403//403 396//396
f 405//405 404//404 341//341
f 342//342 405//405 341//341
f 342//342 406//406 405//405
f 407//407 342//342 343//343
f 407//407 406//406 342//342
f 408//408 343//343 344//344
f 408//408 407//407 343//343
f 409//409 344//344 345//345
f 409//409 408//408 344//344
f 410//410 345//345 346//346
f 410//410 409//409 345//345
f 346//346 347//347 410//410
f 410//410 347//347 411//411
f 404//404 412//412 349//349
f 349//349 412//412 348//348
f 349//349 341//341 404//404
f 413//413 347//347 350//350
f 413//413 411//411 347//347
f 350//350 351//351 413//413
f 413//413 351//351 414//414
f 412//412 415//415 348//348
f 348//348 415//415 352//352
f 351//351 353//353 414//414
f 414//414 353//353 416//416
f 415//415 354//354 352//352
f 417//417 354//354 415//415
f 353//353 355//355 416//416
f 355//355 418//418 416//416
f 417//417 419//419 356//356
f 354//354 417//417 356//356
f 357//357 418//418 355//355
f 357//357 420//420 418//418
f 419//419 358//358 356//356
f 419//419 421//421 358//358
f 357//357 359//359 420//420
f 420//420 359//359 422//422
f 421//421 360//360 358//358
f 423//423 360//360 421//421
f 361//361 422//422 359//359
f 361//361 424//424 422//422
f 423//423 362//362 360//360
f 425//425 362//362 423//423
f 361//361 363//363 424//424
f 363//363 426//426 424//424
f 425//425 364//364 362//362
f 427//427 364//364 425//425
f 426//426 363//363 428//428
f 428//428 363//363 365//365
f 427//427 366//366 364//364
f 429//429 366//366 427//427
f 367//367 428//428 365//365
f 367//367 430//430 428//428
f 429//429 368//368 366//366
f 431//431 368//368 429//429
f 369//369 430//430 367//367
f 369//369 432//432 430//430
f 431//431 433//433 370//370
f 368//368 431//431 370//370
f 371//371 432//432 369//369
f 371//371 434//434 432//432
f 370//370 433//433 372//372
f 372//372 433//433 435//435
f 373//373 434//434 371//371
f 373//373 436//436 434//434
f 372//372 435//435 374//374
f 374//374 435//435 437//437
f 375//375 436//436 373//373
f 375//375 438//438 436//436
f 374//374 437//437 376//376
f 376//376 437//437 439//439
f 377//377 438//438 375//375
f 377//377 440//440 438//438
f 376//376 439//439 378//378
f 378//378 439//439 441//441
f 442//442 377//377 379//379
f 442//442 440//440 377//377
f 378//378 441//441 380//380
f 380//380 441//441 443//443
f 442//442 379//379 444//444
f 444//444 379//379 381//381
f 380//380 443//443 382//382
f 382//382 443//443 445//445
f 383//383 446//446 381//381
f 381//381 446//446 444//444
f 382//382 445//445 384//384
f 384//384 445//445 447//447
f 446//446 383//383 448//448
f 448//448 383//383 385//385
f 384//384 447//447 386//386
f 386//386 447//447 449//449
f 387//387 450//450 385//385
f 385//385 450//450 448//448
f 386//386 449//449 389//389
f 389//389 449//449 451//451
f 390//390 452//452 387//387
f 387//387 452//452 450//450
f 451//451 453//453 389//389
f 389//389 453//453 391//391
f 393//393 454//454 390//390
f 390//390 454//454 452//452
f 391//391 453//453 455//455
f 455//455 453//453 456//456
f 455//455 394//394 391//391
f 397//397 457//457 393//393
f 393//393 457//457 454//454
f 456//456 458//458 455//455
f 459//459 455//455 458//458
f 459//459 394//394 455//455
f 459//459 398//398 394//394
f 403//403 460//460 396//396
f 396//396 460//460 397//397
f 397//397 460//460 461//461
f 397//397 461//461 457//457
f 458//458 462//462 459//459
f 459//459 462//462 398//398
f 398//398 462//462 463//463
f 398//398 463//463 399//399
f 399//399 463//463 464//464
f 399//399 464//464 400//400
f 400//400 464//464 465//465
f 400//400 465//465 401//401
f 401//401 465//465 466//466
f 401//401 466//466 402//402
f 402//402 466//466 467//467
f 402//402 467//467 403//403
f 403//403 467//467 468//468
f 403//403 468//468 460//460
f 470//470 469//469 405//405
f 405//405 469//469 404//404
f 471//471 405//405 406//406
f 471//471 470//470 405//405
f 472//472 406//406 407//407
f 472//472 471//471 406//406
f 473//473 407//407 408//408
f 473//473 472//472 407//407
f 474//474 408//408 409//409
f 474//474 473//473 408//408
f 475//475 409//409 410//410
f 475//475 474//474 409//409
f 410//410 411//411 475//475
f 475//475 411//411 476//476
f 469//469 477//477 404//404
f 404//404 477//477 412//412
f 478//478 411//411 413//413
f 478//478 476//476 411//411
f 413//413 414//414 478//478
f 478//478 414//414 479//479
f 477//477 480//480 412//412
f 412//412 480//480 415//415
f 414//414 416//416 479//479
f 479//479 416//416 481//481
f 480//480 417//417 415//415
f 482//482 417//417 480//480
f 416//416 418//418 481//481
f 481//481 418//418 483//483
f 482//482 484//484 417//417
f 417//417 484//484 419//419
f 418//418 420//420 483//483
f 420//420 485//485 483//483
f 484//484 421//421 419//419
f 486//486 421//421 484//484
f 422//422 485//485 420//420
f 422//422 487//487 485//485
f 486//486 423//423 421//421
f 488//488 423//423 486//486
f 424//424 487//487 422//422
f 424//424 489//489 487//487
f 488//488 425//425 423//423
f 490//490 425//425 488//488
f 424//424 426//426 489//489
f 489//489 426//426 491//491
f 490//490 427//427 425//425
f 492//492 427//427 490//490
f 428//428 491//491 426//426
f 428//428 493//493 491//491
f 492//492 494//494 429//429
f 427//427 492//492 429//429
f 430//430 493//493 428//428
f 430//430 495//495 493//493
f 429//429 494//494 431//431
f 431//431 494//494 496//496
f 430//430 432//432 495//495
f 432//432 497//497 495//495
f 496//496 433//433 431//431
f 496//496 498//498 433//433
f 497//497 432//432 499//499
f 499//499 432//432 434//434
f 498//498 435//435 433//433
f 500//500 435//435 498//498
f 499//499 434//434 501//501
f 501//501 434//434 436//436
f 500//500 502//502 437//437
f 435//435 500//500 437//437
f 501//501 436//436 503//503
f 503//503 436//436 438//438
f 437//437 502//502 439//439
f 439//439 502//502 504//504
f 503//503 438//438 505//505
f 505//505 438//438 440//440
f 439//439 504//504 441//441
f 441//441 504//504 506//506
f 505//505 440//440 507//507
f 507//507 440//440 442//442
f 441//441 506//506 443//443
f 443//443 506//506 508//508
f 507//507 442//442 509//509
f 509//509 442//442 444//444
f 443//443 508//508 445//445
f 445//445 508//508 510//510
f 446//446 511//511 444//444
f 444//444 511//511 509//509
f 445//445 510//510 447//447
f 447//447 510//510 512//512
f 511//511 446//446 513//513
f 513//513 446//446 448//448
f 447//447 512//512 449//449
f 449//449 512//512 514//514
f 450//450 515//515 448//448
f 448//448 515//515 513//513
f 449//449 514//514 451//451
f 451//451 514//514 516//516
f 452//452 517//517 450//450
f 450//450 517//517 515//515
f 516//516 518//518 451//451
f 451//451 518//518 453//453
f 454//454 519//519 452//452
f 452//452 519//519 517//517
f 453//453 518//518 456//456
f 456//456 518//518 520//520
f 457//457 521//521 454//454
f 454//454 521//521 519//519
f 520//520 522//522 456//456
f 456//456 522//522 458//458
f 461//461 523//523 457//457
f 457//457 523//523 521//521
f 522//522 524//524 458//458
f 458//458 524//524 462//462
f 468//468 525//525 460//460
f 460//460 525//525 461//461
f 461//461 525//525 526//526
f 461//461 526//526 523//523
f 524//524 527//527 462//462
f 462//462 527//527 463//463
f 463//463 527//527 528//528
f 463//463 528//528 464//464
f 464//464 528//528 529//529
f 530//530 464//464 529//529
f 530//530 465//465 464//464
f 466//466 530//530 531//531
f 466//466 465//465 530//530
f 466//466 531//531 467//467
f 467//467 531//531 532//532
f 467//467 532//532 468//468
f 468//468 532//532 533//533
f 468//468 533//533 525//525
f 529//529 534//534 530//530
f 530//530 534//534 531//531
f 536//536 535//535 470//470
f 470//470 535//535 469//469
f 537//537 470//470 471//471
f 537//537 536//536 470//470
f 538//538 471//471 472//472
f 538//538 537//537 471//471
f 539//539 472//472 473//473
f 539//539 538//538 472//472
f 540//540 473//473 474//474
f 540//540 539//539 473//473
f 541//541 474//474 475//475
f 541//541 540//540 474//474
f 475//475 476//476 541//541
f 541//541 476//476 542//542
f 535//535 543//543 469//469
f 469//469 543//543 477//477
f 544//544 476//476 478//478
f 544//544 542//542 476//476
f 478//478 479//479 544//544
f 544//544 479//479 545//545
f 543//543 546//546 477//477
f 477//477 546//546 480//480
f 479//479 481//481 545//545
f 545//545 481//481 547//547
f 546//546 548//548 482//482
f 480//480 546//546 482//482
f 481//481 483//483 547//547
f 547//547 483//483 549//549
f 548//548 484//484 482//482
f 548//548 550//550 484//484
f 483//483 485//485 549//549
f 549//549 485//485 551//551
f 550//550 486//486 484//484
f 552//552 486//486 550//550
f 487//487 551//551 485//485
f 487//487 553//553 551//551
f 552//552 488//488 486//486
f 554//554 488//488 552//552
f 487//487 489//489 553//553
f 489//489 555//555 553//553
f 554//554 556//556 490//490
f 488//488 554//554 490//490
f 491//491 555//555 489//489
f 491//491 557//557 555//555
f 490//490 556//556 492//492
f 492//492 556//556 558//558
f 493//493 557//557 491//491
f 493//493 559//559 557//557
f 558//558 494//494 492//492
f 558//558 560//560 494//494
f 493//493 495//495 559//559
f 495//495 561//561 559//559
f 560//560 496//496 494//494
f 562//562 496//496 560//560
f 497//497 561//561 495//495
f 497//497 563//563 561//561
f 562//562 564//564 498//498
f 496//496 562//562 498//498
f 499//499 563//563 497//497
f 499//499 565//565 563//563
f 498//498 564//564 500//500
f 500//500 564//564 566//566
f 501//501 565//565 499//499
f 501//501 567//567 565//565
f 566//566 502//502 500//500
f 566//566 568//568 502//502
f 503//503 567//567 501//501
f 503//503 569//569 567//567
f 568//568 504//504 502//502
f 570//570 504//504 568//568
f 505//505 569//569 503//503
f 505//505 571//571 569//569
f 570//570 506//506 504//504
f 572//572 506//506 570//570
f 507//507 571//571 505//505
f 507//507 573//573 571//571
f 572//572 574//574 508//508
f 506//506 572//572 508//508
f 509//509 573//573 507//507
f 509//509 575//575 573//573
f 508//508 574//574 510//510
f 510//510 574//574 576//576
f 577//577 509//509 511//511
f 577//577 575//575 509//509
f 510//510 576//576 512//512
f 512//512 576//576 578//578
f 513//513 579//579 511//511
f 511//511 579//579 577//577
f 512//512 578//578 514//514
f 514//514 578//578 580//580
f 581//581 513//513 515//515
f 581//581 579//579 513//513
f 514//514 580//580 516//516
f 516//516 580//580 582//582
f 517//517 583//583 515//515
f 515//515 583//583 581//581
f 582//582 584//584 516//516
f 516//516 584//584 518//518
f 519//519 585//585 517//517
f 517//517 585//585 583//583
f 518//518 584//584 520//520
f 520//520 584//584 586//586
f 521//521 587//587 519//519
f 519//519 587//587 585//585
f 586//586 588//588 520//520
f 520//520 588//588 522//522
f 523//523 589//589 521//521
f 521//521 589//589 587//587
f 522//522 588//588 590//590
f 590//590 588//588 591//591
f 590//590 524//524 522//522
f 526//526 592//592 523//523
f 523//523 592//592 589//589
f 591//591 593//593 590//590
f 590//590 593//593 524//524
f 524//524 593//593 594//594
f 524//524 594//594 527//527
f 533//533 595//595 525//525
f 525//525 595//595 526//526
f 526//526 595//595 596//596
f 526//526 596//596 592//592
f 594//594 597//597 527//527
f 527//527 597//597 528//528
f 528//528 597//597 598//598
f 528//528 598//598 529//529
f 529//529 598//598 599//599
f 529//529 599//599 534//534
f 534//534 600//600 531//531
f 531//531 600//600 532//532
f 532//532 600//600 601//601
f 532//532 601//601 533//533
f 533//533 601//601 602//602
f 533//533 602//602 595//595
f 599//599 603//603 534//534
f 534//534 603//603 600//600
f 604//604 535//535 536//536
f 536//536 605//605 604//604
f 536//536 537//537 605//605
f 606//606 537//537 538//538
f 606//606 605//605 537//537
f 607//607 538//538 539//539
f 607//607 606//606 538//538
f 608//608 539//539 540//540
f 608//608 607//607 539//539
f 609//609 540//540 541//541
f 609//609 608//608 540//540
f 541//541 542//542 609//609
f 609//609 542//542 610//610
f 612//612 611//611 535//535
f 535//535 611//611 543//543
f 612//612 535//535 604//604
f 613//613 542//542 544//544
f 613//613 610//610 542//542
f 544//544 545//545 613//613
f 613//613 545//545 614//614
f 611//611 615//615 543//543
f 543//543 615//615 546//546
f 545//545 547//547 614//614
f 614//614 547//547 616//616
f 615//615 617//617 546//546
f 546//546 617//617 548//548
f 547//547 549//549 616//616
f 616//616 549//549 618//618
f 617//617 550//550 548//548
f 619//619 550//550 617//617
f 549//549 551//551 618//618
f 618//618 551//551 620//620
f 619//619 552//552 550//550
f 621//621 552//552 619//619
f 553//553 620//620 551//551
f 553//553 622//622 620//620
f 621//621 623//623 554//554
f 552//552 621//621 554//554
f 553//553 555//555 622//622
f 622//622 555//555 624//624
f 623//623 556//556 554//554
f 623//623 625//625 556//556
f 557//557 624//624 555//555
f 557//557 626//626 624//624
f 625//625 558//558 556//556
f 627//627 558//558 625//625
f 559//559 626//626 557//557
f 559//559 628//628 626//626
f 627//627 560//560 558//558
f 629//629 560//560 627//627
f 559//559 561//561 628//628
f 628//628 561//561 630//630
f 629//629 631//631 562//562
f 560//560 629//629 562//562
f 563//563 630//630 561//561
f 563//563 632//632 630//630
f 631//631 564//564 562//562
f 631//631 633//633 564//564
f 565//565 632//632 563//563
f 565//565 634//634 632//632
f 633//633 566//566 564//564
f 635//635 566//566 633//633
f 567//567 634//634 565//565
f 567//567 636//636 634//634
f 635//635 568//568 566//566
f 637//637 568//568 635//635
f 569//569 636//636 567//567
f 569//569 638//638 636//636
f 637//637 639//639 570//570
f 568//568 637//637 570//570
f 569//569 571//571 638//638
f 571//571 640//640 638//638
f 570//570 639//639 572//572
f 572//572 639//639 641//641
f 640//640 571//571 642//642
f 642//642 571//571 573//573
f 641//641 574//574 572//572
f 641//641 643//643 574//574
f 575//575 644//644 573//573
f 573//573 644//644 642//642
f 643//643 576//576 574//574
f 645//645 576//576 643//643
f 577//577 644//644 575//575
f 577//577 646//646 644//644
f 645//645 578//578 576//576
f 647//647 578//578 645//645
f 648//648 577//577 579//579
f 648//648 646//646 577//577
f 647//647 580//580 578//578
f 649//649 580//580 647//647
f 648//648 579//579 650//650
f 650//650 579//579 581//581
f 649//649 582//582 580//580
f 651//651 582//582 649//649
f 583//583 652//652 581//581
f 581//581 652//652 650//650
f 582//582 653//653 584//584
f 582//582 651//651 653//653
f 585//585 654//654 583//583
f 583//583 654//654 652//652
f 584//584 653//653 586//586
f 586//586 653//653 655//655
f 587//587 656//656 585//585
f 585//585 656//656 654//654
f 655//655 657//657 586//586
f 586//586 657//657 588//588
f 589//589 658//658 587//587
f 587//587 658//658 656//656
f 588//588 657//657 591//591
f 591//591 657//657 659//659
f 592//592 660//660 589//589
f 589//589 660//660 658//658
f 659//659 661//661 591//591
f 591//591 661//661 593//593
f 596//596 595//595 662//662
f 596//596 663//663 592//592
f 596//596 662//662 663//663
f 592//592 663//663 660//660
f 661//661 664//664 593//593
f 593//593 664//664 594//594
f 594//594 664//664 665//665
f 594//594 665//665 597//597
f 602//602 666//666 595//595
f 595//595 666//666 662//662
f 665//665 667//667 597//597
f 597//597 667//667 598//598
f 598//598 667//667 668//668
f 598//598 668//668 599//599
f 599//599 668//668 669//669
f 599//599 669//669 603//603
f 603//603 670//670 600//600
f 600//600 670//670 601//601
f 601//601 670//670 671//671
f 601//601 671//671 602//602
f 602//602 671//671 672//672
f 602//602 672//672 666//666
f 669//669 673//673 603//603
f 603//603 673//673 670//670
f 675//675 674//674 605//605
f 605//605 674//674 604//604
f 676//676 605//605 606//606
f 676//676 675//675 605//605
f 677//677 606//606 607//607
f 677//677 676//676 606//606
f 678//678 607//607 608//608
f 678//678 677//677 607//607
f 678//678 609//609 679//679
f 678//678 608//608 609//609
f 610//610 679//679 609//609
f 681//681 680//680 612//612
f 612//612 680//680 611//611
f 674//674 612//612 604//604
f 674//674 681//681 612//612
f 682//682 679//679 610//610
f 683//683 610//610 613//613
f 683//683 682//682 610//610
f 613//613 614//614 683//683
f 683//683 614//614 684//684
f 680//680 685//685 611//611
f 611//611 685//685 615//615
f 614//614 616//616 684//684
f 684//684 616//616 686//686
f 685//685 687//687 615//615
f 615//615 687//687 617//617
f 616//616 618//618 686//686
f 686//686 618//618 688//688
f 687//687 619//619 617//617
f 689//689 619//619 687//687
f 618//618 620//620 688//688
f 688//688 620//620 690//690
f 689//689 621//621 619//619
f 691//691 621//621 689//689
f 622//622 690//690 620//620
f 622//622 692//692 690//690
f 691//691 693//693 621//621
f 621//621 693//693 623//623
f 622//622 624//624 692//692
f 692//692 624//624 694//694
f 693//693 625//625 623//623
f 695//695 625//625 693//693
f 626//626 694//694 624//624
f 626//626 696//696 694//694
f 695//695 627//627 625//625
f 697//697 627//627 695//695
f 628//628 696//696 626//626
f 628//628 698//698 696//696
f 697//697 699//699 629//629
f 627//627 697//697 629//629
f 628//628 630//630 698//698
f 698//698 630//630 700//700
f 699//699 631//631 629//629
f 699//699 701//701 631//631
f 632//632 700//700 630//630
f 632//632 702//702 700//700
f 701//701 633//633 631//631
f 703//703 633//633 701//701
f 634//634 702//702 632//632
f 634//634 704//704 702//702
f 703//703 635//635 633//633
f 705//705 635//635 703//703
f 636//636 704//704 634//634
f 636//636 706//706 704//704
f 705//705 707//707 637//637
f 635//635 705//705 637//637
f 636//636 638//638 706//706
f 638//638 708//708 706//706
f 707//707 639//639 637//637
f 707//707 709//709 639//639
f 640//640 708//708 638//638
f 640//640 710//710 708//708
f 709//709 641//641 639//639
f 711//711 641//641 709//709
f 642//642 710//710 640//640
f 642//642 712//712 710//710
f 711//711 643//643 641//641
f 713//713 643//643 711//711
f 714//714 642//642 644//644
f 714//714 712//712 642//642
f 713//713 715//715 645//645
f 643//643 713//713 645//645
f 714//714 644//644 716//716
f 716//716 644//644 646//646
f 645//645 715//715 647//647
f 647//647 715//715 717//717
f 648//648 718//718 646//646
f 646//646 718//718 716//716
f 647//647 717//717 649//649
f 649//649 717//717 719//719
f 650//650 718//718 648//648
f 650//650 720//720 718//718
f 649//649 719//719 651//651
f 651//651 719//719 721//721
f 722//722 650//650 652//652
f 722//722 720//720 650//650
f 651//651 721//721 653//653
f 653//653 721//721 723//723
f 654//654 724//724 652//652
f 652//652 724//724 722//722
f 653//653 723//723 655//655
f 655//655 723//723 725//725
f 656//656 726//726 654//654
f 654//654 726//726 724//724
f 725//725 727//727 655//655
f 655//655 727//727 657//657
f 658//658 728//728 656//656
f 656//656 728//728 726//726
f 657//657 727//727 659//659
f 659//659 727//727 729//729
f 660//660 730//730 658//658
f 658//658 730//730 728//728
f 729//729 731//731 659//659
f 659//659 731//731 661//661
f 663//663 732//732 660//660
f 660//660 732//732 730//730
f 731//731 733//733 661//661
f 661//661 733//733 664//664
f 666//666 734//734 662//662
f 662//662 734//734 663//663
f 663//663 734//734 735//735
f 663//663 735//735 732//732
f 733//733 736//736 664//664
f 664//664 736//736 665//665
f 665//665 736//736 737//737
f 665//665 737//737 667//667
f 672//672 671//671 738//738
f 672//672 739//739 666//666
f 672//672 738//738 739//739
f 666//666 739//739 734//734
f 737//737 740//740 667//667
f 667//667 740//740 668//668
f 668//668 740//740 741//741
f 668//668 741//741 669//669
f 669//669 741//741 742//742
f 742//742 673//673 669//669
f 742//742 743//743 673//673
f 673//673 744//744 670//670
f 673//673 743//743 744//744
f 670//670 744//744 671//671
f 671//671 744//744 745//745
f 671//671 745//745 738//738
f 746//746 674//674 675//675
f 675//675 747//747 746//746
f 675//675 676//676 747//747
f 748//748 676//676 677//677
f 748//748 747//747 676//676
f 749//749 677//677 678//678
f 749//749 748//748 677//677
f 678//678 679//679 749//749
f 749//749 679//679 750//750
f 751//751 680//680 681//681
f 681//681 752//752 751//751
f 681//681 674//674 752//752
f 752//752 674//674 746//746
f 753//753 679//679 682//682
f 753//753 750//750 679//679
f 754//754 682//682 683//683
f 754//754 753//753 682//682
f 683//683 684//684 754//754
f 754//754 684//684 755//755
f 756//756 685//685 680//680
f 751//751 756//756 680//680
f 684//684 686//686 755//755
f 755//755 686//686 757//757
f 758//758 687//687 685//685
f 756//756 758//758 685//685
f 686//686 688//688 757//757
f 757//757 688//688 759//759
f 760//760 687//687 758//758
f 760//760 689//689 687//687
f 688//688 690//690 759//759
f 759//759 690//690 761//761
f 760//760 691//691 689//689
f 762//762 691//691 760//760
f 692//692 761//761 690//690
f 692//692 763//763 761//761
f 762//762 764//764 691//691
f 691//691 764//764 693//693
f 692//692 694//694 763//763
f 763//763 694//694 765//765
f 764//764 695//695 693//693
f 766//766 695//695 764//764
f 696//696 765//765 694//694
f 696//696 767//767 765//765
f 766//766 697//697 695//695
f 768//768 697//697 766//766
f 698//698 767//767 696//696
f 698//698 769//769 767//767
f 768//768 770//770 697//697
f 697//697 770//770 699//699
f 698//698 700//700 769//769
f 769//769 700//700 771//771
f 770//770 701//701 699//699
f 772//772 701//701 770//770
f 702//702 771//771 700//700
f 702//702 773//773 771//771
f 772//772 703//703 701//701
f 774//774 703//703 772//772
f 704//704 773//773 702//702
f 704//704 775//775 773//773
f 774//774 776//776 705//705
f 703//703 774//774 705//705
f 704//704 706//706 775//775
f 706//706 777//777 775//775
f 776//776 707//707 705//705
f 776//776 778//778 707//707
f 708//708 777//777 706//706
f 708//708 779//779 777//777
f 778//778 709//709 707//707
f 780//780 709//709 778//778
f 710//710 779//779 708//708
f 710//710 781//781 779//779
f 780//780 711//711 709//709
f 782//782 711//711 780//780
f 712//712 781//781 710//710
f 712//712 783//783 781//781
f 782//782 784//784 713//713
f 711//711 782//782 713//713
f 714//714 783//783 712//712
f 714//714 785//785 783//783
f 784//784 715//715 713//713
f 784//784 786//786 715//715
f 716//716 785//785 714//714
f 716//716 787//787 785//785
f 786//786 717//717 715//715
f 788//788 717//717 786//786
f 789//789 716//716 718//718
f 789//789 787//787 716//716
f 788//788 719//719 717//717
f 790//790 719//719 788//788
f 720//720 791//791 718//718
f 718//718 791//791 789//789
f 790//790 721//721 719//719
f 792//792 721//721 790//790
f 722//722 791//791 720//720
f 722//722 793//793 791//791
f 792//792 723//723 721//721
f 794//794 723//723 792//792
f 795//795 722//722 724//724
f 795//795 793//793 722//722
f 794//794 725//725 723//723
f 796//796 725//725 794//794
f 726//726 797//797 724//724
f 724//724 797//797 795//795
f 725//725 798//798 727//727
f 725//725 796//796 798//798
f 728//728 799//799 726//726
f 726//726 799//799 797//797
f 798//798 800//800 727//727
f 729//729 727//727 800//800
f 730//730 801//801 728//728
f 728//728 801//801 799//799
f 729//729 802//802 731//731
f 729//729 800//800 802//802
f 732//732 803//803 730//730
f 730//730 803//803 801//801
f 802//802 804//804 731//731
f 731//731 804//804 733//733
f 735//735 734//734 805//805
f 735//735 806//806 732//732
f 735//735 805//805 806//806
f 732//732 806//806 803//803
f 804//804 807//807 733//733
f 733//733 807//807 736//736
f 739//739 808//808 734//734
f 734//734 808//808 805//805
f 807//807 809//809 736//736
f 736//736 809//809 737//737
f 737//737 809//809 810//810
f 737//737 810//810 740//740
f 745//745 811//811 738//738
f 738//738 811//811 739//739
f 739//739 811//811 812//812
f 739//739 812//812 808//808
f 810//810 813//813 740//740
f 740//740 813//813 741//741
f 741//741 813//813 814//814
f 741//741 814//814 742//742
f 742//742 814//814 815//815
f 742//742 815//815 743//743
f 743//743 815//815 816//816
f 743//743 816//816 744//744
f 744//744 816//816 817//817
f 744//744 817//817 745//745
f 745//745 817//817 818//818
f 745//745 818//818 811//811
f 819//819 746//746 747//747
f 748//748 820//820 747//747
f 747//747 820//820 819//819
f 749//749 821//821 748//748
f 748//748 821//821 820//820
f 750//750 821//821 749//749
f 823//823 822//822 752//752
f 752//752 822//822 751//751
f 824//824 752//752 746//746
f 824//824 823//823 752//752
f 824//824 746//746 819//819
f 825//825 821//821 750//750
f 826//826 750//750 753//753
f 826//826 825//825 750//750
f 827//827 753//753 754//754
f 827//827 826//826 753//753
f 754//754 755//755 827//827
f 827//827 755//755 828//828
f 822//822 829//829 751//751
f 751//751 829//829 756//756
f 755//755 757//757 828//828
f 828//828 757//757 830//830
f 829//829 831//831 756//756
f 756//756 831//831 758//758
f 757//757 759//759 830//830
f 830//830 759//759 832//832
f 831//831 833//833 758//758
f 758//758 833//833 760//760
f 759//759 761//761 832//832
f 832//832 761//761 834//834
f 833//833 762//762 760//760
f 835//835 762//762 833//833
f 763//763 834//834 761//761
f 763//763 836//836 834//834
f 835//835 837//837 762//762
f 762//762 837//837 764//764
f 763//763 765//765 836//836
f 836//836 765//765 838//838
f 837//837 766//766 764//764
f 839//839 766//766 837//837
f 767//767 838//838 765//765
f 767//767 840//840 838//838
f 839//839 841//841 768//768
f 766//766 839//839 768//768
f 769//769 840//840 767//767
f 769//769 842//842 840//840
f 841//841 770//770 768//768
f 841//841 843//843 770//770
f 769//769 771//771 842//842
f 842//842 771//771 844//844
f 843//843 772//772 770//770
f 845//845 772//772 843//843
f 773//773 844//844 771//771
f 773//773 846//846 844//844
f 845//845 847//847 774//774
f 772//772 845//845 774//774
f 775//775 846//846 773//773
f 775//775 848//848 846//846
f 847//847 776//776 774//774
f 847//847 849//849 776//776
f 775//775 777//777 848//848
f 848//848 777//777 850//850
f 849//849 778//778 776//776
f 851//851 778//778 849//849
f 779//779 850//850 777//777
f 779//779 852//852 850//850
f 851//851 780//780 778//778
f 853//853 780//780 851//851
f 781//781 852//852 779//779
f 781//781 854//854 852//852
f 853//853 855//855 782//782
f 780//780 853//853 782//782
f 783//783 854//854 781//781
f 783//783 856//856 854//854
f 855//855 784//784 782//782
f 855//855 857//857 784//784
f 785//785 856//856 783//783
f 785//785 858//858 856//856
f 857//857 786//786 784//784
f 859//859 786//786 857//857
f 787//787 858//858 785//785
f 787//787 860//860 858//858
f 859//859 788//788 786//786
f 861//861 788//788 859//859
f 789//789 860//860 787//787
f 789//789 862//862 860//860
f 861//861 790//790 788//788
f 863//863 790//790 861//861
f 864//864 789//789 791//791
f 864//864 862//862 789//789
f 863//863 865//865 792//792
f 790//790 863//863 792//792
f 793//793 866//866 791//791
f 791//791 866//866 864//864
f 792//792 865//865 794//794
f 794//794 865//865 867//867
f 795//795 866//866 793//793
f 795//795 868//868 866//866
f 867//867 869//869 794//794
f 796//796 794//794 869//869
f 795//795 797//797 868//868
f 868//868 797//797 870//870
f 869//869 798//798 796//796
f 871//871 798//798 869//869
f 797//797 799//799 870//870
f 870//870 799//799 872//872
f 798//798 873//873 800//800
f 798//798 871//871 873//873
f 799//799 801//801 872//872
f 872//872 801//801 874//874
f 873//873 875//875 800//800
f 802//802 800//800 875//875
f 801//801 803//803 874//874
f 874//874 803//803 876//876
f 875//875 877//877 802//802
f 802//802 877//877 804//804
f 806//806 805//805 878//878
f 803//803 806//806 876//876
f 876//876 806//806 878//878
f 877//877 879//879 804//804
f 804//804 879//879 807//807
f 808//808 880//880 805//805
f 805//805 880//880 878//878
f 879//879 881//881 807//807
f 807//807 881//881 809//809
f 809//809 881//881 810//810
f 812//812 882//882 808//808
f 808//808 882//882 880//880
f 881//881 883//883 810//810
f 810//810 883//883 813//813
f 818//818 884//884 811//811
f 811//811 884//884 812//812
f 812//812 884//884 885//885
f 812//812 885//885 882//882
f 883//883 886//886 813//813
f 813//813 886//886 814//814
f 814//814 886//886 887//887
f 814//814 887//887 815//815
f 815//815 887//887 888//888
f 815//815 888//888 816//816
f 816//816 888//888 889//889
f 816//816 889//889 817//817
f 817//817 889//889 890//890
f 817//817 890//890 818//818
f 818//818 890//890 891//891
f 818//818 891//891 884//884
f 893//893 892//892 823//823
f 823//823 892//892 822//822
f 894//894 823//823 824//824
f 894//894 893//893 823//823
f 895//895 824//824 819//819
f 895//895 894//894 824//824
f 896//896 819//819 820//820
f 896//896 895//895 819//819
f 897//897 820//820 821//821
f 897//897 896//896 820//820
f 898//898 821//821 825//825
f 898//898 897//897 821//821
f 899//899 825//825 826//826
f 899//899 898//898 825//825
f 899//899 827//827 900//900
f 899//899 826//826 827//827
f 828//828 900//900 827//827
f 892//892 901//901 822//822
f 822//822 901//901 829//829
f 902//902 900//900 828//828
f 828//828 830//830 902//902
f 902//902 830//830 903//903
f 901//901 904//904 829//829
f 829//829 904//904 831//831
f 830//830 832//832 903//903
f 903//903 832//832 905//905
f 904//904 906//906 831//831
f 831//831 906//906 833//833
f 832//832 834//834 905//905
f 905//905 834//834 907//907
f 906//906 835//835 833//833
f 908//908 835//835 906//906
f 836//836 907//907 834//834
f 836//836 909//909 907//907
f 908//908 910//910 835//835
f 835//835 910//910 837//837
f 836//836 838//838 909//909
f 909//909 838//838 911//911
f 910//910 839//839 837//837
f 912//912 839//839 910//910
f 840//840 911//911 838//838
f 840//840 913//913 911//911
f 912//912 914//914 839//839
f 839//839 914//914 841//841
f 842//842 913//913 840//840
f 842//842 915//915 913//913
f 914//914 843//843 841//841
f 916//916 843//843 914//914
f 842//842 844//844 915//915
f 915//915 844//844 917//917
f 916//916 845//845 843//843
f 918//918 845//845 916//916
f 846//846 917//917 844//844
f 846//846 919//919 917//917
f 918//918 920//920 845//845
f 845//845 920//920 847//847
f 848//848 919//919 846//846
f 848//848 921//921 919//919
f 920//920 849//849 847//847
f 922//922 849//849 920//920
f 848//848 850//850 921//921
f 921//921 850//850 923//923
f 922//922 851//851 849//849
f 924//924 851//851 922//922
f 852//852 923//923 850//850
f 852//852 925//925 923//923
f 924//924 926//926 853//853
f 851//851 924//924 853//853
f 854//854 925//925 852//852
f 854//854 927//927 925//925
f 926//926 855//855 853//853
f 926//926 928//928 855//855
f 856//856 927//927 854//854
f 856//856 929//929 927//927
f 928//928 857//857 855//855
f 930//930 857//857 928//928
f 858//858 929//929 856//856
f 858//858 931//931 929//929
f 930//930 859//859 857//857
f 932//932 859//859 930//930
f 860//860 931//931 858//858
f 860//860 933//933 931//931
f 932//932 934//934 861//861
f 859//859 932//932 861//861
f 862//862 933//933 860//860
f 862//862 935//935 933//933
f 861//861 934//934 863//863
f 863//863 934//934 936//936
f 864//864 935//935 862//862
f 864//864 937//937 935//935
f 936//936 865//865 863//863
f 936//936 938//938 865//865
f 939//939 864//864 866//866
f 939//939 937//937 864//864
f 938//938 867//867 865//865
f 940//940 867//867 938//938
f 868//868 941//941 866//866
f 866//866 941//941 939//939
f 867//867 942//942 869//869
f 867//867 940//940 942//942
f 943//943 868//868 870//870
f 943//943 941//941 868//868
f 869//869 942//942 871//871
f 871//871 942//942 944//944
f 872//872 945//945 870//870
f 870//870 945//945 943//943
f 944//944 946//946 871//871
f 873//873 871//871 946//946
f 874//874 947//947 872//872
f 872//872 947//947 945//945
f 873//873 948//948 875//875
f 873//873 946//946 948//948
f 876//876 949//949 874//874
f 874//874 949//949 947//947
f 948//948 950//950 875//875
f 875//875 950//950 877//877
f 878//878 951//951 876//876
f 876//876 951//951 949//949
f 950//950 952//952 877//877
f 877//877 952//952 879//879
f 880//880 953//953 878//878
f 878//878 953//953 951//951
f 952//952 954//954 879//879
f 879//879 954//954 881//881
f 882//882 955//955 880//880
f 880//880 955//955 953//953
f 954//954 956//956 881//881
f 881//881 956//956 883//883
f 885//885 884//884 957//957
f 885//885 958//958 882//882
f 885//885 957//957 958//958
f 882//882 958//958 955//955
f 956//956 959//959 883//883
f 883//883 959//959 886//886
f 891//891 960//960 884//884
f 884//884 960//960 957//957
f 959//959 961//961 886//886
f 886//886 961//961 887//887
f 887//887 961//961 962//962
f 887//887 962//962 888//888
f 888//888 962//962 963//963
f 888//888 963//963 889//889
f 889//889 963//963 964//964
f 889//889 964//964 890//890
f 890//890 964//964 965//965
f 890//890 965//965 891//891
f 891//891 965//965 966//966
f 891//891 966//966 960//960
f 967//967 892//892 893//893
f 893//893 968//968 967//967
f 893//893 894//894 968//968
f 969//969 894//894 895//895
f 969//969 968//968 894//894
f 970//970 895//895 896//896
f 970//970 969//969 895//895
f 971//971 896//896 897//897
f 971//971 970//970 896//896
f 972//972 897//897 898//898
f 972//972 971//971 897//897
f 973//973 898//898 899//899
f 973//973 972//972 898//898
f 899//899 900//900 973//973
f 973//973 900//900 974//974
f 976//976 975//975 892//892
f 892//892 975//975 901//901
f 976//976 892//892 967//967
f 977//977 900//900 902//902
f 977//977 974//974 900//900
f 902//902 903//903 977//977
f 977//977 903//903 978//978
f 975//975 979//979 901//901
f 901//901 979//979 904//904
f 903//903 905//905 978//978
f 978//978 905//905 980//980
f 979//979 981//981 904//904
f 904//904 981//981 906//906
f 905//905 907//907 980//980
f 980//980 907//907 982//982
f 981//981 908//908 906//906
f 983//983 908//908 981//981
f 909//909 982//982 907//907
f 909//909 984//984 982//982
f 983//983 985//985 908//908
f 908//908 985//985 910//910
f 909//909 911//911 984//984
f 984//984 911//911 986//986
f 985//985 912//912 910//910
f 987//987 912//912 985//985
f 913//913 986//986 911//911
f 913//913 988//988 986//986
f 987//987 989//989 912//912
f 912//912 989//989 914//914
f 915//915 988//988 913//913
f 915//915 990//990 988//988
f 989//989 916//916 914//914
f 991//991 916//916 989//989
f 915//915 917//917 990//990
f 990//990 917//917 992//992
f 991//991 918//918 916//916
f 993//993 918//918 991//991
f 919//919 992//992 917//917
f 919//919 994//994 992//992
f 993//993 995//995 918//918
f 918//918 995//995 920//920
f 921//921 994//994 919//919
f 921//921 996//996 994//994
f 995//995 922//922 920//920
f 997//997 922//922 995//995
f 921//921 923//923 996//996
f 996//996 923//923 998//998
f 997//997 924//924 922//922
f 999//999 924//924 997//997
f 925//925 998//998 923//923
f 925//925 1000//1000 998//998
f 999//999 1001//1001 924//924
f 924//924 1001//1001 926//926
f 927//927 1000//1000 925//925
f 927//927 1002//1002 1000//1000
f 1001//1001 928//928 926//926
f 1003//1003 928//928 1001//1001
f 929//929 1002//1002 927//927
f 929//929 1004//1004 1002//1002
f 1003//1003 930//930 928//928
f 1005//1005 930//930 1003//1003
f 931//931 1004//1004 929//929
f 931//931 1006//1006 1004//1004
f 1005//1005 1007//1007 932//932
f 930//930 1005//1005 932//932
f 933//933 1006//1006 931//931
f 933//933 1008//1008 1006//1006
f 1007//1007 934//934 932//932
f 1007//1007 1009//1009 934//934
f 935//935 1008//1008 933//933
f 935//935 1010//1010 1008//1008
f 1009//1009 936//936 934//934
f 1011//1011 936//936 1009//1009
f 937//937 1010//1010 935//935
f 937//937 1012//1012 1010//1010
f 1011//1011 938//938 936//936
f 1013//1013 938//938 1011//1011
f 939//939 1012//1012 937//937
f 939//939 1014//1014 1012//1012
f 1013//1013 940//940 938//938
f 1015//1015 940//940 1013//1013
f 939//939 941//941 1014//1014
f 1014//1014 941//941 1016//1016
f 1015//1015 942//942 940//940
f 1017//1017 942//942 1015//1015
f 943//943 1016//1016 941//941
f 943//943 1018//1018 1016//1016
f 1017//1017 944//944 942//942
f 1019//1019 944//944 1017//1017
f 943//943 945//945 1018//1018
f 1018//1018 945//945 1020//1020
f 944//944 1021//1021 946//946
f 944//944 1019//1019 1021//1021
f 1022//1022 945//945 947//947
f 1022//1022 1020//1020 945//945
f 946//946 1021//1021 948//948
f 948//948 1021//1021 1023//1023
f 949//949 1024//1024 947//947
f 947//947 1024//1024 1022//1022
f 1023//1023 1025//1025 948//948
f 948//948 1025//1025 950//950
f 951//951 1026//1026 949//949
f 949//949 1026//1026 1024//1024
f 1025//1025 1027//1027 950//950
f 950//950 1027//1027 952//952
f 953//953 1028//1028 951//951
f 951//951 1028//1028 1026//1026
f 1027//1027 1029//1029 952//952
f 952//952 1029//1029 954//954
f 955//955 1030//1030 953//953
f 953//953 1030//1030 1028//1028
f 1029//1029 1031//1031 954//954
f 954//954 1031//1031 956//956
f 958//958 1032//1032 955//955
f 955//955 1032//1032 1030//1030
f 1031//1031 1033//1033 956//956
f 956//956 1033//1033 959//959
f 960//960 1034//1034 957//957
f 957//957 1034//1034 958//958
f 958//958 1034//1034 1035//1035
f 958//958 1035//1035 1032//1032
f 1033//1033 1036//1036 959//959
f 959//959 1036//1036 961//961
f 966//966 1037//1037 960//960
f 960//960 1037//1037 1034//1034
f 1036//1036 1038//1038 961//961
f 961//961 1038//1038 962//962
f 962//962 1038//1038 1039//1039
f 962//962 1039//1039 963//963
f 963//963 1039//1039 1040//1040
f 963//963 1040//1040 964//964
f 964//964 1040//1040 1041//1041
f 964//964 1041//1041 965//965
f 965//965 1041//1041 1042//1042
f 965//965 1042//1042 966//966
f 966//966 1042//1042 1043//1043
f 966//966 1043//1043 1037//1037
f 1045//1045 1044//1044 968//968
f 968//968 1044//1044 967//967
f 1046//1046 968//968 969//969
f 1046//1046 1045//1045 968//968
f 1047//1047 969//969 970//970
f 1047//1047 1046//1046 969//969
f 1048//1048 970//970 971//971
f 1048//1048 1047//1047 970//970
f 1049//1049 971//971 972//972
f 1049//1049 1048//1048 971//971
f 1049//1049 973//973 1050//1050
f 1049//1049 972//972 973//973
f 974//974 1050//1050 973//973
f 1051//1051 975//975 976//976
f 976//976 1044//1044 1051//1051
f 976//976 967//967 1044//1044
f 1052//1052 1050//1050 974//974
f 1052//1052 977//977 1053//1053
f 1052//1052 974//974 977//977
f 978//978 1053//1053 977//977
f 1054//1054 979//979 975//975
f 1051//1051 1054//1054 975//975
f 1055//1055 1053//1053 978//978
f 980//980 1055//1055 978//978
f 1056//1056 981//981 979//979
f 1054//1054 1056//1056 979//979
f 1057//1057 1055//1055 980//980
f 982//982 1057//1057 980//980
f 1058//1058 981//981 1056//1056
f 1058//1058 983//983 981//981
f 982//982 1059//1059 1057//1057
f 982//982 984//984 1059//1059
f 1058//1058 1060//1060 983//983
f 983//983 1060//1060 985//985
f 1059//1059 984//984 1061//1061
f 986//986 1061//1061 984//984
f 1060//1060 987//987 985//985
f 1062//1062 987//987 1060//1060
f 986//986 1063//1063 1061//1061
f 986//986 988//988 1063//1063
f 1062//1062 1064//1064 987//987
f 987//987 1064//1064 989//989
f 990//990 1063//1063 988//988
f 990//990 1065//1065 1063//1063
f 1064//1064 991//991 989//989
f 1066//1066 991//991 1064//1064
f 1065//1065 990//990 1067//1067
f 992//992 1067//1067 990//990
f 1066//1066 993//993 991//991
f 1068//1068 993//993 1066//1066
f 992//992 1069//1069 1067//1067
f 992//992 994//994 1069//1069
f 1068//1068 1070//1070 993//993
f 993//993 1070//1070 995//995
f 996//996 1069//1069 994//994
f 996//996 1071//1071 1069//1069
f 1070//1070 997//997 995//995
f 1072//1072 997//997 1070//1070
f 1071//1071 996//996 1073//1073
f 998//998 1073//1073 996//996
f 1072//1072 1074//1074 999//999
f 997//997 1072//1072 999//999
f 998//998 1075//1075 1073//1073
f 998//998 1000//1000 1075//1075
f 1074//1074 1001//1001 999//999
f 1074//1074 1076//1076 1001//1001
f 1002//1002 1075//1075 1000//1000
f 1002//1002 1077//1077 1075//1075
f 1076//1076 1003//1003 1001//1001
f 1078//1078 1003//1003 1076//1076
f 1004//1004 1077//1077 1002//1002
f 1004//1004 1079//1079 1077//1077
f 1078//1078 1080//1080 1005//1005
f 1003//1003 1078//1078 1005//1005
f 1006//1006 1079//1079 1004//1004
f 1006//1006 1081//1081 1079//1079
f 1080//1080 1007//1007 1005//1005
f 1080//1080 1082//1082 1007//1007
f 1008//1008 1081//1081 1006//1006
f 1008//1008 1083//1083 1081//1081
f 1082//1082 1009//1009 1007//1007
f 1084//1084 1009//1009 1082//1082
f 1010//1010 1083//1083 1008//1008
f 1010//1010 1085//1085 1083//1083
f 1084//1084 1011//1011 1009//1009
f 1086//1086 1011//1011 1084//1084
f 1012//1012 1085//1085 1010//1010
f 1012//1012 1087//1087 1085//1085
f 1086//1086 1088//1088 1013//1013
f 1011//1011 1086//1086 1013//1013
f 1014//1014 1087//1087 1012//1012
f 1014//1014 1089//1089 1087//1087
f 1013//1013 1088//1088 1015//1015
f 1015//1015 1088//1088 1090//1090
f 1091//1091 1014//1014 1016//1016
f 1091//1091 1089//1089 1014//1014
f 1015//1015 1090//1090 1017//1017
f 1017//1017 1090//1090 1092//1092
f 1018//1018 1093//1093 1016//1016
f 1016//1016 1093//1093 1091//1091
f 1017//1017 1092//1092 1019//1019
f 1019//1019 1092//1092 1094//1094
f 1095//1095 1018//1018 1020//1020
f 1095//1095 1093//1093 1018//1018
f 1094//1094 1096//1096 1019//1019
f 1021//1021 1019//1019 1096//1096
f 1022//1022 1097//1097 1020//1020
f 1020//1020 1097//1097 1095//1095
f 1096//1096 1023//1023 1021//1021
f 1098//1098 1023//1023 1096//1096
f 1022//1022 1024//1024 1097//1097
f 1097//1097 1024//1024 1099//1099
f 1023//1023 1100//1100 1025//1025
f 1023//1023 1098//1098 1100//1100
f 1024//1024 1026//1026 1099//1099
f 1099//1099 1026//1026 1101//1101
f 1100//1100 1102//1102 1025//1025
f 1025//1025 1102//1102 1027//1027
f 1103//1103 1026//1026 1028//1028
f 1103//1103 1101//1101 1026//1026
f 1102//1102 1104//1104 1027//1027
f 1027//1027 1104//1104 1029//1029
f 1030//1030 1105//1105 1028//1028
f 1028//1028 1105//1105 1103//1103
f 1104//1104 1106//1106 1029//1029
f 1029//1029 1106//1106 1031//1031
f 1032//1032 1108//1108 1030//1030
f 1032//1032 1107//1107 1108//1108
f 1030//1030 1108//1108 1105//1105
f 1106//1106 1109//1109 1031//1031
f 1031//1031 1109//1109 1033//1033
f 1035//1035 1034//1034 1110//1110
f 1032//1032 1035//1035 1107//1107
f 1107//1107 1035//1035 1110//1110
f 1109//1109 1111//1111 1033//1033
f 1033//1033 1111//1111 1036//1036
f 1037//1037 1112//1112 1034//1034
f 1034//1034 1112//1112 1110//1110
f 1111//1111 1113//1113 1036//1036
f 1036//1036 1113//1113 1038//1038
f 1043//1043 1114//1114 1037//1037
f 1037//1037 1114//1114 1112//1112
f 1113//1113 1115//1115 1038//1038
f 1038//1038 1115//1115 1039//1039
f 1039//1039 1115//1115 1116//1116
f 1039//1039 1116//1116 1040//1040
f 1040//1040 1116//1116 1117//1117
f 1040//1040 1117//1117 1041//1041
f 1041//1041 1117//1117 1118//1118
f 1041//1041 1118//1118 1042//1042
f 1042//1042 1118//1118 1119//1119
f 1042//1042 1119//1119 1043//1043
f 1043//1043 1119//1119 1120//1120
f 1043//1043 1120//1120 1114//1114
f 1121//1121 1044//1044 1045//1045
f 1045//1045 1122//1122 1121//1121
f 1045//1045 1046//1046 1122//1122
f 1123//1123 1046//1046 1047//1047
f 1123//1123 1122//1122 1046//1046
f 1124//1124 1047//1047 1048//1048
f 1124//1124 1123//1123 1047//1047
f 1125//1125 1048//1048 1049//1049
f 1125//1125 1124//1124 1048//1048
f 1049//1049 1050//1050 1125//1125
f 1125//1125 1050//1050 1126//1126
f 1128//1128 1127//1127 1044//1044
f 1044//1044 1127//1127 1051//1051
f 1128//1128 1044//1044 1121//1121
f 1129//1129 1050//1050 1052//1052
f 1129//1129 1126//1126 1050//1050
f 1052//1052 1053//1053 1129//1129
f 1129//1129 1053//1053 1130//1130
f 1127//1127 1131//1131 1051//1051
f 1051//1051 1131//1131 1054//1054
f 1053//1053 1055//1055 1130//1130
f 1130//1130 1055//1055 1132//1132
f 1131//1131 1133//1133 1054//1054
f 1054//1054 1133//1133 1056//1056
f 1055//1055 1057//1057 1132//1132
f 1132//1132 1057//1057 1134//1134
f 1133//1133 1135//1135 1056//1056
f 1056//1056 1135//1135 1058//1058
f 1057//1057 1059//1059 1134//1134
f 1134//1134 1059//1059 1136//1136
f 1135//1135 1137//1137 1058//1058
f 1058//1058 1137//1137 1060//1060
f 1061//1061 1136//1136 1059//1059
f 1061//1061 1138//1138 1136//1136
f 1137//1137 1062//1062 1060//1060
f 1139//1139 1062//1062 1137//1137
f 1061//1061 1063//1063 1138//1138
f 1138//1138 1063//1063 1140//1140
f 1139//1139 1141//1141 1062//1062
f 1062//1062 1141//1141 1064//1064
f 1065//1065 1140//1140 1063//1063
f 1065//1065 1142//1142 1140//1140
f 1141//1141 1066//1066 1064//1064
f 1143//1143 1066//1066 1141//1141
f 1067//1067 1142//1142 1065//1065
f 1067//1067 1144//1144 1142//1142
f 1143//1143 1145//1145 1068//1068
f 1066//1066 1143//1143 1068//1068
f 1067//1067 1069//1069 1144//1144
f 1144//1144 1069//1069 1146//1146
f 1145//1145 1070//1070 1068//1068
f 1145//1145 1147//1147 1070//1070
f 1071//1071 1146//1146 1069//1069
f 1071//1071 1148//1148 1146//1146
f 1147//1147 1072//1072 1070//1070
f 1149//1149 1072//1072 1147//1147
f 1073//1073 1148//1148 1071//1071
f 1073//1073 1150//1150 1148//1148
f 1149//1149 1151//1151 1072//1072
f 1072//1072 1151//1151 1074//1074
f 1073//1073 1075//1075 1150//1150
f 1150//1150 1075//1075 1152//1152
f 1151//1151 1076//1076 1074//1074
f 1153//1153 1076//1076 1151//1151
f 1077//1077 1152//1152 1075//1075
f 1077//1077 1154//1154 1152//1152
f 1153//1153 1078//1078 1076//1076
f 1155//1155 1078//1078 1153//1153
f 1079//1079 1154//1154 1077//1077
f 1079//1079 1156//1156 1154//1154
f 1155//1155 1157//1157 1078//1078
f 1078//1078 1157//1157 1080//1080
f 1081//1081 1156//1156 1079//1079
f 1081//1081 1158//1158 1156//1156
f 1157//1157 1082//1082 1080//1080
f 1159//1159 1082//1082 1157//1157
f 1083//1083 1158//1158 1081//1081
f 1083//1083 1160//1160 1158//1158
f 1159//1159 1084//1084 1082//1082
f 1161//1161 1084//1084 1159//1159
f 1085//1085 1160//1160 1083//1083
f 1085//1085 1162//1162 1160//1160
f 1161//1161 1163//1163 1086//1086
f 1084//1084 1161//1161 1086//1086
f 1087//1087 1162//1162 1085//1085
f 1087//1087 1164//1164 1162//1162
f 1163//1163 1088//1088 1086//1086
f 1163//1163 1165//1165 1088//1088
f 1089//1089 1164//1164 1087//1087
f 1089//1089 1166//1166 1164//1164
f 1165//1165 1090//1090 1088//1088
f 1167//1167 1090//1090 1165//1165
f 1091//1091 1166//1166 1089//1089
f 1091//1091 1168//1168 1166//1166
f 1167//1167 1092//1092 1090//1090
f 1169//1169 1092//1092 1167//1167
f 1091//1091 1093//1093 1168//1168
f 1168//1168 1093//1093 1170//1170
f 1169//1169 1094//1094 1092//1092
f 1171//1171 1094//1094 1169//1169
f 1095//1095 1170//1170 1093//1093
f 1095//1095 1172//1172 1170//1170
f 1094//1094 1173//1173 1096//1096
f 1094//1094 1171//1171 1173//1173
f 1095//1095 1097//1097 1172//1172
f 1172//1172 1097//1097 1174//1174
f 1096//1096 1173//1173 1098//1098
f 1098//1098 1173//1173 1175//1175
f 1176//1176 1097//1097 1099//1099
f 1176//1176 1174//1174 1097//1097
f 1175//1175 1177//1177 1098//1098
f 1100//1100 1098//1098 1177//1177
f 1101//1101 1178//1178 1099//1099
f 1099//1099 1178//1178 1176//1176
f 1100//1100 1179//1179 1102//1102
f 1100//1100 1177//1177 1179//1179
f 1103//1103 1180//1180 1101//1101
f 1101//1101 1180//1180 1178//1178
f 1179//1179 1181//1181 1102//1102
f 1102//1102 1181//1181 1104//1104
f 1103//1103 1105//1105 1180//1180
f 1180//1180 1105//1105 1182//1182
f 1181//1181 1183//1183 1104//1104
f 1104//1104 1183//1183 1106//1106
f 1108//1108 1107//1107 1184//1184
f 1105//1105 1108//1108 1182//1182
f 1182//1182 1108//1108 1184//1184
f 1183//1183 1185//1185 1106//1106
f 1106//1106 1185//1185 1109//1109
f 1110//1110 1186//1186 1107//1107
f 1107//1107 1186//1186 1184//1184
f 1185//1185 1187//1187 1109//1109
f 1109//1109 1187//1187 1111//1111
f 1112//1112 1188//1188 1110//1110
f 1110//1110 1188//1188 1186//1186
f 1187//1187 1189//1189 1111//1111
f 1111//1111 1189//1189 1113//1113
f 1114//1114 1190//1190 1112//1112
f 1112//1112 1190//1190 1188//1188
f 1189//1189 1191//1191 1113//1113
f 1113//1113 1191//1191 1115//1115
f 1120//1120 1192//1192 1114//1114
f 1114//1114 1192//1192 1190//1190
f 1191//1191 1193//1193 1115//1115
f 1115//1115 1193//1193 1116//1116
f 1116//1116 1193//1193 1194//1194
f 1116//1116 1194//1194 1117//1117
f 1117//1117 1194//1194 1195//1195
f 1117//1117 1195//1195 1118//1118
f 1118//1118 1195//1195 1196//1196
f 1118//1118 1196//1196 1119//1119
f 1119//1119 1196//1196 1197//1197
f 1119//1119 1197//1197 1120//1120
f 1120//1120 1197//1197 1198//1198
f 1120//1120 1198//1198 1192//1192
f 1199//1199 1121//1121 1122//1122
f 1122//1122 1200//1200 1199//1199
f 1122//1122 1123//1123 1200//1200
f 1201//1201 1123//1123 1124//1124
f 1201//1201 1200//1200 1123//1123
f 1201//1201 1125//1125 1202//1202
f 1201//1201 1124//1124 1125//1125
f 1126//1126 1202//1202 1125//1125
f 1204//1204 1203//1203 1128//1128
f 1128//1128 1203//1203 1127//1127
f 1205//1205 1128//1128 1121//1121
f 1205//1205 1204//1204 1128//1128
f 1205//1205 1121//1121 1199//1199
f 1206//1206 1202//1202 1126//1126
f 1207//1207 1126//1126 1129//1129
f 1207//1207 1206//1206 1126//1126
f 1129//1129 1130//1130 1207//1207
f 1207//1207 1130//1130 1208//1208
f 1203//1203 1209//1209 1127//1127
f 1127//1127 1209//1209 1131//1131
f 1130//1130 1132//1132 1208//1208
f 1208//1208 1132//1132 1210//1210
f 1209//1209 1211//1211 1131//1131
f 1131//1131 1211//1211 1133//1133
f 1132//1132 1134//1134 1210//1210
f 1210//1210 1134//1134 1212//1212
f 1211//1211 1213//1213 1133//1133
f 1133//1133 1213//1213 1135//1135
f 1134//1134 1136//1136 1212//1212
f 1212//1212 1136//1136 1214//1214
f 1213//1213 1215//1215 1135//1135
f 1135//1135 1215//1215 1137//1137
f 1138//1138 1214//1214 1136//1136
f 1138//1138 1216//1216 1214//1214
f 1215//1215 1139//1139 1137//1137
f 1217//1217 1139//1139 1215//1215
f 1138//1138 1140//1140 1216//1216
f 1216//1216 1140//1140 1218//1218
f 1217//1217 1219//1219 1139//1139
f 1139//1139 1219//1219 1141//1141
f 1142//1142 1218//1218 1140//1140
f 1142//1142 1220//1220 1218//1218
f 1219//1219 1143//1143 1141//1141
f 1221//1221 1143//1143 1219//1219
f 1144//1144 1220//1220 1142//1142
f 1144//1144 1222//1222 1220//1220
f 1221//1221 1223//1223 1143//1143
f 1143//1143 1223//1223 1145//1145
f 1144//1144 1146//1146 1222//1222
f 1222//1222 1146//1146 1224//1224
f 1223//1223 1147//1147 1145//1145
f 1225//1225 1147//1147 1223//1223
f 1148//1148 1224//1224 1146//1146
f 1148//1148 1226//1226 1224//1224
f 1225//1225 1149//1149 1147//1147
f 1227//1227 1149//1149 1225//1225
f 1150//1150 1226//1226 1148//1148
f 1150//1150 1228//1228 1226//1226
f 1227//1227 1229//1229 1149//1149
f 1149//1149 1229//1229 1151//1151
f 1228//1228 1150//1150 1230//1230
f 1152//1152 1230//1230 1150//1150
f 1229//1229 1153//1153 1151//1151
f 1231//1231 1153//1153 1229//1229
f 1152//1152 1232//1232 1230//1230
f 1152//1152 1154//1154 1232//1232
f 1231//1231 1233//1233 1155//1155
f 1153//1153 1231//1231 1155//1155
f 1156//1156 1232//1232 1154//1154
f 1156//1156 1234//1234 1232//1232
f 1233//1233 1157//1157 1155//1155
f 1233//1233 1235//1235 1157//1157
f 1158//1158 1234//1234 1156//1156
f 1158//1158 1236//1236 1234//1234
f 1235//1235 1159//1159 1157//1157
f 1237//1237 1159//1159 1235//1235
f 1160//1160 1236//1236 1158//1158
f 1160//1160 1238//1238 1236//1236
f 1237//1237 1239//1239 1161//1161
f 1159//1159 1237//1237 1161//1161
f 1162//1162 1238//1238 1160//1160
f 1162//1162 1240//1240 1238//1238
f 1239//1239 1163//1163 1161//1161
f 1239//1239 1241//1241 1163//1163
f 1164//1164 1240//1240 1162//1162
f 1164//1164 1242//1242 1240//1240
f 1241//1241 1165//1165 1163//1163
f 1243//1243 1165//1165 1241//1241
f 1166//1166 1242//1242 1164//1164
f 1166//1166 1244//1244 1242//1242
f 1243//1243 1167//1167 1165//1165
f 1245//1245 1167//1167 1243//1243
f 1168//1168 1244//1244 1166//1166
f 1168//1168 1246//1246 1244//1244
f 1245//1245 1169//1169 1167//1167
f 1247//1247 1169//1169 1245//1245
f 1248//1248 1168//1168 1170//1170
f 1248//1248 1246//1246 1168//1168
f 1247//1247 1171//1171 1169//1169
f 1249//1249 1171//1171 1247//1247
f 1172//1172 1250//1250 1170//1170
f 1170//1170 1250//1250 1248//1248
f 1249//1249 1173//1173 1171//1171
f 1251//1251 1173//1173 1249//1249
f 1252//1252 1172//1172 1174//1174
f 1252//1252 1250//1250 1172//1172
f 1251//1251 1175//1175 1173//1173
f 1253//1253 1175//1175 1251//1251
f 1176//1176 1254//1254 1174//1174
f 1174//1174 1254//1254 1252//1252
f 1175//1175 1255//1255 1177//1177
f 1175//1175 1253//1253 1255//1255
f 1176//1176 1178//1178 1254//1254
f 1254//1254 1178//1178 1256//1256
f 1255//1255 1257//1257 1177//1177
f 1179//1179 1177//1177 1257//1257
f 1258//1258 1178//1178 1180//1180
f 1258//1258 1256//1256 1178//1178
f 1179//1179 1259//1259 1181//1181
f 1179//1179 1257//1257 1259//1259
f 1182//1182 1260//1260 1180//1180
f 1180//1180 1260//1260 1258//1258
f 1259//1259 1261//1261 1181//1181
f 1181//1181 1261//1261 1183//1183
f 1184//1184 1262//1262 1182//1182
f 1182//1182 1262//1262 1260//1260
f 1261//1261 1263//1263 1183//1183
f 1183//1183 1263//1263 1185//1185
f 1186//1186 1264//1264 1184//1184
f 1184//1184 1264//1264 1262//1262
f 1263//1263 1265//1265 1185//1185
f 1185//1185 1265//1265 1187//1187
f 1188//1188 1266//1266 1186//1186
f 1186//1186 1266//1266 1264//1264
f 1187//1187 1265//1265 1267//1267
f 1267//1267 1265//1265 1268//1268
f 1267//1267 1189//1189 1187//1187
f 1190//1190 1269//1269 1188//1188
f 1188//1188 1269//1269 1266//1266
f 1268//1268 1270//1270 1267//1267
f 1271//1271 1267//1267 1270//1270
f 1271//1271 1189//1189 1267//1267
f 1271//1271 1191//1191 1189//1189
f 1192//1192 1272//1272 1190//1190
f 1190//1190 1272//1272 1269//1269
f 1270//1270 1273//1273 1271//1271
f 1271//1271 1273//1273 1191//1191
f 1191//1191 1273//1273 1274//1274
f 1191//1191 1274//1274 1193//1193
f 1198//1198 1275//1275 1192//1192
f 1192//1192 1275//1275 1272//1272
f 1274//1274 1276//1276 1193//1193
f 1193//1193 1276//1276 1194//1194
f 1194//1194 1276//1276 1277//1277
f 1278//1278 1194//1194 1277//1277
f 1278//1278 1195//1195 1194//1194
f 1196//1196 1278//1278 1279//1279
f 1196//1196 1195//1195 1278//1278
f 1196//1196 1279//1279 1197//1197
f 1197//1197 1279//1279 1280//1280
f 1197//1197 1280//1280 1198//1198
f 1198//1198 1280//1280 1281//1281
f 1198//1198 1281//1281 1275//1275
f 1277//1277 1282//1282 1278//1278
f 1278//1278 1282//1282 1279//1279
f 1283//1283 1199//1199 1200//1200
f 1201//1201 1284//1284 1200//1200
f 1200//1200 1284//1284 1283//1283
f 1202//1202 1284//1284 1201//1201
f 1285//1285 1203//1203 1204//1204
f 1204//1204 1286//1286 1285//1285
f 1204//1204 1205//1205 1286//1286
f 1287//1287 1205//1205 1199//1199
f 1287//1287 1286//1286 1205//1205
f 1287//1287 1199//1199 1283//1283
f 1288//1288 1284//1284 1202//1202
f 1289//1289 1202//1202 1206//1206
f 1289//1289 1288//1288 1202//1202
f 1289//1289 1207//1207 1290//1290
f 1289//1289 1206//1206 1207//1207
f 1208//1208 1290//1290 1207//1207
f 1292//1292 1291//1291 1203//1203
f 1203//1203 1291//1291 1209//1209
f 1292//1292 1203//1203 1285//1285
f 1293//1293 1290//1290 1208//1208
f 1208//1208 1210//1210 1293//1293
f 1293//1293 1210//1210 1294//1294
f 1291//1291 1295//1295 1209//1209
f 1209//1209 1295//1295 1211//1211
f 1210//1210 1212//1212 1294//1294
f 1294//1294 1212//1212 1296//1296
f 1295//1295 1297//1297 1211//1211
f 1211//1211 1297//1297 1213//1213
f 1212//1212 1214//1214 1296//1296
f 1296//1296 1214//1214 1298//1298
f 1297//1297 1299//1299 1213//1213
f 1213//1213 1299//1299 1215//1215
f 1216//1216 1298//1298 1214//1214
f 1216//1216 1300//1300 1298//1298
f 1299//1299 1217//1217 1215//1215
f 1301//1301 1217//1217 1299//1299
f 1216//1216 1218//1218 1300//1300
f 1300//1300 1218//1218 1302//1302
f 1301//1301 1303//1303 1217//1217
f 1217//1217 1303//1303 1219//1219
f 1220//1220 1302//1302 1218//1218
f 1220//1220 1304//1304 1302//1302
f 1303//1303 1221//1221 1219//1219
f 1305//1305 1221//1221 1303//1303
f 1222//1222 1304//1304 1220//1220
f 1222//1222 1306//1306 1304//1304
f 1305//1305 1307//1307 1221//1221
f 1221//1221 1307//1307 1223//1223
f 1306//1306 1222//1222 1308//1308
f 1224//1224 1308//1308 1222//1222
f 1307//1307 1225//1225 1223//1223
f 1309//1309 1225//1225 1307//1307
f 1224//1224 1310//1310 1308//1308
f 1224//1224 1226//1226 1310//1310
f 1309//1309 1227//1227 1225//1225
f 1311//1311 1227//1227 1309//1309
f 1228//1228 1310//1310 1226//1226
f 1228//1228 1312//1312 1310//1310
f 1311//1311 1313//1313 1227//1227
f 1227//1227 1313//1313 1229//1229
f 1230//1230 1312//1312 1228//1228
f 1230//1230 1314//1314 1312//1312
f 1313//1313 1231//1231 1229//1229
f 1315//1315 1231//1231 1313//1313
f 1314//1314 1230//1230 1316//1316
f 1232//1232 1316//1316 1230//1230
f 1315//1315 1317//1317 1231//1231
f 1231//1231 1317//1317 1233//1233
f 1232//1232 1318//1318 1316//1316
f 1232//1232 1234//1234 1318//1318
f 1317//1317 1235//1235 1233//1233
f 1319//1319 1235//1235 1317//1317
f 1236//1236 1318//1318 1234//1234
f 1236//1236 1320//1320 1318//1318
f 1319//1319 1237//1237 1235//1235
f 1321//1321 1237//1237 1319//1319
f 1238//1238 1320//1320 1236//1236
f 1238//1238 1322//1322 1320//1320
f 1321//1321 1323//1323 1237//1237
f 1237//1237 1323//1323 1239//1239
f 1240//1240 1322//1322 1238//1238
f 1240//1240 1324//1324 1322//1322
f 1323//1323 1241//1241 1239//1239
f 1325//1325 1241//1241 1323//1323
f 1242//1242 1324//1324 1240//1240
f 1242//1242 1326//1326 1324//1324
f 1325//1325 1243//1243 1241//1241
f 1327//1327 1243//1243 1325//1325
f 1244//1244 1326//1326 1242//1242
f 1244//1244 1328//1328 1326//1326
f 1327//1327 1329//1329 1245//1245
f 1243//1243 1327//1327 1245//1245
f 1246//1246 1328//1328 1244//1244
f 1246//1246 1330//1330 1328//1328
f 1245//1245 1329//1329 1247//1247
f 1247//1247 1329//1329 1331//1331
f 1248//1248 1330//1330 1246//1246
f 1248//1248 1332//1332 1330//1330
f 1247//1247 1331//1331 1249//1249
f 1249//1249 1331//1331 1333//1333
f 1248//1248 1250//1250 1332//1332
f 1332//1332 1250//1250 1334//1334
f 1249//1249 1333//1333 1251//1251
f 1251//1251 1333//1333 1335//1335
f 1252//1252 1334//1334 1250//1250
f 1252//1252 1336//1336 1334//1334
f 1251//1251 1335//1335 1253//1253
f 1253//1253 1335//1335 1337//1337
f 1252//1252 1254//1254 1336//1336
f 1336//1336 1254//1254 1338//1338
f 1337//1337 1339//1339 1253//1253
f 1255//1255 1253//1253 1339//1339
f 1340//1340 1254//1254 1256//1256
f 1340//1340 1338//1338 1254//1254
f 1255//1255 1341//1341 1257//1257
f 1255//1255 1339//1339 1341//1341
f 1258//1258 1342//1342 1256//1256
f 1256//1256 1342//1342 1340//1340
f 1341//1341 1343//1343 1257//1257
f 1259//1259 1257//1257 1343//1343
f 1258//1258 1260//1260 1342//1342
f 1342//1342 1260//1260 1344//1344
f 1259//1259 1345//1345 1261//1261
f 1259//1259 1343//1343 1345//1345
f 1346//1346 1260//1260 1262//1262
f 1346//1346 1344//1344 1260//1260
f 1345//1345 1347//1347 1261//1261
f 1261//1261 1347//1347 1263//1263
f 1264//1264 1348//1348 1262//1262
f 1262//1262 1348//1348 1346//1346
f 1347//1347 1349//1349 1263//1263
f 1263//1263 1349//1349 1265//1265
f 1266//1266 1350//1350 1264//1264
f 1264//1264 1350//1350 1348//1348
f 1265//1265 1349//1349 1268//1268
f 1268//1268 1349//1349 1351//1351
f 1269//1269 1352//1352 1266//1266
f 1266//1266 1352//1352 1350//1350
f 1351//1351 1353//1353 1268//1268
f 1268//1268 1353//1353 1270//1270
f 1272//1272 1354//1354 1269//1269
f 1269//1269 1354//1354 1352//1352
f 1353//1353 1355//1355 1270//1270
f 1270//1270 1355//1355 1273//1273
f 1275//1275 1356//1356 1272//1272
f 1272//1272 1356//1356 1354//1354
f 1355//1355 1357//1357 1273//1273
f 1358//1358 1273//1273 1357//1357
f 1358//1358 1274//1274 1273//1273
f 1358//1358 1276//1276 1274//1274
f 1281//1281 1359//1359 1275//1275
f 1275//1275 1359//1359 1356//1356
f 1357//1357 1360//1360 1358//1358
f 1358//1358 1360//1360 1276//1276
f 1276//1276 1360//1360 1361//1361
f 1362//1362 1276//1276 1361//1361
f 1362//1362 1277//1277 1276//1276
f 1362//1362 1282//1282 1277//1277
f 1363//1363 1279//1279 1282//1282
f 1280//1280 1363//1363 1364//1364
f 1280//1280 1279//1279 1363//1363
f 1280//1280 1364//1364 1281//1281
f 1281//1281 1364//1364 1365//1365
f 1281//1281 1365//1365 1359//1359
f 1361//1361 1366//1366 1362//1362
f 1362//1362 1366//1366 1282//1282
f 1282//1282 1366//1366 1367//1367
f 1282//1282 1367//1367 1363//1363
f 1363//1363 1367//1367 1368//1368
f 1363//1363 1368//1368 1364//1364
f 1370//1370 1369//1369 1286//1286
f 1286//1286 1369//1369 1285//1285
f 1371//1371 1286//1286 1287//1287
f 1371//1371 1370//1370 1286//1286
f 1372//1372 1287//1287 1283//1283
f 1372//1372 1371//1371 1287//1287
f 1373//1373 1283//1283 1284//1284
f 1373//1373 1372//1372 1283//1283
f 1374//1374 1284//1284 1288//1288
f 1374//1374 1373//1373 1284//1284
f 1375//1375 1288//1288 1289//1289
f 1375//1375 1374//1374 1288//1288
f 1289//1289 1290//1290 1375//1375
f 1375//1375 1290//1290 1376//1376
f 1377//1377 1291//1291 1292//1292
f 1292//1292 1369//1369 1377//1377
f 1292//1292 1285//1285 1369//1369
f 1378//1378 1290//1290 1293//1293
f 1378//1378 1376//1376 1290//1290
f 1293//1293 1294//1294 1378//1378
f 1378//1378 1294//1294 1379//1379
f 1381//1381 1380//1380 1291//1291
f 1291//1291 1380//1380 1295//1295
f 1381//1381 1291//1291 1377//1377
f 1294//1294 1296//1296 1379//1379
f 1379//1379 1296//1296 1382//1382
f 1380//1380 1383//1383 1295//1295
f 1295//1295 1383//1383 1297//1297
f 1382//1382 1296//1296 1384//1384
f 1298//1298 1384//1384 1296//1296
f 1385//1385 1299//1299 1297//1297
f 1383//1383 1385//1385 1297//1297
f 1298//1298 1386//1386 1384//1384
f 1298//1298 1300//1300 1386//1386
f 1387//1387 1299//1299 1385//1385
f 1387//1387 1301//1301 1299//1299
f 1386//1386 1300//1300 1388//1388
f 1302//1302 1388//1388 1300//1300
f 1387//1387 1389//1389 1301//1301
f 1301//1301 1389//1389 1303//1303
f 1302//1302 1390//1390 1388//1388
f 1302//1302 1304//1304 1390//1390
f 1389//1389 1305//1305 1303//1303
f 1391//1391 1305//1305 1389//1389
f 1306//1306 1390//1390 1304//1304
f 1306//1306 1392//1392 1390//1390
f 1391//1391 1393//1393 1305//1305
f 1305//1305 1393//1393 1307//1307
f 1308//1308 1392//1392 1306//1306
f 1308//1308 1394//1394 1392//1392
f 1393//1393 1309//1309 1307//1307
f 1395//1395 1309//1309 1393//1393
f 1308//1308 1310//1310 1394//1394
f 1394//1394 1310//1310 1396//1396
f 1395//1395 1397//1397 1311//1311
f 1309//1309 1395//1395 1311//1311
f 1312//1312 1396//1396 1310//1310
f 1312//1312 1398//1398 1396//1396
f 1397//1397 1313//1313 1311//1311
f 1397//1397 1399//1399 1313//1313
f 1314//1314 1398//1398 1312//1312
f 1314//1314 1400//1400 1398//1398
f 1399//1399 1315//1315 1313//1313
f 1401//1401 1315//1315 1399//1399
f 1316//1316 1400//1400 1314//1314
f 1316//1316 1402//1402 1400//1400
f 1401//1401 1403//1403 1315//1315
f 1315//1315 1403//1403 1317//1317
f 1316//1316 1318//1318 1402//1402
f 1402//1402 1318//1318 1404//1404
f 1403//1403 1319//1319 1317//1317
f 1405//1405 1319//1319 1403//1403
f 1320//1320 1404//1404 1318//1318
f 1320//1320 1406//1406 1404//1404
f 1405//1405 1407//1407 1321//1321
f 1319//1319 1405//1405 1321//1321
f 1322//1322 1406//1406 1320//1320
f 1322//1322 1408//1408 1406//1406
f 1407//1407 1323//1323 1321//1321
f 1407//1407 1409//1409 1323//1323
f 1324//1324 1408//1408 1322//1322
f 1324//1324 1410//1410 1408//1408
f 1409//1409 1325//1325 1323//1323
f 1411//1411 1325//1325 1409//1409
f 1326//1326 1410//1410 1324//1324
f 1326//1326 1412//1412 1410//1410
f 1411//1411 1413//1413 1327//1327
f 1325//1325 1411//1411 1327//1327
f 1328//1328 1412//1412 1326//1326
f 1328//1328 1414//1414 1412//1412
f 1413//1413 1329//1329 1327//1327
f 1413//1413 1415//1415 1329//1329
f 1330//1330 1414//1414 1328//1328
f 1330//1330 1416//1416 1414//1414
f 1415//1415 1331//1331 1329//1329
f 1417//1417 1331//1331 1415//1415
f 1332//1332 1416//1416 1330//1330
f 1332//1332 1418//1418 1416//1416
f 1417//1417 1333//1333 1331//1331
f 1419//1419 1333//1333 1417//1417
f 1420//1420 1332//1332 1334//1334
f 1420//1420 1418//1418 1332//1332
f 1419//1419 1335//1335 1333//1333
f 1421//1421 1335//1335 1419//1419
f 1336//1336 1422//1422 1334//1334
f 1334//1334 1422//1422 1420//1420
f 1421//1421 1337//1337 1335//1335
f 1423//1423 1337//1337 1421//1421
f 1424//1424 1336//1336 1338//1338
f 1424//1424 1422//1422 1336//1336
f 1337//1337 1425//1425 1339//1339
f 1337//1337 1423//1423 1425//1425
f 1340//1340 1426//1426 1338//1338
f 1338//1338 1426//1426 1424//1424
f 1339//1339 1425//1425 1341//1341
f 1341//1341 1425//1425 1427//1427
f 1428//1428 1340//1340 1342//1342
f 1428//1428 1426//1426 1340//1340
f 1427//1427 1429//1429 1341//1341
f 1341//1341 1429//1429 1343//1343
f 1344//1344 1430//1430 1342//1342
f 1342//1342 1430//1430 1428//1428
f 1343//1343 1429//1429 1345//1345
f 1345//1345 1429//1429 1431//1431
f 1346//1346 1432//1432 1344//1344
f 1344//1344 1432//1432 1430//1430
f 1431//1431 1433//1433 1345//1345
f 1345//1345 1433//1433 1347//1347
f 1434//1434 1346//1346 1348//1348
f 1434//1434 1432//1432 1346//1346
f 1433//1433 1435//1435 1347//1347
f 1347//1347 1435//1435 1349//1349
f 1350//1350 1436//1436 1348//1348
f 1348//1348 1436//1436 1434//1434
f 1349//1349 1435//1435 1351//1351
f 1351//1351 1435//1435 1437//1437
f 1352//1352 1438//1438 1350//1350
f 1350//1350 1438//1438 1436//1436
f 1437//1437 1439//1439 1351//1351
f 1351//1351 1439//1439 1353//1353
f 1354//1354 1440//1440 1352//1352
f 1352//1352 1440//1440 1438//1438
f 1353//1353 1439//1439 1441//1441
f 1441//1441 1439//1439 1442//1442
f 1441//1441 1355//1355 1353//1353
f 1356//1356 1443//1443 1354//1354
f 1354//1354 1443//1443 1440//1440
f 1442//1442 1444//1444 1441//1441
f 1445//1445 1441//1441 1444//1444
f 1445//1445 1355//1355 1441//1441
f 1445//1445 1357//1357 1355//1355
f 1359//1359 1446//1446 1356//1356
f 1356//1356 1446//1446 1443//1443
f 1444//1444 1447//1447 1445//1445
f 1448//1448 1445//1445 1447//1447
f 1448//1448 1357//1357 1445//1445
f 1448//1448 1360//1360 1357//1357
f 1365//1365 1449//1449 1359//1359
f 1359//1359 1449//1449 1446//1446
f 1447//1447 1450//1450 1448//1448
f 1448//1448 1450//1450 1360//1360
f 1360//1360 1450//1450 1451//1451
f 1452//1452 1360//1360 1451//1451
f 1452//1452 1361//1361 1360//1360
f 1452//1452 1366//1366 1361//1361
f 1368//1368 1453//1453 1364//1364
f 1364//1364 1453//1453 1365//1365
f 1365//1365 1453//1453 1454//1454
f 1365//1365 1454//1454 1449//1449
f 1451//1451 1455//1455 1452//1452
f 1452//1452 1455//1455 1366//1366
f 1366//1366 1455//1455 1456//1456
f 1366//1366 1456//1456 1367//1367
f 1367//1367 1456//1456 1457//1457
f 1367//1367 1457//1457 1368//1368
f 1368//1368 1457//1457 1458//1458
f 1368//1368 1458//1458 1453//1453
f 1459//1459 1369//1369 1370//1370
f 1370//1370 1460//1460 1459//1459
f 1370//1370 1371//1371 1460//1460
f 1461//1461 1371//1371 1372//1372
f 1461//1461 1460//1460 1371//1371
f 1462//1462 1372//1372 1373//1373
f 1462//1462 1461//1461 1372//1372
f 1463//1463 1373//1373 1374//1374
f 1463//1463 1462//1462 1373//1373
f 1463//1463 1375//1375 1464//1464
f 1463//1463 1374//1374 1375//1375
f 1376//1376 1464//1464 1375//1375
f 1466//1466 1465//1465 1369//1369
f 1369//1369 1465//1465 1377//1377
f 1466//1466 1369//1369 1459//1459
f 1467//1467 1464//1464 1376//1376
f 1467//1467 1378//1378 1468//1468
f 1467//1467 1376//1376 1378//1378
f 1379//1379 1468//1468 1378//1378
f 1469//1469 1380//1380 1381//1381
f 1381//1381 1465//1465 1469//1469
f 1381//1381 1377//1377 1465//1465
f 1470//1470 1468//1468 1379//1379
f 1382//1382 1470//1470 1379//1379
f 1471//1471 1383//1383 1380//1380
f 1469//1469 1471//1471 1380//1380
f 1382//1382 1472//1472 1470//1470
f 1382//1382 1384//1384 1472//1472
f 1473//1473 1383//1383 1471//1471
f 1473//1473 1385//1385 1383//1383
f 1384//1384 1386//1386 1472//1472
f 1472//1472 1386//1386 1474//1474
f 1473//1473 1475//1475 1385//1385
f 1385//1385 1475//1475 1387//1387
f 1388//1388 1474//1474 1386//1386
f 1388//1388 1476//1476 1474//1474
f 1475//1475 1477//1477 1387//1387
f 1387//1387 1477//1477 1389//1389
f 1388//1388 1390//1390 1476//1476
f 1476//1476 1390//1390 1478//1478
f 1477//1477 1391//1391 1389//1389
f 1479//1479 1391//1391 1477//1477
f 1392//1392 1478//1478 1390//1390
f 1392//1392 1480//1480 1478//1478
f 1479//1479 1481//1481 1391//1391
f 1391//1391 1481//1481 1393//1393
f 1394//1394 1480//1480 1392//1392
f 1394//1394 1482//1482 1480//1480
f 1481//1481 1395//1395 1393//1393
f 1483//1483 1395//1395 1481//1481
f 1482//1482 1394//1394 1484//1484
f 1396//1396 1484//1484 1394//1394
f 1483//1483 1485//1485 1395//1395
f 1395//1395 1485//1485 1397//1397
f 1396//1396 1486//1486 1484//1484
f 1396//1396 1398//1398 1486//1486
f 1485//1485 1399//1399 1397//1397
f 1487//1487 1399//1399 1485//1485
f 1400//1400 1486//1486 1398//1398
f 1400//1400 1488//1488 1486//1486
f 1487//1487 1401//1401 1399//1399
f 1489//1489 1401//1401 1487//1487
f 1402//1402 1488//1488 1400//1400
f 1402//1402 1490//1490 1488//1488
f 1489//1489 1491//1491 1401//1401
f 1401//1401 1491//1491 1403//1403
f 1490//1490 1402//1402 1492//1492
f 1404//1404 1492//1492 1402//1402
f 1491//1491 1405//1405 1403//1403
f 1493//1493 1405//1405 1491//1491
f 1404//1404 1494//1494 1492//1492
f 1404//1404 1406//1406 1494//1494
f 1493//1493 1495//1495 1405//1405
f 1405//1405 1495//1495 1407//1407
f 1408//1408 1494//1494 1406//1406
f 1408//1408 1496//1496 1494//1494
f 1495//1495 1409//1409 1407//1407
f 1497//1497 1409//1409 1495//1495
f 1410//1410 1496//1496 1408//1408
f 1410//1410 1498//1498 1496//1496
f 1497//1497 1411//1411 1409//1409
f 1499//1499 1411//1411 1497//1497
f 1412//1412 1498//1498 1410//1410
f 1412//1412 1500//1500 1498//1498
f 1499//1499 1501//1501 1411//1411
f 1411//1411 1501//1501 1413//1413
f 1414//1414 1500//1500 1412//1412
f 1414//1414 1502//1502 1500//1500
f 1501//1501 1415//1415 1413//1413
f 1503//1503 1415//1415 1501//1501
f 1416//1416 1502//1502 1414//1414
f 1416//1416 1504//1504 1502//1502
f 1503//1503 1417//1417 1415//1415
f 1505//1505 1417//1417 1503//1503
f 1418//1418 1504//1504 1416//1416
f 1418//1418 1506//1506 1504//1504
f 1505//1505 1419//1419 1417//1417
f 1507//1507 1419//1419 1505//1505
f 1420//1420 1506//1506 1418//1418
f 1420//1420 1508//1508 1506//1506
f 1507//1507 1509//1509 1421//1421
f 1419//1419 1507//1507 1421//1421
f 1420//1420 1422//1422 1508//1508
f 1508//1508 1422//1422 1510//1510
f 1421//1421 1509//1509 1423//1423
f 1423//1423 1509//1509 1511//1511
f 1424//1424 1510//1510 1422//1422
f 1424//1424 1512//1512 1510//1510
f 1511//1511 1513//1513 1423//1423
f 1425//1425 1423//1423 1513//1513
f 1514//1514 1424//1424 1426//1426
f 1514//1514 1512//1512 1424//1424
f 1513//1513 1427//1427 1425//1425
f 1515//1515 1427//1427 1513//1513
f 1428//1428 1516//1516 1426//1426
f 1426//1426 1516//1516 1514//1514
f 1427//1427 1517//1517 1429//1429
f 1427//1427 1515//1515 1517//1517
f 1428//1428 1430//1430 1516//1516
f 1516//1516 1430//1430 1518//1518
f 1517//1517 1519//1519 1429//1429
f 1431//1431 1429//1429 1519//1519
f 1520//1520 1430//1430 1432//1432
f 1520//1520 1518//1518 1430//1430
f 1431//1431 1521//1521 1433//1433
f 1431//1431 1519//1519 1521//1521
f 1434//1434 1522//1522 1432//1432
f 1432//1432 1522//1522 1520//1520
f 1521//1521 1523//1523 1433//1433
f 1433//1433 1523//1523 1435//1435
f 1434//1434 1436//1436 1522//1522
f 1522//1522 1436//1436 1524//1524
f 1435//1435 1523//1523 1437//1437
f 1437//1437 1523//1523 1525//1525
f 1526//1526 1436//1436 1438//1438
f 1526//1526 1524//1524 1436//1436
f 1525//1525 1527//1527 1437//1437
f 1437//1437 1527//1527 1439//1439
f 1440//1440 1528//1528 1438//1438
f 1438//1438 1528//1528 1526//1526
f 1439//1439 1527//1527 1442//1442
f 1442//1442 1527//1527 1529//1529
f 1443//1443 1530//1530 1440//1440
f 1440//1440 1530//1530 1528//1528
f 1529//1529 1531//1531 1442//1442
f 1442//1442 1531//1531 1444//1444
f 1446//1446 1532//1532 1443//1443
f 1443//1443 1532//1532 1530//1530
f 1444//1444 1531//1531 1533//1533
f 1533//1533 1531//1531 1534//1534
f 1533//1533 1447//1447 1444//1444
f 1449//1449 1535//1535 1446//1446
f 1446//1446 1535//1535 1532//1532
f 1534//1534 1536//1536 1533//1533
f 1537//1537 1533//1533 1536//1536
f 1537//1537 1447//1447 1533//1533
f 1537//1537 1450//1450 1447//1447
f 1454//1454 1538//1538 1449//1449
f 1449//1449 1538//1538 1535//1535
f 1536//1536 1539//1539 1537//1537
f 1540//1540 1537//1537 1539//1539
f 1540//1540 1450//1450 1537//1537
f 1450//1450 1541//1541 1451//1451
f 1450//1450 1540//1540 1541//1541
f 1541//1541 1455//1455 1451//1451
f 1458//1458 1542//1542 1453//1453
f 1453//1453 1542//1542 1454//1454
f 1454//1454 1542//1542 1543//1543
f 1454//1454 1543//1543 1538//1538
f 1539//1539 1544//1544 1540//1540
f 1540//1540 1544//1544 1541//1541
f 1541//1541 1544//1544 1545//1545
f 1541//1541 1545//1545 1455//1455
f 1455//1455 1545//1545 1546//1546
f 1455//1455 1546//1546 1456//1456
f 1456//1456 1546//1546 1547//1547
f 1456//1456 1547//1547 1457//1457
f 1457//1457 1547//1547 1548//1548
f 1457//1457 1548//1548 1458//1458
f 1458//1458 1548//1548 1549//1549
f 1458//1458 1549//1549 1542//1542
f 1550//1550 1459//1459 1460//1460
f 1461//1461 1551//1551 1460//1460
f 1460//1460 1551//1551 1550//1550
f 1462//1462 1552//1552 1461//1461
f 1461//1461 1552//1552 1551//1551
f 1463//1463 1553//1553 1462//1462
f 1462//1462 1553//1553 1552//1552
f 1464//1464 1553//1553 1463//1463
f 1555//1555 1554//1554 1466//1466
f 1466//1466 1554//1554 1465//1465
f 1556//1556 1466//1466 1459//1459
f 1556//1556 1555//1555 1466//1466
f 1556//1556 1459//1459 1550//1550
f 1557//1557 1553//1553 1464//1464
f 1558//1558 1464//1464 1467//1467
f 1558//1558 1557//1557 1464//1464
f 1467//1467 1468//1468 1558//1558
f 1558//1558 1468//1468 1559//1559
f 1554//1554 1560//1560 1465//1465
f 1465//1465 1560//1560 1469//1469
f 1468//1468 1470//1470 1559//1559
f 1559//1559 1470//1470 1561//1561
f 1560//1560 1562//1562 1469//1469
f 1469//1469 1562//1562 1471//1471
f 1470//1470 1472//1472 1561//1561
f 1561//1561 1472//1472 1563//1563
f 1562//1562 1564//1564 1471//1471
f 1471//1471 1564//1564 1473//1473
f 1472//1472 1474//1474 1563//1563
f 1563//1563 1474//1474 1565//1565
f 1564//1564 1566//1566 1473//1473
f 1473//1473 1566//1566 1475//1475
f 1476//1476 1565//1565 1474//1474
f 1476//1476 1567//1567 1565//1565
f 1566//1566 1568//1568 1475//1475
f 1475//1475 1568//1568 1477//1477
f 1476//1476 1478//1478 1567//1567
f 1567//1567 1478//1478 1569//1569
f 1568//1568 1479//1479 1477//1477
f 1570//1570 1479//1479 1568//1568
f 1480//1480 1569//1569 1478//1478
f 1480//1480 1571//1571 1569//1569
f 1570//1570 1572//1572 1479//1479
f 1479//1479 1572//1572 1481//1481
f 1482//1482 1571//1571 1480//1480
f 1482//1482 1573//1573 1571//1571
f 1572//1572 1483//1483 1481//1481
f 1574//1574 1483//1483 1572//1572
f 1484//1484 1573//1573 1482//1482
f 1484//1484 1575//1575 1573//1573
f 1574//1574 1576//1576 1483//1483
f 1483//1483 1576//1576 1485//1485
f 1484//1484 1486//1486 1575//1575
f 1575//1575 1486//1486 1577//1577
f 1576//1576 1487//1487 1485//1485
f 1578//1578 1487//1487 1576//1576
f 1488//1488 1577//1577 1486//1486
f 1488//1488 1579//1579 1577//1577
f 1578//1578 1580//1580 1489//1489
f 1487//1487 1578//1578 1489//1489
f 1490//1490 1579//1579 1488//1488
f 1490//1490 1581//1581 1579//1579
f 1580//1580 1491//1491 1489//1489
f 1580//1580 1582//1582 1491//1491
f 1492//1492 1581//1581 1490//1490
f 1492//1492 1583//1583 1581//1581
f 1582//1582 1493//1493 1491//1491
f 1584//1584 1493//1493 1582//1582
f 1492//1492 1494//1494 1583//1583
f 1583//1583 1494//1494 1585//1585
f 1584//1584 1586//1586 1493//1493
f 1493//1493 1586//1586 1495//1495
f 1496//1496 1585//1585 1494//1494
f 1496//1496 1587//1587 1585//1585
f 1586//1586 1497//1497 1495//1495
f 1588//1588 1497//1497 1586//1586
f 1498//1498 1587//1587 1496//1496
f 1498//1498 1589//1589 1587//1587
f 1588//1588 1590//1590 1499//1499
f 1497//1497 1588//1588 1499//1499
f 1500//1500 1589//1589 1498//1498
f 1500//1500 1591//1591 1589//1589
f 1590//1590 1501//1501 1499//1499
f 1590//1590 1592//1592 1501//1501
f 1502//1502 1591//1591 1500//1500
f 1502//1502 1593//1593 1591//1591
f 1592//1592 1503//1503 1501//1501
f 1594//1594 1503//1503 1592//1592
f 1504//1504 1593//1593 1502//1502
f 1504//1504 1595//1595 1593//1593
f 1594//1594 1596//1596 1505//1505
f 1503//1503 1594//1594 1505//1505
f 1506//1506 1595//1595 1504//1504
f 1506//1506 1597//1597 1595//1595
f 1505//1505 1596//1596 1507//1507
f 1507//1507 1596//1596 1598//1598
f 1508//1508 1597//1597 1506//1506
f 1508//1508 1599//1599 1597//1597
f 1598//1598 1509//1509 1507//1507
f 1598//1598 1600//1600 1509//1509
f 1601//1601 1508//1508 1510//1510
f 1601//1601 1599//1599 1508//1508
f 1600//1600 1511//1511 1509//1509
f 1602//1602 1511//1511 1600//1600
f 1512//1512 1603//1603 1510//1510
f 1510//1510 1603//1603 1601//1601
f 1511//1511 1604//1604 1513//1513
f 1511//1511 1602//1602 1604//1604
f 1514//1514 1603//1603 1512//1512
f 1514//1514 1605//1605 1603//1603
f 1513//1513 1604//1604 1515//1515
f 1515//1515 1604//1604 1606//1606
f 1514//1514 1516//1516 1605//1605
f 1605//1605 1516//1516 1607//1607
f 1515//1515 1606//1606 1517//1517
f 1517//1517 1606//1606 1608//1608
f 1609//1609 1516//1516 1518//1518
f 1609//1609 1607//1607 1516//1516
f 1608//1608 1610//1610 1517//1517
f 1517//1517 1610//1610 1519//1519
f 1520//1520 1611//1611 1518//1518
f 1518//1518 1611//1611 1609//1609
f 1519//1519 1610//1610 1521//1521
f 1521//1521 1610//1610 1612//1612
f 1613//1613 1520//1520 1522//1522
f 1613//1613 1611//1611 1520//1520
f 1612//1612 1614//1614 1521//1521
f 1521//1521 1614//1614 1523//1523
f 1524//1524 1615//1615 1522//1522
f 1522//1522 1615//1615 1613//1613
f 1523//1523 1614//1614 1525//1525
f 1525//1525 1614//1614 1616//1616
f 1526//1526 1617//1617 1524//1524
f 1524//1524 1617//1617 1615//1615
f 1616//1616 1618//1618 1525//1525
f 1525//1525 1618//1618 1527//1527
f 1619//1619 1526//1526 1528//1528
f 1619//1619 1617//1617 1526//1526
f 1527//1527 1618//1618 1529//1529
f 1529//1529 1618//1618 1620//1620
f 1530//1530 1621//1621 1528//1528
f 1528//1528 1621//1621 1619//1619
f 1529//1529 1620//1620 1622//1622
f 1622//1622 1620//1620 1623//1623
f 1622//1622 1531//1531 1529//1529
f 1532//1532 1624//1624 1530//1530
f 1530//1530 1624//1624 1621//1621
f 1623//1623 1625//1625 1622//1622
f 1534//1534 1622//1622 1625//1625
f 1534//1534 1531//1531 1622//1622
f 1535//1535 1626//1626 1532//1532
f 1532//1532 1626//1626 1624//1624
f 1625//1625 1627//1627 1534//1534
f 1534//1534 1627//1627 1536//1536
f 1538//1538 1628//1628 1535//1535
f 1535//1535 1628//1628 1626//1626
f 1536//1536 1627//1627 1629//1629
f 1629//1629 1627//1627 1630//1630
f 1629//1629 1539//1539 1536//1536
f 1543//1543 1631//1631 1538//1538
f 1538//1538 1631//1631 1628//1628
f 1630//1630 1632//1632 1629//1629
f 1633//1633 1629//1629 1632//1632
f 1633//1633 1539//1539 1629//1629
f 1633//1633 1544//1544 1539//1539
f 1634//1634 1542//1542 1549//1549
f 1543//1543 1634//1634 1635//1635
f 1543//1543 1542//1542 1634//1634
f 1543//1543 1635//1635 1631//1631
f 1632//1632 1636//1636 1633//1633
f 1633//1633 1636//1636 1544//1544
f 1544//1544 1636//1636 1637//1637
f 1638//1638 1544//1544 1637//1637
f 1638//1638 1545//1545 1544//1544
f 1545//1545 1639//1639 1546//1546
f 1545//1545 1638//1638 1639//1639
f 1546//1546 1640//1640 1547//1547
f 1546//1546 1639//1639 1640//1640
f 1547//1547 1641//1641 1548//1548
f 1547//1547 1640//1640 1641//1641
f 1549//1549 1641//1641 1642//1642
f 1549//1549 1548//1548 1641//1641
f 1549//1549 1642//1642 1634//1634
f 1634//1634 1642//1642 1643//1643
f 1634//1634 1643//1643 1635//1635
f 1637//1637 1644//1644 1638//1638
f 1638//1638 1644//1644 1639//1639
f 1639//1639 1644//1644 1645//1645
f 1639//1639 1645//1645 1640//1640
f 1640//1640 1645//1645 1646//1646
f 1640//1640 1646//1646 1641//1641
f 1641//1641 1646//1646 1647//1647
f 1641//1641 1647//1647 1642//1642
f 1648//1648 1554//1554 1555//1555
f 1555//1555 1649//1649 1648//1648
f 1555//1555 1556//1556 1649//1649
f 1650//1650 1556//1556 1550//1550
f 1650//1650 1649//1649 1556//1556
f 1651//1651 1550//1550 1551//1551
f 1651//1651 1650//1650 1550//1550
f 1652//1652 1551//1551 1552//1552
f 1652//1652 1651//1651 1551//1551
f 1653//1653 1552//1552 1553//1553
f 1653//1653 1652//1652 1552//1552
f 1654//1654 1553//1553 1557//1557
f 1654//1654 1653//1653 1553//1553
f 1654//1654 1558//1558 1655//1655
f 1654//1654 1557//1557 1558//1558
f 1559//1559 1655//1655 1558//1558
f 1657//1657 1656//1656 1554//1554
f 1554//1554 1656//1656 1560//1560
f 1657//1657 1554//1554 1648//1648
f 1658//1658 1655//1655 1559//1559
f 1559//1559 1561//1561 1658//1658
f 1658//1658 1561//1561 1659//1659
f 1656//1656 1660//1660 1560//1560
f 1560//1560 1660//1660 1562//1562
f 1561//1561 1563//1563 1659//1659
f 1659//1659 1563//1563 1661//1661
f 1660//1660 1662//1662 1562//1562
f 1562//1562 1662//1662 1564//1564
f 1563//1563 1565//1565 1661//1661
f 1661//1661 1565//1565 1663//1663
f 1662//1662 1664//1664 1564//1564
f 1564//1564 1664//1664 1566//1566
f 1567//1567 1663//1663 1565//1565
f 1567//1567 1665//1665 1663//1663
f 1664//1664 1666//1666 1566//1566
f 1566//1566 1666//1666 1568//1568
f 1665//1665 1567//1567 1667//1667
f 1569//1569 1667//1667 1567//1567
f 1666//1666 1570//1570 1568//1568
f 1668//1668 1570//1570 1666//1666
f 1569//1569 1669//1669 1667//1667
f 1569//1569 1571//1571 1669//1669
f 1668//1668 1670//1670 1570//1570
f 1570//1570 1670//1670 1572//1572
f 1573//1573 1669//1669 1571//1571
f 1573//1573 1671//1671 1669//1669
f 1670//1670 1574//1574 1572//1572
f 1672//1672 1574//1574 1670//1670
f 1575//1575 1671//1671 1573//1573
f 1575//1575 1673//1673 1671//1671
f 1672//1672 1674//1674 1574//1574
f 1574//1574 1674//1674 1576//1576
f 1575//1575 1577//1577 1673//1673
f 1673//1673 1577//1577 1675//1675
f 1674//1674 1578//1578 1576//1576
f 1676//1676 1578//1578 1674//1674
f 1579//1579 1675//1675 1577//1577
f 1579//1579 1677//1677 1675//1675
f 1676//1676 1678//1678 1578//1578
f 1578//1578 1678//1678 1580//1580
f 1581//1581 1677//1677 1579//1579
f 1581//1581 1679//1679 1677//1677
f 1678//1678 1582//1582 1580//1580
f 1680//1680 1582//1582 1678//1678
f 1583//1583 1679//1679 1581//1581
f 1583//1583 1681//1681 1679//1679
f 1680//1680 1584//1584 1582//1582
f 1682//1682 1584//1584 1680//1680
f 1681//1681 1583//1583 1683//1683
f 1585//1585 1683//1683 1583//1583
f 1682//1682 1684//1684 1584//1584
f 1584//1584 1684//1684 1586//1586
f 1585//1585 1685//1685 1683//1683
f 1585//1585 1587//1587 1685//1685
f 1684//1684 1588//1588 1586//1586
f 1686//1686 1588//1588 1684//1684
f 1589//1589 1685//1685 1587//1587
f 1589//1589 1687//1687 1685//1685
f 1686//1686 1688//1688 1588//1588
f 1588//1588 1688//1688 1590//1590
f 1591//1591 1687//1687 1589//1589
f 1591//1591 1689//1689 1687//1687
f 1688//1688 1592//1592 1590//1590
f 1690//1690 1592//1592 1688//1688
f 1593//1593 1689//1689 1591//1591
f 1593//1593 1691//1691 1689//1689
f 1690//1690 1594//1594 1592//1592
f 1692//1692 1594//1594 1690//1690
f 1595//1595 1691//1691 1593//1593
f 1595//1595 1693//1693 1691//1691
f 1692//1692 1694//1694 1594//1594
f 1594//1594 1694//1694 1596//1596
f 1597//1597 1693//1693 1595//1595
f 1597//1597 1695//1695 1693//1693
f 1694//1694 1598//1598 1596//1596
f 1696//1696 1598//1598 1694//1694
f 1599//1599 1695//1695 1597//1597
f 1599//1599 1697//1697 1695//1695
f 1696//1696 1600//1600 1598//1598
f 1698//1698 1600//1600 1696//1696
f 1601//1601 1697//1697 1599//1599
f 1601//1601 1699//1699 1697//1697
f 1698//1698 1602//1602 1600//1600
f 1700//1700 1602//1602 1698//1698
f 1601//1601 1603//1603 1699//1699
f 1699//1699 1603//1603 1701//1701
f 1700//1700 1604//1604 1602//1602
f 1702//1702 1604//1604 1700//1700
f 1605//1605 1701//1701 1603//1603
f 1605//1605 1703//1703 1701//1701
f 1702//1702 1606//1606 1604//1604
f 1704//1704 1606//1606 1702//1702
f 1705//1705 1605//1605 1607//1607
f 1705//1705 1703//1703 1605//1605
f 1704//1704 1608//1608 1606//1606
f 1706//1706 1608//1608 1704//1704
f 1609//1609 1707//1707 1607//1607
f 1607//1607 1707//1707 1705//1705
f 1608//1608 1708//1708 1610//1610
f 1608//1608 1706//1706 1708//1708
f 1709//1709 1609//1609 1611//1611
f 1709//1709 1707//1707 1609//1609
f 1610//1610 1708//1708 1612//1612
f 1612//1612 1708//1708 1710//1710
f 1613//1613 1711//1711 1611//1611
f 1611//1611 1711//1711 1709//1709
f 1710//1710 1712//1712 1612//1612
f 1612//1612 1712//1712 1614//1614
f 1613//1613 1615//1615 1711//1711
f 1711//1711 1615//1615 1713//1713
f 1614//1614 1712//1712 1616//1616
f 1616//1616 1712//1712 1714//1714
f 1715//1715 1615//1615 1617//1617
f 1715//1715 1713//1713 1615//1615
f 1714//1714 1716//1716 1616//1616
f 1616//1616 1716//1716 1618//1618
f 1619//1619 1717//1717 1617//1617
f 1617//1617 1717//1717 1715//1715
f 1618//1618 1716//1716 1620//1620
f 1620//1620 1716//1716 1718//1718
f 1619//1619 1621//1621 1717//1717
f 1717//1717 1621//1621 1719//1719
f 1620//1620 1718//1718 1623//1623
f 1623//1623 1718//1718 1720//1720
f 1721//1721 1621//1621 1624//1624
f 1721//1721 1719//1719 1621//1621
f 1720//1720 1722//1722 1623//1623
f 1623//1623 1722//1722 1625//1625
f 1626//1626 1723//1723 1624//1624
f 1624//1624 1723//1723 1721//1721
f 1625//1625 1722//1722 1724//1724
f 1724//1724 1722//1722 1725//1725
f 1724//1724 1627//1627 1625//1625
f 1628//1628 1726//1726 1626//1626
f 1626//1626 1726//1726 1723//1723
f 1725//1725 1727//1727 1724//1724
f 1630//1630 1724//1724 1727//1727
f 1630//1630 1627//1627 1724//1724
f 1631//1631 1728//1728 1628//1628
f 1628//1628 1728//1728 1726//1726
f 1630//1630 1727//1727 1729//1729
f 1729//1729 1727//1727 1730//1730
f 1729//1729 1632//1632 1630//1630
f 1635//1635 1731//1731 1631//1631
f 1631//1631 1731//1731 1728//1728
f 1730//1730 1732//1732 1729//1729
f 1733//1733 1729//1729 1732//1732
f 1733//1733 1632//1632 1729//1729
f 1733//1733 1636//1636 1632//1632
f 1643//1643 1734//1734 1635//1635
f 1635//1635 1734//1734 1731//1731
f 1732//1732 1735//1735 1733//1733
f 1736//1736 1733//1733 1735//1735
f 1736//1736 1636//1636 1733//1733
f 1636//1636 1737//1737 1637//1637
f 1636//1636 1736//1736 1737//1737
f 1737//1737 1644//1644 1637//1637
f 1647//1647 1738//1738 1642//1642
f 1642//1642 1738//1738 1643//1643
f 1643//1643 1738//1738 1739//1739
f 1643//1643 1739//1739 1734//1734
f 1735//1735 1740//1740 1736//1736
f 1741//1741 1736//1736 1740//1740
f 1741//1741 1737//1737 1736//1736
f 1737//1737 1742//1742 1644//1644
f 1737//1737 1741//1741 1742//1742
f 1645//1645 1742//1742 1743//1743
f 1645//1645 1644//1644 1742//1742
f 1645//1645 1743//1743 1646//1646
f 1646//1646 1743//1743 1744//1744
f 1646//1646 1744//1744 1647//1647
f 1647//1647 1744//1744 1745//1745
f 1647//1647 1745//1745 1738//1738
f 1740//1740 1746//1746 1741//1741
f 1741//1741 1746//1746 1742//1742
f 1742//1742 1746//1746 1747//1747
f 1742//1742 1747//1747 1743//1743
f 1748//1748 1648//1648 1649//1649
f 1649//1649 1749//1749 1748//1748
f 1649//1649 1650//1650 1749//1749
f 1750//1750 1650//1650 1651//1651
f 1750//1750 1749//1749 1650//1650
f 1751//1751 1651//1651 1652//1652
f 1751//1751 1750//1750 1651//1651
f 1752//1752 1652//1652 1653//1653
f 1752//1752 1751//1751 1652//1652
f 1753//1753 1653//1653 1654//1654
f 1753//1753 1752//1752 1653//1653
f 1654//1654 1655//1655 1753//1753
f 1753//1753 1655//1655 1754//1754
f 1755//1755 1656//1656 1657//1657
f 1657//1657 1756//1756 1755//1755
f 1657//1657 1648//1648 1756//1756
f 1756//1756 1648//1648 1748//1748
f 1754//1754 1658//1658 1757//1757
f 1754//1754 1655//1655 1658//1658
f 1659//1659 1757//1757 1658//1658
f 1759//1759 1758//1758 1656//1656
f 1656//1656 1758//1758 1660//1660
f 1759//1759 1656//1656 1755//1755
f 1760//1760 1757//1757 1659//1659
f 1661//1661 1760//1760 1659//1659
f 1758//1758 1761//1761 1660//1660
f 1660//1660 1761//1761 1662//1662
f 1762//1762 1760//1760 1661//1661
f 1663//1663 1762//1762 1661//1661
f 1761//1761 1763//1763 1662//1662
f 1662//1662 1763//1763 1664//1664
f 1663//1663 1764//1764 1762//1762
f 1663//1663 1665//1665 1764//1764
f 1763//1763 1765//1765 1664//1664
f 1664//1664 1765//1765 1666//1666
f 1667//1667 1764//1764 1665//1665
f 1667//1667 1766//1766 1764//1764
f 1765//1765 1668//1668 1666//1666
f 1767//1767 1668//1668 1765//1765
f 1667//1667 1669//1669 1766//1766
f 1766//1766 1669//1669 1768//1768
f 1767//1767 1769//1769 1668//1668
f 1668//1668 1769//1769 1670//1670
f 1671//1671 1768//1768 1669//1669
f 1671//1671 1770//1770 1768//1768
f 1769//1769 1672//1672 1670//1670
f 1771//1771 1672//1672 1769//1769
f 1673//1673 1770//1770 1671//1671
f 1673//1673 1772//1772 1770//1770
f 1771//1771 1773//1773 1672//1672
f 1672//1672 1773//1773 1674//1674
f 1772//1772 1673//1673 1774//1774
f 1675//1675 1774//1774 1673//1673
f 1773//1773 1676//1676 1674//1674
f 1775//1775 1676//1676 1773//1773
f 1675//1675 1776//1776 1774//1774
f 1675//1675 1677//1677 1776//1776
f 1775//1775 1777//1777 1676//1676
f 1676//1676 1777//1777 1678//1678
f 1679//1679 1776//1776 1677//1677
f 1679//1679 1778//1778 1776//1776
f 1777//1777 1680//1680 1678//1678
f 1779//1779 1680//1680 1777//1777
f 1681//1681 1778//1778 1679//1679
f 1681//1681 1780//1780 1778//1778
f 1779//1779 1781//1781 1682//1682
f 1680//1680 1779//1779 1682//1682
f 1683//1683 1780//1780 1681//1681
f 1683//1683 1782//1782 1780//1780
f 1781//1781 1684//1684 1682//1682
f 1781//1781 1783//1783 1684//1684
f 1683//1683 1685//1685 1782//1782
f 1782//1782 1685//1685 1784//1784
f 1783//1783 1686//1686 1684//1684
f 1785//1785 1686//1686 1783//1783
f 1687//1687 1784//1784 1685//1685
f 1687//1687 1786//1786 1784//1784
f 1785//1785 1787//1787 1686//1686
f 1686//1686 1787//1787 1688//1688
f 1689//1689 1786//1786 1687//1687
f 1689//1689 1788//1788 1786//1786
f 1787//1787 1690//1690 1688//1688
f 1789//1789 1690//1690 1787//1787
f 1691//1691 1788//1788 1689//1689
f 1691//1691 1790//1790 1788//1788
f 1789//1789 1791//1791 1692//1692
f 1690//1690 1789//1789 1692//1692
f 1693//1693 1790//1790 1691//1691
f 1693//1693 1792//1792 1790//1790
f 1791//1791 1694//1694 1692//1692
f 1791//1791 1793//1793 1694//1694
f 1695//1695 1792//1792 1693//1693
f 1695//1695 1794//1794 1792//1792
f 1793//1793 1696//1696 1694//1694
f 1795//1795 1696//1696 1793//1793
f 1697//1697 1794//1794 1695//1695
f 1697//1697 1796//1796 1794//1794
f 1795//1795 1698//1698 1696//1696
f 1797//1797 1698//1698 1795//1795
f 1699//1699 1796//1796 1697//1697
f 1699//1699 1798//1798 1796//1796
f 1797//1797 1799//1799 1700//1700
f 1698//1698 1797//1797 1700//1700
f 1800//1800 1699//1699 1701//1701
f 1800//1800 1798//1798 1699//1699
f 1700//1700 1799//1799 1702//1702
f 1702//1702 1799//1799 1801//1801
f 1703//1703 1802//1802 1701//1701
f 1701//1701 1802//1802 1800//1800
f 1702//1702 1801//1801 1704//1704
f 1704//1704 1801//1801 1803//1803
f 1705//1705 1802//1802 1703//1703
f 1705//1705 1804//1804 1802//1802
f 1704//1704 1803//1803 1706//1706
f 1706//1706 1803//1803 1805//1805
f 1705//1705 1707//1707 1804//1804
f 1804//1804 1707//1707 1806//1806
f 1805//1805 1807//1807 1706//1706
f 1708//1708 1706//1706 1807//1807
f 1709//1709 1806//1806 1707//1707
f 1709//1709 1808//1808 1806//1806
f 1807//1807 1710//1710 1708//1708
f 1809//1809 1710//1710 1807//1807
f 1709//1709 1711//1711 1808//1808
f 1808//1808 1711//1711 1810//1810
f 1710//1710 1811//1811 1712//1712
f 1710//1710 1809//1809 1811//1811
f 1812//1812 1711//1711 1713//1713
f 1812//1812 1810//1810 1711//1711
f 1712//1712 1811//1811 1714//1714
f 1714//1714 1811//1811 1813//1813
f 1715//1715 1814//1814 1713//1713
f 1713//1713 1814//1814 1812//1812
f 1813//1813 1815//1815 1714//1714
f 1714//1714 1815//1815 1716//1716
f 1816//1816 1715//1715 1717//1717
f 1816//1816 1814//1814 1715//1715
f 1716//1716 1815//1815 1718//1718
f 1718//1718 1815//1815 1817//1817
f 1719//1719 1818//1818 1717//1717
f 1717//1717 1818//1818 1816//1816
f 1718//1718 1817//1817 1720//1720
f 1720//1720 1817//1817 1819//1819
f 1721//1721 1820//1820 1719//1719
f 1719//1719 1820//1820 1818//1818
f 1819//1819 1821//1821 1720//1720
f 1720//1720 1821//1821 1722//1722
f 1822//1822 1721//1721 1723//1723
f 1822//1822 1820//1820 1721//1721
f 1722//1722 1821//1821 1725//1725
f 1725//1725 1821//1821 1823//1823
f 1726//1726 1824//1824 1723//1723
f 1723//1723 1824//1824 1822//1822
f 1725//1725 1823//1823 1825//1825
f 1825//1825 1823//1823 1826//1826
f 1825//1825 1727//1727 1725//1725
f 1728//1728 1827//1827 1726//1726
f 1726//1726 1827//1827 1824//1824
f 1825//1825 1826//1826 1828//1828
f 1828//1828 1826//1826 1829//1829
f 1825//1825 1730//1730 1727//1727
f 1825//1825 1828//1828 1730//1730
f 1731//1731 1830//1830 1728//1728
f 1728//1728 1830//1830 1827//1827
f 1829//1829 1831//1831 1828//1828
f 1832//1832 1828//1828 1831//1831
f 1832//1832 1730//1730 1828//1828
f 1832//1832 1732//1732 1730//1730
f 1734//1734 1833//1833 1731//1731
f 1731//1731 1833//1833 1830//1830
f 1832//1832 1831//1831 1834//1834
f 1834//1834 1831//1831 1835//1835
f 1832//1832 1836//1836 1732//1732
f 1832//1832 1834//1834 1836//1836
f 1836//1836 1735//1735 1732//1732
f 1739//1739 1837//1837 1734//1734
f 1734//1734 1837//1837 1833//1833
f 1834//1834 1835//1835 1838//1838
f 1838//1838 1835//1835 1839//1839
f 1834//1834 1840//1840 1836//1836
f 1834//1834 1838//1838 1840//1840
f 1836//1836 1841//1841 1735//1735
f 1836//1836 1840//1840 1841//1841
f 1841//1841 1740//1740 1735//1735
f 1745//1745 1842//1842 1738//1738
f 1738//1738 1842//1842 1739//1739
f 1739//1739 1842//1842 1843//1843
f 1739//1739 1843//1843 1837//1837
f 1839//1839 1844//1844 1838//1838
f 1845//1845 1838//1838 1844//1844
f 1845//1845 1840//1840 1838//1838
f 1840//1840 1846//1846 1841//1841
f 1840//1840 1845//1845 1846//1846
f 1841//1841 1847//1847 1740//1740
f 1841//1841 1846//1846 1847//1847
f 1847//1847 1746//1746 1740//1740
f 1848//1848 1743//1743 1747//1747
f 1744//1744 1848//1848 1849//1849
f 1744//1744 1743//1743 1848//1848
f 1744//1744 1849//1849 1745//1745
f 1745//1745 1849//1849 1850//1850
f 1745//1745 1850//1850 1842//1842
f 1844//1844 1851//1851 1845//1845
f 1845//1845 1851//1851 1846//1846
f 1846//1846 1851//1851 1852//1852
f 1846//1846 1852//1852 1847//1847
f 1847//1847 1852//1852 1853//1853
f 1847//1847 1853//1853 1746//1746
f 1746//1746 1853//1853 1854//1854
f 1746//1746 1854//1854 1747//1747
f 1747//1747 1854//1854 1855//1855
f 1747//1747 1855//1855 1848//1848
f 1848//1848 1855//1855 1856//1856
f 1848//1848 1856//1856 1849//1849
f 1857//1857 1748//1748 1749//1749
f 1750//1750 1858//1858 1749//1749
f 1749//1749 1858//1858 1857//1857
f 1750//1750 1859//1859 1858//1858
f 1750//1750 1751//1751 1859//1859
f 1859//1859 1752//1752 1860//1860
f 1859//1859 1751//1751 1752//1752
f 1753//1753 1861//1861 1752//1752
f 1752//1752 1861//1861 1860//1860
f 1754//1754 1861//1861 1753//1753
f 1863//1863 1862//1862 1756//1756
f 1756//1756 1862//1862 1755//1755
f 1864//1864 1756//1756 1748//1748
f 1864//1864 1863//1863 1756//1756
f 1864//1864 1748//1748 1857//1857
f 1865//1865 1861//1861 1754//1754
f 1754//1754 1757//1757 1865//1865
f 1865//1865 1757//1757 1866//1866
f 1867//1867 1758//1758 1759//1759
f 1759//1759 1862//1862 1867//1867
f 1759//1759 1755//1755 1862//1862
f 1757//1757 1760//1760 1866//1866
f 1866//1866 1760//1760 1868//1868
f 1870//1870 1869//1869 1758//1758
f 1758//1758 1869//1869 1761//1761
f 1870//1870 1758//1758 1867//1867
f 1760//1760 1762//1762 1868//1868
f 1868//1868 1762//1762 1871//1871
f 1869//1869 1872//1872 1761//1761
f 1761//1761 1872//1872 1763//1763
f 1762//1762 1764//1764 1871//1871
f 1871//1871 1764//1764 1873//1873
f 1872//1872 1874//1874 1763//1763
f 1763//1763 1874//1874 1765//1765
f 1766//1766 1873//1873 1764//1764
f 1766//1766 1875//1875 1873//1873
f 1874//1874 1767//1767 1765//1765
f 1876//1876 1767//1767 1874//1874
f 1766//1766 1768//1768 1875//1875
f 1875//1875 1768//1768 1877//1877
f 1876//1876 1878//1878 1767//1767
f 1767//1767 1878//1878 1769//1769
f 1770//1770 1877//1877 1768//1768
f 1770//1770 1879//1879 1877//1877
f 1878//1878 1771//1771 1769//1769
f 1880//1880 1771//1771 1878//1878
f 1772//1772 1879//1879 1770//1770
f 1772//1772 1881//1881 1879//1879
f 1880//1880 1882//1882 1771//1771
f 1771//1771 1882//1882 1773//1773
f 1774//1774 1881//1881 1772//1772
f 1774//1774 1883//1883 1881//1881
f 1882//1882 1775//1775 1773//1773
f 1884//1884 1775//1775 1882//1882
f 1774//1774 1776//1776 1883//1883
f 1883//1883 1776//1776 1885//1885
f 1884//1884 1886//1886 1775//1775
f 1775//1775 1886//1886 1777//1777
f 1778//1778 1885//1885 1776//1776
f 1778//1778 1887//1887 1885//1885
f 1886//1886 1779//1779 1777//1777
f 1888//1888 1779//1779 1886//1886
f 1780//1780 1887//1887 1778//1778
f 1780//1780 1889//1889 1887//1887
f 1888//1888 1890//1890 1779//1779
f 1779//1779 1890//1890 1781//1781
f 1782//1782 1889//1889 1780//1780
f 1782//1782 1891//1891 1889//1889
f 1890//1890 1783//1783 1781//1781
f 1892//1892 1783//1783 1890//1890
f 1782//1782 1784//1784 1891//1891
f 1891//1891 1784//1784 1893//1893
f 1892//1892 1785//1785 1783//1783
f 1894//1894 1785//1785 1892//1892
f 1786//1786 1893//1893 1784//1784
f 1786//1786 1895//1895 1893//1893
f 1894//1894 1896//1896 1785//1785
f 1785//1785 1896//1896 1787//1787
f 1788//1788 1895//1895 1786//1786
f 1788//1788 1897//1897 1895//1895
f 1896//1896 1789//1789 1787//1787
f 1898//1898 1789//1789 1896//1896
f 1790//1790 1897//1897 1788//1788
f 1790//1790 1899//1899 1897//1897
f 1898//1898 1900//1900 1789//1789
f 1789//1789 1900//1900 1791//1791
f 1792//1792 1899//1899 1790//1790
f 1792//1792 1901//1901 1899//1899
f 1900//1900 1793//1793 1791//1791
f 1902//1902 1793//1793 1900//1900
f 1794//1794 1901//1901 1792//1792
f 1794//1794 1903//1903 1901//1901
f 1902//1902 1795//1795 1793//1793
f 1904//1904 1795//1795 1902//1902
f 1796//1796 1903//1903 1794//1794
f 1796//1796 1905//1905 1903//1903
f 1904//1904 1906//1906 1797//1797
f 1795//1795 1904//1904 1797//1797
f 1798//1798 1905//1905 1796//1796
f 1798//1798 1907//1907 1905//1905
f 1906//1906 1799//1799 1797//1797
f 1906//1906 1908//1908 1799//1799
f 1800//1800 1907//1907 1798//1798
f 1800//1800 1909//1909 1907//1907
f 1908//1908 1801//1801 1799//1799
f 1910//1910 1801//1801 1908//1908
f 1800//1800 1802//1802 1909//1909
f 1909//1909 1802//1802 1911//1911
f 1910//1910 1803//1803 1801//1801
f 1912//1912 1803//1803 1910//1910
f 1804//1804 1911//1911 1802//1802
f 1804//1804 1913//1913 1911//1911
f 1912//1912 1805//1805 1803//1803
f 1914//1914 1805//1805 1912//1912
f 1915//1915 1804//1804 1806//1806
f 1915//1915 1913//1913 1804//1804
f 1805//1805 1916//1916 1807//1807
f 1805//1805 1914//1914 1916//1916
f 1808//1808 1917//1917 1806//1806
f 1806//1806 1917//1917 1915//1915
f 1807//1807 1916//1916 1809//1809
f 1809//1809 1916//1916 1918//1918
f 1919//1919 1808//1808 1810//1810
f 1919//1919 1917//1917 1808//1808
f 1809//1809 1918//1918 1811//1811
f 1811//1811 1918//1918 1920//1920
f 1812//1812 1921//1921 1810//1810
f 1810//1810 1921//1921 1919//1919
f 1920//1920 1922//1922 1811//1811
f 1813//1813 1811//1811 1922//1922
f 1812//1812 1814//1814 1921//1921
f 1921//1921 1814//1814 1923//1923
f 1813//1813 1924//1924 1815//1815
f 1813//1813 1922//1922 1924//1924
f 1816//1816 1923//1923 1814//1814
f 1816//1816 1925//1925 1923//1923
f 1815//1815 1924//1924 1817//1817
f 1817//1817 1924//1924 1926//1926
f 1816//1816 1818//1818 1925//1925
f 1925//1925 1818//1818 1927//1927
f 1817//1817 1926//1926 1819//1819
f 1819//1819 1926//1926 1928//1928
f 1929//1929 1818//1818 1820//1820
f 1929//1929 1927//1927 1818//1818
f 1928//1928 1930//1930 1819//1819
f 1819//1819 1930//1930 1821//1821
f 1822//1822 1931//1931 1820//1820
f 1820//1820 1931//1931 1929//1929
f 1821//1821 1930//1930 1823//1823
f 1823//1823 1930//1930 1932//1932
f 1822//1822 1824//1824 1931//1931
f 1931//1931 1824//1824 1933//1933
f 1823//1823 1932//1932 1826//1826
f 1826//1826 1932//1932 1934//1934
f 1935//1935 1824//1824 1827//1827
f 1935//1935 1933//1933 1824//1824
f 1826//1826 1934//1934 1829//1829
f 1829//1829 1934//1934 1936//1936
f 1830//1830 1937//1937 1827//1827
f 1827//1827 1937//1937 1935//1935
f 1829//1829 1936//1936 1938//1938
f 1938//1938 1936//1936 1939//1939
f 1938//1938 1831//1831 1829//1829
f 1833//1833 1940//1940 1830//1830
f 1830//1830 1940//1940 1937//1937
f 1938//1938 1939//1939 1941//1941
f 1941//1941 1939//1939 1942//1942
f 1938//1938 1835//1835 1831//1831
f 1938//1938 1941//1941 1835//1835
f 1837//1837 1943//1943 1833//1833
f 1833//1833 1943//1943 1940//1940
f 1941//1941 1942//1942 1944//1944
f 1944//1944 1942//1942 1945//1945
f 1941//1941 1839//1839 1835//1835
f 1941//1941 1944//1944 1839//1839
f 1843//1843 1946//1946 1837//1837
f 1837//1837 1946//1946 1943//1943
f 1945//1945 1947//1947 1944//1944
f 1948//1948 1944//1944 1947//1947
f 1948//1948 1839//1839 1944//1944
f 1948//1948 1844//1844 1839//1839
f 1850//1850 1949//1949 1842//1842
f 1842//1842 1949//1949 1843//1843
f 1843//1843 1949//1949 1950//1950
f 1843//1843 1950//1950 1946//1946
f 1948//1948 1947//1947 1951//1951
f 1951//1951 1947//1947 1952//1952
f 1948//1948 1953//1953 1844//1844
f 1948//1948 1951//1951 1953//1953
f 1953//1953 1851//1851 1844//1844
f 1856//1856 1954//1954 1849//1849
f 1849//1849 1954//1954 1850//1850
f 1850//1850 1954//1954 1955//1955
f 1850//1850 1955//1955 1949//1949
f 1952//1952 1956//1956 1951//1951
f 1957//1957 1951//1951 1956//1956
f 1957//1957 1953//1953 1951//1951
f 1953//1953 1958//1958 1851//1851
f 1953//1953 1957//1957 1958//1958
f 1851//1851 1959//1959 1852//1852
f 1851//1851 1958//1958 1959//1959
f 1852//1852 1960//1960 1853//1853
f 1852//1852 1959//1959 1960//1960
f 1853//1853 1961//1961 1854//1854
f 1853//1853 1960//1960 1961//1961
f 1855//1855 1961//1961 1962//1962
f 1855//1855 1854//1854 1961//1961
f 1855//1855 1962//1962 1856//1856
f 1856//1856 1962//1962 1963//1963
f 1856//1856 1963//1963 1954//1954
f 1956//1956 1964//1964 1957//1957
f 1957//1957 1964//1964 1958//1958
f 1958//1958 1964//1964 1965//1965
f 1958//1958 1965//1965 1959//1959
f 1959//1959 1965//1965 1966//1966
f 1959//1959 1966//1966 1960//1960
f 1960//1960 1966//1966 1967//1967
f 1960//1960 1967//1967 1961//1961
f 1961//1961 1967//1967 1968//1968
f 1961//1961 1968//1968 1962//1962
f 1969//1969 1858//1858 1859//1859
f 1860//1860 1969//1969 1859//1859
f 1970//1970 1862//1862 1863//1863
f 1863//1863 1971//1971 1970//1970
f 1863//1863 1864//1864 1971//1971
f 1972//1972 1864//1864 1857//1857
f 1972//1972 1971//1971 1864//1864
f 1973//1973 1857//1857 1858//1858
f 1973//1973 1972//1972 1857//1857
f 1973//1973 1858//1858 1969//1969
f 1974//1974 1969//1969 1860//1860
f 1975//1975 1860//1860 1861//1861
f 1975//1975 1974//1974 1860//1860
f 1976//1976 1861//1861 1865//1865
f 1976//1976 1975//1975 1861//1861
f 1865//1865 1866//1866 1976//1976
f 1976//1976 1866//1866 1977//1977
f 1979//1979 1978//1978 1862//1862
f 1862//1862 1978//1978 1867//1867
f 1979//1979 1862//1862 1970//1970
f 1866//1866 1868//1868 1977//1977
f 1977//1977 1868//1868 1980//1980
f 1981//1981 1869//1869 1870//1870
f 1870//1870 1978//1978 1981//1981
f 1870//1870 1867//1867 1978//1978
f 1868//1868 1871//1871 1980//1980
f 1980//1980 1871//1871 1982//1982
f 1983//1983 1872//1872 1869//1869
f 1981//1981 1983//1983 1869//1869
f 1871//1871 1873//1873 1982//1982
f 1982//1982 1873//1873 1984//1984
f 1985//1985 1874//1874 1872//1872
f 1983//1983 1985//1985 1872//1872
f 1875//1875 1984//1984 1873//1873
f 1875//1875 1986//1986 1984//1984
f 1987//1987 1874//1874 1985//1985
f 1987//1987 1876//1876 1874//1874
f 1875//1875 1877//1877 1986//1986
f 1986//1986 1877//1877 1988//1988
f 1987//1987 1989//1989 1876//1876
f 1876//1876 1989//1989 1878//1878
f 1879//1879 1988//1988 1877//1877
f 1879//1879 1990//1990 1988//1988
f 1989//1989 1991//1991 1880//1880
f 1878//1878 1989//1989 1880//1880
f 1881//1881 1990//1990 1879//1879
f 1881//1881 1992//1992 1990//1990
f 1991//1991 1882//1882 1880//1880
f 1991//1991 1993//1993 1882//1882
f 1883//1883 1992//1992 1881//1881
f 1883//1883 1994//1994 1992//1992
f 1993//1993 1884//1884 1882//1882
f 1995//1995 1884//1884 1993//1993
f 1883//1883 1885//1885 1994//1994
f 1994//1994 1885//1885 1996//1996
f 1995//1995 1997//1997 1884//1884
f 1884//1884 1997//1997 1886//1886
f 1887//1887 1996//1996 1885//1885
f 1887//1887 1998//1998 1996//1996
f 1997//1997 1888//1888 1886//1886
f 1999//1999 1888//1888 1997//1997
f 1889//1889 1998//1998 1887//1887
f 1889//1889 2000//2000 1998//1998
f 1999//1999 2001//2001 1888//1888
f 1888//1888 2001//2001 1890//1890
f 1891//1891 2000//2000 1889//1889
f 1891//1891 2002//2002 2000//2000
f 2001//2001 1892//1892 1890//1890
f 2003//2003 1892//1892 2001//2001
f 2002//2002 1891//1891 2004//2004
f 1893//1893 2004//2004 1891//1891
f 2003//2003 1894//1894 1892//1892
f 2005//2005 1894//1894 2003//2003
f 1893//1893 2006//2006 2004//2004
f 1893//1893 1895//1895 2006//2006
f 2005//2005 2007//2007 1894//1894
f 1894//1894 2007//2007 1896//1896
f 1897//1897 2006//2006 1895//1895
f 1897//1897 2008//2008 2006//2006
f 2007//2007 1898//1898 1896//1896
f 2009//2009 1898//1898 2007//2007
f 1899//1899 2008//2008 1897//1897
f 1899//1899 2010//2010 2008//2008
f 2009//2009 2011//2011 1898//1898
f 1898//1898 2011//2011 1900//1900
f 1901//1901 2010//2010 1899//1899
f 1901//1901 2012//2012 2010//2010
f 2011//2011 1902//1902 1900//1900
f 2013//2013 1902//1902 2011//2011
f 1903//1903 2012//2012 1901//1901
f 1903//1903 2014//2014 2012//2012
f 2013//2013 1904//1904 1902//1902
f 2015//2015 1904//1904 2013//2013
f 1905//1905 2014//2014 1903//1903
f 1905//1905 2016//2016 2014//2014
f 2015//2015 2017//2017 1904//1904
f 1904//1904 2017//2017 1906//1906
f 1907//1907 2016//2016 1905//1905
f 1907//1907 2018//2018 2016//2016
f 2017//2017 1908//1908 1906//1906
f 2019//2019 1908//1908 2017//2017
f 1909//1909 2018//2018 1907//1907
f 1909//1909 2020//2020 2018//2018
f 2019//2019 1910//1910 1908//1908
f 2021//2021 1910//1910 2019//2019
f 1909//1909 1911//1911 2020//2020
f 2020//2020 1911//1911 2022//2022
f 2021//2021 1912//1912 1910//1910
f 2023//2023 1912//1912 2021//2021
f 1913//1913 2022//2022 1911//1911
f 1913//1913 2024//2024 2022//2022
f 2023//2023 1914//1914 1912//1912
f 2025//2025 1914//1914 2023//2023
f 1915//1915 2024//2024 1913//1913
f 1915//1915 2026//2026 2024//2024
f 2025//2025 1916//1916 1914//1914
f 2027//2027 1916//1916 2025//2025
f 1915//1915 1917//1917 2026//2026
f 2026//2026 1917//1917 2028//2028
f 2027//2027 1918//1918 1916//1916
f 2029//2029 1918//1918 2027//2027
f 1919//1919 2028//2028 1917//1917
f 1919//1919 2030//2030 2028//2028
f 2029//2029 1920//1920 1918//1918
f 2031//2031 1920//1920 2029//2029
f 1919//1919 1921//1921 2030//2030
f 2030//2030 1921//1921 2032//2032
f 1920//1920 2033//2033 1922//1922
f 1920//1920 2031//2031 2033//2033
f 2034//2034 1921//1921 1923//1923
f 2034//2034 2032//2032 1921//1921
f 1922//1922 2033//2033 1924//1924
f 1924//1924 2033//2033 2035//2035
f 1925//1925 2036//2036 1923//1923
f 1923//1923 2036//2036 2034//2034
f 1924//1924 2035//2035 1926//1926
f 1926//1926 2035//2035 2037//2037
f 2038//2038 1925//1925 1927//1927
f 2038//2038 2036//2036 1925//1925
f 2037//2037 2039//2039 1926//1926
f 1928//1928 1926//1926 2039//2039
f 1929//1929 2040//2040 1927//1927
f 1927//1927 2040//2040 2038//2038
f 1928//1928 2041//2041 1930//1930
f 1928//1928 2039//2039 2041//2041
f 1929//1929 1931//1931 2040//2040
f 2040//2040 1931//1931 2042//2042
f 1930//1930 2041//2041 1932//1932
f 1932//1932 2041//2041 2043//2043
f 2044//2044 1931//1931 1933//1933
f 2044//2044 2042//2042 1931//1931
f 1932//1932 2043//2043 1934//1934
f 1934//1934 2043//2043 2045//2045
f 1935//1935 2046//2046 1933//1933
f 1933//1933 2046//2046 2044//2044
f 1934//1934 2045//2045 1936//1936
f 1936//1936 2045//2045 2047//2047
f 1935//1935 1937//1937 2046//2046
f 2046//2046 1937//1937 2048//2048
f 1936//1936 2047//2047 1939//1939
f 1939//1939 2047//2047 2049//2049
f 2050//2050 1937//1937 1940//1940
f 2050//2050 2048//2048 1937//1937
f 1939//1939 2049//2049 1942//1942
f 1942//1942 2049//2049 2051//2051
f 1943//1943 2052//2052 1940//1940
f 1940//1940 2052//2052 2050//2050
f 1942//1942 2051//2051 1945//1945
f 1945//1945 2051//2051 2053//2053
f 1946//1946 2054//2054 1943//1943
f 1943//1943 2054//2054 2052//2052
f 1945//1945 2053//2053 2055//2055
f 2055//2055 2053//2053 2056//2056
f 2055//2055 1947//1947 1945//1945
f 1950//1950 1949//1949 2057//2057
f 1950//1950 2058//2058 1946//1946
f 1950//1950 2057//2057 2058//2058
f 1946//1946 2058//2058 2054//2054
f 2055//2055 2056//2056 2059//2059
f 2059//2059 2056//2056 2060//2060
f 2055//2055 1952//1952 1947//1947
f 2055//2055 2059//2059 1952//1952
f 1955//1955 2061//2061 1949//1949
f 1949//1949 2061//2061 2057//2057
f 2059//2059 2060//2060 2062//2062
f 2062//2062 2060//2060 2063//2063
f 2059//2059 2064//2064 1952//1952
f 2059//2059 2062//2062 2064//2064
f 2064//2064 1956//1956 1952//1952
f 1963//1963 2065//2065 1954//1954
f 1954//1954 2065//2065 1955//1955
f 1955//1955 2065//2065 2066//2066
f 1955//1955 2066//2066 2061//2061
f 2062//2062 2063//2063 2067//2067
f 2067//2067 2063//2063 2068//2068
f 2062//2062 2069//2069 2064//2064
f 2062//2062 2067//2067 2069//2069
f 2064//2064 2070//2070 1956//1956
f 2064//2064 2069//2069 2070//2070
f 2070//2070 1964//1964 1956//1956
f 1968//1968 2071//2071 1962//1962
f 1962//1962 2071//2071 1963//1963
f 1963//1963 2071//2071 2072//2072
f 1963//1963 2072//2072 2065//2065
f 2067//2067 2068//2068 2073//2073
f 2073//2073 2068//2068 2074//2074
f 2067//2067 2075//2075 2069//2069
f 2067//2067 2073//2073 2075//2075
f 2069//2069 2076//2076 2070//2070
f 2069//2069 2075//2075 2076//2076
f 2070//2070 2077//2077 1964//1964
f 2070//2070 2076//2076 2077//2077
f 1964//1964 2078//2078 1965//1965
f 1964//1964 2077//2077 2078//2078
f 1965//1965 2079//2079 1966//1966
f 1965//1965 2078//2078 2079//2079
f 1966//1966 2080//2080 1967//1967
f 1966//1966 2079//2079 2080//2080
f 1968//1968 2080//2080 2081//2081
f 1968//1968 1967//1967 2080//2080
f 1968//1968 2081//2081 2071//2071
f 2074//2074 2082//2082 2073//2073
f 2083//2083 2073//2073 2082//2082
f 2083//2083 2075//2075 2073//2073
f 2075//2075 2084//2084 2076//2076
f 2075//2075 2083//2083 2084//2084
f 2076//2076 2085//2085 2077//2077
f 2076//2076 2084//2084 2085//2085
f 2077//2077 2086//2086 2078//2078
f 2077//2077 2085//2085 2086//2086
f 2079//2079 2086//2086 2087//2087
f 2079//2079 2078//2078 2086//2086
f 2079//2079 2087//2087 2080//2080
f 2080//2080 2087//2087 2088//2088
f 2080//2080 2088//2088 2081//2081
f 2082//2082 2089//2089 2083//2083
f 2083//2083 2089//2089 2084//2084
f 2084//2084 2089//2089 2090//2090
f 2084//2084 2090//2090 2085//2085
f 2085//2085 2090//2090 2091//2091
f 2085//2085 2091//2091 2086//2086
f 2086//2086 2091//2091 2092//2092
f 2086//2086 2092//2092 2087//2087
f 2093//2093 1970//1970 1971//1971
f 1971//1971 2094//2094 2093//2093
f 1971//1971 1972//1972 2094//2094
f 2095//2095 1972//1972 1973//1973
f 2095//2095 2094//2094 1972//1972
f 2096//2096 1973//1973 1969//1969
f 2096//2096 2095//2095 1973//1973
f 2097//2097 1969//1969 1974//1974
f 2097//2097 2096//2096 1969//1969
f 2098//2098 1974//1974 1975//1975
f 2098//2098 2097//2097 1974//1974
f 2098//2098 1976//1976 2099//2099
f 2098//2098 1975//1975 1976//1976
f 1977//1977 2099//2099 1976//1976
f 2100//2100 1978//1978 1979//1979
f 1979//1979 2101//2101 2100//2100
f 1979//1979 1970//1970 2101//2101
f 2101//2101 1970//1970 2093//2093
f 2102//2102 2099//2099 1977//1977
f 1980//1980 2102//2102 1977//1977
f 2104//2104 2103//2103 1978//1978
f 1978//1978 2103//2103 1981//1981
f 2104//2104 1978//1978 2100//2100
f 2105//2105 2102//2102 1980//1980
f 1982//1982 2105//2105 1980//1980
f 2103//2103 2106//2106 1981//1981
f 1981//1981 2106//2106 1983//1983
f 2107//2107 2105//2105 1982//1982
f 1984//1984 2107//2107 1982//1982
f 2106//2106 2108//2108 1983//1983
f 1983//1983 2108//2108 1985//1985
f 1984//1984 2109//2109 2107//2107
f 1984//1984 1986//1986 2109//2109
f 2108//2108 2110//2110 1985//1985
f 1985//1985 2110//2110 1987//1987
f 2109//2109 1986//1986 2111//2111
f 1988//1988 2111//2111 1986//1986
f 2110//2110 2112//2112 1987//1987
f 1987//1987 2112//2112 1989//1989
f 1988//1988 2113//2113 2111//2111
f 1988//1988 1990//1990 2113//2113
f 2112//2112 2114//2114 1989//1989
f 1989//1989 2114//2114 1991//1991
f 1992//1992 2113//2113 1990//1990
f 1992//1992 2115//2115 2113//2113
f 2114//2114 1993//1993 1991//1991
f 2116//2116 1993//1993 2114//2114
f 1994//1994 2115//2115 1992//1992
f 1994//1994 2117//2117 2115//2115
f 2116//2116 2118//2118 1995//1995
f 1993//1993 2116//2116 1995//1995
f 1994//1994 1996//1996 2117//2117
f 2117//2117 1996//1996 2119//2119
f 2118//2118 1997//1997 1995//1995
f 2118//2118 2120//2120 1997//1997
f 1998//1998 2119//2119 1996//1996
f 1998//1998 2121//2121 2119//2119
f 2120//2120 1999//1999 1997//1997
f 2122//2122 1999//1999 2120//2120
f 2000//2000 2121//2121 1998//1998
f 2000//2000 2123//2123 2121//2121
f 2122//2122 2124//2124 1999//1999
f 1999//1999 2124//2124 2001//2001
f 2002//2002 2123//2123 2000//2000
f 2002//2002 2125//2125 2123//2123
f 2124//2124 2003//2003 2001//2001
f 2126//2126 2003//2003 2124//2124
f 2004//2004 2125//2125 2002//2002
f 2004//2004 2127//2127 2125//2125
f 2126//2126 2128//2128 2005//2005
f 2003//2003 2126//2126 2005//2005
f 2004//2004 2006//2006 2127//2127
f 2127//2127 2006//2006 2129//2129
f 2128//2128 2007//2007 2005//2005
f 2128//2128 2130//2130 2007//2007
f 2008//2008 2129//2129 2006//2006
f 2008//2008 2131//2131 2129//2129
f 2130//2130 2009//2009 2007//2007
f 2132//2132 2009//2009 2130//2130
f 2010//2010 2131//2131 2008//2008
f 2010//2010 2133//2133 2131//2131
f 2132//2132 2134//2134 2009//2009
f 2009//2009 2134//2134 2011//2011
f 2012//2012 2133//2133 2010//2010
f 2012//2012 2135//2135 2133//2133
f 2134//2134 2013//2013 2011//2011
f 2136//2136 2013//2013 2134//2134
f 2014//2014 2135//2135 2012//2012
f 2014//2014 2137//2137 2135//2135
f 2136//2136 2138//2138 2015//2015
f 2013//2013 2136//2136 2015//2015
f 2016//2016 2137//2137 2014//2014
f 2016//2016 2139//2139 2137//2137
f 2138//2138 2017//2017 2015//2015
f 2138//2138 2140//2140 2017//2017
f 2018//2018 2139//2139 2016//2016
f 2018//2018 2141//2141 2139//2139
f 2140//2140 2019//2019 2017//2017
f 2142//2142 2019//2019 2140//2140
f 2020//2020 2141//2141 2018//2018
f 2020//2020 2143//2143 2141//2141
f 2142//2142 2144//2144 2021//2021
f 2019//2019 2142//2142 2021//2021
f 2020//2020 2022//2022 2143//2143
f 2143//2143 2022//2022 2145//2145
f 2021//2021 2144//2144 2023//2023
f 2023//2023 2144//2144 2146//2146
f 2024//2024 2145//2145 2022//2022
f 2024//2024 2147//2147 2145//2145
f 2023//2023 2146//2146 2025//2025
f 2025//2025 2146//2146 2148//2148
f 2026//2026 2147//2147 2024//2024
f 2026//2026 2149//2149 2147//2147
f 2025//2025 2148//2148 2027//2027
f 2027//2027 2148//2148 2150//2150
f 2026//2026 2028//2028 2149//2149
f 2149//2149 2028//2028 2151//2151
f 2027//2027 2150//2150 2029//2029
f 2029//2029 2150//2150 2152//2152
f 2030//2030 2151//2151 2028//2028
f 2030//2030 2153//2153 2151//2151
f 2029//2029 2152//2152 2031//2031
f 2031//2031 2152//2152 2154//2154
f 2030//2030 2032//2032 2153//2153
f 2153//2153 2032//2032 2155//2155
f 2031//2031 2154//2154 2033//2033
f 2033//2033 2154//2154 2156//2156
f 2034//2034 2155//2155 2032//2032
f 2034//2034 2157//2157 2155//2155
f 2156//2156 2158//2158 2033//2033
f 2035//2035 2033//2033 2158//2158
f 2034//2034 2036//2036 2157//2157
f 2157//2157 2036//2036 2159//2159
f 2158//2158 2037//2037 2035//2035
f 2160//2160 2037//2037 2158//2158
f 2038//2038 2159//2159 2036//2036
f 2038//2038 2161//2161 2159//2159
f 2037//2037 2162//2162 2039//2039
f 2037//2037 2160//2160 2162//2162
f 2038//2038 2040//2040 2161//2161
f 2161//2161 2040//2040 2163//2163
f 2039//2039 2162//2162 2041//2041
f 2041//2041 2162//2162 2164//2164
f 2165//2165 2040//2040 2042//2042
f 2165//2165 2163//2163 2040//2040
f 2041//2041 2164//2164 2043//2043
f 2043//2043 2164//2164 2166//2166
f 2044//2044 2167//2167 2042//2042
f 2042//2042 2167//2167 2165//2165
f 2043//2043 2166//2166 2045//2045
f 2045//2045 2166//2166 2168//2168
f 2169//2169 2044//2044 2046//2046
f 2169//2169 2167//2167 2044//2044
f 2045//2045 2168//2168 2047//2047
f 2047//2047 2168//2168 2170//2170
f 2048//2048 2171//2171 2046//2046
f 2046//2046 2171//2171 2169//2169
f 2047//2047 2170//2170 2049//2049
f 2049//2049 2170//2170 2172//2172
f 2050//2050 2173//2173 2048//2048
f 2048//2048 2173//2173 2171//2171
f 2049//2049 2172//2172 2051//2051
f 2051//2051 2172//2172 2174//2174
f 2050//2050 2052//2052 2173//2173
f 2173//2173 2052//2052 2175//2175
f 2051//2051 2174//2174 2053//2053
f 2053//2053 2174//2174 2176//2176
f 2052//2052 2054//2054 2175//2175
f 2175//2175 2054//2054 2177//2177
f 2053//2053 2176//2176 2056//2056
f 2056//2056 2176//2176 2178//2178
f 2058//2058 2057//2057 2179//2179
f 2054//2054 2058//2058 2177//2177
f 2177//2177 2058//2058 2179//2179
f 2178//2178 2181//2181 2180//2180
f 2180//2180 2056//2056 2178//2178
f 2180//2180 2060//2060 2056//2056
f 2061//2061 2182//2182 2057//2057
f 2057//2057 2182//2182 2179//2179
f 2180//2180 2181//2181 2183//2183
f 2183//2183 2181//2181 2184//2184
f 2180//2180 2063//2063 2060//2060
f 2180//2180 2183//2183 2063//2063
f 2066//2066 2185//2185 2061//2061
f 2061//2061 2185//2185 2182//2182
f 2183//2183 2184//2184 2186//2186
f 2186//2186 2184//2184 2187//2187
f 2183//2183 2068//2068 2063//2063
f 2183//2183 2186//2186 2068//2068
f 2072//2072 2188//2188 2065//2065
f 2065//2065 2188//2188 2066//2066
f 2066//2066 2188//2188 2189//2189
f 2066//2066 2189//2189 2185//2185
f 2186//2186 2187//2187 2190//2190
f 2190//2190 2187//2187 2191//2191
f 2186//2186 2074//2074 2068//2068
f 2186//2186 2190//2190 2074//2074
f 2081//2081 2192//2192 2071//2071
f 2071//2071 2192//2192 2072//2072
f 2072//2072 2192//2192 2193//2193
f 2072//2072 2193//2193 2188//2188
f 2190//2190 2191//2191 2194//2194
f 2194//2194 2191//2191 2195//2195
f 2190//2190 2196//2196 2074//2074
f 2190//2190 2194//2194 2196//2196
f 2196//2196 2082//2082 2074//2074
f 2088//2088 2197//2197 2081//2081
f 2081//2081 2197//2197 2192//2192
f 2195//2195 2199//2199 2198//2198
f 2198//2198 2194//2194 2195//2195
f 2198//2198 2200//2200 2194//2194
f 2194//2194 2201//2201 2196//2196
f 2194//2194 2200//2200 2201//2201
f 2196//2196 2202//2202 2082//2082
f 2196//2196 2201//2201 2202//2202
f 2202//2202 2089//2089 2082//2082
f 2203//2203 2087//2087 2092//2092
f 2088//2088 2203//2203 2204//2204
f 2088//2088 2087//2087 2203//2203
f 2088//2088 2204//2204 2197//2197
f 2199//2199 2205//2205 2198//2198
f 2206//2206 2198//2198 2205//2205
f 2206//2206 2200//2200 2198//2198
f 2200//2200 2207//2207 2201//2201
f 2200//2200 2206//2206 2207//2207
f 2201//2201 2208//2208 2202//2202
f 2201//2201 2207//2207 2208//2208
f 2202//2202 2209//2209 2089//2089
f 2202//2202 2208//2208 2209//2209
f 2089//2089 2210//2210 2090//2090
f 2089//2089 2209//2209 2210//2210
f 2090//2090 2211//2211 2091//2091
f 2090//2090 2210//2210 2211//2211
f 2092//2092 2211//2211 2212//2212
f 2092//2092 2091//2091 2211//2211
f 2092//2092 2212//2212 2203//2203
f 2203//2203 2212//2212 2213//2213
f 2203//2203 2213//2213 2204//2204
f 2206//2206 2205//2205 2214//2214
f 2214//2214 2205//2205 2215//2215
f 2206//2206 2216//2216 2207//2207
f 2206//2206 2214//2214 2216//2216
f 2207//2207 2217//2217 2208//2208
f 2207//2207 2216//2216 2217//2217
f 2208//2208 2218//2218 2209//2209
f 2208//2208 2217//2217 2218//2218
f 2209//2209 2219//2219 2210//2210
f 2209//2209 2218//2218 2219//2219
f 2211//2211 2219//2219 2220//2220
f 2211//2211 2210//2210 2219//2219
f 2211//2211 2220//2220 2212//2212
f 2215//2215 2221//2221 2214//2214
f 2214//2214 2221//2221 2216//2216
f 2216//2216 2221//2221 2222//2222
f 2216//2216 2222//2222 2217//2217
f 2217//2217 2222//2222 2223//2223
f 2217//2217 2223//2223 2218//2218
f 2218//2218 2223//2223 2224//2224
f 2218//2218 2224//2224 2219//2219
f 2219//2219 2224//2224 2225//2225
f 2219//2219 2225//2225 2220//2220
f 2226//2226 2093//2093 2094//2094
f 2094//2094 2227//2227 2226//2226
f 2094//2094 2095//2095 2227//2227
f 2228//2228 2095//2095 2096//2096
f 2228//2228 2227//2227 2095//2095
f 2229//2229 2096//2096 2097//2097
f 2229//2229 2228//2228 2096//2096
f 2229//2229 2098//2098 2230//2230
f 2229//2229 2097//2097 2098//2098
f 2099//2099 2230//2230 2098//2098
f 2232//2232 2231//2231 2101//2101
f 2101//2101 2231//2231 2100//2100
f 2233//2233 2101//2101 2093//2093
f 2233//2233 2232//2232 2101//2101
f 2233//2233 2093//2093 2226//2226
f 2234//2234 2230//2230 2099//2099
f 2099//2099 2102//2102 2234//2234
f 2234//2234 2102//2102 2235//2235
f 2237//2237 2236//2236 2104//2104
f 2104//2104 2236//2236 2103//2103
f 2231//2231 2104//2104 2100//2100
f 2231//2231 2237//2237 2104//2104
f 2102//2102 2105//2105 2235//2235
f 2235//2235 2105//2105 2238//2238
f 2236//2236 2239//2239 2103//2103
f 2103//2103 2239//2239 2106//2106
f 2105//2105 2107//2107 2238//2238
f 2238//2238 2107//2107 2240//2240
f 2239//2239 2241//2241 2106//2106
f 2106//2106 2241//2241 2108//2108
f 2107//2107 2109//2109 2240//2240
f 2240//2240 2109//2109 2242//2242
f 2241//2241 2243//2243 2108//2108
f 2108//2108 2243//2243 2110//2110
f 2111//2111 2242//2242 2109//2109
f 2111//2111 2244//2244 2242//2242
f 2243//2243 2245//2245 2110//2110
f 2110//2110 2245//2245 2112//2112
f 2111//2111 2113//2113 2244//2244
f 2244//2244 2113//2113 2246//2246
f 2245//2245 2247//2247 2112//2112
f 2112//2112 2247//2247 2114//2114
f 2115//2115 2246//2246 2113//2113
f 2115//2115 2248//2248 2246//2246
f 2247//2247 2116//2116 2114//2114
f 2249//2249 2116//2116 2247//2247
f 2117//2117 2248//2248 2115//2115
f 2117//2117 2250//2250 2248//2248
f 2249//2249 2251//2251 2116//2116
f 2116//2116 2251//2251 2118//2118
f 2117//2117 2119//2119 2250//2250
f 2250//2250 2119//2119 2252//2252
f 2251//2251 2120//2120 2118//2118
f 2253//2253 2120//2120 2251//2251
f 2121//2121 2252//2252 2119//2119
f 2121//2121 2254//2254 2252//2252
f 2253//2253 2122//2122 2120//2120
f 2255//2255 2122//2122 2253//2253
f 2123//2123 2254//2254 2121//2121
f 2123//2123 2256//2256 2254//2254
f 2255//2255 2257//2257 2122//2122
f 2122//2122 2257//2257 2124//2124
f 2125//2125 2256//2256 2123//2123
f 2125//2125 2258//2258 2256//2256
f 2257//2257 2126//2126 2124//2124
f 2259//2259 2126//2126 2257//2257
f 2127//2127 2258//2258 2125//2125
f 2127//2127 2260//2260 2258//2258
f 2259//2259 2261//2261 2126//2126
f 2126//2126 2261//2261 2128//2128
f 2127//2127 2129//2129 2260//2260
f 2260//2260 2129//2129 2262//2262
f 2261//2261 2130//2130 2128//2128
f 2263//2263 2130//2130 2261//2261
f 2131//2131 2262//2262 2129//2129
f 2131//2131 2264//2264 2262//2262
f 2263//2263 2132//2132 2130//2130
f 2265//2265 2132//2132 2263//2263
f 2133//2133 2264//2264 2131//2131
f 2133//2133 2266//2266 2264//2264
f 2265//2265 2267//2267 2132//2132
f 2132//2132 2267//2267 2134//2134
f 2135//2135 2266//2266 2133//2133
f 2135//2135 2268//2268 2266//2266
f 2267//2267 2136//2136 2134//2134
f 2269//2269 2136//2136 2267//2267
f 2137//2137 2268//2268 2135//2135
f 2137//2137 2270//2270 2268//2268
f 2269//2269 2271//2271 2136//2136
f 2136//2136 2271//2271 2138//2138
f 2139//2139 2270//2270 2137//2137
f 2139//2139 2272//2272 2270//2270
f 2271//2271 2140//2140 2138//2138
f 2273//2273 2140//2140 2271//2271
f 2141//2141 2272//2272 2139//2139
f 2141//2141 2274//2274 2272//2272
f 2273//2273 2142//2142 2140//2140
f 2275//2275 2142//2142 2273//2273
f 2143//2143 2274//2274 2141//2141
f 2143//2143 2276//2276 2274//2274
f 2275//2275 2277//2277 2142//2142
f 2142//2142 2277//2277 2144//2144
f 2143//2143 2145//2145 2276//2276
f 2276//2276 2145//2145 2278//2278
f 2277//2277 2146//2146 2144//2144
f 2279//2279 2146//2146 2277//2277
f 2147//2147 2278//2278 2145//2145
f 2147//2147 2280//2280 2278//2278
f 2279//2279 2148//2148 2146//2146
f 2281//2281 2148//2148 2279//2279
f 2149//2149 2280//2280 2147//2147
f 2149//2149 2282//2282 2280//2280
f 2281//2281 2150//2150 2148//2148
f 2283//2283 2150//2150 2281//2281
f 2149//2149 2151//2151 2282//2282
f 2282//2282 2151//2151 2284//2284
f 2283//2283 2152//2152 2150//2150
f 2285//2285 2152//2152 2283//2283
f 2153//2153 2284//2284 2151//2151
f 2153//2153 2286//2286 2284//2284
f 2285//2285 2154//2154 2152//2152
f 2287//2287 2154//2154 2285//2285
f 2288//2288 2153//2153 2155//2155
f 2288//2288 2286//2286 2153//2153
f 2287//2287 2156//2156 2154//2154
f 2289//2289 2156//2156 2287//2287
f 2157//2157 2290//2290 2155//2155
f 2155//2155 2290//2290 2288//2288
f 2156//2156 2291//2291 2158//2158
f 2156//2156 2289//2289 2291//2291
f 2292//2292 2157//2157 2159//2159
f 2292//2292 2290//2290 2157//2157
f 2158//2158 2291//2291 2160//2160
f 2160//2160 2291//2291 2293//2293
f 2161//2161 2294//2294 2159//2159
f 2159//2159 2294//2294 2292//2292
f 2160//2160 2293//2293 2162//2162
f 2162//2162 2293//2293 2295//2295
f 2296//2296 2161//2161 2163//2163
f 2296//2296 2294//2294 2161//2161
f 2162//2162 2295//2295 2164//2164
f 2164//2164 2295//2295 2297//2297
f 2165//2165 2298//2298 2163//2163
f 2163//2163 2298//2298 2296//2296
f 2164//2164 2297//2297 2166//2166
f 2166//2166 2297//2297 2299//2299
f 2165//2165 2167//2167 2298//2298
f 2298//2298 2167//2167 2300//2300
f 2166//2166 2299//2299 2168//2168
f 2168//2168 2299//2299 2301//2301
f 2169//2169 2300//2300 2167//2167
f 2169//2169 2302//2302 2300//2300
f 2168//2168 2301//2301 2170//2170
f 2170//2170 2301//2301 2303//2303
f 2169//2169 2171//2171 2302//2302
f 2302//2302 2171//2171 2304//2304
f 2170//2170 2303//2303 2172//2172
f 2172//2172 2303//2303 2305//2305
f 2306//2306 2171//2171 2173//2173
f 2306//2306 2304//2304 2171//2171
f 2172//2172 2305//2305 2174//2174
f 2174//2174 2305//2305 2307//2307
f 2175//2175 2308//2308 2173//2173
f 2173//2173 2308//2308 2306//2306
f 2174//2174 2307//2307 2176//2176
f 2176//2176 2307//2307 2309//2309
f 2177//2177 2310//2310 2175//2175
f 2175//2175 2310//2310 2308//2308
f 2176//2176 2309//2309 2178//2178
f 2178//2178 2309//2309 2311//2311
f 2179//2179 2312//2312 2177//2177
f 2177//2177 2312//2312 2310//2310
f 2311//2311 2313//2313 2181//2181
f 2311//2311 2181//2181 2178//2178
f 2182//2182 2314//2314 2179//2179
f 2179//2179 2314//2314 2312//2312
f 2181//2181 2313//2313 2184//2184
f 2184//2184 2313//2313 2315//2315
f 2185//2185 2316//2316 2182//2182
f 2182//2182 2316//2316 2314//2314
f 2184//2184 2315//2315 2187//2187
f 2187//2187 2315//2315 2317//2317
f 2189//2189 2188//2188 2318//2318
f 2189//2189 2319//2319 2185//2185
f 2189//2189 2318//2318 2319//2319
f 2185//2185 2319//2319 2316//2316
f 2317//2317 2321//2321 2320//2320
f 2320//2320 2187//2187 2317//2317
f 2320//2320 2191//2191 2187//2187
f 2193//2193 2322//2322 2188//2188
f 2188//2188 2322//2322 2318//2318
f 2320//2320 2321//2321 2323//2323
f 2323//2323 2321//2321 2324//2324
f 2320//2320 2195//2195 2191//2191
f 2320//2320 2323//2323 2195//2195
f 2197//2197 2325//2325 2192//2192
f 2192//2192 2325//2325 2193//2193
f 2193//2193 2325//2325 2326//2326
f 2193//2193 2326//2326 2322//2322
f 2323//2323 2324//2324 2199//2199
f 2199//2199 2324//2324 2327//2327
f 2323//2323 2199//2199 2195//2195
f 2204//2204 2328//2328 2197//2197
f 2197//2197 2328//2328 2325//2325
f 2199//2199 2327//2327 2329//2329
f 2329//2329 2327//2327 2330//2330
f 2329//2329 2205//2205 2199//2199
f 2213//2213 2331//2331 2204//2204
f 2204//2204 2331//2331 2328//2328
f 2329//2329 2330//2330 2332//2332
f 2332//2332 2330//2330 2333//2333
f 2329//2329 2215//2215 2205//2205
f 2329//2329 2332//2332 2215//2215
f 2334//2334 2212//2212 2220//2220
f 2213//2213 2334//2334 2335//2335
f 2213//2213 2212//2212 2334//2334
f 2213//2213 2335//2335 2331//2331
f 2332//2332 2333//2333 2336//2336
f 2336//2336 2333//2333 2337//2337
f 2332//2332 2338//2338 2215//2215
f 2332//2332 2336//2336 2338//2338
f 2338//2338 2221//2221 2215//2215
f 2225//2225 2339//2339 2220//2220
f 2220//2220 2339//2339 2334//2334
f 2334//2334 2339//2339 2340//2340
f 2334//2334 2340//2340 2335//2335
f 2337//2337 2341//2341 2336//2336
f 2342//2342 2336//2336 2341//2341
f 2342//2342 2338//2338 2336//2336
f 2338//2338 2343//2343 2221//2221
f 2338//2338 2342//2342 2343//2343
f 2221//2221 2344//2344 2222//2222
f 2221//2221 2343//2343 2344//2344
f 2222//2222 2345//2345 2223//2223
f 2222//2222 2344//2344 2345//2345
f 2223//2223 2346//2346 2224//2224
f 2223//2223 2345//2345 2346//2346
f 2225//2225 2346//2346 2347//2347
f 2225//2225 2224//2224 2346//2346
f 2225//2225 2347//2347 2339//2339
f 2341//2341 2348//2348 2342//2342
f 2342//2342 2348//2348 2343//2343
f 2343//2343 2348//2348 2349//2349
f 2343//2343 2349//2349 2344//2344
f 2344//2344 2349//2349 2350//2350
f 2344//2344 2350//2350 2345//2345
f 2345//2345 2350//2350 2351//2351
f 2345//2345 2351//2351 2346//2346
f 2346//2346 2351//2351 2352//2352
f 2346//2346 2352//2352 2347//2347
f 2353//2353 2226//2226 2227//2227
f 2228//2228 2354//2354 2227//2227
f 2227//2227 2354//2354 2353//2353
f 2229//2229 2355//2355 2228//2228
f 2228//2228 2355//2355 2354//2354
f 2230//2230 2355//2355 2229//2229
f 2356//2356 2231//2231 2232//2232
f 2232//2232 2357//2357 2356//2356
f 2232//2232 2233//2233 2357//2357
f 2358//2358 2233//2233 2226//2226
f 2358//2358 2357//2357 2233//2233
f 2358//2358 2226//2226 2353//2353
f 2359//2359 2355//2355 2230//2230
f 2360//2360 2230//2230 2234//2234
f 2360//2360 2359//2359 2230//2230
f 2234//2234 2235//2235 2360//2360
f 2360//2360 2235//2235 2361//2361
f 2362//2362 2236//2236 2237//2237
f 2237//2237 2363//2363 2362//2362
f 2237//2237 2231//2231 2363//2363
f 2363//2363 2231//2231 2356//2356
f 2235//2235 2238//2238 2361//2361
f 2361//2361 2238//2238 2364//2364
f 2366//2366 2365//2365 2236//2236
f 2236//2236 2365//2365 2239//2239
f 2366//2366 2236//2236 2362//2362
f 2238//2238 2240//2240 2364//2364
f 2364//2364 2240//2240 2367//2367
f 2365//2365 2368//2368 2239//2239
f 2239//2239 2368//2368 2241//2241
f 2240//2240 2242//2242 2367//2367
f 2367//2367 2242//2242 2369//2369
f 2368//2368 2370//2370 2241//2241
f 2241//2241 2370//2370 2243//2243
f 2244//2244 2369//2369 2242//2242
f 2244//2244 2371//2371 2369//2369
f 2370//2370 2372//2372 2243//2243
f 2243//2243 2372//2372 2245//2245
f 2244//2244 2246//2246 2371//2371
f 2371//2371 2246//2246 2373//2373
f 2372//2372 2374//2374 2245//2245
f 2245//2245 2374//2374 2247//2247
f 2248//2248 2373//2373 2246//2246
f 2248//2248 2375//2375 2373//2373
f 2374//2374 2249//2249 2247//2247
f 2376//2376 2249//2249 2374//2374
f 2250//2250 2375//2375 2248//2248
f 2250//2250 2377//2377 2375//2375
f 2376//2376 2378//2378 2249//2249
f 2249//2249 2378//2378 2251//2251
f 2250//2250 2252//2252 2377//2377
f 2377//2377 2252//2252 2379//2379
f 2378//2378 2253//2253 2251//2251
f 2380//2380 2253//2253 2378//2378
f 2254//2254 2379//2379 2252//2252
f 2254//2254 2381//2381 2379//2379
f 2380//2380 2255//2255 2253//2253
f 2382//2382 2255//2255 2380//2380
f 2256//2256 2381//2381 2254//2254
f 2256//2256 2383//2383 2381//2381
f 2382//2382 2384//2384 2255//2255
f 2255//2255 2384//2384 2257//2257
f 2258//2258 2383//2383 2256//2256
f 2258//2258 2385//2385 2383//2383
f 2384//2384 2259//2259 2257//2257
f 2386//2386 2259//2259 2384//2384
f 2260//2260 2385//2385 2258//2258
f 2260//2260 2387//2387 2385//2385
f 2386//2386 2388//2388 2259//2259
f 2259//2259 2388//2388 2261//2261
f 2260//2260 2262//2262 2387//2387
f 2387//2387 2262//2262 2389//2389
f 2388//2388 2263//2263 2261//2261
f 2390//2390 2263//2263 2388//2388
f 2264//2264 2389//2389 2262//2262
f 2264//2264 2391//2391 2389//2389
f 2390//2390 2265//2265 2263//2263
f 2392//2392 2265//2265 2390//2390
f 2266//2266 2391//2391 2264//2264
f 2266//2266 2393//2393 2391//2391
f 2392//2392 2394//2394 2265//2265
f 2265//2265 2394//2394 2267//2267
f 2268//2268 2393//2393 2266//2266
f 2268//2268 2395//2395 2393//2393
f 2394//2394 2269//2269 2267//2267
f 2396//2396 2269//2269 2394//2394
f 2270//2270 2395//2395 2268//2268
f 2270//2270 2397//2397 2395//2395
f 2396//2396 2398//2398 2269//2269
f 2269//2269 2398//2398 2271//2271
f 2272//2272 2397//2397 2270//2270
f 2272//2272 2399//2399 2397//2397
f 2398//2398 2273//2273 2271//2271
f 2400//2400 2273//2273 2398//2398
f 2274//2274 2399//2399 2272//2272
f 2274//2274 2401//2401 2399//2399
f 2400//2400 2275//2275 2273//2273
f 2402//2402 2275//2275 2400//2400
f 2276//2276 2401//2401 2274//2274
f 2276//2276 2403//2403 2401//2401
f 2402//2402 2404//2404 2275//2275
f 2275//2275 2404//2404 2277//2277
f 2276//2276 2278//2278 2403//2403
f 2403//2403 2278//2278 2405//2405
f 2404//2404 2279//2279 2277//2277
f 2406//2406 2279//2279 2404//2404
f 2280//2280 2405//2405 2278//2278
f 2280//2280 2407//2407 2405//2405
f 2406//2406 2281//2281 2279//2279
f 2408//2408 2281//2281 2406//2406
f 2282//2282 2407//2407 2280//2280
f 2282//2282 2409//2409 2407//2407
f 2408//2408 2283//2283 2281//2281
f 2410//2410 2283//2283 2408//2408
f 2411//2411 2282//2282 2284//2284
f 2411//2411 2409//2409 2282//2282
f 2410//2410 2285//2285 2283//2283
f 2412//2412 2285//2285 2410//2410
f 2286//2286 2413//2413 2284//2284
f 2284//2284 2413//2413 2411//2411
f 2412//2412 2287//2287 2285//2285
f 2414//2414 2287//2287 2412//2412
f 2288//2288 2413//2413 2286//2286
f 2288//2288 2415//2415 2413//2413
f 2414//2414 2289//2289 2287//2287
f 2416//2416 2289//2289 2414//2414
f 2288//2288 2290//2290 2415//2415
f 2415//2415 2290//2290 2417//2417
f 2416//2416 2291//2291 2289//2289
f 2418//2418 2291//2291 2416//2416
f 2292//2292 2417//2417 2290//2290
f 2292//2292 2419//2419 2417//2417
f 2418//2418 2293//2293 2291//2291
f 2420//2420 2293//2293 2418//2418
f 2292//2292 2294//2294 2419//2419
f 2419//2419 2294//2294 2421//2421
f 2420//2420 2295//2295 2293//2293
f 2422//2422 2295//2295 2420//2420
f 2296//2296 2421//2421 2294//2294
f 2296//2296 2423//2423 2421//2421
f 2422//2422 2297//2297 2295//2295
f 2424//2424 2297//2297 2422//2422
f 2296//2296 2298//2298 2423//2423
f 2423//2423 2298//2298 2425//2425
f 2424//2424 2299//2299 2297//2297
f 2426//2426 2299//2299 2424//2424
f 2427//2427 2298//2298 2300//2300
f 2427//2427 2425//2425 2298//2298
f 2426//2426 2301//2301 2299//2299
f 2428//2428 2301//2301 2426//2426
f 2302//2302 2429//2429 2300//2300
f 2300//2300 2429//2429 2427//2427
f 2428//2428 2303//2303 2301//2301
f 2430//2430 2303//2303 2428//2428
f 2431//2431 2302//2302 2304//2304
f 2431//2431 2429//2429 2302//2302
f 2430//2430 2432//2432 2305//2305
f 2303//2303 2430//2430 2305//2305
f 2306//2306 2433//2433 2304//2304
f 2304//2304 2433//2433 2431//2431
f 2305//2305 2432//2432 2307//2307
f 2307//2307 2432//2432 2434//2434
f 2306//2306 2308//2308 2433//2433
f 2433//2433 2308//2308 2435//2435
f 2307//2307 2434//2434 2309//2309
f 2309//2309 2434//2434 2436//2436
f 2437//2437 2308//2308 2310//2310
f 2437//2437 2435//2435 2308//2308
f 2309//2309 2436//2436 2311//2311
f 2311//2311 2436//2436 2438//2438
f 2312//2312 2439//2439 2310//2310
f 2310//2310 2439//2439 2437//2437
f 2438//2438 2440//2440 2313//2313
f 2438//2438 2313//2313 2311//2311
f 2314//2314 2441//2441 2312//2312
f 2312//2312 2441//2441 2439//2439
f 2313//2313 2440//2440 2315//2315
f 2315//2315 2440//2440 2442//2442
f 2316//2316 2443//2443 2314//2314
f 2314//2314 2443//2443 2441//2441
f 2315//2315 2442//2442 2317//2317
f 2317//2317 2442//2442 2444//2444
f 2319//2319 2318//2318 2445//2445
f 2319//2319 2446//2446 2316//2316
f 2319//2319 2445//2445 2446//2446
f 2316//2316 2446//2446 2443//2443
f 2444//2444 2447//2447 2321//2321
f 2444//2444 2321//2321 2317//2317
f 2322//2322 2448//2448 2318//2318
f 2318//2318 2448//2448 2445//2445
f 2321//2321 2447//2447 2324//2324
f 2324//2324 2447//2447 2449//2449
f 2326//2326 2325//2325 2450//2450
f 2326//2326 2451//2451 2322//2322
f 2326//2326 2450//2450 2451//2451
f 2322//2322 2451//2451 2448//2448
f 2324//2324 2449//2449 2327//2327
f 2327//2327 2449//2449 2452//2452
f 2328//2328 2453//2453 2325//2325
f 2325//2325 2453//2453 2450//2450
f 2327//2327 2452//2452 2330//2330
f 2330//2330 2452//2452 2454//2454
f 2331//2331 2455//2455 2328//2328
f 2328//2328 2455//2455 2453//2453
f 2330//2330 2454//2454 2333//2333
f 2333//2333 2454//2454 2456//2456
f 2335//2335 2457//2457 2331//2331
f 2331//2331 2457//2457 2455//2455
f 2333//2333 2456//2456 2337//2337
f 2337//2337 2456//2456 2458//2458
f 2340//2340 2459//2459 2335//2335
f 2335//2335 2459//2459 2457//2457
f 2458//2458 2460//2460 2337//2337
f 2337//2337 2460//2460 2341//2341
f 2347//2347 2461//2461 2339//2339
f 2339//2339 2461//2461 2340//2340
f 2340//2340 2461//2461 2462//2462
f 2340//2340 2462//2462 2459//2459
f 2460//2460 2463//2463 2341//2341
f 2341//2341 2463//2463 2348//2348
f 2352//2352 2464//2464 2347//2347
f 2347//2347 2464//2464 2461//2461
f 2463//2463 2465//2465 2348//2348
f 2348//2348 2465//2465 2349//2349
f 2349//2349 2465//2465 2466//2466
f 2349//2349 2466//2466 2350//2350
f 2350//2350 2466//2466 2467//2467
f 2350//2350 2467//2467 2351//2351
f 2351//2351 2467//2467 2468//2468
f 2351//2351 2468//2468 2352//2352
f 2352//2352 2468//2468 2469//2469
f 2352//2352 2469//2469 2464//2464
f 2471//2471 2470//2470 2357//2357
f 2357//2357 2470//2470 2356//2356
f 2472//2472 2357//2357 2358//2358
f 2472//2472 2471//2471 2357//2357
f 2473//2473 2358//2358 2353//2353
f 2473//2473 2472//2472 2358//2358
f 2474//2474 2353//2353 2354//2354
f 2474//2474 2473//2473 2353//2353
f 2475//2475 2354//2354 2355//2355
f 2475//2475 2474//2474 2354//2354
f 2476//2476 2355//2355 2359//2359
f 2476//2476 2475//2475 2355//2355
f 2476//2476 2360//2360 2477//2477
f 2476//2476 2359//2359 2360//2360
f 2361//2361 2477//2477 2360//2360
f 2479//2479 2478//2478 2363//2363
f 2363//2363 2478//2478 2362//2362
f 2470//2470 2363//2363 2356//2356
f 2470//2470 2479//2479 2363//2363
f 2480//2480 2477//2477 2361//2361
f 2361//2361 2364//2364 2480//2480
f 2480//2480 2364//2364 2481//2481
f 2483//2483 2482//2482 2366//2366
f 2366//2366 2482//2482 2365//2365
f 2478//2478 2366//2366 2362//2362
f 2478//2478 2483//2483 2366//2366
f 2364//2364 2367//2367 2481//2481
f 2481//2481 2367//2367 2484//2484
f 2482//2482 2485//2485 2365//2365
f 2365//2365 2485//2485 2368//2368
f 2367//2367 2369//2369 2484//2484
f 2484//2484 2369//2369 2486//2486
f 2485//2485 2487//2487 2368//2368
f 2368//2368 2487//2487 2370//2370
f 2371//2371 2486//2486 2369//2369
f 2371//2371 2488//2488 2486//2486
f 2487//2487 2489//2489 2370//2370
f 2370//2370 2489//2489 2372//2372
f 2371//2371 2373//2373 2488//2488
f 2488//2488 2373//2373 2490//2490
f 2489//2489 2491//2491 2372//2372
f 2372//2372 2491//2491 2374//2374
f 2375//2375 2490//2490 2373//2373
f 2375//2375 2492//2492 2490//2490
f 2491//2491 2376//2376 2374//2374
f 2493//2493 2376//2376 2491//2491
f 2377//2377 2492//2492 2375//2375
f 2377//2377 2494//2494 2492//2492
f 2493//2493 2495//2495 2376//2376
f 2376//2376 2495//2495 2378//2378
f 2377//2377 2379//2379 2494//2494
f 2494//2494 2379//2379 2496//2496
f 2495//2495 2380//2380 2378//2378
f 2497//2497 2380//2380 2495//2495
f 2381//2381 2496//2496 2379//2379
f 2381//2381 2498//2498 2496//2496
f 2497//2497 2382//2382 2380//2380
f 2499//2499 2382//2382 2497//2497
f 2383//2383 2498//2498 2381//2381
f 2383//2383 2500//2500 2498//2498
f 2499//2499 2501//2501 2382//2382
f 2382//2382 2501//2501 2384//2384
f 2385//2385 2500//2500 2383//2383
f 2385//2385 2502//2502 2500//2500
f 2501//2501 2386//2386 2384//2384
f 2503//2503 2386//2386 2501//2501
f 2387//2387 2502//2502 2385//2385
f 2387//2387 2504//2504 2502//2502
f 2503//2503 2505//2505 2386//2386
f 2386//2386 2505//2505 2388//2388
f 2387//2387 2389//2389 2504//2504
f 2504//2504 2389//2389 2506//2506
f 2505//2505 2390//2390 2388//2388
f 2507//2507 2390//2390 2505//2505
f 2391//2391 2506//2506 2389//2389
f 2391//2391 2508//2508 2506//2506
f 2507//2507 2392//2392 2390//2390
f 2509//2509 2392//2392 2507//2507
f 2393//2393 2508//2508 2391//2391
f 2393//2393 2510//2510 2508//2508
f 2509//2509 2511//2511 2392//2392
f 2392//2392 2511//2511 2394//2394
f 2395//2395 2510//2510 2393//2393
f 2395//2395 2512//2512 2510//2510
f 2511//2511 2396//2396 2394//2394
f 2513//2513 2396//2396 2511//2511
f 2397//2397 2512//2512 2395//2395
f 2397//2397 2514//2514 2512//2512
f 2513//2513 2515//2515 2396//2396
f 2396//2396 2515//2515 2398//2398
f 2399//2399 2514//2514 2397//2397
f 2399//2399 2516//2516 2514//2514
f 2515//2515 2400//2400 2398//2398
f 2517//2517 2400//2400 2515//2515
f 2401//2401 2516//2516 2399//2399
f 2401//2401 2518//2518 2516//2516
f 2517//2517 2402//2402 2400//2400
f 2519//2519 2402//2402 2517//2517
f 2403//2403 2518//2518 2401//2401
f 2403//2403 2520//2520 2518//2518
f 2519//2519 2521//2521 2402//2402
f 2402//2402 2521//2521 2404//2404
f 2403//2403 2405//2405 2520//2520
f 2520//2520 2405//2405 2522//2522
f 2521//2521 2406//2406 2404//2404
f 2523//2523 2406//2406 2521//2521
f 2407//2407 2522//2522 2405//2405
f 2407//2407 2524//2524 2522//2522
f 2523//2523 2408//2408 2406//2406
f 2525//2525 2408//2408 2523//2523
f 2409//2409 2524//2524 2407//2407
f 2409//2409 2526//2526 2524//2524
f 2525//2525 2527//2527 2410//2410
f 2408//2408 2525//2525 2410//2410
f 2411//2411 2526//2526 2409//2409
f 2411//2411 2528//2528 2526//2526
f 2410//2410 2527//2527 2412//2412
f 2412//2412 2527//2527 2529//2529
f 2411//2411 2413//2413 2528//2528
f 2528//2528 2413//2413 2530//2530
f 2412//2412 2529//2529 2414//2414
f 2414//2414 2529//2529 2531//2531
f 2415//2415 2530//2530 2413//2413
f 2415//2415 2532//2532 2530//2530
f 2414//2414 2531//2531 2416//2416
f 2416//2416 2531//2531 2533//2533
f 2415//2415 2417//2417 2532//2532
f 2532//2532 2417//2417 2534//2534
f 2416//2416 2533//2533 2418//2418
f 2418//2418 2533//2533 2535//2535
f 2419//2419 2534//2534 2417//2417
f 2419//2419 2536//2536 2534//2534
f 2418//2418 2535//2535 2420//2420
f 2420//2420 2535//2535 2537//2537
f 2419//2419 2421//2421 2536//2536
f 2536//2536 2421//2421 2538//2538
f 2420//2420 2537//2537 2422//2422
f 2422//2422 2537//2537 2539//2539
f 2423//2423 2538//2538 2421//2421
f 2423//2423 2540//2540 2538//2538
f 2422//2422 2539//2539 2424//2424
f 2424//2424 2539//2539 2541//2541
f 2423//2423 2425//2425 2540//2540
f 2540//2540 2425//2425 2542//2542
f 2424//2424 2541//2541 2426//2426
f 2426//2426 2541//2541 2543//2543
f 2427//2427 2542//2542 2425//2425
f 2427//2427 2544//2544 2542//2542
f 2426//2426 2543//2543 2428//2428
f 2428//2428 2543//2543 2545//2545
f 2427//2427 2429//2429 2544//2544
f 2544//2544 2429//2429 2546//2546
f 2428//2428 2545//2545 2430//2430
f 2430//2430 2545//2545 2547//2547
f 2431//2431 2546//2546 2429//2429
f 2431//2431 2548//2548 2546//2546
f 2547//2547 2432//2432 2430//2430
f 2547//2547 2549//2549 2432//2432
f 2431//2431 2433//2433 2548//2548
f 2548//2548 2433//2433 2550//2550
f 2549//2549 2434//2434 2432//2432
f 2551//2551 2434//2434 2549//2549
f 2552//2552 2433//2433 2435//2435
f 2552//2552 2550//2550 2433//2433
f 2551//2551 2553//2553 2436//2436
f 2434//2434 2551//2551 2436//2436
f 2437//2437 2554//2554 2435//2435
f 2435//2435 2554//2554 2552//2552
f 2436//2436 2553//2553 2438//2438
f 2438//2438 2553//2553 2555//2555
f 2437//2437 2439//2439 2554//2554
f 2554//2554 2439//2439 2556//2556
f 2555//2555 2440//2440 2438//2438
f 2555//2555 2557//2557 2440//2440
f 2439//2439 2441//2441 2556//2556
f 2556//2556 2441//2441 2558//2558
f 2557//2557 2559//2559 2442//2442
f 2440//2440 2557//2557 2442//2442
f 2441//2441 2443//2443 2558//2558
f 2558//2558 2443//2443 2560//2560
f 2442//2442 2559//2559 2444//2444
f 2444//2444 2559//2559 2561//2561
f 2446//2446 2445//2445 2562//2562
f 2443//2443 2446//2446 2560//2560
f 2560//2560 2446//2446 2562//2562
f 2561//2561 2563//2563 2447//2447
f 2561//2561 2447//2447 2444//2444
f 2448//2448 2564//2564 2445//2445
f 2445//2445 2564//2564 2562//2562
f 2447//2447 2563//2563 2449//2449
f 2449//2449 2563//2563 2565//2565
f 2451//2451 2450//2450 2566//2566
f 2451//2451 2567//2567 2448//2448
f 2451//2451 2566//2566 2567//2567
f 2448//2448 2567//2567 2564//2564
f 2449//2449 2565//2565 2452//2452
f 2452//2452 2565//2565 2568//2568
f 2453//2453 2569//2569 2450//2450
f 2450//2450 2569//2569 2566//2566
f 2452//2452 2568//2568 2454//2454
f 2454//2454 2568//2568 2570//2570
f 2455//2455 2571//2571 2453//2453
f 2453//2453 2571//2571 2569//2569
f 2454//2454 2570//2570 2456//2456
f 2456//2456 2570//2570 2572//2572
f 2457//2457 2573//2573 2455//2455
f 2455//2455 2573//2573 2571//2571
f 2456//2456 2572//2572 2458//2458
f 2458//2458 2572//2572 2574//2574
f 2459//2459 2575//2575 2457//2457
f 2457//2457 2575//2575 2573//2573
f 2574//2574 2576//2576 2458//2458
f 2458//2458 2576//2576 2460//2460
f 2462//2462 2577//2577 2459//2459
f 2459//2459 2577//2577 2575//2575
f 2576//2576 2578//2578 2460//2460
f 2460//2460 2578//2578 2463//2463
f 2464//2464 2579//2579 2461//2461
f 2461//2461 2579//2579 2462//2462
f 2462//2462 2579//2579 2580//2580
f 2462//2462 2580//2580 2577//2577
f 2578//2578 2581//2581 2463//2463
f 2463//2463 2581//2581 2465//2465
f 2469//2469 2582//2582 2464//2464
f 2464//2464 2582//2582 2579//2579
f 2581//2581 2583//2583 2465//2465
f 2465//2465 2583//2583 2466//2466
f 2466//2466 2583//2583 2584//2584
f 2466//2466 2584//2584 2467//2467
f 2467//2467 2584//2584 2585//2585
f 2467//2467 2585//2585 2468//2468
f 2468//2468 2585//2585 2586//2586
f 2468//2468 2586//2586 2469//2469
f 2469//2469 2586//2586 2587//2587
f 2469//2469 2587//2587 2582//2582
f 2589//2589 2588//2588 2471//2471
f 2471//2471 2588//2588 2470//2470
f 2590//2590 2471//2471 2472//2472
f 2590//2590 2589//2589 2471//2471
f 2591//2591 2472//2472 2473//2473
f 2591//2591 2590//2590 2472//2472
f 2592//2592 2473//2473 2474//2474
f 2592//2592 2591//2591 2473//2473
f 2593//2593 2474//2474 2475//2475
f 2593//2593 2592//2592 2474//2474
f 2593//2593 2476//2476 2594//2594
f 2593//2593 2475//2475 2476//2476
f 2477//2477 2594//2594 2476//2476
f 2596//2596 2595//2595 2479//2479
f 2479//2479 2595//2595 2478//2478
f 2588//2588 2479//2479 2470//2470
f 2588//2588 2596//2596 2479//2479
f 2597//2597 2594//2594 2477//2477
f 2597//2597 2480//2480 2598//2598
f 2597//2597 2477//2477 2480//2480
f 2481//2481 2598//2598 2480//2480
f 2600//2600 2599//2599 2483//2483
f 2483//2483 2599//2599 2482//2482
f 2595//2595 2483//2483 2478//2478
f 2595//2595 2600//2600 2483//2483
f 2601//2601 2598//2598 2481//2481
f 2484//2484 2601//2601 2481//2481
f 2599//2599 2602//2602 2482//2482
f 2482//2482 2602//2602 2485//2485
f 2603//2603 2601//2601 2484//2484
f 2486//2486 2603//2603 2484//2484
f 2602//2602 2604//2604 2485//2485
f 2485//2485 2604//2604 2487//2487
f 2486//2486 2605//2605 2603//2603
f 2486//2486 2488//2488 2605//2605
f 2604//2604 2606//2606 2487//2487
f 2487//2487 2606//2606 2489//2489
f 2488//2488 2490//2490 2605//2605
f 2605//2605 2490//2490 2607//2607
f 2606//2606 2608//2608 2489//2489
f 2489//2489 2608//2608 2491//2491
f 2492//2492 2607//2607 2490//2490
f 2492//2492 2609//2609 2607//2607
f 2608//2608 2493//2493 2491//2491
f 2610//2610 2493//2493 2608//2608
f 2494//2494 2609//2609 2492//2492
f 2494//2494 2611//2611 2609//2609
f 2610//2610 2612//2612 2493//2493
f 2493//2493 2612//2612 2495//2495
f 2494//2494 2496//2496 2611//2611
f 2611//2611 2496//2496 2613//2613
f 2612//2612 2497//2497 2495//2495
f 2614//2614 2497//2497 2612//2612
f 2498//2498 2613//2613 2496//2496
f 2498//2498 2615//2615 2613//2613
f 2614//2614 2616//2616 2499//2499
f 2497//2497 2614//2614 2499//2499
f 2500//2500 2615//2615 2498//2498
f 2500//2500 2617//2617 2615//2615
f 2616//2616 2501//2501 2499//2499
f 2616//2616 2618//2618 2501//2501
f 2502//2502 2617//2617 2500//2500
f 2502//2502 2619//2619 2617//2617
f 2618//2618 2503//2503 2501//2501
f 2620//2620 2503//2503 2618//2618
f 2504//2504 2619//2619 2502//2502
f 2504//2504 2621//2621 2619//2619
f 2620//2620 2622//2622 2503//2503
f 2503//2503 2622//2622 2505//2505
f 2504//2504 2506//2506 2621//2621
f 2621//2621 2506//2506 2623//2623
f 2622//2622 2507//2507 2505//2505
f 2624//2624 2507//2507 2622//2622
f 2508//2508 2623//2623 2506//2506
f 2508//2508 2625//2625 2623//2623
f 2624//2624 2509//2509 2507//2507
f 2626//2626 2509//2509 2624//2624
f 2510//2510 2625//2625 2508//2508
f 2510//2510 2627//2627 2625//2625
f 2626//2626 2628//2628 2509//2509
f 2509//2509 2628//2628 2511//2511
f 2512//2512 2627//2627 2510//2510
f 2512//2512 2629//2629 2627//2627
f 2628//2628 2513//2513 2511//2511
f 2630//2630 2513//2513 2628//2628
f 2514//2514 2629//2629 2512//2512
f 2514//2514 2631//2631 2629//2629
f 2630//2630 2632//2632 2513//2513
f 2513//2513 2632//2632 2515//2515
f 2516//2516 2631//2631 2514//2514
f 2516//2516 2633//2633 2631//2631
f 2632//2632 2517//2517 2515//2515
f 2634//2634 2517//2517 2632//2632
f 2518//2518 2633//2633 2516//2516
f 2518//2518 2635//2635 2633//2633
f 2634//2634 2519//2519 2517//2517
f 2636//2636 2519//2519 2634//2634
f 2520//2520 2635//2635 2518//2518
f 2520//2520 2637//2637 2635//2635
f 2636//2636 2638//2638 2519//2519
f 2519//2519 2638//2638 2521//2521
f 2520//2520 2522//2522 2637//2637
f 2637//2637 2522//2522 2639//2639
f 2638//2638 2523//2523 2521//2521
f 2640//2640 2523//2523 2638//2638
f 2524//2524 2639//2639 2522//2522
f 2524//2524 2641//2641 2639//2639
f 2640//2640 2525//2525 2523//2523
f 2642//2642 2525//2525 2640//2640
f 2526//2526 2641//2641 2524//2524
f 2526//2526 2643//2643 2641//2641
f 2642//2642 2644//2644 2525//2525
f 2525//2525 2644//2644 2527//2527
f 2643//2643 2528//2528 2645//2645
f 2643//2643 2526//2526 2528//2528
f 2644//2644 2529//2529 2527//2527
f 2646//2646 2529//2529 2644//2644
f 2647//2647 2645//2645 2530//2530
f 2530//2530 2645//2645 2528//2528
f 2646//2646 2531//2531 2529//2529
f 2648//2648 2531//2531 2646//2646
f 2532//2532 2647//2647 2530//2530
f 2532//2532 2649//2649 2647//2647
f 2648//2648 2533//2533 2531//2531
f 2650//2650 2533//2533 2648//2648
f 2532//2532 2534//2534 2649//2649
f 2649//2649 2534//2534 2651//2651
f 2650//2650 2535//2535 2533//2533
f 2652//2652 2535//2535 2650//2650
f 2536//2536 2651//2651 2534//2534
f 2536//2536 2653//2653 2651//2651
f 2652//2652 2537//2537 2535//2535
f 2654//2654 2537//2537 2652//2652
f 2536//2536 2538//2538 2653//2653
f 2653//2653 2538//2538 2655//2655
f 2654//2654 2539//2539 2537//2537
f 2656//2656 2539//2539 2654//2654
f 2540//2540 2655//2655 2538//2538
f 2540//2540 2657//2657 2655//2655
f 2656//2656 2541//2541 2539//2539
f 2658//2658 2541//2541 2656//2656
f 2540//2540 2542//2542 2657//2657
f 2657//2657 2542//2542 2659//2659
f 2658//2658 2543//2543 2541//2541
f 2660//2660 2543//2543 2658//2658
f 2544//2544 2659//2659 2542//2542
f 2544//2544 2661//2661 2659//2659
f 2660//2660 2545//2545 2543//2543
f 2662//2662 2545//2545 2660//2660
f 2544//2544 2546//2546 2661//2661
f 2661//2661 2546//2546 2663//2663
f 2662//2662 2547//2547 2545//2545
f 2664//2664 2547//2547 2662//2662
f 2548//2548 2663//2663 2546//2546
f 2548//2548 2665//2665 2663//2663
f 2664//2664 2666//2666 2549//2549
f 2547//2547 2664//2664 2549//2549
f 2548//2548 2550//2550 2665//2665
f 2665//2665 2550//2550 2667//2667
f 2549//2549 2666//2666 2551//2551
f 2551//2551 2666//2666 2668//2668
f 2552//2552 2667//2667 2550//2550
f 2552//2552 2669//2669 2667//2667
f 2668//2668 2553//2553 2551//2551
f 2668//2668 2670//2670 2553//2553
f 2552//2552 2554//2554 2669//2669
f 2669//2669 2554//2554 2671//2671
f 2670//2670 2672//2672 2555//2555
f 2553//2553 2670//2670 2555//2555
f 2673//2673 2554//2554 2556//2556
f 2673//2673 2671//2671 2554//2554
f 2555//2555 2672//2672 2557//2557
f 2557//2557 2672//2672 2674//2674
f 2558//2558 2675//2675 2556//2556
f 2556//2556 2675//2675 2673//2673
f 2674//2674 2559//2559 2557//2557
f 2674//2674 2676//2676 2559//2559
f 2560//2560 2677//2677 2558//2558
f 2558//2558 2677//2677 2675//2675
f 2676//2676 2678//2678 2561//2561
f 2559//2559 2676//2676 2561//2561
f 2562//2562 2679//2679 2560//2560
f 2560//2560 2679//2679 2677//2677
f 2678//2678 2563//2563 2561//2561
f 2678//2678 2680//2680 2563//2563
f 2564//2564 2682//2682 2562//2562
f 2564//2564 2681//2681 2682//2682
f 2562//2562 2682//2682 2679//2679
f 2680//2680 2683//2683 2565//2565
f 2563//2563 2680//2680 2565//2565
f 2567//2567 2566//2566 2684//2684
f 2564//2564 2567//2567 2681//2681
f 2681//2681 2567//2567 2684//2684
f 2565//2565 2683//2683 2568//2568
f 2568//2568 2683//2683 2685//2685
f 2569//2569 2686//2686 2566//2566
f 2566//2566 2686//2686 2684//2684
f 2568//2568 2685//2685 2570//2570
f 2570//2570 2685//2685 2687//2687
f 2571//2571 2688//2688 2569//2569
f 2569//2569 2688//2688 2686//2686
f 2570//2570 2687//2687 2572//2572
f 2572//2572 2687//2687 2689//2689
f 2573//2573 2690//2690 2571//2571
f 2571//2571 2690//2690 2688//2688
f 2572//2572 2689//2689 2574//2574
f 2574//2574 2689//2689 2691//2691
f 2575//2575 2692//2692 2573//2573
f 2573//2573 2692//2692 2690//2690
f 2691//2691 2693//2693 2574//2574
f 2574//2574 2693//2693 2576//2576
f 2577//2577 2695//2695 2575//2575
f 2577//2577 2694//2694 2695//2695
f 2575//2575 2695//2695 2692//2692
f 2693//2693 2696//2696 2576//2576
f 2576//2576 2696//2696 2578//2578
f 2580//2580 2579//2579 2697//2697
f 2577//2577 2580//2580 2694//2694
f 2694//2694 2580//2580 2697//2697
f 2696//2696 2698//2698 2578//2578
f 2578//2578 2698//2698 2581//2581
f 2582//2582 2699//2699 2579//2579
f 2579//2579 2699//2699 2697//2697
f 2698//2698 2700//2700 2581//2581
f 2700//2700 2583//2583 2581//2581
f 2700//2700 2701//2701 2583//2583
f 2583//2583 2701//2701 2584//2584
f 2587//2587 2586//2586 2702//2702
f 2587//2587 2703//2703 2582//2582
f 2587//2587 2702//2702 2703//2703
f 2582//2582 2703//2703 2699//2699
f 2701//2701 2704//2704 2584//2584
f 2584//2584 2704//2704 2585//2585
f 2585//2585 2704//2704 2705//2705
f 2585//2585 2705//2705 2586//2586
f 2586//2586 2705//2705 2706//2706
f 2586//2586 2706//2706 2702//2702
f 2708//2708 2707//2707 2589//2589
f 2589//2589 2707//2707 2588//2588
f 2709//2709 2589//2589 2590//2590
f 2709//2709 2708//2708 2589//2589
f 2710//2710 2590//2590 2591//2591
f 2710//2710 2709//2709 2590//2590
f 2711//2711 2591//2591 2592//2592
f 2711//2711 2710//2710 2591//2591
f 2712//2712 2592//2592 2593//2593
f 2712//2712 2711//2711 2592//2592
f 2593//2593 2594//2594 2712//2712
f 2712//2712 2594//2594 2713//2713
f 2715//2715 2714//2714 2596//2596
f 2596//2596 2714//2714 2595//2595
f 2707//2707 2596//2596 2588//2588
f 2707//2707 2715//2715 2596//2596
f 2716//2716 2594//2594 2597//2597
f 2716//2716 2713//2713 2594//2594
f 2597//2597 2598//2598 2716//2716
f 2716//2716 2598//2598 2717//2717
f 2719//2719 2718//2718 2600//2600
f 2600//2600 2718//2718 2599//2599
f 2714//2714 2600//2600 2595//2595
f 2714//2714 2719//2719 2600//2600
f 2598//2598 2601//2601 2717//2717
f 2717//2717 2601//2601 2720//2720
f 2718//2718 2721//2721 2599//2599
f 2599//2599 2721//2721 2602//2602
f 2601//2601 2603//2603 2720//2720
f 2720//2720 2603//2603 2722//2722
f 2721//2721 2723//2723 2602//2602
f 2602//2602 2723//2723 2604//2604
f 2603//2603 2605//2605 2722//2722
f 2722//2722 2605//2605 2724//2724
f 2723//2723 2725//2725 2604//2604
f 2604//2604 2725//2725 2606//2606
f 2605//2605 2607//2607 2724//2724
f 2724//2724 2607//2607 2726//2726
f 2725//2725 2727//2727 2606//2606
f 2606//2606 2727//2727 2608//2608
f 2609//2609 2726//2726 2607//2607
f 2609//2609 2728//2728 2726//2726
f 2727//2727 2610//2610 2608//2608
f 2729//2729 2610//2610 2727//2727
f 2611//2611 2728//2728 2609//2609
f 2611//2611 2730//2730 2728//2728
f 2729//2729 2731//2731 2610//2610
f 2610//2610 2731//2731 2612//2612
f 2611//2611 2613//2613 2730//2730
f 2730//2730 2613//2613 2732//2732
f 2731//2731 2614//2614 2612//2612
f 2733//2733 2614//2614 2731//2731
f 2615//2615 2732//2732 2613//2613
f 2615//2615 2734//2734 2732//2732
f 2733//2733 2735//2735 2614//2614
f 2614//2614 2735//2735 2616//2616
f 2617//2617 2734//2734 2615//2615
f 2617//2617 2736//2736 2734//2734
f 2735//2735 2618//2618 2616//2616
f 2737//2737 2618//2618 2735//2735
f 2619//2619 2736//2736 2617//2617
f 2619//2619 2738//2738 2736//2736
f 2737//2737 2620//2620 2618//2618
f 2739//2739 2620//2620 2737//2737
f 2621//2621 2738//2738 2619//2619
f 2621//2621 2740//2740 2738//2738
f 2739//2739 2741//2741 2620//2620
f 2620//2620 2741//2741 2622//2622
f 2621//2621 2623//2623 2740//2740
f 2740//2740 2623//2623 2742//2742
f 2741//2741 2624//2624 2622//2622
f 2743//2743 2624//2624 2741//2741
f 2625//2625 2742//2742 2623//2623
f 2625//2625 2744//2744 2742//2742
f 2743//2743 2626//2626 2624//2624
f 2745//2745 2626//2626 2743//2743
f 2627//2627 2744//2744 2625//2625
f 2627//2627 2746//2746 2744//2744
f 2745//2745 2747//2747 2626//2626
f 2626//2626 2747//2747 2628//2628
f 2629//2629 2746//2746 2627//2627
f 2629//2629 2748//2748 2746//2746
f 2747//2747 2630//2630 2628//2628
f 2749//2749 2630//2630 2747//2747
f 2631//2631 2748//2748 2629//2629
f 2631//2631 2750//2750 2748//2748
f 2749//2749 2751//2751 2630//2630
f 2630//2630 2751//2751 2632//2632
f 2633//2633 2750//2750 2631//2631
f 2633//2633 2752//2752 2750//2750
f 2751//2751 2634//2634 2632//2632
f 2753//2753 2634//2634 2751//2751
f 2635//2635 2752//2752 2633//2633
f 2635//2635 2754//2754 2752//2752
f 2753//2753 2636//2636 2634//2634
f 2755//2755 2636//2636 2753//2753
f 2637//2637 2754//2754 2635//2635
f 2637//2637 2756//2756 2754//2754
f 2755//2755 2757//2757 2636//2636
f 2636//2636 2757//2757 2638//2638
f 2637//2637 2639//2639 2756//2756
f 2756//2756 2639//2639 2758//2758
f 2757//2757 2640//2640 2638//2638
f 2759//2759 2640//2640 2757//2757
f 2641//2641 2758//2758 2639//2639
f 2641//2641 2760//2760 2758//2758
f 2759//2759 2761//2761 2642//2642
f 2640//2640 2759//2759 2642//2642
f 2643//2643 2760//2760 2641//2641
f 2643//2643 2762//2762 2760//2760
f 2761//2761 2644//2644 2642//2642
f 2761//2761 2763//2763 2644//2644
f 2643//2643 2645//2645 2762//2762
f 2762//2762 2645//2645 2764//2764
f 2763//2763 2646//2646 2644//2644
f 2765//2765 2646//2646 2763//2763
f 2647//2647 2764//2764 2645//2645
f 2647//2647 2766//2766 2764//2764
f 2765//2765 2648//2648 2646//2646
f 2767//2767 2648//2648 2765//2765
f 2649//2649 2766//2766 2647//2647
f 2649//2649 2768//2768 2766//2766
f 2767//2767 2650//2650 2648//2648
f 2769//2769 2650//2650 2767//2767
f 2649//2649 2651//2651 2768//2768
f 2768//2768 2651//2651 2770//2770
f 2769//2769 2652//2652 2650//2650
f 2771//2771 2652//2652 2769//2769
f 2653//2653 2770//2770 2651//2651
f 2653//2653 2772//2772 2770//2770
f 2771//2771 2654//2654 2652//2652
f 2773//2773 2654//2654 2771//2771
f 2653//2653 2655//2655 2772//2772
f 2772//2772 2655//2655 2774//2774
f 2773//2773 2656//2656 2654//2654
f 2775//2775 2656//2656 2773//2773
f 2657//2657 2774//2774 2655//2655
f 2657//2657 2776//2776 2774//2774
f 2775//2775 2658//2658 2656//2656
f 2777//2777 2658//2658 2775//2775
f 2778//2778 2657//2657 2659//2659
f 2778//2778 2776//2776 2657//2657
f 2777//2777 2660//2660 2658//2658
f 2779//2779 2660//2660 2777//2777
f 2661//2661 2780//2780 2659//2659
f 2659//2659 2780//2780 2778//2778
f 2779//2779 2781//2781 2662//2662
f 2660//2660 2779//2779 2662//2662
f 2782//2782 2661//2661 2663//2663
f 2782//2782 2780//2780 2661//2661
f 2662//2662 2781//2781 2664//2664
f 2664//2664 2781//2781 2783//2783
f 2665//2665 2784//2784 2663//2663
f 2663//2663 2784//2784 2782//2782
f 2783//2783 2666//2666 2664//2664
f 2783//2783 2785//2785 2666//2666
f 2786//2786 2665//2665 2667//2667
f 2786//2786 2784//2784 2665//2665
f 2785//2785 2668//2668 2666//2666
f 2787//2787 2668//2668 2785//2785
f 2669//2669 2788//2788 2667//2667
f 2667//2667 2788//2788 2786//2786
f 2787//2787 2789//2789 2670//2670
f 2668//2668 2787//2787 2670//2670
f 2790//2790 2669//2669 2671//2671
f 2790//2790 2788//2788 2669//2669
f 2789//2789 2672//2672 2670//2670
f 2789//2789 2791//2791 2672//2672
f 2673//2673 2792//2792 2671//2671
f 2671//2671 2792//2792 2790//2790
f 2791//2791 2674//2674 2672//2672
f 2793//2793 2674//2674 2791//2791
f 2673//2673 2675//2675 2792//2792
f 2792//2792 2675//2675 2794//2794
f 2793//2793 2795//2795 2676//2676
f 2674//2674 2793//2793 2676//2676
f 2675//2675 2677//2677 2794//2794
f 2794//2794 2677//2677 2796//2796
f 2795//2795 2797//2797 2678//2678
f 2795//2795 2678//2678 2676//2676
f 2677//2677 2679//2679 2796//2796
f 2796//2796 2679//2679 2798//2798
f 2678//2678 2797//2797 2680//2680
f 2680//2680 2797//2797 2799//2799
f 2682//2682 2681//2681 2800//2800
f 2679//2679 2682//2682 2798//2798
f 2798//2798 2682//2682 2800//2800
f 2799//2799 2683//2683 2680//2680
f 2799//2799 2801//2801 2683//2683
f 2684//2684 2802//2802 2681//2681
f 2681//2681 2802//2802 2800//2800
f 2801//2801 2685//2685 2683//2683
f 2803//2803 2685//2685 2801//2801
f 2686//2686 2805//2805 2684//2684
f 2686//2686 2804//2804 2805//2805
f 2684//2684 2805//2805 2802//2802
f 2803//2803 2687//2687 2685//2685
f 2806//2806 2687//2687 2803//2803
f 2686//2686 2688//2688 2804//2804
f 2804//2804 2688//2688 2807//2807
f 2806//2806 2689//2689 2687//2687
f 2808//2808 2689//2689 2806//2806
f 2688//2688 2690//2690 2807//2807
f 2807//2807 2690//2690 2809//2809
f 2808//2808 2691//2691 2689//2689
f 2810//2810 2691//2691 2808//2808
f 2690//2690 2692//2692 2809//2809
f 2809//2809 2692//2692 2811//2811
f 2810//2810 2812//2812 2691//2691
f 2691//2691 2812//2812 2693//2693
f 2695//2695 2694//2694 2813//2813
f 2692//2692 2695//2695 2811//2811
f 2811//2811 2695//2695 2813//2813
f 2693//2693 2814//2814 2696//2696
f 2693//2693 2812//2812 2814//2814
f 2697//2697 2815//2815 2694//2694
f 2694//2694 2815//2815 2813//2813
f 2814//2814 2816//2816 2696//2696
f 2696//2696 2816//2816 2698//2698
f 2699//2699 2817//2817 2697//2697
f 2697//2697 2817//2817 2815//2815
f 2816//2816 2818//2818 2698//2698
f 2818//2818 2700//2700 2698//2698
f 2818//2818 2819//2819 2700//2700
f 2700//2700 2819//2819 2701//2701
f 2703//2703 2820//2820 2699//2699
f 2699//2699 2820//2820 2817//2817
f 2819//2819 2821//2821 2701//2701
f 2821//2821 2704//2704 2701//2701
f 2821//2821 2822//2822 2704//2704
f 2704//2704 2823//2823 2705//2705
f 2822//2822 2823//2823 2704//2704
f 2705//2705 2824//2824 2706//2706
f 2823//2823 2824//2824 2705//2705
f 2706//2706 2825//2825 2702//2702
f 2706//2706 2824//2824 2825//2825
f 2702//2702 2825//2825 2703//2703
f 2703//2703 2825//2825 2826//2826
f 2703//2703 2826//2826 2820//2820
f 2828//2828 2827//2827 2708//2708
f 2708//2708 2827//2827 2707//2707
f 2829//2829 2708//2708 2709//2709
f 2829//2829 2828//2828 2708//2708
f 2830//2830 2709//2709 2710//2710
f 2830//2830 2829//2829 2709//2709
f 2831//2831 2710//2710 2711//2711
f 2831//2831 2830//2830 2710//2710
f 2832//2832 2711//2711 2712//2712
f 2832//2832 2831//2831 2711//2711
f 2712//2712 2713//2713 2832//2832
f 2832//2832 2713//2713 2833//2833
f 2835//2835 2834//2834 2715//2715
f 2715//2715 2834//2834 2714//2714
f 2827//2827 2715//2715 2707//2707
f 2827//2827 2835//2835 2715//2715
f 2836//2836 2713//2713 2716//2716
f 2836//2836 2833//2833 2713//2713
f 2716//2716 2717//2717 2836//2836
f 2836//2836 2717//2717 2837//2837
f 2839//2839 2838//2838 2719//2719
f 2719//2719 2838//2838 2718//2718
f 2834//2834 2719//2719 2714//2714
f 2834//2834 2839//2839 2719//2719
f 2717//2717 2720//2720 2837//2837
f 2837//2837 2720//2720 2840//2840
f 2842//2842 2841//2841 2721//2721
f 2718//2718 2842//2842 2721//2721
f 2718//2718 2838//2838 2842//2842
f 2720//2720 2722//2722 2840//2840
f 2840//2840 2722//2722 2843//2843
f 2841//2841 2844//2844 2723//2723
f 2841//2841 2723//2723 2721//2721
f 2722//2722 2724//2724 2843//2843
f 2843//2843 2724//2724 2845//2845
f 2844//2844 2846//2846 2725//2725
f 2844//2844 2725//2725 2723//2723
f 2724//2724 2726//2726 2845//2845
f 2845//2845 2726//2726 2847//2847
f 2846//2846 2727//2727 2725//2725
f 2846//2846 2848//2848 2727//2727
f 2728//2728 2847//2847 2726//2726
f 2728//2728 2849//2849 2847//2847
f 2848//2848 2850//2850 2729//2729
f 2727//2727 2848//2848 2729//2729
f 2730//2730 2849//2849 2728//2728
f 2730//2730 2851//2851 2849//2849
f 2850//2850 2731//2731 2729//2729
f 2850//2850 2852//2852 2731//2731
f 2730//2730 2732//2732 2851//2851
f 2851//2851 2732//2732 2853//2853
f 2852//2852 2733//2733 2731//2731
f 2854//2854 2733//2733 2852//2852
f 2734//2734 2853//2853 2732//2732
f 2734//2734 2855//2855 2853//2853
f 2854//2854 2856//2856 2733//2733
f 2733//2733 2856//2856 2735//2735
f 2736//2736 2855//2855 2734//2734
f 2736//2736 2857//2857 2855//2855
f 2856//2856 2737//2737 2735//2735
f 2858//2858 2737//2737 2856//2856
f 2738//2738 2857//2857 2736//2736
f 2738//2738 2859//2859 2857//2857
f 2858//2858 2739//2739 2737//2737
f 2860//2860 2739//2739 2858//2858
f 2740//2740 2859//2859 2738//2738
f 2740//2740 2861//2861 2859//2859
f 2860//2860 2862//2862 2739//2739
f 2739//2739 2862//2862 2741//2741
f 2740//2740 2742//2742 2861//2861
f 2861//2861 2742//2742 2863//2863
f 2862//2862 2743//2743 2741//2741
f 2864//2864 2743//2743 2862//2862
f 2744//2744 2863//2863 2742//2742
f 2744//2744 2865//2865 2863//2863
f 2864//2864 2745//2745 2743//2743
f 2866//2866 2745//2745 2864//2864
f 2746//2746 2865//2865 2744//2744
f 2746//2746 2867//2867 2865//2865
f 2866//2866 2868//2868 2745//2745
f 2745//2745 2868//2868 2747//2747
f 2748//2748 2867//2867 2746//2746
f 2748//2748 2869//2869 2867//2867
f 2868//2868 2749//2749 2747//2747
f 2870//2870 2749//2749 2868//2868
f 2750//2750 2869//2869 2748//2748
f 2750//2750 2871//2871 2869//2869
f 2870//2870 2872//2872 2749//2749
f 2749//2749 2872//2872 2751//2751
f 2752//2752 2871//2871 2750//2750
f 2752//2752 2873//2873 2871//2871
f 2872//2872 2753//2753 2751//2751
f 2874//2874 2753//2753 2872//2872
f 2754//2754 2873//2873 2752//2752
f 2754//2754 2875//2875 2873//2873
f 2874//2874 2755//2755 2753//2753
f 2876//2876 2755//2755 2874//2874
f 2756//2756 2875//2875 2754//2754
f 2756//2756 2877//2877 2875//2875
f 2876//2876 2878//2878 2755//2755
f 2755//2755 2878//2878 2757//2757
f 2756//2756 2758//2758 2877//2877
f 2877//2877 2758//2758 2879//2879
f 2878//2878 2759//2759 2757//2757
f 2880//2880 2759//2759 2878//2878
f 2760//2760 2879//2879 2758//2758
f 2760//2760 2881//2881 2879//2879
f 2880//2880 2882//2882 2759//2759
f 2759//2759 2882//2882 2761//2761
f 2762//2762 2881//2881 2760//2760
f 2762//2762 2883//2883 2881//2881
f 2882//2882 2763//2763 2761//2761
f 2884//2884 2763//2763 2882//2882
f 2762//2762 2764//2764 2883//2883
f 2883//2883 2764//2764 2885//2885
f 2884//2884 2765//2765 2763//2763
f 2886//2886 2765//2765 2884//2884
f 2766//2766 2885//2885 2764//2764
f 2766//2766 2887//2887 2885//2885
f 2886//2886 2767//2767 2765//2765
f 2888//2888 2767//2767 2886//2886
f 2768//2768 2887//2887 2766//2766
f 2768//2768 2889//2889 2887//2887
f 2888//2888 2769//2769 2767//2767
f 2890//2890 2769//2769 2888//2888
f 2768//2768 2770//2770 2889//2889
f 2889//2889 2770//2770 2891//2891
f 2890//2890 2771//2771 2769//2769
f 2892//2892 2771//2771 2890//2890
f 2772//2772 2891//2891 2770//2770
f 2772//2772 2893//2893 2891//2891
f 2892//2892 2773//2773 2771//2771
f 2894//2894 2773//2773 2892//2892
f 2772//2772 2774//2774 2893//2893
f 2893//2893 2774//2774 2895//2895
f 2894//2894 2896//2896 2775//2775
f 2773//2773 2894//2894 2775//2775
f 2776//2776 2895//2895 2774//2774
f 2776//2776 2897//2897 2895//2895
f 2775//2775 2896//2896 2777//2777
f 2777//2777 2896//2896 2898//2898
f 2778//2778 2897//2897 2776//2776
f 2778//2778 2899//2899 2897//2897
f 2777//2777 2898//2898 2779//2779
f 2779//2779 2898//2898 2900//2900
f 2778//2778 2780//2780 2899//2899
f 2899//2899 2780//2780 2901//2901
f 2900//2900 2781//2781 2779//2779
f 2900//2900 2902//2902 2781//2781
f 2782//2782 2901//2901 2780//2780
f 2782//2782 2903//2903 2901//2901
f 2902//2902 2783//2783 2781//2781
f 2904//2904 2783//2783 2902//2902
f 2782//2782 2784//2784 2903//2903
f 2903//2903 2784//2784 2905//2905
f 2904//2904 2785//2785 2783//2783
f 2906//2906 2785//2785 2904//2904
f 2786//2786 2905//2905 2784//2784
f 2786//2786 2907//2907 2905//2905
f 2906//2906 2908//2908 2787//2787
f 2785//2785 2906//2906 2787//2787
f 2786//2786 2788//2788 2907//2907
f 2907//2907 2788//2788 2909//2909
f 2908//2908 2789//2789 2787//2787
f 2908//2908 2910//2910 2789//2789
f 2790//2790 2909//2909 2788//2788
f 2790//2790 2911//2911 2909//2909
f 2910//2910 2791//2791 2789//2789
f 2912//2912 2791//2791 2910//2910
f 2790//2790 2792//2792 2911//2911
f 2911//2911 2792//2792 2913//2913
f 2912//2912 2914//2914 2793//2793
f 2791//2791 2912//2912 2793//2793
f 2792//2792 2794//2794 2913//2913
f 2913//2913 2794//2794 2915//2915
f 2914//2914 2916//2916 2795//2795
f 2914//2914 2795//2795 2793//2793
f 2794//2794 2796//2796 2915//2915
f 2915//2915 2796//2796 2917//2917
f 2916//2916 2797//2797 2795//2795
f 2916//2916 2918//2918 2797//2797
f 2796//2796 2798//2798 2917//2917
f 2917//2917 2798//2798 2919//2919
f 2918//2918 2799//2799 2797//2797
f 2920//2920 2799//2799 2918//2918
f 2798//2798 2800//2800 2919//2919
f 2919//2919 2800//2800 2921//2921
f 2920//2920 2922//2922 2801//2801
f 2799//2799 2920//2920 2801//2801
f 2800//2800 2802//2802 2921//2921
f 2921//2921 2802//2802 2923//2923
f 2801//2801 2922//2922 2803//2803
f 2803//2803 2922//2922 2924//2924
f 2805//2805 2804//2804 2925//2925
f 2802//2802 2805//2805 2923//2923
f 2923//2923 2805//2805 2925//2925
f 2803//2803 2924//2924 2806//2806
f 2806//2806 2924//2924 2926//2926
f 2807//2807 2927//2927 2804//2804
f 2804//2804 2927//2927 2925//2925
f 2806//2806 2926//2926 2808//2808
f 2808//2808 2926//2926 2928//2928
f 2809//2809 2929//2929 2807//2807
f 2807//2807 2929//2929 2927//2927
f 2928//2928 2930//2930 2808//2808
f 2810//2810 2808//2808 2930//2930
f 2811//2811 2931//2931 2809//2809
f 2809//2809 2931//2931 2929//2929
f 2810//2810 2932//2932 2812//2812
f 2810//2810 2930//2930 2932//2932
f 2813//2813 2933//2933 2811//2811
f 2811//2811 2933//2933 2931//2931
f 2932//2932 2934//2934 2812//2812
f 2814//2814 2812//2812 2934//2934
f 2815//2815 2935//2935 2813//2813
f 2813//2813 2935//2935 2933//2933
f 2934//2934 2936//2936 2814//2814
f 2814//2814 2936//2936 2816//2816
f 2817//2817 2937//2937 2815//2815
f 2815//2815 2937//2937 2935//2935
f 2936//2936 2938//2938 2816//2816
f 2816//2816 2938//2938 2818//2818
f 2818//2818 2938//2938 2819//2819
f 2820//2820 2939//2939 2817//2817
f 2817//2817 2939//2939 2937//2937
f 2938//2938 2940//2940 2819//2819
f 2940//2940 2821//2821 2819//2819
f 2940//2940 2941//2941 2821//2821
f 2821//2821 2942//2942 2822//2822
f 2941//2941 2942//2942 2821//2821
f 2822//2822 2942//2942 2823//2823
f 2826//2826 2825//2825 2943//2943
f 2826//2826 2944//2944 2820//2820
f 2826//2826 2943//2943 2944//2944
f 2820//2820 2944//2944 2939//2939
f 2942//2942 2945//2945 2823//2823
f 2823//2823 2945//2945 2824//2824
f 2824//2824 2945//2945 2946//2946
f 2824//2824 2946//2946 2825//2825
f 2825//2825 2946//2946 2947//2947
f 2825//2825 2947//2947 2943//2943
f 2949//2949 2948//2948 2828//2828
f 2828//2828 2948//2948 2827//2827
f 2950//2950 2828//2828 2829//2829
f 2950//2950 2949//2949 2828//2828
f 2951//2951 2829//2829 2830//2830
f 2951//2951 2950//2950 2829//2829
f 2952//2952 2830//2830 2831//2831
f 2952//2952 2951//2951 2830//2830
f 2953//2953 2831//2831 2832//2832
f 2953//2953 2952//2952 2831//2831
f 2832//2832 2833//2833 2953//2953
f 2953//2953 2833//2833 2954//2954
f 2956//2956 2955//2955 2834//2834
f 2835//2835 2956//2956 2834//2834
f 2835//2835 2957//2957 2956//2956
f 2948//2948 2835//2835 2827//2827
f 2948//2948 2957//2957 2835//2835
f 2958//2958 2833//2833 2836//2836
f 2958//2958 2954//2954 2833//2833
f 2836//2836 2837//2837 2958//2958
f 2958//2958 2837//2837 2959//2959
f 2961//2961 2960//2960 2838//2838
f 2839//2839 2961//2961 2838//2838
f 2839//2839 2955//2955 2961//2961
f 2839//2839 2834//2834 2955//2955
f 2837//2837 2840//2840 2959//2959
f 2959//2959 2840//2840 2962//2962
f 2960//2960 2963//2963 2842//2842
f 2842//2842 2963//2963 2841//2841
f 2842//2842 2838//2838 2960//2960
f 2840//2840 2843//2843 2962//2962
f 2962//2962 2843//2843 2964//2964
f 2963//2963 2965//2965 2841//2841
f 2841//2841 2965//2965 2844//2844
f 2843//2843 2845//2845 2964//2964
f 2964//2964 2845//2845 2966//2966
f 2965//2965 2967//2967 2844//2844
f 2844//2844 2967//2967 2846//2846
f 2845//2845 2847//2847 2966//2966
f 2966//2966 2847//2847 2968//2968
f 2967//2967 2848//2848 2846//2846
f 2969//2969 2848//2848 2967//2967
f 2849//2849 2968//2968 2847//2847
f 2849//2849 2970//2970 2968//2968
f 2969//2969 2971//2971 2848//2848
f 2848//2848 2971//2971 2850//2850
f 2851//2851 2970//2970 2849//2849
f 2851//2851 2972//2972 2970//2970
f 2971//2971 2852//2852 2850//2850
f 2973//2973 2852//2852 2971//2971
f 2851//2851 2853//2853 2972//2972
f 2972//2972 2853//2853 2974//2974
f 2973//2973 2854//2854 2852//2852
f 2975//2975 2854//2854 2973//2973
f 2855//2855 2974//2974 2853//2853
f 2855//2855 2976//2976 2974//2974
f 2975//2975 2977//2977 2854//2854
f 2854//2854 2977//2977 2856//2856
f 2857//2857 2976//2976 2855//2855
f 2857//2857 2978//2978 2976//2976
f 2977//2977 2858//2858 2856//2856
f 2979//2979 2858//2858 2977//2977
f 2859//2859 2978//2978 2857//2857
f 2859//2859 2980//2980 2978//2978
f 2979//2979 2860//2860 2858//2858
f 2981//2981 2860//2860 2979//2979
f 2861//2861 2980//2980 2859//2859
f 2861//2861 2982//2982 2980//2980
f 2981//2981 2983//2983 2860//2860
f 2860//2860 2983//2983 2862//2862
f 2861//2861 2863//2863 2982//2982
f 2982//2982 2863//2863 2984//2984
f 2983//2983 2864//2864 2862//2862
f 2985//2985 2864//2864 2983//2983
f 2865//2865 2984//2984 2863//2863
f 2865//2865 2986//2986 2984//2984
f 2985//2985 2866//2866 2864//2864
f 2987//2987 2866//2866 2985//2985
f 2867//2867 2986//2986 2865//2865
f 2867//2867 2988//2988 2986//2986
f 2987//2987 2989//2989 2866//2866
f 2866//2866 2989//2989 2868//2868
f 2869//2869 2988//2988 2867//2867
f 2869//2869 2990//2990 2988//2988
f 2989//2989 2870//2870 2868//2868
f 2991//2991 2870//2870 2989//2989
f 2871//2871 2990//2990 2869//2869
f 2871//2871 2992//2992 2990//2990
f 2991//2991 2993//2993 2870//2870
f 2870//2870 2993//2993 2872//2872
f 2873//2873 2992//2992 2871//2871
f 2873//2873 2994//2994 2992//2992
f 2993//2993 2874//2874 2872//2872
f 2995//2995 2874//2874 2993//2993
f 2875//2875 2994//2994 2873//2873
f 2875//2875 2996//2996 2994//2994
f 2995//2995 2876//2876 2874//2874
f 2997//2997 2876//2876 2995//2995
f 2877//2877 2996//2996 2875//2875
f 2877//2877 2998//2998 2996//2996
f 2997//2997 2999//2999 2876//2876
f 2876//2876 2999//2999 2878//2878
f 2877//2877 2879//2879 2998//2998
f 2998//2998 2879//2879 3000//3000
f 2999//2999 2880//2880 2878//2878
f 3001//3001 2880//2880 2999//2999
f 2881//2881 3000//3000 2879//2879
f 2881//2881 3002//3002 3000//3000
f 3001//3001 3003//3003 2880//2880
f 2880//2880 3003//3003 2882//2882
f 2883//2883 3002//3002 2881//2881
f 2883//2883 3004//3004 3002//3002
f 3003//3003 2884//2884 2882//2882
f 3005//3005 2884//2884 3003//3003
f 2883//2883 2885//2885 3004//3004
f 3004//3004 2885//2885 3006//3006
f 3005//3005 2886//2886 2884//2884
f 3007//3007 2886//2886 3005//3005
f 2887//2887 3006//3006 2885//2885
f 2887//2887 3008//3008 3006//3006
f 3007//3007 2888//2888 2886//2886
f 3009//3009 2888//2888 3007//3007
f 2889//2889 3008//3008 2887//2887
f 2889//2889 3010//3010 3008//3008
f 3009//3009 2890//2890 2888//2888
f 3011//3011 2890//2890 3009//3009
f 2889//2889 2891//2891 3010//3010
f 3010//3010 2891//2891 3012//3012
f 3011//3011 2892//2892 2890//2890
f 3013//3013 2892//2892 3011//3011
f 2893//2893 3012//3012 2891//2891
f 2893//2893 3014//3014 3012//3012
f 3013//3013 3015//3015 2894//2894
f 2892//2892 3013//3013 2894//2894
f 2893//2893 2895//2895 3014//3014
f 3014//3014 2895//2895 3016//3016
f 3015//3015 2896//2896 2894//2894
f 3015//3015 3017//3017 2896//2896
f 2897//2897 3016//3016 2895//2895
f 2897//2897 3018//3018 3016//3016
f 3017//3017 2898//2898 2896//2896
f 3019//3019 2898//2898 3017//3017
f 2899//2899 3018//3018 2897//2897
f 2899//2899 3020//3020 3018//3018
f 3019//3019 2900//2900 2898//2898
f 3021//3021 2900//2900 3019//3019
f 2899//2899 2901//2901 3020//3020
f 3020//3020 2901//2901 3022//3022
f 3021//3021 2902//2902 2900//2900
f 3023//3023 2902//2902 3021//3021
f 2903//2903 3022//3022 2901//2901
f 2903//2903 3024//3024 3022//3022
f 3023//3023 2904//2904 2902//2902
f 3025//3025 2904//2904 3023//3023
f 2903//2903 2905//2905 3024//3024
f 3024//3024 2905//2905 3026//3026
f 3025//3025 3027//3027 2906//2906
f 2904//2904 3025//3025 2906//2906
f 2907//2907 3026//3026 2905//2905
f 2907//2907 3028//3028 3026//3026
f 3027//3027 2908//2908 2906//2906
f 3027//3027 3029//3029 2908//2908
f 2907//2907 2909//2909 3028//3028
f 3028//3028 2909//2909 3030//3030
f 3029//3029 2910//2910 2908//2908
f 3031//3031 2910//2910 3029//3029
f 2911//2911 3030//3030 2909//2909
f 2911//2911 3032//3032 3030//3030
f 3031//3031 3033//3033 2912//2912
f 2910//2910 3031//3031 2912//2912
f 2911//2911 2913//2913 3032//3032
f 3032//3032 2913//2913 3034//3034
f 3033//3033 2914//2914 2912//2912
f 3033//3033 3035//3035 2914//2914
f 2913//2913 2915//2915 3034//3034
f 3034//3034 2915//2915 3036//3036
f 3035//3035 3037//3037 2914//2914
f 2914//2914 3037//3037 2916//2916
f 3038//3038 2915//2915 2917//2917
f 3038//3038 3036//3036 2915//2915
f 3037//3037 2918//2918 2916//2916
f 3039//3039 2918//2918 3037//3037
f 2919//2919 3040//3040 2917//2917
f 2917//2917 3040//3040 3038//3038
f 3039//3039 3041//3041 2920//2920
f 2918//2918 3039//3039 2920//2920
f 2921//2921 3042//3042 2919//2919
f 2919//2919 3042//3042 3040//3040
f 3041//3041 2922//2922 2920//2920
f 3041//3041 3043//3043 2922//2922
f 2923//2923 3045//3045 2921//2921
f 2923//2923 3044//3044 3045//3045
f 2921//2921 3045//3045 3042//3042
f 3043//3043 2924//2924 2922//2922
f 3046//3046 2924//2924 3043//3043
f 2923//2923 2925//2925 3044//3044
f 3044//3044 2925//2925 3047//3047
f 3046//3046 2926//2926 2924//2924
f 3048//3048 2926//2926 3046//3046
f 2925//2925 2927//2927 3047//3047
f 3047//3047 2927//2927 3049//3049
f 3048//3048 2928//2928 2926//2926
f 3050//3050 2928//2928 3048//3048
f 2927//2927 2929//2929 3049//3049
f 3049//3049 2929//2929 3051//3051
f 2928//2928 3052//3052 2930//2930
f 2928//2928 3050//3050 3052//3052
f 2929//2929 2931//2931 3051//3051
f 3051//3051 2931//2931 3053//3053
f 3052//3052 3054//3054 2930//2930
f 2932//2932 2930//2930 3054//3054
f 2931//2931 2933//2933 3053//3053
f 3053//3053 2933//2933 3055//3055
f 3054//3054 3056//3056 2932//2932
f 2932//2932 3056//3056 2934//2934
f 2933//2933 2935//2935 3055//3055
f 3055//3055 2935//2935 3057//3057
f 3056//3056 3058//3058 2934//2934
f 2934//2934 3058//3058 2936//2936
f 2935//2935 2937//2937 3057//3057
f 3057//3057 2937//2937 3059//3059
f 3058//3058 3060//3060 2936//2936
f 2936//2936 3060//3060 2938//2938
f 2937//2937 2939//2939 3059//3059
f 3059//3059 2939//2939 3061//3061
f 3060//3060 3062//3062 2938//2938
f 2938//2938 3062//3062 2940//2940
f 2940//2940 3063//3063 2941//2941
f 3062//3062 3063//3063 2940//2940
f 2941//2941 3063//3063 2942//2942
f 2944//2944 2943//2943 3064//3064
f 2939//2939 2944//2944 3061//3061
f 3061//3061 2944//2944 3064//3064
f 3063//3063 3065//3065 2942//2942
f 3065//3065 2945//2945 2942//2942
f 3065//3065 3066//3066 2945//2945
f 2945//2945 3067//3067 2946//2946
f 3066//3066 3067//3067 2945//2945
f 2946//2946 3068//3068 2947//2947
f 3067//3067 3068//3068 2946//2946
f 2947//2947 3069//3069 2943//2943
f 2947//2947 3068//3068 3069//3069
f 2943//2943 3069//3069 3064//3064
f 3071//3071 3070//3070 2949//2949
f 2949//2949 3070//3070 2948//2948
f 3072//3072 2949//2949 2950//2950
f 3072//3072 3071//3071 2949//2949
f 3073//3073 2950//2950 2951//2951
f 3073//3073 3072//3072 2950//2950
f 3074//3074 2951//2951 2952//2952
f 3074//3074 3073//3073 2951//2951
f 3075//3075 2952//2952 2953//2953
f 3075//3075 3074//3074 2952//2952
f 2953//2953 2954//2954 3075//3075
f 3075//3075 2954//2954 3076//3076
f 3078//3078 3077//3077 2956//2956
f 2956//2956 3077//3077 2955//2955
f 3079//3079 2956//2956 2957//2957
f 3079//3079 3078//3078 2956//2956
f 3070//3070 2957//2957 2948//2948
f 3070//3070 3079//3079 2957//2957
f 3080//3080 2954//2954 2958//2958
f 3080//3080 3076//3076 2954//2954
f 2958//2958 2959//2959 3080//3080
f 3080//3080 2959//2959 3081//3081
f 3083//3083 3082//3082 2961//2961
f 2961//2961 3082//3082 2960//2960
f 3077//3077 2961//2961 2955//2955
f 3077//3077 3083//3083 2961//2961
f 2959//2959 2962//2962 3081//3081
f 3081//3081 2962//2962 3084//3084
f 3082//3082 3085//3085 2960//2960
f 2960//2960 3085//3085 2963//2963
f 2962//2962 2964//2964 3084//3084
f 3084//3084 2964//2964 3086//3086
f 3085//3085 3087//3087 2963//2963
f 2963//2963 3087//3087 2965//2965
f 2964//2964 2966//2966 3086//3086
f 3086//3086 2966//2966 3088//3088
f 3087//3087 3089//3089 2965//2965
f 2965//2965 3089//3089 2967//2967
f 2966//2966 2968//2968 3088//3088
f 3088//3088 2968//2968 3090//3090
f 3089//3089 2969//2969 2967//2967
f 3091//3091 2969//2969 3089//3089
f 2970//2970 3090//3090 2968//2968
f 2970//2970 3092//3092 3090//3090
f 3091//3091 3093//3093 2969//2969
f 2969//2969 3093//3093 2971//2971
f 2972//2972 3092//3092 2970//2970
f 2972//2972 3094//3094 3092//3092
f 3093//3093 2973//2973 2971//2971
f 3095//3095 2973//2973 3093//3093
f 2972//2972 2974//2974 3094//3094
f 3094//3094 2974//2974 3096//3096
f 3095//3095 2975//2975 2973//2973
f 3097//3097 2975//2975 3095//3095
f 2976//2976 3096//3096 2974//2974
f 2976//2976 3098//3098 3096//3096
f 3097//3097 3099//3099 2975//2975
f 2975//2975 3099//3099 2977//2977
f 2978//2978 3098//3098 2976//2976
f 2978//2978 3100//3100 3098//3098
f 3099//3099 2979//2979 2977//2977
f 3101//3101 2979//2979 3099//3099
f 2980//2980 3100//3100 2978//2978
f 2980//2980 3102//3102 3100//3100
f 3101//3101 2981//2981 2979//2979
f 3103//3103 2981//2981 3101//3101
f 2982//2982 3102//3102 2980//2980
f 2982//2982 3104//3104 3102//3102
f 3103//3103 3105//3105 2981//2981
f 2981//2981 3105//3105 2983//2983
f 2982//2982 2984//2984 3104//3104
f 3104//3104 2984//2984 3106//3106
f 3105//3105 2985//2985 2983//2983
f 3107//3107 2985//2985 3105//3105
f 2986//2986 3106//3106 2984//2984
f 2986//2986 3108//3108 3106//3106
f 3107//3107 2987//2987 2985//2985
f 3109//3109 2987//2987 3107//3107
f 2988//2988 3108//3108 2986//2986
f 2988//2988 3110//3110 3108//3108
f 3109//3109 3111//3111 2987//2987
f 2987//2987 3111//3111 2989//2989
f 2990//2990 3110//3110 2988//2988
f 2990//2990 3112//3112 3110//3110
f 3111//3111 2991//2991 2989//2989
f 3113//3113 2991//2991 3111//3111
f 2992//2992 3112//3112 2990//2990
f 2992//2992 3114//3114 3112//3112
f 3115//3115 2993//2993 2991//2991
f 3113//3113 3115//3115 2991//2991
f 2994//2994 3114//3114 2992//2992
f 2994//2994 3116//3116 3114//3114
f 3117//3117 2993//2993 3115//3115
f 3117//3117 2995//2995 2993//2993
f 2996//2996 3116//3116 2994//2994
f 2996//2996 3118//3118 3116//3116
f 3117//3117 2997//2997 2995//2995
f 3119//3119 2997//2997 3117//3117
f 3118//3118 2998//2998 3120//3120
f 3118//3118 2996//2996 2998//2998
f 3119//3119 3121//3121 2997//2997
f 2997//2997 3121//3121 2999//2999
f 3122//3122 3120//3120 3000//3000
f 3000//3000 3120//3120 2998//2998
f 3121//3121 3001//3001 2999//2999
f 3123//3123 3001//3001 3121//3121
f 3002//3002 3122//3122 3000//3000
f 3002//3002 3124//3124 3122//3122
f 3123//3123 3125//3125 3001//3001
f 3001//3001 3125//3125 3003//3003
f 3004//3004 3124//3124 3002//3002
f 3004//3004 3126//3126 3124//3124
f 3125//3125 3005//3005 3003//3003
f 3127//3127 3005//3005 3125//3125
f 3004//3004 3006//3006 3126//3126
f 3126//3126 3006//3006 3128//3128
f 3127//3127 3007//3007 3005//3005
f 3129//3129 3007//3007 3127//3127
f 3008//3008 3128//3128 3006//3006
f 3008//3008 3130//3130 3128//3128
f 3129//3129 3009//3009 3007//3007
f 3131//3131 3009//3009 3129//3129
f 3010//3010 3130//3130 3008//3008
f 3010//3010 3132//3132 3130//3130
f 3131//3131 3011//3011 3009//3009
f 3133//3133 3011//3011 3131//3131
f 3010//3010 3012//3012 3132//3132
f 3132//3132 3012//3012 3134//3134
f 3133//3133 3135//3135 3013//3013
f 3011//3011 3133//3133 3013//3013
f 3014//3014 3134//3134 3012//3012
f 3014//3014 3136//3136 3134//3134
f 3135//3135 3015//3015 3013//3013
f 3135//3135 3137//3137 3015//3015
f 3014//3014 3016//3016 3136//3136
f 3136//3136 3016//3016 3138//3138
f 3137//3137 3017//3017 3015//3015
f 3139//3139 3017//3017 3137//3137
f 3018//3018 3138//3138 3016//3016
f 3018//3018 3140//3140 3138//3138
f 3139//3139 3019//3019 3017//3017
f 3141//3141 3019//3019 3139//3139
f 3020//3020 3140//3140 3018//3018
f 3020//3020 3142//3142 3140//3140
f 3141//3141 3021//3021 3019//3019
f 3143//3143 3021//3021 3141//3141
f 3020//3020 3022//3022 3142//3142
f 3142//3142 3022//3022 3144//3144
f 3143//3143 3023//3023 3021//3021
f 3145//3145 3023//3023 3143//3143
f 3024//3024 3144//3144 3022//3022
f 3024//3024 3146//3146 3144//3144
f 3145//3145 3147//3147 3025//3025
f 3023//3023 3145//3145 3025//3025
f 3024//3024 3026//3026 3146//3146
f 3146//3146 3026//3026 3148//3148
f 3147//3147 3027//3027 3025//3025
f 3147//3147 3149//3149 3027//3027
f 3028//3028 3148//3148 3026//3026
f 3028//3028 3150//3150 3148//3148
f 3149//3149 3029//3029 3027//3027
f 3151//3151 3029//3029 3149//3149
f 3028//3028 3030//3030 3150//3150
f 3150//3150 3030//3030 3152//3152
f 3151//3151 3153//3153 3031//3031
f 3029//3029 3151//3151 3031//3031
f 3032//3032 3152//3152 3030//3030
f 3032//3032 3154//3154 3152//3152
f 3153//3153 3033//3033 3031//3031
f 3153//3153 3155//3155 3033//3033
f 3032//3032 3034//3034 3154//3154
f 3154//3154 3034//3034 3156//3156
f 3155//3155 3157//3157 3035//3035
f 3033//3033 3155//3155 3035//3035
f 3158//3158 3034//3034 3036//3036
f 3158//3158 3156//3156 3034//3034
f 3157//3157 3037//3037 3035//3035
f 3157//3157 3159//3159 3037//3037
f 3038//3038 3160//3160 3036//3036
f 3036//3036 3160//3160 3158//3158
f 3159//3159 3039//3039 3037//3037
f 3161//3161 3039//3039 3159//3159
f 3038//3038 3040//3040 3160//3160
f 3160//3160 3040//3040 3162//3162
f 3161//3161 3163//3163 3039//3039
f 3039//3039 3163//3163 3041//3041
f 3040//3040 3042//3042 3162//3162
f 3162//3162 3042//3042 3164//3164
f 3163//3163 3043//3043 3041//3041
f 3165//3165 3043//3043 3163//3163
f 3045//3045 3044//3044 3166//3166
f 3042//3042 3045//3045 3164//3164
f 3164//3164 3045//3045 3166//3166
f 3165//3165 3046//3046 3043//3043
f 3167//3167 3046//3046 3165//3165
f 3047//3047 3168//3168 3044//3044
f 3044//3044 3168//3168 3166//3166
f 3167//3167 3048//3048 3046//3046
f 3169//3169 3048//3048 3167//3167
f 3049//3049 3170//3170 3047//3047
f 3047//3047 3170//3170 3168//3168
f 3169//3169 3050//3050 3048//3048
f 3171//3171 3050//3050 3169//3169
f 3051//3051 3173//3173 3049//3049
f 3051//3051 3172//3172 3173//3173
f 3049//3049 3173//3173 3170//3170
f 3171//3171 3052//3052 3050//3050
f 3174//3174 3052//3052 3171//3171
f 3051//3051 3053//3053 3172//3172
f 3172//3172 3053//3053 3175//3175
f 3174//3174 3176//3176 3052//3052
f 3052//3052 3176//3176 3054//3054
f 3177//3177 3053//3053 3055//3055
f 3177//3177 3175//3175 3053//3053
f 3176//3176 3178//3178 3054//3054
f 3054//3054 3178//3178 3056//3056
f 3057//3057 3179//3179 3055//3055
f 3055//3055 3179//3179 3177//3177
f 3178//3178 3180//3180 3056//3056
f 3056//3056 3180//3180 3058//3058
f 3059//3059 3181//3181 3057//3057
f 3057//3057 3181//3181 3179//3179
f 3180//3180 3182//3182 3058//3058
f 3058//3058 3182//3182 3060//3060
f 3061//3061 3183//3183 3059//3059
f 3059//3059 3183//3183 3181//3181
f 3182//3182 3184//3184 3060//3060
f 3060//3060 3184//3184 3062//3062
f 3062//3062 3184//3184 3063//3063
f 3064//3064 3185//3185 3061//3061
f 3061//3061 3185//3185 3183//3183
f 3184//3184 3186//3186 3063//3063
f 3186//3186 3065//3065 3063//3063
f 3186//3186 3187//3187 3065//3065
f 3065//3065 3188//3188 3066//3066
f 3187//3187 3188//3188 3065//3065
f 3066//3066 3189//3189 3067//3067
f 3188//3188 3189//3189 3066//3066
f 3067//3067 3190//3190 3068//3068
f 3189//3189 3190//3190 3067//3067
f 3068//3068 3191//3191 3069//3069
f 3190//3190 3191//3191 3068//3068
f 3069//3069 3192//3192 3064//3064
f 3069//3069 3191//3191 3192//3192
f 3064//3064 3192//3192 3185//3185
f 3194//3194 3193//3193 3070//3070
f 3071//3071 3194//3194 3070//3070
f 3071//3071 3195//3195 3194//3194
f 3196//3196 3071//3071 3072//3072
f 3196//3196 3195//3195 3071//3071
f 3197//3197 3072//3072 3073//3073
f 3197//3197 3196//3196 3072//3072
f 3198//3198 3073//3073 3074//3074
f 3198//3198 3197//3197 3073//3073
f 3199//3199 3074//3074 3075//3075
f 3199//3199 3198//3198 3074//3074
f 3075//3075 3076//3076 3199//3199
f 3199//3199 3076//3076 3200//3200
f 3202//3202 3201//3201 3078//3078
f 3078//3078 3201//3201 3077//3077
f 3193//3193 3078//3078 3079//3079
f 3193//3193 3202//3202 3078//3078
f 3079//3079 3070//3070 3193//3193
f 3203//3203 3076//3076 3080//3080
f 3203//3203 3200//3200 3076//3076
f 3080//3080 3081//3081 3203//3203
f 3203//3203 3081//3081 3204//3204
f 3206//3206 3205//3205 3083//3083
f 3083//3083 3205//3205 3082//3082
f 3201//3201 3083//3083 3077//3077
f 3201//3201 3206//3206 3083//3083
f 3081//3081 3084//3084 3204//3204
f 3204//3204 3084//3084 3207//3207
f 3205//3205 3208//3208 3082//3082
f 3082//3082 3208//3208 3085//3085
f 3084//3084 3086//3086 3207//3207
f 3207//3207 3086//3086 3209//3209
f 3208//3208 3210//3210 3085//3085
f 3085//3085 3210//3210 3087//3087
f 3086//3086 3088//3088 3209//3209
f 3209//3209 3088//3088 3211//3211
f 3210//3210 3212//3212 3087//3087
f 3087//3087 3212//3212 3089//3089
f 3088//3088 3090//3090 3211//3211
f 3211//3211 3090//3090 3213//3213
f 3212//3212 3091//3091 3089//3089
f 3214//3214 3091//3091 3212//3212
f 3092//3092 3213//3213 3090//3090
f 3092//3092 3215//3215 3213//3213
f 3214//3214 3216//3216 3091//3091
f 3091//3091 3216//3216 3093//3093
f 3094//3094 3215//3215 3092//3092
f 3094//3094 3217//3217 3215//3215
f 3216//3216 3095//3095 3093//3093
f 3218//3218 3095//3095 3216//3216
f 3094//3094 3096//3096 3217//3217
f 3217//3217 3096//3096 3219//3219
f 3218//3218 3097//3097 3095//3095
f 3220//3220 3097//3097 3218//3218
f 3098//3098 3219//3219 3096//3096
f 3098//3098 3221//3221 3219//3219
f 3220//3220 3222//3222 3097//3097
f 3097//3097 3222//3222 3099//3099
f 3100//3100 3221//3221 3098//3098
f 3100//3100 3223//3223 3221//3221
f 3222//3222 3101//3101 3099//3099
f 3224//3224 3101//3101 3222//3222
f 3102//3102 3223//3223 3100//3100
f 3102//3102 3225//3225 3223//3223
f 3224//3224 3103//3103 3101//3101
f 3226//3226 3103//3103 3224//3224
f 3104//3104 3225//3225 3102//3102
f 3104//3104 3227//3227 3225//3225
f 3226//3226 3228//3228 3103//3103
f 3103//3103 3228//3228 3105//3105
f 3104//3104 3106//3106 3227//3227
f 3227//3227 3106//3106 3229//3229
f 3228//3228 3107//3107 3105//3105
f 3230//3230 3107//3107 3228//3228
f 3108//3108 3229//3229 3106//3106
f 3108//3108 3231//3231 3229//3229
f 3230//3230 3109//3109 3107//3107
f 3232//3232 3109//3109 3230//3230
f 3110//3110 3231//3231 3108//3108
f 3110//3110 3233//3233 3231//3231
f 3232//3232 3234//3234 3109//3109
f 3109//3109 3234//3234 3111//3111
f 3112//3112 3233//3233 3110//3110
f 3112//3112 3235//3235 3233//3233
f 3234//3234 3113//3113 3111//3111
f 3236//3236 3113//3113 3234//3234
f 3114//3114 3235//3235 3112//3112
f 3114//3114 3237//3237 3235//3235
f 3236//3236 3115//3115 3113//3113
f 3238//3238 3115//3115 3236//3236
f 3116//3116 3237//3237 3114//3114
f 3116//3116 3239//3239 3237//3237
f 3238//3238 3240//3240 3115//3115
f 3115//3115 3240//3240 3117//3117
f 3118//3118 3239//3239 3116//3116
f 3118//3118 3241//3241 3239//3239
f 3240//3240 3119//3119 3117//3117
f 3242//3242 3119//3119 3240//3240
f 3118//3118 3120//3120 3241//3241
f 3241//3241 3120//3120 3243//3243
f 3242//3242 3244//3244 3119//3119
f 3119//3119 3244//3244 3121//3121
f 3122//3122 3243//3243 3120//3120
f 3122//3122 3245//3245 3243//3243
f 3244//3244 3123//3123 3121//3121
f 3246//3246 3123//3123 3244//3244
f 3124//3124 3245//3245 3122//3122
f 3124//3124 3247//3247 3245//3245
f 3248//3248 3125//3125 3123//3123
f 3246//3246 3248//3248 3123//3123
f 3126//3126 3247//3247 3124//3124
f 3126//3126 3249//3249 3247//3247
f 3250//3250 3125//3125 3248//3248
f 3250//3250 3127//3127 3125//3125
f 3126//3126 3128//3128 3249//3249
f 3249//3249 3128//3128 3251//3251
f 3250//3250 3129//3129 3127//3127
f 3252//3252 3129//3129 3250//3250
f 3130//3130 3251//3251 3128//3128
f 3130//3130 3253//3253 3251//3251
f 3252//3252 3131//3131 3129//3129
f 3254//3254 3131//3131 3252//3252
f 3253//3253 3132//3132 3255//3255
f 3253//3253 3130//3130 3132//3132
f 3254//3254 3133//3133 3131//3131
f 3256//3256 3133//3133 3254//3254
f 3257//3257 3255//3255 3134//3134
f 3134//3134 3255//3255 3132//3132
f 3256//3256 3258//3258 3133//3133
f 3133//3133 3258//3258 3135//3135
f 3136//3136 3257//3257 3134//3134
f 3136//3136 3259//3259 3257//3257
f 3258//3258 3137//3137 3135//3135
f 3260//3260 3137//3137 3258//3258
f 3136//3136 3138//3138 3259//3259
f 3259//3259 3138//3138 3261//3261
f 3260//3260 3139//3139 3137//3137
f 3262//3262 3139//3139 3260//3260
f 3140//3140 3261//3261 3138//3138
f 3140//3140 3263//3263 3261//3261
f 3262//3262 3141//3141 3139//3139
f 3264//3264 3141//3141 3262//3262
f 3263//3263 3142//3142 3265//3265
f 3263//3263 3140//3140 3142//3142
f 3264//3264 3143//3143 3141//3141
f 3266//3266 3143//3143 3264//3264
f 3267//3267 3265//3265 3144//3144
f 3144//3144 3265//3265 3142//3142
f 3266//3266 3268//3268 3145//3145
f 3143//3143 3266//3266 3145//3145
f 3146//3146 3267//3267 3144//3144
f 3146//3146 3269//3269 3267//3267
f 3268//3268 3147//3147 3145//3145
f 3268//3268 3270//3270 3147//3147
f 3146//3146 3148//3148 3269//3269
f 3269//3269 3148//3148 3271//3271
f 3270//3270 3149//3149 3147//3147
f 3272//3272 3149//3149 3270//3270
f 3150//3150 3271//3271 3148//3148
f 3150//3150 3273//3273 3271//3271
f 3272//3272 3274//3274 3151//3151
f 3149//3149 3272//3272 3151//3151
f 3150//3150 3152//3152 3273//3273
f 3273//3273 3152//3152 3275//3275
f 3274//3274 3153//3153 3151//3151
f 3274//3274 3276//3276 3153//3153
f 3154//3154 3275//3275 3152//3152
f 3154//3154 3277//3277 3275//3275
f 3276//3276 3155//3155 3153//3153
f 3278//3278 3155//3155 3276//3276
f 3154//3154 3156//3156 3277//3277
f 3277//3277 3156//3156 3279//3279
f 3278//3278 3280//3280 3155//3155
f 3155//3155 3280//3280 3157//3157
f 3158//3158 3279//3279 3156//3156
f 3158//3158 3281//3281 3279//3279
f 3280//3280 3159//3159 3157//3157
f 3282//3282 3159//3159 3280//3280
f 3158//3158 3160//3160 3281//3281
f 3281//3281 3160//3160 3283//3283
f 3282//3282 3284//3284 3161//3161
f 3159//3159 3282//3282 3161//3161
f 3160//3160 3162//3162 3283//3283
f 3283//3283 3162//3162 3285//3285
f 3284//3284 3163//3163 3161//3161
f 3284//3284 3286//3286 3163//3163
f 3162//3162 3164//3164 3285//3285
f 3285//3285 3164//3164 3287//3287
f 3286//3286 3165//3165 3163//3163
f 3288//3288 3165//3165 3286//3286
f 3164//3164 3166//3166 3287//3287
f 3287//3287 3166//3166 3289//3289
f 3288//3288 3167//3167 3165//3165
f 3290//3290 3167//3167 3288//3288
f 3166//3166 3168//3168 3289//3289
f 3289//3289 3168//3168 3291//3291
f 3290//3290 3169//3169 3167//3167
f 3292//3292 3169//3169 3290//3290
f 3168//3168 3170//3170 3291//3291
f 3291//3291 3170//3170 3293//3293
f 3292//3292 3171//3171 3169//3169
f 3294//3294 3171//3171 3292//3292
f 3173//3173 3172//3172 3295//3295
f 3170//3170 3173//3173 3293//3293
f 3293//3293 3173//3173 3295//3295
f 3294//3294 3174//3174 3171//3171
f 3296//3296 3174//3174 3294//3294
f 3175//3175 3297//3297 3172//3172
f 3172//3172 3297//3297 3295//3295
f 3296//3296 3298//3298 3174//3174
f 3174//3174 3298//3298 3176//3176
f 3177//3177 3299//3299 3175//3175
f 3175//3175 3299//3299 3297//3297
f 3176//3176 3300//3300 3178//3178
f 3176//3176 3298//3298 3300//3300
f 3177//3177 3179//3179 3299//3299
f 3299//3299 3179//3179 3301//3301
f 3300//3300 3302//3302 3178//3178
f 3178//3178 3302//3302 3180//3180
f 3179//3179 3181//3181 3301//3301
f 3301//3301 3181//3181 3303//3303
f 3302//3302 3304//3304 3180//3180
f 3180//3180 3304//3304 3182//3182
f 3181//3181 3183//3183 3303//3303
f 3303//3303 3183//3183 3305//3305
f 3304//3304 3306//3306 3182//3182
f 3306//3306 3184//3184 3182//3182
f 3306//3306 3307//3307 3184//3184
f 3183//3183 3185//3185 3305//3305
f 3305//3305 3185//3185 3308//3308
f 3307//3307 3309//3309 3184//3184
f 3184//3184 3309//3309 3186//3186
f 3186//3186 3310//3310 3187//3187
f 3309//3309 3310//3310 3186//3186
f 3187//3187 3311//3311 3188//3188
f 3310//3310 3311//3311 3187//3187
f 3188//3188 3311//3311 3189//3189
f 3191//3191 3190//3190 3312//3312
f 3191//3191 3313//3313 3192//3192
f 3312//3312 3313//3313 3191//3191
f 3185//3185 3192//3192 3308//3308
f 3308//3308 3192//3192 3313//3313
f 3311//3311 3314//3314 3189//3189
f 3189//3189 3314//3314 3190//3190
f 3190//3190 3314//3314 3315//3315
f 3190//3190 3315//3315 3312//3312
f 3317//3317 3316//3316 3194//3194
f 3194//3194 3316//3316 3193//3193
f 3318//3318 3194//3194 3195//3195
f 3318//3318 3317//3317 3194//3194
f 3319//3319 3195//3195 3196//3196
f 3319//3319 3318//3318 3195//3195
f 3320//3320 3196//3196 3197//3197
f 3320//3320 3319//3319 3196//3196
f 3321//3321 3197//3197 3198//3198
f 3321//3321 3320//3320 3197//3197
f 3322//3322 3198//3198 3199//3199
f 3322//3322 3321//3321 3198//3198
f 3323//3323 3199//3199 3200//3200
f 3323//3323 3322//3322 3199//3199
f 3200//3200 3324//3324 3323//3323
f 3326//3326 3325//3325 3201//3201
f 3202//3202 3326//3326 3201//3201
f 3202//3202 3327//3327 3326//3326
f 3316//3316 3202//3202 3193//3193
f 3316//3316 3327//3327 3202//3202
f 3203//3203 3324//3324 3200//3200
f 3203//3203 3204//3204 3324//3324
f 3324//3324 3204//3204 3328//3328
f 3325//3325 3329//3329 3206//3206
f 3206//3206 3329//3329 3205//3205
f 3206//3206 3201//3201 3325//3325
f 3204//3204 3207//3207 3328//3328
f 3328//3328 3207//3207 3330//3330
f 3329//3329 3331//3331 3205//3205
f 3205//3205 3331//3331 3208//3208
f 3207//3207 3209//3209 3330//3330
f 3330//3330 3209//3209 3332//3332
f 3331//3331 3333//3333 3208//3208
f 3208//3208 3333//3333 3210//3210
f 3209//3209 3211//3211 3332//3332
f 3332//3332 3211//3211 3334//3334
f 3333//3333 3335//3335 3210//3210
f 3210//3210 3335//3335 3212//3212
f 3211//3211 3213//3213 3334//3334
f 3334//3334 3213//3213 3336//3336
f 3335//3335 3214//3214 3212//3212
f 3337//3337 3214//3214 3335//3335
f 3215//3215 3336//3336 3213//3213
f 3215//3215 3338//3338 3336//3336
f 3337//3337 3339//3339 3214//3214
f 3214//3214 3339//3339 3216//3216
f 3217//3217 3338//3338 3215//3215
f 3217//3217 3340//3340 3338//3338
f 3339//3339 3218//3218 3216//3216
f 3341//3341 3218//3218 3339//3339
f 3217//3217 3219//3219 3340//3340
f 3340//3340 3219//3219 3342//3342
f 3341//3341 3220//3220 3218//3218
f 3343//3343 3220//3220 3341//3341
f 3221//3221 3342//3342 3219//3219
f 3221//3221 3344//3344 3342//3342
f 3343//3343 3345//3345 3220//3220
f 3220//3220 3345//3345 3222//3222
f 3223//3223 3344//3344 3221//3221
f 3223//3223 3346//3346 3344//3344
f 3345//3345 3224//3224 3222//3222
f 3347//3347 3224//3224 3345//3345
f 3225//3225 3346//3346 3223//3223
f 3225//3225 3348//3348 3346//3346
f 3347//3347 3226//3226 3224//3224
f 3349//3349 3226//3226 3347//3347
f 3227//3227 3348//3348 3225//3225
f 3227//3227 3350//3350 3348//3348
f 3351//3351 3228//3228 3226//3226
f 3349//3349 3351//3351 3226//3226
f 3227//3227 3229//3229 3350//3350
f 3350//3350 3229//3229 3352//3352
f 3353//3353 3228//3228 3351//3351
f 3353//3353 3230//3230 3228//3228
f 3231//3231 3352//3352 3229//3229
f 3231//3231 3354//3354 3352//3352
f 3353//3353 3232//3232 3230//3230
f 3355//3355 3232//3232 3353//3353
f 3233//3233 3354//3354 3231//3231
f 3233//3233 3356//3356 3354//3354
f 3355//3355 3357//3357 3232//3232
f 3232//3232 3357//3357 3234//3234
f 3235//3235 3356//3356 3233//3233
f 3235//3235 3358//3358 3356//3356
f 3357//3357 3236//3236 3234//3234
f 3359//3359 3236//3236 3357//3357
f 3237//3237 3358//3358 3235//3235
f 3237//3237 3360//3360 3358//3358
f 3359//3359 3238//3238 3236//3236
f 3361//3361 3238//3238 3359//3359
f 3239//3239 3360//3360 3237//3237
f 3239//3239 3362//3362 3360//3360
f 3361//3361 3363//3363 3238//3238
f 3238//3238 3363//3363 3240//3240
f 3241//3241 3362//3362 3239//3239
f 3241//3241 3364//3364 3362//3362
f 3363//3363 3242//3242 3240//3240
f 3365//3365 3242//3242 3363//3363
f 3241//3241 3243//3243 3364//3364
f 3364//3364 3243//3243 3366//3366
f 3365//3365 3367//3367 3242//3242
f 3242//3242 3367//3367 3244//3244
f 3245//3245 3366//3366 3243//3243
f 3245//3245 3368//3368 3366//3366
f 3367//3367 3246//3246 3244//3244
f 3369//3369 3246//3246 3367//3367
f 3247//3247 3368//3368 3245//3245
f 3247//3247 3370//3370 3368//3368
f 3369//3369 3248//3248 3246//3246
f 3371//3371 3248//3248 3369//3369
f 3370//3370 3249//3249 3372//3372
f 3370//3370 3247//3247 3249//3249
f 3371//3371 3373//3373 3248//3248
f 3248//3248 3373//3373 3250//3250
f 3374//3374 3372//3372 3251//3251
f 3251//3251 3372//3372 3249//3249
f 3373//3373 3252//3252 3250//3250
f 3375//3375 3252//3252 3373//3373
f 3253//3253 3374//3374 3251//3251
f 3253//3253 3376//3376 3374//3374
f 3375//3375 3254//3254 3252//3252
f 3377//3377 3254//3254 3375//3375
f 3253//3253 3255//3255 3376//3376
f 3376//3376 3255//3255 3378//3378
f 3377//3377 3256//3256 3254//3254
f 3379//3379 3256//3256 3377//3377
f 3257//3257 3378//3378 3255//3255
f 3257//3257 3380//3380 3378//3378
f 3379//3379 3381//3381 3256//3256
f 3256//3256 3381//3381 3258//3258
f 3259//3259 3380//3380 3257//3257
f 3259//3259 3382//3382 3380//3380
f 3381//3381 3260//3260 3258//3258
f 3383//3383 3260//3260 3381//3381
f 3259//3259 3261//3261 3382//3382
f 3382//3382 3261//3261 3384//3384
f 3383//3383 3262//3262 3260//3260
f 3385//3385 3262//3262 3383//3383
f 3263//3263 3384//3384 3261//3261
f 3263//3263 3386//3386 3384//3384
f 3385//3385 3264//3264 3262//3262
f 3387//3387 3264//3264 3385//3385
f 3263//3263 3265//3265 3386//3386
f 3386//3386 3265//3265 3388//3388
f 3387//3387 3266//3266 3264//3264
f 3389//3389 3266//3266 3387//3387
f 3267//3267 3388//3388 3265//3265
f 3267//3267 3390//3390 3388//3388
f 3389//3389 3391//3391 3266//3266
f 3266//3266 3391//3391 3268//3268
f 3269//3269 3390//3390 3267//3267
f 3269//3269 3392//3392 3390//3390
f 3391//3391 3270//3270 3268//3268
f 3393//3393 3270//3270 3391//3391
f 3269//3269 3271//3271 3392//3392
f 3392//3392 3271//3271 3394//3394
f 3393//3393 3272//3272 3270//3270
f 3395//3395 3272//3272 3393//3393
f 3273//3273 3394//3394 3271//3271
f 3273//3273 3396//3396 3394//3394
f 3395//3395 3397//3397 3272//3272
f 3272//3272 3397//3397 3274//3274
f 3273//3273 3275//3275 3396//3396
f 3396//3396 3275//3275 3398//3398
f 3397//3397 3276//3276 3274//3274
f 3399//3399 3276//3276 3397//3397
f 3277//3277 3398//3398 3275//3275
f 3277//3277 3400//3400 3398//3398
f 3399//3399 3401//3401 3278//3278
f 3276//3276 3399//3399 3278//3278
f 3277//3277 3279//3279 3400//3400
f 3400//3400 3279//3279 3402//3402
f 3401//3401 3280//3280 3278//3278
f 3401//3401 3403//3403 3280//3280
f 3281//3281 3402//3402 3279//3279
f 3281//3281 3404//3404 3402//3402
f 3403//3403 3405//3405 3282//3282
f 3280//3280 3403//3403 3282//3282
f 3281//3281 3283//3283 3404//3404
f 3404//3404 3283//3283 3406//3406
f 3405//3405 3284//3284 3282//3282
f 3405//3405 3407//3407 3284//3284
f 3283//3283 3285//3285 3406//3406
f 3406//3406 3285//3285 3408//3408
f 3407//3407 3286//3286 3284//3284
f 3409//3409 3286//3286 3407//3407
f 3285//3285 3287//3287 3408//3408
f 3408//3408 3287//3287 3410//3410
f 3409//3409 3288//3288 3286//3286
f 3411//3411 3288//3288 3409//3409
f 3287//3287 3289//3289 3410//3410
f 3410//3410 3289//3289 3412//3412
f 3411//3411 3290//3290 3288//3288
f 3413//3413 3290//3290 3411//3411
f 3289//3289 3291//3291 3412//3412
f 3412//3412 3291//3291 3414//3414
f 3413//3413 3292//3292 3290//3290
f 3415//3415 3292//3292 3413//3413
f 3291//3291 3293//3293 3414//3414
f 3414//3414 3293//3293 3416//3416
f 3415//3415 3294//3294 3292//3292
f 3417//3417 3294//3294 3415//3415
f 3293//3293 3295//3295 3416//3416
f 3416//3416 3295//3295 3418//3418
f 3417//3417 3296//3296 3294//3294
f 3419//3419 3296//3296 3417//3417
f 3295//3295 3297//3297 3418//3418
f 3418//3418 3297//3297 3420//3420
f 3419//3419 3421//3421 3296//3296
f 3296//3296 3421//3421 3298//3298
f 3297//3297 3299//3299 3420//3420
f 3420//3420 3299//3299 3422//3422
f 3421//3421 3300//3300 3298//3298
f 3423//3423 3300//3300 3421//3421
f 3299//3299 3301//3301 3422//3422
f 3422//3422 3301//3301 3424//3424
f 3423//3423 3425//3425 3300//3300
f 3300//3300 3425//3425 3302//3302
f 3301//3301 3303//3303 3424//3424
f 3424//3424 3303//3303 3426//3426
f 3425//3425 3427//3427 3302//3302
f 3302//3302 3427//3427 3304//3304
f 3303//3303 3305//3305 3426//3426
f 3426//3426 3305//3305 3428//3428
f 3427//3427 3429//3429 3304//3304
f 3304//3304 3429//3429 3306//3306
f 3306//3306 3430//3430 3307//3307
f 3429//3429 3430//3430 3306//3306
f 3305//3305 3308//3308 3428//3428
f 3428//3428 3308//3308 3431//3431
f 3430//3430 3432//3432 3307//3307
f 3307//3307 3432//3432 3309//3309
f 3309//3309 3433//3433 3310//3310
f 3432//3432 3433//3433 3309//3309
f 3310//3310 3433//3433 3311//3311
f 3313//3313 3312//3312 3434//3434
f 3308//3308 3313//3313 3431//3431
f 3431//3431 3313//3313 3434//3434
f 3433//3433 3435//3435 3311//3311
f 3435//3435 3314//3314 3311//3311
f 3435//3435 3436//3436 3314//3314
f 3314//3314 3437//3437 3315//3315
f 3436//3436 3437//3437 3314//3314
f 3315//3315 3438//3438 3312//3312
f 3315//3315 3437//3437 3438//3438
f 3312//3312 3438//3438 3434//3434
f 3440//3440 3439//3439 3316//3316
f 3317//3317 3440//3440 3316//3316
f 3317//3317 3441//3441 3440//3440
f 3442//3442 3317//3317 3318//3318
f 3442//3442 3441//3441 3317//3317
f 3443//3443 3318//3318 3319//3319
f 3443//3443 3442//3442 3318//3318
f 3444//3444 3319//3319 3320//3320
f 3444//3444 3443//3443 3319//3319
f 3445//3445 3320//3320 3321//3321
f 3445//3445 3444//3444 3320//3320
f 3446//3446 3321//3321 3322//3322
f 3446//3446 3445//3445 3321//3321
f 3447//3447 3322//3322 3323//3323
f 3447//3447 3446//3446 3322//3322
f 3323//3323 3324//3324 3447//3447
f 3447//3447 3324//3324 3448//3448
f 3450//3450 3449//3449 3326//3326
f 3326//3326 3449//3449 3325//3325
f 3439//3439 3326//3326 3327//3327
f 3439//3439 3450//3450 3326//3326
f 3327//3327 3316//3316 3439//3439
f 3451//3451 3324//3324 3328//3328
f 3451//3451 3448//3448 3324//3324
f 3328//3328 3452//3452 3451//3451
f 3449//3449 3453//3453 3325//3325
f 3325//3325 3453//3453 3329//3329
f 3330//3330 3452//3452 3328//3328
f 3330//3330 3454//3454 3452//3452
f 3453//3453 3455//3455 3329//3329
f 3329//3329 3455//3455 3331//3331
f 3332//3332 3454//3454 3330//3330
f 3332//3332 3456//3456 3454//3454
f 3455//3455 3457//3457 3331//3331
f 3331//3331 3457//3457 3333//3333
f 3334//3334 3456//3456 3332//3332
f 3334//3334 3458//3458 3456//3456
f 3457//3457 3459//3459 3333//3333
f 3333//3333 3459//3459 3335//3335
f 3334//3334 3336//3336 3458//3458
f 3458//3458 3336//3336 3460//3460
f 3459//3459 3337//3337 3335//3335
f 3461//3461 3337//3337 3459//3459
f 3338//3338 3460//3460 3336//3336
f 3338//3338 3462//3462 3460//3460
f 3461//3461 3463//3463 3337//3337
f 3337//3337 3463//3463 3339//3339
f 3340//3340 3462//3462 3338//3338
f 3340//3340 3464//3464 3462//3462
f 3463//3463 3341//3341 3339//3339
f 3465//3465 3341//3341 3463//3463
f 3340//3340 3342//3342 3464//3464
f 3464//3464 3342//3342 3466//3466
f 3465//3465 3343//3343 3341//3341
f 3467//3467 3343//3343 3465//3465
f 3344//3344 3466//3466 3342//3342
f 3344//3344 3468//3468 3466//3466
f 3467//3467 3469//3469 3343//3343
f 3343//3343 3469//3469 3345//3345
f 3346//3346 3468//3468 3344//3344
f 3346//3346 3470//3470 3468//3468
f 3469//3469 3347//3347 3345//3345
f 3471//3471 3347//3347 3469//3469
f 3348//3348 3470//3470 3346//3346
f 3348//3348 3472//3472 3470//3470
f 3471//3471 3349//3349 3347//3347
f 3473//3473 3349//3349 3471//3471
f 3350//3350 3472//3472 3348//3348
f 3350//3350 3474//3474 3472//3472
f 3473//3473 3351//3351 3349//3349
f 3475//3475 3351//3351 3473//3473
f 3474//3474 3350//3350 3476//3476
f 3352//3352 3476//3476 3350//3350
f 3475//3475 3477//3477 3351//3351
f 3351//3351 3477//3477 3353//3353
f 3352//3352 3478//3478 3476//3476
f 3352//3352 3354//3354 3478//3478
f 3477//3477 3355//3355 3353//3353
f 3479//3479 3355//3355 3477//3477
f 3356//3356 3478//3478 3354//3354
f 3356//3356 3480//3480 3478//3478
f 3481//3481 3357//3357 3355//3355
f 3479//3479 3481//3481 3355//3355
f 3358//3358 3480//3480 3356//3356
f 3358//3358 3482//3482 3480//3480
f 3483//3483 3357//3357 3481//3481
f 3483//3483 3359//3359 3357//3357
f 3360//3360 3482//3482 3358//3358
f 3360//3360 3484//3484 3482//3482
f 3483//3483 3361//3361 3359//3359
f 3485//3485 3361//3361 3483//3483
f 3362//3362 3484//3484 3360//3360
f 3362//3362 3486//3486 3484//3484
f 3485//3485 3487//3487 3361//3361
f 3361//3361 3487//3487 3363//3363
f 3364//3364 3486//3486 3362//3362
f 3364//3364 3488//3488 3486//3486
f 3487//3487 3365//3365 3363//3363
f 3489//3489 3365//3365 3487//3487
f 3364//3364 3366//3366 3488//3488
f 3488//3488 3366//3366 3490//3490
f 3489//3489 3491//3491 3365//3365
f 3365//3365 3491//3491 3367//3367
f 3368//3368 3490//3490 3366//3366
f 3368//3368 3492//3492 3490//3490
f 3491//3491 3369//3369 3367//3367
f 3493//3493 3369//3369 3491//3491
f 3370//3370 3492//3492 3368//3368
f 3370//3370 3494//3494 3492//3492
f 3493//3493 3371//3371 3369//3369
f 3495//3495 3371//3371 3493//3493
f 3370//3370 3372//3372 3494//3494
f 3494//3494 3372//3372 3496//3496
f 3495//3495 3497//3497 3371//3371
f 3371//3371 3497//3497 3373//3373
f 3374//3374 3496//3496 3372//3372
f 3374//3374 3498//3498 3496//3496
f 3497//3497 3375//3375 3373//3373
f 3499//3499 3375//3375 3497//3497
f 3376//3376 3498//3498 3374//3374
f 3376//3376 3500//3500 3498//3498
f 3499//3499 3377//3377 3375//3375
f 3501//3501 3377//3377 3499//3499
f 3376//3376 3378//3378 3500//3500
f 3500//3500 3378//3378 3502//3502
f 3501//3501 3379//3379 3377//3377
f 3503//3503 3379//3379 3501//3501
f 3380//3380 3502//3502 3378//3378
f 3380//3380 3504//3504 3502//3502
f 3505//3505 3381//3381 3379//3379
f 3503//3503 3505//3505 3379//3379
f 3504//3504 3382//3382 3506//3506
f 3504//3504 3380//3380 3382//3382
f 3507//3507 3381//3381 3505//3505
f 3507//3507 3383//3383 3381//3381
f 3508//3508 3506//3506 3384//3384
f 3384//3384 3506//3506 3382//3382
f 3507//3507 3385//3385 3383//3383
f 3509//3509 3385//3385 3507//3507
f 3386//3386 3508//3508 3384//3384
f 3386//3386 3510//3510 3508//3508
f 3509//3509 3387//3387 3385//3385
f 3511//3511 3387//3387 3509//3509
f 3386//3386 3388//3388 3510//3510
f 3510//3510 3388//3388 3512//3512
f 3511//3511 3389//3389 3387//3387
f 3513//3513 3389//3389 3511//3511
f 3390//3390 3512//3512 3388//3388
f 3390//3390 3514//3514 3512//3512
f 3513//3513 3515//3515 3389//3389
f 3389//3389 3515//3515 3391//3391
f 3392//3392 3514//3514 3390//3390
f 3392//3392 3516//3516 3514//3514
f 3515//3515 3393//3393 3391//3391
f 3517//3517 3393//3393 3515//3515
f 3392//3392 3394//3394 3516//3516
f 3516//3516 3394//3394 3518//3518
f 3517//3517 3395//3395 3393//3393
f 3519//3519 3395//3395 3517//3517
f 3396//3396 3518//3518 3394//3394
f 3396//3396 3520//3520 3518//3518
f 3519//3519 3521//3521 3395//3395
f 3395//3395 3521//3521 3397//3397
f 3396//3396 3398//3398 3520//3520
f 3520//3520 3398//3398 3522//3522
f 3521//3521 3399//3399 3397//3397
f 3523//3523 3399//3399 3521//3521
f 3400//3400 3522//3522 3398//3398
f 3400//3400 3524//3524 3522//3522
f 3523//3523 3525//3525 3399//3399
f 3399//3399 3525//3525 3401//3401
f 3400//3400 3402//3402 3524//3524
f 3524//3524 3402//3402 3526//3526
f 3525//3525 3403//3403 3401//3401
f 3527//3527 3403//3403 3525//3525
f 3404//3404 3526//3526 3402//3402
f 3404//3404 3528//3528 3526//3526
f 3527//3527 3529//3529 3403//3403
f 3403//3403 3529//3529 3405//3405
f 3404//3404 3406//3406 3528//3528
f 3528//3528 3406//3406 3530//3530
f 3529//3529 3407//3407 3405//3405
f 3531//3531 3407//3407 3529//3529
f 3406//3406 3408//3408 3530//3530
f 3530//3530 3408//3408 3532//3532
f 3531//3531 3409//3409 3407//3407
f 3533//3533 3409//3409 3531//3531
f 3408//3408 3410//3410 3532//3532
f 3532//3532 3410//3410 3534//3534
f 3533//3533 3411//3411 3409//3409
f 3535//3535 3411//3411 3533//3533
f 3410//3410 3412//3412 3534//3534
f 3534//3534 3412//3412 3536//3536
f 3535//3535 3413//3413 3411//3411
f 3537//3537 3413//3413 3535//3535
f 3412//3412 3414//3414 3536//3536
f 3536//3536 3414//3414 3538//3538
f 3537//3537 3415//3415 3413//3413
f 3539//3539 3415//3415 3537//3537
f 3414//3414 3416//3416 3538//3538
f 3538//3538 3416//3416 3540//3540
f 3539//3539 3417//3417 3415//3415
f 3541//3541 3417//3417 3539//3539
f 3416//3416 3418//3418 3540//3540
f 3540//3540 3418//3418 3542//3542
f 3541//3541 3419//3419 3417//3417
f 3543//3543 3419//3419 3541//3541
f 3418//3418 3420//3420 3542//3542
f 3542//3542 3420//3420 3544//3544
f 3543//3543 3545//3545 3419//3419
f 3419//3419 3545//3545 3421//3421
f 3420//3420 3422//3422 3544//3544
f 3544//3544 3422//3422 3546//3546
f 3545//3545 3423//3423 3421//3421
f 3547//3547 3423//3423 3545//3545
f 3422//3422 3424//3424 3546//3546
f 3546//3546 3424//3424 3548//3548
f 3547//3547 3549//3549 3423//3423
f 3423//3423 3549//3549 3425//3425
f 3550//3550 3424//3424 3426//3426
f 3550//3550 3548//3548 3424//3424
f 3549//3549 3551//3551 3425//3425
f 3425//3425 3551//3551 3427//3427
f 3428//3428 3552//3552 3426//3426
f 3426//3426 3552//3552 3550//3550
f 3551//3551 3553//3553 3427//3427
f 3427//3427 3553//3553 3429//3429
f 3429//3429 3554//3554 3430//3430
f 3553//3553 3554//3554 3429//3429
f 3431//3431 3556//3556 3428//3428
f 3431//3431 3555//3555 3556//3556
f 3428//3428 3556//3556 3552//3552
f 3554//3554 3557//3557 3430//3430
f 3430//3430 3557//3557 3432//3432
f 3432//3432 3558//3558 3433//3433
f 3557//3557 3558//3558 3432//3432
f 3431//3431 3434//3434 3555//3555
f 3555//3555 3434//3434 3559//3559
f 3558//3558 3560//3560 3433//3433
f 3433//3433 3560//3560 3435//3435
f 3435//3435 3561//3561 3436//3436
f 3560//3560 3561//3561 3435//3435
f 3436//3436 3562//3562 3437//3437
f 3561//3561 3562//3562 3436//3436
f 3437//3437 3563//3563 3438//3438
f 3562//3562 3563//3563 3437//3437
f 3434//3434 3438//3438 3559//3559
f 3559//3559 3438//3438 3563//3563
f 3565//3565 3564//3564 3443//3443
f 3444//3444 3566//3566 3443//3443
f 3443//3443 3566//3566 3565//3565
f 3445//3445 3567//3567 3444//3444
f 3444//3444 3567//3567 3566//3566
f 3446//3446 3568//3568 3445//3445
f 3445//3445 3568//3568 3567//3567
f 3446//3446 3569//3569 3568//3568
f 3571//3571 3570//3570 3440//3440
f 3440//3440 3570//3570 3439//3439
f 3572//3572 3440//3440 3441//3441
f 3572//3572 3571//3571 3440//3440
f 3564//3564 3441//3441 3442//3442
f 3564//3564 3572//3572 3441//3441
f 3442//3442 3443//3443 3564//3564
f 3447//3447 3569//3569 3446//3446
f 3573//3573 3447//3447 3448//3448
f 3573//3573 3569//3569 3447//3447
f 3448//3448 3574//3574 3573//3573
f 3576//3576 3575//3575 3450//3450
f 3450//3450 3575//3575 3449//3449
f 3570//3570 3450//3450 3439//3439
f 3570//3570 3576//3576 3450//3450
f 3451//3451 3574//3574 3448//3448
f 3451//3451 3452//3452 3574//3574
f 3574//3574 3452//3452 3577//3577
f 3575//3575 3578//3578 3449//3449
f 3449//3449 3578//3578 3453//3453
f 3452//3452 3454//3454 3577//3577
f 3577//3577 3454//3454 3579//3579
f 3578//3578 3580//3580 3453//3453
f 3453//3453 3580//3580 3455//3455
f 3454//3454 3456//3456 3579//3579
f 3579//3579 3456//3456 3581//3581
f 3580//3580 3582//3582 3455//3455
f 3455//3455 3582//3582 3457//3457
f 3458//3458 3581//3581 3456//3456
f 3458//3458 3583//3583 3581//3581
f 3582//3582 3584//3584 3457//3457
f 3457//3457 3584//3584 3459//3459
f 3458//3458 3460//3460 3583//3583
f 3583//3583 3460//3460 3585//3585
f 3584//3584 3461//3461 3459//3459
f 3586//3586 3461//3461 3584//3584
f 3462//3462 3585//3585 3460//3460
f 3462//3462 3587//3587 3585//3585
f 3586//3586 3588//3588 3461//3461
f 3461//3461 3588//3588 3463//3463
f 3464//3464 3587//3587 3462//3462
f 3464//3464 3589//3589 3587//3587
f 3588//3588 3465//3465 3463//3463
f 3590//3590 3465//3465 3588//3588
f 3589//3589 3464//3464 3591//3591
f 3466//3466 3591//3591 3464//3464
f 3590//3590 3467//3467 3465//3465
f 3592//3592 3467//3467 3590//3590
f 3466//3466 3593//3593 3591//3591
f 3466//3466 3468//3468 3593//3593
f 3592//3592 3594//3594 3467//3467
f 3467//3467 3594//3594 3469//3469
f 3470//3470 3593//3593 3468//3468
f 3470//3470 3595//3595 3593//3593
f 3594//3594 3471//3471 3469//3469
f 3596//3596 3471//3471 3594//3594
f 3472//3472 3595//3595 3470//3470
f 3472//3472 3597//3597 3595//3595
f 3596//3596 3473//3473 3471//3471
f 3598//3598 3473//3473 3596//3596
f 3474//3474 3597//3597 3472//3472
f 3474//3474 3599//3599 3597//3597
f 3598//3598 3475//3475 3473//3473
f 3600//3600 3475//3475 3598//3598
f 3476//3476 3599//3599 3474//3474
f 3476//3476 3601//3601 3599//3599
f 3600//3600 3602//3602 3475//3475
f 3475//3475 3602//3602 3477//3477
f 3476//3476 3478//3478 3601//3601
f 3601//3601 3478//3478 3603//3603
f 3602//3602 3479//3479 3477//3477
f 3604//3604 3479//3479 3602//3602
f 3480//3480 3603//3603 3478//3478
f 3480//3480 3605//3605 3603//3603
f 3604//3604 3481//3481 3479//3479
f 3606//3606 3481//3481 3604//3604
f 3482//3482 3605//3605 3480//3480
f 3482//3482 3607//3607 3605//3605
f 3606//3606 3608//3608 3481//3481
f 3481//3481 3608//3608 3483//3483
f 3484//3484 3607//3607 3482//3482
f 3484//3484 3609//3609 3607//3607
f 3608//3608 3485//3485 3483//3483
f 3610//3610 3485//3485 3608//3608
f 3486//3486 3609//3609 3484//3484
f 3486//3486 3611//3611 3609//3609
f 3610//3610 3612//3612 3485//3485
f 3485//3485 3612//3612 3487//3487
f 3611//3611 3488//3488 3613//3613
f 3611//3611 3486//3486 3488//3488
f 3612//3612 3489//3489 3487//3487
f 3614//3614 3489//3489 3612//3612
f 3615//3615 3613//3613 3490//3490
f 3490//3490 3613//3613 3488//3488
f 3616//3616 3491//3491 3489//3489
f 3614//3614 3616//3616 3489//3489
f 3492//3492 3615//3615 3490//3490
f 3492//3492 3617//3617 3615//3615
f 3618//3618 3491//3491 3616//3616
f 3618//3618 3493//3493 3491//3491
f 3494//3494 3617//3617 3492//3492
f 3494//3494 3619//3619 3617//3617
f 3618//3618 3495//3495 3493//3493
f 3620//3620 3495//3495 3618//3618
f 3494//3494 3496//3496 3619//3619
f 3619//3619 3496//3496 3621//3621
f 3620//3620 3622//3622 3495//3495
f 3495//3495 3622//3622 3497//3497
f 3498//3498 3621//3621 3496//3496
f 3498//3498 3623//3623 3621//3621
f 3622//3622 3499//3499 3497//3497
f 3624//3624 3499//3499 3622//3622
f 3500//3500 3623//3623 3498//3498
f 3500//3500 3625//3625 3623//3623
f 3624//3624 3501//3501 3499//3499
f 3626//3626 3501//3501 3624//3624
f 3500//3500 3502//3502 3625//3625
f 3625//3625 3502//3502 3627//3627
f 3626//3626 3503//3503 3501//3501
f 3628//3628 3503//3503 3626//3626
f 3504//3504 3627//3627 3502//3502
f 3504//3504 3629//3629 3627//3627
f 3628//3628 3505//3505 3503//3503
f 3630//3630 3505//3505 3628//3628
f 3504//3504 3506//3506 3629//3629
f 3629//3629 3506//3506 3631//3631
f 3630//3630 3632//3632 3505//3505
f 3505//3505 3632//3632 3507//3507
f 3508//3508 3631//3631 3506//3506
f 3508//3508 3633//3633 3631//3631
f 3632//3632 3509//3509 3507//3507
f 3634//3634 3509//3509 3632//3632
f 3633//3633 3510//3510 3635//3635
f 3633//3633 3508//3508 3510//3510
f 3634//3634 3511//3511 3509//3509
f 3636//3636 3511//3511 3634//3634
f 3637//3637 3635//3635 3512//3512
f 3512//3512 3635//3635 3510//3510
f 3636//3636 3513//3513 3511//3511
f 3638//3638 3513//3513 3636//3636
f 3514//3514 3637//3637 3512//3512
f 3514//3514 3639//3639 3637//3637
f 3638//3638 3640//3640 3513//3513
f 3513//3513 3640//3640 3515//3515
f 3639//3639 3516//3516 3641//3641
f 3639//3639 3514//3514 3516//3516
f 3640//3640 3517//3517 3515//3515
f 3642//3642 3517//3517 3640//3640
f 3643//3643 3641//3641 3518//3518
f 3518//3518 3641//3641 3516//3516
f 3642//3642 3644//3644 3519//3519
f 3517//3517 3642//3642 3519//3519
f 3520//3520 3643//3643 3518//3518
f 3520//3520 3645//3645 3643//3643
f 3644//3644 3521//3521 3519//3519
f 3644//3644 3646//3646 3521//3521
f 3520//3520 3522//3522 3645//3645
f 3645//3645 3522//3522 3647//3647
f 3646//3646 3523//3523 3521//3521
f 3648//3648 3523//3523 3646//3646
f 3524//3524 3647//3647 3522//3522
f 3524//3524 3649//3649 3647//3647
f 3648//3648 3650//3650 3523//3523
f 3523//3523 3650//3650 3525//3525
f 3524//3524 3526//3526 3649//3649
f 3649//3649 3526//3526 3651//3651
f 3650//3650 3527//3527 3525//3525
f 3652//3652 3527//3527 3650//3650
f 3528//3528 3651//3651 3526//3526
f 3528//3528 3653//3653 3651//3651
f 3652//3652 3654//3654 3527//3527
f 3527//3527 3654//3654 3529//3529
f 3528//3528 3530//3530 3653//3653
f 3653//3653 3530//3530 3655//3655
f 3654//3654 3531//3531 3529//3529
f 3656//3656 3531//3531 3654//3654
f 3530//3530 3532//3532 3655//3655
f 3655//3655 3532//3532 3657//3657
f 3656//3656 3533//3533 3531//3531
f 3658//3658 3533//3533 3656//3656
f 3532//3532 3534//3534 3657//3657
f 3657//3657 3534//3534 3659//3659
f 3658//3658 3535//3535 3533//3533
f 3660//3660 3535//3535 3658//3658
f 3534//3534 3536//3536 3659//3659
f 3659//3659 3536//3536 3661//3661
f 3660//3660 3537//3537 3535//3535
f 3662//3662 3537//3537 3660//3660
f 3536//3536 3538//3538 3661//3661
f 3661//3661 3538//3538 3663//3663
f 3662//3662 3539//3539 3537//3537
f 3664//3664 3539//3539 3662//3662
f 3538//3538 3540//3540 3663//3663
f 3663//3663 3540//3540 3665//3665
f 3664//3664 3541//3541 3539//3539
f 3666//3666 3541//3541 3664//3664
f 3540//3540 3542//3542 3665//3665
f 3665//3665 3542//3542 3667//3667
f 3666//3666 3543//3543 3541//3541
f 3668//3668 3543//3543 3666//3666
f 3542//3542 3544//3544 3667//3667
f 3667//3667 3544//3544 3669//3669
f 3668//3668 3670//3670 3543//3543
f 3543//3543 3670//3670 3545//3545
f 3544//3544 3546//3546 3669//3669
f 3669//3669 3546//3546 3671//3671
f 3670//3670 3547//3547 3545//3545
f 3672//3672 3547//3547 3670//3670
f 3546//3546 3548//3548 3671//3671
f 3671//3671 3548//3548 3673//3673
f 3672//3672 3674//3674 3547//3547
f 3547//3547 3674//3674 3549//3549
f 3550//3550 3673//3673 3548//3548
f 3550//3550 3675//3675 3673//3673
f 3674//3674 3676//3676 3549//3549
f 3549//3549 3676//3676 3551//3551
f 3550//3550 3552//3552 3675//3675
f 3675//3675 3552//3552 3677//3677
f 3676//3676 3678//3678 3551//3551
f 3551//3551 3678//3678 3553//3553
f 3553//3553 3679//3679 3554//3554
f 3678//3678 3679//3679 3553//3553
f 3556//3556 3555//3555 3680//3680
f 3552//3552 3556//3556 3677//3677
f 3677//3677 3556//3556 3680//3680
f 3679//3679 3681//3681 3554//3554
f 3554//3554 3681//3681 3557//3557
f 3557//3557 3682//3682 3558//3558
f 3681//3681 3682//3682 3557//3557
f 3559//3559 3684//3684 3555//3555
f 3559//3559 3683//3683 3684//3684
f 3555//3555 3684//3684 3680//3680
f 3682//3682 3685//3685 3558//3558
f 3558//3558 3685//3685 3560//3560
f 3560//3560 3686//3686 3561//3561
f 3685//3685 3686//3686 3560//3560
f 3561//3561 3687//3687 3562//3562
f 3686//3686 3687//3687 3561//3561
f 3562//3562 3688//3688 3563//3563
f 3687//3687 3688//3688 3562//3562
f 3559//3559 3563//3563 3683//3683
f 3683//3683 3563//3563 3688//3688
f 3690//3690 3689//3689 3564//3564
f 3565//3565 3690//3690 3564//3564
f 3565//3565 3691//3691 3690//3690
f 3692//3692 3565//3565 3566//3566
f 3692//3692 3691//3691 3565//3565
f 3693//3693 3566//3566 3567//3567
f 3693//3693 3692//3692 3566//3566
f 3694//3694 3567//3567 3568//3568
f 3694//3694 3693//3693 3567//3567
f 3695//3695 3568//3568 3569//3569
f 3695//3695 3694//3694 3568//3568
f 3569//3569 3696//3696 3695//3695
f 3698//3698 3697//3697 3570//3570
f 3571//3571 3698//3698 3570//3570
f 3571//3571 3699//3699 3698//3698
f 3689//3689 3571//3571 3572//3572
f 3689//3689 3699//3699 3571//3571
f 3572//3572 3564//3564 3689//3689
f 3573//3573 3696//3696 3569//3569
f 3700//3700 3573//3573 3574//3574
f 3700//3700 3696//3696 3573//3573
f 3574//3574 3701//3701 3700//3700
f 3697//3697 3702//3702 3576//3576
f 3576//3576 3702//3702 3575//3575
f 3576//3576 3570//3570 3697//3697
f 3577//3577 3701//3701 3574//3574
f 3577//3577 3703//3703 3701//3701
f 3702//3702 3704//3704 3575//3575
f 3575//3575 3704//3704 3578//3578
f 3579//3579 3703//3703 3577//3577
f 3579//3579 3705//3705 3703//3703
f 3704//3704 3706//3706 3578//3578
f 3578//3578 3706//3706 3580//3580
f 3579//3579 3581//3581 3705//3705
f 3705//3705 3581//3581 3707//3707
f 3706//3706 3708//3708 3580//3580
f 3580//3580 3708//3708 3582//3582
f 3583//3583 3707//3707 3581//3581
f 3583//3583 3709//3709 3707//3707
f 3708//3708 3710//3710 3582//3582
f 3582//3582 3710//3710 3584//3584
f 3583//3583 3585//3585 3709//3709
f 3709//3709 3585//3585 3711//3711
f 3710//3710 3586//3586 3584//3584
f 3712//3712 3586//3586 3710//3710
f 3587//3587 3711//3711 3585//3585
f 3587//3587 3713//3713 3711//3711
f 3712//3712 3714//3714 3586//3586
f 3586//3586 3714//3714 3588//3588
f 3589//3589 3713//3713 3587//3587
f 3589//3589 3715//3715 3713//3713
f 3714//3714 3590//3590 3588//3588
f 3716//3716 3590//3590 3714//3714
f 3591//3591 3715//3715 3589//3589
f 3591//3591 3717//3717 3715//3715
f 3716//3716 3592//3592 3590//3590
f 3718//3718 3592//3592 3716//3716
f 3591//3591 3593//3593 3717//3717
f 3717//3717 3593//3593 3719//3719
f 3718//3718 3720//3720 3592//3592
f 3592//3592 3720//3720 3594//3594
f 3595//3595 3719//3719 3593//3593
f 3595//3595 3721//3721 3719//3719
f 3720//3720 3596//3596 3594//3594
f 3722//3722 3596//3596 3720//3720
f 3597//3597 3721//3721 3595//3595
f 3597//3597 3723//3723 3721//3721
f 3722//3722 3598//3598 3596//3596
f 3724//3724 3598//3598 3722//3722
f 3599//3599 3723//3723 3597//3597
f 3599//3599 3725//3725 3723//3723
f 3724//3724 3600//3600 3598//3598
f 3726//3726 3600//3600 3724//3724
f 3601//3601 3725//3725 3599//3599
f 3601//3601 3727//3727 3725//3725
f 3726//3726 3728//3728 3600//3600
f 3600//3600 3728//3728 3602//3602
f 3601//3601 3603//3603 3727//3727
f 3727//3727 3603//3603 3729//3729
f 3728//3728 3604//3604 3602//3602
f 3730//3730 3604//3604 3728//3728
f 3605//3605 3729//3729 3603//3603
f 3605//3605 3731//3731 3729//3729
f 3730//3730 3606//3606 3604//3604
f 3732//3732 3606//3606 3730//3730
f 3607//3607 3731//3731 3605//3605
f 3607//3607 3733//3733 3731//3731
f 3732//3732 3734//3734 3606//3606
f 3606//3606 3734//3734 3608//3608
f 3609//3609 3733//3733 3607//3607
f 3609//3609 3735//3735 3733//3733
f 3734//3734 3610//3610 3608//3608
f 3736//3736 3610//3610 3734//3734
f 3735//3735 3611//3611 3737//3737
f 3735//3735 3609//3609 3611//3611
f 3736//3736 3738//3738 3610//3610
f 3610//3610 3738//3738 3612//3612
f 3739//3739 3737//3737 3613//3613
f 3613//3613 3737//3737 3611//3611
f 3738//3738 3614//3614 3612//3612
f 3740//3740 3614//3614 3738//3738
f 3615//3615 3739//3739 3613//3613
f 3615//3615 3741//3741 3739//3739
f 3740//3740 3616//3616 3614//3614
f 3742//3742 3616//3616 3740//3740
f 3617//3617 3741//3741 3615//3615
f 3617//3617 3743//3743 3741//3741
f 3742//3742 3744//3744 3616//3616
f 3616//3616 3744//3744 3618//3618
f 3619//3619 3743//3743 3617//3617
f 3619//3619 3745//3745 3743//3743
f 3744//3744 3620//3620 3618//3618
f 3746//3746 3620//3620 3744//3744
f 3619//3619 3621//3621 3745//3745
f 3745//3745 3621//3621 3747//3747
f 3748//3748 3622//3622 3620//3620
f 3746//3746 3748//3748 3620//3620
f 3623//3623 3747//3747 3621//3621
f 3623//3623 3749//3749 3747//3747
f 3750//3750 3622//3622 3748//3748
f 3750//3750 3624//3624 3622//3622
f 3749//3749 3625//3625 3751//3751
f 3749//3749 3623//3623 3625//3625
f 3750//3750 3626//3626 3624//3624
f 3752//3752 3626//3626 3750//3750
f 3753//3753 3751//3751 3627//3627
f 3627//3627 3751//3751 3625//3625
f 3752//3752 3628//3628 3626//3626
f 3754//3754 3628//3628 3752//3752
f 3753//3753 3629//3629 3755//3755
f 3753//3753 3627//3627 3629//3629
f 3754//3754 3630//3630 3628//3628
f 3756//3756 3630//3630 3754//3754
f 3757//3757 3755//3755 3631//3631
f 3631//3631 3755//3755 3629//3629
f 3756//3756 3758//3758 3630//3630
f 3630//3630 3758//3758 3632//3632
f 3633//3633 3757//3757 3631//3631
f 3633//3633 3759//3759 3757//3757
f 3758//3758 3634//3634 3632//3632
f 3760//3760 3634//3634 3758//3758
f 3633//3633 3635//3635 3759//3759
f 3759//3759 3635//3635 3761//3761
f 3760//3760 3636//3636 3634//3634
f 3762//3762 3636//3636 3760//3760
f 3637//3637 3761//3761 3635//3635
f 3637//3637 3763//3763 3761//3761
f 3762//3762 3638//3638 3636//3636
f 3764//3764 3638//3638 3762//3762
f 3763//3763 3639//3639 3765//3765
f 3763//3763 3637//3637 3639//3639
f 3764//3764 3766//3766 3638//3638
f 3638//3638 3766//3766 3640//3640
f 3767//3767 3765//3765 3641//3641
f 3641//3641 3765//3765 3639//3639
f 3766//3766 3642//3642 3640//3640
f 3768//3768 3642//3642 3766//3766
f 3643//3643 3767//3767 3641//3641
f 3643//3643 3769//3769 3767//3767
f 3768//3768 3770//3770 3642//3642
f 3642//3642 3770//3770 3644//3644
f 3645//3645 3769//3769 3643//3643
f 3645//3645 3771//3771 3769//3769
f 3770//3770 3646//3646 3644//3644
f 3772//3772 3646//3646 3770//3770
f 3645//3645 3647//3647 3771//3771
f 3771//3771 3647//3647 3773//3773
f 3772//3772 3648//3648 3646//3646
f 3774//3774 3648//3648 3772//3772
f 3649//3649 3773//3773 3647//3647
f 3649//3649 3775//3775 3773//3773
f 3774//3774 3776//3776 3648//3648
f 3648//3648 3776//3776 3650//3650
f 3649//3649 3651//3651 3775//3775
f 3775//3775 3651//3651 3777//3777
f 3776//3776 3652//3652 3650//3650
f 3778//3778 3652//3652 3776//3776
f 3653//3653 3777//3777 3651//3651
f 3653//3653 3779//3779 3777//3777
f 3778//3778 3780//3780 3652//3652
f 3652//3652 3780//3780 3654//3654
f 3653//3653 3655//3655 3779//3779
f 3779//3779 3655//3655 3781//3781
f 3780//3780 3656//3656 3654//3654
f 3782//3782 3656//3656 3780//3780
f 3655//3655 3657//3657 3781//3781
f 3781//3781 3657//3657 3783//3783
f 3782//3782 3658//3658 3656//3656
f 3784//3784 3658//3658 3782//3782
f 3657//3657 3659//3659 3783//3783
f 3783//3783 3659//3659 3785//3785
f 3784//3784 3660//3660 3658//3658
f 3786//3786 3660//3660 3784//3784
f 3659//3659 3661//3661 3785//3785
f 3785//3785 3661//3661 3787//3787
f 3786//3786 3662//3662 3660//3660
f 3788//3788 3662//3662 3786//3786
f 3661//3661 3663//3663 3787//3787
f 3787//3787 3663//3663 3789//3789
f 3788//3788 3664//3664 3662//3662
f 3790//3790 3664//3664 3788//3788
f 3663//3663 3665//3665 3789//3789
f 3789//3789 3665//3665 3791//3791
f 3790//3790 3666//3666 3664//3664
f 3792//3792 3666//3666 3790//3790
f 3665//3665 3667//3667 3791//3791
f 3791//3791 3667//3667 3793//3793
f 3792//3792 3668//3668 3666//3666
f 3794//3794 3668//3668 3792//3792
f 3667//3667 3669//3669 3793//3793
f 3793//3793 3669//3669 3795//3795
f 3794//3794 3796//3796 3668//3668
f 3668//3668 3796//3796 3670//3670
f 3669//3669 3671//3671 3795//3795
f 3795//3795 3671//3671 3797//3797
f 3796//3796 3672//3672 3670//3670
f 3798//3798 3672//3672 3796//3796
f 3671//3671 3673//3673 3797//3797
f 3797//3797 3673//3673 3799//3799
f 3798//3798 3800//3800 3672//3672
f 3672//3672 3800//3800 3674//3674
f 3675//3675 3799//3799 3673//3673
f 3675//3675 3801//3801 3799//3799
f 3800//3800 3802//3802 3674//3674
f 3674//3674 3802//3802 3676//3676
f 3675//3675 3677//3677 3801//3801
f 3801//3801 3677//3677 3803//3803
f 3802//3802 3804//3804 3676//3676
f 3676//3676 3804//3804 3678//3678
f 3678//3678 3805//3805 3679//3679
f 3804//3804 3805//3805 3678//3678
f 3677//3677 3680//3680 3803//3803
f 3803//3803 3680//3680 3806//3806
f 3805//3805 3807//3807 3679//3679
f 3679//3679 3807//3807 3681//3681
f 3681//3681 3808//3808 3682//3682
f 3807//3807 3808//3808 3681//3681
f 3683//3683 3810//3810 3684//3684
f 3809//3809 3810//3810 3683//3683
f 3680//3680 3684//3684 3806//3806
f 3806//3806 3684//3684 3810//3810
f 3808//3808 3811//3811 3682//3682
f 3682//3682 3811//3811 3685//3685
f 3685//3685 3812//3812 3686//3686
f 3811//3811 3812//3812 3685//3685
f 3686//3686 3813//3813 3687//3687
f 3812//3812 3813//3813 3686//3686
f 3687//3687 3814//3814 3688//3688
f 3813//3813 3814//3814 3687//3687
f 3683//3683 3688//3688 3809//3809
f 3809//3809 3688//3688 3814//3814
f 3816//3816 3815//3815 3689//3689
f 3690//3690 3816//3816 3689//3689
f 3690//3690 3817//3817 3816//3816
f 3818//3818 3690//3690 3691//3691
f 3818//3818 3817//3817 3690//3690
f 3819//3819 3691//3691 3692//3692
f 3819//3819 3818//3818 3691//3691
f 3820//3820 3692//3692 3693//3693
f 3820//3820 3819//3819 3692//3692
f 3821//3821 3693//3693 3694//3694
f 3821//3821 3820//3820 3693//3693
f 3822//3822 3694//3694 3695//3695
f 3822//3822 3821//3821 3694//3694
f 3823//3823 3695//3695 3696//3696
f 3823//3823 3822//3822 3695//3695
f 3696//3696 3824//3824 3823//3823
f 3826//3826 3825//3825 3698//3698
f 3698//3698 3825//3825 3697//3697
f 3815//3815 3698//3698 3699//3699
f 3815//3815 3826//3826 3698//3698
f 3699//3699 3689//3689 3815//3815
f 3700//3700 3824//3824 3696//3696
f 3700//3700 3701//3701 3824//3824
f 3824//3824 3701//3701 3827//3827
f 3825//3825 3828//3828 3697//3697
f 3697//3697 3828//3828 3702//3702
f 3701//3701 3703//3703 3827//3827
f 3827//3827 3703//3703 3829//3829
f 3828//3828 3830//3830 3702//3702
f 3702//3702 3830//3830 3704//3704
f 3703//3703 3705//3705 3829//3829
f 3705//3705 3831//3831 3829//3829
f 3830//3830 3832//3832 3704//3704
f 3704//3704 3832//3832 3706//3706
f 3707//3707 3831//3831 3705//3705
f 3707//3707 3833//3833 3831//3831
f 3832//3832 3834//3834 3706//3706
f 3706//3706 3834//3834 3708//3708
f 3709//3709 3833//3833 3707//3707
f 3709//3709 3835//3835 3833//3833
f 3834//3834 3836//3836 3708//3708
f 3708//3708 3836//3836 3710//3710
f 3709//3709 3711//3711 3835//3835
f 3835//3835 3711//3711 3837//3837
f 3836//3836 3712//3712 3710//3710
f 3838//3838 3712//3712 3836//3836
f 3713//3713 3837//3837 3711//3711
f 3713//3713 3839//3839 3837//3837
f 3838//3838 3840//3840 3712//3712
f 3712//3712 3840//3840 3714//3714
f 3715//3715 3839//3839 3713//3713
f 3715//3715 3841//3841 3839//3839
f 3840//3840 3716//3716 3714//3714
f 3842//3842 3716//3716 3840//3840
f 3717//3717 3841//3841 3715//3715
f 3717//3717 3843//3843 3841//3841
f 3842//3842 3718//3718 3716//3716
f 3844//3844 3718//3718 3842//3842
f 3717//3717 3719//3719 3843//3843
f 3843//3843 3719//3719 3845//3845
f 3844//3844 3846//3846 3718//3718
f 3718//3718 3846//3846 3720//3720
f 3721//3721 3845//3845 3719//3719
f 3721//3721 3847//3847 3845//3845
f 3846//3846 3722//3722 3720//3720
f 3848//3848 3722//3722 3846//3846
f 3723//3723 3847//3847 3721//3721
f 3723//3723 3849//3849 3847//3847
f 3848//3848 3724//3724 3722//3722
f 3850//3850 3724//3724 3848//3848
f 3725//3725 3849//3849 3723//3723
f 3725//3725 3851//3851 3849//3849
f 3850//3850 3726//3726 3724//3724
f 3852//3852 3726//3726 3850//3850
f 3727//3727 3851//3851 3725//3725
f 3727//3727 3853//3853 3851//3851
f 3852//3852 3854//3854 3726//3726
f 3726//3726 3854//3854 3728//3728
f 3853//3853 3727//3727 3855//3855
f 3729//3729 3855//3855 3727//3727
f 3854//3854 3730//3730 3728//3728
f 3856//3856 3730//3730 3854//3854
f 3731//3731 3857//3857 3729//3729
f 3729//3729 3857//3857 3855//3855
f 3856//3856 3732//3732 3730//3730
f 3858//3858 3732//3732 3856//3856
f 3731//3731 3859//3859 3857//3857
f 3731//3731 3733//3733 3859//3859
f 3858//3858 3860//3860 3732//3732
f 3732//3732 3860//3860 3734//3734
f 3859//3859 3735//3735 3861//3861
f 3859//3859 3733//3733 3735//3735
f 3860//3860 3736//3736 3734//3734
f 3862//3862 3736//3736 3860//3860
f 3863//3863 3861//3861 3737//3737
f 3737//3737 3861//3861 3735//3735
f 3864//3864 3738//3738 3736//3736
f 3862//3862 3864//3864 3736//3736
f 3739//3739 3863//3863 3737//3737
f 3739//3739 3865//3865 3863//3863
f 3866//3866 3738//3738 3864//3864
f 3866//3866 3740//3740 3738//3738
f 3741//3741 3865//3865 3739//3739
f 3741//3741 3867//3867 3865//3865
f 3866//3866 3742//3742 3740//3740
f 3868//3868 3742//3742 3866//3866
f 3743//3743 3867//3867 3741//3741
f 3743//3743 3869//3869 3867//3867
f 3868//3868 3870//3870 3742//3742
f 3742//3742 3870//3870 3744//3744
f 3869//3869 3745//3745 3871//3871
f 3869//3869 3743//3743 3745//3745
f 3870//3870 3746//3746 3744//3744
f 3872//3872 3746//3746 3870//3870
f 3873//3873 3871//3871 3747//3747
f 3747//3747 3871//3871 3745//3745
f 3872//3872 3748//3748 3746//3746
f 3874//3874 3748//3748 3872//3872
f 3749//3749 3873//3873 3747//3747
f 3749//3749 3875//3875 3873//3873
f 3874//3874 3876//3876 3748//3748
f 3748//3748 3876//3876 3750//3750
f 3749//3749 3751//3751 3875//3875
f 3875//3875 3751//3751 3877//3877
f 3876//3876 3752//3752 3750//3750
f 3878//3878 3752//3752 3876//3876
f 3753//3753 3877//3877 3751//3751
f 3753//3753 3879//3879 3877//3877
f 3878//3878 3754//3754 3752//3752
f 3880//3880 3754//3754 3878//3878
f 3753//3753 3755//3755 3879//3879
f 3879//3879 3755//3755 3881//3881
f 3880//3880 3756//3756 3754//3754
f 3882//3882 3756//3756 3880//3880
f 3757//3757 3881//3881 3755//3755
f 3757//3757 3883//3883 3881//3881
f 3884//3884 3758//3758 3756//3756
f 3882//3882 3884//3884 3756//3756
f 3883//3883 3759//3759 3885//3885
f 3883//3883 3757//3757 3759//3759
f 3886//3886 3758//3758 3884//3884
f 3886//3886 3760//3760 3758//3758
f 3887//3887 3885//3885 3761//3761
f 3761//3761 3885//3885 3759//3759
f 3886//3886 3762//3762 3760//3760
f 3888//3888 3762//3762 3886//3886
f 3763//3763 3887//3887 3761//3761
f 3763//3763 3889//3889 3887//3887
f 3888//3888 3764//3764 3762//3762
f 3890//3890 3764//3764 3888//3888
f 3763//3763 3765//3765 3889//3889
f 3889//3889 3765//3765 3891//3891
f 3890//3890 3892//3892 3764//3764
f 3764//3764 3892//3892 3766//3766
f 3767//3767 3891//3891 3765//3765
f 3767//3767 3893//3893 3891//3891
f 3892//3892 3768//3768 3766//3766
f 3894//3894 3768//3768 3892//3892
f 3769//3769 3893//3893 3767//3767
f 3769//3769 3895//3895 3893//3893
f 3896//3896 3770//3770 3768//3768
f 3894//3894 3896//3896 3768//3768
f 3895//3895 3771//3771 3897//3897
f 3895//3895 3769//3769 3771//3771
f 3898//3898 3770//3770 3896//3896
f 3898//3898 3772//3772 3770//3770
f 3899//3899 3897//3897 3773//3773
f 3773//3773 3897//3897 3771//3771
f 3898//3898 3774//3774 3772//3772
f 3900//3900 3774//3774 3898//3898
f 3899//3899 3775//3775 3901//3901
f 3899//3899 3773//3773 3775//3775
f 3900//3900 3902//3902 3774//3774
f 3774//3774 3902//3902 3776//3776
f 3903//3903 3901//3901 3777//3777
f 3777//3777 3901//3901 3775//3775
f 3902//3902 3778//3778 3776//3776
f 3904//3904 3778//3778 3902//3902
f 3903//3903 3779//3779 3905//3905
f 3903//3903 3777//3777 3779//3779
f 3904//3904 3906//3906 3778//3778
f 3778//3778 3906//3906 3780//3780
f 3907//3907 3905//3905 3781//3781
f 3781//3781 3905//3905 3779//3779
f 3906//3906 3782//3782 3780//3780
f 3908//3908 3782//3782 3906//3906
f 3781//3781 3783//3783 3907//3907
f 3907//3907 3783//3783 3909//3909
f 3908//3908 3784//3784 3782//3782
f 3910//3910 3784//3784 3908//3908
f 3783//3783 3785//3785 3909//3909
f 3909//3909 3785//3785 3911//3911
f 3910//3910 3786//3786 3784//3784
f 3912//3912 3786//3786 3910//3910
f 3785//3785 3787//3787 3911//3911
f 3911//3911 3787//3787 3913//3913
f 3912//3912 3788//3788 3786//3786
f 3914//3914 3788//3788 3912//3912
f 3787//3787 3789//3789 3913//3913
f 3913//3913 3789//3789 3915//3915
f 3914//3914 3790//3790 3788//3788
f 3916//3916 3790//3790 3914//3914
f 3789//3789 3791//3791 3915//3915
f 3915//3915 3791//3791 3917//3917
f 3916//3916 3792//3792 3790//3790
f 3918//3918 3792//3792 3916//3916
f 3791//3791 3793//3793 3917//3917
f 3917//3917 3793//3793 3919//3919
f 3918//3918 3794//3794 3792//3792
f 3920//3920 3794//3794 3918//3918
f 3793//3793 3795//3795 3919//3919
f 3919//3919 3795//3795 3921//3921
f 3920//3920 3922//3922 3794//3794
f 3794//3794 3922//3922 3796//3796
f 3795//3795 3797//3797 3921//3921
f 3921//3921 3797//3797 3923//3923
f 3922//3922 3798//3798 3796//3796
f 3924//3924 3798//3798 3922//3922
f 3797//3797 3799//3799 3923//3923
f 3923//3923 3799//3799 3925//3925
f 3924//3924 3926//3926 3798//3798
f 3798//3798 3926//3926 3800//3800
f 3925//3925 3801//3801 3927//3927
f 3925//3925 3799//3799 3801//3801
f 3926//3926 3928//3928 3800//3800
f 3800//3800 3928//3928 3802//3802
f 3803//3803 3929//3929 3927//3927
f 3803//3803 3927//3927 3801//3801
f 3928//3928 3930//3930 3802//3802
f 3802//3802 3930//3930 3804//3804
f 3804//3804 3931//3931 3805//3805
f 3930//3930 3931//3931 3804//3804
f 3806//3806 3932//3932 3929//3929
f 3806//3806 3929//3929 3803//3803
f 3931//3931 3933//3933 3805//3805
f 3805//3805 3933//3933 3807//3807
f 3807//3807 3934//3934 3808//3808
f 3933//3933 3934//3934 3807//3807
f 3934//3934 3935//3935 3808//3808
f 3810//3810 3936//3936 3932//3932
f 3810//3810 3809//3809 3936//3936
f 3810//3810 3932//3932 3806//3806
f 3935//3935 3811//3811 3808//3808
f 3937//3937 3811//3811 3935//3935
f 3937//3937 3812//3812 3811//3811
f 3812//3812 3938//3938 3813//3813
f 3937//3937 3938//3938 3812//3812
f 3813//3813 3939//3939 3814//3814
f 3938//3938 3939//3939 3813//3813
f 3809//3809 3814//3814 3936//3936
f 3936//3936 3814//3814 3939//3939
f 3941//3941 3940//3940 3819//3819
f 3820//3820 3942//3942 3819//3819
f 3819//3819 3942//3942 3941//3941
f 3821//3821 3943//3943 3820//3820
f 3820//3820 3943//3943 3942//3942
f 3821//3821 3944//3944 3943//3943
f 3946//3946 3945//3945 3816//3816
f 3816//3816 3945//3945 3815//3815
f 3947//3947 3816//3816 3817//3817
f 3947//3947 3946//3946 3816//3816
f 3940//3940 3817//3817 3818//3818
f 3940//3940 3947//3947 3817//3817
f 3818//3818 3819//3819 3940//3940
f 3822//3822 3944//3944 3821//3821
f 3948//3948 3822//3822 3823//3823
f 3948//3948 3944//3944 3822//3822
f 3949//3949 3823//3823 3824//3824
f 3949//3949 3948//3948 3823//3823
f 3824//3824 3950//3950 3949//3949
f 3952//3952 3951//3951 3826//3826
f 3826//3826 3951//3951 3825//3825
f 3945//3945 3826//3826 3815//3815
f 3945//3945 3952//3952 3826//3826
f 3827//3827 3950//3950 3824//3824
f 3827//3827 3953//3953 3950//3950
f 3951//3951 3954//3954 3825//3825
f 3825//3825 3954//3954 3828//3828
f 3829//3829 3953//3953 3827//3827
f 3829//3829 3955//3955 3953//3953
f 3954//3954 3956//3956 3828//3828
f 3828//3828 3956//3956 3830//3830
f 3829//3829 3831//3831 3955//3955
f 3955//3955 3831//3831 3957//3957
f 3956//3956 3958//3958 3830//3830
f 3830//3830 3958//3958 3832//3832
f 3833//3833 3957//3957 3831//3831
f 3833//3833 3959//3959 3957//3957
f 3958//3958 3960//3960 3832//3832
f 3832//3832 3960//3960 3834//3834
f 3835//3835 3959//3959 3833//3833
f 3835//3835 3961//3961 3959//3959
f 3962//3962 3836//3836 3834//3834
f 3960//3960 3962//3962 3834//3834
f 3835//3835 3837//3837 3961//3961
f 3961//3961 3837//3837 3963//3963
f 3964//3964 3836//3836 3962//3962
f 3964//3964 3838//3838 3836//3836
f 3839//3839 3963//3963 3837//3837
f 3839//3839 3965//3965 3963//3963
f 3966//3966 3840//3840 3838//3838
f 3964//3964 3966//3966 3838//3838
f 3841//3841 3965//3965 3839//3839
f 3841//3841 3967//3967 3965//3965
f 3968//3968 3840//3840 3966//3966
f 3968//3968 3842//3842 3840//3840
f 3843//3843 3967//3967 3841//3841
f 3843//3843 3969//3969 3967//3967
f 3968//3968 3844//3844 3842//3842
f 3970//3970 3844//3844 3968//3968
f 3843//3843 3845//3845 3969//3969
f 3969//3969 3845//3845 3971//3971
f 3972//3972 3846//3846 3844//3844
f 3970//3970 3972//3972 3844//3844
f 3847//3847 3971//3971 3845//3845
f 3847//3847 3973//3973 3971//3971
f 3974//3974 3846//3846 3972//3972
f 3974//3974 3848//3848 3846//3846
f 3849//3849 3973//3973 3847//3847
f 3849//3849 3975//3975 3973//3973
f 3974//3974 3850//3850 3848//3848
f 3976//3976 3850//3850 3974//3974
f 3851//3851 3975//3975 3849//3849
f 3851//3851 3977//3977 3975//3975
f 3976//3976 3852//3852 3850//3850
f 3978//3978 3852//3852 3976//3976
f 3853//3853 3977//3977 3851//3851
f 3853//3853 3979//3979 3977//3977
f 3978//3978 3980//3980 3852//3852
f 3852//3852 3980//3980 3854//3854
f 3855//3855 3979//3979 3853//3853
f 3855//3855 3981//3981 3979//3979
f 3980//3980 3856//3856 3854//3854
f 3982//3982 3856//3856 3980//3980
f 3857//3857 3981//3981 3855//3855
f 3857//3857 3983//3983 3981//3981
f 3982//3982 3858//3858 3856//3856
f 3984//3984 3858//3858 3982//3982
f 3983//3983 3857//3857 3985//3985
f 3859//3859 3985//3985 3857//3857
f 3984//3984 3986//3986 3858//3858
f 3858//3858 3986//3986 3860//3860
f 3987//3987 3985//3985 3861//3861
f 3861//3861 3985//3985 3859//3859
f 3986//3986 3862//3862 3860//3860
f 3988//3988 3862//3862 3986//3986
f 3863//3863 3987//3987 3861//3861
f 3863//3863 3989//3989 3987//3987
f 3988//3988 3864//3864 3862//3862
f 3990//3990 3864//3864 3988//3988
f 3865//3865 3989//3989 3863//3863
f 3865//3865 3991//3991 3989//3989
f 3990//3990 3992//3992 3864//3864
f 3864//3864 3992//3992 3866//3866
f 3867//3867 3991//3991 3865//3865
f 3867//3867 3993//3993 3991//3991
f 3992//3992 3868//3868 3866//3866
f 3994//3994 3868//3868 3992//3992
f 3869//3869 3993//3993 3867//3867
f 3869//3869 3995//3995 3993//3993
f 3994//3994 3996//3996 3868//3868
f 3868//3868 3996//3996 3870//3870
f 3869//3869 3871//3871 3995//3995
f 3995//3995 3871//3871 3997//3997
f 3996//3996 3872//3872 3870//3870
f 3998//3998 3872//3872 3996//3996
f 3873//3873 3997//3997 3871//3871
f 3873//3873 3999//3999 3997//3997
f 3998//3998 3874//3874 3872//3872
f 4000//4000 3874//3874 3998//3998
f 3999//3999 3875//3875 4001//4001
f 3999//3999 3873//3873 3875//3875
f 4002//4002 3876//3876 3874//3874
f 4000//4000 4002//4002 3874//3874
f 4003//4003 4001//4001 3877//3877
f 3877//3877 4001//4001 3875//3875
f 4004//4004 3876//3876 4002//4002
f 4004//4004 3878//3878 3876//3876
f 4003//4003 3879//3879 4005//4005
f 4003//4003 3877//3877 3879//3879
f 4004//4004 3880//3880 3878//3878
f 4006//4006 3880//3880 4004//4004
f 4007//4007 4005//4005 3881//3881
f 3881//3881 4005//4005 3879//3879
f 4006//4006 3882//3882 3880//3880
f 4008//4008 3882//3882 4006//4006
f 4007//4007 3883//3883 4009//4009
f 4007//4007 3881//3881 3883//3883
f 4008//4008 3884//3884 3882//3882
f 4010//4010 3884//3884 4008//4008
f 4011//4011 4009//4009 3885//3885
f 3885//3885 4009//4009 3883//3883
f 4010//4010 4012//4012 3884//3884
f 3884//3884 4012//4012 3886//3886
f 3887//3887 4011//4011 3885//3885
f 3887//3887 4013//4013 4011//4011
f 4012//4012 3888//3888 3886//3886
f 4014//4014 3888//3888 4012//4012
f 4013//4013 3889//3889 4015//4015
f 4013//4013 3887//3887 3889//3889
f 4014//4014 3890//3890 3888//3888
f 4016//4016 3890//3890 4014//4014
f 4017//4017 4015//4015 3891//3891
f 3891//3891 4015//4015 3889//3889
f 4016//4016 4018//4018 3890//3890
f 3890//3890 4018//4018 3892//3892
f 3893//3893 4017//4017 3891//3891
f 3893//3893 4019//4019 4017//4017
f 4018//4018 3894//3894 3892//3892
f 4020//4020 3894//3894 4018//4018
f 4019//4019 3895//3895 4021//4021
f 4019//4019 3893//3893 3895//3895
f 4020//4020 3896//3896 3894//3894
f 4022//4022 3896//3896 4020//4020
f 4023//4023 4021//4021 3897//3897
f 3897//3897 4021//4021 3895//3895
f 4022//4022 4024//4024 3896//3896
f 3896//3896 4024//4024 3898//3898
f 3899//3899 4023//4023 3897//3897
f 3899//3899 4025//4025 4023//4023
f 4024//4024 3900//3900 3898//3898
f 4026//4026 3900//3900 4024//4024
f 3899//3899 3901//3901 4025//4025
f 4025//4025 3901//3901 4027//4027
f 4026//4026 4028//4028 3900//3900
f 3900//3900 4028//4028 3902//3902
f 3903//3903 4027//4027 3901//3901
f 3903//3903 4029//4029 4027//4027
f 4028//4028 3904//3904 3902//3902
f 4030//4030 3904//3904 4028//4028
f 3903//3903 3905//3905 4029//4029
f 4029//4029 3905//3905 4031//4031
f 4030//4030 4032//4032 3904//3904
f 3904//3904 4032//4032 3906//3906
f 4031//4031 3907//3907 4033//4033
f 4031//4031 3905//3905 3907//3907
f 4032//4032 3908//3908 3906//3906
f 4034//4034 3908//3908 4032//4032
f 3909//3909 4035//4035 4033//4033
f 3909//3909 4033//4033 3907//3907
f 4034//4034 3910//3910 3908//3908
f 4036//4036 3910//3910 4034//4034
f 3911//3911 4037//4037 4035//4035
f 3911//3911 4035//4035 3909//3909
f 4036//4036 3912//3912 3910//3910
f 4038//4038 3912//3912 4036//4036
f 3913//3913 4039//4039 4037//4037
f 3913//3913 4037//4037 3911//3911
f 4038//4038 3914//3914 3912//3912
f 4040//4040 3914//3914 4038//4038
f 4041//4041 4039//4039 3915//3915
f 3915//3915 4039//4039 3913//3913
f 4040//4040 3916//3916 3914//3914
f 4042//4042 3916//3916 4040//4040
f 3915//3915 3917//3917 4041//4041
f 4041//4041 3917//3917 4043//4043
f 4042//4042 3918//3918 3916//3916
f 4044//4044 3918//3918 4042//4042
f 3917//3917 3919//3919 4043//4043
f 4043//4043 3919//3919 4045//4045
f 4044//4044 3920//3920 3918//3918
f 4046//4046 3920//3920 4044//4044
f 3919//3919 3921//3921 4045//4045
f 4045//4045 3921//3921 4047//4047
f 4046//4046 4048//4048 3920//3920
f 3920//3920 4048//4048 3922//3922
f 3921//3921 3923//3923 4047//4047
f 4047//4047 3923//3923 4049//4049
f 3924//3924 4048//4048 4050//4050
f 3924//3924 3922//3922 4048//4048
f 3923//3923 3925//3925 4049//4049
f 4049//4049 3925//3925 4051//4051
f 4050//4050 3926//3926 3924//3924
f 4052//4052 3926//3926 4050//4050
f 3925//3925 3927//3927 4051//4051
f 4051//4051 3927//3927 4053//4053
f 4052//4052 4054//4054 3926//3926
f 3926//3926 4054//4054 3928//3928
f 3927//3927 3929//3929 4053//4053
f 4053//4053 3929//3929 4055//4055
f 4054//4054 4056//4056 3928//3928
f 3928//3928 4056//4056 3930//3930
f 3930//3930 4057//4057 3931//3931
f 4056//4056 4057//4057 3930//3930
f 3929//3929 3932//3932 4055//4055
f 4055//4055 3932//3932 4058//4058
f 4057//4057 4059//4059 3931//3931
f 3931//3931 4059//4059 3933//3933
f 3933//3933 4060//4060 3934//3934
f 4059//4059 4060//4060 3933//3933
f 3934//3934 4061//4061 3935//3935
f 4060//4060 4061//4061 3934//3934
f 4063//4063 3936//3936 4062//4062
f 3932//3932 3936//3936 4058//4058
f 4058//4058 3936//3936 4063//4063
f 4061//4061 4064//4064 3935//3935
f 3935//3935 4064//4064 3937//3937
f 3937//3937 4065//4065 3938//3938
f 4064//4064 4065//4065 3937//3937
f 3939//3939 4065//4065 4062//4062
f 3939//3939 3938//3938 4065//4065
f 3939//3939 4062//4062 3936//3936
f 4067//4067 4066//4066 3940//3940
f 3941//3941 4067//4067 3940//3940
f 3941//3941 4068//4068 4067//4067
f 4069//4069 3941//3941 3942//3942
f 4069//4069 4068//4068 3941//3941
f 4070//4070 3942//3942 3943//3943
f 4070//4070 4069//4069 3942//3942
f 4071//4071 3943//3943 3944//3944
f 4071//4071 4070//4070 3943//3943
f 3944//3944 4072//4072 4071//4071
f 4074//4074 4073//4073 3946//3946
f 3946//3946 4073//4073 3945//3945
f 4066//4066 3946//3946 3947//3947
f 4066//4066 4074//4074 3946//3946
f 3947//3947 3940//3940 4066//4066
f 3948//3948 4072//4072 3944//3944
f 4075//4075 3948//3948 3949//3949
f 4075//4075 4072//4072 3948//3948
f 3949//3949 3950//3950 4075//4075
f 4075//4075 3950//3950 4076//4076
f 4078//4078 4077//4077 3952//3952
f 3952//3952 4077//4077 3951//3951
f 4073//4073 3952//3952 3945//3945
f 4073//4073 4078//4078 3952//3952
f 3950//3950 3953//3953 4076//4076
f 4076//4076 3953//3953 4079//4079
f 4077//4077 4080//4080 3951//3951
f 3951//3951 4080//4080 3954//3954
f 3953//3953 3955//3955 4079//4079
f 3955//3955 4081//4081 4079//4079
f 4080//4080 4082//4082 3954//3954
f 3954//3954 4082//4082 3956//3956
f 3957//3957 4081//4081 3955//3955
f 3957//3957 4083//4083 4081//4081
f 4082//4082 4084//4084 3956//3956
f 3956//3956 4084//4084 3958//3958
f 3959//3959 4083//4083 3957//3957
f 3959//3959 4085//4085 4083//4083
f 4084//4084 4086//4086 3958//3958
f 3958//3958 4086//4086 3960//3960
f 3959//3959 3961//3961 4085//4085
f 3961//3961 4087//4087 4085//4085
f 4086//4086 3962//3962 3960//3960
f 4088//4088 3962//3962 4086//4086
f 3963//3963 4087//4087 3961//3961
f 3963//3963 4089//4089 4087//4087
f 4088//4088 4090//4090 3962//3962
f 3962//3962 4090//4090 3964//3964
f 3965//3965 4089//4089 3963//3963
f 3965//3965 4091//4091 4089//4089
f 4090//4090 3966//3966 3964//3964
f 4092//4092 3966//3966 4090//4090
f 3967//3967 4091//4091 3965//3965
f 3967//3967 4093//4093 4091//4091
f 4092//4092 4094//4094 3966//3966
f 3966//3966 4094//4094 3968//3968
f 3969//3969 4093//4093 3967//3967
f 3969//3969 4095//4095 4093//4093
f 4094//4094 3970//3970 3968//3968
f 4096//4096 3970//3970 4094//4094
f 3969//3969 3971//3971 4095//4095
f 4095//4095 3971//3971 4097//4097
f 4096//4096 3972//3972 3970//3970
f 4098//4098 3972//3972 4096//4096
f 3973//3973 4097//4097 3971//3971
f 3973//3973 4099//4099 4097//4097
f 4098//4098 4100//4100 3972//3972
f 3972//3972 4100//4100 3974//3974
f 3975//3975 4099//4099 3973//3973
f 3975//3975 4101//4101 4099//4099
f 4100//4100 3976//3976 3974//3974
f 4102//4102 3976//3976 4100//4100
f 3977//3977 4101//4101 3975//3975
f 3977//3977 4103//4103 4101//4101
f 4102//4102 3978//3978 3976//3976
f 4104//4104 3978//3978 4102//4102
f 3979//3979 4103//4103 3977//3977
f 3979//3979 4105//4105 4103//4103
f 4104//4104 4106//4106 3978//3978
f 3978//3978 4106//4106 3980//3980
f 3981//3981 4105//4105 3979//3979
f 3981//3981 4107//4107 4105//4105
f 4106//4106 3982//3982 3980//3980
f 4108//4108 3982//3982 4106//4106
f 3983//3983 4107//4107 3981//3981
f 3983//3983 4109//4109 4107//4107
f 4108//4108 3984//3984 3982//3982
f 4110//4110 3984//3984 4108//4108
f 3985//3985 4109//4109 3983//3983
f 3985//3985 4111//4111 4109//4109
f 4110//4110 4112//4112 3984//3984
f 3984//3984 4112//4112 3986//3986
f 3987//3987 4111//4111 3985//3985
f 3987//3987 4113//4113 4111//4111
f 4112//4112 3988//3988 3986//3986
f 4114//4114 3988//3988 4112//4112
f 3989//3989 4113//4113 3987//3987
f 3989//3989 4115//4115 4113//4113
f 4114//4114 3990//3990 3988//3988
f 4116//4116 3990//3990 4114//4114
f 3991//3991 4115//4115 3989//3989
f 3991//3991 4117//4117 4115//4115
f 4116//4116 4118//4118 3990//3990
f 3990//3990 4118//4118 3992//3992
f 3993//3993 4117//4117 3991//3991
f 3993//3993 4119//4119 4117//4117
f 4118//4118 3994//3994 3992//3992
f 4120//4120 3994//3994 4118//4118
f 4119//4119 3995//3995 4121//4121
f 4119//4119 3993//3993 3995//3995
f 4122//4122 3996//3996 3994//3994
f 4120//4120 4122//4122 3994//3994
f 4123//4123 4121//4121 3997//3997
f 3997//3997 4121//4121 3995//3995
f 4124//4124 3996//3996 4122//4122
f 4124//4124 3998//3998 3996//3996
f 3999//3999 4123//4123 3997//3997
f 3999//3999 4125//4125 4123//4123
f 4124//4124 4000//4000 3998//3998
f 4126//4126 4000//4000 4124//4124
f 3999//3999 4001//4001 4125//4125
f 4125//4125 4001//4001 4127//4127
f 4126//4126 4002//4002 4000//4000
f 4128//4128 4002//4002 4126//4126
f 4003//4003 4127//4127 4001//4001
f 4003//4003 4129//4129 4127//4127
f 4128//4128 4130//4130 4002//4002
f 4002//4002 4130//4130 4004//4004
f 4003//4003 4005//4005 4129//4129
f 4129//4129 4005//4005 4131//4131
f 4130//4130 4006//4006 4004//4004
f 4132//4132 4006//4006 4130//4130
f 4007//4007 4131//4131 4005//4005
f 4007//4007 4133//4133 4131//4131
f 4132//4132 4008//4008 4006//4006
f 4134//4134 4008//4008 4132//4132
f 4007//4007 4009//4009 4133//4133
f 4133//4133 4009//4009 4135//4135
f 4134//4134 4010//4010 4008//4008
f 4136//4136 4010//4010 4134//4134
f 4011//4011 4135//4135 4009//4009
f 4011//4011 4137//4137 4135//4135
f 4138//4138 4012//4012 4010//4010
f 4136//4136 4138//4138 4010//4010
f 4137//4137 4013//4013 4139//4139
f 4137//4137 4011//4011 4013//4013
f 4140//4140 4012//4012 4138//4138
f 4140//4140 4014//4014 4012//4012
f 4141//4141 4139//4139 4015//4015
f 4015//4015 4139//4139 4013//4013
f 4140//4140 4016//4016 4014//4014
f 4142//4142 4016//4016 4140//4140
f 4017//4017 4141//4141 4015//4015
f 4017//4017 4143//4143 4141//4141
f 4144//4144 4018//4018 4016//4016
f 4142//4142 4144//4144 4016//4016
f 4143//4143 4019//4019 4145//4145
f 4143//4143 4017//4017 4019//4019
f 4146//4146 4018//4018 4144//4144
f 4146//4146 4020//4020 4018//4018
f 4147//4147 4145//4145 4021//4021
f 4021//4021 4145//4145 4019//4019
f 4146//4146 4022//4022 4020//4020
f 4148//4148 4022//4022 4146//4146
f 4023//4023 4147//4147 4021//4021
f 4023//4023 4149//4149 4147//4147
f 4148//4148 4150//4150 4022//4022
f 4022//4022 4150//4150 4024//4024
f 4149//4149 4025//4025 4151//4151
f 4149//4149 4023//4023 4025//4025
f 4150//4150 4026//4026 4024//4024
f 4152//4152 4026//4026 4150//4150
f 4153//4153 4151//4151 4027//4027
f 4027//4027 4151//4151 4025//4025
f 4152//4152 4154//4154 4026//4026
f 4026//4026 4154//4154 4028//4028
f 4153//4153 4029//4029 4155//4155
f 4153//4153 4027//4027 4029//4029
f 4154//4154 4030//4030 4028//4028
f 4156//4156 4030//4030 4154//4154
f 4157//4157 4155//4155 4031//4031
f 4031//4031 4155//4155 4029//4029
f 4158//4158 4032//4032 4030//4030
f 4156//4156 4158//4158 4030//4030
f 4031//4031 4033//4033 4157//4157
f 4157//4157 4033//4033 4159//4159
f 4160//4160 4032//4032 4158//4158
f 4160//4160 4034//4034 4032//4032
f 4033//4033 4035//4035 4159//4159
f 4159//4159 4035//4035 4161//4161
f 4160//4160 4036//4036 4034//4034
f 4162//4162 4036//4036 4160//4160
f 4035//4035 4037//4037 4161//4161
f 4161//4161 4037//4037 4163//4163
f 4162//4162 4038//4038 4036//4036
f 4164//4164 4038//4038 4162//4162
f 4037//4037 4039//4039 4163//4163
f 4163//4163 4039//4039 4165//4165
f 4164//4164 4040//4040 4038//4038
f 4166//4166 4040//4040 4164//4164
f 4165//4165 4041//4041 4167//4167
f 4165//4165 4039//4039 4041//4041
f 4166//4166 4042//4042 4040//4040
f 4168//4168 4042//4042 4166//4166
f 4043//4043 4169//4169 4167//4167
f 4043//4043 4167//4167 4041//4041
f 4168//4168 4044//4044 4042//4042
f 4170//4170 4044//4044 4168//4168
f 4045//4045 4171//4171 4169//4169
f 4045//4045 4169//4169 4043//4043
f 4046//4046 4170//4170 4172//4172
f 4046//4046 4044//4044 4170//4170
f 4047//4047 4173//4173 4171//4171
f 4047//4047 4171//4171 4045//4045
f 4172//4172 4048//4048 4046//4046
f 4174//4174 4048//4048 4172//4172
f 4175//4175 4173//4173 4049//4049
f 4049//4049 4173//4173 4047//4047
f 4174//4174 4176//4176 4048//4048
f 4048//4048 4176//4176 4050//4050
f 4049//4049 4051//4051 4175//4175
f 4175//4175 4051//4051 4177//4177
f 4052//4052 4176//4176 4178//4178
f 4052//4052 4050//4050 4176//4176
f 4051//4051 4053//4053 4177//4177
f 4177//4177 4053//4053 4179//4179
f 4178//4178 4054//4054 4052//4052
f 4178//4178 4180//4180 4054//4054
f 4053//4053 4055//4055 4179//4179
f 4179//4179 4055//4055 4181//4181
f 4180//4180 4056//4056 4054//4054
f 4182//4182 4056//4056 4180//4180
f 4182//4182 4057//4057 4056//4056
f 4055//4055 4058//4058 4181//4181
f 4181//4181 4058//4058 4183//4183
f 4182//4182 4184//4184 4057//4057
f 4057//4057 4184//4184 4059//4059
f 4059//4059 4185//4185 4060//4060
f 4184//4184 4185//4185 4059//4059
f 4060//4060 4186//4186 4061//4061
f 4185//4185 4186//4186 4060//4060
f 4186//4186 4187//4187 4061//4061
f 4189//4189 4062//4062 4188//4188
f 4062//4062 4190//4190 4063//4063
f 4189//4189 4190//4190 4062//4062
f 4058//4058 4063//4063 4183//4183
f 4183//4183 4063//4063 4190//4190
f 4187//4187 4064//4064 4061//4061
f 4064//4064 4187//4187 4065//4065
f 4065//4065 4187//4187 4188//4188
f 4065//4065 4188//4188 4062//4062
f 4192//4192 4191//4191 4067//4067
f 4067//4067 4191//4191 4066//4066
f 4193//4193 4067//4067 4068//4068
f 4193//4193 4192//4192 4067//4067
f 4194//4194 4068//4068 4069//4069
f 4194//4194 4193//4193 4068//4068
f 4195//4195 4069//4069 4070//4070
f 4195//4195 4194//4194 4069//4069
f 4196//4196 4070//4070 4071//4071
f 4196//4196 4195//4195 4070//4070
f 4197//4197 4071//4071 4072//4072
f 4197//4197 4196//4196 4071//4071
f 4072//4072 4198//4198 4197//4197
f 4200//4200 4199//4199 4073//4073
f 4074//4074 4200//4200 4073//4073
f 4074//4074 4201//4201 4200//4200
f 4191//4191 4074//4074 4066//4066
f 4191//4191 4201//4201 4074//4074
f 4075//4075 4198//4198 4072//4072
f 4075//4075 4076//4076 4198//4198
f 4198//4198 4076//4076 4202//4202
f 4199//4199 4203//4203 4078//4078
f 4078//4078 4203//4203 4077//4077
f 4078//4078 4073//4073 4199//4199
f 4076//4076 4079//4079 4202//4202
f 4202//4202 4079//4079 4204//4204
f 4203//4203 4205//4205 4077//4077
f 4077//4077 4205//4205 4080//4080
f 4079//4079 4081//4081 4204//4204
f 4204//4204 4081//4081 4206//4206
f 4205//4205 4207//4207 4080//4080
f 4080//4080 4207//4207 4082//4082
f 4083//4083 4206//4206 4081//4081
f 4083//4083 4208//4208 4206//4206
f 4207//4207 4209//4209 4082//4082
f 4082//4082 4209//4209 4084//4084
f 4083//4083 4085//4085 4208//4208
f 4085//4085 4210//4210 4208//4208
f 4209//4209 4211//4211 4084//4084
f 4084//4084 4211//4211 4086//4086
f 4087//4087 4210//4210 4085//4085
f 4087//4087 4212//4212 4210//4210
f 4211//4211 4088//4088 4086//4086
f 4213//4213 4088//4088 4211//4211
f 4089//4089 4212//4212 4087//4087
f 4089//4089 4214//4214 4212//4212
f 4213//4213 4215//4215 4088//4088
f 4088//4088 4215//4215 4090//4090
f 4091//4091 4214//4214 4089//4089
f 4091//4091 4216//4216 4214//4214
f 4215//4215 4092//4092 4090//4090
f 4217//4217 4092//4092 4215//4215
f 4093//4093 4216//4216 4091//4091
f 4093//4093 4218//4218 4216//4216
f 4217//4217 4219//4219 4092//4092
f 4092//4092 4219//4219 4094//4094
f 4095//4095 4218//4218 4093//4093
f 4095//4095 4220//4220 4218//4218
f 4219//4219 4096//4096 4094//4094
f 4221//4221 4096//4096 4219//4219
f 4095//4095 4097//4097 4220//4220
f 4220//4220 4097//4097 4222//4222
f 4221//4221 4098//4098 4096//4096
f 4223//4223 4098//4098 4221//4221
f 4099//4099 4222//4222 4097//4097
f 4099//4099 4224//4224 4222//4222
f 4223//4223 4225//4225 4098//4098
f 4098//4098 4225//4225 4100//4100
f 4101//4101 4224//4224 4099//4099
f 4101//4101 4226//4226 4224//4224
f 4225//4225 4102//4102 4100//4100
f 4227//4227 4102//4102 4225//4225
f 4103//4103 4226//4226 4101//4101
f 4103//4103 4228//4228 4226//4226
f 4227//4227 4104//4104 4102//4102
f 4229//4229 4104//4104 4227//4227
f 4105//4105 4228//4228 4103//4103
f 4105//4105 4230//4230 4228//4228
f 4231//4231 4106//4106 4104//4104
f 4229//4229 4231//4231 4104//4104
f 4107//4107 4230//4230 4105//4105
f 4107//4107 4232//4232 4230//4230
f 4233//4233 4106//4106 4231//4231
f 4233//4233 4108//4108 4106//4106
f 4109//4109 4232//4232 4107//4107
f 4109//4109 4234//4234 4232//4232
f 4233//4233 4110//4110 4108//4108
f 4235//4235 4110//4110 4233//4233
f 4111//4111 4234//4234 4109//4109
f 4111//4111 4236//4236 4234//4234
f 4237//4237 4112//4112 4110//4110
f 4235//4235 4237//4237 4110//4110
f 4113//4113 4236//4236 4111//4111
f 4113//4113 4238//4238 4236//4236
f 4239//4239 4112//4112 4237//4237
f 4239//4239 4114//4114 4112//4112
f 4115//4115 4238//4238 4113//4113
f 4115//4115 4240//4240 4238//4238
f 4239//4239 4116//4116 4114//4114
f 4241//4241 4116//4116 4239//4239
f 4117//4117 4240//4240 4115//4115
f 4117//4117 4242//4242 4240//4240
f 4241//4241 4243//4243 4116//4116
f 4116//4116 4243//4243 4118//4118
f 4119//4119 4242//4242 4117//4117
f 4119//4119 4244//4244 4242//4242
f 4243//4243 4120//4120 4118//4118
f 4245//4245 4120//4120 4243//4243
f 4119//4119 4121//4121 4244//4244
f 4244//4244 4121//4121 4246//4246
f 4245//4245 4122//4122 4120//4120
f 4247//4247 4122//4122 4245//4245
f 4123//4123 4246//4246 4121//4121
f 4123//4123 4248//4248 4246//4246
f 4247//4247 4249//4249 4122//4122
f 4122//4122 4249//4249 4124//4124
f 4248//4248 4125//4125 4250//4250
f 4248//4248 4123//4123 4125//4125
f 4249//4249 4126//4126 4124//4124
f 4251//4251 4126//4126 4249//4249
f 4252//4252 4250//4250 4127//4127
f 4127//4127 4250//4250 4125//4125
f 4251//4251 4128//4128 4126//4126
f 4253//4253 4128//4128 4251//4251
f 4252//4252 4129//4129 4254//4254
f 4252//4252 4127//4127 4129//4129
f 4255//4255 4130//4130 4128//4128
f 4253//4253 4255//4255 4128//4128
f 4256//4256 4254//4254 4131//4131
f 4131//4131 4254//4254 4129//4129
f 4257//4257 4130//4130 4255//4255
f 4257//4257 4132//4132 4130//4130
f 4256//4256 4133//4133 4258//4258
f 4256//4256 4131//4131 4133//4133
f 4257//4257 4134//4134 4132//4132
f 4259//4259 4134//4134 4257//4257
f 4260//4260 4258//4258 4135//4135
f 4135//4135 4258//4258 4133//4133
f 4259//4259 4136//4136 4134//4134
f 4261//4261 4136//4136 4259//4259
f 4260//4260 4137//4137 4262//4262
f 4260//4260 4135//4135 4137//4137
f 4261//4261 4138//4138 4136//4136
f 4263//4263 4138//4138 4261//4261
f 4264//4264 4262//4262 4139//4139
f 4139//4139 4262//4262 4137//4137
f 4265//4265 4140//4140 4138//4138
f 4263//4263 4265//4265 4138//4138
f 4264//4264 4141//4141 4266//4266
f 4264//4264 4139//4139 4141//4141
f 4267//4267 4140//4140 4265//4265
f 4267//4267 4142//4142 4140//4140
f 4143//4143 4268//4268 4141//4141
f 4141//4141 4268//4268 4266//4266
f 4267//4267 4144//4144 4142//4142
f 4269//4269 4144//4144 4267//4267
f 4270//4270 4268//4268 4145//4145
f 4145//4145 4268//4268 4143//4143
f 4269//4269 4271//4271 4144//4144
f 4144//4144 4271//4271 4146//4146
f 4270//4270 4147//4147 4272//4272
f 4270//4270 4145//4145 4147//4147
f 4271//4271 4148//4148 4146//4146
f 4273//4273 4148//4148 4271//4271
f 4149//4149 4274//4274 4147//4147
f 4147//4147 4274//4274 4272//4272
f 4275//4275 4150//4150 4148//4148
f 4273//4273 4275//4275 4148//4148
f 4276//4276 4274//4274 4151//4151
f 4151//4151 4274//4274 4149//4149
f 4277//4277 4150//4150 4275//4275
f 4277//4277 4152//4152 4150//4150
f 4276//4276 4153//4153 4278//4278
f 4276//4276 4151//4151 4153//4153
f 4279//4279 4154//4154 4152//4152
f 4277//4277 4279//4279 4152//4152
f 4280//4280 4278//4278 4155//4155
f 4155//4155 4278//4278 4153//4153
f 4281//4281 4154//4154 4279//4279
f 4281//4281 4156//4156 4154//4154
f 4280//4280 4157//4157 4282//4282
f 4280//4280 4155//4155 4157//4157
f 4281//4281 4158//4158 4156//4156
f 4283//4283 4158//4158 4281//4281
f 4159//4159 4284//4284 4282//4282
f 4159//4159 4282//4282 4157//4157
f 4285//4285 4160//4160 4158//4158
f 4283//4283 4285//4285 4158//4158
f 4161//4161 4286//4286 4284//4284
f 4161//4161 4284//4284 4159//4159
f 4287//4287 4160//4160 4285//4285
f 4287//4287 4162//4162 4160//4160
f 4163//4163 4288//4288 4286//4286
f 4163//4163 4286//4286 4161//4161
f 4287//4287 4164//4164 4162//4162
f 4289//4289 4164//4164 4287//4287
f 4290//4290 4288//4288 4165//4165
f 4165//4165 4288//4288 4163//4163
f 4289//4289 4166//4166 4164//4164
f 4291//4291 4166//4166 4289//4289
f 4165//4165 4167//4167 4290//4290
f 4290//4290 4167//4167 4292//4292
f 4291//4291 4168//4168 4166//4166
f 4293//4293 4168//4168 4291//4291
f 4167//4167 4169//4169 4292//4292
f 4292//4292 4169//4169 4294//4294
f 4170//4170 4293//4293 4295//4295
f 4170//4170 4168//4168 4293//4293
f 4169//4169 4171//4171 4294//4294
f 4294//4294 4171//4171 4296//4296
f 4295//4295 4172//4172 4170//4170
f 4297//4297 4172//4172 4295//4295
f 4171//4171 4173//4173 4296//4296
f 4296//4296 4173//4173 4298//4298
f 4297//4297 4174//4174 4172//4172
f 4299//4299 4174//4174 4297//4297
f 4298//4298 4175//4175 4300//4300
f 4298//4298 4173//4173 4175//4175
f 4299//4299 4301//4301 4174//4174
f 4174//4174 4301//4301 4176//4176
f 4177//4177 4302//4302 4300//4300
f 4177//4177 4300//4300 4175//4175
f 4301//4301 4303//4303 4176//4176
f 4176//4176 4303//4303 4178//4178
f 4304//4304 4302//4302 4179//4179
f 4179//4179 4302//4302 4177//4177
f 4303//4303 4305//4305 4178//4178
f 4178//4178 4305//4305 4180//4180
f 4179//4179 4181//4181 4304//4304
f 4304//4304 4181//4181 4306//4306
f 4305//4305 4307//4307 4180//4180
f 4180//4180 4307//4307 4182//4182
f 4307//4307 4308//4308 4182//4182
f 4310//4310 4183//4183 4309//4309
f 4181//4181 4183//4183 4306//4306
f 4306//4306 4183//4183 4310//4310
f 4308//4308 4184//4184 4182//4182
f 4311//4311 4184//4184 4308//4308
f 4311//4311 4185//4185 4184//4184
f 4185//4185 4312//4312 4186//4186
f 4311//4311 4312//4312 4185//4185
f 4186//4186 4313//4313 4187//4187
f 4312//4312 4313//4313 4186//4186
f 4187//4187 4314//4314 4188//4188
f 4313//4313 4314//4314 4187//4187
f 4188//4188 4315//4315 4189//4189
f 4314//4314 4315//4315 4188//4188
f 4190//4190 4315//4315 4309//4309
f 4190//4190 4189//4189 4315//4315
f 4190//4190 4309//4309 4183//4183
f 4317//4317 4316//4316 4195//4195
f 4195//4195 4318//4318 4317//4317
f 4320//4320 4319//4319 4191//4191
f 4192//4192 4320//4320 4191//4191
f 4192//4192 4321//4321 4320//4320
f 4322//4322 4192//4192 4193//4193
f 4322//4322 4321//4321 4192//4192
f 4316//4316 4193//4193 4194//4194
f 4316//4316 4322//4322 4193//4193
f 4194//4194 4195//4195 4316//4316
f 4196//4196 4318//4318 4195//4195
f 4323//4323 4196//4196 4197//4197
f 4323//4323 4318//4318 4196//4196
f 4324//4324 4197//4197 4198//4198
f 4324//4324 4323//4323 4197//4197
f 4198//4198 4325//4325 4324//4324
f 4327//4327 4326//4326 4200//4200
f 4200//4200 4326//4326 4199//4199
f 4319//4319 4200//4200 4201//4201
f 4319//4319 4327//4327 4200//4200
f 4201//4201 4191//4191 4319//4319
f 4202//4202 4325//4325 4198//4198
f 4202//4202 4328//4328 4325//4325
f 4326//4326 4329//4329 4199//4199
f 4199//4199 4329//4329 4203//4203
f 4204//4204 4328//4328 4202//4202
f 4204//4204 4330//4330 4328//4328
f 4329//4329 4331//4331 4203//4203
f 4203//4203 4331//4331 4205//4205
f 4206//4206 4330//4330 4204//4204
f 4206//4206 4332//4332 4330//4330
f 4331//4331 4333//4333 4205//4205
f 4205//4205 4333//4333 4207//4207
f 4206//4206 4208//4208 4332//4332
f 4208//4208 4334//4334 4332//4332
f 4333//4333 4335//4335 4207//4207
f 4207//4207 4335//4335 4209//4209
f 4210//4210 4334//4334 4208//4208
f 4210//4210 4336//4336 4334//4334
f 4335//4335 4337//4337 4209//4209
f 4209//4209 4337//4337 4211//4211
f 4212//4212 4336//4336 4210//4210
f 4212//4212 4338//4338 4336//4336
f 4337//4337 4213//4213 4211//4211
f 4339//4339 4213//4213 4337//4337
f 4214//4214 4338//4338 4212//4212
f 4214//4214 4340//4340 4338//4338
f 4339//4339 4341//4341 4213//4213
f 4213//4213 4341//4341 4215//4215
f 4216//4216 4340//4340 4214//4214
f 4216//4216 4342//4342 4340//4340
f 4341//4341 4217//4217 4215//4215
f 4343//4343 4217//4217 4341//4341
f 4218//4218 4342//4342 4216//4216
f 4218//4218 4344//4344 4342//4342
f 4343//4343 4345//4345 4217//4217
f 4217//4217 4345//4345 4219//4219
f 4218//4218 4220//4220 4344//4344
f 4220//4220 4346//4346 4344//4344
f 4345//4345 4221//4221 4219//4219
f 4347//4347 4221//4221 4345//4345
f 4222//4222 4346//4346 4220//4220
f 4222//4222 4348//4348 4346//4346
f 4347//4347 4223//4223 4221//4221
f 4349//4349 4223//4223 4347//4347
f 4224//4224 4348//4348 4222//4222
f 4224//4224 4350//4350 4348//4348
f 4349//4349 4351//4351 4223//4223
f 4223//4223 4351//4351 4225//4225
f 4226//4226 4350//4350 4224//4224
f 4226//4226 4352//4352 4350//4350
f 4351//4351 4227//4227 4225//4225
f 4353//4353 4227//4227 4351//4351
f 4228//4228 4352//4352 4226//4226
f 4228//4228 4354//4354 4352//4352
f 4353//4353 4229//4229 4227//4227
f 4355//4355 4229//4229 4353//4353
f 4230//4230 4354//4354 4228//4228
f 4230//4230 4356//4356 4354//4354
f 4355//4355 4231//4231 4229//4229
f 4357//4357 4231//4231 4355//4355
f 4232//4232 4356//4356 4230//4230
f 4232//4232 4358//4358 4356//4356
f 4357//4357 4359//4359 4231//4231
f 4231//4231 4359//4359 4233//4233
f 4234//4234 4358//4358 4232//4232
f 4234//4234 4360//4360 4358//4358
f 4359//4359 4235//4235 4233//4233
f 4361//4361 4235//4235 4359//4359
f 4236//4236 4360//4360 4234//4234
f 4236//4236 4362//4362 4360//4360
f 4361//4361 4237//4237 4235//4235
f 4363//4363 4237//4237 4361//4361
f 4238//4238 4362//4362 4236//4236
f 4238//4238 4364//4364 4362//4362
f 4363//4363 4365//4365 4237//4237
f 4237//4237 4365//4365 4239//4239
f 4240//4240 4364//4364 4238//4238
f 4240//4240 4366//4366 4364//4364
f 4365//4365 4241//4241 4239//4239
f 4367//4367 4241//4241 4365//4365
f 4242//4242 4366//4366 4240//4240
f 4242//4242 4368//4368 4366//4366
f 4369//4369 4243//4243 4241//4241
f 4367//4367 4369//4369 4241//4241
f 4368//4368 4244//4244 4370//4370
f 4368//4368 4242//4242 4244//4244
f 4371//4371 4243//4243 4369//4369
f 4371//4371 4245//4245 4243//4243
f 4372//4372 4370//4370 4246//4246
f 4246//4246 4370//4370 4244//4244
f 4371//4371 4247//4247 4245//4245
f 4373//4373 4247//4247 4371//4371
f 4248//4248 4372//4372 4246//4246
f 4248//4248 4374//4374 4372//4372
f 4375//4375 4249//4249 4247//4247
f 4373//4373 4375//4375 4247//4247
f 4248//4248 4250//4250 4374//4374
f 4374//4374 4250//4250 4376//4376
f 4377//4377 4249//4249 4375//4375
f 4377//4377 4251//4251 4249//4249
f 4376//4376 4252//4252 4378//4378
f 4376//4376 4250//4250 4252//4252
f 4377//4377 4253//4253 4251//4251
f 4379//4379 4253//4253 4377//4377
f 4380//4380 4378//4378 4254//4254
f 4254//4254 4378//4378 4252//4252
f 4379//4379 4255//4255 4253//4253
f 4381//4381 4255//4255 4379//4379
f 4380//4380 4256//4256 4382//4382
f 4380//4380 4254//4254 4256//4256
f 4383//4383 4257//4257 4255//4255
f 4381//4381 4383//4383 4255//4255
f 4384//4384 4382//4382 4258//4258
f 4258//4258 4382//4382 4256//4256
f 4385//4385 4257//4257 4383//4383
f 4385//4385 4259//4259 4257//4257
f 4384//4384 4260//4260 4386//4386
f 4384//4384 4258//4258 4260//4260
f 4385//4385 4261//4261 4259//4259
f 4387//4387 4261//4261 4385//4385
f 4388//4388 4386//4386 4262//4262
f 4262//4262 4386//4386 4260//4260
f 4387//4387 4263//4263 4261//4261
f 4389//4389 4263//4263 4387//4387
f 4388//4388 4264//4264 4390//4390
f 4388//4388 4262//4262 4264//4264
f 4389//4389 4265//4265 4263//4263
f 4391//4391 4265//4265 4389//4389
f 4392//4392 4390//4390 4266//4266
f 4266//4266 4390//4390 4264//4264
f 4393//4393 4267//4267 4265//4265
f 4391//4391 4393//4393 4265//4265
f 4268//4268 4392//4392 4266//4266
f 4268//4268 4394//4394 4392//4392
f 4395//4395 4267//4267 4393//4393
f 4395//4395 4269//4269 4267//4267
f 4394//4394 4270//4270 4396//4396
f 4394//4394 4268//4268 4270//4270
f 4397//4397 4271//4271 4269//4269
f 4395//4395 4397//4397 4269//4269
f 4398//4398 4396//4396 4272//4272
f 4272//4272 4396//4396 4270//4270
f 4399//4399 4271//4271 4397//4397
f 4399//4399 4273//4273 4271//4271
f 4274//4274 4398//4398 4272//4272
f 4274//4274 4400//4400 4398//4398
f 4399//4399 4275//4275 4273//4273
f 4401//4401 4275//4275 4399//4399
f 4400//4400 4276//4276 4402//4402
f 4400//4400 4274//4274 4276//4276
f 4401//4401 4403//4403 4275//4275
f 4275//4275 4403//4403 4277//4277
f 4404//4404 4402//4402 4278//4278
f 4278//4278 4402//4402 4276//4276
f 4403//4403 4279//4279 4277//4277
f 4405//4405 4279//4279 4403//4403
f 4404//4404 4280//4280 4406//4406
f 4404//4404 4278//4278 4280//4280
f 4407//4407 4281//4281 4279//4279
f 4405//4405 4407//4407 4279//4279
f 4282//4282 4408//4408 4406//4406
f 4282//4282 4406//4406 4280//4280
f 4409//4409 4281//4281 4407//4407
f 4409//4409 4283//4283 4281//4281
f 4410//4410 4408//4408 4284//4284
f 4284//4284 4408//4408 4282//4282
f 4409//4409 4285//4285 4283//4283
f 4411//4411 4285//4285 4409//4409
f 4284//4284 4286//4286 4410//4410
f 4410//4410 4286//4286 4412//4412
f 4413//4413 4287//4287 4285//4285
f 4411//4411 4413//4413 4285//4285
f 4286//4286 4288//4288 4412//4412
f 4412//4412 4288//4288 4414//4414
f 4415//4415 4289//4289 4413//4413
f 4413//4413 4289//4289 4287//4287
f 4414//4414 4290//4290 4416//4416
f 4414//4414 4288//4288 4290//4290
f 4417//4417 4291//4291 4415//4415
f 4415//4415 4291//4291 4289//4289
f 4292//4292 4418//4418 4416//4416
f 4292//4292 4416//4416 4290//4290
f 4419//4419 4293//4293 4417//4417
f 4417//4417 4293//4293 4291//4291
f 4294//4294 4420//4420 4418//4418
f 4294//4294 4418//4418 4292//4292
f 4419//4419 4295//4295 4293//4293
f 4421//4421 4295//4295 4419//4419
f 4296//4296 4422//4422 4420//4420
f 4296//4296 4420//4420 4294//4294
f 4421//4421 4297//4297 4295//4295
f 4423//4423 4297//4297 4421//4421
f 4424//4424 4422//4422 4298//4298
f 4298//4298 4422//4422 4296//4296
f 4299//4299 4423//4423 4425//4425
f 4299//4299 4297//4297 4423//4423
f 4298//4298 4300//4300 4424//4424
f 4424//4424 4300//4300 4426//4426
f 4425//4425 4301//4301 4299//4299
f 4427//4427 4301//4301 4425//4425
f 4300//4300 4302//4302 4426//4426
f 4426//4426 4302//4302 4428//4428
f 4427//4427 4429//4429 4301//4301
f 4301//4301 4429//4429 4303//4303
f 4428//4428 4304//4304 4430//4430
f 4428//4428 4302//4302 4304//4304
f 4429//4429 4431//4431 4303//4303
f 4303//4303 4431//4431 4305//4305
f 4306//4306 4432//4432 4430//4430
f 4306//4306 4430//4430 4304//4304
f 4431//4431 4433//4433 4305//4305
f 4305//4305 4433//4433 4307//4307
f 4307//4307 4434//4434 4308//4308
f 4433//4433 4434//4434 4307//4307
f 4310//4310 4435//4435 4432//4432
f 4310//4310 4309//4309 4435//4435
f 4310//4310 4432//4432 4306//4306
f 4434//4434 4436//4436 4308//4308
f 4308//4308 4436//4436 4311//4311
f 4311//4311 4437//4437 4312//4312
f 4436//4436 4437//4437 4311//4311
f 4312//4312 4438//4438 4313//4313
f 4437//4437 4438//4438 4312//4312
f 4313//4313 4439//4439 4314//4314
f 4438//4438 4439//4439 4313//4313
f 4314//4314 4440//4440 4315//4315
f 4439//4439 4440//4440 4314//4314
f 4309//4309 4315//4315 4435//4435
f 4435//4435 4315//4315 4440//4440
f 4442//4442 4441//4441 4316//4316
f 4317//4317 4442//4442 4316//4316
f 4317//4317 4443//4443 4442//4442
f 4444//4444 4317//4317 4318//4318
f 4444//4444 4443//4443 4317//4317
f 4323//4323 4445//4445 4318//4318
f 4318//4318 4445//4445 4444//4444
f 4323//4323 4446//4446 4445//4445
f 4448//4448 4447//4447 4320//4320
f 4320//4320 4447//4447 4319//4319
f 4449//4449 4320//4320 4321//4321
f 4449//4449 4448//4448 4320//4320
f 4441//4441 4321//4321 4322//4322
f 4441//4441 4449//4449 4321//4321
f 4322//4322 4316//4316 4441//4441
f 4324//4324 4446//4446 4323//4323
f 4324//4324 4325//4325 4446//4446
f 4446//4446 4325//4325 4450//4450
f 4452//4452 4451//4451 4327//4327
f 4327//4327 4451//4451 4326//4326
f 4447//4447 4327//4327 4319//4319
f 4447//4447 4452//4452 4327//4327
f 4325//4325 4328//4328 4450//4450
f 4450//4450 4328//4328 4453//4453
f 4451//4451 4454//4454 4326//4326
f 4326//4326 4454//4454 4329//4329
f 4328//4328 4330//4330 4453//4453
f 4453//4453 4330//4330 4455//4455
f 4454//4454 4456//4456 4329//4329
f 4329//4329 4456//4456 4331//4331
f 4330//4330 4332//4332 4455//4455
f 4332//4332 4457//4457 4455//4455
f 4456//4456 4458//4458 4331//4331
f 4331//4331 4458//4458 4333//4333
f 4334//4334 4457//4457 4332//4332
f 4334//4334 4459//4459 4457//4457
f 4458//4458 4460//4460 4333//4333
f 4333//4333 4460//4460 4335//4335
f 4336//4336 4459//4459 4334//4334
f 4336//4336 4461//4461 4459//4459
f 4460//4460 4462//4462 4335//4335
f 4335//4335 4462//4462 4337//4337
f 4338//4338 4461//4461 4336//4336
f 4338//4338 4463//4463 4461//4461
f 4462//4462 4339//4339 4337//4337
f 4464//4464 4339//4339 4462//4462
f 4340//4340 4463//4463 4338//4338
f 4340//4340 4465//4465 4463//4463
f 4464//4464 4466//4466 4339//4339
f 4339//4339 4466//4466 4341//4341
f 4342//4342 4465//4465 4340//4340
f 4342//4342 4467//4467 4465//4465
f 4466//4466 4343//4343 4341//4341
f 4468//4468 4343//4343 4466//4466
f 4344//4344 4467//4467 4342//4342
f 4344//4344 4469//4469 4467//4467
f 4470//4470 4345//4345 4343//4343
f 4468//4468 4470//4470 4343//4343
f 4344//4344 4346//4346 4469//4469
f 4469//4469 4346//4346 4471//4471
f 4472//4472 4345//4345 4470//4470
f 4472//4472 4347//4347 4345//4345
f 4348//4348 4471//4471 4346//4346
f 4348//4348 4473//4473 4471//4471
f 4472//4472 4349//4349 4347//4347
f 4474//4474 4349//4349 4472//4472
f 4350//4350 4473//4473 4348//4348
f 4350//4350 4475//4475 4473//4473
f 4476//4476 4351//4351 4349//4349
f 4474//4474 4476//4476 4349//4349
f 4352//4352 4475//4475 4350//4350
f 4352//4352 4477//4477 4475//4475
f 4478//4478 4351//4351 4476//4476
f 4478//4478 4353//4353 4351//4351
f 4354//4354 4477//4477 4352//4352
f 4354//4354 4479//4479 4477//4477
f 4478//4478 4355//4355 4353//4353
f 4480//4480 4355//4355 4478//4478
f 4356//4356 4479//4479 4354//4354
f 4356//4356 4481//4481 4479//4479
f 4480//4480 4357//4357 4355//4355
f 4482//4482 4357//4357 4480//4480
f 4358//4358 4481//4481 4356//4356
f 4358//4358 4483//4483 4481//4481
f 4482//4482 4484//4484 4357//4357
f 4357//4357 4484//4484 4359//4359
f 4360//4360 4483//4483 4358//4358
f 4360//4360 4485//4485 4483//4483
f 4484//4484 4361//4361 4359//4359
f 4486//4486 4361//4361 4484//4484
f 4362//4362 4485//4485 4360//4360
f 4362//4362 4487//4487 4485//4485
f 4486//4486 4363//4363 4361//4361
f 4488//4488 4363//4363 4486//4486
f 4364//4364 4487//4487 4362//4362
f 4364//4364 4489//4489 4487//4487
f 4490//4490 4365//4365 4363//4363
f 4488//4488 4490//4490 4363//4363
f 4366//4366 4489//4489 4364//4364
f 4366//4366 4491//4491 4489//4489
f 4492//4492 4365//4365 4490//4490
f 4492//4492 4367//4367 4365//4365
f 4491//4491 4368//4368 4493//4493
f 4491//4491 4366//4366 4368//4368
f 4492//4492 4369//4369 4367//4367
f 4494//4494 4369//4369 4492//4492
f 4495//4495 4493//4493 4370//4370
f 4370//4370 4493//4493 4368//4368
f 4494//4494 4496//4496 4369//4369
f 4369//4369 4496//4496 4371//4371
f 4372//4372 4495//4495 4370//4370
f 4372//4372 4497//4497 4495//4495
f 4496//4496 4373//4373 4371//4371
f 4498//4498 4373//4373 4496//4496
f 4497//4497 4374//4374 4499//4499
f 4497//4497 4372//4372 4374//4374
f 4498//4498 4375//4375 4373//4373
f 4500//4500 4375//4375 4498//4498
f 4501//4501 4499//4499 4376//4376
f 4376//4376 4499//4499 4374//4374
f 4502//4502 4377//4377 4375//4375
f 4500//4500 4502//4502 4375//4375
f 4376//4376 4378//4378 4501//4501
f 4501//4501 4378//4378 4503//4503
f 4504//4504 4377//4377 4502//4502
f 4504//4504 4379//4379 4377//4377
f 4503//4503 4380//4380 4505//4505
f 4503//4503 4378//4378 4380//4380
f 4504//4504 4381//4381 4379//4379
f 4506//4506 4381//4381 4504//4504
f 4507//4507 4505//4505 4382//4382
f 4382//4382 4505//4505 4380//4380
f 4506//4506 4383//4383 4381//4381
f 4508//4508 4383//4383 4506//4506
f 4507//4507 4384//4384 4509//4509
f 4507//4507 4382//4382 4384//4384
f 4510//4510 4385//4385 4383//4383
f 4508//4508 4510//4510 4383//4383
f 4511//4511 4509//4509 4386//4386
f 4386//4386 4509//4509 4384//4384
f 4512//4512 4387//4387 4510//4510
f 4510//4510 4387//4387 4385//4385
f 4511//4511 4388//4388 4513//4513
f 4511//4511 4386//4386 4388//4388
f 4514//4514 4387//4387 4512//4512
f 4514//4514 4389//4389 4387//4387
f 4515//4515 4513//4513 4390//4390
f 4390//4390 4513//4513 4388//4388
f 4514//4514 4391//4391 4389//4389
f 4516//4516 4391//4391 4514//4514
f 4515//4515 4392//4392 4517//4517
f 4515//4515 4390//4390 4392//4392
f 4516//4516 4393//4393 4391//4391
f 4518//4518 4393//4393 4516//4516
f 4394//4394 4519//4519 4392//4392
f 4392//4392 4519//4519 4517//4517
f 4520//4520 4395//4395 4393//4393
f 4518//4518 4520//4520 4393//4393
f 4521//4521 4519//4519 4396//4396
f 4396//4396 4519//4519 4394//4394
f 4522//4522 4395//4395 4520//4520
f 4522//4522 4397//4397 4395//4395
f 4521//4521 4398//4398 4523//4523
f 4521//4521 4396//4396 4398//4398
f 4524//4524 4399//4399 4397//4397
f 4522//4522 4524//4524 4397//4397
f 4400//4400 4525//4525 4398//4398
f 4398//4398 4525//4525 4523//4523
f 4526//4526 4399//4399 4524//4524
f 4526//4526 4401//4401 4399//4399
f 4527//4527 4525//4525 4402//4402
f 4402//4402 4525//4525 4400//4400
f 4528//4528 4403//4403 4401//4401
f 4526//4526 4528//4528 4401//4401
f 4527//4527 4404//4404 4529//4529
f 4527//4527 4402//4402 4404//4404
f 4530//4530 4403//4403 4528//4528
f 4530//4530 4405//4405 4403//4403
f 4406//4406 4531//4531 4529//4529
f 4406//4406 4529//4529 4404//4404
f 4530//4530 4407//4407 4405//4405
f 4532//4532 4407//4407 4530//4530
f 4533//4533 4531//4531 4408//4408
f 4408//4408 4531//4531 4406//4406
f 4534//4534 4409//4409 4407//4407
f 4532//4532 4534//4534 4407//4407
f 4533//4533 4410//4410 4535//4535
f 4533//4533 4408//4408 4410//4410
f 4536//4536 4409//4409 4534//4534
f 4536//4536 4411//4411 4409//4409
f 4412//4412 4537//4537 4535//4535
f 4412//4412 4535//4535 4410//4410
f 4536//4536 4413//4413 4411//4411
f 4538//4538 4413//4413 4536//4536
f 4414//4414 4539//4539 4537//4537
f 4414//4414 4537//4537 4412//4412
f 4538//4538 4415//4415 4413//4413
f 4540//4540 4415//4415 4538//4538
f 4416//4416 4541//4541 4539//4539
f 4416//4416 4539//4539 4414//4414
f 4540//4540 4417//4417 4415//4415
f 4542//4542 4417//4417 4540//4540
f 4543//4543 4541//4541 4418//4418
f 4418//4418 4541//4541 4416//4416
f 4542//4542 4419//4419 4417//4417
f 4544//4544 4419//4419 4542//4542
f 4418//4418 4420//4420 4543//4543
f 4543//4543 4420//4420 4545//4545
f 4544//4544 4421//4421 4419//4419
f 4546//4546 4421//4421 4544//4544
f 4420//4420 4422//4422 4545//4545
f 4545//4545 4422//4422 4547//4547
f 4546//4546 4423//4423 4421//4421
f 4548//4548 4423//4423 4546//4546
f 4547//4547 4424//4424 4549//4549
f 4547//4547 4422//4422 4424//4424
f 4548//4548 4550//4550 4423//4423
f 4423//4423 4550//4550 4425//4425
f 4426//4426 4551//4551 4549//4549
f 4426//4426 4549//4549 4424//4424
f 4427//4427 4550//4550 4552//4552
f 4427//4427 4425//4425 4550//4550
f 4428//4428 4553//4553 4551//4551
f 4428//4428 4551//4551 4426//4426
f 4552//4552 4429//4429 4427//4427
f 4552//4552 4554//4554 4429//4429
f 4430//4430 4555//4555 4553//4553
f 4430//4430 4553//4553 4428//4428
f 4554//4554 4431//4431 4429//4429
f 4554//4554 4556//4556 4431//4431
f 4432//4432 4557//4557 4555//4555
f 4432//4432 4555//4555 4430//4430
f 4556//4556 4433//4433 4431//4431
f 4558//4558 4433//4433 4556//4556
f 4558//4558 4434//4434 4433//4433
f 4558//4558 4559//4559 4434//4434
f 4435//4435 4561//4561 4557//4557
f 4435//4435 4557//4557 4432//4432
f 4559//4559 4436//4436 4434//4434
f 4562//4562 4436//4436 4559//4559
f 4562//4562 4437//4437 4436//4436
f 4437//4437 4563//4563 4438//4438
f 4562//4562 4563//4563 4437//4437
f 4439//4439 4563//4563 4560//4560
f 4439//4439 4438//4438 4563//4563
f 4439//4439 4560//4560 4440//4440
f 4440//4440 4560//4560 4561//4561
f 4440//4440 4561//4561 4435//4435
f 4565//4565 4564//4564 4441//4441
f 4442//4442 4565//4565 4441//4441
f 4442//4442 4566//4566 4565//4565
f 4567//4567 4442//4442 4443//4443
f 4567//4567 4566//4566 4442//4442
f 4568//4568 4443//4443 4444//4444
f 4568//4568 4567//4567 4443//4443
f 4569//4569 4444//4444 4445//4445
f 4569//4569 4568//4568 4444//4444
f 4570//4570 4445//4445 4446//4446
f 4570//4570 4569//4569 4445//4445
f 4446//4446 4571//4571 4570//4570
f 4573//4573 4572//4572 4448//4448
f 4448//4448 4572//4572 4447//4447
f 4564//4564 4448//4448 4449//4449
f 4564//4564 4573//4573 4448//4448
f 4449//4449 4441//4441 4564//4564
f 4450//4450 4571//4571 4446//4446
f 4450//4450 4574//4574 4571//4571
f 4576//4576 4575//4575 4452//4452
f 4452//4452 4575//4575 4451//4451
f 4572//4572 4452//4452 4447//4447
f 4572//4572 4576//4576 4452//4452
f 4453//4453 4574//4574 4450//4450
f 4453//4453 4577//4577 4574//4574
f 4575//4575 4578//4578 4451//4451
f 4451//4451 4578//4578 4454//4454
f 4455//4455 4577//4577 4453//4453
f 4455//4455 4579//4579 4577//4577
f 4578//4578 4580//4580 4454//4454
f 4454//4454 4580//4580 4456//4456
f 4455//4455 4457//4457 4579//4579
f 4579//4579 4457//4457 4581//4581
f 4580//4580 4582//4582 4456//4456
f 4456//4456 4582//4582 4458//4458
f 4459//4459 4581//4581 4457//4457
f 4459//4459 4583//4583 4581//4581
f 4582//4582 4584//4584 4458//4458
f 4458//4458 4584//4584 4460//4460
f 4461//4461 4583//4583 4459//4459
f 4461//4461 4585//4585 4583//4583
f 4586//4586 4462//4462 4460//4460
f 4584//4584 4586//4586 4460//4460
f 4463//4463 4585//4585 4461//4461
f 4463//4463 4587//4587 4585//4585
f 4588//4588 4462//4462 4586//4586
f 4588//4588 4464//4464 4462//4462
f 4465//4465 4587//4587 4463//4463
f 4465//4465 4589//4589 4587//4587
f 4590//4590 4466//4466 4464//4464
f 4588//4588 4590//4590 4464//4464
f 4467//4467 4589//4589 4465//4465
f 4467//4467 4591//4591 4589//4589
f 4592//4592 4466//4466 4590//4590
f 4592//4592 4468//4468 4466//4466
f 4467//4467 4469//4469 4591//4591
f 4469//4469 4593//4593 4591//4591
f 4592//4592 4470//4470 4468//4468
f 4594//4594 4470//4470 4592//4592
f 4471//4471 4593//4593 4469//4469
f 4471//4471 4595//4595 4593//4593
f 4594//4594 4596//4596 4470//4470
f 4470//4470 4596//4596 4472//4472
f 4473//4473 4595//4595 4471//4471
f 4473//4473 4597//4597 4595//4595
f 4596//4596 4474//4474 4472//4472
f 4598//4598 4474//4474 4596//4596
f 4475//4475 4597//4597 4473//4473
f 4475//4475 4599//4599 4597//4597
f 4598//4598 4476//4476 4474//4474
f 4600//4600 4476//4476 4598//4598
f 4477//4477 4599//4599 4475//4475
f 4477//4477 4601//4601 4599//4599
f 4600//4600 4602//4602 4476//4476
f 4476//4476 4602//4602 4478//4478
f 4479//4479 4601//4601 4477//4477
f 4479//4479 4603//4603 4601//4601
f 4602//4602 4480//4480 4478//4478
f 4604//4604 4480//4480 4602//4602
f 4481//4481 4603//4603 4479//4479
f 4481//4481 4605//4605 4603//4603
f 4604//4604 4482//4482 4480//4480
f 4606//4606 4482//4482 4604//4604
f 4483//4483 4605//4605 4481//4481
f 4483//4483 4607//4607 4605//4605
f 4608//4608 4484//4484 4482//4482
f 4606//4606 4608//4608 4482//4482
f 4485//4485 4607//4607 4483//4483
f 4485//4485 4609//4609 4607//4607
f 4610//4610 4484//4484 4608//4608
f 4610//4610 4486//4486 4484//4484
f 4487//4487 4609//4609 4485//4485
f 4487//4487 4611//4611 4609//4609
f 4610//4610 4488//4488 4486//4486
f 4612//4612 4488//4488 4610//4610
f 4489//4489 4611//4611 4487//4487
f 4489//4489 4613//4613 4611//4611
f 4612//4612 4490//4490 4488//4488
f 4614//4614 4490//4490 4612//4612
f 4613//4613 4491//4491 4615//4615
f 4613//4613 4489//4489 4491//4491
f 4614//4614 4616//4616 4490//4490
f 4490//4490 4616//4616 4492//4492
f 4617//4617 4615//4615 4493//4493
f 4493//4493 4615//4615 4491//4491
f 4616//4616 4494//4494 4492//4492
f 4618//4618 4494//4494 4616//4616
f 4495//4495 4617//4617 4493//4493
f 4495//4495 4619//4619 4617//4617
f 4620//4620 4496//4496 4494//4494
f 4618//4618 4620//4620 4494//4494
f 4619//4619 4497//4497 4621//4621
f 4619//4619 4495//4495 4497//4497
f 4622//4622 4496//4496 4620//4620
f 4622//4622 4498//4498 4496//4496
f 4623//4623 4621//4621 4499//4499
f 4499//4499 4621//4621 4497//4497
f 4622//4622 4500//4500 4498//4498
f 4624//4624 4500//4500 4622//4622
f 4623//4623 4501//4501 4625//4625
f 4623//4623 4499//4499 4501//4501
f 4624//4624 4502//4502 4500//4500
f 4626//4626 4502//4502 4624//4624
f 4503//4503 4627//4627 4625//4625
f 4503//4503 4625//4625 4501//4501
f 4628//4628 4504//4504 4502//4502
f 4626//4626 4628//4628 4502//4502
f 4629//4629 4627//4627 4505//4505
f 4505//4505 4627//4627 4503//4503
f 4630//4630 4504//4504 4628//4628
f 4630//4630 4506//4506 4504//4504
f 4629//4629 4507//4507 4631//4631
f 4629//4629 4505//4505 4507//4507
f 4630//4630 4508//4508 4506//4506
f 4632//4632 4508//4508 4630//4630
f 4633//4633 4631//4631 4509//4509
f 4509//4509 4631//4631 4507//4507
f 4632//4632 4510//4510 4508//4508
f 4634//4634 4510//4510 4632//4632
f 4633//4633 4511//4511 4635//4635
f 4633//4633 4509//4509 4511//4511
f 4634//4634 4512//4512 4510//4510
f 4636//4636 4512//4512 4634//4634
f 4637//4637 4635//4635 4513//4513
f 4513//4513 4635//4635 4511//4511
f 4638//4638 4514//4514 4512//4512
f 4636//4636 4638//4638 4512//4512
f 4637//4637 4515//4515 4639//4639
f 4637//4637 4513//4513 4515//4515
f 4640//4640 4514//4514 4638//4638
f 4640//4640 4516//4516 4514//4514
f 4641//4641 4639//4639 4517//4517
f 4517//4517 4639//4639 4515//4515
f 4640//4640 4518//4518 4516//4516
f 4642//4642 4518//4518 4640//4640
f 4641//4641 4519//4519 4643//4643
f 4641//4641 4517//4517 4519//4519
f 4642//4642 4520//4520 4518//4518
f 4644//4644 4520//4520 4642//4642
f 4521//4521 4645//4645 4519//4519
f 4519//4519 4645//4645 4643//4643
f 4646//4646 4522//4522 4520//4520
f 4644//4644 4646//4646 4520//4520
f 4647//4647 4645//4645 4523//4523
f 4523//4523 4645//4645 4521//4521
f 4648//4648 4522//4522 4646//4646
f 4648//4648 4524//4524 4522//4522
f 4647//4647 4525//4525 4649//4649
f 4647//4647 4523//4523 4525//4525
f 4650//4650 4526//4526 4524//4524
f 4648//4648 4650//4650 4524//4524
f 4527//4527 4651//4651 4525//4525
f 4525//4525 4651//4651 4649//4649
f 4652//4652 4526//4526 4650//4650
f 4652//4652 4528//4528 4526//4526
f 4529//4529 4653//4653 4651//4651
f 4529//4529 4651//4651 4527//4527
f 4654//4654 4530//4530 4528//4528
f 4652//4652 4654//4654 4528//4528
f 4531//4531 4655//4655 4653//4653
f 4531//4531 4653//4653 4529//4529
f 4656//4656 4530//4530 4654//4654
f 4656//4656 4532//4532 4530//4530
f 4533//4533 4657//4657 4531//4531
f 4531//4531 4657//4657 4655//4655
f 4656//4656 4534//4534 4532//4532
f 4658//4658 4534//4534 4656//4656
f 4535//4535 4659//4659 4657//4657
f 4535//4535 4657//4657 4533//4533
f 4660//4660 4536//4536 4534//4534
f 4658//4658 4660//4660 4534//4534
f 4537//4537 4661//4661 4659//4659
f 4537//4537 4659//4659 4535//4535
f 4662//4662 4536//4536 4660//4660
f 4662//4662 4538//4538 4536//4536
f 4539//4539 4663//4663 4661//4661
f 4539//4539 4661//4661 4537//4537
f 4662//4662 4540//4540 4538//4538
f 4664//4664 4540//4540 4662//4662
f 4665//4665 4663//4663 4541//4541
f 4541//4541 4663//4663 4539//4539
f 4664//4664 4542//4542 4540//4540
f 4666//4666 4542//4542 4664//4664
f 4665//4665 4543//4543 4667//4667
f 4665//4665 4541//4541 4543//4543
f 4666//4666 4544//4544 4542//4542
f 4668//4668 4544//4544 4666//4666
f 4545//4545 4669//4669 4667//4667
f 4545//4545 4667//4667 4543//4543
f 4668//4668 4546//4546 4544//4544
f 4670//4670 4546//4546 4668//4668
f 4547//4547 4671//4671 4669//4669
f 4547//4547 4669//4669 4545//4545
f 4548//4548 4670//4670 4672//4672
f 4548//4548 4546//4546 4670//4670
f 4549//4549 4673//4673 4671//4671
f 4549//4549 4671//4671 4547//4547
f 4672//4672 4550//4550 4548//4548
f 4674//4674 4550//4550 4672//4672
f 4675//4675 4673//4673 4551//4551
f 4551//4551 4673//4673 4549//4549
f 4674//4674 4676//4676 4550//4550
f 4550//4550 4676//4676 4552//4552
f 4551//4551 4553//4553 4675//4675
f 4675//4675 4553//4553 4677//4677
f 4676//4676 4678//4678 4552//4552
f 4552//4552 4678//4678 4554//4554
f 4553//4553 4555//4555 4677//4677
f 4677//4677 4555//4555 4679//4679
f 4678//4678 4680//4680 4554//4554
f 4554//4554 4680//4680 4556//4556
f 4555//4555 4557//4557 4679//4679
f 4679//4679 4557//4557 4681//4681
f 4680//4680 4682//4682 4556//4556
f 4556//4556 4682//4682 4558//4558
f 4558//4558 4683//4683 4559//4559
f 4682//4682 4683//4683 4558//4558
f 4683//4683 4684//4684 4559//4559
f 4686//4686 4560//4560 4685//4685
f 4560//4560 4687//4687 4561//4561
f 4686//4686 4687//4687 4560//4560
f 4557//4557 4561//4561 4681//4681
f 4681//4681 4561//4561 4687//4687
f 4684//4684 4562//4562 4559//4559
f 4562//4562 4684//4684 4563//4563
f 4563//4563 4684//4684 4685//4685
f 4563//4563 4685//4685 4560//4560
f 4689//4689 4688//4688 4565//4565
f 4565//4565 4688//4688 4564//4564
f 4690//4690 4565//4565 4566//4566
f 4690//4690 4689//4689 4565//4565
f 4691//4691 4566//4566 4567//4567
f 4691//4691 4690//4690 4566//4566
f 4692//4692 4567//4567 4568//4568
f 4692//4692 4691//4691 4567//4567
f 4693//4693 4568//4568 4569//4569
f 4693//4693 4692//4692 4568//4568
f 4694//4694 4569//4569 4570//4570
f 4694//4694 4693//4693 4569//4569
f 4570//4570 4571//4571 4694//4694
f 4694//4694 4571//4571 4695//4695
f 4697//4697 4696//4696 4573//4573
f 4573//4573 4696//4696 4572//4572
f 4688//4688 4573//4573 4564//4564
f 4688//4688 4697//4697 4573//4573
f 4571//4571 4574//4574 4695//4695
f 4695//4695 4574//4574 4698//4698
f 4700//4700 4699//4699 4576//4576
f 4576//4576 4699//4699 4575//4575
f 4696//4696 4576//4576 4572//4572
f 4696//4696 4700//4700 4576//4576
f 4574//4574 4577//4577 4698//4698
f 4698//4698 4577//4577 4701//4701
f 4699//4699 4702//4702 4575//4575
f 4575//4575 4702//4702 4578//4578
f 4577//4577 4579//4579 4701//4701
f 4579//4579 4703//4703 4701//4701
f 4702//4702 4704//4704 4578//4578
f 4578//4578 4704//4704 4580//4580
f 4581//4581 4703//4703 4579//4579
f 4581//4581 4705//4705 4703//4703
f 4704//4704 4706//4706 4580//4580
f 4580//4580 4706//4706 4582//4582
f 4583//4583 4705//4705 4581//4581
f 4583//4583 4707//4707 4705//4705
f 4708//4708 4584//4584 4582//4582
f 4706//4706 4708//4708 4582//4582
f 4585//4585 4707//4707 4583//4583
f 4585//4585 4709//4709 4707//4707
f 4710//4710 4584//4584 4708//4708
f 4710//4710 4586//4586 4584//4584
f 4587//4587 4709//4709 4585//4585
f 4587//4587 4711//4711 4709//4709
f 4710//4710 4712//4712 4586//4586
f 4586//4586 4712//4712 4588//4588
f 4587//4587 4589//4589 4711//4711
f 4589//4589 4713//4713 4711//4711
f 4712//4712 4590//4590 4588//4588
f 4714//4714 4590//4590 4712//4712
f 4713//4713 4589//4589 4715//4715
f 4715//4715 4589//4589 4591//4591
f 4714//4714 4716//4716 4590//4590
f 4590//4590 4716//4716 4592//4592
f 4593//4593 4715//4715 4591//4591
f 4593//4593 4717//4717 4715//4715
f 4716//4716 4594//4594 4592//4592
f 4718//4718 4594//4594 4716//4716
f 4595//4595 4717//4717 4593//4593
f 4595//4595 4719//4719 4717//4717
f 4718//4718 4720//4720 4594//4594
f 4594//4594 4720//4720 4596//4596
f 4597//4597 4719//4719 4595//4595
f 4597//4597 4721//4721 4719//4719
f 4720//4720 4598//4598 4596//4596
f 4722//4722 4598//4598 4720//4720
f 4599//4599 4721//4721 4597//4597
f 4599//4599 4723//4723 4721//4721
f 4722//4722 4600//4600 4598//4598
f 4724//4724 4600//4600 4722//4722
f 4601//4601 4723//4723 4599//4599
f 4601//4601 4725//4725 4723//4723
f 4726//4726 4602//4602 4600//4600
f 4724//4724 4726//4726 4600//4600
f 4603//4603 4725//4725 4601//4601
f 4603//4603 4727//4727 4725//4725
f 4728//4728 4602//4602 4726//4726
f 4728//4728 4604//4604 4602//4602
f 4605//4605 4727//4727 4603//4603
f 4605//4605 4729//4729 4727//4727
f 4728//4728 4606//4606 4604//4604
f 4730//4730 4606//4606 4728//4728
f 4607//4607 4729//4729 4605//4605
f 4607//4607 4731//4731 4729//4729
f 4730//4730 4608//4608 4606//4606
f 4732//4732 4608//4608 4730//4730
f 4609//4609 4731//4731 4607//4607
f 4609//4609 4733//4733 4731//4731
f 4734//4734 4610//4610 4608//4608
f 4732//4732 4734//4734 4608//4608
f 4611//4611 4733//4733 4609//4609
f 4611//4611 4735//4735 4733//4733
f 4736//4736 4610//4610 4734//4734
f 4736//4736 4612//4612 4610//4610
f 4735//4735 4613//4613 4737//4737
f 4735//4735 4611//4611 4613//4613
f 4736//4736 4614//4614 4612//4612
f 4738//4738 4614//4614 4736//4736
f 4739//4739 4737//4737 4615//4615
f 4615//4615 4737//4737 4613//4613
f 4740//4740 4616//4616 4614//4614
f 4738//4738 4740//4740 4614//4614
f 4617//4617 4739//4739 4615//4615
f 4617//4617 4741//4741 4739//4739
f 4742//4742 4616//4616 4740//4740
f 4742//4742 4618//4618 4616//4616
f 4741//4741 4619//4619 4743//4743
f 4741//4741 4617//4617 4619//4619
f 4742//4742 4620//4620 4618//4618
f 4744//4744 4620//4620 4742//4742
f 4745//4745 4743//4743 4621//4621
f 4621//4621 4743//4743 4619//4619
f 4746//4746 4622//4622 4620//4620
f 4744//4744 4746//4746 4620//4620
f 4745//4745 4623//4623 4747//4747
f 4745//4745 4621//4621 4623//4623
f 4748//4748 4622//4622 4746//4746
f 4748//4748 4624//4624 4622//4622
f 4749//4749 4747//4747 4625//4625
f 4625//4625 4747//4747 4623//4623
f 4748//4748 4626//4626 4624//4624
f 4750//4750 4626//4626 4748//4748
f 4625//4625 4627//4627 4749//4749
f 4749//4749 4627//4627 4751//4751
f 4750//4750 4628//4628 4626//4626
f 4752//4752 4628//4628 4750//4750
f 4751//4751 4629//4629 4753//4753
f 4751//4751 4627//4627 4629//4629
f 4754//4754 4630//4630 4628//4628
f 4752//4752 4754//4754 4628//4628
f 4755//4755 4753//4753 4631//4631
f 4631//4631 4753//4753 4629//4629
f 4756//4756 4632//4632 4754//4754
f 4754//4754 4632//4632 4630//4630
f 4755//4755 4633//4633 4757//4757
f 4755//4755 4631//4631 4633//4633
f 4758//4758 4632//4632 4756//4756
f 4758//4758 4634//4634 4632//4632
f 4759//4759 4757//4757 4635//4635
f 4635//4635 4757//4757 4633//4633
f 4758//4758 4636//4636 4634//4634
f 4760//4760 4636//4636 4758//4758
f 4759//4759 4637//4637 4761//4761
f 4759//4759 4635//4635 4637//4637
f 4760//4760 4638//4638 4636//4636
f 4762//4762 4638//4638 4760//4760
f 4639//4639 4763//4763 4761//4761
f 4639//4639 4761//4761 4637//4637
f 4764//4764 4640//4640 4638//4638
f 4762//4762 4764//4764 4638//4638
f 4641//4641 4765//4765 4639//4639
f 4639//4639 4765//4765 4763//4763
f 4766//4766 4642//4642 4764//4764
f 4764//4764 4642//4642 4640//4640
f 4767//4767 4765//4765 4643//4643
f 4643//4643 4765//4765 4641//4641
f 4768//4768 4642//4642 4766//4766
f 4768//4768 4644//4644 4642//4642
f 4767//4767 4645//4645 4769//4769
f 4767//4767 4643//4643 4645//4645
f 4768//4768 4646//4646 4644//4644
f 4770//4770 4646//4646 4768//4768
f 4647//4647 4771//4771 4645//4645
f 4645//4645 4771//4771 4769//4769
f 4772//4772 4648//4648 4646//4646
f 4770//4770 4772//4772 4646//4646
f 4649//4649 4773//4773 4771//4771
f 4649//4649 4771//4771 4647//4647
f 4774//4774 4648//4648 4772//4772
f 4774//4774 4650//4650 4648//4648
f 4651//4651 4775//4775 4649//4649
f 4649//4649 4775//4775 4773//4773
f 4776//4776 4652//4652 4650//4650
f 4774//4774 4776//4776 4650//4650
f 4653//4653 4777//4777 4775//4775
f 4653//4653 4775//4775 4651//4651
f 4778//4778 4652//4652 4776//4776
f 4778//4778 4654//4654 4652//4652
f 4655//4655 4779//4779 4777//4777
f 4655//4655 4777//4777 4653//4653
f 4780//4780 4656//4656 4654//4654
f 4778//4778 4780//4780 4654//4654
f 4657//4657 4781//4781 4655//4655
f 4655//4655 4781//4781 4779//4779
f 4782//4782 4658//4658 4780//4780
f 4780//4780 4658//4658 4656//4656
f 4659//4659 4783//4783 4781//4781
f 4659//4659 4781//4781 4657//4657
f 4784//4784 4658//4658 4782//4782
f 4784//4784 4660//4660 4658//4658
f 4661//4661 4785//4785 4783//4783
f 4661//4661 4783//4783 4659//4659
f 4786//4786 4662//4662 4660//4660
f 4784//4784 4786//4786 4660//4660
f 4787//4787 4785//4785 4663//4663
f 4663//4663 4785//4785 4661//4661
f 4788//4788 4664//4664 4786//4786
f 4786//4786 4664//4664 4662//4662
f 4787//4787 4665//4665 4789//4789
f 4787//4787 4663//4663 4665//4665
f 4790//4790 4666//4666 4788//4788
f 4788//4788 4666//4666 4664//4664
f 4667//4667 4791//4791 4789//4789
f 4667//4667 4789//4789 4665//4665
f 4792//4792 4668//4668 4790//4790
f 4790//4790 4668//4668 4666//4666
f 4669//4669 4793//4793 4791//4791
f 4669//4669 4791//4791 4667//4667
f 4794//4794 4670//4670 4792//4792
f 4792//4792 4670//4670 4668//4668
f 4671//4671 4795//4795 4793//4793
f 4671//4671 4793//4793 4669//4669
f 4794//4794 4672//4672 4670//4670
f 4796//4796 4672//4672 4794//4794
f 4797//4797 4795//4795 4673//4673
f 4673//4673 4795//4795 4671//4671
f 4674//4674 4796//4796 4798//4798
f 4674//4674 4672//4672 4796//4796
f 4797//4797 4675//4675 4799//4799
f 4797//4797 4673//4673 4675//4675
f 4798//4798 4676//4676 4674//4674
f 4800//4800 4676//4676 4798//4798
f 4677//4677 4801//4801 4799//4799
f 4677//4677 4799//4799 4675//4675
f 4800//4800 4802//4802 4676//4676
f 4676//4676 4802//4802 4678//4678
f 4679//4679 4803//4803 4801//4801
f 4679//4679 4801//4801 4677//4677
f 4802//4802 4804//4804 4678//4678
f 4678//4678 4804//4804 4680//4680
f 4804//4804 4805//4805 4680//4680
f 4681//4681 4807//4807 4803//4803
f 4681//4681 4803//4803 4679//4679
f 4805//4805 4682//4682 4680//4680
f 4808//4808 4682//4682 4805//4805
f 4808//4808 4683//4683 4682//4682
f 4683//4683 4809//4809 4684//4684
f 4808//4808 4809//4809 4683//4683
f 4684//4684 4810//4810 4685//4685
f 4809//4809 4810//4810 4684//4684
f 4686//4686 4810//4810 4806//4806
f 4686//4686 4685//4685 4810//4810
f 4686//4686 4806//4806 4687//4687
f 4687//4687 4806//4806 4807//4807
f 4687//4687 4807//4807 4681//4681
f 4812//4812 4811//4811 4692//4692
f 4692//4692 4813//4813 4812//4812
f 4815//4815 4814//4814 4688//4688
f 4689//4689 4815//4815 4688//4688
f 4689//4689 4816//4816 4815//4815
f 4817//4817 4689//4689 4690//4690
f 4817//4817 4816//4816 4689//4689
f 4811//4811 4690//4690 4691//4691
f 4811//4811 4817//4817 4690//4690
f 4691//4691 4692//4692 4811//4811
f 4693//4693 4813//4813 4692//4692
f 4818//4818 4693//4693 4694//4694
f 4818//4818 4813//4813 4693//4693
f 4819//4819 4694//4694 4695//4695
f 4819//4819 4818//4818 4694//4694
f 4695//4695 4820//4820 4819//4819
f 4814//4814 4821//4821 4697//4697
f 4697//4697 4821//4821 4696//4696
f 4697//4697 4688//4688 4814//4814
f 4698//4698 4820//4820 4695//4695
f 4698//4698 4822//4822 4820//4820
f 4823//4823 4699//4699 4700//4700
f 4700//4700 4821//4821 4823//4823
f 4700//4700 4696//4696 4821//4821
f 4701//4701 4822//4822 4698//4698
f 4701//4701 4824//4824 4822//4822
f 4825//4825 4702//4702 4699//4699
f 4823//4823 4825//4825 4699//4699
f 4703//4703 4824//4824 4701//4701
f 4703//4703 4826//4826 4824//4824
f 4827//4827 4704//4704 4702//4702
f 4825//4825 4827//4827 4702//4702
f 4703//4703 4705//4705 4826//4826
f 4705//4705 4828//4828 4826//4826
f 4829//4829 4706//4706 4704//4704
f 4827//4827 4829//4829 4704//4704
f 4828//4828 4705//4705 4830//4830
f 4830//4830 4705//4705 4707//4707
f 4831//4831 4706//4706 4829//4829
f 4831//4831 4708//4708 4706//4706
f 4830//4830 4707//4707 4832//4832
f 4832//4832 4707//4707 4709//4709
f 4831//4831 4833//4833 4708//4708
f 4708//4708 4833//4833 4710//4710
f 4832//4832 4709//4709 4834//4834
f 4834//4834 4709//4709 4711//4711
f 4835//4835 4712//4712 4710//4710
f 4833//4833 4835//4835 4710//4710
f 4713//4713 4834//4834 4711//4711
f 4713//4713 4836//4836 4834//4834
f 4837//4837 4712//4712 4835//4835
f 4837//4837 4714//4714 4712//4712
f 4715//4715 4836//4836 4713//4713
f 4715//4715 4838//4838 4836//4836
f 4837//4837 4839//4839 4714//4714
f 4714//4714 4839//4839 4716//4716
f 4717//4717 4838//4838 4715//4715
f 4717//4717 4840//4840 4838//4838
f 4839//4839 4718//4718 4716//4716
f 4841//4841 4718//4718 4839//4839
f 4719//4719 4840//4840 4717//4717
f 4719//4719 4842//4842 4840//4840
f 4843//4843 4720//4720 4718//4718
f 4841//4841 4843//4843 4718//4718
f 4721//4721 4842//4842 4719//4719
f 4721//4721 4844//4844 4842//4842
f 4845//4845 4720//4720 4843//4843
f 4845//4845 4722//4722 4720//4720
f 4723//4723 4844//4844 4721//4721
f 4723//4723 4846//4846 4844//4844
f 4845//4845 4724//4724 4722//4722
f 4847//4847 4724//4724 4845//4845
f 4725//4725 4846//4846 4723//4723
f 4725//4725 4848//4848 4846//4846
f 4847//4847 4726//4726 4724//4724
f 4849//4849 4726//4726 4847//4847
f 4727//4727 4848//4848 4725//4725
f 4727//4727 4850//4850 4848//4848
f 4851//4851 4728//4728 4726//4726
f 4849//4849 4851//4851 4726//4726
f 4729//4729 4850//4850 4727//4727
f 4729//4729 4852//4852 4850//4850
f 4853//4853 4728//4728 4851//4851
f 4853//4853 4730//4730 4728//4728
f 4731//4731 4852//4852 4729//4729
f 4731//4731 4854//4854 4852//4852
f 4853//4853 4732//4732 4730//4730
f 4855//4855 4732//4732 4853//4853
f 4854//4854 4733//4733 4856//4856
f 4854//4854 4731//4731 4733//4733
f 4855//4855 4734//4734 4732//4732
f 4857//4857 4734//4734 4855//4855
f 4735//4735 4858//4858 4733//4733
f 4733//4733 4858//4858 4856//4856
f 4859//4859 4736//4736 4734//4734
f 4857//4857 4859//4859 4734//4734
f 4860//4860 4858//4858 4737//4737
f 4737//4737 4858//4858 4735//4735
f 4861//4861 4736//4736 4859//4859
f 4861//4861 4738//4738 4736//4736
f 4739//4739 4860//4860 4737//4737
f 4739//4739 4862//4862 4860//4860
f 4861//4861 4740//4740 4738//4738
f 4863//4863 4740//4740 4861//4861
f 4862//4862 4741//4741 4864//4864
f 4862//4862 4739//4739 4741//4741
f 4865//4865 4742//4742 4740//4740
f 4863//4863 4865//4865 4740//4740
f 4866//4866 4864//4864 4743//4743
f 4743//4743 4864//4864 4741//4741
f 4867//4867 4742//4742 4865//4865
f 4867//4867 4744//4744 4742//4742
f 4866//4866 4745//4745 4868//4868
f 4866//4866 4743//4743 4745//4745
f 4867//4867 4746//4746 4744//4744
f 4869//4869 4746//4746 4867//4867
f 4870//4870 4868//4868 4747//4747
f 4747//4747 4868//4868 4745//4745
f 4871//4871 4748//4748 4746//4746
f 4869//4869 4871//4871 4746//4746
f 4870//4870 4749//4749 4872//4872
f 4870//4870 4747//4747 4749//4749
f 4873//4873 4750//4750 4871//4871
f 4871//4871 4750//4750 4748//4748
f 4751//4751 4874//4874 4872//4872
f 4751//4751 4872//4872 4749//4749
f 4875//4875 4750//4750 4873//4873
f 4875//4875 4752//4752 4750//4750
f 4876//4876 4874//4874 4753//4753
f 4753//4753 4874//4874 4751//4751
f 4875//4875 4754//4754 4752//4752
f 4877//4877 4754//4754 4875//4875
f 4876//4876 4755//4755 4878//4878
f 4876//4876 4753//4753 4755//4755
f 4877//4877 4756//4756 4754//4754
f 4879//4879 4756//4756 4877//4877
f 4757//4757 4880//4880 4878//4878
f 4757//4757 4878//4878 4755//4755
f 4881//4881 4758//4758 4756//4756
f 4879//4879 4881//4881 4756//4756
f 4759//4759 4882//4882 4757//4757
f 4757//4757 4882//4882 4880//4880
f 4883//4883 4760//4760 4881//4881
f 4881//4881 4760//4760 4758//4758
f 4761//4761 4884//4884 4882//4882
f 4761//4761 4882//4882 4759//4759
f 4885//4885 4762//4762 4883//4883
f 4883//4883 4762//4762 4760//4760
f 4886//4886 4884//4884 4763//4763
f 4763//4763 4884//4884 4761//4761
f 4887//4887 4762//4762 4885//4885
f 4887//4887 4764//4764 4762//4762
f 4886//4886 4765//4765 4888//4888
f 4886//4886 4763//4763 4765//4765
f 4887//4887 4766//4766 4764//4764
f 4889//4889 4766//4766 4887//4887
f 4767//4767 4890//4890 4765//4765
f 4765//4765 4890//4890 4888//4888
f 4891//4891 4768//4768 4766//4766
f 4889//4889 4891//4891 4766//4766
f 4769//4769 4892//4892 4890//4890
f 4769//4769 4890//4890 4767//4767
f 4893//4893 4770//4770 4891//4891
f 4891//4891 4770//4770 4768//4768
f 4771//4771 4894//4894 4769//4769
f 4769//4769 4894//4894 4892//4892
f 4895//4895 4770//4770 4893//4893
f 4895//4895 4772//4772 4770//4770
f 4773//4773 4896//4896 4894//4894
f 4773//4773 4894//4894 4771//4771
f 4897//4897 4774//4774 4772//4772
f 4895//4895 4897//4897 4772//4772
f 4775//4775 4898//4898 4773//4773
f 4773//4773 4898//4898 4896//4896
f 4899//4899 4776//4776 4897//4897
f 4897//4897 4776//4776 4774//4774
f 4777//4777 4900//4900 4898//4898
f 4777//4777 4898//4898 4775//4775
f 4901//4901 4778//4778 4776//4776
f 4899//4899 4901//4901 4776//4776
f 4779//4779 4902//4902 4900//4900
f 4779//4779 4900//4900 4777//4777
f 4903//4903 4780//4780 4901//4901
f 4901//4901 4780//4780 4778//4778
f 4781//4781 4904//4904 4779//4779
f 4779//4779 4904//4904 4902//4902
f 4905//4905 4780//4780 4903//4903
f 4905//4905 4782//4782 4780//4780
f 4783//4783 4906//4906 4904//4904
f 4783//4783 4904//4904 4781//4781
f 4907//4907 4784//4784 4782//4782
f 4905//4905 4907//4907 4782//4782
f 4785//4785 4908//4908 4906//4906
f 4785//4785 4906//4906 4783//4783
f 4909//4909 4786//4786 4907//4907
f 4907//4907 4786//4786 4784//4784
f 4787//4787 4910//4910 4785//4785
f 4785//4785 4910//4910 4908//4908
f 4911//4911 4788//4788 4909//4909
f 4909//4909 4788//4788 4786//4786
f 4789//4789 4912//4912 4910//4910
f 4789//4789 4910//4910 4787//4787
f 4913//4913 4790//4790 4911//4911
f 4911//4911 4790//4790 4788//4788
f 4791//4791 4914//4914 4912//4912
f 4791//4791 4912//4912 4789//4789
f 4915//4915 4792//4792 4913//4913
f 4913//4913 4792//4792 4790//4790
f 4793//4793 4916//4916 4914//4914
f 4793//4793 4914//4914 4791//4791
f 4917//4917 4794//4794 4915//4915
f 4915//4915 4794//4794 4792//4792
f 4918//4918 4916//4916 4795//4795
f 4795//4795 4916//4916 4793//4793
f 4919//4919 4796//4796 4917//4917
f 4917//4917 4796//4796 4794//4794
f 4918//4918 4797//4797 4920//4920
f 4918//4918 4795//4795 4797//4797
f 4919//4919 4798//4798 4796//4796
f 4921//4921 4798//4798 4919//4919
f 4799//4799 4922//4922 4920//4920
f 4799//4799 4920//4920 4797//4797
f 4800//4800 4921//4921 4923//4923
f 4800//4800 4798//4798 4921//4921
f 4801//4801 4924//4924 4922//4922
f 4801//4801 4922//4922 4799//4799
f 4923//4923 4802//4802 4800//4800
f 4923//4923 4925//4925 4802//4802
f 4803//4803 4927//4927 4924//4924
f 4803//4803 4924//4924 4801//4801
f 4925//4925 4804//4804 4802//4802
f 4804//4804 4925//4925 4805//4805
f 4805//4805 4925//4925 4926//4926
f 4926//4926 4928//4928 4805//4805
f 4931//4931 4806//4806 4930//4930
f 4807//4807 4931//4931 4927//4927
f 4807//4807 4806//4806 4931//4931
f 4807//4807 4927//4927 4803//4803
f 4928//4928 4808//4808 4805//4805
f 4808//4808 4928//4928 4809//4809
f 4809//4809 4928//4928 4929//4929
f 4809//4809 4929//4929 4810//4810
f 4810//4810 4929//4929 4930//4930
f 4810//4810 4930//4930 4806//4806
f 4933//4933 4932//4932 4811//4811
f 4812//4812 4933//4933 4811//4811
f 4812//4812 4934//4934 4933//4933
f 4935//4935 4812//4812 4813//4813
f 4935//4935 4934//4934 4812//4812
f 4818//4818 4936//4936 4813//4813
f 4813//4813 4936//4936 4935//4935
f 4818//4818 4937//4937 4936//4936
f 4939//4939 4938//4938 4815//4815
f 4815//4815 4938//4938 4814//4814
f 4940//4940 4815//4815 4816//4816
f 4940//4940 4939//4939 4815//4815
f 4932//4932 4816//4816 4817//4817
f 4932//4932 4940//4940 4816//4816
f 4817//4817 4811//4811 4932//4932
f 4819//4819 4937//4937 4818//4818
f 4941//4941 4819//4819 4820//4820
f 4941//4941 4937//4937 4819//4819
f 4820//4820 4942//4942 4941//4941
f 4938//4938 4943//4943 4814//4814
f 4814//4814 4943//4943 4821//4821
f 4822//4822 4942//4942 4820//4820
f 4822//4822 4944//4944 4942//4942
f 4943//4943 4945//4945 4821//4821
f 4821//4821 4945//4945 4823//4823
f 4824//4824 4944//4944 4822//4822
f 4824//4824 4946//4946 4944//4944
f 4945//4945 4947//4947 4823//4823
f 4823//4823 4947//4947 4825//4825
f 4824//4824 4826//4826 4946//4946
f 4826//4826 4948//4948 4946//4946
f 4947//4947 4949//4949 4825//4825
f 4825//4825 4949//4949 4827//4827
f 4828//4828 4948//4948 4826//4826
f 4828//4828 4950//4950 4948//4948
f 4949//4949 4951//4951 4827//4827
f 4827//4827 4951//4951 4829//4829
f 4830//4830 4950//4950 4828//4828
f 4830//4830 4952//4952 4950//4950
f 4951//4951 4953//4953 4829//4829
f 4829//4829 4953//4953 4831//4831
f 4832//4832 4952//4952 4830//4830
f 4832//4832 4954//4954 4952//4952
f 4955//4955 4833//4833 4831//4831
f 4953//4953 4955//4955 4831//4831
f 4834//4834 4954//4954 4832//4832
f 4834//4834 4956//4956 4954//4954
f 4957//4957 4833//4833 4955//4955
f 4957//4957 4835//4835 4833//4833
f 4836//4836 4956//4956 4834//4834
f 4836//4836 4958//4958 4956//4956
f 4957//4957 4959//4959 4835//4835
f 4835//4835 4959//4959 4837//4837
f 4838//4838 4958//4958 4836//4836
f 4838//4838 4960//4960 4958//4958
f 4961//4961 4839//4839 4837//4837
f 4959//4959 4961//4961 4837//4837
f 4840//4840 4960//4960 4838//4838
f 4840//4840 4962//4962 4960//4960
f 4963//4963 4839//4839 4961//4961
f 4963//4963 4841//4841 4839//4839
f 4842//4842 4962//4962 4840//4840
f 4842//4842 4964//4964 4962//4962
f 4963//4963 4843//4843 4841//4841
f 4965//4965 4843//4843 4963//4963
f 4844//4844 4964//4964 4842//4842
f 4844//4844 4966//4966 4964//4964
f 4967//4967 4845//4845 4843//4843
f 4965//4965 4967//4967 4843//4843
f 4846//4846 4966//4966 4844//4844
f 4846//4846 4968//4968 4966//4966
f 4969//4969 4845//4845 4967//4967
f 4969//4969 4847//4847 4845//4845
f 4848//4848 4968//4968 4846//4846
f 4848//4848 4970//4970 4968//4968
f 4969//4969 4849//4849 4847//4847
f 4971//4971 4849//4849 4969//4969
f 4850//4850 4970//4970 4848//4848
f 4850//4850 4972//4972 4970//4970
f 4971//4971 4851//4851 4849//4849
f 4973//4973 4851//4851 4971//4971
f 4972//4972 4852//4852 4974//4974
f 4972//4972 4850//4850 4852//4852
f 4975//4975 4853//4853 4851//4851
f 4973//4973 4975//4975 4851//4851
f 4854//4854 4976//4976 4852//4852
f 4852//4852 4976//4976 4974//4974
f 4977//4977 4853//4853 4975//4975
f 4977//4977 4855//4855 4853//4853
f 4978//4978 4976//4976 4856//4856
f 4856//4856 4976//4976 4854//4854
f 4977//4977 4857//4857 4855//4855
f 4979//4979 4857//4857 4977//4977
f 4858//4858 4978//4978 4856//4856
f 4858//4858 4980//4980 4978//4978
f 4979//4979 4859//4859 4857//4857
f 4981//4981 4859//4859 4979//4979
f 4860//4860 4980//4980 4858//4858
f 4860//4860 4982//4982 4980//4980
f 4983//4983 4861//4861 4859//4859
f 4981//4981 4983//4983 4859//4859
f 4982//4982 4862//4862 4984//4984
f 4982//4982 4860//4860 4862//4862
f 4985//4985 4861//4861 4983//4983
f 4985//4985 4863//4863 4861//4861
f 4986//4986 4984//4984 4864//4864
f 4864//4864 4984//4984 4862//4862
f 4985//4985 4865//4865 4863//4863
f 4987//4987 4865//4865 4985//4985
f 4986//4986 4866//4866 4988//4988
f 4986//4986 4864//4864 4866//4866
f 4989//4989 4867//4867 4865//4865
f 4987//4987 4989//4989 4865//4865
f 4990//4990 4988//4988 4868//4868
f 4868//4868 4988//4988 4866//4866
f 4991//4991 4869//4869 4989//4989
f 4989//4989 4869//4869 4867//4867
f 4990//4990 4870//4870 4992//4992
f 4990//4990 4868//4868 4870//4870
f 4993//4993 4869//4869 4991//4991
f 4993//4993 4871//4871 4869//4869
f 4872//4872 4994//4994 4992//4992
f 4872//4872 4992//4992 4870//4870
f 4993//4993 4873//4873 4871//4871
f 4995//4995 4873//4873 4993//4993
f 4996//4996 4994//4994 4874//4874
f 4874//4874 4994//4994 4872//4872
f 4997//4997 4875//4875 4873//4873
f 4995//4995 4997//4997 4873//4873
f 4996//4996 4876//4876 4998//4998
f 4996//4996 4874//4874 4876//4876
f 4999//4999 4877//4877 4997//4997
f 4997//4997 4877//4877 4875//4875
f 4878//4878 5000//5000 4998//4998
f 4878//4878 4998//4998 4876//4876
f 5001//5001 4879//4879 4999//4999
f 4999//4999 4879//4879 4877//4877
f 5002//5002 5000//5000 4880//4880
f 4880//4880 5000//5000 4878//4878
f 5003//5003 4879//4879 5001//5001
f 5003//5003 4881//4881 4879//4879
f 5002//5002 4882//4882 5004//5004
f 5002//5002 4880//4880 4882//4882
f 5003//5003 4883//4883 4881//4881
f 5005//5005 4883//4883 5003//5003
f 4884//4884 5006//5006 5004//5004
f 4884//4884 5004//5004 4882//4882
f 5005//5005 4885//4885 4883//4883
f 5007//5007 4885//4885 5005//5005
f 4886//4886 5008//5008 4884//4884
f 4884//4884 5008//5008 5006//5006
f 5009//5009 4887//4887 4885//4885
f 5007//5007 5009//5009 4885//4885
f 4888//4888 5010//5010 5008//5008
f 4888//4888 5008//5008 4886//4886
f 5011//5011 4889//4889 5009//5009
f 5009//5009 4889//4889 4887//4887
f 4890//4890 5012//5012 4888//4888
f 4888//4888 5012//5012 5010//5010
f 5013//5013 4891//4891 5011//5011
f 5011//5011 4891//4891 4889//4889
f 4892//4892 5014//5014 5012//5012
f 4892//4892 5012//5012 4890//4890
f 5015//5015 4891//4891 5013//5013
f 5015//5015 4893//4893 4891//4891
f 4894//4894 5016//5016 4892//4892
f 4892//4892 5016//5016 5014//5014
f 5017//5017 4895//4895 4893//4893
f 5015//5015 5017//5017 4893//4893
f 4896//4896 5018//5018 5016//5016
f 4896//4896 5016//5016 4894//4894
f 5019//5019 4897//4897 5017//5017
f 5017//5017 4897//4897 4895//4895
f 4898//4898 5020//5020 4896//4896
f 4896//4896 5020//5020 5018//5018
f 5021//5021 4899//4899 5019//5019
f 5019//5019 4899//4899 4897//4897
f 4900//4900 5022//5022 5020//5020
f 4900//4900 5020//5020 4898//4898
f 5023//5023 4901//4901 4899//4899
f 5021//5021 5023//5023 4899//4899
f 4902//4902 5024//5024 5022//5022
f 4902//4902 5022//5022 4900//4900
f 5025//5025 4903//4903 5023//5023
f 5023//5023 4903//4903 4901//4901
f 4904//4904 5026//5026 4902//4902
f 4902//4902 5026//5026 5024//5024
f 5027//5027 4905//4905 4903//4903
f 5025//5025 5027//5027 4903//4903
f 4906//4906 5028//5028 5026//5026
f 4906//4906 5026//5026 4904//4904
f 5029//5029 4907//4907 5027//5027
f 5027//5027 4907//4907 4905//4905
f 4908//4908 5030//5030 5028//5028
f 4908//4908 5028//5028 4906//4906
f 5031//5031 4909//4909 5029//5029
f 5029//5029 4909//4909 4907//4907
f 4910//4910 5032//5032 4908//4908
f 4908//4908 5032//5032 5030//5030
f 5033//5033 4911//4911 5031//5031
f 5031//5031 4911//4911 4909//4909
f 4912//4912 5034//5034 5032//5032
f 4912//4912 5032//5032 4910//4910
f 5035//5035 4911//4911 5033//5033
f 5035//5035 4913//4913 4911//4911
f 4914//4914 5036//5036 5034//5034
f 4914//4914 5034//5034 4912//4912
f 4915//4915 5035//5035 5037//5037
f 4915//4915 4913//4913 5035//5035
f 4916//4916 5038//5038 5036//5036
f 4916//4916 5036//5036 4914//4914
f 5039//5039 4917//4917 5037//5037
f 5037//5037 4917//4917 4915//4915
f 4918//4918 5040//5040 4916//4916
f 4916//4916 5040//5040 5038//5038
f 5041//5041 4919//4919 5039//5039
f 5039//5039 4919//4919 4917//4917
f 4920//4920 5042//5042 5040//5040
f 4920//4920 5040//5040 4918//4918
f 5043//5043 4921//4921 5041//5041
f 5041//5041 4921//4921 4919//4919
f 4922//4922 5044//5044 5042//5042
f 4922//4922 5042//5042 4920//4920
f 5043//5043 4923//4923 4921//4921
f 5043//5043 5045//5045 4923//4923
f 4924//4924 5047//5047 5044//5044
f 4924//4924 5044//5044 4922//4922
f 5045//5045 4925//4925 4923//4923
f 4925//4925 5045//5045 4926//4926
f 4926//4926 5045//5045 5046//5046
f 5046//5046 5048//5048 4926//4926
f 4927//4927 5051//5051 5047//5047
f 4927//4927 5047//5047 4924//4924
f 5048//5048 4928//4928 4926//4926
f 4928//4928 5048//5048 4929//4929
f 4929//4929 5048//5048 5049//5049
f 4929//4929 5049//5049 4930//4930
f 4930//4930 5049//5049 5050//5050
f 4930//4930 5050//5050 4931//4931
f 4931//4931 5050//5050 5051//5051
f 4931//4931 5051//5051 4927//4927
f 5053//5053 5052//5052 4932//4932
f 4933//4933 5053//5053 4932//4932
f 4933//4933 5054//5054 5053//5053
f 5055//5055 4933//4933 4934//4934
f 5055//5055 5054//5054 4933//4933
f 5056//5056 4934//4934 4935//4935
f 5056//5056 5055//5055 4934//4934
f 5057//5057 4935//4935 4936//4936
f 5057//5057 5056//5056 4935//4935
f 5058//5058 4936//4936 4937//4937
f 5058//5058 5057//5057 4936//4936
f 4937//4937 5059//5059 5058//5058
f 5061//5061 5060//5060 4939//4939
f 4939//4939 5060//5060 4938//4938
f 5052//5052 4939//4939 4940//4940
f 5052//5052 5061//5061 4939//4939
f 4940//4940 4932//4932 5052//5052
f 4941//4941 5059//5059 4937//4937
f 4941//4941 4942//4942 5059//5059
f 5059//5059 4942//4942 5062//5062
f 5060//5060 5063//5063 4938//4938
f 4938//4938 5063//5063 4943//4943
f 4942//4942 4944//4944 5062//5062
f 5062//5062 4944//4944 5064//5064
f 5063//5063 5065//5065 4943//4943
f 4943//4943 5065//5065 4945//4945
f 4944//4944 4946//4946 5064//5064
f 4946//4946 5066//5066 5064//5064
f 5065//5065 5067//5067 4945//4945
f 4945//4945 5067//5067 4947//4947
f 4948//4948 5066//5066 4946//4946
f 4948//4948 5068//5068 5066//5066
f 5067//5067 5069//5069 4947//4947
f 4947//4947 5069//5069 4949//4949
f 4950//4950 5068//5068 4948//4948
f 4950//4950 5070//5070 5068//5068
f 5069//5069 5071//5071 4949//4949
f 4949//4949 5071//5071 4951//4951
f 4952//4952 5070//5070 4950//4950
f 4952//4952 5072//5072 5070//5070
f 5073//5073 4953//4953 4951//4951
f 5071//5071 5073//5073 4951//4951
f 4954//4954 5072//5072 4952//4952
f 4954//4954 5074//5074 5072//5072
f 5075//5075 4953//4953 5073//5073
f 5075//5075 4955//4955 4953//4953
f 4956//4956 5074//5074 4954//4954
f 4956//4956 5076//5076 5074//5074
f 5075//5075 5077//5077 4955//4955
f 4955//4955 5077//5077 4957//4957
f 4958//4958 5076//5076 4956//4956
f 4958//4958 5078//5078 5076//5076
f 5079//5079 4959//4959 4957//4957
f 5077//5077 5079//5079 4957//4957
f 4960//4960 5078//5078 4958//4958
f 4960//4960 5080//5080 5078//5078
f 5081//5081 4959//4959 5079//5079
f 5081//5081 4961//4961 4959//4959
f 4962//4962 5080//5080 4960//4960
f 4962//4962 5082//5082 5080//5080
f 5083//5083 4963//4963 4961//4961
f 5081//5081 5083//5083 4961//4961
f 4964//4964 5082//5082 4962//4962
f 4964//4964 5084//5084 5082//5082
f 5085//5085 4963//4963 5083//5083
f 5085//5085 4965//4965 4963//4963
f 4966//4966 5084//5084 4964//4964
f 4966//4966 5086//5086 5084//5084
f 5085//5085 4967//4967 4965//4965
f 5087//5087 4967//4967 5085//5085
f 4968//4968 5086//5086 4966//4966
f 4968//4968 5088//5088 5086//5086
f 5089//5089 4969//4969 4967//4967
f 5087//5087 5089//5089 4967//4967
f 5088//5088 4970//4970 5090//5090
f 5088//5088 4968//4968 4970//4970
f 5091//5091 4969//4969 5089//5089
f 5091//5091 4971//4971 4969//4969
f 4972//4972 5092//5092 4970//4970
f 4970//4970 5092//5092 5090//5090
f 5091//5091 4973//4973 4971//4971
f 5093//5093 4973//4973 5091//5091
f 5094//5094 5092//5092 4974//4974
f 4974//4974 5092//5092 4972//4972
f 5093//5093 4975//4975 4973//4973
f 5095//5095 4975//4975 5093//5093
f 4976//4976 5094//5094 4974//4974
f 4976//4976 5096//5096 5094//5094
f 5097//5097 4977//4977 4975//4975
f 5095//5095 5097//5097 4975//4975
f 4978//4978 5096//5096 4976//4976
f 4978//4978 5098//5098 5096//5096
f 5099//5099 4979//4979 5097//5097
f 5097//5097 4979//4979 4977//4977
f 4980//4980 5098//5098 4978//4978
f 4980//4980 5100//5100 5098//5098
f 5101//5101 4979//4979 5099//5099
f 5101//5101 4981//4981 4979//4979
f 5100//5100 4982//4982 5102//5102
f 5100//5100 4980//4980 4982//4982
f 5101//5101 4983//4983 4981//4981
f 5103//5103 4983//4983 5101//5101
f 5104//5104 5102//5102 4984//4984
f 4984//4984 5102//5102 4982//4982
f 5105//5105 4985//4985 4983//4983
f 5103//5103 5105//5105 4983//4983
f 5104//5104 4986//4986 5106//5106
f 5104//5104 4984//4984 4986//4986
f 5107//5107 4987//4987 5105//5105
f 5105//5105 4987//4987 4985//4985
f 5108//5108 5106//5106 4988//4988
f 4988//4988 5106//5106 4986//4986
f 5109//5109 4987//4987 5107//5107
f 5109//5109 4989//4989 4987//4987
f 5108//5108 4990//4990 5110//5110
f 5108//5108 4988//4988 4990//4990
f 5109//5109 4991//4991 4989//4989
f 5111//5111 4991//4991 5109//5109
f 4992//4992 5112//5112 5110//5110
f 4992//4992 5110//5110 4990//4990
f 5113//5113 4993//4993 4991//4991
f 5111//5111 5113//5113 4991//4991
f 5114//5114 5112//5112 4994//4994
f 4994//4994 5112//5112 4992//4992
f 5115//5115 4995//4995 5113//5113
f 5113//5113 4995//4995 4993//4993
f 5114//5114 4996//4996 5116//5116
f 5114//5114 4994//4994 4996//4996
f 5117//5117 4997//4997 5115//5115
f 5115//5115 4997//4997 4995//4995
f 4998//4998 5118//5118 5116//5116
f 4998//4998 5116//5116 4996//4996
f 5119//5119 4999//4999 5117//5117
f 5117//5117 4999//4999 4997//4997
f 5000//5000 5120//5120 5118//5118
f 5000//5000 5118//5118 4998//4998
f 5121//5121 4999//4999 5119//5119
f 5121//5121 5001//5001 4999//4999
f 5002//5002 5122//5122 5000//5000
f 5000//5000 5122//5122 5120//5120
f 5123//5123 5003//5003 5001//5001
f 5121//5121 5123//5123 5001//5001
f 5004//5004 5124//5124 5122//5122
f 5004//5004 5122//5122 5002//5002
f 5125//5125 5005//5005 5123//5123
f 5123//5123 5005//5005 5003//5003
f 5006//5006 5126//5126 5124//5124
f 5006//5006 5124//5124 5004//5004
f 5127//5127 5007//5007 5125//5125
f 5125//5125 5007//5007 5005//5005
f 5008//5008 5128//5128 5006//5006
f 5006//5006 5128//5128 5126//5126
f 5129//5129 5009//5009 5127//5127
f 5127//5127 5009//5009 5007//5007
f 5010//5010 5130//5130 5128//5128
f 5010//5010 5128//5128 5008//5008
f 5131//5131 5011//5011 5129//5129
f 5129//5129 5011//5011 5009//5009
f 5012//5012 5132//5132 5010//5010
f 5010//5010 5132//5132 5130//5130
f 5133//5133 5013//5013 5131//5131
f 5131//5131 5013//5013 5011//5011
f 5014//5014 5134//5134 5132//5132
f 5014//5014 5132//5132 5012//5012
f 5135//5135 5015//5015 5013//5013
f 5133//5133 5135//5135 5013//5013
f 5016//5016 5136//5136 5014//5014
f 5014//5014 5136//5136 5134//5134
f 5137//5137 5017//5017 5135//5135
f 5135//5135 5017//5017 5015//5015
f 5018//5018 5138//5138 5136//5136
f 5018//5018 5136//5136 5016//5016
f 5139//5139 5019//5019 5137//5137
f 5137//5137 5019//5019 5017//5017
f 5141//5141 5140//5140 5138//5138
f 5020//5020 5141//5141 5018//5018
f 5018//5018 5141//5141 5138//5138
f 5142//5142 5021//5021 5139//5139
f 5139//5139 5021//5021 5019//5019
f 5143//5143 5141//5141 5022//5022
f 5143//5143 5140//5140 5141//5141
f 5022//5022 5141//5141 5020//5020
f 5144//5144 5023//5023 5021//5021
f 5142//5142 5144//5144 5021//5021
f 5024//5024 5145//5145 5143//5143
f 5024//5024 5143//5143 5022//5022
f 5146//5146 5025//5025 5144//5144
f 5144//5144 5025//5025 5023//5023
f 5148//5148 5147//5147 5145//5145
f 5026//5026 5148//5148 5024//5024
f 5024//5024 5148//5148 5145//5145
f 5149//5149 5027//5027 5025//5025
f 5146//5146 5149//5149 5025//5025
f 5150//5150 5148//5148 5028//5028
f 5150//5150 5147//5147 5148//5148
f 5028//5028 5148//5148 5026//5026
f 5151//5151 5029//5029 5149//5149
f 5149//5149 5029//5029 5027//5027
f 5030//5030 5152//5152 5150//5150
f 5030//5030 5150//5150 5028//5028
f 5153//5153 5031//5031 5151//5151
f 5151//5151 5031//5031 5029//5029
f 5155//5155 5154//5154 5152//5152
f 5032//5032 5155//5155 5030//5030
f 5030//5030 5155//5155 5152//5152
f 5156//5156 5033//5033 5153//5153
f 5153//5153 5033//5033 5031//5031
f 5157//5157 5155//5155 5034//5034
f 5157//5157 5154//5154 5155//5155
f 5034//5034 5155//5155 5032//5032
f 5158//5158 5035//5035 5033//5033
f 5156//5156 5158//5158 5033//5033
f 5036//5036 5159//5159 5157//5157
f 5036//5036 5157//5157 5034//5034
f 5158//5158 5037//5037 5035//5035
f 5158//5158 5160//5160 5037//5037
f 5038//5038 5161//5161 5159//5159
f 5038//5038 5159//5159 5036//5036
f 5162//5162 5039//5039 5160//5160
f 5160//5160 5039//5039 5037//5037
f 5040//5040 5163//5163 5038//5038
f 5038//5038 5163//5163 5161//5161
f 5164//5164 5041//5041 5162//5162
f 5162//5162 5041//5041 5039//5039
f 5042//5042 5165//5165 5163//5163
f 5042//5042 5163//5163 5040//5040
f 5166//5166 5043//5043 5164//5164
f 5164//5164 5043//5043 5041//5041
f 5166//5166 5164//5164 5167//5167
f 5044//5044 5169//5169 5165//5165
f 5044//5044 5165//5165 5042//5042
f 5166//5166 5045//5045 5043//5043
f 5045//5045 5166//5166 5046//5046
f 5046//5046 5166//5166 5167//5167
f 5167//5167 5170//5170 5046//5046
f 5173//5173 5172//5172 5168//5168
f 5173//5173 5169//5169 5047//5047
f 5173//5173 5168//5168 5169//5169
f 5047//5047 5169//5169 5044//5044
f 5170//5170 5048//5048 5046//5046
f 5048//5048 5170//5170 5049//5049
f 5049//5049 5170//5170 5171//5171
f 5049//5049 5171//5171 5050//5050
f 5050//5050 5171//5171 5172//5172
f 5050//5050 5172//5172 5051//5051
f 5051//5051 5172//5172 5173//5173
f 5051//5051 5173//5173 5047//5047
f 5175//5175 5174//5174 5053//5053
f 5053//5053 5174//5174 5052//5052
f 5176//5176 5053//5053 5054//5054
f 5176//5176 5175//5175 5053//5053
f 5177//5177 5054//5054 5055//5055
f 5177//5177 5176//5176 5054//5054
f 5178//5178 5055//5055 5056//5056
f 5178//5178 5177//5177 5055//5055
f 5179//5179 5056//5056 5057//5057
f 5179//5179 5178//5178 5056//5056
f 5180//5180 5057//5057 5058//5058
f 5180//5180 5179//5179 5057//5057
f 5181//5181 5058//5058 5059//5059
f 5181//5181 5180//5180 5058//5058
f 5059//5059 5182//5182 5181//5181
f 5183//5183 5060//5060 5061//5061
f 5061//5061 5174//5174 5183//5183
f 5061//5061 5052//5052 5174//5174
f 5062//5062 5182//5182 5059//5059
f 5062//5062 5184//5184 5182//5182
f 5186//5186 5185//5185 5060//5060
f 5060//5060 5185//5185 5063//5063
f 5186//5186 5060//5060 5183//5183
f 5064//5064 5184//5184 5062//5062
f 5064//5064 5187//5187 5184//5184
f 5185//5185 5188//5188 5063//5063
f 5063//5063 5188//5188 5065//5065
f 5066//5066 5187//5187 5064//5064
f 5066//5066 5189//5189 5187//5187
f 5188//5188 5190//5190 5065//5065
f 5065//5065 5190//5190 5067//5067
f 5068//5068 5189//5189 5066//5066
f 5068//5068 5191//5191 5189//5189
f 5192//5192 5069//5069 5067//5067
f 5190//5190 5192//5192 5067//5067
f 5068//5068 5070//5070 5191//5191
f 5070//5070 5193//5193 5191//5191
f 5194//5194 5071//5071 5069//5069
f 5192//5192 5194//5194 5069//5069
f 5193//5193 5070//5070 5195//5195
f 5195//5195 5070//5070 5072//5072
f 5196//5196 5071//5071 5194//5194
f 5196//5196 5073//5073 5071//5071
f 5195//5195 5072//5072 5197//5197
f 5197//5197 5072//5072 5074//5074
f 5196//5196 5198//5198 5073//5073
f 5073//5073 5198//5198 5075//5075
f 5076//5076 5199//5199 5074//5074
f 5074//5074 5199//5199 5197//5197
f 5200//5200 5077//5077 5075//5075
f 5198//5198 5200//5200 5075//5075
f 5078//5078 5199//5199 5076//5076
f 5078//5078 5201//5201 5199//5199
f 5202//5202 5077//5077 5200//5200
f 5202//5202 5079//5079 5077//5077
f 5080//5080 5201//5201 5078//5078
f 5080//5080 5203//5203 5201//5201
f 5204//5204 5081//5081 5079//5079
f 5202//5202 5204//5204 5079//5079
f 5082//5082 5203//5203 5080//5080
f 5082//5082 5205//5205 5203//5203
f 5206//5206 5081//5081 5204//5204
f 5206//5206 5083//5083 5081//5081
f 5084//5084 5205//5205 5082//5082
f 5084//5084 5207//5207 5205//5205
f 5208//5208 5085//5085 5083//5083
f 5206//5206 5208//5208 5083//5083
f 5086//5086 5207//5207 5084//5084
f 5086//5086 5209//5209 5207//5207
f 5210//5210 5085//5085 5208//5208
f 5210//5210 5087//5087 5085//5085
f 5209//5209 5088//5088 5211//5211
f 5209//5209 5086//5086 5088//5088
f 5210//5210 5089//5089 5087//5087
f 5212//5212 5089//5089 5210//5210
f 5213//5213 5211//5211 5090//5090
f 5090//5090 5211//5211 5088//5088
f 5214//5214 5091//5091 5089//5089
f 5212//5212 5214//5214 5089//5089
f 5092//5092 5213//5213 5090//5090
f 5092//5092 5215//5215 5213//5213
f 5216//5216 5093//5093 5214//5214
f 5214//5214 5093//5093 5091//5091
f 5094//5094 5215//5215 5092//5092
f 5094//5094 5217//5217 5215//5215
f 5218//5218 5093//5093 5216//5216
f 5218//5218 5095//5095 5093//5093
f 5096//5096 5217//5217 5094//5094
f 5096//5096 5219//5219 5217//5217
f 5218//5218 5097//5097 5095//5095
f 5220//5220 5097//5097 5218//5218
f 5219//5219 5098//5098 5221//5221
f 5219//5219 5096//5096 5098//5098
f 5220//5220 5099//5099 5097//5097
f 5222//5222 5099//5099 5220//5220
f 5100//5100 5223//5223 5098//5098
f 5098//5098 5223//5223 5221//5221
f 5224//5224 5101//5101 5099//5099
f 5222//5222 5224//5224 5099//5099
f 5225//5225 5223//5223 5102//5102
f 5102//5102 5223//5223 5100//5100
f 5226//5226 5103//5103 5224//5224
f 5224//5224 5103//5103 5101//5101
f 5225//5225 5104//5104 5227//5227
f 5225//5225 5102//5102 5104//5104
f 5228//5228 5103//5103 5226//5226
f 5228//5228 5105//5105 5103//5103
f 5229//5229 5227//5227 5106//5106
f 5106//5106 5227//5227 5104//5104
f 5228//5228 5107//5107 5105//5105
f 5230//5230 5107//5107 5228//5228
f 5229//5229 5108//5108 5231//5231
f 5229//5229 5106//5106 5108//5108
f 5232//5232 5109//5109 5107//5107
f 5230//5230 5232//5232 5107//5107
f 5110//5110 5233//5233 5231//5231
f 5110//5110 5231//5231 5108//5108
f 5234//5234 5111//5111 5232//5232
f 5232//5232 5111//5111 5109//5109
f 5235//5235 5233//5233 5112//5112
f 5112//5112 5233//5233 5110//5110
f 5236//5236 5113//5113 5234//5234
f 5234//5234 5113//5113 5111//5111
f 5235//5235 5114//5114 5237//5237
f 5235//5235 5112//5112 5114//5114
f 5238//5238 5115//5115 5236//5236
f 5236//5236 5115//5115 5113//5113
f 5116//5116 5239//5239 5237//5237
f 5116//5116 5237//5237 5114//5114
f 5240//5240 5117//5117 5238//5238
f 5238//5238 5117//5117 5115//5115
f 5118//5118 5241//5241 5239//5239
f 5118//5118 5239//5239 5116//5116
f 5242//5242 5119//5119 5240//5240
f 5240//5240 5119//5119 5117//5117
f 5120//5120 5243//5243 5241//5241
f 5120//5120 5241//5241 5118//5118
f 5244//5244 5121//5121 5119//5119
f 5242//5242 5244//5244 5119//5119
f 5122//5122 5245//5245 5120//5120
f 5120//5120 5245//5245 5243//5243
f 5246//5246 5123//5123 5244//5244
f 5244//5244 5123//5123 5121//5121
f 5124//5124 5247//5247 5245//5245
f 5124//5124 5245//5245 5122//5122
f 5248//5248 5125//5125 5246//5246
f 5246//5246 5125//5125 5123//5123
f 5126//5126 5249//5249 5247//5247
f 5126//5126 5247//5247 5124//5124
f 5250//5250 5127//5127 5248//5248
f 5248//5248 5127//5127 5125//5125
f 5128//5128 5251//5251 5126//5126
f 5126//5126 5251//5251 5249//5249
f 5252//5252 5129//5129 5250//5250
f 5250//5250 5129//5129 5127//5127
f 5130//5130 5253//5253 5251//5251
f 5130//5130 5251//5251 5128//5128
f 5254//5254 5131//5131 5252//5252
f 5252//5252 5131//5131 5129//5129
f 5256//5256 5255//5255 5253//5253
f 5132//5132 5256//5256 5130//5130
f 5130//5130 5256//5256 5253//5253
f 5257//5257 5133//5133 5254//5254
f 5254//5254 5133//5133 5131//5131
f 5258//5258 5256//5256 5134//5134
f 5258//5258 5255//5255 5256//5256
f 5134//5134 5256//5256 5132//5132
f 5259//5259 5135//5135 5133//5133
f 5257//5257 5259//5259 5133//5133
f 5257//5257 5260//5260 5259//5259
f 5262//5262 5261//5261 5258//5258
f 5136//5136 5262//5262 5134//5134
f 5134//5134 5262//5262 5258//5258
f 5263//5263 5137//5137 5259//5259
f 5259//5259 5137//5137 5135//5135
f 5259//5259 5260//5260 5263//5263
f 5265//5265 5264//5264 5261//5261
f 5265//5265 5262//5262 5138//5138
f 5265//5265 5261//5261 5262//5262
f 5138//5138 5262//5262 5136//5136
f 5266//5266 5139//5139 5263//5263
f 5263//5263 5139//5139 5137//5137
f 5267//5267 5265//5265 5140//5140
f 5267//5267 5264//5264 5265//5265
f 5140//5140 5265//5265 5138//5138
f 5268//5268 5142//5142 5266//5266
f 5266//5266 5142//5142 5139//5139
f 5270//5270 5269//5269 5267//5267
f 5143//5143 5270//5270 5140//5140
f 5140//5140 5270//5270 5267//5267
f 5271//5271 5144//5144 5142//5142
f 5268//5268 5271//5271 5142//5142
f 5273//5273 5272//5272 5269//5269
f 5273//5273 5270//5270 5145//5145
f 5273//5273 5269//5269 5270//5270
f 5145//5145 5270//5270 5143//5143
f 5274//5274 5146//5146 5271//5271
f 5271//5271 5146//5146 5144//5144
f 5275//5275 5273//5273 5147//5147
f 5275//5275 5272//5272 5273//5273
f 5147//5147 5273//5273 5145//5145
f 5276//5276 5149//5149 5146//5146
f 5274//5274 5276//5276 5146//5146
f 5274//5274 5277//5277 5276//5276
f 5279//5279 5278//5278 5275//5275
f 5150//5150 5279//5279 5147//5147
f 5147//5147 5279//5279 5275//5275
f 5280//5280 5151//5151 5276//5276
f 5276//5276 5151//5151 5149//5149
f 5281//5281 5276//5276 5277//5277
f 5280//5280 5276//5276 5281//5281
f 5283//5283 5282//5282 5278//5278
f 5283//5283 5279//5279 5152//5152
f 5283//5283 5278//5278 5279//5279
f 5152//5152 5279//5279 5150//5150
f 5284//5284 5153//5153 5280//5280
f 5280//5280 5153//5153 5151//5151
f 5280//5280 5281//5281 5284//5284
f 5285//5285 5283//5283 5154//5154
f 5285//5285 5282//5282 5283//5283
f 5154//5154 5283//5283 5152//5152
f 5286//5286 5156//5156 5284//5284
f 5284//5284 5156//5156 5153//5153
f 5288//5288 5287//5287 5285//5285
f 5157//5157 5288//5288 5154//5154
f 5154//5154 5288//5288 5285//5285
f 5289//5289 5158//5158 5156//5156
f 5286//5286 5289//5289 5156//5156
f 5286//5286 5290//5290 5289//5289
f 5292//5292 5291//5291 5287//5287
f 5292//5292 5288//5288 5159//5159
f 5292//5292 5287//5287 5288//5288
f 5159//5159 5288//5288 5157//5157
f 5289//5289 5160//5160 5158//5158
f 5289//5289 5293//5293 5160//5160
f 5289//5289 5290//5290 5293//5293
f 5295//5295 5294//5294 5291//5291
f 5295//5295 5292//5292 5161//5161
f 5295//5295 5291//5291 5292//5292
f 5161//5161 5292//5292 5159//5159
f 5296//5296 5162//5162 5293//5293
f 5293//5293 5162//5162 5160//5160
f 5296//5296 5293//5293 5297//5297
f 5299//5299 5298//5298 5294//5294
f 5300//5300 5294//5294 5295//5295
f 5299//5299 5294//5294 5300//5300
f 5163//5163 5300//5300 5161//5161
f 5161//5161 5300//5300 5295//5295
f 5301//5301 5164//5164 5296//5296
f 5296//5296 5164//5164 5162//5162
f 5302//5302 5296//5296 5297//5297
f 5301//5301 5296//5296 5302//5302
f 5302//5302 5297//5297 5303//5303
f 5305//5305 5304//5304 5298//5298
f 5306//5306 5298//5298 5299//5299
f 5305//5305 5298//5298 5306//5306
f 5306//5306 5300//5300 5165//5165
f 5306//5306 5299//5299 5300//5300
f 5165//5165 5300//5300 5163//5163
f 5301//5301 5167//5167 5164//5164
f 5301//5301 5307//5307 5167//5167
f 5301//5301 5302//5302 5307//5307
f 5308//5308 5302//5302 5303//5303
f 5307//5307 5302//5302 5308//5308
f 5309//5309 5303//5303 5304//5304
f 5308//5308 5303//5303 5309//5309
f 5309//5309 5305//5305 5168//5168
f 5309//5309 5304//5304 5305//5305
f 5168//5168 5305//5305 5169//5169
f 5169//5169 5305//5305 5306//5306
f 5169//5169 5306//5306 5165//5165
f 5307//5307 5170//5170 5167//5167
f 5170//5170 5307//5307 5171//5171
f 5171//5171 5307//5307 5308//5308
f 5171//5171 5308//5308 5172//5172
f 5172//5172 5308//5308 5309//5309
f 5172//5172 5309//5309 5168//5168
f 5311//5311 5310//5310 5178//5178
f 5179//5179 5312//5312 5178//5178
f 5178//5178 5312//5312 5311//5311
f 5179//5179 5313//5313 5312//5312
f 5315//5315 5314//5314 5175//5175
f 5175//5175 5314//5314 5174//5174
f 5316//5316 5175//5175 5176//5176
f 5316//5316 5315//5315 5175//5175
f 5310//5310 5176//5176 5177//5177
f 5310//5310 5316//5316 5176//5176
f 5177//5177 5178//5178 5310//5310
f 5180//5180 5313//5313 5179//5179
f 5317//5317 5180//5180 5181//5181
f 5317//5317 5313//5313 5180//5180
f 5181//5181 5182//5182 5317//5317
f 5317//5317 5182//5182 5318//5318
f 5314//5314 5319//5319 5174//5174
f 5174//5174 5319//5319 5183//5183
f 5182//5182 5184//5184 5318//5318
f 5318//5318 5184//5184 5320//5320
f 5321//5321 5185//5185 5186//5186
f 5186//5186 5319//5319 5321//5321
f 5186//5186 5183//5183 5319//5319
f 5184//5184 5187//5187 5320//5320
f 5320//5320 5187//5187 5322//5322
f 5323//5323 5188//5188 5185//5185
f 5321//5321 5323//5323 5185//5185
f 5189//5189 5322//5322 5187//5187
f 5189//5189 5324//5324 5322//5322
f 5325//5325 5190//5190 5188//5188
f 5323//5323 5325//5325 5188//5188
f 5189//5189 5191//5191 5324//5324
f 5191//5191 5326//5326 5324//5324
f 5327//5327 5190//5190 5325//5325
f 5327//5327 5192//5192 5190//5190
f 5193//5193 5326//5326 5191//5191
f 5193//5193 5328//5328 5326//5326
f 5327//5327 5329//5329 5192//5192
f 5192//5192 5329//5329 5194//5194
f 5195//5195 5328//5328 5193//5193
f 5195//5195 5330//5330 5328//5328
f 5331//5331 5196//5196 5194//5194
f 5329//5329 5331//5331 5194//5194
f 5197//5197 5330//5330 5195//5195
f 5197//5197 5332//5332 5330//5330
f 5333//5333 5198//5198 5196//5196
f 5331//5331 5333//5333 5196//5196
f 5334//5334 5197//5197 5199//5199
f 5334//5334 5332//5332 5197//5197
f 5335//5335 5198//5198 5333//5333
f 5335//5335 5200//5200 5198//5198
f 5201//5201 5336//5336 5199//5199
f 5199//5199 5336//5336 5334//5334
f 5337//5337 5202//5202 5200//5200
f 5335//5335 5337//5337 5200//5200
f 5203//5203 5336//5336 5201//5201
f 5203//5203 5338//5338 5336//5336
f 5339//5339 5202//5202 5337//5337
f 5339//5339 5204//5204 5202//5202
f 5205//5205 5338//5338 5203//5203
f 5205//5205 5340//5340 5338//5338
f 5341//5341 5206//5206 5204//5204
f 5339//5339 5341//5341 5204//5204
f 5207//5207 5340//5340 5205//5205
f 5207//5207 5342//5342 5340//5340
f 5343//5343 5206//5206 5341//5341
f 5343//5343 5208//5208 5206//5206
f 5342//5342 5209//5209 5344//5344
f 5342//5342 5207//5207 5209//5209
f 5345//5345 5210//5210 5208//5208
f 5343//5343 5345//5345 5208//5208
f 5346//5346 5344//5344 5211//5211
f 5211//5211 5344//5344 5209//5209
f 5347//5347 5212//5212 5345//5345
f 5345//5345 5212//5212 5210//5210
f 5213//5213 5346//5346 5211//5211
f 5213//5213 5348//5348 5346//5346
f 5349//5349 5212//5212 5347//5347
f 5349//5349 5214//5214 5212//5212
f 5215//5215 5348//5348 5213//5213
f 5215//5215 5350//5350 5348//5348
f 5349//5349 5216//5216 5214//5214
f 5351//5351 5216//5216 5349//5349
f 5217//5217 5350//5350 5215//5215
f 5217//5217 5352//5352 5350//5350
f 5353//5353 5218//5218 5216//5216
f 5351//5351 5353//5353 5216//5216
f 5352//5352 5219//5219 5354//5354
f 5352//5352 5217//5217 5219//5219
f 5355//5355 5220//5220 5353//5353
f 5353//5353 5220//5220 5218//5218
f 5356//5356 5354//5354 5221//5221
f 5221//5221 5354//5354 5219//5219
f 5357//5357 5222//5222 5355//5355
f 5355//5355 5222//5222 5220//5220
f 5223//5223 5356//5356 5221//5221
f 5223//5223 5358//5358 5356//5356
f 5359//5359 5222//5222 5357//5357
f 5359//5359 5224//5224 5222//5222
f 5358//5358 5225//5225 5360//5360
f 5358//5358 5223//5223 5225//5225
f 5359//5359 5226//5226 5224//5224
f 5361//5361 5226//5226 5359//5359
f 5362//5362 5360//5360 5227//5227
f 5227//5227 5360//5360 5225//5225
f 5363//5363 5228//5228 5226//5226
f 5361//5361 5363//5363 5226//5226
f 5362//5362 5229//5229 5364//5364
f 5362//5362 5227//5227 5229//5229
f 5365//5365 5230//5230 5363//5363
f 5363//5363 5230//5230 5228//5228
f 5231//5231 5366//5366 5364//5364
f 5231//5231 5364//5364 5229//5229
f 5367//5367 5232//5232 5365//5365
f 5365//5365 5232//5232 5230//5230
f 5233//5233 5368//5368 5366//5366
f 5233//5233 5366//5366 5231//5231
f 5369//5369 5234//5234 5367//5367
f 5367//5367 5234//5234 5232//5232
f 5235//5235 5370//5370 5233//5233
f 5233//5233 5370//5370 5368//5368
f 5371//5371 5236//5236 5369//5369
f 5369//5369 5236//5236 5234//5234
f 5237//5237 5372//5372 5370//5370
f 5237//5237 5370//5370 5235//5235
f 5373//5373 5238//5238 5371//5371
f 5371//5371 5238//5238 5236//5236
f 5239//5239 5374//5374 5372//5372
f 5239//5239 5372//5372 5237//5237
f 5375//5375 5240//5240 5373//5373
f 5373//5373 5240//5240 5238//5238
f 5241//5241 5376//5376 5374//5374
f 5241//5241 5374//5374 5239//5239
f 5377//5377 5242//5242 5375//5375
f 5375//5375 5242//5242 5240//5240
f 5243//5243 5378//5378 5376//5376
f 5243//5243 5376//5376 5241//5241
f 5379//5379 5244//5244 5242//5242
f 5377//5377 5379//5379 5242//5242
f 5377//5377 5380//5380 5379//5379
f 5382//5382 5381//5381 5378//5378
f 5245//5245 5382//5382 5243//5243
f 5243//5243 5382//5382 5378//5378
f 5383//5383 5246//5246 5379//5379
f 5379//5379 5246//5246 5244//5244
f 5384//5384 5379//5379 5380//5380
f 5383//5383 5379//5379 5384//5384
f 5385//5385 5382//5382 5247//5247
f 5385//5385 5381//5381 5382//5382
f 5247//5247 5382//5382 5245//5245
f 5386//5386 5248//5248 5383//5383
f 5383//5383 5248//5248 5246//5246
f 5387//5387 5383//5383 5384//5384
f 5386//5386 5383//5383 5387//5387
f 5249//5249 5388//5388 5385//5385
f 5249//5249 5385//5385 5247//5247
f 5389//5389 5250//5250 5386//5386
f 5386//5386 5250//5250 5248//5248
f 5390//5390 5386//5386 5387//5387
f 5389//5389 5386//5386 5390//5390
f 5392//5392 5391//5391 5388//5388
f 5251//5251 5392//5392 5249//5249
f 5249//5249 5392//5392 5388//5388
f 5393//5393 5252//5252 5389//5389
f 5389//5389 5252//5252 5250//5250
f 5394//5394 5389//5389 5390//5390
f 5393//5393 5389//5389 5394//5394
f 5396//5396 5395//5395 5391//5391
f 5396//5396 5392//5392 5253//5253
f 5396//5396 5391//5391 5392//5392
f 5253//5253 5392//5392 5251//5251
f 5397//5397 5254//5254 5393//5393
f 5393//5393 5254//5254 5252//5252
f 5398//5398 5393//5393 5394//5394
f 5397//5397 5393//5393 5398//5398
f 5400//5400 5399//5399 5395//5395
f 5400//5400 5396//5396 5255//5255
f 5400//5400 5395//5395 5396//5396
f 5255//5255 5396//5396 5253//5253
f 5401//5401 5257//5257 5397//5397
f 5397//5397 5257//5257 5254//5254
f 5402//5402 5397//5397 5398//5398
f 5401//5401 5397//5397 5402//5402
f 5404//5404 5399//5399 5400//5400
f 5403//5403 5399//5399 5404//5404
f 5258//5258 5404//5404 5255//5255
f 5255//5255 5404//5404 5400//5400
f 5405//5405 5260//5260 5401//5401
f 5401//5401 5260//5260 5257//5257
f 5406//5406 5401//5401 5402//5402
f 5405//5405 5401//5401 5406//5406
f 5408//5408 5407//5407 5403//5403
f 5408//5408 5404//5404 5261//5261
f 5408//5408 5403//5403 5404//5404
f 5261//5261 5404//5404 5258//5258
f 5409//5409 5263//5263 5260//5260
f 5405//5405 5409//5409 5260//5260
f 5405//5405 5410//5410 5409//5409
f 5405//5405 5406//5406 5410//5410
f 5412//5412 5411//5411 5407//5407
f 5412//5412 5408//5408 5264//5264
f 5412//5412 5407//5407 5408//5408
f 5264//5264 5408//5408 5261//5261
f 5413//5413 5266//5266 5409//5409
f 5409//5409 5266//5266 5263//5263
f 5414//5414 5409//5409 5410//5410
f 5413//5413 5409//5409 5414//5414
f 5416//5416 5415//5415 5411//5411
f 5417//5417 5411//5411 5412//5412
f 5416//5416 5411//5411 5417//5417
f 5267//5267 5417//5417 5264//5264
f 5264//5264 5417//5417 5412//5412
f 5418//5418 5268//5268 5413//5413
f 5413//5413 5268//5268 5266//5266
f 5419//5419 5413//5413 5414//5414
f 5418//5418 5413//5413 5419//5419
f 5421//5421 5420//5420 5415//5415
f 5422//5422 5415//5415 5416//5416
f 5421//5421 5415//5415 5422//5422
f 5422//5422 5417//5417 5269//5269
f 5422//5422 5416//5416 5417//5417
f 5269//5269 5417//5417 5267//5267
f 5423//5423 5271//5271 5268//5268
f 5418//5418 5423//5423 5268//5268
f 5418//5418 5424//5424 5423//5423
f 5425//5425 5418//5418 5419//5419
f 5424//5424 5418//5418 5425//5425
f 5427//5427 5426//5426 5420//5420
f 5428//5428 5420//5420 5421//5421
f 5427//5427 5420//5420 5428//5428
f 5428//5428 5422//5422 5272//5272
f 5428//5428 5421//5421 5422//5422
f 5272//5272 5422//5422 5269//5269
f 5429//5429 5274//5274 5423//5423
f 5423//5423 5274//5274 5271//5271
f 5430//5430 5423//5423 5424//5424
f 5429//5429 5423//5423 5430//5430
f 5431//5431 5424//5424 5425//5425
f 5430//5430 5424//5424 5431//5431
f 5431//5431 5425//5425 5432//5432
f 5434//5434 5433//5433 5426//5426
f 5435//5435 5426//5426 5427//5427
f 5434//5434 5426//5426 5435//5435
f 5436//5436 5427//5427 5428//5428
f 5435//5435 5427//5427 5436//5436
f 5275//5275 5436//5436 5272//5272
f 5272//5272 5436//5436 5428//5428
f 5437//5437 5277//5277 5429//5429
f 5429//5429 5277//5277 5274//5274
f 5438//5438 5429//5429 5430//5430
f 5437//5437 5429//5429 5438//5438
f 5439//5439 5430//5430 5431//5431
f 5438//5438 5430//5430 5439//5439
f 5440//5440 5431//5431 5432//5432
f 5439//5439 5431//5431 5440//5440
f 5441//5441 5432//5432 5433//5433
f 5440//5440 5432//5432 5441//5441
f 5442//5442 5433//5433 5434//5434
f 5441//5441 5433//5433 5442//5442
f 5443//5443 5434//5434 5435//5435
f 5442//5442 5434//5434 5443//5443
f 5443//5443 5436//5436 5278//5278
f 5443//5443 5435//5435 5436//5436
f 5278//5278 5436//5436 5275//5275
f 5444//5444 5281//5281 5437//5437
f 5437//5437 5281//5281 5277//5277
f 5445//5445 5437//5437 5438//5438
f 5444//5444 5437//5437 5445//5445
f 5446//5446 5438//5438 5439//5439
f 5445//5445 5438//5438 5446//5446
f 5447//5447 5439//5439 5440//5440
f 5446//5446 5439//5439 5447//5447
f 5448//5448 5440//5440 5441//5441
f 5447//5447 5440//5440 5448//5448
f 5449//5449 5441//5441 5442//5442
f 5448//5448 5441//5441 5449//5449
f 5449//5449 5443//5443 5282//5282
f 5449//5449 5442//5442 5443//5443
f 5282//5282 5443//5443 5278//5278
f 5450//5450 5284//5284 5281//5281
f 5444//5444 5450//5450 5281//5281
f 5444//5444 5451//5451 5450//5450
f 5452//5452 5444//5444 5445//5445
f 5451//5451 5444//5444 5452//5452
f 5453//5453 5445//5445 5446//5446
f 5452//5452 5445//5445 5453//5453
f 5454//5454 5446//5446 5447//5447
f 5453//5453 5446//5446 5454//5454
f 5455//5455 5447//5447 5448//5448
f 5454//5454 5447//5447 5455//5455
f 5456//5456 5448//5448 5449//5449
f 5455//5455 5448//5448 5456//5456
f 5285//5285 5456//5456 5282//5282
f 5282//5282 5456//5456 5449//5449
f 5457//5457 5286//5286 5450//5450
f 5450//5450 5286//5286 5284//5284
f 5458//5458 5450//5450 5451//5451
f 5457//5457 5450//5450 5458//5458
f 5459//5459 5451//5451 5452//5452
f 5458//5458 5451//5451 5459//5459
f 5460//5460 5452//5452 5453//5453
f 5459//5459 5452//5452 5460//5460
f 5461//5461 5453//5453 5454//5454
f 5460//5460 5453//5453 5461//5461
f 5462//5462 5454//5454 5455//5455
f 5461//5461 5454//5454 5462//5462
f 5462//5462 5456//5456 5287//5287
f 5462//5462 5455//5455 5456//5456
f 5287//5287 5456//5456 5285//5285
f 5463//5463 5290//5290 5457//5457
f 5457//5457 5290//5290 5286//5286
f 5464//5464 5457//5457 5458//5458
f 5463//5463 5457//5457 5464//5464
f 5465//5465 5458//5458 5459//5459
f 5464//5464 5458//5458 5465//5465
f 5466//5466 5459//5459 5460//5460
f 5465//5465 5459//5459 5466//5466
f 5467//5467 5460//5460 5461//5461
f 5466//5466 5460//5460 5467//5467
f 5467//5467 5462//5462 5291//5291
f 5467//5467 5461//5461 5462//5462
f 5291//5291 5462//5462 5287//5287
f 5468//5468 5293//5293 5463//5463
f 5463//5463 5293//5293 5290//5290
f 5469//5469 5463//5463 5464//5464
f 5468//5468 5463//5463 5469//5469
f 5470//5470 5464//5464 5465//5465
f 5469//5469 5464//5464 5470//5470
f 5471//5471 5465//5465 5466//5466
f 5470//5470 5465//5465 5471//5471
f 5471//5471 5467//5467 5294//5294
f 5471//5471 5466//5466 5467//5467
f 5294//5294 5467//5467 5291//5291
f 5468//5468 5297//5297 5293//5293
f 5468//5468 5472//5472 5297//5297
f 5468//5468 5469//5469 5472//5472
f 5473//5473 5469//5469 5470//5470
f 5472//5472 5469//5469 5473//5473
f 5473//5473 5471//5471 5298//5298
f 5473//5473 5470//5470 5471//5471
f 5298//5298 5471//5471 5294//5294
f 5472//5472 5303//5303 5297//5297
f 5303//5303 5472//5472 5304//5304
f 5304//5304 5472//5472 5473//5473
f 5304//5304 5473//5473 5298//5298
f 5475//5475 5474//5474 5311//5311
f 5311//5311 5474//5474 5310//5310
f 5476//5476 5311//5311 5312//5312
f 5476//5476 5475//5475 5311//5311
f 5477//5477 5312//5312 5313//5313
f 5477//5477 5476//5476 5312//5312
f 5317//5317 5478//5478 5313//5313
f 5313//5313 5478//5478 5477//5477
f 5317//5317 5479//5479 5478//5478
f 5481//5481 5480//5480 5315//5315
f 5315//5315 5480//5480 5314//5314
f 5482//5482 5315//5315 5316//5316
f 5482//5482 5481//5481 5315//5315
f 5474//5474 5316//5316 5310//5310
f 5474//5474 5482//5482 5316//5316
f 5318//5318 5479//5479 5317//5317
f 5318//5318 5483//5483 5479//5479
f 5480//5480 5484//5484 5314//5314
f 5314//5314 5484//5484 5319//5319
f 5320//5320 5483//5483 5318//5318
f 5320//5320 5485//5485 5483//5483
f 5484//5484 5486//5486 5319//5319
f 5319//5319 5486//5486 5321//5321
f 5322//5322 5485//5485 5320//5320
f 5322//5322 5487//5487 5485//5485
f 5486//5486 5488//5488 5321//5321
f 5321//5321 5488//5488 5323//5323
f 5322//5322 5324//5324 5487//5487
f 5324//5324 5489//5489 5487//5487
f 5488//5488 5490//5490 5323//5323
f 5323//5323 5490//5490 5325//5325
f 5326//5326 5489//5489 5324//5324
f 5326//5326 5491//5491 5489//5489
f 5490//5490 5492//5492 5325//5325
f 5325//5325 5492//5492 5327//5327
f 5328//5328 5491//5491 5326//5326
f 5328//5328 5493//5493 5491//5491
f 5494//5494 5329//5329 5327//5327
f 5492//5492 5494//5494 5327//5327
f 5330//5330 5493//5493 5328//5328
f 5330//5330 5495//5495 5493//5493
f 5496//5496 5329//5329 5494//5494
f 5496//5496 5331//5331 5329//5329
f 5332//5332 5495//5495 5330//5330
f 5332//5332 5497//5497 5495//5495
f 5496//5496 5498//5498 5331//5331
f 5331//5331 5498//5498 5333//5333
f 5334//5334 5497//5497 5332//5332
f 5334//5334 5499//5499 5497//5497
f 5500//5500 5335//5335 5333//5333
f 5498//5498 5500//5500 5333//5333
f 5334//5334 5336//5336 5499//5499
f 5499//5499 5336//5336 5501//5501
f 5502//5502 5335//5335 5500//5500
f 5502//5502 5337//5337 5335//5335
f 5338//5338 5501//5501 5336//5336
f 5338//5338 5503//5503 5501//5501
f 5504//5504 5339//5339 5337//5337
f 5502//5502 5504//5504 5337//5337
f 5340//5340 5503//5503 5338//5338
f 5340//5340 5505//5505 5503//5503
f 5506//5506 5339//5339 5504//5504
f 5506//5506 5341//5341 5339//5339
f 5342//5342 5505//5505 5340//5340
f 5342//5342 5507//5507 5505//5505
f 5508//5508 5343//5343 5341//5341
f 5506//5506 5508//5508 5341//5341
f 5342//5342 5344//5344 5507//5507
f 5507//5507 5344//5344 5509//5509
f 5510//5510 5345//5345 5508//5508
f 5508//5508 5345//5345 5343//5343
f 5346//5346 5509//5509 5344//5344
f 5346//5346 5511//5511 5509//5509
f 5512//5512 5345//5345 5510//5510
f 5512//5512 5347//5347 5345//5345
f 5348//5348 5511//5511 5346//5346
f 5348//5348 5513//5513 5511//5511
f 5514//5514 5349//5349 5347//5347
f 5512//5512 5514//5514 5347//5347
f 5350//5350 5513//5513 5348//5348
f 5350//5350 5515//5515 5513//5513
f 5516//5516 5351//5351 5514//5514
f 5514//5514 5351//5351 5349//5349
f 5515//5515 5352//5352 5517//5517
f 5515//5515 5350//5350 5352//5352
f 5518//5518 5353//5353 5516//5516
f 5516//5516 5353//5353 5351//5351
f 5519//5519 5517//5517 5354//5354
f 5354//5354 5517//5517 5352//5352
f 5520//5520 5355//5355 5518//5518
f 5518//5518 5355//5355 5353//5353
f 5356//5356 5519//5519 5354//5354
f 5356//5356 5521//5521 5519//5519
f 5522//5522 5355//5355 5520//5520
f 5522//5522 5357//5357 5355//5355
f 5521//5521 5358//5358 5523//5523
f 5521//5521 5356//5356 5358//5358
f 5524//5524 5359//5359 5357//5357
f 5522//5522 5524//5524 5357//5357
f 5525//5525 5523//5523 5360//5360
f 5360//5360 5523//5523 5358//5358
f 5526//5526 5361//5361 5524//5524
f 5524//5524 5361//5361 5359//5359
f 5525//5525 5362//5362 5527//5527
f 5525//5525 5360//5360 5362//5362
f 5528//5528 5363//5363 5526//5526
f 5526//5526 5363//5363 5361//5361
f 5364//5364 5529//5529 5527//5527
f 5364//5364 5527//5527 5362//5362
f 5530//5530 5365//5365 5528//5528
f 5528//5528 5365//5365 5363//5363
f 5366//5366 5531//5531 5529//5529
f 5366//5366 5529//5529 5364//5364
f 5532//5532 5367//5367 5530//5530
f 5530//5530 5367//5367 5365//5365
f 5368//5368 5533//5533 5531//5531
f 5368//5368 5531//5531 5366//5366
f 5534//5534 5369//5369 5532//5532
f 5532//5532 5369//5369 5367//5367
f 5370//5370 5535//5535 5368//5368
f 5368//5368 5535//5535 5533//5533
f 5536//5536 5371//5371 5534//5534
f 5534//5534 5371//5371 5369//5369
f 5372//5372 5537//5537 5535//5535
f 5372//5372 5535//5535 5370//5370
f 5538//5538 5373//5373 5536//5536
f 5536//5536 5373//5373 5371//5371
f 5374//5374 5539//5539 5537//5537
f 5374//5374 5537//5537 5372//5372
f 5540//5540 5375//5375 5538//5538
f 5538//5538 5375//5375 5373//5373
f 5376//5376 5541//5541 5539//5539
f 5376//5376 5539//5539 5374//5374
f 5542//5542 5377//5377 5540//5540
f 5540//5540 5377//5377 5375//5375
f 5378//5378 5543//5543 5541//5541
f 5378//5378 5541//5541 5376//5376
f 5544//5544 5380//5380 5542//5542
f 5542//5542 5380//5380 5377//5377
f 5544//5544 5542//5542 5545//5545
f 5381//5381 5546//5546 5543//5543
f 5381//5381 5543//5543 5378//5378
f 5547//5547 5384//5384 5544//5544
f 5544//5544 5384//5384 5380//5380
f 5548//5548 5544//5544 5545//5545
f 5547//5547 5544//5544 5548//5548
f 5551//5551 5550//5550 5546//5546
f 5385//5385 5551//5551 5381//5381
f 5381//5381 5551//5551 5546//5546
f 5552//5552 5387//5387 5547//5547
f 5547//5547 5387//5387 5384//5384
f 5553//5553 5547//5547 5548//5548
f 5552//5552 5547//5547 5553//5553
f 5553//5553 5548//5548 5554//5554
f 5557//5557 5556//5556 5549//5549
f 5558//5558 5549//5549 5550//5550
f 5557//5557 5549//5549 5558//5558
f 5558//5558 5551//5551 5388//5388
f 5558//5558 5550//5550 5551//5551
f 5388//5388 5551//5551 5385//5385
f 5559//5559 5390//5390 5552//5552
f 5552//5552 5390//5390 5387//5387
f 5560//5560 5552//5552 5553//5553
f 5559//5559 5552//5552 5560//5560
f 5561//5561 5553//5553 5554//5554
f 5560//5560 5553//5553 5561//5561
f 5562//5562 5554//5554 5555//5555
f 5561//5561 5554//5554 5562//5562
f 5562//5562 5555//5555 5563//5563
f 5565//5565 5564//5564 5556//5556
f 5566//5566 5556//5556 5557//5557
f 5565//5565 5556//5556 5566//5566
f 5566//5566 5558//5558 5391//5391
f 5566//5566 5557//5557 5558//5558
f 5391//5391 5558//5558 5388//5388
f 5567//5567 5394//5394 5559//5559
f 5559//5559 5394//5394 5390//5390
f 5568//5568 5559//5559 5560//5560
f 5567//5567 5559//5559 5568//5568
f 5569//5569 5560//5560 5561//5561
f 5568//5568 5560//5560 5569//5569
f 5570//5570 5561//5561 5562//5562
f 5569//5569 5561//5561 5570//5570
f 5571//5571 5562//5562 5563//5563
f 5570//5570 5562//5562 5571//5571
f 5572//5572 5563//5563 5564//5564
f 5571//5571 5563//5563 5572//5572
f 5573//5573 5564//5564 5565//5565
f 5572//5572 5564//5564 5573//5573
f 5573//5573 5566//5566 5395//5395
f 5573//5573 5565//5565 5566//5566
f 5395//5395 5566//5566 5391//5391
f 5574//5574 5398//5398 5567//5567
f 5567//5567 5398//5398 5394//5394
f 5575//5575 5567//5567 5568//5568
f 5574//5574 5567//5567 5575//5575
f 5576//5576 5568//5568 5569//5569
f 5575//5575 5568//5568 5576//5576
f 5577//5577 5569//5569 5570//5570
f 5576//5576 5569//5569 5577//5577
f 5578//5578 5570//5570 5571//5571
f 5577//5577 5570//5570 5578//5578
f 5579//5579 5571//5571 5572//5572
f 5578//5578 5571//5571 5579//5579
f 5579//5579 5573//5573 5399//5399
f 5579//5579 5572//5572 5573//5573
f 5399//5399 5573//5573 5395//5395
f 5580//5580 5402//5402 5574//5574
f 5574//5574 5402//5402 5398//5398
f 5581//5581 5574//5574 5575//5575
f 5580//5580 5574//5574 5581//5581
f 5582//5582 5575//5575 5576//5576
f 5581//5581 5575//5575 5582//5582
f 5583//5583 5576//5576 5577//5577
f 5582//5582 5576//5576 5583//5583
f 5584//5584 5577//5577 5578//5578
f 5583//5583 5577//5577 5584//5584
f 5585//5585 5578//5578 5579//5579
f 5584//5584 5578//5578 5585//5585
f 5403//5403 5585//5585 5399//5399
f 5399//5399 5585//5585 5579//5579
f 5586//5586 5406//5406 5580//5580
f 5580//5580 5406//5406 5402//5402
f 5587//5587 5580//5580 5581//5581
f 5586//5586 5580//5580 5587//5587
f 5588//5588 5581//5581 5582//5582
f 5587//5587 5581//5581 5588//5588
f 5589//5589 5582//5582 5583//5583
f 5588//5588 5582//5582 5589//5589
f 5590//5590 5583//5583 5584//5584
f 5589//5589 5583//5583 5590//5590
f 5590//5590 5585//5585 5407//5407
f 5590//5590 5584//5584 5585//5585
f 5407//5407 5585//5585 5403//5403
f 5591//5591 5410//5410 5406//5406
f 5586//5586 5591//5591 5406//5406
f 5586//5586 5592//5592 5591//5591
f 5593//5593 5586//5586 5587//5587
f 5592//5592 5586//5586 5593//5593
f 5594//5594 5587//5587 5588//5588
f 5593//5593 5587//5587 5594//5594
f 5595//5595 5588//5588 5589//5589
f 5594//5594 5588//5588 5595//5595
f 5595//5595 5590//5590 5411//5411
f 5595//5595 5589//5589 5590//5590
f 5411//5411 5590//5590 5407//5407
f 5596//5596 5414//5414 5591//5591
f 5591//5591 5414//5414 5410//5410
f 5597//5597 5591//5591 5592//5592
f 5596//5596 5591//5591 5597//5597
f 5598//5598 5592//5592 5593//5593
f 5597//5597 5592//5592 5598//5598
f 5599//5599 5593//5593 5594//5594
f 5598//5598 5593//5593 5599//5599
f 5599//5599 5595//5595 5415//5415
f 5599//5599 5594//5594 5595//5595
f 5415//5415 5595//5595 5411//5411
f 5600//5600 5419//5419 5596//5596
f 5596//5596 5419//5419 5414//5414
f 5601//5601 5596//5596 5597//5597
f 5600//5600 5596//5596 5601//5601
f 5602//5602 5597//5597 5598//5598
f 5601//5601 5597//5597 5602//5602
f 5602//5602 5599//5599 5420//5420
f 5602//5602 5598//5598 5599//5599
f 5420//5420 5599//5599 5415//5415
f 5603//5603 5425//5425 5600//5600
f 5600//5600 5425//5425 5419//5419
f 5604//5604 5600//5600 5601//5601
f 5603//5603 5600//5600 5604//5604
f 5604//5604 5602//5602 5426//5426
f 5604//5604 5601//5601 5602//5602
f 5426//5426 5602//5602 5420//5420
f 5603//5603 5432//5432 5425//5425
f 5432//5432 5603//5603 5433//5433
f 5433//5433 5603//5603 5604//5604
f 5433//5433 5604//5604 5426//5426
f 5606//5606 5605//5605 5474//5474
f 5475//5475 5606//5606 5474//5474
f 5475//5475 5607//5607 5606//5606
f 5608//5608 5475//5475 5476//5476
f 5608//5608 5607//5607 5475//5475
f 5609//5609 5476//5476 5477//5477
f 5609//5609 5608//5608 5476//5476
f 5610//5610 5477//5477 5478//5478
f 5610//5610 5609//5609 5477//5477
f 5478//5478 5479//5479 5610//5610
f 5610//5610 5479//5479 5611//5611
f 5613//5613 5612//5612 5481//5481
f 5481//5481 5612//5612 5480//5480
f 5605//5605 5481//5481 5482//5482
f 5605//5605 5613//5613 5481//5481
f 5482//5482 5474//5474 5605//5605
f 5479//5479 5483//5483 5611//5611
f 5611//5611 5483//5483 5614//5614
f 5612//5612 5615//5615 5480//5480
f 5480//5480 5615//5615 5484//5484
f 5483//5483 5485//5485 5614//5614
f 5614//5614 5485//5485 5616//5616
f 5615//5615 5617//5617 5484//5484
f 5484//5484 5617//5617 5486//5486
f 5487//5487 5616//5616 5485//5485
f 5487//5487 5618//5618 5616//5616
f 5617//5617 5619//5619 5486//5486
f 5486//5486 5619//5619 5488//5488
f 5487//5487 5489//5489 5618//5618
f 5618//5618 5489//5489 5620//5620
f 5619//5619 5621//5621 5488//5488
f 5488//5488 5621//5621 5490//5490
f 5491//5491 5620//5620 5489//5489
f 5491//5491 5622//5622 5620//5620
f 5623//5623 5492//5492 5490//5490
f 5621//5621 5623//5623 5490//5490
f 5493//5493 5622//5622 5491//5491
f 5493//5493 5624//5624 5622//5622
f 5625//5625 5492//5492 5623//5623
f 5625//5625 5494//5494 5492//5492
f 5495//5495 5624//5624 5493//5493
f 5495//5495 5626//5626 5624//5624
f 5625//5625 5627//5627 5494//5494
f 5494//5494 5627//5627 5496//5496
f 5497//5497 5626//5626 5495//5495
f 5497//5497 5628//5628 5626//5626
f 5629//5629 5498//5498 5496//5496
f 5627//5627 5629//5629 5496//5496
f 5499//5499 5628//5628 5497//5497
f 5499//5499 5630//5630 5628//5628
f 5631//5631 5498//5498 5629//5629
f 5631//5631 5500//5500 5498//5498
f 5632//5632 5499//5499 5501//5501
f 5632//5632 5630//5630 5499//5499
f 5633//5633 5502//5502 5500//5500
f 5631//5631 5633//5633 5500//5500
f 5503//5503 5634//5634 5501//5501
f 5501//5501 5634//5634 5632//5632
f 5635//5635 5502//5502 5633//5633
f 5635//5635 5504//5504 5502//5502
f 5505//5505 5634//5634 5503//5503
f 5505//5505 5636//5636 5634//5634
f 5637//5637 5506//5506 5504//5504
f 5635//5635 5637//5637 5504//5504
f 5507//5507 5636//5636 5505//5505
f 5507//5507 5638//5638 5636//5636
f 5639//5639 5508//5508 5637//5637
f 5637//5637 5508//5508 5506//5506
f 5507//5507 5509//5509 5638//5638
f 5638//5638 5509//5509 5640//5640
f 5641//5641 5508//5508 5639//5639
f 5641//5641 5510//5510 5508//5508
f 5511//5511 5640//5640 5509//5509
f 5511//5511 5642//5642 5640//5640
f 5643//5643 5512//5512 5510//5510
f 5641//5641 5643//5643 5510//5510
f 5513//5513 5642//5642 5511//5511
f 5513//5513 5644//5644 5642//5642
f 5645//5645 5514//5514 5643//5643
f 5643//5643 5514//5514 5512//5512
f 5644//5644 5515//5515 5646//5646
f 5644//5644 5513//5513 5515//5515
f 5647//5647 5516//5516 5645//5645
f 5645//5645 5516//5516 5514//5514
f 5648//5648 5646//5646 5517//5517
f 5517//5517 5646//5646 5515//5515
f 5649//5649 5518//5518 5647//5647
f 5647//5647 5518//5518 5516//5516
f 5648//5648 5519//5519 5650//5650
f 5648//5648 5517//5517 5519//5519
f 5651//5651 5520//5520 5649//5649
f 5649//5649 5520//5520 5518//5518
f 5521//5521 5652//5652 5519//5519
f 5519//5519 5652//5652 5650//5650
f 5653//5653 5522//5522 5520//5520
f 5651//5651 5653//5653 5520//5520
f 5654//5654 5652//5652 5523//5523
f 5523//5523 5652//5652 5521//5521
f 5655//5655 5524//5524 5653//5653
f 5653//5653 5524//5524 5522//5522
f 5654//5654 5525//5525 5656//5656
f 5654//5654 5523//5523 5525//5525
f 5657//5657 5526//5526 5655//5655
f 5655//5655 5526//5526 5524//5524
f 5527//5527 5658//5658 5656//5656
f 5527//5527 5656//5656 5525//5525
f 5659//5659 5528//5528 5657//5657
f 5657//5657 5528//5528 5526//5526
f 5529//5529 5660//5660 5658//5658
f 5529//5529 5658//5658 5527//5527
f 5661//5661 5530//5530 5659//5659
f 5659//5659 5530//5530 5528//5528
f 5531//5531 5662//5662 5660//5660
f 5531//5531 5660//5660 5529//5529
f 5663//5663 5532//5532 5661//5661
f 5661//5661 5532//5532 5530//5530
f 5533//5533 5664//5664 5662//5662
f 5533//5533 5662//5662 5531//5531
f 5665//5665 5534//5534 5663//5663
f 5663//5663 5534//5534 5532//5532
f 5667//5667 5666//5666 5664//5664
f 5535//5535 5667//5667 5533//5533
f 5533//5533 5667//5667 5664//5664
f 5668//5668 5536//5536 5665//5665
f 5665//5665 5536//5536 5534//5534
f 5670//5670 5669//5669 5666//5666
f 5670//5670 5667//5667 5537//5537
f 5670//5670 5666//5666 5667//5667
f 5537//5537 5667//5667 5535//5535
f 5671//5671 5538//5538 5668//5668
f 5668//5668 5538//5538 5536//5536
f 5671//5671 5668//5668 5672//5672
f 5674//5674 5673//5673 5669//5669
f 5674//5674 5670//5670 5539//5539
f 5674//5674 5669//5669 5670//5670
f 5539//5539 5670//5670 5537//5537
f 5675//5675 5540//5540 5671//5671
f 5671//5671 5540//5540 5538//5538
f 5676//5676 5671//5671 5672//5672
f 5675//5675 5671//5671 5676//5676
f 5676//5676 5672//5672 5677//5677
f 5680//5680 5679//5679 5673//5673
f 5680//5680 5674//5674 5541//5541
f 5680//5680 5673//5673 5674//5674
f 5541//5541 5674//5674 5539//5539
f 5681//5681 5542//5542 5675//5675
f 5675//5675 5542//5542 5540//5540
f 5682//5682 5675//5675 5676//5676
f 5681//5681 5675//5675 5682//5682
f 5683//5683 5676//5676 5677//5677
f 5682//5682 5676//5676 5683//5683
f 5683//5683 5677//5677 5684//5684
f 5688//5688 5687//5687 5678//5678
f 5689//5689 5678//5678 5679//5679
f 5688//5688 5678//5678 5689//5689
f 5689//5689 5680//5680 5543//5543
f 5689//5689 5679//5679 5680//5680
f 5543//5543 5680//5680 5541//5541
f 5681//5681 5545//5545 5542//5542
f 5681//5681 5690//5690 5545//5545
f 5681//5681 5682//5682 5690//5690
f 5691//5691 5682//5682 5683//5683
f 5690//5690 5682//5682 5691//5691
f 5692//5692 5683//5683 5684//5684
f 5691//5691 5683//5683 5692//5692
f 5693//5693 5684//5684 5685//5685
f 5692//5692 5684//5684 5693//5693
f 5694//5694 5685//5685 5686//5686
f 5693//5693 5685//5685 5694//5694
f 5695//5695 5686//5686 5687//5687
f 5694//5694 5686//5686 5695//5695
f 5696//5696 5687//5687 5688//5688
f 5695//5695 5687//5687 5696//5696
f 5696//5696 5689//5689 5546//5546
f 5696//5696 5688//5688 5689//5689
f 5546//5546 5689//5689 5543//5543
f 5697//5697 5548//5548 5690//5690
f 5690//5690 5548//5548 5545//5545
f 5698//5698 5690//5690 5691//5691
f 5697//5697 5690//5690 5698//5698
f 5699//5699 5691//5691 5692//5692
f 5698//5698 5691//5691 5699//5699
f 5700//5700 5692//5692 5693//5693
f 5699//5699 5692//5692 5700//5700
f 5701//5701 5693//5693 5694//5694
f 5700//5700 5693//5693 5701//5701
f 5701//5701 5695//5695 5549//5549
f 5701//5701 5694//5694 5695//5695
f 5549//5549 5695//5695 5550//5550
f 5550//5550 5695//5695 5696//5696
f 5550//5550 5696//5696 5546//5546
f 5697//5697 5554//5554 5548//5548
f 5554//5554 5697//5697 5555//5555
f 5555//5555 5697//5697 5698//5698
f 5698//5698 5702//5702 5555//5555
f 5698//5698 5699//5699 5702//5702
f 5703//5703 5699//5699 5700//5700
f 5702//5702 5699//5699 5703//5703
f 5703//5703 5701//5701 5556//5556
f 5703//5703 5700//5700 5701//5701
f 5556//5556 5701//5701 5549//5549
f 5702//5702 5563//5563 5555//5555
f 5563//5563 5702//5702 5564//5564
f 5564//5564 5702//5702 5703//5703
f 5564//5564 5703//5703 5556//5556
f 5705//5705 5704//5704 5606//5606
f 5606//5606 5704//5704 5605//5605
f 5706//5706 5606//5606 5607//5607
f 5706//5706 5705//5705 5606//5606
f 5707//5707 5607//5607 5608//5608
f 5707//5707 5706//5706 5607//5607
f 5708//5708 5608//5608 5609//5609
f 5708//5708 5707//5707 5608//5608
f 5709//5709 5609//5609 5610//5610
f 5709//5709 5708//5708 5609//5609
f 5610//5610 5611//5611 5709//5709
f 5709//5709 5611//5611 5710//5710
f 5711//5711 5612//5612 5613//5613
f 5613//5613 5704//5704 5711//5711
f 5613//5613 5605//5605 5704//5704
f 5611//5611 5614//5614 5710//5710
f 5710//5710 5614//5614 5712//5712
f 5713//5713 5615//5615 5612//5612
f 5711//5711 5713//5713 5612//5612
f 5614//5614 5616//5616 5712//5712
f 5712//5712 5616//5616 5714//5714
f 5715//5715 5617//5617 5615//5615
f 5713//5713 5715//5715 5615//5615
f 5616//5616 5618//5618 5714//5714
f 5618//5618 5716//5716 5714//5714
f 5717//5717 5619//5619 5617//5617
f 5715//5715 5717//5717 5617//5617
f 5620//5620 5716//5716 5618//5618
f 5620//5620 5718//5718 5716//5716
f 5719//5719 5621//5621 5619//5619
f 5717//5717 5719//5719 5619//5619
f 5622//5622 5718//5718 5620//5620
f 5622//5622 5720//5720 5718//5718
f 5721//5721 5621//5621 5719//5719
f 5721//5721 5623//5623 5621//5621
f 5624//5624 5720//5720 5622//5622
f 5624//5624 5722//5722 5720//5720
f 5723//5723 5625//5625 5623//5623
f 5721//5721 5723//5723 5623//5623
f 5626//5626 5722//5722 5624//5624
f 5626//5626 5724//5724 5722//5722
f 5725//5725 5627//5627 5625//5625
f 5723//5723 5725//5725 5625//5625
f 5628//5628 5724//5724 5626//5626
f 5628//5628 5726//5726 5724//5724
f 5727//5727 5627//5627 5725//5725
f 5727//5727 5629//5629 5627//5627
f 5630//5630 5726//5726 5628//5628
f 5630//5630 5728//5728 5726//5726
f 5729//5729 5631//5631 5629//5629
f 5727//5727 5729//5729 5629//5629
f 5632//5632 5728//5728 5630//5630
f 5632//5632 5730//5730 5728//5728
f 5731//5731 5631//5631 5729//5729
f 5731//5731 5633//5633 5631//5631
f 5632//5632 5634//5634 5730//5730
f 5730//5730 5634//5634 5732//5732
f 5733//5733 5635//5635 5633//5633
f 5731//5731 5733//5733 5633//5633
f 5636//5636 5732//5732 5634//5634
f 5636//5636 5734//5734 5732//5732
f 5735//5735 5637//5637 5733//5733
f 5733//5733 5637//5637 5635//5635
f 5734//5734 5638//5638 5736//5736
f 5734//5734 5636//5636 5638//5638
f 5737//5737 5639//5639 5735//5735
f 5735//5735 5639//5639 5637//5637
f 5738//5738 5736//5736 5640//5640
f 5640//5640 5736//5736 5638//5638
f 5739//5739 5641//5641 5639//5639
f 5737//5737 5739//5739 5639//5639
f 5642//5642 5738//5738 5640//5640
f 5642//5642 5740//5740 5738//5738
f 5741//5741 5643//5643 5739//5739
f 5739//5739 5643//5643 5641//5641
f 5740//5740 5644//5644 5742//5742
f 5740//5740 5642//5642 5644//5644
f 5743//5743 5645//5645 5741//5741
f 5741//5741 5645//5645 5643//5643
f 5744//5744 5742//5742 5646//5646
f 5646//5646 5742//5742 5644//5644
f 5745//5745 5647//5647 5743//5743
f 5743//5743 5647//5647 5645//5645
f 5744//5744 5648//5648 5746//5746
f 5744//5744 5646//5646 5648//5648
f 5747//5747 5649//5649 5745//5745
f 5745//5745 5649//5649 5647//5647
f 5748//5748 5746//5746 5650//5650
f 5650//5650 5746//5746 5648//5648
f 5749//5749 5651//5651 5747//5747
f 5747//5747 5651//5651 5649//5649
f 5748//5748 5652//5652 5750//5750
f 5748//5748 5650//5650 5652//5652
f 5751//5751 5653//5653 5651//5651
f 5749//5749 5751//5751 5651//5651
f 5654//5654 5752//5752 5652//5652
f 5652//5652 5752//5752 5750//5750
f 5753//5753 5655//5655 5751//5751
f 5751//5751 5655//5655 5653//5653
f 5656//5656 5754//5754 5752//5752
f 5656//5656 5752//5752 5654//5654
f 5755//5755 5657//5657 5753//5753
f 5753//5753 5657//5657 5655//5655
f 5658//5658 5756//5756 5754//5754
f 5658//5658 5754//5754 5656//5656
f 5757//5757 5659//5659 5755//5755
f 5755//5755 5659//5659 5657//5657
f 5660//5660 5758//5758 5756//5756
f 5660//5660 5756//5756 5658//5658
f 5759//5759 5661//5661 5757//5757
f 5757//5757 5661//5661 5659//5659
f 5662//5662 5760//5760 5758//5758
f 5662//5662 5758//5758 5660//5660
f 5761//5761 5663//5663 5759//5759
f 5759//5759 5663//5663 5661//5661
f 5761//5761 5759//5759 5762//5762
f 5664//5664 5763//5763 5760//5760
f 5664//5664 5760//5760 5662//5662
f 5764//5764 5665//5665 5761//5761
f 5761//5761 5665//5665 5663//5663
f 5765//5765 5761//5761 5762//5762
f 5764//5764 5761//5761 5765//5765
f 5666//5666 5767//5767 5763//5763
f 5666//5666 5763//5763 5664//5664
f 5768//5768 5668//5668 5764//5764
f 5764//5764 5668//5668 5665//5665
f 5769//5769 5764//5764 5765//5765
f 5768//5768 5764//5764 5769//5769
f 5769//5769 5765//5765 5770//5770
f 5774//5774 5773//5773 5766//5766
f 5774//5774 5767//5767 5669//5669
f 5774//5774 5766//5766 5767//5767
f 5669//5669 5767//5767 5666//5666
f 5768//5768 5672//5672 5668//5668
f 5768//5768 5775//5775 5672//5672
f 5768//5768 5769//5769 5775//5775
f 5776//5776 5769//5769 5770//5770
f 5775//5775 5769//5769 5776//5776
f 5777//5777 5770//5770 5771//5771
f 5776//5776 5770//5770 5777//5777
f 5777//5777 5771//5771 5778//5778
f 5780//5780 5779//5779 5772//5772
f 5781//5781 5772//5772 5773//5773
f 5780//5780 5772//5772 5781//5781
f 5781//5781 5774//5774 5673//5673
f 5781//5781 5773//5773 5774//5774
f 5673//5673 5774//5774 5669//5669
f 5775//5775 5677//5677 5672//5672
f 5775//5775 5782//5782 5677//5677
f 5775//5775 5776//5776 5782//5782
f 5783//5783 5776//5776 5777//5777
f 5782//5782 5776//5776 5783//5783
f 5784//5784 5777//5777 5778//5778
f 5783//5783 5777//5777 5784//5784
f 5785//5785 5778//5778 5779//5779
f 5784//5784 5778//5778 5785//5785
f 5785//5785 5780//5780 5678//5678
f 5785//5785 5779//5779 5780//5780
f 5678//5678 5780//5780 5679//5679
f 5679//5679 5780//5780 5781//5781
f 5679//5679 5781//5781 5673//5673
f 5782//5782 5684//5684 5677//5677
f 5684//5684 5782//5782 5685//5685
f 5685//5685 5782//5782 5783//5783
f 5685//5685 5783//5783 5686//5686
f 5686//5686 5783//5783 5784//5784
f 5686//5686 5784//5784 5687//5687
f 5687//5687 5784//5784 5785//5785
f 5687//5687 5785//5785 5678//5678
f 5787//5787 5786//5786 5705//5705
f 5705//5705 5786//5786 5704//5704
f 5788//5788 5705//5705 5706//5706
f 5788//5788 5787//5787 5705//5705
f 5789//5789 5706//5706 5707//5707
f 5789//5789 5788//5788 5706//5706
f 5790//5790 5707//5707 5708//5708
f 5790//5790 5789//5789 5707//5707
f 5791//5791 5708//5708 5709//5709
f 5791//5791 5790//5790 5708//5708
f 5709//5709 5710//5710 5791//5791
f 5791//5791 5710//5710 5792//5792
f 5786//5786 5793//5793 5704//5704
f 5704//5704 5793//5793 5711//5711
f 5710//5710 5712//5712 5792//5792
f 5792//5792 5712//5712 5794//5794
f 5793//5793 5795//5795 5711//5711
f 5711//5711 5795//5795 5713//5713
f 5712//5712 5714//5714 5794//5794
f 5794//5794 5714//5714 5796//5796
f 5795//5795 5797//5797 5713//5713
f 5713//5713 5797//5797 5715//5715
f 5714//5714 5716//5716 5796//5796
f 5796//5796 5716//5716 5798//5798
f 5797//5797 5799//5799 5715//5715
f 5715//5715 5799//5799 5717//5717
f 5718//5718 5798//5798 5716//5716
f 5718//5718 5800//5800 5798//5798
f 5799//5799 5801//5801 5717//5717
f 5717//5717 5801//5801 5719//5719
f 5720//5720 5800//5800 5718//5718
f 5720//5720 5802//5802 5800//5800
f 5803//5803 5721//5721 5719//5719
f 5801//5801 5803//5803 5719//5719
f 5722//5722 5802//5802 5720//5720
f 5722//5722 5804//5804 5802//5802
f 5805//5805 5721//5721 5803//5803
f 5805//5805 5723//5723 5721//5721
f 5724//5724 5804//5804 5722//5722
f 5724//5724 5806//5806 5804//5804
f 5807//5807 5725//5725 5723//5723
f 5805//5805 5807//5807 5723//5723
f 5726//5726 5806//5806 5724//5724
f 5726//5726 5808//5808 5806//5806
f 5809//5809 5727//5727 5725//5725
f 5807//5807 5809//5809 5725//5725
f 5728//5728 5808//5808 5726//5726
f 5728//5728 5810//5810 5808//5808
f 5811//5811 5729//5729 5809//5809
f 5809//5809 5729//5729 5727//5727
f 5730//5730 5810//5810 5728//5728
f 5730//5730 5812//5812 5810//5810
f 5813//5813 5731//5731 5729//5729
f 5811//5811 5813//5813 5729//5729
f 5730//5730 5732//5732 5812//5812
f 5812//5812 5732//5732 5814//5814
f 5815//5815 5733//5733 5813//5813
f 5813//5813 5733//5733 5731//5731
f 5734//5734 5814//5814 5732//5732
f 5734//5734 5816//5816 5814//5814
f 5817//5817 5735//5735 5815//5815
f 5815//5815 5735//5735 5733//5733
f 5734//5734 5736//5736 5816//5816
f 5816//5816 5736//5736 5818//5818
f 5819//5819 5737//5737 5817//5817
f 5817//5817 5737//5737 5735//5735
f 5738//5738 5818//5818 5736//5736
f 5738//5738 5820//5820 5818//5818
f 5821//5821 5739//5739 5737//5737
f 5819//5819 5821//5821 5737//5737
f 5820//5820 5740//5740 5822//5822
f 5820//5820 5738//5738 5740//5740
f 5823//5823 5741//5741 5821//5821
f 5821//5821 5741//5741 5739//5739
f 5824//5824 5822//5822 5742//5742
f 5742//5742 5822//5822 5740//5740
f 5825//5825 5743//5743 5823//5823
f 5823//5823 5743//5743 5741//5741
f 5824//5824 5744//5744 5826//5826
f 5824//5824 5742//5742 5744//5744
f 5827//5827 5745//5745 5825//5825
f 5825//5825 5745//5745 5743//5743
f 5746//5746 5828//5828 5826//5826
f 5746//5746 5826//5826 5744//5744
f 5829//5829 5747//5747 5827//5827
f 5827//5827 5747//5747 5745//5745
f 5748//5748 5830//5830 5746//5746
f 5746//5746 5830//5830 5828//5828
f 5831//5831 5749//5749 5829//5829
f 5829//5829 5749//5749 5747//5747
f 5750//5750 5832//5832 5830//5830
f 5750//5750 5830//5830 5748//5748
f 5833//5833 5751//5751 5749//5749
f 5831//5831 5833//5833 5749//5749
f 5835//5835 5834//5834 5832//5832
f 5752//5752 5835//5835 5750//5750
f 5750//5750 5835//5835 5832//5832
f 5836//5836 5753//5753 5833//5833
f 5833//5833 5753//5753 5751//5751
f 5836//5836 5833//5833 5837//5837
f 5839//5839 5838//5838 5834//5834
f 5839//5839 5835//5835 5754//5754
f 5839//5839 5834//5834 5835//5835
f 5754//5754 5835//5835 5752//5752
f 5840//5840 5755//5755 5836//5836
f 5836//5836 5755//5755 5753//5753
f 5841//5841 5836//5836 5837//5837
f 5840//5840 5836//5836 5841//5841
f 5843//5843 5842//5842 5838//5838
f 5843//5843 5839//5839 5756//5756
f 5843//5843 5838//5838 5839//5839
f 5756//5756 5839//5839 5754//5754
f 5844//5844 5757//5757 5840//5840
f 5840//5840 5757//5757 5755//5755
f 5845//5845 5840//5840 5841//5841
f 5844//5844 5840//5840 5845//5845
f 5847//5847 5846//5846 5842//5842
f 5847//5847 5843//5843 5758//5758
f 5847//5847 5842//5842 5843//5843
f 5758//5758 5843//5843 5756//5756
f 5848//5848 5759//5759 5844//5844
f 5844//5844 5759//5759 5757//5757
f 5849//5849 5844//5844 5845//5845
f 5848//5848 5844//5844 5849//5849
f 5849//5849 5845//5845 5850//5850
f 5853//5853 5852//5852 5846//5846
f 5853//5853 5847//5847 5760//5760
f 5853//5853 5846//5846 5847//5847
f 5760//5760 5847//5847 5758//5758
f 5848//5848 5762//5762 5759//5759
f 5848//5848 5854//5854 5762//5762
f 5848//5848 5849//5849 5854//5854
f 5855//5855 5849//5849 5850//5850
f 5854//5854 5849//5849 5855//5855
f 5855//5855 5850//5850 5856//5856
f 5860//5860 5859//5859 5851//5851
f 5861//5861 5851//5851 5852//5852
f 5860//5860 5851//5851 5861//5861
f 5861//5861 5853//5853 5763//5763
f 5861//5861 5852//5852 5853//5853
f 5763//5763 5853//5853 5760//5760
f 5862//5862 5765//5765 5854//5854
f 5854//5854 5765//5765 5762//5762
f 5863//5863 5854//5854 5855//5855
f 5862//5862 5854//5854 5863//5863
f 5864//5864 5855//5855 5856//5856
f 5863//5863 5855//5855 5864//5864
f 5865//5865 5856//5856 5857//5857
f 5864//5864 5856//5856 5865//5865
f 5866//5866 5857//5857 5858//5858
f 5865//5865 5857//5857 5866//5866
f 5867//5867 5858//5858 5859//5859
f 5866//5866 5858//5858 5867//5867
f 5867//5867 5860//5860 5766//5766
f 5867//5867 5859//5859 5860//5860
f 5766//5766 5860//5860 5767//5767
f 5767//5767 5860//5860 5861//5861
f 5767//5767 5861//5861 5763//5763
f 5862//5862 5770//5770 5765//5765
f 5770//5770 5862//5862 5771//5771
f 5771//5771 5862//5862 5863//5863
f 5863//5863 5868//5868 5771//5771
f 5863//5863 5864//5864 5868//5868
f 5869//5869 5864//5864 5865//5865
f 5868//5868 5864//5864 5869//5869
f 5869//5869 5866//5866 5772//5772
f 5869//5869 5865//5865 5866//5866
f 5772//5772 5866//5866 5773//5773
f 5773//5773 5866//5866 5867//5867
f 5773//5773 5867//5867 5766//5766
f 5868//5868 5778//5778 5771//5771
f 5778//5778 5868//5868 5779//5779
f 5779//5779 5868//5868 5869//5869
f 5779//5779 5869//5869 5772//5772
f 5871//5871 5870//5870 5787//5787
f 5787//5787 5870//5870 5786//5786
f 5872//5872 5787//5787 5788//5788
f 5872//5872 5871//5871 5787//5787
f 5873//5873 5788//5788 5789//5789
f 5873//5873 5872//5872 5788//5788
f 5874//5874 5789//5789 5790//5790
f 5874//5874 5873//5873 5789//5789
f 5875//5875 5790//5790 5791//5791
f 5875//5875 5874//5874 5790//5790
f 5876//5876 5791//5791 5792//5792
f 5876//5876 5875//5875 5791//5791
f 5792//5792 5877//5877 5876//5876
f 5870//5870 5878//5878 5786//5786
f 5786//5786 5878//5878 5793//5793
f 5794//5794 5877//5877 5792//5792
f 5794//5794 5879//5879 5877//5877
f 5878//5878 5880//5880 5793//5793
f 5793//5793 5880//5880 5795//5795
f 5796//5796 5879//5879 5794//5794
f 5796//5796 5881//5881 5879//5879
f 5880//5880 5882//5882 5795//5795
f 5795//5795 5882//5882 5797//5797
f 5798//5798 5881//5881 5796//5796
f 5798//5798 5883//5883 5881//5881
f 5882//5882 5884//5884 5797//5797
f 5797//5797 5884//5884 5799//5799
f 5800//5800 5883//5883 5798//5798
f 5800//5800 5885//5885 5883//5883
f 5886//5886 5801//5801 5799//5799
f 5884//5884 5886//5886 5799//5799
f 5802//5802 5885//5885 5800//5800
f 5802//5802 5887//5887 5885//5885
f 5888//5888 5801//5801 5886//5886
f 5888//5888 5803//5803 5801//5801
f 5804//5804 5887//5887 5802//5802
f 5804//5804 5889//5889 5887//5887
f 5890//5890 5805//5805 5803//5803
f 5888//5888 5890//5890 5803//5803
f 5806//5806 5889//5889 5804//5804
f 5806//5806 5891//5891 5889//5889
f 5892//5892 5805//5805 5890//5890
f 5892//5892 5807//5807 5805//5805
f 5808//5808 5891//5891 5806//5806
f 5808//5808 5893//5893 5891//5891
f 5894//5894 5809//5809 5807//5807
f 5892//5892 5894//5894 5807//5807
f 5810//5810 5893//5893 5808//5808
f 5810//5810 5895//5895 5893//5893
f 5896//5896 5809//5809 5894//5894
f 5896//5896 5811//5811 5809//5809
f 5895//5895 5812//5812 5897//5897
f 5895//5895 5810//5810 5812//5812
f 5898//5898 5813//5813 5811//5811
f 5896//5896 5898//5898 5811//5811
f 5899//5899 5897//5897 5814//5814
f 5814//5814 5897//5897 5812//5812
f 5900//5900 5815//5815 5898//5898
f 5898//5898 5815//5815 5813//5813
f 5816//5816 5899//5899 5814//5814
f 5816//5816 5901//5901 5899//5899
f 5902//5902 5817//5817 5900//5900
f 5900//5900 5817//5817 5815//5815
f 5816//5816 5818//5818 5901//5901
f 5901//5901 5818//5818 5903//5903
f 5904//5904 5819//5819 5902//5902
f 5902//5902 5819//5819 5817//5817
f 5903//5903 5820//5820 5905//5905
f 5903//5903 5818//5818 5820//5820
f 5906//5906 5821//5821 5819//5819
f 5904//5904 5906//5906 5819//5819
f 5907//5907 5905//5905 5822//5822
f 5822//5822 5905//5905 5820//5820
f 5908//5908 5823//5823 5906//5906
f 5906//5906 5823//5823 5821//5821
f 5907//5907 5824//5824 5909//5909
f 5907//5907 5822//5822 5824//5824
f 5910//5910 5825//5825 5908//5908
f 5908//5908 5825//5825 5823//5823
f 5826//5826 5911//5911 5909//5909
f 5826//5826 5909//5909 5824//5824
f 5912//5912 5827//5827 5910//5910
f 5910//5910 5827//5827 5825//5825
f 5828//5828 5913//5913 5911//5911
f 5828//5828 5911//5911 5826//5826
f 5914//5914 5827//5827 5912//5912
f 5914//5914 5829//5829 5827//5827
f 5830//5830 5915//5915 5828//5828
f 5828//5828 5915//5915 5913//5913
f 5914//5914 5831//5831 5829//5829
f 5916//5916 5831//5831 5914//5914
f 5832//5832 5917//5917 5915//5915
f 5832//5832 5915//5915 5830//5830
f 5918//5918 5833//5833 5831//5831
f 5916//5916 5918//5918 5831//5831
f 5834//5834 5920//5920 5917//5917
f 5834//5834 5917//5917 5832//5832
f 5918//5918 5837//5837 5833//5833
f 5918//5918 5921//5921 5837//5837
f 5923//5923 5922//5922 5919//5919
f 5923//5923 5920//5920 5838//5838
f 5923//5923 5919//5919 5920//5920
f 5838//5838 5920//5920 5834//5834
f 5924//5924 5841//5841 5921//5921
f 5921//5921 5841//5841 5837//5837
f 5924//5924 5921//5921 5925//5925
f 5928//5928 5927//5927 5922//5922
f 5928//5928 5923//5923 5842//5842
f 5928//5928 5922//5922 5923//5923
f 5842//5842 5923//5923 5838//5838
f 5929//5929 5845//5845 5924//5924
f 5924//5924 5845//5845 5841//5841
f 5930//5930 5924//5924 5925//5925
f 5929//5929 5924//5924 5930//5930
f 5930//5930 5925//5925 5931//5931
f 5934//5934 5933//5933 5926//5926
f 5935//5935 5926//5926 5927//5927
f 5934//5934 5926//5926 5935//5935
f 5935//5935 5928//5928 5846//5846
f 5935//5935 5927//5927 5928//5928
f 5846//5846 5928//5928 5842//5842
f 5929//5929 5850//5850 5845//5845
f 5929//5929 5936//5936 5850//5850
f 5929//5929 5930//5930 5936//5936
f 5937//5937 5930//5930 5931//5931
f 5936//5936 5930//5930 5937//5937
f 5938//5938 5931//5931 5932//5932
f 5937//5937 5931//5931 5938//5938
f 5939//5939 5932//5932 5933//5933
f 5938//5938 5932//5932 5939//5939
f 5939//5939 5934//5934 5851//5851
f 5939//5939 5933//5933 5934//5934
f 5851//5851 5934//5934 5852//5852
f 5852//5852 5934//5934 5935//5935
f 5852//5852 5935//5935 5846//5846
f 5936//5936 5856//5856 5850//5850
f 5856//5856 5936//5936 5857//5857
f 5857//5857 5936//5936 5937//5937
f 5857//5857 5937//5937 5858//5858
f 5858//5858 5937//5937 5938//5938
f 5858//5858 5938//5938 5859//5859
f 5859//5859 5938//5938 5939//5939
f 5859//5859 5939//5939 5851//5851
f 5940//5940 5870//5870 5871//5871
f 5871//5871 5941//5941 5940//5940
f 5871//5871 5872//5872 5941//5941
f 5942//5942 5872//5872 5873//5873
f 5942//5942 5941//5941 5872//5872
f 5943//5943 5873//5873 5874//5874
f 5943//5943 5942//5942 5873//5873
f 5944//5944 5874//5874 5875//5875
f 5944//5944 5943//5943 5874//5874
f 5945//5945 5875//5875 5876//5876
f 5945//5945 5944//5944 5875//5875
f 5876//5876 5877//5877 5945//5945
f 5945//5945 5877//5877 5946//5946
f 5948//5948 5947//5947 5870//5870
f 5870//5870 5947//5947 5878//5878
f 5948//5948 5870//5870 5940//5940
f 5877//5877 5879//5879 5946//5946
f 5946//5946 5879//5879 5949//5949
f 5947//5947 5950//5950 5878//5878
f 5878//5878 5950//5950 5880//5880
f 5879//5879 5881//5881 5949//5949
f 5949//5949 5881//5881 5951//5951
f 5950//5950 5952//5952 5880//5880
f 5880//5880 5952//5952 5882//5882
f 5883//5883 5951//5951 5881//5881
f 5883//5883 5953//5953 5951//5951
f 5954//5954 5884//5884 5882//5882
f 5952//5952 5954//5954 5882//5882
f 5885//5885 5953//5953 5883//5883
f 5885//5885 5955//5955 5953//5953
f 5956//5956 5884//5884 5954//5954
f 5956//5956 5886//5886 5884//5884
f 5887//5887 5955//5955 5885//5885
f 5887//5887 5957//5957 5955//5955
f 5958//5958 5888//5888 5886//5886
f 5956//5956 5958//5958 5886//5886
f 5889//5889 5957//5957 5887//5887
f 5889//5889 5959//5959 5957//5957
f 5960//5960 5890//5890 5958//5958
f 5958//5958 5890//5890 5888//5888
f 5891//5891 5959//5959 5889//5889
f 5891//5891 5961//5961 5959//5959
f 5962//5962 5892//5892 5890//5890
f 5960//5960 5962//5962 5890//5890
f 5893//5893 5961//5961 5891//5891
f 5893//5893 5963//5963 5961//5961
f 5964//5964 5894//5894 5962//5962
f 5962//5962 5894//5894 5892//5892
f 5895//5895 5963//5963 5893//5893
f 5895//5895 5965//5965 5963//5963
f 5966//5966 5896//5896 5894//5894
f 5964//5964 5966//5966 5894//5894
f 5895//5895 5897//5897 5965//5965
f 5965//5965 5897//5897 5967//5967
f 5968//5968 5898//5898 5966//5966
f 5966//5966 5898//5898 5896//5896
f 5899//5899 5967//5967 5897//5897
f 5899//5899 5969//5969 5967//5967
f 5970//5970 5900//5900 5968//5968
f 5968//5968 5900//5900 5898//5898
f 5969//5969 5901//5901 5971//5971
f 5969//5969 5899//5899 5901//5901
f 5972//5972 5900//5900 5970//5970
f 5972//5972 5902//5902 5900//5900
f 5973//5973 5971//5971 5903//5903
f 5903//5903 5971//5971 5901//5901
f 5972//5972 5904//5904 5902//5902
f 5974//5974 5904//5904 5972//5972
f 5903//5903 5905//5905 5973//5973
f 5973//5973 5905//5905 5975//5975
f 5974//5974 5976//5976 5904//5904
f 5904//5904 5976//5976 5906//5906
f 5975//5975 5907//5907 5977//5977
f 5975//5975 5905//5905 5907//5907
f 5976//5976 5908//5908 5906//5906
f 5978//5978 5908//5908 5976//5976
f 5909//5909 5979//5979 5977//5977
f 5909//5909 5977//5977 5907//5907
f 5978//5978 5910//5910 5908//5908
f 5980//5980 5910//5910 5978//5978
f 5911//5911 5981//5981 5979//5979
f 5911//5911 5979//5979 5909//5909
f 5980//5980 5912//5912 5910//5910
f 5982//5982 5912//5912 5980//5980
f 5913//5913 5983//5983 5981//5981
f 5913//5913 5981//5981 5911//5911
f 5984//5984 5914//5914 5912//5912
f 5982//5982 5984//5984 5912//5912
f 5986//5986 5985//5985 5983//5983
f 5915//5915 5986//5986 5913//5913
f 5913//5913 5986//5986 5983//5983
f 5987//5987 5916//5916 5984//5984
f 5984//5984 5916//5916 5914//5914
f 5989//5989 5988//5988 5985//5985
f 5989//5989 5986//5986 5917//5917
f 5989//5989 5985//5985 5986//5986
f 5917//5917 5986//5986 5915//5915
f 5990//5990 5918//5918 5987//5987
f 5987//5987 5918//5918 5916//5916
f 5990//5990 5987//5987 5991//5991
f 5919//5919 5992//5992 5988//5988
f 5919//5919 5988//5988 5920//5920
f 5920//5920 5988//5988 5989//5989
f 5920//5920 5989//5989 5917//5917
f 5990//5990 5921//5921 5918//5918
f 5990//5990 5993//5993 5921//5921
f 5990//5990 5991//5991 5993//5993
f 5993//5993 5991//5991 5994//5994
f 5922//5922 5998//5998 5992//5992
f 5922//5922 5992//5992 5919//5919
f 5993//5993 5925//5925 5921//5921
f 5993//5993 5999//5999 5925//5925
f 5993//5993 5994//5994 5999//5999
f 6000//6000 5994//5994 5995//5995
f 5999//5999 5994//5994 6000//6000
f 6001//6001 5995//5995 5996//5996
f 6000//6000 5995//5995 6001//6001
f 6001//6001 5997//5997 5926//5926
f 6001//6001 5996//5996 5997//5997
f 5926//5926 5997//5997 5927//5927
f 5927//5927 5997//5997 5998//5998
f 5927//5927 5998//5998 5922//5922
f 5999//5999 5931//5931 5925//5925
f 5931//5931 5999//5999 5932//5932
f 5932//5932 5999//5999 6000//6000
f 5932//5932 6000//6000 5933//5933
f 5933//5933 6000//6000 6001//6001
f 5933//5933 6001//6001 5926//5926
f 6003//6003 6002//6002 5944//5944
f 5944//5944 6004//6004 6003//6003
f 6006//6006 6005//6005 5941//5941
f 5941//5941 6005//6005 5940//5940
f 6007//6007 5941//5941 5942//5942
f 6007//6007 6006//6006 5941//5941
f 6002//6002 5942//5942 5943//5943
f 6002//6002 6007//6007 5942//5942
f 5943//5943 5944//5944 6002//6002
f 5945//5945 6004//6004 5944//5944
f 5945//5945 5946//5946 6004//6004
f 6004//6004 5946//5946 6008//6008
f 6009//6009 5947//5947 5948//5948
f 5948//5948 6005//6005 6009//6009
f 5948//5948 5940//5940 6005//6005
f 5946//5946 5949//5949 6008//6008
f 6008//6008 5949//5949 6010//6010
f 6011//6011 5950//5950 5947//5947
f 6009//6009 6011//6011 5947//5947
f 5949//5949 5951//5951 6010//6010
f 6010//6010 5951//5951 6012//6012
f 6013//6013 5952//5952 5950//5950
f 6011//6011 6013//6013 5950//5950
f 5953//5953 6012//6012 5951//5951
f 5953//5953 6014//6014 6012//6012
f 6015//6015 5952//5952 6013//6013
f 6015//6015 5954//5954 5952//5952
f 5955//5955 6014//6014 5953//5953
f 5955//5955 6016//6016 6014//6014
f 6017//6017 5956//5956 5954//5954
f 6015//6015 6017//6017 5954//5954
f 5957//5957 6016//6016 5955//5955
f 5957//5957 6018//6018 6016//6016
f 6019//6019 5958//5958 6017//6017
f 6017//6017 5958//5958 5956//5956
f 5959//5959 6018//6018 5957//5957
f 5959//5959 6020//6020 6018//6018
f 6021//6021 5958//5958 6019//6019
f 6021//6021 5960//5960 5958//5958
f 5961//5961 6020//6020 5959//5959
f 5961//5961 6022//6022 6020//6020
f 6023//6023 5962//5962 5960//5960
f 6021//6021 6023//6023 5960//5960
f 5963//5963 6022//6022 5961//5961
f 5963//5963 6024//6024 6022//6022
f 6025//6025 5964//5964 6023//6023
f 6023//6023 5964//5964 5962//5962
f 6024//6024 5965//5965 6026//6026
f 6024//6024 5963//5963 5965//5965
f 6027//6027 5966//5966 5964//5964
f 6025//6025 6027//6027 5964//5964
f 6025//6025 6028//6028 6027//6027
f 6029//6029 6026//6026 5967//5967
f 5967//5967 6026//6026 5965//5965
f 6030//6030 5968//5968 6027//6027
f 6027//6027 5968//5968 5966//5966
f 6031//6031 6027//6027 6028//6028
f 6030//6030 6027//6027 6031//6031
f 5969//5969 6029//6029 5967//5967
f 5969//5969 6032//6032 6029//6029
f 6033//6033 5970//5970 6030//6030
f 6030//6030 5970//5970 5968//5968
f 6034//6034 6030//6030 6031//6031
f 6033//6033 6030//6030 6034//6034
f 5969//5969 5971//5971 6032//6032
f 6032//6032 5971//5971 6035//6035
f 6036//6036 5972//5972 5970//5970
f 6033//6033 6036//6036 5970//5970
f 6033//6033 6037//6037 6036//6036
f 6038//6038 6033//6033 6034//6034
f 6037//6037 6033//6033 6038//6038
f 6035//6035 5973//5973 6039//6039
f 6035//6035 5971//5971 5973//5973
f 6040//6040 5974//5974 6036//6036
f 6036//6036 5974//5974 5972//5972
f 6041//6041 6036//6036 6037//6037
f 6040//6040 6036//6036 6041//6041
f 6042//6042 6037//6037 6038//6038
f 6041//6041 6037//6037 6042//6042
f 6042//6042 6038//6038 6043//6043
f 5975//5975 6045//6045 6039//6039
f 5975//5975 6039//6039 5973//5973
f 6046//6046 5976//5976 5974//5974
f 6040//6040 6046//6046 5974//5974
f 6040//6040 6047//6047 6046//6046
f 6048//6048 6040//6040 6041//6041
f 6047//6047 6040//6040 6048//6048
f 6049//6049 6041//6041 6042//6042
f 6048//6048 6041//6041 6049//6049
f 6050//6050 6042//6042 6043//6043
f 6049//6049 6042//6042 6050//6050
f 6050//6050 6043//6043 6051//6051
f 6053//6053 6052//6052 6044//6044
f 6053//6053 6045//6045 5977//5977
f 6053//6053 6044//6044 6045//6045
f 5977//5977 6045//6045 5975//5975
f 6054//6054 5978//5978 6046//6046
f 6046//6046 5978//5978 5976//5976
f 6055//6055 6046//6046 6047//6047
f 6054//6054 6046//6046 6055//6055
f 6056//6056 6047//6047 6048//6048
f 6055//6055 6047//6047 6056//6056
f 6057//6057 6048//6048 6049//6049
f 6056//6056 6048//6048 6057//6057
f 6058//6058 6049//6049 6050//6050
f 6057//6057 6049//6049 6058//6058
f 6059//6059 6050//6050 6051//6051
f 6058//6058 6050//6050 6059//6059
f 6059//6059 6051//6051 6060//6060
f 6064//6064 6063//6063 6052//6052
f 6064//6064 6053//6053 5979//5979
f 6064//6064 6052//6052 6053//6053
f 5979//5979 6053//6053 5977//5977
f 6065//6065 5980//5980 6054//6054
f 6054//6054 5980//5980 5978//5978
f 6066//6066 6054//6054 6055//6055
f 6065//6065 6054//6054 6066//6066
f 6067//6067 6055//6055 6056//6056
f 6066//6066 6055//6055 6067//6067
f 6068//6068 6056//6056 6057//6057
f 6067//6067 6056//6056 6068//6068
f 6069//6069 6057//6057 6058//6058
f 6068//6068 6057//6057 6069//6069
f 6070//6070 6058//6058 6059//6059
f 6069//6069 6058//6058 6070//6070
f 6071//6071 6059//6059 6060//6060
f 6070//6070 6059//6059 6071//6071
f 6072//6072 6060//6060 6061//6061
f 6071//6071 6060//6060 6072//6072
f 6073//6073 6061//6061 6062//6062
f 6072//6072 6061//6061 6073//6073
f 6074//6074 6062//6062 6063//6063
f 6073//6073 6062//6062 6074//6074
f 6074//6074 6064//6064 5981//5981
f 6074//6074 6063//6063 6064//6064
f 5981//5981 6064//6064 5979//5979
f 6075//6075 5982//5982 6065//6065
f 6065//6065 5982//5982 5980//5980
f 6076//6076 6065//6065 6066//6066
f 6075//6075 6065//6065 6076//6076
f 6077//6077 6066//6066 6067//6067
f 6076//6076 6066//6066 6077//6077
f 6078//6078 6067//6067 6068//6068
f 6077//6077 6067//6067 6078//6078
f 6079//6079 6068//6068 6069//6069
f 6078//6078 6068//6068 6079//6079
f 6080//6080 6069//6069 6070//6070
f 6079//6079 6069//6069 6080//6080
f 6081//6081 6070//6070 6071//6071
f 6080//6080 6070//6070 6081//6081
f 6082//6082 6071//6071 6072//6072
f 6081//6081 6071//6071 6082//6082
f 6083//6083 6072//6072 6073//6073
f 6082//6082 6072//6072 6083//6083
f 6083//6083 6074//6074 5983//5983
f 6083//6083 6073//6073 6074//6074
f 5983//5983 6074//6074 5981//5981
f 6084//6084 5984//5984 6075//6075
f 6075//6075 5984//5984 5982//5982
f 6085//6085 6075//6075 6076//6076
f 6084//6084 6075//6075 6085//6085
f 6086//6086 6076//6076 6077//6077
f 6085//6085 6076//6076 6086//6086
f 6087//6087 6077//6077 6078//6078
f 6086//6086 6077//6077 6087//6087
f 6088//6088 6078//6078 6079//6079
f 6087//6087 6078//6078 6088//6088
f 6089//6089 6079//6079 6080//6080
f 6088//6088 6079//6079 6089//6089
f 6090//6090 6080//6080 6081//6081
f 6089//6089 6080//6080 6090//6090
f 6091//6091 6081//6081 6082//6082
f 6090//6090 6081//6081 6091//6091
f 6091//6091 6083//6083 5985//5985
f 6091//6091 6082//6082 6083//6083
f 5985//5985 6083//6083 5983//5983
f 6092//6092 5987//5987 6084//6084
f 6084//6084 5987//5987 5984//5984
f 6093//6093 6084//6084 6085//6085
f 6092//6092 6084//6084 6093//6093
f 6094//6094 6085//6085 6086//6086
f 6093//6093 6085//6085 6094//6094
f 6095//6095 6086//6086 6087//6087
f 6094//6094 6086//6086 6095//6095
f 6096//6096 6087//6087 6088//6088
f 6095//6095 6087//6087 6096//6096
f 6097//6097 6088//6088 6089//6089
f 6096//6096 6088//6088 6097//6097
f 6098//6098 6089//6089 6090//6090
f 6097//6097 6089//6089 6098//6098
f 6098//6098 6091//6091 5988//5988
f 6098//6098 6090//6090 6091//6091
f 5988//5988 6091//6091 5985//5985
f 6092//6092 5991//5991 5987//5987
f 6092//6092 6099//6099 5991//5991
f 6092//6092 6093//6093 6099//6099
f 6100//6100 6093//6093 6094//6094
f 6099//6099 6093//6093 6100//6100
f 6101//6101 6094//6094 6095//6095
f 6100//6100 6094//6094 6101//6101
f 6102//6102 6095//6095 6096//6096
f 6101//6101 6095//6095 6102//6102
f 6103//6103 6096//6096 6097//6097
f 6102//6102 6096//6096 6103//6103
f 6103//6103 6098//6098 5992//5992
f 6103//6103 6097//6097 6098//6098
f 5992//5992 6098//6098 5988//5988
f 6099//6099 5994//5994 5991//5991
f 5994//5994 6099//6099 5995//5995
f 5995//5995 6099//6099 6100//6100
f 5995//5995 6100//6100 5996//5996
f 5996//5996 6100//6100 6101//6101
f 5996//5996 6101//6101 5997//5997
f 5997//5997 6101//6101 6102//6102
f 5997//5997 6102//6102 5998//5998
f 5998//5998 6102//6102 6103//6103
f 5998//5998 6103//6103 5992//5992
f 6105//6105 6104//6104 6002//6002
f 6003//6003 6105//6105 6002//6002
f 6003//6003 6106//6106 6105//6105
f 6003//6003 6004//6004 6106//6106
f 6106//6106 6004//6004 6107//6107
f 6109//6109 6108//6108 6006//6006
f 6006//6006 6108//6108 6005//6005
f 6104//6104 6006//6006 6007//6007
f 6104//6104 6109//6109 6006//6006
f 6007//6007 6002//6002 6104//6104
f 6004//6004 6008//6008 6107//6107
f 6107//6107 6008//6008 6110//6110
f 6108//6108 6111//6111 6005//6005
f 6005//6005 6111//6111 6009//6009
f 6008//6008 6010//6010 6110//6110
f 6110//6110 6010//6010 6112//6112
f 6111//6111 6113//6113 6009//6009
f 6009//6009 6113//6113 6011//6011
f 6112//6112 6010//6010 6114//6114
f 6012//6012 6114//6114 6010//6010
f 6113//6113 6115//6115 6011//6011
f 6011//6011 6115//6115 6013//6013
f 6012//6012 6116//6116 6114//6114
f 6012//6012 6014//6014 6116//6116
f 6117//6117 6015//6015 6013//6013
f 6115//6115 6117//6117 6013//6013
f 6016//6016 6116//6116 6014//6014
f 6016//6016 6118//6118 6116//6116
f 6119//6119 6017//6017 6117//6117
f 6117//6117 6017//6017 6015//6015
f 6018//6018 6118//6118 6016//6016
f 6018//6018 6120//6120 6118//6118
f 6121//6121 6017//6017 6119//6119
f 6121//6121 6019//6019 6017//6017
f 6020//6020 6120//6120 6018//6018
f 6020//6020 6122//6122 6120//6120
f 6123//6123 6021//6021 6019//6019
f 6121//6121 6123//6123 6019//6019
f 6022//6022 6122//6122 6020//6020
f 6022//6022 6124//6124 6122//6122
f 6125//6125 6023//6023 6123//6123
f 6123//6123 6023//6023 6021//6021
f 6124//6124 6024//6024 6126//6126
f 6124//6124 6022//6022 6024//6024
f 6127//6127 6025//6025 6125//6125
f 6125//6125 6025//6025 6023//6023
f 6128//6128 6126//6126 6026//6026
f 6026//6026 6126//6126 6024//6024
f 6129//6129 6028//6028 6127//6127
f 6127//6127 6028//6028 6025//6025
f 6029//6029 6128//6128 6026//6026
f 6029//6029 6130//6130 6128//6128
f 6131//6131 6031//6031 6129//6129
f 6129//6129 6031//6031 6028//6028
f 6130//6130 6032//6032 6132//6132
f 6130//6130 6029//6029 6032//6032
f 6133//6133 6034//6034 6131//6131
f 6131//6131 6034//6034 6031//6031
f 6133//6133 6131//6131 6134//6134
f 6035//6035 6135//6135 6132//6132
f 6035//6035 6132//6132 6032//6032
f 6136//6136 6038//6038 6133//6133
f 6133//6133 6038//6038 6034//6034
f 6137//6137 6133//6133 6134//6134
f 6136//6136 6133//6133 6137//6137
f 6137//6137 6134//6134 6138//6138
f 6039//6039 6140//6140 6135//6135
f 6039//6039 6135//6135 6035//6035
f 6136//6136 6043//6043 6038//6038
f 6136//6136 6141//6141 6043//6043
f 6136//6136 6137//6137 6141//6141
f 6142//6142 6137//6137 6138//6138
f 6141//6141 6137//6137 6142//6142
f 6142//6142 6138//6138 6143//6143
f 6044//6044 6146//6146 6139//6139
f 6044//6044 6139//6139 6045//6045
f 6045//6045 6139//6139 6140//6140
f 6045//6045 6140//6140 6039//6039
f 6141//6141 6051//6051 6043//6043
f 6141//6141 6147//6147 6051//6051
f 6141//6141 6142//6142 6147//6147
f 6148//6148 6142//6142 6143//6143
f 6147//6147 6142//6142 6148//6148
f 6149//6149 6143//6143 6144//6144
f 6148//6148 6143//6143 6149//6149
f 6150//6150 6144//6144 6145//6145
f 6149//6149 6144//6144 6150//6150
f 6150//6150 6146//6146 6052//6052
f 6150//6150 6145//6145 6146//6146
f 6052//6052 6146//6146 6044//6044
f 6147//6147 6060//6060 6051//6051
f 6060//6060 6147//6147 6061//6061
f 6061//6061 6147//6147 6148//6148
f 6061//6061 6148//6148 6062//6062
f 6062//6062 6148//6148 6149//6149
f 6062//6062 6149//6149 6063//6063
f 6063//6063 6149//6149 6150//6150
f 6063//6063 6150//6150 6052//6052
f 6151//6151 6104//6104 6105//6105
f 6105//6105 6152//6152 6151//6151
f 6105//6105 6106//6106 6152//6152
f 6106//6106 6107//6107 6152//6152
f 6152//6152 6107//6107 6153//6153
f 6154//6154 6108//6108 6109//6109
f 6109//6109 6155//6155 6154//6154
f 6109//6109 6104//6104 6155//6155
f 6155//6155 6104//6104 6151//6151
f 6107//6107 6110//6110 6153//6153
f 6153//6153 6110//6110 6156//6156
f 6157//6157 6111//6111 6108//6108
f 6154//6154 6157//6157 6108//6108
f 6110//6110 6112//6112 6156//6156
f 6156//6156 6112//6112 6158//6158
f 6159//6159 6113//6113 6111//6111
f 6157//6157 6159//6159 6111//6111
f 6114//6114 6158//6158 6112//6112
f 6114//6114 6160//6160 6158//6158
f 6161//6161 6115//6115 6113//6113
f 6159//6159 6161//6161 6113//6113
f 6160//6160 6114//6114 6162//6162
f 6116//6116 6162//6162 6114//6114
f 6163//6163 6117//6117 6161//6161
f 6161//6161 6117//6117 6115//6115
f 6118//6118 6164//6164 6116//6116
f 6116//6116 6164//6164 6162//6162
f 6165//6165 6117//6117 6163//6163
f 6165//6165 6119//6119 6117//6117
f 6120//6120 6166//6166 6118//6118
f 6118//6118 6166//6166 6164//6164
f 6167//6167 6121//6121 6119//6119
f 6165//6165 6167//6167 6119//6119
f 6122//6122 6168//6168 6120//6120
f 6120//6120 6168//6168 6166//6166
f 6169//6169 6123//6123 6167//6167
f 6167//6167 6123//6123 6121//6121
f 6124//6124 6170//6170 6122//6122
f 6122//6122 6170//6170 6168//6168
f 6171//6171 6125//6125 6169//6169
f 6169//6169 6125//6125 6123//6123
f 6172//6172 6170//6170 6126//6126
f 6126//6126 6170//6170 6124//6124
f 6173//6173 6127//6127 6171//6171
f 6171//6171 6127//6127 6125//6125
f 6172//6172 6128//6128 6174//6174
f 6172//6172 6126//6126 6128//6128
f 6175//6175 6129//6129 6173//6173
f 6173//6173 6129//6129 6127//6127
f 6130//6130 6176//6176 6128//6128
f 6128//6128 6176//6176 6174//6174
f 6177//6177 6131//6131 6175//6175
f 6175//6175 6131//6131 6129//6129
f 6177//6177 6175//6175 6178//6178
f 6132//6132 6179//6179 6176//6176
f 6132//6132 6176//6176 6130//6130
f 6177//6177 6134//6134 6131//6131
f 6177//6177 6180//6180 6134//6134
f 6177//6177 6178//6178 6180//6180
f 6180//6180 6178//6178 6181//6181
f 6135//6135 6186//6186 6179//6179
f 6135//6135 6179//6179 6132//6132
f 6180//6180 6138//6138 6134//6134
f 6180//6180 6187//6187 6138//6138
f 6180//6180 6181//6181 6187//6187
f 6188//6188 6181//6181 6182//6182
f 6187//6187 6181//6181 6188//6188
f 6189//6189 6182//6182 6183//6183
f 6188//6188 6182//6182 6189//6189
f 6190//6190 6183//6183 6184//6184
f 6189//6189 6183//6183 6190//6190
f 6190//6190 6185//6185 6139//6139
f 6190//6190 6184//6184 6185//6185
f 6139//6139 6185//6185 6140//6140
f 6140//6140 6185//6185 6186//6186
f 6140//6140 6186//6186 6135//6135
f 6187//6187 6143//6143 6138//6138
f 6143//6143 6187//6187 6144//6144
f 6144//6144 6187//6187 6188//6188
f 6144//6144 6188//6188 6145//6145
f 6145//6145 6188//6188 6189//6189
f 6145//6145 6189//6189 6146//6146
f 6146//6146 6189//6189 6190//6190
f 6146//6146 6190//6190 6139//6139
f 6191//6191 6151//6151 6152//6152
f 6153//6153 6191//6191 6152//6152
f 6193//6193 6192//6192 6155//6155
f 6155//6155 6192//6192 6154//6154
f 6194//6194 6155//6155 6151//6151
f 6194//6194 6193//6193 6155//6155
f 6194//6194 6151//6151 6191//6191
f 6195//6195 6191//6191 6153//6153
f 6156//6156 6195//6195 6153//6153
f 6192//6192 6196//6196 6154//6154
f 6154//6154 6196//6196 6157//6157
f 6197//6197 6195//6195 6156//6156
f 6158//6158 6197//6197 6156//6156
f 6196//6196 6198//6198 6157//6157
f 6157//6157 6198//6198 6159//6159
f 6158//6158 6199//6199 6197//6197
f 6158//6158 6160//6160 6199//6199
f 6200//6200 6161//6161 6159//6159
f 6198//6198 6200//6200 6159//6159
f 6162//6162 6199//6199 6160//6160
f 6162//6162 6201//6201 6199//6199
f 6202//6202 6163//6163 6200//6200
f 6200//6200 6163//6163 6161//6161
f 6164//6164 6201//6201 6162//6162
f 6164//6164 6203//6203 6201//6201
f 6204//6204 6165//6165 6163//6163
f 6202//6202 6204//6204 6163//6163
f 6166//6166 6203//6203 6164//6164
f 6166//6166 6205//6205 6203//6203
f 6206//6206 6167//6167 6204//6204
f 6204//6204 6167//6167 6165//6165
f 6205//6205 6168//6168 6207//6207
f 6205//6205 6166//6166 6168//6168
f 6208//6208 6169//6169 6206//6206
f 6206//6206 6169//6169 6167//6167
f 6170//6170 6209//6209 6168//6168
f 6168//6168 6209//6209 6207//6207
f 6210//6210 6171//6171 6208//6208
f 6208//6208 6171//6171 6169//6169
f 6210//6210 6208//6208 6211//6211
f 6172//6172 6212//6212 6170//6170
f 6170//6170 6212//6212 6209//6209
f 6213//6213 6173//6173 6210//6210
f 6210//6210 6173//6173 6171//6171
f 6214//6214 6210//6210 6211//6211
f 6213//6213 6210//6210 6214//6214
f 6174//6174 6215//6215 6212//6212
f 6174//6174 6212//6212 6172//6172
f 6216//6216 6175//6175 6213//6213
f 6213//6213 6175//6175 6173//6173
f 6217//6217 6213//6213 6214//6214
f 6216//6216 6213//6213 6217//6217
f 6217//6217 6214//6214 6218//6218
f 6220//6220 6219//6219 6215//6215
f 6176//6176 6220//6220 6174//6174
f 6174//6174 6220//6220 6215//6215
f 6216//6216 6178//6178 6175//6175
f 6216//6216 6221//6221 6178//6178
f 6216//6216 6217//6217 6221//6221
f 6222//6222 6217//6217 6218//6218
f 6221//6221 6217//6217 6222//6222
f 6222//6222 6218//6218 6223//6223
f 6226//6226 6225//6225 6219//6219
f 6226//6226 6220//6220 6179//6179
f 6226//6226 6219//6219 6220//6220
f 6179//6179 6220//6220 6176//6176
f 6221//6221 6181//6181 6178//6178
f 6181//6181 6221//6221 6182//6182
f 6182//6182 6221//6221 6222//6222
f 6182//6182 6222//6222 6183//6183
f 6183//6183 6222//6222 6223//6223
f 6183//6183 6223//6223 6184//6184
f 6184//6184 6223//6223 6224//6224
f 6184//6184 6224//6224 6185//6185
f 6185//6185 6224//6224 6225//6225
f 6185//6185 6225//6225 6186//6186
f 6186//6186 6225//6225 6226//6226
f 6186//6186 6226//6226 6179//6179
f 6227//6227 6192//6192 6193//6193
f 6193//6193 6228//6228 6227//6227
f 6193//6193 6194//6194 6228//6228
f 6229//6229 6194//6194 6191//6191
f 6229//6229 6228//6228 6194//6194
f 6191//6191 6195//6195 6229//6229
f 6229//6229 6195//6195 6230//6230
f 6231//6231 6196//6196 6192//6192
f 6227//6227 6231//6231 6192//6192
f 6195//6195 6197//6197 6230//6230
f 6230//6230 6197//6197 6232//6232
f 6233//6233 6198//6198 6196//6196
f 6231//6231 6233//6233 6196//6196
f 6232//6232 6197//6197 6234//6234
f 6199//6199 6234//6234 6197//6197
f 6235//6235 6200//6200 6233//6233
f 6233//6233 6200//6200 6198//6198
f 6201//6201 6236//6236 6199//6199
f 6199//6199 6236//6236 6234//6234
f 6237//6237 6202//6202 6235//6235
f 6235//6235 6202//6202 6200//6200
f 6203//6203 6238//6238 6201//6201
f 6201//6201 6238//6238 6236//6236
f 6239//6239 6204//6204 6202//6202
f 6237//6237 6239//6239 6202//6202
f 6237//6237 6240//6240 6239//6239
f 6205//6205 6241//6241 6203//6203
f 6203//6203 6241//6241 6238//6238
f 6242//6242 6206//6206 6239//6239
f 6239//6239 6206//6206 6204//6204
f 6243//6243 6239//6239 6240//6240
f 6242//6242 6239//6239 6243//6243
f 6207//6207 6244//6244 6241//6241
f 6207//6207 6241//6241 6205//6205
f 6245//6245 6208//6208 6242//6242
f 6242//6242 6208//6208 6206//6206
f 6246//6246 6242//6242 6243//6243
f 6245//6245 6242//6242 6246//6246
f 6209//6209 6247//6247 6207//6207
f 6207//6207 6247//6247 6244//6244
f 6245//6245 6211//6211 6208//6208
f 6245//6245 6248//6248 6211//6211
f 6245//6245 6246//6246 6248//6248
f 6248//6248 6246//6246 6249//6249
f 6251//6251 6250//6250 6247//6247
f 6212//6212 6251//6251 6209//6209
f 6209//6209 6251//6251 6247//6247
f 6252//6252 6214//6214 6248//6248
f 6248//6248 6214//6214 6211//6211
f 6253//6253 6248//6248 6249//6249
f 6252//6252 6248//6248 6253//6253
f 6253//6253 6249//6249 6254//6254
f 6256//6256 6255//6255 6250//6250
f 6256//6256 6251//6251 6215//6215
f 6256//6256 6250//6250 6251//6251
f 6215//6215 6251//6251 6212//6212
f 6252//6252 6218//6218 6214//6214
f 6252//6252 6257//6257 6218//6218
f 6252//6252 6253//6253 6257//6257
f 6258//6258 6253//6253 6254//6254
f 6257//6257 6253//6253 6258//6258
f 6259//6259 6254//6254 6255//6255
f 6258//6258 6254//6254 6259//6259
f 6259//6259 6256//6256 6219//6219
f 6259//6259 6255//6255 6256//6256
f 6219//6219 6256//6256 6215//6215
f 6257//6257 6223//6223 6218//6218
f 6223//6223 6257//6257 6224//6224
f 6224//6224 6257//6257 6258//6258
f 6224//6224 6258//6258 6225//6225
f 6225//6225 6258//6258 6259//6259
f 6225//6225 6259//6259 6219//6219
f 6260//6260 6227//6227 6228//6228
f 6229//6229 6261//6261 6228//6228
f 6228//6228 6261//6261 6260//6260
f 6230//6230 6261//6261 6229//6229
f 6262//6262 6231//6231 6227//6227
f 6260//6260 6262//6262 6227//6227
f 6263//6263 6261//6261 6230//6230
f 6232//6232 6263//6263 6230//6230
f 6264//6264 6233//6233 6231//6231
f 6262//6262 6264//6264 6231//6231
f 6234//6234 6265//6265 6232//6232
f 6232//6232 6265//6265 6263//6263
f 6266//6266 6235//6235 6264//6264
f 6264//6264 6235//6235 6233//6233
f 6236//6236 6267//6267 6234//6234
f 6234//6234 6267//6267 6265//6265
f 6268//6268 6237//6237 6266//6266
f 6266//6266 6237//6237 6235//6235
f 6238//6238 6269//6269 6236//6236
f 6236//6236 6269//6269 6267//6267
f 6270//6270 6240//6240 6268//6268
f 6268//6268 6240//6240 6237//6237
f 6270//6270 6268//6268 6271//6271
f 6273//6273 6272//6272 6269//6269
f 6241//6241 6273//6273 6238//6238
f 6238//6238 6273//6273 6269//6269
f 6274//6274 6243//6243 6270//6270
f 6270//6270 6243//6243 6240//6240
f 6275//6275 6270//6270 6271//6271
f 6274//6274 6270//6270 6275//6275
f 6275//6275 6271//6271 6276//6276
f 6277//6277 6276//6276 6272//6272
f 6277//6277 6273//6273 6244//6244
f 6277//6277 6272//6272 6273//6273
f 6244//6244 6273//6273 6241//6241
f 6278//6278 6246//6246 6274//6274
f 6274//6274 6246//6246 6243//6243
f 6279//6279 6274//6274 6275//6275
f 6278//6278 6274//6274 6279//6279
f 6280//6280 6275//6275 6276//6276
f 6279//6279 6275//6275 6280//6280
f 6281//6281 6276//6276 6277//6277
f 6280//6280 6276//6276 6281//6281
f 6247//6247 6281//6281 6244//6244
f 6244//6244 6281//6281 6277//6277
f 6278//6278 6249//6249 6246//6246
f 6278//6278 6282//6282 6249//6249
f 6278//6278 6279//6279 6282//6282
f 6283//6283 6279//6279 6280//6280
f 6282//6282 6279//6279 6283//6283
f 6283//6283 6281//6281 6250//6250
f 6283//6283 6280//6280 6281//6281
f 6250//6250 6281//6281 6247//6247
f 6282//6282 6254//6254 6249//6249
f 6254//6254 6282//6282 6255//6255
f 6255//6255 6282//6282 6283//6283
f 6255//6255 6283//6283 6250//6250
f 6284//6284 6262//6262 6260//6260
f 6261//6261 6285//6285 6260//6260
f 6260//6260 6285//6285 6284//6284
f 6263//6263 6285//6285 6261//6261
f 6286//6286 6264//6264 6262//6262
f 6284//6284 6286//6286 6262//6262
f 6284//6284 6287//6287 6286//6286
f 6288//6288 6284//6284 6285//6285
f 6287//6287 6284//6284 6288//6288
f 6265//6265 6288//6288 6263//6263
f 6263//6263 6288//6288 6285//6285
f 6289//6289 6266//6266 6286//6286
f 6286//6286 6266//6266 6264//6264
f 6290//6290 6286//6286 6287//6287
f 6289//6289 6286//6286 6290//6290
f 6291//6291 6287//6287 6288//6288
f 6290//6290 6287//6287 6291//6291
f 6267//6267 6291//6291 6265//6265
f 6265//6265 6291//6291 6288//6288
f 6292//6292 6268//6268 6289//6289
f 6289//6289 6268//6268 6266//6266
f 6293//6293 6289//6289 6290//6290
f 6292//6292 6289//6289 6293//6293
f 6294//6294 6290//6290 6291//6291
f 6293//6293 6290//6290 6294//6294
f 6269//6269 6294//6294 6267//6267
f 6267//6267 6294//6294 6291//6291
f 6292//6292 6271//6271 6268//6268
f 6292//6292 6295//6295 6271//6271
f 6292//6292 6293//6293 6295//6295
f 6295//6295 6294//6294 6272//6272
f 6295//6295 6293//6293 6294//6294
f 6272//6272 6294//6294 6269//6269
f 6295//6295 6276//6276 6271//6271
f 6276//6276 6295//6295 6272//6272

